row_index,doc_id,source_id,label_aktual,kombinasi,n_fitur,prediksi,probabilitas_AI,benar
0,0,0,0,sty+perp,2,0,0.049419061184155094,True
1,1,0,1,sty+perp,2,1,0.9973066451027138,True
2,2,1,0,sty+perp,2,0,0.0011477307740991858,True
3,3,1,1,sty+perp,2,1,0.9997500240990407,True
4,4,2,0,sty+perp,2,0,0.011648142203037625,True
5,5,2,1,sty+perp,2,1,0.9945364542994424,True
6,6,3,0,sty+perp,2,0,0.005769611884745258,True
7,7,3,1,sty+perp,2,1,0.9999555686274986,True
8,8,4,0,sty+perp,2,0,0.0011540586557233041,True
9,9,4,1,sty+perp,2,1,0.9999481678239044,True
10,10,5,0,sty+perp,2,0,0.007230142154718396,True
11,11,5,1,sty+perp,2,1,0.9950039897119807,True
12,12,6,0,sty+perp,2,0,0.00016569066510355247,True
13,13,6,1,sty+perp,2,1,0.9999668612899612,True
14,14,7,0,sty+perp,2,0,0.0028854901306834195,True
15,15,7,1,sty+perp,2,1,0.9998659013701181,True
16,16,8,0,sty+perp,2,0,0.00014261207053183235,True
17,17,8,1,sty+perp,2,1,0.9999235851033285,True
18,18,9,0,sty+perp,2,1,0.59758576103359,False
19,19,9,1,sty+perp,2,1,0.9996844368224185,True
20,20,10,0,sty+perp,2,0,0.010513101486527367,True
21,21,10,1,sty+perp,2,1,0.9978343748413828,True
22,22,11,0,sty+perp,2,0,5.878460781983711e-05,True
23,23,11,1,sty+perp,2,1,0.9968385899197892,True
24,24,12,0,sty+perp,2,0,0.0010943090078170427,True
25,25,12,1,sty+perp,2,1,0.9996963311850934,True
26,26,13,0,sty+perp,2,0,0.001072353630088057,True
27,27,13,1,sty+perp,2,1,0.9994100522451902,True
28,28,14,0,sty+perp,2,0,0.0012982441425676012,True
29,29,14,1,sty+perp,2,1,0.9999732998620372,True
30,30,15,0,sty+perp,2,0,0.0006184078947160193,True
31,31,15,1,sty+perp,2,1,0.9996993082361307,True
32,32,16,0,sty+perp,2,0,0.03461068494659499,True
33,33,16,1,sty+perp,2,1,0.9874064453606727,True
34,34,17,0,sty+perp,2,0,0.0011078666472802558,True
35,35,17,1,sty+perp,2,1,0.9999116662355575,True
36,36,18,0,sty+perp,2,0,0.044342991456455094,True
37,37,18,1,sty+perp,2,1,0.9999082689970131,True
38,38,19,0,sty+perp,2,0,0.005455941878589463,True
39,39,19,1,sty+perp,2,1,0.9980090961820474,True
40,40,20,0,sty+perp,2,0,0.0004632286367850025,True
41,41,20,1,sty+perp,2,1,0.9922051152720107,True
42,42,21,0,sty+perp,2,0,0.006978074456471443,True
43,43,21,1,sty+perp,2,1,0.9853060021642427,True
44,44,22,0,sty+perp,2,0,0.03416895013255798,True
45,45,22,1,sty+perp,2,1,0.9998821464826401,True
46,46,23,0,sty+perp,2,0,8.290080930893872e-05,True
47,47,23,1,sty+perp,2,1,0.9998969262542082,True
48,48,24,0,sty+perp,2,0,0.0152746251532705,True
49,49,24,1,sty+perp,2,1,0.9679618840809384,True
50,50,25,0,sty+perp,2,0,0.0009454444821568782,True
51,51,25,1,sty+perp,2,1,0.9998337878005463,True
52,52,26,0,sty+perp,2,0,0.0030193415911311146,True
53,53,26,1,sty+perp,2,1,0.9997466220478722,True
54,54,27,0,sty+perp,2,0,0.00012686718457240867,True
55,55,27,1,sty+perp,2,1,0.994921367166717,True
56,56,28,0,sty+perp,2,1,0.9574489498013268,False
57,57,28,1,sty+perp,2,1,0.999921616669776,True
58,58,29,0,sty+perp,2,0,0.0015439831050437002,True
59,59,29,1,sty+perp,2,1,0.9994781645660457,True
60,60,30,0,sty+perp,2,0,0.0001922546836429225,True
61,61,30,1,sty+perp,2,1,0.9996695585567625,True
62,62,31,0,sty+perp,2,0,0.0001459059727198084,True
63,63,31,1,sty+perp,2,1,0.9472039576710723,True
64,64,32,0,sty+perp,2,0,0.00233550021833013,True
65,65,32,1,sty+perp,2,0,0.0017843450697601572,False
66,66,33,0,sty+perp,2,0,5.729838619177602e-05,True
67,67,33,1,sty+perp,2,1,0.9988562260475562,True
68,68,34,0,sty+perp,2,0,0.010136801133615,True
69,69,34,1,sty+perp,2,1,0.9985950386948885,True
70,70,35,0,sty+perp,2,0,0.006192424912207322,True
71,71,35,1,sty+perp,2,1,0.9995877917201335,True
72,72,36,0,sty+perp,2,0,9.066680404421637e-05,True
73,73,36,1,sty+perp,2,1,0.9995906049896136,True
74,74,37,0,sty+perp,2,0,4.3871232628213175e-05,True
75,75,37,1,sty+perp,2,1,0.9991977086759609,True
76,76,38,0,sty+perp,2,0,0.013816629149021587,True
77,77,38,1,sty+perp,2,1,0.999777491086812,True
78,78,39,0,sty+perp,2,0,0.0014191923426272236,True
79,79,39,1,sty+perp,2,1,0.999966760286646,True
80,80,40,0,sty+perp,2,0,0.0073365942798053665,True
81,81,40,1,sty+perp,2,1,0.9923232572487809,True
82,82,41,0,sty+perp,2,0,0.00014600425919277307,True
83,83,41,1,sty+perp,2,1,0.9974923013922086,True
84,84,42,0,sty+perp,2,0,0.20150240089522614,True
85,85,42,1,sty+perp,2,1,0.9999490741763153,True
86,86,43,0,sty+perp,2,0,0.002551784502772768,True
87,87,43,1,sty+perp,2,1,0.9981701839056458,True
88,88,44,0,sty+perp,2,0,0.14924757581912174,True
89,89,44,1,sty+perp,2,1,0.9360837525978398,True
90,90,45,0,sty+perp,2,0,0.08350487402917103,True
91,91,45,1,sty+perp,2,1,0.9053623739455664,True
92,92,46,0,sty+perp,2,0,0.0009028228301037446,True
93,93,46,1,sty+perp,2,1,0.999992448648879,True
94,94,47,0,sty+perp,2,0,0.004174496031100109,True
95,95,47,1,sty+perp,2,1,0.9992283295497145,True
96,96,48,0,sty+perp,2,0,3.2311211035466794e-05,True
97,97,48,1,sty+perp,2,1,0.9015515590279859,True
98,98,49,0,sty+perp,2,0,0.0002669840473603056,True
99,99,49,1,sty+perp,2,1,0.9999304795285894,True
100,100,50,0,sty+perp,2,0,0.016975478691163625,True
101,101,50,1,sty+perp,2,1,0.9999589677959394,True
102,102,51,0,sty+perp,2,0,0.0006744008038150861,True
103,103,51,1,sty+perp,2,1,0.9999747769616969,True
104,104,52,0,sty+perp,2,0,0.00010444009560531553,True
105,105,52,1,sty+perp,2,1,0.8465441376960958,True
106,106,53,0,sty+perp,2,0,0.0015079130112575642,True
107,107,53,1,sty+perp,2,1,0.9996529122445639,True
108,108,54,0,sty+perp,2,0,0.0055243441150783865,True
109,109,54,1,sty+perp,2,1,0.5332828877760485,True
110,110,55,0,sty+perp,2,0,0.005350787313867883,True
111,111,55,1,sty+perp,2,1,0.999806235615526,True
112,112,56,0,sty+perp,2,0,5.649442976390085e-05,True
113,113,56,1,sty+perp,2,1,0.9998682201658091,True
114,114,57,0,sty+perp,2,0,0.002856530197253036,True
115,115,57,1,sty+perp,2,1,0.9996690395870712,True
116,116,58,0,sty+perp,2,0,0.01606926817753311,True
117,117,58,1,sty+perp,2,1,0.9998230332794624,True
118,118,59,0,sty+perp,2,0,0.006000014763674603,True
119,119,59,1,sty+perp,2,1,0.9999527800018596,True
120,120,60,0,sty+perp,2,0,0.00011747977875999423,True
121,121,60,1,sty+perp,2,1,0.996321459347657,True
122,122,61,0,sty+perp,2,0,0.0007316671767105229,True
123,123,61,1,sty+perp,2,1,0.9979352813449021,True
124,124,62,0,sty+perp,2,0,0.002826022525025269,True
125,125,62,1,sty+perp,2,1,0.9940321672280097,True
126,126,63,0,sty+perp,2,0,0.011514368535939639,True
127,127,63,1,sty+perp,2,1,0.9586893675985257,True
128,128,64,0,sty+perp,2,0,7.58607237762687e-05,True
129,129,64,1,sty+perp,2,1,0.8725434836902711,True
130,130,65,0,sty+perp,2,1,0.6294517844446618,False
131,131,65,1,sty+perp,2,1,0.9634942624759423,True
132,132,66,0,sty+perp,2,0,0.05629981966385854,True
133,133,66,1,sty+perp,2,1,0.9995384943228514,True
134,134,67,0,sty+perp,2,0,0.001544897408320388,True
135,135,67,1,sty+perp,2,1,0.9999489173950332,True
136,136,68,0,sty+perp,2,0,0.004309035479920301,True
137,137,68,1,sty+perp,2,1,0.9839345262687502,True
138,138,69,0,sty+perp,2,0,0.02603300969695046,True
139,139,69,1,sty+perp,2,1,0.985802067248832,True
140,140,70,0,sty+perp,2,0,0.0013722568542443524,True
141,141,70,1,sty+perp,2,1,0.9941901932803614,True
142,142,71,0,sty+perp,2,0,7.671082852565008e-06,True
143,143,71,1,sty+perp,2,1,0.9999620613807726,True
144,144,72,0,sty+perp,2,0,0.0015746689806172224,True
145,145,72,1,sty+perp,2,1,0.9970421559024512,True
146,146,73,1,sty+perp,2,1,0.9995499905214302,True
147,147,74,0,sty+perp,2,0,2.70399614561551e-05,True
148,148,74,1,sty+perp,2,1,0.9999529943097013,True
149,149,75,0,sty+perp,2,0,0.00101637520506536,True
150,150,75,1,sty+perp,2,1,0.9978449888758413,True
151,151,76,0,sty+perp,2,0,0.002917711176057351,True
152,152,76,1,sty+perp,2,1,0.9995292272420374,True
153,153,77,0,sty+perp,2,0,0.03551409421818899,True
154,154,77,1,sty+perp,2,1,0.987621427320221,True
155,155,78,0,sty+perp,2,0,0.050344937714358204,True
156,156,78,1,sty+perp,2,0,0.015074723079572045,False
157,157,79,0,sty+perp,2,0,0.37620412446582296,True
158,158,79,1,sty+perp,2,1,0.6549537218708329,True
159,159,80,0,sty+perp,2,0,0.00031258799490575296,True
160,160,80,1,sty+perp,2,1,0.8983628701208897,True
161,161,81,0,sty+perp,2,0,0.00016911224025316674,True
162,162,81,1,sty+perp,2,1,0.9999648666740419,True
163,163,82,0,sty+perp,2,0,0.0006656493638115252,True
164,164,82,1,sty+perp,2,1,0.9999866256305502,True
165,165,83,0,sty+perp,2,0,0.00027884194998730854,True
166,166,83,1,sty+perp,2,1,0.9541567777527372,True
167,167,84,0,sty+perp,2,0,0.00020231785136581734,True
168,168,84,1,sty+perp,2,1,0.9996870127824927,True
169,169,85,0,sty+perp,2,0,0.0010521206220273482,True
170,170,85,1,sty+perp,2,1,0.9961678848195714,True
171,171,86,0,sty+perp,2,0,0.1478092661187996,True
172,172,86,1,sty+perp,2,1,0.9999345234770894,True
173,173,87,0,sty+perp,2,0,5.721866931272035e-05,True
174,174,87,1,sty+perp,2,1,0.9999000995290527,True
175,175,88,0,sty+perp,2,0,0.016279519105241124,True
176,176,88,1,sty+perp,2,1,0.9731144128757341,True
177,177,89,0,sty+perp,2,0,0.000669013023378731,True
178,178,89,1,sty+perp,2,1,0.9985057767946791,True
179,179,90,0,sty+perp,2,0,0.0006802477996893223,True
180,180,90,1,sty+perp,2,1,0.9007976280197153,True
181,181,91,0,sty+perp,2,0,0.027938443488352897,True
182,182,91,1,sty+perp,2,1,0.998339214118205,True
183,183,92,0,sty+perp,2,0,0.014074625918129892,True
184,184,92,1,sty+perp,2,1,0.9998881383891897,True
185,185,93,0,sty+perp,2,0,0.0010287231492787118,True
186,186,93,1,sty+perp,2,1,0.9997784287437593,True
187,187,94,0,sty+perp,2,0,0.02060112948529125,True
188,188,94,1,sty+perp,2,1,0.9989544804833606,True
189,189,95,0,sty+perp,2,0,0.0002177606304092383,True
190,190,95,1,sty+perp,2,1,0.976881932025243,True
191,191,96,0,sty+perp,2,0,2.307306810449155e-05,True
192,192,96,1,sty+perp,2,1,0.9999403334180305,True
193,193,97,0,sty+perp,2,0,0.0023689527441007746,True
194,194,97,1,sty+perp,2,1,0.9999818868527117,True
195,195,98,0,sty+perp,2,0,5.733935433893124e-05,True
196,196,98,1,sty+perp,2,1,0.9934899487139047,True
197,197,99,0,sty+perp,2,0,0.00014052486432109478,True
198,198,99,1,sty+perp,2,1,0.9998757430135006,True
199,199,100,0,sty+perp,2,0,1.0502067118072546e-05,True
200,200,100,1,sty+perp,2,1,0.9998953136141551,True
201,201,101,0,sty+perp,2,0,0.0003029010380412678,True
202,202,101,1,sty+perp,2,1,0.9988022412993288,True
203,203,102,0,sty+perp,2,0,2.976090486098598e-05,True
204,204,102,1,sty+perp,2,1,0.9996408037513528,True
205,205,103,0,sty+perp,2,0,0.00032111986006179736,True
206,206,103,1,sty+perp,2,1,0.9992169748006337,True
207,207,104,0,sty+perp,2,0,0.007254776721173562,True
208,208,104,1,sty+perp,2,1,0.999236915237051,True
209,209,105,0,sty+perp,2,0,0.0002610069515465008,True
210,210,105,1,sty+perp,2,1,0.9982251445564722,True
211,211,106,0,sty+perp,2,0,0.00012829213720837016,True
212,212,106,1,sty+perp,2,1,0.9983102701172747,True
213,213,107,0,sty+perp,2,0,0.05187070164299025,True
214,214,107,1,sty+perp,2,1,0.9999191806231786,True
215,215,108,0,sty+perp,2,0,2.456260597278742e-06,True
216,216,108,1,sty+perp,2,1,0.9900679218010198,True
217,217,109,0,sty+perp,2,0,0.00015242936098884164,True
218,218,109,1,sty+perp,2,0,0.015144518218612808,False
219,219,110,0,sty+perp,2,0,0.0006065260931404818,True
220,220,110,1,sty+perp,2,1,0.9709131318278101,True
221,221,111,0,sty+perp,2,0,0.00023687135755739986,True
222,222,111,1,sty+perp,2,1,0.9996279042781507,True
223,223,112,0,sty+perp,2,0,2.487556700909013e-05,True
224,224,112,1,sty+perp,2,1,0.9998461162161727,True
225,225,113,0,sty+perp,2,0,0.0001449141481743222,True
226,226,113,1,sty+perp,2,1,0.953769414629772,True
227,227,114,0,sty+perp,2,0,0.005607718289845306,True
228,228,114,1,sty+perp,2,1,0.9996454567142897,True
229,229,115,0,sty+perp,2,0,0.0014420539672295198,True
230,230,115,1,sty+perp,2,1,0.9989763038709195,True
231,231,116,0,sty+perp,2,0,1.1643021628053029e-05,True
232,232,116,1,sty+perp,2,1,0.999772690559179,True
233,233,117,0,sty+perp,2,0,0.0008677099826668192,True
234,234,117,1,sty+perp,2,1,0.9993108027875759,True
235,235,118,0,sty+perp,2,0,0.091872552964521,True
236,236,118,1,sty+perp,2,1,0.9999733666148531,True
237,237,119,0,sty+perp,2,0,0.0007712256655607036,True
238,238,119,1,sty+perp,2,1,0.9981202483740264,True
239,239,120,0,sty+perp,2,0,0.20748982922759523,True
240,240,120,1,sty+perp,2,1,0.9999476274484673,True
241,241,121,0,sty+perp,2,0,0.0003454965018230982,True
242,242,121,1,sty+perp,2,1,0.9999168049640643,True
243,243,122,0,sty+perp,2,0,0.03235671397031624,True
244,244,122,1,sty+perp,2,1,0.9999849324099024,True
245,245,123,0,sty+perp,2,0,0.367133125147825,True
246,246,123,1,sty+perp,2,1,0.9993395566895186,True
247,247,124,0,sty+perp,2,0,0.001108526597857661,True
248,248,124,1,sty+perp,2,1,0.9998377695707418,True
249,249,125,0,sty+perp,2,0,0.014536841312323273,True
250,250,125,1,sty+perp,2,1,0.798151344601946,True
251,251,126,0,sty+perp,2,0,0.0011678485627650325,True
252,252,126,1,sty+perp,2,1,0.9995802274552034,True
253,253,127,0,sty+perp,2,0,0.0012353871514857592,True
254,254,127,1,sty+perp,2,1,0.999821262796433,True
255,255,128,0,sty+perp,2,0,0.0032771078518506877,True
256,256,128,1,sty+perp,2,1,0.7604613910711407,True
257,257,129,0,sty+perp,2,0,0.00033443878374708156,True
258,258,129,1,sty+perp,2,1,0.999845180993949,True
259,259,130,0,sty+perp,2,0,0.000606569293553258,True
260,260,130,1,sty+perp,2,1,0.9950037971737694,True
261,261,131,0,sty+perp,2,0,0.00013202321049961076,True
262,262,131,1,sty+perp,2,1,0.9996639708515309,True
263,263,132,0,sty+perp,2,0,0.06522372322138263,True
264,264,132,1,sty+perp,2,1,0.9995361731653831,True
265,265,133,0,sty+perp,2,0,1.106481301047755e-05,True
266,266,133,1,sty+perp,2,1,0.9999238646451104,True
267,267,134,0,sty+perp,2,0,0.035403686686706785,True
268,268,134,1,sty+perp,2,0,0.21879545056403837,False
269,269,135,0,sty+perp,2,0,0.01769307723894399,True
270,270,135,1,sty+perp,2,1,0.999888234490164,True
271,271,136,0,sty+perp,2,0,0.007926415711707173,True
272,272,136,1,sty+perp,2,1,0.9996513933080701,True
273,273,137,0,sty+perp,2,0,0.0005459559656933263,True
274,274,137,1,sty+perp,2,1,0.999845981570969,True
275,275,138,0,sty+perp,2,0,0.0004056485946653781,True
276,276,138,1,sty+perp,2,1,0.9978179876548388,True
277,277,139,0,sty+perp,2,0,0.0001799848831697173,True
278,278,139,1,sty+perp,2,1,0.9984277154903614,True
279,279,140,0,sty+perp,2,0,0.05054472592674956,True
280,280,140,1,sty+perp,2,1,0.9990559668022447,True
281,281,141,0,sty+perp,2,0,9.698345907264912e-05,True
282,282,141,1,sty+perp,2,1,0.9985175299642406,True
283,283,142,0,sty+perp,2,0,0.00020110508196055497,True
284,284,142,1,sty+perp,2,1,0.9999295860430264,True
285,285,143,0,sty+perp,2,0,0.000468401191693577,True
286,286,143,1,sty+perp,2,1,0.9999026560123199,True
287,287,144,0,sty+perp,2,0,0.00037705407559021094,True
288,288,144,1,sty+perp,2,1,0.9996700173981578,True
289,289,145,0,sty+perp,2,0,0.005072151826846977,True
290,290,145,1,sty+perp,2,1,0.9899425565627611,True
291,291,146,0,sty+perp,2,0,0.2759723580024514,True
292,292,146,1,sty+perp,2,1,0.9998092217122919,True
293,293,147,0,sty+perp,2,0,0.24234235118391992,True
294,294,147,1,sty+perp,2,1,0.9989067150563189,True
295,295,148,0,sty+perp,2,0,0.0008117302575636803,True
296,296,148,1,sty+perp,2,1,0.9975401904352983,True
297,297,149,0,sty+perp,2,0,0.0001638693029068148,True
298,298,149,1,sty+perp,2,1,0.9942717716692939,True
299,299,150,0,sty+perp,2,0,0.0004483968034181201,True
300,300,150,1,sty+perp,2,1,0.9834999896752976,True
301,301,151,0,sty+perp,2,0,0.00031593219120843347,True
302,302,151,1,sty+perp,2,1,0.998058818629858,True
303,303,152,0,sty+perp,2,0,0.00010934459001795129,True
304,304,152,1,sty+perp,2,1,0.9638657386127237,True
305,305,153,0,sty+perp,2,0,9.127832906412957e-05,True
306,306,153,1,sty+perp,2,1,0.9578608789985069,True
307,307,154,0,sty+perp,2,0,0.010581129063173517,True
308,308,154,1,sty+perp,2,1,0.999770333649885,True
309,309,155,0,sty+perp,2,0,0.00021201306265678012,True
310,310,155,1,sty+perp,2,1,0.9999793025918184,True
311,311,156,0,sty+perp,2,0,0.00047034588730810687,True
312,312,156,1,sty+perp,2,1,0.9999638362268797,True
313,313,157,0,sty+perp,2,0,0.0007662082889519177,True
314,314,157,1,sty+perp,2,1,0.9997748635202116,True
315,315,158,0,sty+perp,2,0,1.5418920469439355e-05,True
316,316,158,1,sty+perp,2,1,0.9996305364813538,True
317,317,159,0,sty+perp,2,0,5.0376572698972176e-05,True
318,318,159,1,sty+perp,2,1,0.999948646677499,True
319,319,160,0,sty+perp,2,0,0.009780554069301593,True
320,320,160,1,sty+perp,2,1,0.744713298976176,True
321,321,161,0,sty+perp,2,0,1.8400393534502755e-05,True
322,322,161,1,sty+perp,2,1,0.9999468322692525,True
323,323,162,0,sty+perp,2,0,0.007854785427162319,True
324,324,162,1,sty+perp,2,1,0.9999584050480075,True
325,325,163,0,sty+perp,2,0,0.001232165384536998,True
326,326,163,1,sty+perp,2,1,0.9967942923973625,True
327,327,164,0,sty+perp,2,0,0.0013855011938294567,True
328,328,164,1,sty+perp,2,1,0.9952535511747195,True
329,329,165,0,sty+perp,2,1,0.9634391332650337,False
330,330,165,1,sty+perp,2,1,0.9999311118723638,True
331,331,166,0,sty+perp,2,0,0.2124840169201323,True
332,332,166,1,sty+perp,2,1,0.9992981438032298,True
333,333,167,0,sty+perp,2,0,0.00016579965710167294,True
334,334,167,1,sty+perp,2,1,0.818047214927689,True
335,335,168,0,sty+perp,2,0,0.0636835896507817,True
336,336,168,1,sty+perp,2,1,0.9995040284993691,True
337,337,169,0,sty+perp,2,0,0.00013135610434818716,True
338,338,169,1,sty+perp,2,1,0.9998649684317306,True
339,339,170,0,sty+perp,2,0,0.0002478966536905372,True
340,340,170,1,sty+perp,2,1,0.9997746401873399,True
341,341,171,0,sty+perp,2,0,0.00011829751345327071,True
342,342,171,1,sty+perp,2,1,0.9995789658045908,True
343,343,172,0,sty+perp,2,0,0.06742365340317495,True
344,344,172,1,sty+perp,2,1,0.9995302974215781,True
345,345,173,0,sty+perp,2,0,0.023928231604070163,True
346,346,173,1,sty+perp,2,1,0.9999640805734321,True
347,347,174,0,sty+perp,2,0,0.00019940235874327779,True
348,348,174,1,sty+perp,2,1,0.9999355497072253,True
349,349,175,0,sty+perp,2,0,0.00023839604338508989,True
350,350,175,1,sty+perp,2,1,0.986905693274716,True
351,351,176,0,sty+perp,2,0,0.03457691999048675,True
352,352,176,1,sty+perp,2,1,0.9975382434833918,True
353,353,177,0,sty+perp,2,0,0.00011360225171030787,True
354,354,177,1,sty+perp,2,1,0.9826401310219045,True
355,355,178,0,sty+perp,2,0,0.005706996365425704,True
356,356,178,1,sty+perp,2,1,0.9993718431608484,True
357,357,179,0,sty+perp,2,0,0.0032026444641992404,True
358,358,179,1,sty+perp,2,1,0.99982582189861,True
359,359,180,0,sty+perp,2,0,0.0007439431866187026,True
360,360,180,1,sty+perp,2,1,0.9998336026048472,True
361,361,181,0,sty+perp,2,0,0.00030890615970054366,True
362,362,181,1,sty+perp,2,1,0.9996050208631844,True
363,363,182,0,sty+perp,2,0,7.659868592008271e-05,True
364,364,182,1,sty+perp,2,1,0.9995027924213656,True
365,365,183,0,sty+perp,2,0,5.7013594425012235e-06,True
366,366,183,1,sty+perp,2,1,0.8695883562409665,True
367,367,184,0,sty+perp,2,0,0.0007520052202137389,True
368,368,184,1,sty+perp,2,1,0.9976806504547419,True
369,369,185,0,sty+perp,2,0,0.002830397526819044,True
370,370,185,1,sty+perp,2,1,0.9712863600596704,True
371,371,186,0,sty+perp,2,0,0.031860696173249374,True
372,372,186,1,sty+perp,2,1,0.9999477360153626,True
373,373,187,0,sty+perp,2,0,0.012890549203300239,True
374,374,187,1,sty+perp,2,1,0.9999720288590692,True
375,375,188,0,sty+perp,2,0,0.00010957378608012266,True
376,376,188,1,sty+perp,2,1,0.9999218416080496,True
377,377,189,0,sty+perp,2,0,2.214945359556523e-06,True
378,378,189,1,sty+perp,2,1,0.9920758534117732,True
379,379,190,0,sty+perp,2,0,2.264226982404256e-05,True
380,380,190,1,sty+perp,2,1,0.5299920651473563,True
381,381,191,0,sty+perp,2,0,9.327685602560768e-05,True
382,382,191,1,sty+perp,2,1,0.999921152898324,True
383,383,192,0,sty+perp,2,0,0.011556650362871542,True
384,384,192,1,sty+perp,2,1,0.9998619422777506,True
385,385,193,0,sty+perp,2,0,0.001017444219594129,True
386,386,193,1,sty+perp,2,1,0.995004847422727,True
387,387,194,0,sty+perp,2,0,0.001065214811784718,True
388,388,194,1,sty+perp,2,1,0.8736058768515774,True
389,389,195,0,sty+perp,2,0,0.0002569191925053176,True
390,390,195,1,sty+perp,2,1,0.7141014774271044,True
391,391,196,0,sty+perp,2,0,0.002387358093043053,True
392,392,196,1,sty+perp,2,1,0.9990832378431015,True
393,393,197,0,sty+perp,2,0,0.05137240503294794,True
394,394,197,1,sty+perp,2,1,0.9998241124838338,True
395,395,198,0,sty+perp,2,0,0.00022352212969377368,True
396,396,198,1,sty+perp,2,1,0.9996442065893327,True
397,397,199,0,sty+perp,2,0,0.0034231778230698535,True
398,398,199,1,sty+perp,2,1,0.9383135686890157,True
399,399,200,0,sty+perp,2,0,0.0007990144106559155,True
400,400,200,1,sty+perp,2,1,0.5627500131885048,True
401,401,201,0,sty+perp,2,0,0.0007014002211205385,True
402,402,201,1,sty+perp,2,1,0.9971277926117662,True
403,403,202,0,sty+perp,2,0,0.00023786541925271246,True
404,404,202,1,sty+perp,2,1,0.9944856881892631,True
405,405,203,0,sty+perp,2,0,0.0006613556776770042,True
406,406,203,1,sty+perp,2,1,0.9922921803960276,True
407,407,204,0,sty+perp,2,0,0.13399273412919793,True
408,408,204,1,sty+perp,2,0,0.17826044689189854,False
409,409,205,0,sty+perp,2,0,0.00015520078525105911,True
410,410,205,1,sty+perp,2,1,0.9941740054356646,True
411,411,206,0,sty+perp,2,0,0.07278808984938638,True
412,412,206,1,sty+perp,2,1,0.9999538177175126,True
413,413,207,0,sty+perp,2,0,0.00014131568424920126,True
414,414,207,1,sty+perp,2,1,0.9137176119868194,True
415,415,208,0,sty+perp,2,0,0.008537268470980578,True
416,416,208,1,sty+perp,2,1,0.9930615518642287,True
417,417,209,0,sty+perp,2,0,0.0022556987845207288,True
418,418,209,1,sty+perp,2,1,0.9998768517926838,True
419,419,210,0,sty+perp,2,0,0.027063014908217154,True
420,420,210,1,sty+perp,2,1,0.9916390332373208,True
421,421,211,0,sty+perp,2,0,4.616444942457474e-05,True
422,422,211,1,sty+perp,2,0,0.0020503842550477886,False
423,423,212,0,sty+perp,2,0,0.008848641171385542,True
424,424,212,1,sty+perp,2,1,0.9999791255122582,True
425,425,213,0,sty+perp,2,1,0.8518417124615357,False
426,426,213,1,sty+perp,2,1,0.9999236194317663,True
427,427,214,0,sty+perp,2,0,0.016208243312019026,True
428,428,214,1,sty+perp,2,1,0.9990369868083929,True
429,429,215,0,sty+perp,2,0,9.154141784878777e-05,True
430,430,215,1,sty+perp,2,1,0.9935257914212828,True
431,431,216,0,sty+perp,2,0,7.354534033362218e-05,True
432,432,216,1,sty+perp,2,1,0.9983889088164878,True
433,433,217,0,sty+perp,2,0,1.192715677701224e-05,True
434,434,217,1,sty+perp,2,1,0.9995207395827684,True
435,435,218,0,sty+perp,2,0,0.00010703223328029711,True
436,436,218,1,sty+perp,2,1,0.9987609648643594,True
437,437,219,0,sty+perp,2,0,0.0009816073874487775,True
438,438,219,1,sty+perp,2,1,0.9966679073660195,True
439,439,220,0,sty+perp,2,0,0.001682899806606026,True
440,440,220,1,sty+perp,2,1,0.9997067833028044,True
441,441,221,0,sty+perp,2,0,0.003685972527122933,True
442,442,221,1,sty+perp,2,1,0.9971987253767883,True
443,443,222,0,sty+perp,2,0,0.005822827201152946,True
444,444,222,1,sty+perp,2,1,0.9999082308893867,True
445,445,223,0,sty+perp,2,0,0.005905056690573249,True
446,446,223,1,sty+perp,2,1,0.9999464684015068,True
447,447,224,0,sty+perp,2,0,0.00028386835877061413,True
448,448,224,1,sty+perp,2,1,0.9996666890420178,True
449,449,225,0,sty+perp,2,0,1.2096494169237564e-05,True
450,450,225,1,sty+perp,2,1,0.999594280588322,True
451,451,226,0,sty+perp,2,0,0.0017642958640532835,True
452,452,226,1,sty+perp,2,1,0.683610583906947,True
453,453,227,0,sty+perp,2,0,0.0005874558001004325,True
454,454,227,1,sty+perp,2,1,0.9995854471612753,True
455,455,228,0,sty+perp,2,0,0.0010351695767681437,True
456,456,228,1,sty+perp,2,1,0.9998506340763268,True
457,457,229,0,sty+perp,2,0,0.0010460889283721772,True
458,458,229,1,sty+perp,2,1,0.9986188424688356,True
459,459,230,0,sty+perp,2,0,0.00031438105672286374,True
460,460,230,1,sty+perp,2,0,0.17845026114806056,False
461,461,231,0,sty+perp,2,0,2.7589023580550794e-05,True
462,462,231,1,sty+perp,2,1,0.9994870025720879,True
463,463,232,0,sty+perp,2,1,0.9982869550998145,False
464,464,232,1,sty+perp,2,1,0.9998263978698146,True
465,465,233,0,sty+perp,2,0,3.400259770350353e-05,True
466,466,233,1,sty+perp,2,1,0.9985946322762133,True
467,467,234,0,sty+perp,2,0,0.005810921034980772,True
468,468,234,1,sty+perp,2,1,0.9993191489504414,True
469,469,235,0,sty+perp,2,0,0.00025765263793193783,True
470,470,235,1,sty+perp,2,1,0.9915709078455311,True
471,471,236,0,sty+perp,2,0,0.05835746000302934,True
472,472,236,1,sty+perp,2,1,0.9801821419095803,True
473,473,237,0,sty+perp,2,0,0.0001718848478569844,True
474,474,237,1,sty+perp,2,1,0.9999294117507165,True
475,475,238,0,sty+perp,2,0,0.00011909838262120247,True
476,476,238,1,sty+perp,2,1,0.998275353812271,True
477,477,239,0,sty+perp,2,0,0.0004318178377064806,True
478,478,239,1,sty+perp,2,1,0.9998884700012736,True
479,479,240,0,sty+perp,2,0,0.010197110330489782,True
480,480,240,1,sty+perp,2,1,0.9964413651645719,True
481,481,241,0,sty+perp,2,0,0.027776502459943384,True
482,482,241,1,sty+perp,2,1,0.9986640808466338,True
483,483,242,0,sty+perp,2,0,8.690496394047899e-05,True
484,484,242,1,sty+perp,2,1,0.9999396878628005,True
485,485,243,0,sty+perp,2,0,0.0028078335985784594,True
486,486,243,1,sty+perp,2,1,0.999875546171886,True
487,487,244,0,sty+perp,2,0,0.0004974610009152043,True
488,488,244,1,sty+perp,2,1,0.9997283188242777,True
489,489,245,0,sty+perp,2,0,0.104423926332884,True
490,490,245,1,sty+perp,2,1,0.9999605964729077,True
491,491,246,0,sty+perp,2,0,0.007662049133564181,True
492,492,246,1,sty+perp,2,1,0.9999150135440747,True
493,493,247,0,sty+perp,2,0,0.002673952885968698,True
494,494,247,1,sty+perp,2,1,0.999764965637335,True
495,495,248,0,sty+perp,2,0,0.0013297655202583975,True
496,496,248,1,sty+perp,2,1,0.997603580147838,True
497,497,249,0,sty+perp,2,0,0.00014986509249136976,True
498,498,249,1,sty+perp,2,1,0.6524850012703665,True
499,499,250,0,sty+perp,2,0,0.002922939903173109,True
500,500,250,1,sty+perp,2,1,0.9996850862033019,True
501,501,251,0,sty+perp,2,0,0.001405764835109491,True
502,502,251,1,sty+perp,2,1,0.9999158048301104,True
503,503,252,0,sty+perp,2,0,5.299460991345701e-06,True
504,504,252,1,sty+perp,2,1,0.999984054808322,True
505,505,253,0,sty+perp,2,0,4.0137478338312264e-05,True
506,506,253,1,sty+perp,2,1,0.9993978101690164,True
507,507,254,0,sty+perp,2,0,0.00019883595157507155,True
508,508,254,1,sty+perp,2,1,0.9997040028429275,True
509,509,255,0,sty+perp,2,0,0.001668829637353521,True
510,510,255,1,sty+perp,2,1,0.9999613042171744,True
511,511,256,0,sty+perp,2,0,0.27084964786441906,True
512,512,256,1,sty+perp,2,1,0.9986025513332647,True
513,513,257,0,sty+perp,2,0,0.003257873554012694,True
514,514,257,1,sty+perp,2,1,0.9962293725858924,True
515,515,258,0,sty+perp,2,0,0.03197189439937552,True
516,516,258,1,sty+perp,2,1,0.9999477322127932,True
517,517,259,0,sty+perp,2,0,0.0030113939630542668,True
518,518,259,1,sty+perp,2,1,0.9998882803814712,True
519,519,260,0,sty+perp,2,0,0.0005142447752305995,True
520,520,260,1,sty+perp,2,1,0.9897082400212268,True
521,521,261,0,sty+perp,2,0,0.0006948957534587909,True
522,522,261,1,sty+perp,2,1,0.9986954898099102,True
523,523,262,0,sty+perp,2,0,0.015094878346002864,True
524,524,262,1,sty+perp,2,1,0.9998167419341973,True
525,525,263,0,sty+perp,2,0,2.6415465173316696e-05,True
526,526,263,1,sty+perp,2,1,0.994398341780974,True
527,527,264,0,sty+perp,2,0,0.0010672268401232786,True
528,528,264,1,sty+perp,2,1,0.9983714352300497,True
529,529,265,0,sty+perp,2,0,0.000223618383483827,True
530,530,265,1,sty+perp,2,1,0.9770017499962407,True
531,531,266,0,sty+perp,2,0,8.990640444913703e-05,True
532,532,266,1,sty+perp,2,1,0.9943838274278963,True
533,533,267,0,sty+perp,2,0,0.00029180816082227505,True
534,534,267,1,sty+perp,2,1,0.9883276321681644,True
535,535,268,0,sty+perp,2,0,0.0012754966306151125,True
536,536,268,1,sty+perp,2,1,0.9983435026989952,True
537,537,269,0,sty+perp,2,0,0.0009502044590201695,True
538,538,269,1,sty+perp,2,1,0.9998150340240397,True
539,539,270,0,sty+perp,2,0,0.00021164740621464965,True
540,540,270,1,sty+perp,2,1,0.9992708971428417,True
541,541,271,0,sty+perp,2,0,0.0009067761070776051,True
542,542,271,1,sty+perp,2,1,0.9987436656495225,True
543,543,272,0,sty+perp,2,0,0.003365076586661859,True
544,544,272,1,sty+perp,2,1,0.9987419972074828,True
545,545,273,0,sty+perp,2,0,0.0009522083932220727,True
546,546,273,1,sty+perp,2,1,0.9969816108647331,True
547,547,274,0,sty+perp,2,0,0.00012471522735583301,True
548,548,274,1,sty+perp,2,1,0.9999831232917945,True
549,549,275,0,sty+perp,2,0,4.210795520143858e-05,True
550,550,275,1,sty+perp,2,1,0.9793784904398403,True
551,551,276,0,sty+perp,2,0,0.01164770089405738,True
552,552,276,1,sty+perp,2,0,0.3176580124396419,False
553,553,277,0,sty+perp,2,0,0.020753469702880785,True
554,554,277,1,sty+perp,2,1,0.999630188546039,True
555,555,278,0,sty+perp,2,0,9.355292015301327e-05,True
556,556,278,1,sty+perp,2,1,0.9998250807905408,True
557,557,279,0,sty+perp,2,0,0.00031206364450142354,True
558,558,279,1,sty+perp,2,1,0.9998151457211011,True
559,559,280,0,sty+perp,2,0,0.0013091256128620738,True
560,560,280,1,sty+perp,2,0,0.13733089797835527,False
561,561,281,0,sty+perp,2,0,0.00014012556516137717,True
562,562,281,1,sty+perp,2,1,0.9835249403182753,True
563,563,282,0,sty+perp,2,0,0.002190777696287759,True
564,564,282,1,sty+perp,2,1,0.9997210587896839,True
565,565,283,0,sty+perp,2,0,0.0002619794668990313,True
566,566,283,1,sty+perp,2,1,0.9999564202110034,True
567,567,284,0,sty+perp,2,0,0.03431128684828308,True
568,568,284,1,sty+perp,2,1,0.9999323054656465,True
569,569,285,0,sty+perp,2,0,0.0006424555297469001,True
570,570,285,1,sty+perp,2,1,0.9999742722270076,True
571,571,286,0,sty+perp,2,0,0.04723453712778164,True
572,572,286,1,sty+perp,2,1,0.9979818291628223,True
573,573,287,0,sty+perp,2,1,0.5829705718686876,False
574,574,287,1,sty+perp,2,1,0.9990583434568099,True
575,575,288,0,sty+perp,2,0,0.0015490432800606482,True
576,576,288,1,sty+perp,2,1,0.9997988855466291,True
577,577,289,0,sty+perp,2,0,0.0007014906749091841,True
578,578,289,1,sty+perp,2,1,0.9999595169237488,True
579,579,290,0,sty+perp,2,0,0.0001474022881773057,True
580,580,290,1,sty+perp,2,1,0.9999318216556822,True
581,581,291,0,sty+perp,2,0,0.06764984374208922,True
582,582,291,1,sty+perp,2,1,0.999433698412494,True
583,583,292,0,sty+perp,2,0,0.005080458098854017,True
584,584,292,1,sty+perp,2,1,0.9999582646529392,True
585,585,293,0,sty+perp,2,0,0.0013345414916229965,True
586,586,293,1,sty+perp,2,1,0.9998489502613991,True
587,587,294,0,sty+perp,2,0,0.00011948344051681567,True
588,588,294,1,sty+perp,2,1,0.8444408842245565,True
589,589,295,0,sty+perp,2,0,2.1596850883029435e-05,True
590,590,295,1,sty+perp,2,1,0.9481956302410657,True
591,591,296,0,sty+perp,2,0,0.00590719408394622,True
592,592,296,1,sty+perp,2,1,0.9996778352745946,True
593,593,297,0,sty+perp,2,0,0.00012205313543340508,True
594,594,297,1,sty+perp,2,1,0.9999915197526584,True
595,595,298,0,sty+perp,2,0,0.000722344253285813,True
596,596,298,1,sty+perp,2,1,0.99899366130811,True
597,597,299,0,sty+perp,2,0,0.006704253147393343,True
598,598,299,1,sty+perp,2,1,0.9995803807323048,True
599,599,300,0,sty+perp,2,0,0.0013135179305532245,True
600,600,300,1,sty+perp,2,1,0.9999649710921308,True
601,601,301,0,sty+perp,2,0,0.0001633666923599158,True
602,602,301,1,sty+perp,2,1,0.9949803480472118,True
603,603,302,0,sty+perp,2,0,0.0019591896329193845,True
604,604,302,1,sty+perp,2,1,0.9994524928926686,True
605,605,303,0,sty+perp,2,0,0.002323674258192893,True
606,606,303,1,sty+perp,2,1,0.9998827107120906,True
607,607,304,0,sty+perp,2,0,0.046234926121878066,True
608,608,304,1,sty+perp,2,1,0.999925491854267,True
609,609,305,0,sty+perp,2,0,3.0276792973770112e-05,True
610,610,305,1,sty+perp,2,1,0.9572821138139708,True
611,611,306,0,sty+perp,2,0,1.3413120125066497e-05,True
612,612,306,1,sty+perp,2,1,0.9995248479004945,True
613,613,307,0,sty+perp,2,0,0.0037273308850633673,True
614,614,307,1,sty+perp,2,1,0.9834052816133361,True
615,615,308,0,sty+perp,2,0,0.00045289791172710794,True
616,616,308,1,sty+perp,2,1,0.9999264980557535,True
617,617,309,0,sty+perp,2,0,0.00045509741116351427,True
618,618,309,1,sty+perp,2,1,0.99995656803956,True
619,619,310,0,sty+perp,2,0,2.70773634992291e-05,True
620,620,310,1,sty+perp,2,1,0.9999498689775455,True
621,621,311,0,sty+perp,2,0,9.862977925152958e-05,True
622,622,311,1,sty+perp,2,1,0.9670130238196905,True
623,623,312,0,sty+perp,2,0,0.0007795172186090109,True
624,624,312,1,sty+perp,2,1,0.9999808218894327,True
625,625,313,0,sty+perp,2,0,0.0001780568538376211,True
626,626,313,1,sty+perp,2,1,0.9972667401868086,True
627,627,314,0,sty+perp,2,0,0.02005627669247312,True
628,628,314,1,sty+perp,2,1,0.9999348820951468,True
629,629,315,0,sty+perp,2,0,0.00012335542765657526,True
630,630,315,1,sty+perp,2,1,0.9993027307216494,True
631,631,316,0,sty+perp,2,0,0.0071466226184787405,True
632,632,316,1,sty+perp,2,1,0.9908135121508053,True
633,633,317,0,sty+perp,2,0,4.187509750337372e-05,True
634,634,317,1,sty+perp,2,1,0.9997727425712647,True
635,635,318,0,sty+perp,2,0,6.897864493778027e-05,True
636,636,318,1,sty+perp,2,1,0.9989635518941162,True
637,637,319,0,sty+perp,2,0,0.003683211663006239,True
638,638,319,1,sty+perp,2,1,0.9725504635602852,True
639,639,320,0,sty+perp,2,0,3.221416621191377e-05,True
640,640,320,1,sty+perp,2,1,0.9990819027848763,True
641,641,321,0,sty+perp,2,0,0.0009242795899287248,True
642,642,321,1,sty+perp,2,1,0.9998850610888749,True
643,643,322,0,sty+perp,2,1,0.6636743660033291,False
644,644,322,1,sty+perp,2,1,0.9999308207762913,True
645,645,323,0,sty+perp,2,0,0.0009052850544743675,True
646,646,323,1,sty+perp,2,1,0.9878976183749378,True
647,647,324,0,sty+perp,2,0,0.007541246266219,True
648,648,324,1,sty+perp,2,1,0.9999163449996687,True
649,649,325,0,sty+perp,2,0,0.001891875248830991,True
650,650,325,1,sty+perp,2,1,0.9960282038291742,True
651,651,326,0,sty+perp,2,0,0.0004649349713779195,True
652,652,326,1,sty+perp,2,1,0.9999612546349687,True
653,653,327,0,sty+perp,2,0,0.0065971782732833694,True
654,654,327,1,sty+perp,2,1,0.9351212783994831,True
655,655,328,0,sty+perp,2,0,0.004678888314878428,True
656,656,328,1,sty+perp,2,1,0.9999135870746703,True
657,657,329,0,sty+perp,2,0,5.979113037109221e-05,True
658,658,329,1,sty+perp,2,1,0.9992121594394652,True
659,659,330,0,sty+perp,2,0,0.0003632790628952762,True
660,660,330,1,sty+perp,2,1,0.9877940037789016,True
661,661,331,0,sty+perp,2,0,0.0011416521990011412,True
662,662,331,1,sty+perp,2,1,0.9992723839155788,True
663,663,332,0,sty+perp,2,0,0.010420769620547481,True
664,664,332,1,sty+perp,2,1,0.9981606235466478,True
665,665,333,0,sty+perp,2,0,8.936941220293377e-06,True
666,666,333,1,sty+perp,2,0,0.015540595935660506,False
667,667,334,0,sty+perp,2,0,0.0008642240420996994,True
668,668,334,1,sty+perp,2,1,0.9941477878741668,True
669,669,335,0,sty+perp,2,0,0.0141383271057969,True
670,670,335,1,sty+perp,2,1,0.9930160592107768,True
671,671,336,0,sty+perp,2,0,0.0003554818413664632,True
672,672,336,1,sty+perp,2,1,0.9991435631224027,True
673,673,337,0,sty+perp,2,0,0.0041259785902080385,True
674,674,337,1,sty+perp,2,1,0.9999370295255938,True
675,675,338,0,sty+perp,2,0,0.07245458027944028,True
676,676,338,1,sty+perp,2,1,0.5984037187707475,True
677,677,339,0,sty+perp,2,0,0.0011478190298797142,True
678,678,339,1,sty+perp,2,1,0.9997048685602625,True
679,679,340,0,sty+perp,2,0,0.031859968133754225,True
680,680,340,1,sty+perp,2,1,0.9999537316227952,True
681,681,341,0,sty+perp,2,0,2.226964217284486e-05,True
682,682,341,1,sty+perp,2,1,0.9978597963119331,True
683,683,342,0,sty+perp,2,0,0.0016045948377600577,True
684,684,342,1,sty+perp,2,1,0.9995777068612465,True
685,685,343,0,sty+perp,2,0,0.00784812165782849,True
686,686,343,1,sty+perp,2,1,0.9999303740043963,True
687,687,344,0,sty+perp,2,0,0.01571387302644119,True
688,688,344,1,sty+perp,2,1,0.9998414336232075,True
689,689,345,0,sty+perp,2,0,0.004301419641660046,True
690,690,345,1,sty+perp,2,1,0.9993113854341766,True
691,691,346,0,sty+perp,2,0,0.2044664015607611,True
692,692,346,1,sty+perp,2,1,0.9997835793754845,True
693,693,347,0,sty+perp,2,0,0.002605005532457381,True
694,694,347,1,sty+perp,2,1,0.9999397580966038,True
695,695,348,0,sty+perp,2,0,0.002079775085890802,True
696,696,348,1,sty+perp,2,1,0.9999178515624948,True
697,697,349,0,sty+perp,2,0,0.00012014440716838864,True
698,698,349,1,sty+perp,2,1,0.9953525509461112,True
699,699,350,0,sty+perp,2,0,0.014064836911775446,True
700,700,350,1,sty+perp,2,0,0.06680282245900497,False
701,701,351,0,sty+perp,2,0,0.019528797941453957,True
702,702,351,1,sty+perp,2,1,0.9998035379881077,True
703,703,352,0,sty+perp,2,0,0.0004997521915366705,True
704,704,352,1,sty+perp,2,1,0.9999847897876626,True
705,705,353,0,sty+perp,2,0,0.03156266719216561,True
706,706,353,1,sty+perp,2,1,0.9986747794087206,True
707,707,354,0,sty+perp,2,0,0.0026491625820241017,True
708,708,354,1,sty+perp,2,0,0.2630931309885535,False
709,709,355,0,sty+perp,2,0,0.028531215682908527,True
710,710,355,1,sty+perp,2,1,0.9954357181112184,True
711,711,356,0,sty+perp,2,0,0.00046327759767247,True
712,712,356,1,sty+perp,2,1,0.9998627194329166,True
713,713,357,0,sty+perp,2,0,0.0006151082295770688,True
714,714,357,1,sty+perp,2,1,0.9998740489498487,True
715,715,358,0,sty+perp,2,0,0.002465242377417487,True
716,716,358,1,sty+perp,2,1,0.999881892064171,True
717,717,359,0,sty+perp,2,0,0.0001946000337961812,True
718,718,359,1,sty+perp,2,1,0.9999141019656215,True
719,719,360,0,sty+perp,2,0,0.00035696718367031087,True
720,720,360,1,sty+perp,2,1,0.9999897472204893,True
721,721,361,0,sty+perp,2,0,0.0005570172498050064,True
722,722,361,1,sty+perp,2,0,0.07896767437328324,False
723,723,362,0,sty+perp,2,0,0.000167169875010622,True
724,724,362,1,sty+perp,2,1,0.9999283505608193,True
725,725,363,0,sty+perp,2,0,3.8099377659901356e-06,True
726,726,363,1,sty+perp,2,0,0.1448517930545044,False
727,727,364,0,sty+perp,2,0,0.05856446336891786,True
728,728,364,1,sty+perp,2,1,0.9982602890012937,True
729,729,365,0,sty+perp,2,0,0.000607519890871053,True
730,730,365,1,sty+perp,2,1,0.9997906769497226,True
731,731,366,0,sty+perp,2,0,7.394185380554053e-05,True
732,732,366,1,sty+perp,2,1,0.9521371729697953,True
733,733,367,0,sty+perp,2,0,0.0001670810178471884,True
734,734,367,1,sty+perp,2,1,0.9862621281179876,True
735,735,368,0,sty+perp,2,0,0.00019108362863917908,True
736,736,368,1,sty+perp,2,1,0.9998155148827993,True
737,737,369,0,sty+perp,2,0,0.01056324917408435,True
738,738,369,1,sty+perp,2,1,0.9990955411282232,True
739,739,370,0,sty+perp,2,0,0.0005397235704757239,True
740,740,370,1,sty+perp,2,1,0.9939902972128836,True
741,741,371,0,sty+perp,2,0,0.0004781879227734007,True
742,742,371,1,sty+perp,2,1,0.9995215884807268,True
743,743,372,1,sty+perp,2,1,0.9663821478433475,True
744,744,373,0,sty+perp,2,0,0.0007224441454186994,True
745,745,373,1,sty+perp,2,1,0.9998380800169225,True
746,746,374,0,sty+perp,2,0,4.543044497681282e-05,True
747,747,374,1,sty+perp,2,1,0.9891632907949972,True
748,748,375,0,sty+perp,2,0,0.286554972858839,True
749,749,375,1,sty+perp,2,1,0.9991365859487019,True
750,750,376,0,sty+perp,2,0,8.344840887781219e-05,True
751,751,376,1,sty+perp,2,1,0.999327061261329,True
752,752,377,0,sty+perp,2,0,0.006829396657169517,True
753,753,377,1,sty+perp,2,1,0.9993747999471164,True
754,754,378,0,sty+perp,2,1,0.6492431330290872,False
755,755,378,1,sty+perp,2,1,0.9900225661127942,True
756,756,379,0,sty+perp,2,0,0.00030004758157166844,True
757,757,379,1,sty+perp,2,1,0.999904151302728,True
758,758,380,0,sty+perp,2,0,0.07109170949400219,True
759,759,380,1,sty+perp,2,1,0.9999870278187012,True
760,760,381,0,sty+perp,2,0,0.2081714317464826,True
761,761,381,1,sty+perp,2,1,0.9999888563650521,True
762,762,382,0,sty+perp,2,0,0.0006698053422081044,True
763,763,382,1,sty+perp,2,1,0.9999598545167214,True
764,764,383,0,sty+perp,2,0,0.0012155817346900487,True
765,765,383,1,sty+perp,2,1,0.9982268925517488,True
766,766,384,0,sty+perp,2,0,1.6098505238001478e-06,True
767,767,384,1,sty+perp,2,1,0.9998507709263578,True
768,768,385,0,sty+perp,2,0,0.01990255027228135,True
769,769,385,1,sty+perp,2,1,0.9985126576113887,True
770,770,386,1,sty+perp,2,1,0.9995367985684906,True
771,771,387,0,sty+perp,2,0,0.02259672174870985,True
772,772,387,1,sty+perp,2,1,0.9671807236066565,True
773,773,388,0,sty+perp,2,0,0.0013599363438650842,True
774,774,388,1,sty+perp,2,1,0.9994485697138331,True
775,775,389,0,sty+perp,2,0,0.0024107693542382495,True
776,776,389,1,sty+perp,2,1,0.9999712115342562,True
777,777,390,0,sty+perp,2,0,7.586718243702356e-06,True
778,778,390,1,sty+perp,2,1,0.999543256417268,True
779,779,391,0,sty+perp,2,0,1.750196394156576e-05,True
780,780,391,1,sty+perp,2,1,0.9966996083433726,True
781,781,392,0,sty+perp,2,0,0.0022276394801645947,True
782,782,392,1,sty+perp,2,1,0.9999701934958407,True
783,783,393,0,sty+perp,2,0,0.000292499557298723,True
784,784,393,1,sty+perp,2,1,0.9999013353585546,True
785,785,394,0,sty+perp,2,0,0.001751459657590974,True
786,786,394,1,sty+perp,2,1,0.999991458087511,True
787,787,395,0,sty+perp,2,0,1.5044485005728979e-05,True
788,788,395,1,sty+perp,2,1,0.9914153270955136,True
789,789,396,0,sty+perp,2,0,0.3693539554546258,True
790,790,396,1,sty+perp,2,1,0.9994748947511122,True
791,791,397,0,sty+perp,2,0,3.058467651179596e-05,True
792,792,397,1,sty+perp,2,1,0.9995907122839722,True
793,793,398,0,sty+perp,2,0,4.585831293811794e-05,True
794,794,398,1,sty+perp,2,1,0.9844303967501725,True
795,795,399,0,sty+perp,2,0,0.17254688846155458,True
796,796,399,1,sty+perp,2,1,0.9999790090986987,True
797,797,400,0,sty+perp,2,0,0.009753434006442865,True
798,798,400,1,sty+perp,2,1,0.9994357518623854,True
799,799,401,0,sty+perp,2,0,0.0004624236792774498,True
800,800,401,1,sty+perp,2,1,0.9999083277230081,True
801,801,402,0,sty+perp,2,0,7.376025375021518e-06,True
802,802,402,1,sty+perp,2,0,0.41292172103325187,False
803,803,403,0,sty+perp,2,0,0.0001294295751171063,True
804,804,403,1,sty+perp,2,1,0.9735361147002513,True
805,805,404,0,sty+perp,2,0,0.020702284949917833,True
806,806,404,1,sty+perp,2,1,0.9999773305086511,True
807,807,405,0,sty+perp,2,0,4.5804919396914704e-05,True
808,808,405,1,sty+perp,2,1,0.9999503512370043,True
809,809,406,0,sty+perp,2,0,0.3649513326065395,True
810,810,406,1,sty+perp,2,1,0.9996337106774941,True
811,811,407,0,sty+perp,2,0,0.0003784860502397103,True
812,812,407,1,sty+perp,2,1,0.9997617965184226,True
813,813,408,0,sty+perp,2,0,0.006740763540249148,True
814,814,408,1,sty+perp,2,1,0.9952149693957301,True
815,815,409,0,sty+perp,2,0,7.974555181005176e-06,True
816,816,409,1,sty+perp,2,1,0.999948648383577,True
817,817,410,0,sty+perp,2,0,0.00010167055361021975,True
818,818,410,1,sty+perp,2,1,0.9998064062455015,True
819,819,411,0,sty+perp,2,0,0.0001629515765470706,True
820,820,411,1,sty+perp,2,1,0.9998577100989666,True
821,821,412,0,sty+perp,2,0,1.4630067035661548e-05,True
822,822,412,1,sty+perp,2,1,0.9963118015575192,True
823,823,413,0,sty+perp,2,0,0.013411869351481767,True
824,824,413,1,sty+perp,2,1,0.9999863922558052,True
825,825,414,0,sty+perp,2,0,0.05064435126900473,True
826,826,414,1,sty+perp,2,1,0.9026385210389988,True
827,827,415,0,sty+perp,2,0,0.0054580066076787065,True
828,828,415,1,sty+perp,2,1,0.8743363613585362,True
829,829,416,0,sty+perp,2,0,0.00021628965766639342,True
830,830,416,1,sty+perp,2,1,0.9977684741544738,True
831,831,417,0,sty+perp,2,0,0.017666319783877792,True
832,832,417,1,sty+perp,2,1,0.998335088696762,True
833,833,418,0,sty+perp,2,0,0.0012205650263624618,True
834,834,418,1,sty+perp,2,1,0.9999398741069457,True
835,835,419,0,sty+perp,2,1,0.9906634014353147,False
836,836,419,1,sty+perp,2,1,0.999985374336085,True
837,837,420,0,sty+perp,2,0,0.25571340467834625,True
838,838,420,1,sty+perp,2,1,0.9994626676488416,True
839,839,421,0,sty+perp,2,0,0.0004909293624197557,True
840,840,421,1,sty+perp,2,1,0.9942802331790267,True
841,841,422,0,sty+perp,2,0,7.207743783989636e-05,True
842,842,422,1,sty+perp,2,1,0.9999199672043739,True
843,843,423,0,sty+perp,2,0,0.0001648439617094872,True
844,844,423,1,sty+perp,2,1,0.9998436917285091,True
845,845,424,0,sty+perp,2,0,0.0007234089312462062,True
846,846,424,1,sty+perp,2,1,0.9997747453362346,True
847,847,425,1,sty+perp,2,1,0.9989233543139985,True
848,848,426,1,sty+perp,2,1,0.9999802144985387,True
849,849,427,0,sty+perp,2,0,0.00012409910288409606,True
850,850,427,1,sty+perp,2,1,0.9998632509654602,True
851,851,428,0,sty+perp,2,0,0.0010097676262579322,True
852,852,428,1,sty+perp,2,1,0.9993215531812238,True
853,853,429,0,sty+perp,2,0,1.5372111928747935e-05,True
854,854,429,1,sty+perp,2,1,0.9996858698760712,True
855,855,430,0,sty+perp,2,0,0.059132461428563966,True
856,856,430,1,sty+perp,2,1,0.9995951651280118,True
857,857,431,0,sty+perp,2,0,1.7850804983820863e-05,True
858,858,431,1,sty+perp,2,1,0.9999905953885874,True
859,859,432,0,sty+perp,2,0,1.7511380921221268e-05,True
860,860,432,1,sty+perp,2,1,0.9964901981234215,True
861,861,433,0,sty+perp,2,0,2.067351900022962e-05,True
862,862,433,1,sty+perp,2,1,0.997500350556378,True
863,863,434,0,sty+perp,2,0,0.0021226606015938175,True
864,864,434,1,sty+perp,2,1,0.7770419599436832,True
865,865,435,0,sty+perp,2,0,0.41953912949939204,True
866,866,435,1,sty+perp,2,1,0.729989547571829,True
867,867,436,0,sty+perp,2,0,2.131685181473436e-05,True
868,868,436,1,sty+perp,2,1,0.993659119804729,True
869,869,437,0,sty+perp,2,0,0.000133700747074133,True
870,870,437,1,sty+perp,2,1,0.9996126362026638,True
871,871,438,0,sty+perp,2,0,0.001824146305961089,True
872,872,438,1,sty+perp,2,1,0.9998004272723352,True
873,873,439,0,sty+perp,2,0,0.000235882953831682,True
874,874,439,1,sty+perp,2,1,0.9995537574236911,True
875,875,440,0,sty+perp,2,0,0.00387912102801743,True
876,876,440,1,sty+perp,2,1,0.9999248117114522,True
877,877,441,0,sty+perp,2,0,0.00014969258964348995,True
878,878,441,1,sty+perp,2,1,0.9999752805146362,True
879,879,442,0,sty+perp,2,0,0.0001261747256862676,True
880,880,442,1,sty+perp,2,1,0.9927192296062214,True
881,881,443,0,sty+perp,2,0,0.0036780630465853624,True
882,882,443,1,sty+perp,2,1,0.9999793994139322,True
883,883,444,0,sty+perp,2,0,0.0004558591319436815,True
884,884,444,1,sty+perp,2,1,0.9996399420186775,True
885,885,445,0,sty+perp,2,0,0.000756134454476234,True
886,886,445,1,sty+perp,2,1,0.9381839107215609,True
887,887,446,0,sty+perp,2,0,0.0011212553062466377,True
888,888,446,1,sty+perp,2,1,0.997618180080636,True
889,889,447,0,sty+perp,2,0,2.972490972431372e-05,True
890,890,447,1,sty+perp,2,1,0.9985027749705239,True
891,891,448,0,sty+perp,2,0,0.0054337771570054,True
892,892,448,1,sty+perp,2,1,0.9998819437891053,True
893,893,449,0,sty+perp,2,0,0.0002514395148815257,True
894,894,449,1,sty+perp,2,1,0.9854080578655605,True
895,895,450,0,sty+perp,2,0,9.166444543979416e-05,True
896,896,450,1,sty+perp,2,1,0.9995670386049574,True
897,897,451,0,sty+perp,2,0,0.01992953531379664,True
898,898,451,1,sty+perp,2,1,0.9692351362826389,True
899,899,452,0,sty+perp,2,0,0.0029280652976030512,True
900,900,452,1,sty+perp,2,1,0.9797431027458726,True
901,901,453,0,sty+perp,2,0,0.00024385910409448788,True
902,902,453,1,sty+perp,2,1,0.9997285805326819,True
903,903,454,0,sty+perp,2,1,0.8028203903256916,False
904,904,454,1,sty+perp,2,1,0.9999806852350033,True
905,905,455,0,sty+perp,2,0,0.016803325369377224,True
906,906,455,1,sty+perp,2,1,0.9991419990496625,True
907,907,456,0,sty+perp,2,0,4.079385594339256e-05,True
908,908,456,1,sty+perp,2,1,0.9999696840580002,True
909,909,457,0,sty+perp,2,0,1.1485490201507986e-05,True
910,910,457,1,sty+perp,2,1,0.8660146120217046,True
911,911,458,0,sty+perp,2,0,0.00017244059027869585,True
912,912,458,1,sty+perp,2,1,0.999563635569257,True
913,913,459,0,sty+perp,2,0,0.011766261043601015,True
914,914,459,1,sty+perp,2,1,0.9996963318157429,True
915,915,460,0,sty+perp,2,0,0.0001596157198124792,True
916,916,460,1,sty+perp,2,1,0.9998831530184678,True
917,917,461,0,sty+perp,2,0,0.0009313334040633678,True
918,918,461,1,sty+perp,2,1,0.9999709049942294,True
919,919,462,0,sty+perp,2,0,0.0004938913358766743,True
920,920,462,1,sty+perp,2,1,0.9992840329735055,True
921,921,463,0,sty+perp,2,0,0.0012284830072686233,True
922,922,463,1,sty+perp,2,1,0.9937674532119138,True
923,923,464,0,sty+perp,2,0,0.0009906167403822997,True
924,924,464,1,sty+perp,2,1,0.999838343813407,True
925,925,465,0,sty+perp,2,0,1.356990525912722e-05,True
926,926,465,1,sty+perp,2,1,0.9912147952475565,True
927,927,466,0,sty+perp,2,0,0.36954012549112664,True
928,928,466,1,sty+perp,2,1,0.9871231519048191,True
929,929,467,0,sty+perp,2,0,0.005324347452400201,True
930,930,467,1,sty+perp,2,1,0.999246311226725,True
931,931,468,0,sty+perp,2,0,0.0031172537360282943,True
932,932,468,1,sty+perp,2,1,0.9979374321811394,True
933,933,469,0,sty+perp,2,0,0.00744815168176789,True
934,934,469,1,sty+perp,2,1,0.9999680494348236,True
935,935,470,0,sty+perp,2,0,0.0006618552273887721,True
936,936,470,1,sty+perp,2,1,0.9982218654110394,True
937,937,471,0,sty+perp,2,0,0.00010695184619991588,True
938,938,471,1,sty+perp,2,1,0.9998966191168775,True
939,939,472,0,sty+perp,2,0,0.007754164351634162,True
940,940,472,1,sty+perp,2,1,0.9999406914012998,True
941,941,473,0,sty+perp,2,0,0.004561242332558561,True
942,942,473,1,sty+perp,2,1,0.9997153914626171,True
943,943,474,0,sty+perp,2,0,4.322918767168116e-05,True
944,944,474,1,sty+perp,2,1,0.9538787531140236,True
945,945,475,0,sty+perp,2,0,0.02400918283212373,True
946,946,475,1,sty+perp,2,1,0.999748158194217,True
947,947,476,0,sty+perp,2,0,2.5769354477003062e-05,True
948,948,476,1,sty+perp,2,1,0.998549653479827,True
949,949,477,0,sty+perp,2,0,5.1198955691024426e-05,True
950,950,477,1,sty+perp,2,1,0.9990985398589942,True
951,951,478,0,sty+perp,2,0,0.4727614059886095,True
952,952,478,1,sty+perp,2,1,0.9980985073445126,True
953,953,479,0,sty+perp,2,0,3.703671585864325e-05,True
954,954,479,1,sty+perp,2,1,0.9989417101207503,True
955,955,480,0,sty+perp,2,0,0.0011078409449225368,True
956,956,480,1,sty+perp,2,1,0.9998298284574525,True
957,957,481,0,sty+perp,2,0,0.0016894521652115909,True
958,958,481,1,sty+perp,2,1,0.9505322907968452,True
959,959,482,0,sty+perp,2,0,0.026024447594421393,True
960,960,482,1,sty+perp,2,1,0.9999317560752016,True
961,961,483,0,sty+perp,2,0,0.013320224638009356,True
962,962,483,1,sty+perp,2,1,0.9990863871997709,True
963,963,484,0,sty+perp,2,0,0.002722235213257009,True
964,964,484,1,sty+perp,2,1,0.9999657856878065,True
965,965,485,0,sty+perp,2,0,0.00011145331891822975,True
966,966,485,1,sty+perp,2,1,0.9973147543290425,True
967,967,486,0,sty+perp,2,0,0.2644093622748988,True
968,968,486,1,sty+perp,2,1,0.9990228856929625,True
969,969,487,0,sty+perp,2,0,0.004295224182816869,True
970,970,487,1,sty+perp,2,1,0.9977260006288906,True
971,971,488,0,sty+perp,2,0,0.0002971671449623471,True
972,972,488,1,sty+perp,2,1,0.9999510134256976,True
973,973,489,0,sty+perp,2,0,0.007204750597280745,True
974,974,489,1,sty+perp,2,1,0.9980517987535564,True
975,975,490,0,sty+perp,2,0,0.027637806260531392,True
976,976,490,1,sty+perp,2,1,0.9996572706520073,True
977,977,491,0,sty+perp,2,0,0.00023375823075662033,True
978,978,491,1,sty+perp,2,1,0.9998450948803556,True
979,979,492,0,sty+perp,2,0,0.0003952181577823813,True
980,980,492,1,sty+perp,2,1,0.9965408348419403,True
981,981,493,0,sty+perp,2,0,0.0028651394205933896,True
982,982,493,1,sty+perp,2,1,0.9978271894341332,True
983,983,494,0,sty+perp,2,0,0.0064858845437527025,True
984,984,494,1,sty+perp,2,1,0.9849114513274557,True
985,985,495,0,sty+perp,2,0,0.005826038290743333,True
986,986,495,1,sty+perp,2,1,0.9980850061381809,True
987,987,496,0,sty+perp,2,0,4.692175009318358e-05,True
988,988,496,1,sty+perp,2,1,0.9989528904981422,True
989,989,497,0,sty+perp,2,0,0.00029122666685780157,True
990,990,497,1,sty+perp,2,1,0.9999674797963107,True
991,991,498,0,sty+perp,2,0,0.00014784047620103292,True
992,992,498,1,sty+perp,2,1,0.9974354058820811,True
993,993,499,0,sty+perp,2,0,0.0005595603217037859,True
994,994,499,1,sty+perp,2,1,0.9836723365889423,True
995,995,500,0,sty+perp,2,0,2.2672644706315483e-05,True
996,996,500,1,sty+perp,2,1,0.9999669408485022,True
997,997,501,0,sty+perp,2,0,0.00020965988033089423,True
998,998,501,1,sty+perp,2,1,0.9999180866410231,True
999,999,502,0,sty+perp,2,0,0.0020086251476128265,True
1000,1000,502,1,sty+perp,2,1,0.9997991439501016,True
1001,1001,503,0,sty+perp,2,0,2.5025001100391874e-05,True
1002,1002,503,1,sty+perp,2,1,0.999897869251794,True
1003,1003,504,0,sty+perp,2,0,0.0007498771043805497,True
1004,1004,504,1,sty+perp,2,1,0.9999246586223827,True
1005,1005,505,0,sty+perp,2,0,0.00029898908784358716,True
1006,1006,505,1,sty+perp,2,1,0.9983648496458917,True
1007,1007,506,0,sty+perp,2,0,0.011052272602231657,True
1008,1008,506,1,sty+perp,2,1,0.9910289032467995,True
1009,1009,507,0,sty+perp,2,0,0.06168252149702289,True
1010,1010,507,1,sty+perp,2,1,0.9998606363581571,True
1011,1011,508,0,sty+perp,2,0,0.0013969279573329016,True
1012,1012,508,1,sty+perp,2,1,0.9995127385084737,True
1013,1013,509,0,sty+perp,2,0,2.6519655598934103e-05,True
1014,1014,509,1,sty+perp,2,1,0.999937649215341,True
1015,1015,510,0,sty+perp,2,0,0.000208874650886233,True
1016,1016,510,1,sty+perp,2,1,0.5437087209260946,True
1017,1017,511,0,sty+perp,2,0,1.82612627117713e-05,True
1018,1018,511,1,sty+perp,2,1,0.999826774488114,True
1019,1019,512,0,sty+perp,2,0,0.02957552384982266,True
1020,1020,512,1,sty+perp,2,1,0.9708434790460977,True
1021,1021,513,0,sty+perp,2,0,0.04829753467762998,True
1022,1022,513,1,sty+perp,2,1,0.9999728176259587,True
1023,1023,514,0,sty+perp,2,0,0.0029000475947993138,True
1024,1024,514,1,sty+perp,2,1,0.9999106253744366,True
1025,1025,515,0,sty+perp,2,0,7.31077031276874e-05,True
1026,1026,515,1,sty+perp,2,1,0.6446388397112021,True
1027,1027,516,0,sty+perp,2,0,0.0001676810927391177,True
1028,1028,516,1,sty+perp,2,1,0.9996657222458479,True
1029,1029,517,0,sty+perp,2,0,0.00017543564113619962,True
1030,1030,517,1,sty+perp,2,1,0.9998098509892727,True
1031,1031,518,0,sty+perp,2,0,0.0004176372200919143,True
1032,1032,518,1,sty+perp,2,1,0.9994746838899888,True
1033,1033,519,0,sty+perp,2,0,0.0009300377688528902,True
1034,1034,519,1,sty+perp,2,1,0.9998972593346934,True
1035,1035,520,0,sty+perp,2,0,0.0033666535323758156,True
1036,1036,520,1,sty+perp,2,1,0.9998860149238917,True
1037,1037,521,0,sty+perp,2,0,8.145508902434402e-05,True
1038,1038,521,1,sty+perp,2,1,0.9999684822332606,True
1039,1039,522,0,sty+perp,2,0,0.0005057612182014959,True
1040,1040,522,1,sty+perp,2,1,0.9965899387265561,True
1041,1041,523,0,sty+perp,2,0,0.00019172995776864396,True
1042,1042,523,1,sty+perp,2,1,0.99123422514963,True
1043,1043,524,0,sty+perp,2,0,0.0007779881312391661,True
1044,1044,524,1,sty+perp,2,1,0.697214043242939,True
1045,1045,525,0,sty+perp,2,0,0.0003918682296414633,True
1046,1046,525,1,sty+perp,2,1,0.9995120160085363,True
1047,1047,526,0,sty+perp,2,0,0.14901422955771698,True
1048,1048,526,1,sty+perp,2,1,0.99378112620457,True
1049,1049,527,0,sty+perp,2,0,4.715503751849585e-05,True
1050,1050,527,1,sty+perp,2,1,0.9999154159698974,True
1051,1051,528,0,sty+perp,2,0,0.0009293247465233161,True
1052,1052,528,1,sty+perp,2,1,0.9992570972863211,True
1053,1053,529,0,sty+perp,2,0,0.00025608895044566284,True
1054,1054,529,1,sty+perp,2,1,0.9996767412598766,True
1055,1055,530,0,sty+perp,2,0,0.0005775738953291737,True
1056,1056,530,1,sty+perp,2,1,0.999928472907469,True
1057,1057,531,0,sty+perp,2,0,0.40501022131487563,True
1058,1058,531,1,sty+perp,2,1,0.9998783899305508,True
1059,1059,532,0,sty+perp,2,0,5.777475844608307e-06,True
1060,1060,532,1,sty+perp,2,1,0.9997572921363402,True
1061,1061,533,0,sty+perp,2,0,0.008547381139777379,True
1062,1062,533,1,sty+perp,2,1,0.9997160630073353,True
1063,1063,534,0,sty+perp,2,0,0.0005216807906915627,True
1064,1064,534,1,sty+perp,2,1,0.9419842655842919,True
1065,1065,535,0,sty+perp,2,0,0.05963913713796024,True
1066,1066,535,1,sty+perp,2,0,0.014585037480283522,False
1067,1067,536,0,sty+perp,2,0,0.0012912007120066346,True
1068,1068,536,1,sty+perp,2,1,0.9994801264316319,True
1069,1069,537,0,sty+perp,2,0,0.00013577145130002822,True
1070,1070,537,1,sty+perp,2,1,0.9998050458443062,True
1071,1071,538,0,sty+perp,2,0,0.0007950570114916321,True
1072,1072,538,1,sty+perp,2,1,0.9999098429096461,True
1073,1073,539,0,sty+perp,2,0,6.166118260153528e-05,True
1074,1074,539,1,sty+perp,2,1,0.9934439829514518,True
1075,1075,540,0,sty+perp,2,0,0.00020391315138918622,True
1076,1076,540,1,sty+perp,2,1,0.9981758489978213,True
1077,1077,541,0,sty+perp,2,0,0.000840101537113284,True
1078,1078,541,1,sty+perp,2,1,0.9995826252682923,True
1079,1079,542,0,sty+perp,2,0,0.005514346537929299,True
1080,1080,542,1,sty+perp,2,1,0.6546102360816215,True
1081,1081,543,0,sty+perp,2,0,0.0007146857682623063,True
1082,1082,543,1,sty+perp,2,1,0.9986270739533551,True
1083,1083,544,0,sty+perp,2,0,0.0011922990112272695,True
1084,1084,544,1,sty+perp,2,1,0.9999567846889628,True
1085,1085,545,0,sty+perp,2,0,0.0003389628019062443,True
1086,1086,545,1,sty+perp,2,1,0.9999218611455755,True
1087,1087,546,0,sty+perp,2,0,0.00015985927251115523,True
1088,1088,546,1,sty+perp,2,1,0.9095724675824342,True
1089,1089,547,0,sty+perp,2,0,0.005155185211518775,True
1090,1090,547,1,sty+perp,2,1,0.9761727138771783,True
1091,1091,548,0,sty+perp,2,0,0.001302816247658276,True
1092,1092,548,1,sty+perp,2,1,0.6271030732186693,True
1093,1093,549,0,sty+perp,2,0,0.002060161275583698,True
1094,1094,549,1,sty+perp,2,1,0.9999604338333477,True
1095,1095,550,0,sty+perp,2,0,0.0020849791713819766,True
1096,1096,550,1,sty+perp,2,1,0.9996941624603942,True
1097,1097,551,0,sty+perp,2,0,0.005893135637875575,True
1098,1098,551,1,sty+perp,2,1,0.998038115622019,True
1099,1099,552,0,sty+perp,2,0,0.0050729593018329034,True
1100,1100,552,1,sty+perp,2,1,0.9998412479028306,True
1101,1101,553,0,sty+perp,2,0,0.04673806514478281,True
1102,1102,553,1,sty+perp,2,1,0.9998073336981299,True
1103,1103,554,0,sty+perp,2,0,0.015232436888928676,True
1104,1104,554,1,sty+perp,2,1,0.9975429976102869,True
1105,1105,555,0,sty+perp,2,0,0.00294242302212366,True
1106,1106,555,1,sty+perp,2,1,0.999916664991448,True
1107,1107,556,0,sty+perp,2,0,0.003361701636365387,True
1108,1108,556,1,sty+perp,2,0,0.1617651786223177,False
1109,1109,557,0,sty+perp,2,0,0.015708805601075033,True
1110,1110,557,1,sty+perp,2,1,0.9973990217546119,True
1111,1111,558,0,sty+perp,2,0,0.009539975008110728,True
1112,1112,558,1,sty+perp,2,1,0.999906446530529,True
1113,1113,559,0,sty+perp,2,0,0.0009102593928810494,True
1114,1114,559,1,sty+perp,2,1,0.984970632459741,True
1115,1115,560,0,sty+perp,2,0,0.00012721916793847904,True
1116,1116,560,1,sty+perp,2,1,0.9953181794047703,True
1117,1117,561,0,sty+perp,2,0,0.16746056694861047,True
1118,1118,561,1,sty+perp,2,1,0.9932883918395468,True
1119,1119,562,0,sty+perp,2,0,0.0005560193503367943,True
1120,1120,562,1,sty+perp,2,1,0.7767150196537614,True
1121,1121,563,0,sty+perp,2,0,0.0003499647502482275,True
1122,1122,563,1,sty+perp,2,1,0.9997201951648106,True
1123,1123,564,0,sty+perp,2,0,0.0010018599324141968,True
1124,1124,564,1,sty+perp,2,1,0.9640830769401707,True
1125,1125,565,0,sty+perp,2,0,0.01074384119368782,True
1126,1126,565,1,sty+perp,2,1,0.9999301708906534,True
1127,1127,566,0,sty+perp,2,0,0.006640174229204723,True
1128,1128,566,1,sty+perp,2,1,0.9999912698239579,True
1129,1129,567,0,sty+perp,2,0,3.074156092910845e-06,True
1130,1130,567,1,sty+perp,2,1,0.9818774238444262,True
1131,1131,568,0,sty+perp,2,0,1.6685436084270728e-05,True
1132,1132,568,1,sty+perp,2,1,0.9997464250984257,True
1133,1133,569,0,sty+perp,2,0,0.0008543712492199422,True
1134,1134,569,1,sty+perp,2,1,0.9989133691212408,True
1135,1135,570,0,sty+perp,2,0,0.01638289954069023,True
1136,1136,570,1,sty+perp,2,1,0.9993432944986184,True
1137,1137,571,0,sty+perp,2,0,0.0764712056893737,True
1138,1138,571,1,sty+perp,2,1,0.9469564475231292,True
1139,1139,572,0,sty+perp,2,0,0.001200480714694533,True
1140,1140,572,1,sty+perp,2,1,0.9704529300722143,True
1141,1141,573,0,sty+perp,2,0,0.00011593451543881842,True
1142,1142,573,1,sty+perp,2,0,0.07621380751121182,False
1143,1143,574,0,sty+perp,2,0,0.00015488157093039245,True
1144,1144,574,1,sty+perp,2,1,0.9982212096270092,True
1145,1145,575,0,sty+perp,2,0,5.1618910256764786e-05,True
1146,1146,575,1,sty+perp,2,1,0.9999831394816249,True
1147,1147,576,0,sty+perp,2,0,1.0108581500970052e-05,True
1148,1148,576,1,sty+perp,2,1,0.9407646066105407,True
1149,1149,577,0,sty+perp,2,0,0.49925748242889,True
1150,1150,577,1,sty+perp,2,1,0.9999740881673826,True
1151,1151,578,0,sty+perp,2,0,0.0018961604911741858,True
1152,1152,578,1,sty+perp,2,1,0.9996567173077439,True
1153,1153,579,0,sty+perp,2,0,0.002128111548309796,True
1154,1154,579,1,sty+perp,2,1,0.6063959227766527,True
1155,1155,580,0,sty+perp,2,0,0.00354025936529442,True
1156,1156,580,1,sty+perp,2,1,0.9997046230054094,True
1157,1157,581,0,sty+perp,2,0,0.0076788199408104425,True
1158,1158,581,1,sty+perp,2,1,0.9999890765579104,True
1159,1159,582,0,sty+perp,2,0,0.0008718577242445067,True
1160,1160,582,1,sty+perp,2,0,0.39959620204511853,False
1161,1161,583,0,sty+perp,2,0,0.00024572536479436385,True
1162,1162,583,1,sty+perp,2,1,0.9985162355033365,True
1163,1163,584,0,sty+perp,2,0,0.0025292822601487345,True
1164,1164,584,1,sty+perp,2,1,0.9971470952097478,True
1165,1165,585,0,sty+perp,2,0,2.9634688538317807e-05,True
1166,1166,585,1,sty+perp,2,1,0.996347689416047,True
1167,1167,586,0,sty+perp,2,0,3.2504017786552564e-05,True
1168,1168,586,1,sty+perp,2,1,0.9999222096440977,True
1169,1169,587,0,sty+perp,2,0,7.255589276542756e-05,True
1170,1170,587,1,sty+perp,2,1,0.9998082381500101,True
1171,1171,588,0,sty+perp,2,0,0.010322339963494142,True
1172,1172,588,1,sty+perp,2,1,0.9998278012955798,True
1173,1173,589,0,sty+perp,2,0,0.06407612966067608,True
1174,1174,589,1,sty+perp,2,1,0.9997814718537589,True
1175,1175,590,0,sty+perp,2,0,0.00034117826028287363,True
1176,1176,590,1,sty+perp,2,1,0.9995212649564573,True
1177,1177,591,0,sty+perp,2,0,0.0009778186435376176,True
1178,1178,591,1,sty+perp,2,1,0.9991592936482141,True
1179,1179,592,0,sty+perp,2,0,0.00024170508644171565,True
1180,1180,592,1,sty+perp,2,1,0.9975774261595055,True
1181,1181,593,0,sty+perp,2,0,1.0454787081604575e-05,True
1182,1182,593,1,sty+perp,2,1,0.9952909698032765,True
1183,1183,594,0,sty+perp,2,0,0.00021964100339031653,True
1184,1184,594,1,sty+perp,2,1,0.999952348659451,True
1185,1185,595,0,sty+perp,2,0,6.332892397899905e-05,True
1186,1186,595,1,sty+perp,2,1,0.9982306699056088,True
1187,1187,596,0,sty+perp,2,0,0.06040129725779991,True
1188,1188,596,1,sty+perp,2,1,0.9999145424765857,True
1189,1189,597,0,sty+perp,2,0,0.0007887059622231951,True
1190,1190,597,1,sty+perp,2,1,0.9944310984902097,True
1191,1191,598,0,sty+perp,2,0,0.0003573240484335244,True
1192,1192,598,1,sty+perp,2,1,0.9656795014712931,True
1193,1193,599,0,sty+perp,2,0,0.024407185657368866,True
1194,1194,599,1,sty+perp,2,1,0.9998447564146097,True
1195,1195,600,0,sty+perp,2,0,0.00027446907229839313,True
1196,1196,600,1,sty+perp,2,1,0.9990035153759317,True
1197,1197,601,0,sty+perp,2,0,0.024726439107704456,True
1198,1198,601,1,sty+perp,2,1,0.9846242510799657,True
1199,1199,602,0,sty+perp,2,0,0.0029364140005992798,True
1200,1200,602,1,sty+perp,2,1,0.9995402583671577,True
1201,1201,603,0,sty+perp,2,0,0.00010027070028857328,True
1202,1202,603,1,sty+perp,2,1,0.9927620322278868,True
1203,1203,604,0,sty+perp,2,0,6.692794510558902e-05,True
1204,1204,604,1,sty+perp,2,1,0.999969241748007,True
1205,1205,605,0,sty+perp,2,0,0.014486458270789454,True
1206,1206,605,1,sty+perp,2,1,0.9938551905091182,True
1207,1207,606,0,sty+perp,2,0,0.013567380622618093,True
1208,1208,606,1,sty+perp,2,1,0.9993900265064665,True
1209,1209,607,0,sty+perp,2,0,0.004096156814545592,True
1210,1210,607,1,sty+perp,2,1,0.9998074884891702,True
1211,1211,608,0,sty+perp,2,0,7.252350896339532e-05,True
1212,1212,608,1,sty+perp,2,1,0.99995688044434,True
1213,1213,609,0,sty+perp,2,0,0.00041674266516281605,True
1214,1214,609,1,sty+perp,2,1,0.9998334645760316,True
1215,1215,610,0,sty+perp,2,0,0.00042943708802005486,True
1216,1216,610,1,sty+perp,2,1,0.9356990275182306,True
1217,1217,611,0,sty+perp,2,0,2.1022044551254697e-05,True
1218,1218,611,1,sty+perp,2,1,0.9999598381951474,True
1219,1219,612,0,sty+perp,2,0,0.17205633901836875,True
1220,1220,612,1,sty+perp,2,1,0.9828056227377768,True
1221,1221,613,0,sty+perp,2,0,0.00246998705625303,True
1222,1222,613,1,sty+perp,2,1,0.9998838874626567,True
1223,1223,614,0,sty+perp,2,0,0.0012010344842257848,True
1224,1224,614,1,sty+perp,2,1,0.9991658654131662,True
1225,1225,615,0,sty+perp,2,0,0.00017775068366659443,True
1226,1226,615,1,sty+perp,2,1,0.996252770839279,True
1227,1227,616,0,sty+perp,2,0,0.2715081779903045,True
1228,1228,616,1,sty+perp,2,1,0.9856925278194553,True
1229,1229,617,0,sty+perp,2,0,0.007339986348141393,True
1230,1230,617,1,sty+perp,2,1,0.9990933046460717,True
1231,1231,618,0,sty+perp,2,0,0.0012838948031417437,True
1232,1232,618,1,sty+perp,2,1,0.9999023282378091,True
1233,1233,619,0,sty+perp,2,1,0.9124026740510647,False
1234,1234,619,1,sty+perp,2,1,0.9987890396911111,True
1235,1235,620,0,sty+perp,2,0,4.459677736935231e-05,True
1236,1236,620,1,sty+perp,2,1,0.9949689133146881,True
1237,1237,621,0,sty+perp,2,0,0.0020845993802778187,True
1238,1238,621,1,sty+perp,2,1,0.999384767011523,True
1239,1239,622,0,sty+perp,2,0,0.00704702215155183,True
1240,1240,622,1,sty+perp,2,1,0.9998869152527313,True
1241,1241,623,0,sty+perp,2,0,0.013299847685707585,True
1242,1242,623,1,sty+perp,2,1,0.9985629644686072,True
1243,1243,624,0,sty+perp,2,0,0.0038516136382046036,True
1244,1244,624,1,sty+perp,2,1,0.9998917811095889,True
1245,1245,625,0,sty+perp,2,0,0.0002006248683795685,True
1246,1246,625,1,sty+perp,2,1,0.9576813885911543,True
1247,1247,626,0,sty+perp,2,0,0.00011330186405233587,True
1248,1248,626,1,sty+perp,2,1,0.9999516776856272,True
1249,1249,627,0,sty+perp,2,0,7.183566776972192e-05,True
1250,1250,627,1,sty+perp,2,1,0.9999344792330225,True
1251,1251,628,0,sty+perp,2,0,8.916992312882134e-05,True
1252,1252,628,1,sty+perp,2,1,0.999976275065115,True
1253,1253,629,0,sty+perp,2,0,0.0003378333022907353,True
1254,1254,629,1,sty+perp,2,0,0.17633236886065728,False
1255,1255,630,0,sty+perp,2,0,0.00010358792912722464,True
1256,1256,630,1,sty+perp,2,1,0.9996521931757784,True
1257,1257,631,0,sty+perp,2,0,7.302305117604353e-05,True
1258,1258,631,1,sty+perp,2,1,0.9057538864638093,True
1259,1259,632,0,sty+perp,2,0,0.00048706261849063335,True
1260,1260,632,1,sty+perp,2,1,0.9990177315556574,True
1261,1261,633,0,sty+perp,2,0,6.711225341223086e-05,True
1262,1262,633,1,sty+perp,2,1,0.9695654416006068,True
1263,1263,634,0,sty+perp,2,0,0.002354020572749341,True
1264,1264,634,1,sty+perp,2,1,0.994469299787127,True
1265,1265,635,0,sty+perp,2,0,0.006889573309382478,True
1266,1266,635,1,sty+perp,2,1,0.9983305703065598,True
1267,1267,636,0,sty+perp,2,0,0.004873577131847136,True
1268,1268,636,1,sty+perp,2,1,0.9999702280342417,True
1269,1269,637,0,sty+perp,2,1,0.7995372677578425,False
1270,1270,637,1,sty+perp,2,1,0.9999664960373966,True
1271,1271,638,0,sty+perp,2,0,0.0014037841795745696,True
1272,1272,638,1,sty+perp,2,1,0.9999205479597695,True
1273,1273,639,0,sty+perp,2,0,0.0003082929030783579,True
1274,1274,639,1,sty+perp,2,1,0.9999728553717182,True
1275,1275,640,0,sty+perp,2,0,0.0005698626036261413,True
1276,1276,640,1,sty+perp,2,1,0.9998116186801366,True
1277,1277,641,0,sty+perp,2,0,0.003028961941073252,True
1278,1278,641,1,sty+perp,2,1,0.9990722236417094,True
1279,1279,642,0,sty+perp,2,0,1.1712126711957611e-05,True
1280,1280,642,1,sty+perp,2,1,0.9966889935821196,True
1281,1281,643,0,sty+perp,2,0,5.828016444872611e-05,True
1282,1282,643,1,sty+perp,2,1,0.9994941080017333,True
1283,1283,644,0,sty+perp,2,0,0.0005337940929643161,True
1284,1284,644,1,sty+perp,2,1,0.999939252238813,True
1285,1285,645,0,sty+perp,2,0,0.004539056001628585,True
1286,1286,645,1,sty+perp,2,1,0.9997917984226272,True
1287,1287,646,0,sty+perp,2,0,0.0019998422146594625,True
1288,1288,646,1,sty+perp,2,1,0.9996026829554493,True
1289,1289,647,0,sty+perp,2,0,6.0652604770126015e-05,True
1290,1290,647,1,sty+perp,2,1,0.99996193036643,True
1291,1291,648,0,sty+perp,2,0,0.00827298499526921,True
1292,1292,648,1,sty+perp,2,1,0.9999057414342221,True
1293,1293,649,0,sty+perp,2,0,7.768927952504248e-06,True
1294,1294,649,1,sty+perp,2,1,0.9997444723511033,True
1295,1295,650,0,sty+perp,2,0,1.4487867169671635e-05,True
1296,1296,650,1,sty+perp,2,1,0.969065979347738,True
1297,1297,651,0,sty+perp,2,0,0.0013097871061520502,True
1298,1298,651,1,sty+perp,2,1,0.996482835481451,True
1299,1299,652,0,sty+perp,2,0,0.0010507694051698443,True
1300,1300,652,1,sty+perp,2,1,0.9559256907486082,True
1301,1301,653,0,sty+perp,2,0,0.0004010920589649992,True
1302,1302,653,1,sty+perp,2,1,0.9990126369212052,True
1303,1303,654,0,sty+perp,2,0,0.0017439757165200063,True
1304,1304,654,1,sty+perp,2,1,0.9988408778108117,True
1305,1305,655,0,sty+perp,2,0,0.0008094016046558881,True
1306,1306,655,1,sty+perp,2,1,0.9987144054821406,True
1307,1307,656,0,sty+perp,2,0,0.012399461497928168,True
1308,1308,656,1,sty+perp,2,1,0.9944253855253182,True
1309,1309,657,0,sty+perp,2,0,0.0001416636727879661,True
1310,1310,657,1,sty+perp,2,1,0.9991462196097705,True
1311,1311,658,0,sty+perp,2,0,0.00012987974656969713,True
1312,1312,658,1,sty+perp,2,1,0.9984716828223773,True
1313,1313,659,0,sty+perp,2,0,0.000645371616352623,True
1314,1314,659,1,sty+perp,2,1,0.9999071062401615,True
1315,1315,660,0,sty+perp,2,0,0.00022388590597037755,True
1316,1316,660,1,sty+perp,2,1,0.94891109647606,True
1317,1317,661,0,sty+perp,2,0,0.0001486049160462632,True
1318,1318,661,1,sty+perp,2,1,0.9997496823081454,True
1319,1319,662,0,sty+perp,2,0,1.8340732452732032e-05,True
1320,1320,662,1,sty+perp,2,1,0.9999625578887134,True
1321,1321,663,0,sty+perp,2,0,0.00015379133248613925,True
1322,1322,663,1,sty+perp,2,1,0.999456188432565,True
1323,1323,664,0,sty+perp,2,0,0.0013856670584084208,True
1324,1324,664,1,sty+perp,2,1,0.9999644006276178,True
1325,1325,665,0,sty+perp,2,0,0.00020342033954963721,True
1326,1326,665,1,sty+perp,2,1,0.9950739578336181,True
1327,1327,666,0,sty+perp,2,0,0.0002269486931200537,True
1328,1328,666,1,sty+perp,2,1,0.8906107749154388,True
1329,1329,667,0,sty+perp,2,0,2.089337498268781e-05,True
1330,1330,667,1,sty+perp,2,1,0.9999084948528367,True
1331,1331,668,0,sty+perp,2,0,0.36110245486861403,True
1332,1332,668,1,sty+perp,2,1,0.9659168582965925,True
1333,1333,669,0,sty+perp,2,0,3.6483592418320105e-05,True
1334,1334,669,1,sty+perp,2,1,0.9997377939273243,True
1335,1335,670,0,sty+perp,2,0,0.0004061840129815022,True
1336,1336,670,1,sty+perp,2,1,0.9999872837294065,True
1337,1337,671,0,sty+perp,2,0,0.00029910968570979476,True
1338,1338,671,1,sty+perp,2,1,0.9991856548120227,True
1339,1339,672,0,sty+perp,2,0,3.2837238972753e-05,True
1340,1340,672,1,sty+perp,2,1,0.9967263573697229,True
1341,1341,673,0,sty+perp,2,0,0.006757280391465357,True
1342,1342,673,1,sty+perp,2,1,0.9999682107499634,True
1343,1343,674,0,sty+perp,2,0,0.0010035516953747243,True
1344,1344,674,1,sty+perp,2,1,0.7167311206356664,True
1345,1345,675,0,sty+perp,2,0,2.772694377261572e-05,True
1346,1346,675,1,sty+perp,2,1,0.9786395169072888,True
1347,1347,676,0,sty+perp,2,0,0.001844438786011041,True
1348,1348,676,1,sty+perp,2,1,0.9996788662950183,True
1349,1349,677,0,sty+perp,2,0,6.130968810827075e-05,True
1350,1350,677,1,sty+perp,2,1,0.9999717735402165,True
1351,1351,678,0,sty+perp,2,0,0.0003164002998833537,True
1352,1352,678,1,sty+perp,2,1,0.9992714313706719,True
1353,1353,679,0,sty+perp,2,0,0.0007302555384449716,True
1354,1354,679,1,sty+perp,2,1,0.9974785972594311,True
1355,1355,680,0,sty+perp,2,1,0.5620090740656256,False
1356,1356,680,1,sty+perp,2,1,0.9993907733653241,True
1357,1357,681,0,sty+perp,2,0,1.3148125629390105e-05,True
1358,1358,681,1,sty+perp,2,1,0.9962960746455903,True
1359,1359,682,0,sty+perp,2,0,8.882100827449227e-05,True
1360,1360,682,1,sty+perp,2,1,0.9975516585762729,True
1361,1361,683,0,sty+perp,2,0,0.00017294854647673468,True
1362,1362,683,1,sty+perp,2,1,0.9982887631445877,True
1363,1363,684,0,sty+perp,2,0,0.00010362703390688113,True
1364,1364,684,1,sty+perp,2,1,0.999856407998724,True
1365,1365,685,0,sty+perp,2,0,0.004169726411539721,True
1366,1366,685,1,sty+perp,2,1,0.9998282205337204,True
1367,1367,686,0,sty+perp,2,0,0.0007237834125427992,True
1368,1368,686,1,sty+perp,2,1,0.9998072032953387,True
1369,1369,687,0,sty+perp,2,0,0.00025675361777585676,True
1370,1370,687,1,sty+perp,2,1,0.9980360680645665,True
1371,1371,688,0,sty+perp,2,0,0.00012715187788359187,True
1372,1372,688,1,sty+perp,2,1,0.9965440817519198,True
1373,1373,689,0,sty+perp,2,0,0.0012281721060961666,True
1374,1374,689,1,sty+perp,2,1,0.9994831787429128,True
1375,1375,690,0,sty+perp,2,0,0.0007235178505211908,True
1376,1376,690,1,sty+perp,2,1,0.9985875422063805,True
1377,1377,691,0,sty+perp,2,0,0.04248140236472437,True
1378,1378,691,1,sty+perp,2,1,0.5061944222575592,True
1379,1379,692,0,sty+perp,2,0,2.7107711804274197e-05,True
1380,1380,692,1,sty+perp,2,1,0.9891769017049545,True
1381,1381,693,0,sty+perp,2,0,0.00661463202302161,True
1382,1382,693,1,sty+perp,2,1,0.9994141161937757,True
1383,1383,694,0,sty+perp,2,0,0.00012903018515401598,True
1384,1384,694,1,sty+perp,2,1,0.9009811631840543,True
1385,1385,695,0,sty+perp,2,0,0.006796811334235159,True
1386,1386,695,1,sty+perp,2,1,0.9994815703357713,True
1387,1387,696,0,sty+perp,2,0,0.0008652828428810974,True
1388,1388,696,1,sty+perp,2,1,0.9997224641631156,True
1389,1389,697,0,sty+perp,2,0,2.91671046390886e-05,True
1390,1390,697,1,sty+perp,2,1,0.998210962540497,True
1391,1391,698,0,sty+perp,2,0,3.4289476898127085e-05,True
1392,1392,698,1,sty+perp,2,1,0.9736158574960394,True
1393,1393,699,0,sty+perp,2,0,0.10288991545436138,True
1394,1394,699,1,sty+perp,2,1,0.9999752134915864,True
1395,1395,700,0,sty+perp,2,0,0.0004941633980987083,True
1396,1396,700,1,sty+perp,2,1,0.9988710642938071,True
1397,1397,701,0,sty+perp,2,0,0.00016858443043582015,True
1398,1398,701,1,sty+perp,2,1,0.9998990259595083,True
1399,1399,702,0,sty+perp,2,0,0.0018264179805108486,True
1400,1400,702,1,sty+perp,2,1,0.981813531971487,True
1401,1401,703,0,sty+perp,2,0,0.0024337581023464046,True
1402,1402,703,1,sty+perp,2,1,0.9040272877967629,True
1403,1403,704,0,sty+perp,2,0,0.1094569016405805,True
1404,1404,704,1,sty+perp,2,1,0.9996422500921858,True
1405,1405,705,0,sty+perp,2,0,0.0003143553008044717,True
1406,1406,705,1,sty+perp,2,1,0.9996981475416685,True
1407,1407,706,0,sty+perp,2,0,0.0017038503797078487,True
1408,1408,706,1,sty+perp,2,1,0.9797266396341828,True
1409,1409,707,0,sty+perp,2,0,0.03344847798665311,True
1410,1410,707,1,sty+perp,2,1,0.9999653352431059,True
1411,1411,708,0,sty+perp,2,0,0.0038290039956235715,True
1412,1412,708,1,sty+perp,2,1,0.9282140593741603,True
1413,1413,709,0,sty+perp,2,0,0.0014753500810338594,True
1414,1414,709,1,sty+perp,2,1,0.9999463364134794,True
1415,1415,710,0,sty+perp,2,0,1.1847794348251444e-05,True
1416,1416,710,1,sty+perp,2,1,0.9995965325256079,True
1417,1417,711,0,sty+perp,2,0,1.9241046566805585e-05,True
1418,1418,711,1,sty+perp,2,1,0.9997428854805495,True
1419,1419,712,0,sty+perp,2,0,0.005078349219500702,True
1420,1420,712,1,sty+perp,2,1,0.9937195624662036,True
1421,1421,713,0,sty+perp,2,0,0.05421505262291279,True
1422,1422,713,1,sty+perp,2,1,0.9999689753345179,True
1423,1423,714,0,sty+perp,2,0,0.0013621209573477391,True
1424,1424,714,1,sty+perp,2,1,0.992283818929896,True
1425,1425,715,0,sty+perp,2,0,0.0001722429909396475,True
1426,1426,715,1,sty+perp,2,1,0.9995332096512779,True
1427,1427,716,0,sty+perp,2,0,0.00017595212713488717,True
1428,1428,716,1,sty+perp,2,1,0.9999295644170737,True
1429,1429,717,0,sty+perp,2,0,0.004526923496145818,True
1430,1430,717,1,sty+perp,2,1,0.9991481212437526,True
1431,1431,718,0,sty+perp,2,0,0.0002566224253693529,True
1432,1432,718,1,sty+perp,2,1,0.9999565371894568,True
1433,1433,719,0,sty+perp,2,0,0.0012130609125007936,True
1434,1434,719,1,sty+perp,2,1,0.9991393592238234,True
1435,1435,720,0,sty+perp,2,1,0.5215751579072389,False
1436,1436,720,1,sty+perp,2,1,0.9819273655266443,True
1437,1437,721,0,sty+perp,2,0,0.000228967573412651,True
1438,1438,721,1,sty+perp,2,1,0.9997724563884195,True
1439,1439,722,0,sty+perp,2,0,0.003962924124300351,True
1440,1440,722,1,sty+perp,2,1,0.9975270908770204,True
1441,1441,723,0,sty+perp,2,0,0.06884679745735336,True
1442,1442,723,1,sty+perp,2,1,0.9999677621139218,True
1443,1443,724,0,sty+perp,2,0,0.0015246884497696414,True
1444,1444,724,1,sty+perp,2,1,0.9999515255290847,True
1445,1445,725,0,sty+perp,2,0,0.0003991784227655585,True
1446,1446,725,1,sty+perp,2,1,0.9992599302089197,True
1447,1447,726,0,sty+perp,2,0,0.0002864462071810687,True
1448,1448,726,1,sty+perp,2,1,0.9999281703588495,True
1449,1449,727,0,sty+perp,2,0,5.351538952592957e-06,True
1450,1450,727,1,sty+perp,2,1,0.9933254060601145,True
1451,1451,728,0,sty+perp,2,0,0.0007511572297373211,True
1452,1452,728,1,sty+perp,2,1,0.9999713512424586,True
1453,1453,729,0,sty+perp,2,0,0.00010171953034557412,True
1454,1454,729,1,sty+perp,2,0,0.09983552111856935,False
1455,1455,730,0,sty+perp,2,0,0.0032017239947772403,True
1456,1456,730,1,sty+perp,2,1,0.9998047264382077,True
1457,1457,731,0,sty+perp,2,0,0.00408523422744203,True
1458,1458,731,1,sty+perp,2,1,0.99985003867162,True
1459,1459,732,0,sty+perp,2,0,2.2250937025352637e-05,True
1460,1460,732,1,sty+perp,2,1,0.9994334212870465,True
1461,1461,733,0,sty+perp,2,0,1.1225105783730127e-05,True
1462,1462,733,1,sty+perp,2,1,0.9998298389631687,True
1463,1463,734,0,sty+perp,2,0,0.010157109201359924,True
1464,1464,734,1,sty+perp,2,1,0.9996212984971223,True
1465,1465,735,0,sty+perp,2,0,6.473197653286592e-05,True
1466,1466,735,1,sty+perp,2,1,0.9919090226822869,True
1467,1467,736,0,sty+perp,2,0,0.0003893057259028637,True
1468,1468,736,1,sty+perp,2,1,0.9990395001187147,True
1469,1469,737,0,sty+perp,2,0,1.0625219301912153e-05,True
1470,1470,737,1,sty+perp,2,1,0.9840668160375279,True
1471,1471,738,0,sty+perp,2,0,0.002148388523439116,True
1472,1472,738,1,sty+perp,2,1,0.9982729425070387,True
1473,1473,739,0,sty+perp,2,0,0.00854789556571583,True
1474,1474,739,1,sty+perp,2,1,0.9999759345329061,True
1475,1475,740,0,sty+perp,2,0,0.00042299415349510155,True
1476,1476,740,1,sty+perp,2,1,0.99991195939606,True
1477,1477,741,0,sty+perp,2,0,0.0005617419196862302,True
1478,1478,741,1,sty+perp,2,1,0.9971100250293851,True
1479,1479,742,0,sty+perp,2,0,0.006941487918563871,True
1480,1480,742,1,sty+perp,2,1,0.9929274800347283,True
1481,1481,743,0,sty+perp,2,0,0.005527285179652564,True
1482,1482,743,1,sty+perp,2,1,0.9979111692343002,True
1483,1483,744,0,sty+perp,2,0,4.1742330056753495e-05,True
1484,1484,744,1,sty+perp,2,1,0.9977078937887698,True
1485,1485,745,0,sty+perp,2,0,0.000445297248758306,True
1486,1486,745,1,sty+perp,2,1,0.9999264701423366,True
1487,1487,746,0,sty+perp,2,0,7.819057310603786e-05,True
1488,1488,746,1,sty+perp,2,1,0.9999251537411346,True
1489,1489,747,0,sty+perp,2,0,0.010555970832137048,True
1490,1490,747,1,sty+perp,2,1,0.9985423913078372,True
1491,1491,748,0,sty+perp,2,0,8.885508610110676e-05,True
1492,1492,748,1,sty+perp,2,1,0.9991693805491193,True
1493,1493,749,0,sty+perp,2,0,0.0022909422518758156,True
1494,1494,749,1,sty+perp,2,1,0.9461342950393865,True
1495,1495,750,0,sty+perp,2,0,5.806916727129295e-05,True
1496,1496,750,1,sty+perp,2,1,0.9999837099877604,True
1497,1497,751,0,sty+perp,2,0,0.3596383982440677,True
1498,1498,751,1,sty+perp,2,1,0.9999468690301149,True
1499,1499,752,0,sty+perp,2,0,2.47387456802861e-05,True
1500,1500,752,1,sty+perp,2,1,0.999909782648144,True
1501,1501,753,0,sty+perp,2,0,0.00025942499623565253,True
1502,1502,753,1,sty+perp,2,1,0.9994490383632101,True
1503,1503,754,0,sty+perp,2,0,0.0010668432118230086,True
1504,1504,754,1,sty+perp,2,1,0.9999652635986556,True
1505,1505,755,0,sty+perp,2,0,1.2886956546353588e-05,True
1506,1506,755,1,sty+perp,2,1,0.9997010859506649,True
1507,1507,756,0,sty+perp,2,0,3.728918803115479e-05,True
1508,1508,756,1,sty+perp,2,1,0.9993806679157123,True
1509,1509,757,0,sty+perp,2,0,0.30722522225497717,True
1510,1510,757,1,sty+perp,2,1,0.9986401978518025,True
1511,1511,758,0,sty+perp,2,0,4.196890084851575e-05,True
1512,1512,758,1,sty+perp,2,1,0.9984037418601178,True
1513,1513,759,0,sty+perp,2,0,0.000342907775752465,True
1514,1514,759,1,sty+perp,2,1,0.9993929731795106,True
1515,1515,760,0,sty+perp,2,0,4.5417708779401994e-05,True
1516,1516,760,1,sty+perp,2,1,0.9998023725069207,True
1517,1517,761,0,sty+perp,2,0,2.562596678498506e-05,True
1518,1518,761,1,sty+perp,2,1,0.9943815735865613,True
1519,1519,762,0,sty+perp,2,0,0.0011011160817993595,True
1520,1520,762,1,sty+perp,2,1,0.9996109664835008,True
1521,1521,763,0,sty+perp,2,0,0.00027532874191935834,True
1522,1522,763,1,sty+perp,2,1,0.9077630401819851,True
1523,1523,764,0,sty+perp,2,0,1.7905035675475824e-05,True
1524,1524,764,1,sty+perp,2,1,0.9998493014810999,True
1525,1525,765,0,sty+perp,2,0,0.00017366892531899393,True
1526,1526,765,1,sty+perp,2,1,0.8063148911267618,True
1527,1527,766,0,sty+perp,2,0,5.307675972873044e-05,True
1528,1528,766,1,sty+perp,2,1,0.9999765038415462,True
1529,1529,767,0,sty+perp,2,0,0.004350248217950326,True
1530,1530,767,1,sty+perp,2,1,0.9992421955182621,True
1531,1531,768,0,sty+perp,2,0,0.0002923566367477055,True
1532,1532,768,1,sty+perp,2,1,0.9998874201034332,True
1533,1533,769,0,sty+perp,2,0,0.001306203222205305,True
1534,1534,769,1,sty+perp,2,1,0.9996946704636536,True
1535,1535,770,0,sty+perp,2,0,0.0008334240241913162,True
1536,1536,770,1,sty+perp,2,1,0.9990334424862193,True
1537,1537,771,0,sty+perp,2,0,0.008566708527918153,True
1538,1538,771,1,sty+perp,2,1,0.9995502067967099,True
1539,1539,772,0,sty+perp,2,0,0.010933302069672786,True
1540,1540,772,1,sty+perp,2,1,0.999864554276102,True
1541,1541,773,0,sty+perp,2,0,0.046993605299610844,True
1542,1542,773,1,sty+perp,2,1,0.9996970017604279,True
1543,1543,774,0,sty+perp,2,0,0.1754497810340498,True
1544,1544,774,1,sty+perp,2,1,0.996926825645675,True
1545,1545,775,0,sty+perp,2,0,0.010439562843317948,True
1546,1546,775,1,sty+perp,2,1,0.9968461268079092,True
1547,1547,776,0,sty+perp,2,0,0.0002958584365251819,True
1548,1548,776,1,sty+perp,2,1,0.9998208927453146,True
1549,1549,777,0,sty+perp,2,0,0.00019119576054768813,True
1550,1550,777,1,sty+perp,2,1,0.999969130026671,True
1551,1551,778,0,sty+perp,2,0,6.852972252941719e-05,True
1552,1552,778,1,sty+perp,2,1,0.9991775294647017,True
1553,1553,779,0,sty+perp,2,0,0.00014289745586141305,True
1554,1554,779,1,sty+perp,2,1,0.9992884614936138,True
1555,1555,780,0,sty+perp,2,0,3.7063936445292337e-05,True
1556,1556,780,1,sty+perp,2,1,0.9998149384111693,True
1557,1557,781,0,sty+perp,2,0,0.00016535668384146988,True
1558,1558,781,1,sty+perp,2,1,0.9987401101833782,True
1559,1559,782,0,sty+perp,2,0,3.6231811649046515e-05,True
1560,1560,782,1,sty+perp,2,1,0.9994412019502634,True
1561,1561,783,0,sty+perp,2,0,0.004013229890126432,True
1562,1562,783,1,sty+perp,2,1,0.9993072052593273,True
1563,1563,784,1,sty+perp,2,1,0.9988239387773737,True
1564,1564,785,0,sty+perp,2,0,0.24420575858895835,True
1565,1565,785,1,sty+perp,2,1,0.9988370181656271,True
1566,1566,786,0,sty+perp,2,0,1.048154413914285e-05,True
1567,1567,786,1,sty+perp,2,1,0.9999289431993055,True
1568,1568,787,0,sty+perp,2,0,0.0003363904354832798,True
1569,1569,787,1,sty+perp,2,1,0.9998685188193129,True
1570,1570,788,0,sty+perp,2,0,0.0012779186088846348,True
1571,1571,788,1,sty+perp,2,1,0.9996503666381311,True
1572,1572,789,0,sty+perp,2,0,0.03560043459668336,True
1573,1573,789,1,sty+perp,2,1,0.9987365635437984,True
1574,1574,790,0,sty+perp,2,0,0.0021467321782036746,True
1575,1575,790,1,sty+perp,2,1,0.9971350383219908,True
1576,1576,791,0,sty+perp,2,0,0.12049714054057173,True
1577,1577,791,1,sty+perp,2,1,0.9997013635398676,True
1578,1578,792,0,sty+perp,2,0,0.0016706458053432727,True
1579,1579,792,1,sty+perp,2,1,0.9999767251317974,True
1580,1580,793,0,sty+perp,2,0,0.0006101840953247773,True
1581,1581,793,1,sty+perp,2,1,0.9997602559169679,True
1582,1582,794,0,sty+perp,2,0,0.002167386866643954,True
1583,1583,794,1,sty+perp,2,1,0.9957406271023715,True
1584,1584,795,0,sty+perp,2,0,0.0034979372759036185,True
1585,1585,795,1,sty+perp,2,0,0.25417675778616217,False
1586,1586,796,0,sty+perp,2,0,0.00023807706242905344,True
1587,1587,796,1,sty+perp,2,1,0.9927833835210537,True
1588,1588,797,0,sty+perp,2,0,0.004189452119216391,True
1589,1589,797,1,sty+perp,2,1,0.8988225200202486,True
1590,1590,798,0,sty+perp,2,0,0.00011911407120262862,True
1591,1591,798,1,sty+perp,2,1,0.999360485057289,True
1592,1592,799,0,sty+perp,2,0,0.0008817137795374473,True
1593,1593,799,1,sty+perp,2,1,0.9970804367218552,True
1594,1594,800,0,sty+perp,2,0,5.808604765885001e-05,True
1595,1595,800,1,sty+perp,2,1,0.9982712757703212,True
1596,1596,801,0,sty+perp,2,0,0.05833688956891074,True
1597,1597,801,1,sty+perp,2,1,0.999950419510643,True
1598,1598,802,0,sty+perp,2,0,0.11055657795632108,True
1599,1599,802,1,sty+perp,2,1,0.9999677830806969,True
1600,1600,803,0,sty+perp,2,0,0.0009525320507908197,True
1601,1601,803,1,sty+perp,2,1,0.999675504914802,True
1602,1602,804,0,sty+perp,2,0,0.005037936792757416,True
1603,1603,804,1,sty+perp,2,1,0.9980887202272668,True
1604,1604,805,0,sty+perp,2,0,0.0002928781030799059,True
1605,1605,805,1,sty+perp,2,1,0.999991384132536,True
1606,1606,806,0,sty+perp,2,0,6.757811114140699e-05,True
1607,1607,806,1,sty+perp,2,1,0.8224919045642278,True
1608,1608,807,0,sty+perp,2,1,0.8629426475866196,False
1609,1609,807,1,sty+perp,2,1,0.9995812343264846,True
1610,1610,808,0,sty+perp,2,0,0.00015605478969197181,True
1611,1611,808,1,sty+perp,2,1,0.9965327010685571,True
1612,1612,809,0,sty+perp,2,0,3.226114865927988e-05,True
1613,1613,809,1,sty+perp,2,1,0.9996932054253743,True
1614,1614,810,0,sty+perp,2,0,0.0018921386604264848,True
1615,1615,810,1,sty+perp,2,1,0.9998614418088965,True
1616,1616,811,0,sty+perp,2,0,8.054575089145337e-05,True
1617,1617,811,1,sty+perp,2,1,0.9762325670042128,True
1618,1618,812,0,sty+perp,2,0,0.001400398619272707,True
1619,1619,812,1,sty+perp,2,1,0.9311941993537456,True
1620,1620,813,1,sty+perp,2,1,0.9338318339826498,True
1621,1621,814,0,sty+perp,2,0,0.14783903896352946,True
1622,1622,814,1,sty+perp,2,1,0.9999433968964672,True
1623,1623,815,0,sty+perp,2,0,0.021307254882742387,True
1624,1624,815,1,sty+perp,2,1,0.9999565934400079,True
1625,1625,816,0,sty+perp,2,0,0.0005921393720523284,True
1626,1626,816,1,sty+perp,2,1,0.9993449192943366,True
1627,1627,817,0,sty+perp,2,0,0.007759969021539355,True
1628,1628,817,1,sty+perp,2,1,0.9997429278726344,True
1629,1629,818,0,sty+perp,2,0,0.0002456905054791106,True
1630,1630,818,1,sty+perp,2,1,0.9990038410504375,True
1631,1631,819,0,sty+perp,2,0,2.9364860756055e-06,True
1632,1632,819,1,sty+perp,2,1,0.9992880342013643,True
1633,1633,820,0,sty+perp,2,0,0.0008898667377505741,True
1634,1634,820,1,sty+perp,2,1,0.997451400187122,True
1635,1635,821,0,sty+perp,2,0,0.024346532305329974,True
1636,1636,821,1,sty+perp,2,1,0.9999333437759546,True
1637,1637,822,0,sty+perp,2,0,0.0003638609188609298,True
1638,1638,822,1,sty+perp,2,1,0.999967783291035,True
1639,1639,823,0,sty+perp,2,0,0.00019621768845142984,True
1640,1640,823,1,sty+perp,2,1,0.9998135917270039,True
1641,1641,824,0,sty+perp,2,0,4.0204741324726333e-05,True
1642,1642,824,1,sty+perp,2,1,0.999750340104154,True
1643,1643,825,0,sty+perp,2,0,2.5143167025961587e-05,True
1644,1644,825,1,sty+perp,2,1,0.9960613744276058,True
1645,1645,826,0,sty+perp,2,0,1.5996677969699197e-05,True
1646,1646,826,1,sty+perp,2,1,0.997983658369098,True
1647,1647,827,0,sty+perp,2,0,1.5818541749212578e-05,True
1648,1648,827,1,sty+perp,2,1,0.999751353401345,True
1649,1649,828,0,sty+perp,2,0,0.0003612015680470477,True
1650,1650,828,1,sty+perp,2,1,0.99977655147544,True
1651,1651,829,0,sty+perp,2,0,0.21797991899426178,True
1652,1652,829,1,sty+perp,2,1,0.9792257956665973,True
1653,1653,830,0,sty+perp,2,0,0.010366989242523427,True
1654,1654,830,1,sty+perp,2,1,0.9994718174685031,True
1655,1655,831,0,sty+perp,2,0,0.02973118228484978,True
1656,1656,831,1,sty+perp,2,1,0.9051968147857774,True
1657,1657,832,0,sty+perp,2,0,0.00044336242398985076,True
1658,1658,832,1,sty+perp,2,1,0.9998586753321426,True
1659,1659,833,0,sty+perp,2,0,0.025091054423021557,True
1660,1660,833,1,sty+perp,2,1,0.99999122473167,True
1661,1661,834,0,sty+perp,2,0,2.086938910397003e-06,True
1662,1662,834,1,sty+perp,2,1,0.9988977364546374,True
1663,1663,835,0,sty+perp,2,0,0.0002063619736829354,True
1664,1664,835,1,sty+perp,2,1,0.9999158516120861,True
1665,1665,836,0,sty+perp,2,0,6.3876679660880625e-06,True
1666,1666,836,1,sty+perp,2,1,0.984805865849777,True
1667,1667,837,0,sty+perp,2,0,0.001138060912155432,True
1668,1668,837,1,sty+perp,2,1,0.9971614328257461,True
1669,1669,838,0,sty+perp,2,0,0.0012955572644491509,True
1670,1670,838,1,sty+perp,2,1,0.9988463735950365,True
1671,1671,839,0,sty+perp,2,0,1.020451215079271e-05,True
1672,1672,839,1,sty+perp,2,1,0.9970604071731973,True
1673,1673,840,0,sty+perp,2,0,0.0007573144542443343,True
1674,1674,840,1,sty+perp,2,1,0.9937638361625506,True
1675,1675,841,0,sty+perp,2,0,2.5242576977967546e-05,True
1676,1676,841,1,sty+perp,2,1,0.8591382157245853,True
1677,1677,842,0,sty+perp,2,0,0.00013550377255740334,True
1678,1678,842,1,sty+perp,2,1,0.9994700127328061,True
1679,1679,843,0,sty+perp,2,0,0.05292939782655545,True
1680,1680,843,1,sty+perp,2,1,0.9960343516858181,True
1681,1681,844,0,sty+perp,2,0,0.007091818467223927,True
1682,1682,844,1,sty+perp,2,1,0.9413789226872026,True
1683,1683,845,0,sty+perp,2,0,0.0011987797266404413,True
1684,1684,845,1,sty+perp,2,1,0.9999659777332723,True
1685,1685,846,0,sty+perp,2,1,0.5334914266112164,False
1686,1686,846,1,sty+perp,2,1,0.9999381294030366,True
1687,1687,847,0,sty+perp,2,0,0.0004684018860982929,True
1688,1688,847,1,sty+perp,2,1,0.9989826496691346,True
1689,1689,848,0,sty+perp,2,0,0.00025007331488735183,True
1690,1690,848,1,sty+perp,2,1,0.9999391158806166,True
1691,1691,849,0,sty+perp,2,0,8.72999072912496e-05,True
1692,1692,849,1,sty+perp,2,1,0.999939107986661,True
1693,1693,850,0,sty+perp,2,0,0.0003491701674743241,True
1694,1694,850,1,sty+perp,2,1,0.9995667141620053,True
1695,1695,851,0,sty+perp,2,0,0.0010756943128433667,True
1696,1696,851,1,sty+perp,2,1,0.9998137254097459,True
1697,1697,852,0,sty+perp,2,0,7.763969602125148e-06,True
1698,1698,852,1,sty+perp,2,1,0.9992075757029083,True
1699,1699,853,0,sty+perp,2,0,0.0010350716793231093,True
1700,1700,853,1,sty+perp,2,1,0.9999894832933186,True
1701,1701,854,0,sty+perp,2,0,0.00011333133188939092,True
1702,1702,854,1,sty+perp,2,1,0.9999625753097086,True
1703,1703,855,0,sty+perp,2,0,0.006040191523662134,True
1704,1704,855,1,sty+perp,2,1,0.9991140140525008,True
1705,1705,856,0,sty+perp,2,0,0.00011921945773599198,True
1706,1706,856,1,sty+perp,2,1,0.9999486006455163,True
1707,1707,857,0,sty+perp,2,0,2.3915630023802612e-05,True
1708,1708,857,1,sty+perp,2,1,0.9631328765147898,True
1709,1709,858,0,sty+perp,2,0,0.03499579089841691,True
1710,1710,858,1,sty+perp,2,1,0.9999169301938814,True
1711,1711,859,0,sty+perp,2,0,1.4324573360414194e-05,True
1712,1712,859,1,sty+perp,2,1,0.8195999748045978,True
1713,1713,860,0,sty+perp,2,0,0.0026197418963494626,True
1714,1714,860,1,sty+perp,2,1,0.999618505237971,True
1715,1715,861,0,sty+perp,2,0,0.013341263969078889,True
1716,1716,861,1,sty+perp,2,1,0.9468025377820842,True
1717,1717,862,0,sty+perp,2,0,0.03440103521383323,True
1718,1718,862,1,sty+perp,2,0,0.11183358667644068,False
1719,1719,863,0,sty+perp,2,0,0.013001292798761596,True
1720,1720,863,1,sty+perp,2,1,0.9997771616698763,True
1721,1721,864,0,sty+perp,2,0,0.0026810773930664128,True
1722,1722,864,1,sty+perp,2,1,0.9985551744450525,True
1723,1723,865,0,sty+perp,2,0,0.000728082947753182,True
1724,1724,865,1,sty+perp,2,1,0.9935648993029662,True
1725,1725,866,0,sty+perp,2,0,5.195111517286902e-05,True
1726,1726,866,1,sty+perp,2,1,0.9996273455259467,True
1727,1727,867,0,sty+perp,2,0,0.0049989772421777405,True
1728,1728,867,1,sty+perp,2,1,0.9999333968783758,True
1729,1729,868,0,sty+perp,2,0,0.0007725758283680343,True
1730,1730,868,1,sty+perp,2,1,0.9998381412378803,True
1731,1731,869,0,sty+perp,2,0,0.00014479634795119993,True
1732,1732,869,1,sty+perp,2,1,0.9978467625232811,True
1733,1733,870,0,sty+perp,2,0,0.0005587098462510228,True
1734,1734,870,1,sty+perp,2,1,0.9834348582409365,True
1735,1735,871,0,sty+perp,2,0,0.0006231501267520994,True
1736,1736,871,1,sty+perp,2,1,0.9998493758258828,True
1737,1737,872,0,sty+perp,2,0,0.0030794566958134988,True
1738,1738,872,1,sty+perp,2,1,0.9998979505317837,True
1739,1739,873,0,sty+perp,2,0,0.008229385561007429,True
1740,1740,873,1,sty+perp,2,1,0.9999538614870449,True
1741,1741,874,0,sty+perp,2,0,0.00033498393923949983,True
1742,1742,874,1,sty+perp,2,1,0.8366722689863443,True
1743,1743,875,0,sty+perp,2,0,5.77536537388497e-06,True
1744,1744,875,1,sty+perp,2,1,0.9993859094356591,True
1745,1745,876,0,sty+perp,2,0,0.00028433064903243116,True
1746,1746,876,1,sty+perp,2,1,0.9995541316925665,True
1747,1747,877,0,sty+perp,2,0,0.00020073240393023967,True
1748,1748,877,1,sty+perp,2,1,0.9997576548305467,True
1749,1749,878,0,sty+perp,2,0,0.17034724500255083,True
1750,1750,878,1,sty+perp,2,1,0.9999567007261866,True
1751,1751,879,0,sty+perp,2,0,0.07975340512062454,True
1752,1752,879,1,sty+perp,2,1,0.999265232763558,True
1753,1753,880,0,sty+perp,2,0,0.00239731001002536,True
1754,1754,880,1,sty+perp,2,1,0.9988920164675196,True
1755,1755,881,0,sty+perp,2,0,0.00034460715352530356,True
1756,1756,881,1,sty+perp,2,1,0.9955384354078595,True
1757,1757,882,0,sty+perp,2,0,0.0006014417542872018,True
1758,1758,882,1,sty+perp,2,1,0.9996659275023321,True
1759,1759,883,0,sty+perp,2,0,0.00032723066555645757,True
1760,1760,883,1,sty+perp,2,1,0.9991344320038852,True
1761,1761,884,0,sty+perp,2,0,6.0909544735368937e-05,True
1762,1762,884,1,sty+perp,2,1,0.9990955133589539,True
1763,1763,885,0,sty+perp,2,0,7.331976312733679e-05,True
1764,1764,885,1,sty+perp,2,1,0.9977669559429468,True
1765,1765,886,0,sty+perp,2,0,0.003431808037999059,True
1766,1766,886,1,sty+perp,2,1,0.9998566884200348,True
1767,1767,887,0,sty+perp,2,0,9.612168084967522e-05,True
1768,1768,887,1,sty+perp,2,0,0.08227345635320908,False
1769,1769,888,0,sty+perp,2,0,9.658578707224993e-05,True
1770,1770,888,1,sty+perp,2,1,0.9999938012689983,True
1771,1771,889,0,sty+perp,2,0,0.019759555721487836,True
1772,1772,889,1,sty+perp,2,1,0.9999561036090865,True
1773,1773,890,0,sty+perp,2,0,0.000355030636823692,True
1774,1774,890,1,sty+perp,2,1,0.9998591918650864,True
1775,1775,891,0,sty+perp,2,1,0.8718254675847058,False
1776,1776,891,1,sty+perp,2,1,0.9749606084943939,True
1777,1777,892,0,sty+perp,2,0,0.0013406098182835652,True
1778,1778,892,1,sty+perp,2,1,0.9999332931730762,True
1779,1779,893,0,sty+perp,2,0,0.0002463428642064398,True
1780,1780,893,1,sty+perp,2,1,0.9991022802770217,True
1781,1781,894,0,sty+perp,2,0,0.00015780667669403246,True
1782,1782,894,1,sty+perp,2,1,0.9998390229613116,True
1783,1783,895,0,sty+perp,2,0,2.133270169470674e-05,True
1784,1784,895,1,sty+perp,2,1,0.9731277574055743,True
1785,1785,896,0,sty+perp,2,0,0.0009189388444326739,True
1786,1786,896,1,sty+perp,2,1,0.9967609511673268,True
1787,1787,897,0,sty+perp,2,0,0.00022462867090673614,True
1788,1788,897,1,sty+perp,2,1,0.9999292833552638,True
1789,1789,898,0,sty+perp,2,0,0.04984607509276572,True
1790,1790,898,1,sty+perp,2,1,0.999878733803794,True
1791,1791,899,0,sty+perp,2,0,0.0004707229753247261,True
1792,1792,899,1,sty+perp,2,1,0.9989772370841069,True
1793,1793,900,0,sty+perp,2,0,0.00038861732947340126,True
1794,1794,900,1,sty+perp,2,1,0.988712919555234,True
1795,1795,901,0,sty+perp,2,0,0.02126242977843855,True
1796,1796,901,1,sty+perp,2,1,0.999411223069205,True
1797,1797,902,0,sty+perp,2,0,0.006476537126436084,True
1798,1798,902,1,sty+perp,2,1,0.9969853690064573,True
1799,1799,903,0,sty+perp,2,0,3.2732072043168625e-06,True
1800,1800,903,1,sty+perp,2,1,0.9999480685308748,True
1801,1801,904,0,sty+perp,2,0,0.15599891374653543,True
1802,1802,904,1,sty+perp,2,1,0.9998643594658332,True
1803,1803,905,0,sty+perp,2,0,0.0002159490026147808,True
1804,1804,905,1,sty+perp,2,1,0.9997813020962767,True
1805,1805,906,0,sty+perp,2,0,3.559328864024907e-05,True
1806,1806,906,1,sty+perp,2,1,0.9979218729329249,True
1807,1807,907,0,sty+perp,2,0,4.344089361116398e-05,True
1808,1808,907,1,sty+perp,2,1,0.997929707349337,True
1809,1809,908,0,sty+perp,2,0,0.0036271052809148103,True
1810,1810,908,1,sty+perp,2,0,0.045631246398867224,False
1811,1811,909,0,sty+perp,2,0,0.0003496601944164553,True
1812,1812,909,1,sty+perp,2,1,0.9996716796518856,True
1813,1813,910,0,sty+perp,2,0,0.022551813160155473,True
1814,1814,910,1,sty+perp,2,0,0.41771373026602815,False
1815,1815,911,0,sty+perp,2,0,0.06983608855678365,True
1816,1816,911,1,sty+perp,2,1,0.9896408905382049,True
1817,1817,912,0,sty+perp,2,0,0.013899675966979792,True
1818,1818,912,1,sty+perp,2,1,0.9999587258798616,True
1819,1819,913,0,sty+perp,2,0,0.0009105984074423918,True
1820,1820,913,1,sty+perp,2,1,0.9999814172326237,True
1821,1821,914,0,sty+perp,2,0,0.0460292628635036,True
1822,1822,914,1,sty+perp,2,1,0.9999806864871887,True
1823,1823,915,0,sty+perp,2,0,0.000767116136412512,True
1824,1824,915,1,sty+perp,2,1,0.9980108067288489,True
1825,1825,916,0,sty+perp,2,0,0.010309496519419698,True
1826,1826,916,1,sty+perp,2,1,0.9993529786912618,True
1827,1827,917,0,sty+perp,2,0,0.00019130662914749333,True
1828,1828,917,1,sty+perp,2,1,0.9999779435382182,True
1829,1829,918,0,sty+perp,2,0,1.1561158952137776e-05,True
1830,1830,918,1,sty+perp,2,1,0.9999231691896703,True
1831,1831,919,0,sty+perp,2,0,0.008705024815812262,True
1832,1832,919,1,sty+perp,2,1,0.9997577218018124,True
1833,1833,920,0,sty+perp,2,0,0.006572806768199823,True
1834,1834,920,1,sty+perp,2,1,0.9999568868098594,True
1835,1835,921,0,sty+perp,2,0,0.0057923818153131955,True
1836,1836,921,1,sty+perp,2,1,0.9997797754792378,True
1837,1837,922,0,sty+perp,2,0,0.0011635169899116872,True
1838,1838,922,1,sty+perp,2,1,0.9999343594336231,True
1839,1839,923,0,sty+perp,2,0,0.003884634764443174,True
1840,1840,923,1,sty+perp,2,1,0.9999943596946474,True
1841,1841,924,0,sty+perp,2,0,9.345547851576098e-05,True
1842,1842,924,1,sty+perp,2,1,0.9202971510749128,True
1843,1843,925,0,sty+perp,2,0,0.00046429938536883574,True
1844,1844,925,1,sty+perp,2,1,0.9999599990124713,True
1845,1845,926,0,sty+perp,2,0,0.0018671540399867197,True
1846,1846,926,1,sty+perp,2,1,0.998703171342318,True
1847,1847,927,0,sty+perp,2,0,0.003204098332359764,True
1848,1848,927,1,sty+perp,2,1,0.9998285144118164,True
1849,1849,928,0,sty+perp,2,0,0.0021515841731533296,True
1850,1850,928,1,sty+perp,2,1,0.9997660793819739,True
1851,1851,929,0,sty+perp,2,0,0.00014084118294178008,True
1852,1852,929,1,sty+perp,2,1,0.9999110200194956,True
1853,1853,930,0,sty+perp,2,0,0.008650029291140466,True
1854,1854,930,1,sty+perp,2,1,0.99996583028782,True
1855,1855,931,0,sty+perp,2,0,0.490811631315782,True
1856,1856,931,1,sty+perp,2,1,0.9689470849337636,True
1857,1857,932,0,sty+perp,2,0,0.11980220041658257,True
1858,1858,932,1,sty+perp,2,1,0.9998997134098723,True
1859,1859,933,0,sty+perp,2,0,0.00040542450275966825,True
1860,1860,933,1,sty+perp,2,1,0.9999324422227392,True
1861,1861,934,0,sty+perp,2,0,0.0025194654854530803,True
1862,1862,934,1,sty+perp,2,1,0.9993772675981337,True
1863,1863,935,0,sty+perp,2,0,0.047616107299618245,True
1864,1864,935,1,sty+perp,2,1,0.9998582042188265,True
1865,1865,936,0,sty+perp,2,0,0.011722874932005039,True
1866,1866,936,1,sty+perp,2,1,0.9996467334575386,True
1867,1867,937,0,sty+perp,2,0,0.0003918207255046129,True
1868,1868,937,1,sty+perp,2,1,0.9995171734662452,True
1869,1869,938,0,sty+perp,2,0,0.00013846111025525562,True
1870,1870,938,1,sty+perp,2,1,0.6649566566557109,True
1871,1871,939,0,sty+perp,2,0,0.0011100725929755165,True
1872,1872,939,1,sty+perp,2,1,0.9991961709513818,True
1873,1873,940,0,sty+perp,2,0,0.00018048752213200474,True
1874,1874,940,1,sty+perp,2,1,0.9921279923956023,True
1875,1875,941,0,sty+perp,2,0,0.0018691357185309598,True
1876,1876,941,1,sty+perp,2,1,0.9974613302376767,True
1877,1877,942,0,sty+perp,2,0,0.0030766511400929382,True
1878,1878,942,1,sty+perp,2,1,0.999973878424176,True
1879,1879,943,0,sty+perp,2,0,0.0003748466802243451,True
1880,1880,943,1,sty+perp,2,1,0.999586137493725,True
1881,1881,944,0,sty+perp,2,0,0.00016457390165928082,True
1882,1882,944,1,sty+perp,2,1,0.9998423530595388,True
1883,1883,945,0,sty+perp,2,0,0.0002042729683024199,True
1884,1884,945,1,sty+perp,2,1,0.9931167058727696,True
1885,1885,946,0,sty+perp,2,0,2.6505086735534192e-05,True
1886,1886,946,1,sty+perp,2,1,0.999857873914949,True
1887,1887,947,0,sty+perp,2,0,0.024709425063036937,True
1888,1888,947,1,sty+perp,2,1,0.9998306206193088,True
1889,1889,948,0,sty+perp,2,0,9.309447199273592e-05,True
1890,1890,948,1,sty+perp,2,1,0.9998050454198525,True
1891,1891,949,0,sty+perp,2,0,0.005026036568848271,True
1892,1892,949,1,sty+perp,2,1,0.9954365429328789,True
1893,1893,950,0,sty+perp,2,0,0.0033723438489562598,True
1894,1894,950,1,sty+perp,2,1,0.9844119758144232,True
1895,1895,951,0,sty+perp,2,0,0.0011394305761183105,True
1896,1896,951,1,sty+perp,2,1,0.9999876051257678,True
1897,1897,952,0,sty+perp,2,0,0.001398461961983084,True
1898,1898,952,1,sty+perp,2,1,0.7901770214795755,True
1899,1899,953,0,sty+perp,2,0,0.0003909287022941092,True
1900,1900,953,1,sty+perp,2,1,0.999178713046077,True
1901,1901,954,0,sty+perp,2,1,0.6031285916998345,False
1902,1902,954,1,sty+perp,2,1,0.9995191049749763,True
1903,1903,955,0,sty+perp,2,0,0.02104204449173449,True
1904,1904,955,1,sty+perp,2,1,0.9956588834726358,True
1905,1905,956,0,sty+perp,2,0,5.663862714042815e-05,True
1906,1906,956,1,sty+perp,2,1,0.9999136516334078,True
1907,1907,957,0,sty+perp,2,0,0.010969426256139952,True
1908,1908,957,1,sty+perp,2,1,0.9999736972956595,True
1909,1909,958,0,sty+perp,2,0,0.0005620445468301633,True
1910,1910,958,1,sty+perp,2,1,0.9996312406786955,True
1911,1911,959,0,sty+perp,2,0,4.981662749861112e-06,True
1912,1912,959,1,sty+perp,2,1,0.9973218909989747,True
1913,1913,960,0,sty+perp,2,0,0.00013745202394819996,True
1914,1914,960,1,sty+perp,2,1,0.9998558283163838,True
1915,1915,961,0,sty+perp,2,0,3.228017786851542e-05,True
1916,1916,961,1,sty+perp,2,1,0.9980772850384371,True
1917,1917,962,0,sty+perp,2,0,0.23302642319669845,True
1918,1918,962,1,sty+perp,2,1,0.999554333796417,True
1919,1919,963,0,sty+perp,2,0,0.00021024084349282986,True
1920,1920,963,1,sty+perp,2,1,0.9990262303463194,True
1921,1921,964,0,sty+perp,2,1,0.6211809423277976,False
1922,1922,964,1,sty+perp,2,1,0.997755035955161,True
1923,1923,965,0,sty+perp,2,0,0.00017176966568663735,True
1924,1924,965,1,sty+perp,2,1,0.9999450966660933,True
1925,1925,966,0,sty+perp,2,0,0.005040964638717284,True
1926,1926,966,1,sty+perp,2,1,0.9966198734515254,True
1927,1927,967,0,sty+perp,2,0,0.08675646632438708,True
1928,1928,967,1,sty+perp,2,1,0.9977984531417967,True
1929,1929,968,0,sty+perp,2,0,0.00010042184003374224,True
1930,1930,968,1,sty+perp,2,1,0.9999779811329376,True
1931,1931,969,0,sty+perp,2,0,0.0003209047713433873,True
1932,1932,969,1,sty+perp,2,1,0.9997444470863871,True
1933,1933,970,0,sty+perp,2,0,0.027464462513345413,True
1934,1934,970,1,sty+perp,2,1,0.9991799959892719,True
1935,1935,971,1,sty+perp,2,1,0.9999393253803738,True
1936,1936,972,0,sty+perp,2,0,0.0009823401991083311,True
1937,1937,972,1,sty+perp,2,1,0.9986658117712908,True
1938,1938,973,0,sty+perp,2,0,0.0003712621950988573,True
1939,1939,973,1,sty+perp,2,1,0.9991716660981554,True
1940,1940,974,0,sty+perp,2,0,0.00030494063869131177,True
1941,1941,974,1,sty+perp,2,1,0.9999392472445366,True
1942,1942,975,0,sty+perp,2,0,9.035523039705645e-05,True
1943,1943,975,1,sty+perp,2,1,0.9994045537924184,True
1944,1944,976,0,sty+perp,2,0,7.379330990131903e-06,True
1945,1945,976,1,sty+perp,2,1,0.9964651829962327,True
1946,1946,977,0,sty+perp,2,0,0.0002413359309048592,True
1947,1947,977,1,sty+perp,2,1,0.9991770987880393,True
1948,1948,978,0,sty+perp,2,0,0.0007025763653984122,True
1949,1949,978,1,sty+perp,2,1,0.9989178285755002,True
1950,1950,979,0,sty+perp,2,0,1.9726895094964566e-05,True
1951,1951,979,1,sty+perp,2,1,0.9999003346618067,True
1952,1952,980,0,sty+perp,2,0,0.001159186340759169,True
1953,1953,980,1,sty+perp,2,1,0.6982637025118734,True
1954,1954,981,0,sty+perp,2,0,0.0005030986674139314,True
1955,1955,981,1,sty+perp,2,1,0.9999245473887481,True
1956,1956,982,0,sty+perp,2,0,0.0024570083413758066,True
1957,1957,982,1,sty+perp,2,1,0.9791033030809351,True
1958,1958,983,0,sty+perp,2,0,0.003916780120171186,True
1959,1959,983,1,sty+perp,2,1,0.9995504761770284,True
1960,1960,984,0,sty+perp,2,0,0.001166573861455271,True
1961,1961,984,1,sty+perp,2,1,0.9992590110620105,True
1962,1962,985,0,sty+perp,2,0,0.002179787066700297,True
1963,1963,985,1,sty+perp,2,1,0.9999713383115958,True
1964,1964,986,0,sty+perp,2,0,0.0007345149645242027,True
1965,1965,986,1,sty+perp,2,1,0.9994386548376099,True
1966,1966,987,0,sty+perp,2,0,0.0013375657412681768,True
1967,1967,987,1,sty+perp,2,1,0.9998042391446327,True
1968,1968,988,0,sty+perp,2,0,2.1525497399302794e-05,True
1969,1969,988,1,sty+perp,2,1,0.9850380798322849,True
1970,1970,989,0,sty+perp,2,0,2.944894407040142e-06,True
1971,1971,989,1,sty+perp,2,1,0.9993323123814924,True
1972,1972,990,0,sty+perp,2,0,0.0028093082044882765,True
1973,1973,990,1,sty+perp,2,1,0.9992816052171932,True
1974,1974,991,0,sty+perp,2,0,0.00013780192327758395,True
1975,1975,991,1,sty+perp,2,1,0.9984956501866785,True
1976,1976,992,0,sty+perp,2,0,0.07311616252504875,True
1977,1977,992,1,sty+perp,2,1,0.9489096731600575,True
1978,1978,993,0,sty+perp,2,0,3.2243097181783714e-05,True
1979,1979,993,1,sty+perp,2,1,0.9999719955221292,True
1980,1980,994,0,sty+perp,2,0,0.004448112753469242,True
1981,1981,994,1,sty+perp,2,1,0.9988885334513395,True
1982,1982,995,0,sty+perp,2,0,0.002840919321825598,True
1983,1983,995,1,sty+perp,2,1,0.9943876941159911,True
1984,1984,996,0,sty+perp,2,0,0.002288981898979247,True
1985,1985,996,1,sty+perp,2,1,0.9928256115936102,True
1986,1986,997,0,sty+perp,2,0,2.3151603912863588e-05,True
1987,1987,997,1,sty+perp,2,1,0.9999058864625382,True
1988,1988,998,0,sty+perp,2,0,0.023154692913182805,True
1989,1989,998,1,sty+perp,2,1,0.9998697518711098,True
1990,1990,999,0,sty+perp,2,0,0.0008178340119991122,True
1991,1991,999,1,sty+perp,2,1,0.999976186847586,True
1992,1992,1000,0,sty+perp,2,0,0.005365729889516135,True
1993,1993,1000,1,sty+perp,2,1,0.9971548620058779,True
1994,1994,1001,0,sty+perp,2,1,0.9962198985516225,False
1995,1995,1001,1,sty+perp,2,1,0.9996366505341646,True
1996,1996,1002,0,sty+perp,2,0,4.086272105417937e-05,True
1997,1997,1002,1,sty+perp,2,1,0.9972415021775792,True
1998,1998,1003,0,sty+perp,2,0,0.0065308485559608,True
1999,1999,1003,1,sty+perp,2,1,0.9998784762601856,True
2000,2000,1004,0,sty+perp,2,0,0.0007070431209397753,True
2001,2001,1004,1,sty+perp,2,1,0.9993928513876233,True
2002,2002,1005,0,sty+perp,2,0,0.0002784365697694633,True
2003,2003,1005,1,sty+perp,2,1,0.9999701290018322,True
2004,2004,1006,0,sty+perp,2,0,0.0061608603262086285,True
2005,2005,1006,1,sty+perp,2,1,0.9997139674949586,True
2006,2006,1007,0,sty+perp,2,0,0.008140275097333359,True
2007,2007,1007,1,sty+perp,2,1,0.9770201568614992,True
2008,2008,1008,0,sty+perp,2,0,3.400264881092128e-05,True
2009,2009,1008,1,sty+perp,2,1,0.9991663322282149,True
2010,2010,1009,0,sty+perp,2,0,0.027708482403127257,True
2011,2011,1009,1,sty+perp,2,1,0.9990710238859083,True
2012,2012,1010,0,sty+perp,2,0,0.08839132555449088,True
2013,2013,1010,1,sty+perp,2,1,0.9995093350237971,True
2014,2014,1011,0,sty+perp,2,0,1.3362434596761392e-05,True
2015,2015,1011,1,sty+perp,2,1,0.9965440176722751,True
2016,2016,1012,0,sty+perp,2,0,0.001357575560549683,True
2017,2017,1012,1,sty+perp,2,1,0.9974178026609773,True
2018,2018,1013,0,sty+perp,2,0,0.005662241889935299,True
2019,2019,1013,1,sty+perp,2,1,0.9998026667181883,True
2020,2020,1014,0,sty+perp,2,0,0.00036210893172185135,True
2021,2021,1014,1,sty+perp,2,1,0.9999954950991252,True
2022,2022,1015,0,sty+perp,2,0,0.006736591409657579,True
2023,2023,1015,1,sty+perp,2,0,0.16688740672745864,False
2024,2024,1016,0,sty+perp,2,0,5.625811890885099e-06,True
2025,2025,1016,1,sty+perp,2,1,0.989391903933408,True
2026,2026,1017,0,sty+perp,2,0,9.843511707313282e-05,True
2027,2027,1017,1,sty+perp,2,1,0.9882752171663345,True
2028,2028,1018,0,sty+perp,2,0,5.807377938000458e-05,True
2029,2029,1018,1,sty+perp,2,1,0.9953243758442002,True
2030,2030,1019,0,sty+perp,2,0,0.0018662265844543704,True
2031,2031,1019,1,sty+perp,2,1,0.8302802173658531,True
2032,2032,1020,0,sty+perp,2,0,0.0007874944969254922,True
2033,2033,1020,1,sty+perp,2,1,0.9932721587212632,True
2034,2034,1021,0,sty+perp,2,0,0.0002339479996376415,True
2035,2035,1021,1,sty+perp,2,1,0.999858626198568,True
2036,2036,1022,0,sty+perp,2,0,4.109663334753186e-05,True
2037,2037,1022,1,sty+perp,2,1,0.998244222442823,True
2038,2038,1023,0,sty+perp,2,0,0.0001413034578256005,True
2039,2039,1023,1,sty+perp,2,1,0.9942482315935448,True
2040,2040,1024,0,sty+perp,2,0,0.0005102534366419493,True
2041,2041,1024,1,sty+perp,2,1,0.99996905640748,True
2042,2042,1025,0,sty+perp,2,0,6.979640168257138e-05,True
2043,2043,1025,1,sty+perp,2,0,0.027634809375080727,False
2044,2044,1026,0,sty+perp,2,0,0.05859534286606374,True
2045,2045,1026,1,sty+perp,2,1,0.9998326130107243,True
2046,2046,1027,0,sty+perp,2,0,2.561190316154384e-05,True
2047,2047,1027,1,sty+perp,2,1,0.9998143658584762,True
2048,2048,1028,0,sty+perp,2,0,0.04234094280471734,True
2049,2049,1028,1,sty+perp,2,1,0.9997957737529731,True
2050,2050,1029,0,sty+perp,2,0,0.001803646942799336,True
2051,2051,1029,1,sty+perp,2,1,0.9981586344891089,True
2052,2052,1030,0,sty+perp,2,0,0.00019252525297635406,True
2053,2053,1030,1,sty+perp,2,1,0.9999428041887326,True
2054,2054,1031,0,sty+perp,2,0,0.0004284095733026056,True
2055,2055,1031,1,sty+perp,2,1,0.9734239451343961,True
2056,2056,1032,0,sty+perp,2,0,0.000427386676760536,True
2057,2057,1032,1,sty+perp,2,1,0.9999313900623386,True
2058,2058,1033,0,sty+perp,2,0,0.0024066774486290582,True
2059,2059,1033,1,sty+perp,2,1,0.999789813331717,True
2060,2060,1034,0,sty+perp,2,0,0.00017098576756457366,True
2061,2061,1034,1,sty+perp,2,0,0.36438562921640577,False
2062,2062,1035,0,sty+perp,2,0,0.0011559147017730178,True
2063,2063,1035,1,sty+perp,2,1,0.9989668493241269,True
2064,2064,1036,0,sty+perp,2,0,0.027365173046907415,True
2065,2065,1036,1,sty+perp,2,1,0.9978060878468371,True
2066,2066,1037,0,sty+perp,2,0,0.00011044268733430618,True
2067,2067,1037,1,sty+perp,2,1,0.9396768797487665,True
2068,2068,1038,0,sty+perp,2,0,0.016040367148774083,True
2069,2069,1038,1,sty+perp,2,1,0.999788012162719,True
2070,2070,1039,0,sty+perp,2,0,0.00020571369769706966,True
2071,2071,1039,1,sty+perp,2,0,0.27554964444012103,False
2072,2072,1040,0,sty+perp,2,0,4.112840649323103e-05,True
2073,2073,1040,1,sty+perp,2,1,0.9999140874182143,True
2074,2074,1041,0,sty+perp,2,0,0.00011353244913236174,True
2075,2075,1041,1,sty+perp,2,1,0.9999253460928036,True
2076,2076,1042,0,sty+perp,2,1,0.6572985358893939,False
2077,2077,1042,1,sty+perp,2,1,0.9999691151465224,True
2078,2078,1043,0,sty+perp,2,0,0.009627142858472446,True
2079,2079,1043,1,sty+perp,2,1,0.9999734979176959,True
2080,2080,1044,0,sty+perp,2,0,0.08394124340951233,True
2081,2081,1044,1,sty+perp,2,1,0.999908518990353,True
2082,2082,1045,0,sty+perp,2,0,0.00793048865218596,True
2083,2083,1045,1,sty+perp,2,1,0.9997420170559194,True
2084,2084,1046,0,sty+perp,2,0,6.316599348038004e-05,True
2085,2085,1046,1,sty+perp,2,1,0.9980462134400585,True
2086,2086,1047,0,sty+perp,2,0,1.1892328338473535e-05,True
2087,2087,1047,1,sty+perp,2,1,0.9992799488082804,True
2088,2088,1048,0,sty+perp,2,0,0.01607472008735154,True
2089,2089,1048,1,sty+perp,2,1,0.971916111830087,True
2090,2090,1049,0,sty+perp,2,0,0.004847908656052826,True
2091,2091,1049,1,sty+perp,2,1,0.9999214114947785,True
2092,2092,1050,0,sty+perp,2,0,0.0008062493041536626,True
2093,2093,1050,1,sty+perp,2,1,0.9831808446231879,True
2094,2094,1051,0,sty+perp,2,0,0.15621783091727634,True
2095,2095,1051,1,sty+perp,2,1,0.9999464006064466,True
2096,2096,1052,0,sty+perp,2,0,0.2492127195654958,True
2097,2097,1052,1,sty+perp,2,1,0.774575538801794,True
2098,2098,1053,0,sty+perp,2,0,0.00036437770323346575,True
2099,2099,1053,1,sty+perp,2,1,0.7464675641318615,True
2100,2100,1054,0,sty+perp,2,0,3.482928164363245e-05,True
2101,2101,1054,1,sty+perp,2,1,0.9910048253055396,True
2102,2102,1055,0,sty+perp,2,0,0.21666611288316745,True
2103,2103,1055,1,sty+perp,2,1,0.9496460989602076,True
2104,2104,1056,0,sty+perp,2,0,0.0006842704168081527,True
2105,2105,1056,1,sty+perp,2,1,0.9999377514921246,True
2106,2106,1057,0,sty+perp,2,0,0.00010172008991592331,True
2107,2107,1057,1,sty+perp,2,1,0.9927444679907048,True
2108,2108,1058,0,sty+perp,2,0,0.14718351113072778,True
2109,2109,1058,1,sty+perp,2,1,0.9999152255431325,True
2110,2110,1059,0,sty+perp,2,0,4.759793234806117e-05,True
2111,2111,1059,1,sty+perp,2,1,0.9933576412081696,True
2112,2112,1060,0,sty+perp,2,0,0.00019043829406450646,True
2113,2113,1060,1,sty+perp,2,1,0.9991116091203698,True
2114,2114,1061,0,sty+perp,2,0,0.012987981166549022,True
2115,2115,1061,1,sty+perp,2,1,0.9968150014311448,True
2116,2116,1062,0,sty+perp,2,0,0.00026010296305160804,True
2117,2117,1062,1,sty+perp,2,1,0.9993669389433539,True
2118,2118,1063,0,sty+perp,2,0,0.0013598105393122198,True
2119,2119,1063,1,sty+perp,2,1,0.9892755620633816,True
2120,2120,1064,0,sty+perp,2,0,1.4146188479569293e-05,True
2121,2121,1064,1,sty+perp,2,1,0.9999209981999937,True
2122,2122,1065,0,sty+perp,2,0,8.10055900971389e-06,True
2123,2123,1065,1,sty+perp,2,1,0.9797821736811777,True
2124,2124,1066,0,sty+perp,2,0,1.36056026135092e-05,True
2125,2125,1066,1,sty+perp,2,1,0.9997986381900148,True
2126,2126,1067,0,sty+perp,2,0,8.357059079057376e-06,True
2127,2127,1067,1,sty+perp,2,1,0.9986458730806669,True
2128,2128,1068,0,sty+perp,2,0,4.77284509163087e-06,True
2129,2129,1068,1,sty+perp,2,1,0.9998813468988058,True
2130,2130,1069,0,sty+perp,2,0,3.100970580040405e-06,True
2131,2131,1069,1,sty+perp,2,1,0.7619190671153582,True
2132,2132,1070,0,sty+perp,2,0,0.025216383735292062,True
2133,2133,1070,1,sty+perp,2,1,0.9859768593018936,True
2134,2134,1071,0,sty+perp,2,0,0.0005616744635922433,True
2135,2135,1071,1,sty+perp,2,1,0.9999153511275416,True
2136,2136,1072,0,sty+perp,2,0,0.019191105318351914,True
2137,2137,1072,1,sty+perp,2,1,0.9888759021295547,True
2138,2138,1073,0,sty+perp,2,0,0.00038841705426941823,True
2139,2139,1073,1,sty+perp,2,1,0.9992758874812825,True
2140,2140,1074,0,sty+perp,2,0,0.0005653730461203859,True
2141,2141,1074,1,sty+perp,2,1,0.9998126306560671,True
2142,2142,1075,0,sty+perp,2,0,0.025130314394345595,True
2143,2143,1075,1,sty+perp,2,1,0.9995233245376726,True
2144,2144,1076,0,sty+perp,2,0,0.005156039565330457,True
2145,2145,1076,1,sty+perp,2,1,0.9927709542006146,True
2146,2146,1077,0,sty+perp,2,0,2.916204775980566e-05,True
2147,2147,1077,1,sty+perp,2,1,0.9999434169647634,True
2148,2148,1078,0,sty+perp,2,0,0.024797371215208582,True
2149,2149,1078,1,sty+perp,2,1,0.9999683426276524,True
2150,2150,1079,0,sty+perp,2,0,0.0002461170715273374,True
2151,2151,1079,1,sty+perp,2,1,0.9998065224253704,True
2152,2152,1080,0,sty+perp,2,0,0.0008698441074759983,True
2153,2153,1080,1,sty+perp,2,1,0.9989507798429205,True
2154,2154,1081,0,sty+perp,2,0,0.010567965022781983,True
2155,2155,1081,1,sty+perp,2,1,0.9966255755427569,True
2156,2156,1082,0,sty+perp,2,0,6.768543617809449e-06,True
2157,2157,1082,1,sty+perp,2,1,0.9995676949798762,True
2158,2158,1083,0,sty+perp,2,0,0.0034026704321360565,True
2159,2159,1083,1,sty+perp,2,1,0.9977070573849881,True
2160,2160,1084,0,sty+perp,2,0,7.300173577471568e-05,True
2161,2161,1084,1,sty+perp,2,1,0.9998727210672855,True
2162,2162,1085,0,sty+perp,2,0,0.004633731382068206,True
2163,2163,1085,1,sty+perp,2,1,0.9984607223206803,True
2164,2164,1086,0,sty+perp,2,0,0.0013574141325546196,True
2165,2165,1086,1,sty+perp,2,1,0.9999121452293165,True
2166,2166,1087,0,sty+perp,2,0,0.0009100123778135091,True
2167,2167,1087,1,sty+perp,2,1,0.9999704352901657,True
2168,2168,1088,0,sty+perp,2,0,0.07320863055602471,True
2169,2169,1088,1,sty+perp,2,1,0.991278846597787,True
2170,2170,1089,0,sty+perp,2,0,2.7241612650159393e-05,True
2171,2171,1089,1,sty+perp,2,1,0.9999283966158897,True
2172,2172,1090,0,sty+perp,2,0,0.0037653412987075844,True
2173,2173,1090,1,sty+perp,2,1,0.998118887030643,True
2174,2174,1091,0,sty+perp,2,0,8.200545138036795e-05,True
2175,2175,1091,1,sty+perp,2,1,0.8610271839738527,True
2176,2176,1092,0,sty+perp,2,0,0.0018978890528492443,True
2177,2177,1092,1,sty+perp,2,1,0.9504119163734247,True
2178,2178,1093,0,sty+perp,2,0,0.11602559910584907,True
2179,2179,1093,1,sty+perp,2,1,0.9999776849133785,True
2180,2180,1094,0,sty+perp,2,0,0.0006152228926794069,True
2181,2181,1094,1,sty+perp,2,1,0.9999851874540718,True
2182,2182,1095,0,sty+perp,2,0,1.0982910847380355e-05,True
2183,2183,1095,1,sty+perp,2,1,0.9982919303745692,True
2184,2184,1096,0,sty+perp,2,1,0.8256340075553786,False
2185,2185,1096,1,sty+perp,2,1,0.9992478381819094,True
2186,2186,1097,0,sty+perp,2,0,0.0021826388634740676,True
2187,2187,1097,1,sty+perp,2,1,0.9998994832106859,True
2188,2188,1098,0,sty+perp,2,0,0.00396955428196881,True
2189,2189,1098,1,sty+perp,2,1,0.9998742282426669,True
2190,2190,1099,0,sty+perp,2,0,0.0002535225670869842,True
2191,2191,1099,1,sty+perp,2,1,0.9993774213578264,True
2192,2192,1100,0,sty+perp,2,0,0.0066820065701966806,True
2193,2193,1100,1,sty+perp,2,1,0.9758618661357129,True
2194,2194,1101,0,sty+perp,2,0,0.0002622420920650105,True
2195,2195,1101,1,sty+perp,2,1,0.9976299791972665,True
2196,2196,1102,0,sty+perp,2,0,8.845074100711192e-05,True
2197,2197,1102,1,sty+perp,2,1,0.9931633595850256,True
2198,2198,1103,0,sty+perp,2,0,0.00019065429528433497,True
2199,2199,1103,1,sty+perp,2,1,0.6194827718861956,True
2200,2200,1104,0,sty+perp,2,0,0.0003188785479039885,True
2201,2201,1104,1,sty+perp,2,1,0.9966476590489198,True
2202,2202,1105,0,sty+perp,2,0,0.0004767400369151404,True
2203,2203,1105,1,sty+perp,2,1,0.999803667296309,True
2204,2204,1106,0,sty+perp,2,0,0.00012518622522677896,True
2205,2205,1106,1,sty+perp,2,1,0.9999311648733125,True
2206,2206,1107,0,sty+perp,2,0,0.002873529116694035,True
2207,2207,1107,1,sty+perp,2,1,0.9998708522999267,True
2208,2208,1108,0,sty+perp,2,0,0.015269340814072536,True
2209,2209,1108,1,sty+perp,2,1,0.998043492673269,True
2210,2210,1109,0,sty+perp,2,1,0.8098451605546858,False
2211,2211,1109,1,sty+perp,2,1,0.9999866770199469,True
2212,2212,1110,0,sty+perp,2,0,0.002266255458165236,True
2213,2213,1110,1,sty+perp,2,1,0.9559509273259069,True
2214,2214,1111,0,sty+perp,2,0,0.0024490945051783737,True
2215,2215,1111,1,sty+perp,2,1,0.9756796439992917,True
2216,2216,1112,0,sty+perp,2,0,1.6618817037352856e-05,True
2217,2217,1112,1,sty+perp,2,1,0.9969919001680118,True
2218,2218,1113,0,sty+perp,2,0,0.0014546036660155071,True
2219,2219,1113,1,sty+perp,2,1,0.9987791677438796,True
2220,2220,1114,0,sty+perp,2,0,0.010563130447482763,True
2221,2221,1114,1,sty+perp,2,1,0.9999147443771711,True
2222,2222,1115,0,sty+perp,2,0,3.677795487519289e-06,True
2223,2223,1115,1,sty+perp,2,1,0.9997676519334475,True
2224,2224,1116,0,sty+perp,2,0,0.0018118418105435863,True
2225,2225,1116,1,sty+perp,2,1,0.9999262159939382,True
2226,2226,1117,0,sty+perp,2,0,0.011182589551301178,True
2227,2227,1117,1,sty+perp,2,1,0.9980158755911155,True
2228,2228,1118,0,sty+perp,2,0,0.00021430941189998847,True
2229,2229,1118,1,sty+perp,2,1,0.9992380872629761,True
2230,2230,1119,0,sty+perp,2,0,0.0007477019392081292,True
2231,2231,1119,1,sty+perp,2,1,0.9999923874362814,True
2232,2232,1120,0,sty+perp,2,0,0.0024185767593806885,True
2233,2233,1120,1,sty+perp,2,1,0.9941504381058341,True
2234,2234,1121,0,sty+perp,2,0,0.0019089074547858453,True
2235,2235,1121,1,sty+perp,2,1,0.7660294482350201,True
2236,2236,1122,0,sty+perp,2,0,7.355989146294361e-06,True
2237,2237,1122,1,sty+perp,2,1,0.9997400237921256,True
2238,2238,1123,0,sty+perp,2,0,0.0005332708830659942,True
2239,2239,1123,1,sty+perp,2,1,0.9999030632565006,True
2240,2240,1124,0,sty+perp,2,0,0.0007485223068701832,True
2241,2241,1124,1,sty+perp,2,1,0.9999708041369305,True
2242,2242,1125,0,sty+perp,2,0,0.000927456026318207,True
2243,2243,1125,1,sty+perp,2,1,0.9998450813086394,True
2244,2244,1126,0,sty+perp,2,0,0.0007899016341227375,True
2245,2245,1126,1,sty+perp,2,1,0.9385759716600939,True
2246,2246,1127,0,sty+perp,2,0,0.0009016236380062706,True
2247,2247,1127,1,sty+perp,2,1,0.9998797845327453,True
2248,2248,1128,0,sty+perp,2,0,0.0004191507363670916,True
2249,2249,1128,1,sty+perp,2,1,0.9999883444792704,True
2250,2250,1129,0,sty+perp,2,0,0.00046675633223526006,True
2251,2251,1129,1,sty+perp,2,1,0.9868124046013316,True
2252,2252,1130,0,sty+perp,2,0,0.2737088021325035,True
2253,2253,1130,1,sty+perp,2,1,0.9987121195713488,True
2254,2254,1131,0,sty+perp,2,0,0.0008513356015096438,True
2255,2255,1131,1,sty+perp,2,1,0.9952751257453537,True
2256,2256,1132,0,sty+perp,2,0,0.11034232505841558,True
2257,2257,1132,1,sty+perp,2,1,0.9995079101124579,True
2258,2258,1133,0,sty+perp,2,0,0.005035423914909791,True
2259,2259,1133,1,sty+perp,2,1,0.9997258726213104,True
2260,2260,1134,0,sty+perp,2,0,0.0005568781245785244,True
2261,2261,1134,1,sty+perp,2,1,0.9999243171634972,True
2262,2262,1135,0,sty+perp,2,0,1.89747237685487e-05,True
2263,2263,1135,1,sty+perp,2,1,0.9999795557246014,True
2264,2264,1136,0,sty+perp,2,0,0.0005522901699277224,True
2265,2265,1136,1,sty+perp,2,1,0.9998003134692285,True
2266,2266,1137,0,sty+perp,2,0,0.013372887774289199,True
2267,2267,1137,1,sty+perp,2,1,0.9999672988683279,True
2268,2268,1138,0,sty+perp,2,0,1.9850084987889378e-05,True
2269,2269,1138,1,sty+perp,2,1,0.9999299165970726,True
2270,2270,1139,0,sty+perp,2,0,0.00020797757527967763,True
2271,2271,1139,1,sty+perp,2,1,0.986505495109112,True
2272,2272,1140,0,sty+perp,2,0,0.11336184093603642,True
2273,2273,1140,1,sty+perp,2,1,0.99566552164014,True
2274,2274,1141,0,sty+perp,2,0,2.803705050930947e-05,True
2275,2275,1141,1,sty+perp,2,1,0.9991354373045294,True
2276,2276,1142,0,sty+perp,2,0,0.14999166667540667,True
2277,2277,1142,1,sty+perp,2,1,0.9999671447849837,True
2278,2278,1143,0,sty+perp,2,0,1.8308394540031852e-05,True
2279,2279,1143,1,sty+perp,2,1,0.8607969355061499,True
2280,2280,1144,0,sty+perp,2,0,0.0003756823055440185,True
2281,2281,1144,1,sty+perp,2,1,0.9999855142583451,True
2282,2282,1145,0,sty+perp,2,0,0.051960098303098196,True
2283,2283,1145,1,sty+perp,2,1,0.9996729479175482,True
2284,2284,1146,0,sty+perp,2,0,0.026594886198649196,True
2285,2285,1146,1,sty+perp,2,1,0.9996919685943257,True
2286,2286,1147,0,sty+perp,2,0,0.09538474472093209,True
2287,2287,1147,1,sty+perp,2,1,0.999844960259915,True
2288,2288,1148,0,sty+perp,2,0,0.00045432726629187503,True
2289,2289,1148,1,sty+perp,2,1,0.9996797301901755,True
2290,2290,1149,0,sty+perp,2,0,0.0003447055191290904,True
2291,2291,1149,1,sty+perp,2,1,0.9862562185347212,True
2292,2292,1150,0,sty+perp,2,0,0.035286476863332764,True
2293,2293,1150,1,sty+perp,2,1,0.9975407524300182,True
2294,2294,1151,0,sty+perp,2,0,0.0026504022821456532,True
2295,2295,1151,1,sty+perp,2,1,0.9999763613063628,True
2296,2296,1152,0,sty+perp,2,0,0.0011461644712553569,True
2297,2297,1152,1,sty+perp,2,1,0.9989711596476264,True
2298,2298,1153,0,sty+perp,2,0,0.003625438127771073,True
2299,2299,1153,1,sty+perp,2,1,0.9999796062706392,True
2300,2300,1154,0,sty+perp,2,0,0.15242869929512096,True
2301,2301,1154,1,sty+perp,2,1,0.9979272696461435,True
2302,2302,1155,0,sty+perp,2,0,1.485733107850247e-05,True
2303,2303,1155,1,sty+perp,2,1,0.9994978754240761,True
2304,2304,1156,0,sty+perp,2,0,3.0081803621759628e-05,True
2305,2305,1156,1,sty+perp,2,1,0.9985553407337707,True
2306,2306,1157,0,sty+perp,2,0,1.1009114885557003e-05,True
2307,2307,1157,1,sty+perp,2,1,0.971890571614461,True
2308,2308,1158,0,sty+perp,2,0,0.0002420910208612616,True
2309,2309,1158,1,sty+perp,2,1,0.9936012816247815,True
2310,2310,1159,0,sty+perp,2,0,0.0037514030251566324,True
2311,2311,1159,1,sty+perp,2,1,0.999982909925461,True
2312,2312,1160,0,sty+perp,2,0,0.00012446422585305375,True
2313,2313,1160,1,sty+perp,2,1,0.9863566725845567,True
2314,2314,1161,0,sty+perp,2,0,0.0008551107401333987,True
2315,2315,1161,1,sty+perp,2,1,0.9993686407636191,True
2316,2316,1162,0,sty+perp,2,0,0.03781117453865631,True
2317,2317,1162,1,sty+perp,2,1,0.9020488270096809,True
2318,2318,1163,0,sty+perp,2,0,0.452241158366076,True
2319,2319,1163,1,sty+perp,2,1,0.9988040158797191,True
2320,2320,1164,0,sty+perp,2,0,0.0031991181433964574,True
2321,2321,1164,1,sty+perp,2,1,0.9998155232596082,True
2322,2322,1165,0,sty+perp,2,0,0.00012269784149066803,True
2323,2323,1165,1,sty+perp,2,1,0.9968065830752255,True
2324,2324,1166,0,sty+perp,2,0,0.00013944747414606397,True
2325,2325,1166,1,sty+perp,2,1,0.906697717212204,True
2326,2326,1167,0,sty+perp,2,1,0.6303303565832546,False
2327,2327,1167,1,sty+perp,2,1,0.9966326403542971,True
2328,2328,1168,0,sty+perp,2,0,9.290462132951765e-05,True
2329,2329,1168,1,sty+perp,2,1,0.999912233697698,True
2330,2330,1169,0,sty+perp,2,0,0.0011287801615528484,True
2331,2331,1169,1,sty+perp,2,1,0.8275448451996908,True
2332,2332,1170,0,sty+perp,2,0,0.007039259479037382,True
2333,2333,1170,1,sty+perp,2,1,0.9996946142735657,True
2334,2334,1171,0,sty+perp,2,0,0.16861162934163904,True
2335,2335,1171,1,sty+perp,2,1,0.9999805344003028,True
2336,2336,1172,0,sty+perp,2,0,0.00012067384958801496,True
2337,2337,1172,1,sty+perp,2,1,0.9999503091288413,True
2338,2338,1173,0,sty+perp,2,0,0.0033353240577641673,True
2339,2339,1173,1,sty+perp,2,1,0.9999758540624736,True
2340,2340,1174,0,sty+perp,2,0,4.216715662384523e-06,True
2341,2341,1174,1,sty+perp,2,1,0.9999659746957352,True
2342,2342,1175,0,sty+perp,2,0,1.3170481434995759e-05,True
2343,2343,1175,1,sty+perp,2,1,0.9998965291519372,True
2344,2344,1176,0,sty+perp,2,1,0.6802631172579103,False
2345,2345,1176,1,sty+perp,2,1,0.6478521518398072,True
2346,2346,1177,0,sty+perp,2,0,0.0011159960999386374,True
2347,2347,1177,1,sty+perp,2,1,0.9991747739542934,True
2348,2348,1178,0,sty+perp,2,0,8.349872466300031e-05,True
2349,2349,1178,1,sty+perp,2,1,0.9996525302930845,True
2350,2350,1179,0,sty+perp,2,1,0.9753877122805792,False
2351,2351,1179,1,sty+perp,2,1,0.9998475833632352,True
2352,2352,1180,0,sty+perp,2,0,0.005147305430588866,True
2353,2353,1180,1,sty+perp,2,1,0.9995815004698291,True
2354,2354,1181,1,sty+perp,2,1,0.9998555256189217,True
2355,2355,1182,0,sty+perp,2,0,0.00012779517864479437,True
2356,2356,1182,1,sty+perp,2,1,0.9996585904598423,True
2357,2357,1183,0,sty+perp,2,0,0.00010619390703684998,True
2358,2358,1183,1,sty+perp,2,1,0.9973063472612826,True
2359,2359,1184,0,sty+perp,2,0,0.01007235836567003,True
2360,2360,1184,1,sty+perp,2,1,0.9979490943015242,True
2361,2361,1185,0,sty+perp,2,0,0.0003071027114619185,True
2362,2362,1185,1,sty+perp,2,1,0.9671667105281258,True
2363,2363,1186,0,sty+perp,2,0,0.00017566921885166104,True
2364,2364,1186,1,sty+perp,2,1,0.9895159449657024,True
2365,2365,1187,0,sty+perp,2,0,0.0008721690548935554,True
2366,2366,1187,1,sty+perp,2,1,0.999943670657356,True
2367,2367,1188,0,sty+perp,2,0,0.02203320112068761,True
2368,2368,1188,1,sty+perp,2,1,0.9996841297531708,True
2369,2369,1189,0,sty+perp,2,0,0.0001836343374775981,True
2370,2370,1189,1,sty+perp,2,1,0.9952281805795146,True
2371,2371,1190,0,sty+perp,2,0,0.01605221164910813,True
2372,2372,1190,1,sty+perp,2,1,0.9980941952579588,True
2373,2373,1191,0,sty+perp,2,0,6.249964520636875e-06,True
2374,2374,1191,1,sty+perp,2,1,0.9998284821418643,True
2375,2375,1192,0,sty+perp,2,0,0.00021251691822152328,True
2376,2376,1192,1,sty+perp,2,1,0.9999416063129516,True
2377,2377,1193,0,sty+perp,2,0,0.07452291027168619,True
2378,2378,1193,1,sty+perp,2,1,0.9997855023115895,True
2379,2379,1194,0,sty+perp,2,0,0.00028652381794683657,True
2380,2380,1194,1,sty+perp,2,1,0.9999825928944829,True
2381,2381,1195,0,sty+perp,2,0,3.865646975418381e-06,True
2382,2382,1195,1,sty+perp,2,1,0.9085231979616816,True
2383,2383,1196,0,sty+perp,2,0,0.002004395163670669,True
2384,2384,1196,1,sty+perp,2,1,0.9759107129848958,True
2385,2385,1197,0,sty+perp,2,0,0.0002446640316178781,True
2386,2386,1197,1,sty+perp,2,1,0.9893562624384166,True
2387,2387,1198,0,sty+perp,2,0,0.32200994340487177,True
2388,2388,1198,1,sty+perp,2,1,0.9997135577427942,True
2389,2389,1199,0,sty+perp,2,0,0.0004958967752571407,True
2390,2390,1199,1,sty+perp,2,1,0.9999575020654095,True
2391,2391,1200,0,sty+perp,2,0,0.020954829566712633,True
2392,2392,1200,1,sty+perp,2,1,0.9999956416130725,True
2393,2393,1201,0,sty+perp,2,0,0.052731291908700725,True
2394,2394,1201,1,sty+perp,2,1,0.9999762294241333,True
2395,2395,1202,0,sty+perp,2,0,0.000388139831574013,True
2396,2396,1202,1,sty+perp,2,1,0.9954253094477001,True
2397,2397,1203,0,sty+perp,2,0,5.2963268532703155e-05,True
2398,2398,1203,1,sty+perp,2,1,0.999953142425259,True
2399,2399,1204,0,sty+perp,2,1,0.6012788890305679,False
2400,2400,1204,1,sty+perp,2,1,0.9964696160082286,True
2401,2401,1205,0,sty+perp,2,0,0.3828906516122266,True
2402,2402,1205,1,sty+perp,2,1,0.9999789304792667,True
2403,2403,1206,0,sty+perp,2,0,7.395597210539448e-05,True
2404,2404,1206,1,sty+perp,2,1,0.9996301538426317,True
2405,2405,1207,0,sty+perp,2,0,0.07401661536251347,True
2406,2406,1207,1,sty+perp,2,1,0.9982016822882822,True
2407,2407,1208,0,sty+perp,2,0,0.011517171303480475,True
2408,2408,1208,1,sty+perp,2,1,0.9998134986967253,True
2409,2409,1209,0,sty+perp,2,0,0.000457350747552094,True
2410,2410,1209,1,sty+perp,2,1,0.9999442974821245,True
2411,2411,1210,0,sty+perp,2,0,0.03763841363242234,True
2412,2412,1210,1,sty+perp,2,1,0.9999758827835453,True
2413,2413,1211,0,sty+perp,2,0,0.0025938890971914314,True
2414,2414,1211,1,sty+perp,2,1,0.9928540007871517,True
2415,2415,1212,0,sty+perp,2,0,0.002277299263321116,True
2416,2416,1212,1,sty+perp,2,1,0.9990788587600189,True
2417,2417,1213,0,sty+perp,2,0,0.0002254606990896019,True
2418,2418,1213,1,sty+perp,2,1,0.9984382790929021,True
2419,2419,1214,0,sty+perp,2,0,0.025428772605076984,True
2420,2420,1214,1,sty+perp,2,1,0.831952166543721,True
2421,2421,1215,0,sty+perp,2,0,0.0005498685489914809,True
2422,2422,1215,1,sty+perp,2,1,0.9992868857160836,True
2423,2423,1216,0,sty+perp,2,0,1.9412025326347034e-06,True
2424,2424,1216,1,sty+perp,2,1,0.9998110352641264,True
2425,2425,1217,0,sty+perp,2,0,7.188818529001654e-05,True
2426,2426,1217,1,sty+perp,2,1,0.9010072424720401,True
2427,2427,1218,0,sty+perp,2,0,0.04709873826954033,True
2428,2428,1218,1,sty+perp,2,1,0.9951629099592701,True
2429,2429,1219,0,sty+perp,2,1,0.9813788200331627,False
2430,2430,1219,1,sty+perp,2,1,0.9995974791960787,True
2431,2431,1220,0,sty+perp,2,0,0.02442508663852177,True
2432,2432,1220,1,sty+perp,2,1,0.9985828541319631,True
2433,2433,1221,0,sty+perp,2,0,0.01057277102441889,True
2434,2434,1221,1,sty+perp,2,1,0.9998694078611257,True
2435,2435,1222,0,sty+perp,2,0,0.004223823518169412,True
2436,2436,1222,1,sty+perp,2,1,0.9918785379717604,True
2437,2437,1223,0,sty+perp,2,0,0.0026675707751005473,True
2438,2438,1223,1,sty+perp,2,1,0.9944019856082421,True
2439,2439,1224,0,sty+perp,2,0,0.05470628941670391,True
2440,2440,1224,1,sty+perp,2,1,0.9999545495982664,True
2441,2441,1225,0,sty+perp,2,0,0.00116355496063118,True
2442,2442,1225,1,sty+perp,2,1,0.9978172687826318,True
2443,2443,1226,0,sty+perp,2,0,6.286738675140693e-05,True
2444,2444,1226,1,sty+perp,2,1,0.9997188178232661,True
2445,2445,1227,0,sty+perp,2,0,0.00032051685261677755,True
2446,2446,1227,1,sty+perp,2,1,0.9997298281905432,True
2447,2447,1228,0,sty+perp,2,0,0.003602541063733444,True
2448,2448,1228,1,sty+perp,2,1,0.9999870442933144,True
2449,2449,1229,0,sty+perp,2,0,0.0001618166575774435,True
2450,2450,1229,1,sty+perp,2,1,0.9995505446175543,True
2451,2451,1230,0,sty+perp,2,0,0.07851221718024,True
2452,2452,1230,1,sty+perp,2,1,0.9924760080010112,True
2453,2453,1231,0,sty+perp,2,0,0.0017349137426061591,True
2454,2454,1231,1,sty+perp,2,1,0.9899121055420894,True
2455,2455,1232,0,sty+perp,2,0,0.008930239321243968,True
2456,2456,1232,1,sty+perp,2,1,0.9999493170650285,True
2457,2457,1233,0,sty+perp,2,0,6.164416205311316e-05,True
2458,2458,1233,1,sty+perp,2,1,0.9999442900939699,True
2459,2459,1234,0,sty+perp,2,0,0.00040250121848938776,True
2460,2460,1234,1,sty+perp,2,1,0.9864995166272096,True
2461,2461,1235,0,sty+perp,2,0,8.366128299192353e-06,True
2462,2462,1235,1,sty+perp,2,0,0.0002852408849754072,False
2463,2463,1236,0,sty+perp,2,0,0.005520889966080162,True
2464,2464,1236,1,sty+perp,2,1,0.9999492639340564,True
2465,2465,1237,0,sty+perp,2,0,0.0014516657155837938,True
2466,2466,1237,1,sty+perp,2,1,0.999771653598681,True
2467,2467,1238,0,sty+perp,2,0,0.002134312028863706,True
2468,2468,1238,1,sty+perp,2,1,0.993900025069734,True
2469,2469,1239,0,sty+perp,2,0,4.358569731827202e-05,True
2470,2470,1239,1,sty+perp,2,1,0.9987288384805784,True
2471,2471,1240,0,sty+perp,2,0,7.370560131179769e-05,True
2472,2472,1240,1,sty+perp,2,1,0.9991370920351205,True
2473,2473,1241,0,sty+perp,2,1,0.6887588055906824,False
2474,2474,1241,1,sty+perp,2,1,0.9991220060292064,True
2475,2475,1242,0,sty+perp,2,0,0.0009032994778211563,True
2476,2476,1242,1,sty+perp,2,1,0.999979594181159,True
2477,2477,1243,0,sty+perp,2,0,2.380885508452517e-05,True
2478,2478,1243,1,sty+perp,2,1,0.9999449464636032,True
2479,2479,1244,0,sty+perp,2,0,0.0007808354944796068,True
2480,2480,1244,1,sty+perp,2,1,0.9862595870136883,True
2481,2481,1245,0,sty+perp,2,0,0.004901217854719158,True
2482,2482,1245,1,sty+perp,2,1,0.9988126483634474,True
2483,2483,1246,0,sty+perp,2,0,0.0030477526476507676,True
2484,2484,1246,1,sty+perp,2,1,0.9993008726252091,True
2485,2485,1247,0,sty+perp,2,0,0.0007534208259681774,True
2486,2486,1247,1,sty+perp,2,1,0.6917749682006199,True
2487,2487,1248,0,sty+perp,2,0,6.724921060539393e-05,True
2488,2488,1248,1,sty+perp,2,1,0.9999396795068415,True
2489,2489,1249,0,sty+perp,2,0,0.0004885884872826904,True
2490,2490,1249,1,sty+perp,2,1,0.9998982466886192,True
2491,2491,1250,0,sty+perp,2,0,0.0032726299320872186,True
2492,2492,1250,1,sty+perp,2,1,0.9992534039297499,True
2493,2493,1251,0,sty+perp,2,0,0.005219509757034104,True
2494,2494,1251,1,sty+perp,2,1,0.9642078536632515,True
2495,2495,1252,0,sty+perp,2,0,0.014092102416836028,True
2496,2496,1252,1,sty+perp,2,1,0.9916759651649167,True
2497,2497,1253,0,sty+perp,2,0,0.0005932574706825665,True
2498,2498,1253,1,sty+perp,2,1,0.9997473135320267,True
2499,2499,1254,0,sty+perp,2,0,0.061127909309899864,True
2500,2500,1254,1,sty+perp,2,1,0.9997655315676219,True
2501,2501,1255,0,sty+perp,2,0,0.011635719081997346,True
2502,2502,1255,1,sty+perp,2,1,0.9998920190197128,True
2503,2503,1256,0,sty+perp,2,0,0.0001310620405539446,True
2504,2504,1256,1,sty+perp,2,1,0.9981850779326885,True
2505,2505,1257,0,sty+perp,2,0,0.008307279590027153,True
2506,2506,1257,1,sty+perp,2,0,0.42828047363604355,False
2507,2507,1258,0,sty+perp,2,0,0.008783283837890142,True
2508,2508,1258,1,sty+perp,2,1,0.999871918096842,True
2509,2509,1259,0,sty+perp,2,0,0.00025117147823126666,True
2510,2510,1259,1,sty+perp,2,1,0.9940538533004596,True
2511,2511,1260,0,sty+perp,2,0,0.000718639931231399,True
2512,2512,1260,1,sty+perp,2,1,0.9995219336569182,True
2513,2513,1261,0,sty+perp,2,0,0.0005737157280047473,True
2514,2514,1261,1,sty+perp,2,1,0.9999540885704538,True
2515,2515,1262,0,sty+perp,2,0,0.06401018258960725,True
2516,2516,1262,1,sty+perp,2,1,0.6851893254947784,True
2517,2517,1263,0,sty+perp,2,0,0.0008344776721091236,True
2518,2518,1263,1,sty+perp,2,1,0.9305674985912953,True
2519,2519,1264,0,sty+perp,2,0,0.00264968703820565,True
2520,2520,1264,1,sty+perp,2,1,0.9983988549040161,True
2521,2521,1265,0,sty+perp,2,0,7.5682524405266075e-06,True
2522,2522,1265,1,sty+perp,2,1,0.9997312749818638,True
2523,2523,1266,0,sty+perp,2,0,8.038690577567754e-06,True
2524,2524,1266,1,sty+perp,2,1,0.9940462074219172,True
2525,2525,1267,0,sty+perp,2,0,0.005046720092527818,True
2526,2526,1267,1,sty+perp,2,1,0.999954212916406,True
2527,2527,1268,1,sty+perp,2,1,0.9942035108350441,True
2528,2528,1269,0,sty+perp,2,0,4.274804755397127e-05,True
2529,2529,1269,1,sty+perp,2,1,0.9983044884049954,True
2530,2530,1270,0,sty+perp,2,0,2.0298143022437803e-05,True
2531,2531,1270,1,sty+perp,2,1,0.9999540033165797,True
2532,2532,1271,0,sty+perp,2,0,0.00016290585413162434,True
2533,2533,1271,1,sty+perp,2,0,0.2227308836595095,False
2534,2534,1272,0,sty+perp,2,0,0.004029299471581247,True
2535,2535,1272,1,sty+perp,2,1,0.9998812020413316,True
2536,2536,1273,0,sty+perp,2,0,0.002872135124465704,True
2537,2537,1273,1,sty+perp,2,1,0.9992839009469071,True
2538,2538,1274,0,sty+perp,2,0,0.0012936197123595997,True
2539,2539,1274,1,sty+perp,2,1,0.997292977961069,True
2540,2540,1275,0,sty+perp,2,0,0.001246158637727667,True
2541,2541,1275,1,sty+perp,2,1,0.8026513418540553,True
2542,2542,1276,0,sty+perp,2,0,0.00011163501495055146,True
2543,2543,1276,1,sty+perp,2,1,0.9998499755334613,True
2544,2544,1277,0,sty+perp,2,0,0.012701927348321814,True
2545,2545,1277,1,sty+perp,2,1,0.9980293456800445,True
2546,2546,1278,0,sty+perp,2,0,0.19858842787911354,True
2547,2547,1278,1,sty+perp,2,1,0.9997283945119261,True
2548,2548,1279,0,sty+perp,2,0,0.003643658914775548,True
2549,2549,1279,1,sty+perp,2,1,0.9999402340467441,True
2550,2550,1280,0,sty+perp,2,0,0.000815110902013759,True
2551,2551,1280,1,sty+perp,2,1,0.9999352757308501,True
2552,2552,1281,0,sty+perp,2,0,0.0006097918522152468,True
2553,2553,1281,1,sty+perp,2,1,0.9999864138264816,True
2554,2554,1282,0,sty+perp,2,0,0.005642710356900557,True
2555,2555,1282,1,sty+perp,2,1,0.9989969612424774,True
2556,2556,1283,0,sty+perp,2,0,0.0801457132023092,True
2557,2557,1283,1,sty+perp,2,1,0.9997082293538467,True
2558,2558,1284,0,sty+perp,2,0,0.0013488238660538355,True
2559,2559,1284,1,sty+perp,2,1,0.999928263303776,True
2560,2560,1285,0,sty+perp,2,0,0.0009610907134553937,True
2561,2561,1285,1,sty+perp,2,1,0.9980407628559373,True
2562,2562,1286,0,sty+perp,2,0,0.00030974929731381436,True
2563,2563,1286,1,sty+perp,2,1,0.9994301537386201,True
2564,2564,1287,0,sty+perp,2,0,0.0017708940952396743,True
2565,2565,1287,1,sty+perp,2,1,0.9761482780779756,True
2566,2566,1288,0,sty+perp,2,0,0.0002524304835372679,True
2567,2567,1288,1,sty+perp,2,1,0.9961814535639486,True
2568,2568,1289,0,sty+perp,2,0,0.00012749678408476134,True
2569,2569,1289,1,sty+perp,2,1,0.9990703738039823,True
2570,2570,1290,0,sty+perp,2,0,3.0346792114620255e-05,True
2571,2571,1290,1,sty+perp,2,1,0.9999334592682855,True
2572,2572,1291,0,sty+perp,2,0,0.05351667697531144,True
2573,2573,1291,1,sty+perp,2,1,0.9998875204265045,True
2574,2574,1292,0,sty+perp,2,0,3.056362177256698e-05,True
2575,2575,1292,1,sty+perp,2,1,0.9998941545298482,True
2576,2576,1293,0,sty+perp,2,0,0.02159132343695614,True
2577,2577,1293,1,sty+perp,2,1,0.9982357790181342,True
2578,2578,1294,0,sty+perp,2,0,0.00010942360941327485,True
2579,2579,1294,1,sty+perp,2,0,0.4415232780714681,False
2580,2580,1295,0,sty+perp,2,0,0.00022971447886663645,True
2581,2581,1295,1,sty+perp,2,1,0.9990636402320681,True
2582,2582,1296,0,sty+perp,2,0,0.019885430235114444,True
2583,2583,1296,1,sty+perp,2,1,0.9992117003881086,True
2584,2584,1297,0,sty+perp,2,0,0.10697775585417975,True
2585,2585,1297,1,sty+perp,2,1,0.9994014825179467,True
2586,2586,1298,0,sty+perp,2,0,0.0038923371001890424,True
2587,2587,1298,1,sty+perp,2,1,0.9920181868004037,True
2588,2588,1299,0,sty+perp,2,0,8.521707494660908e-05,True
2589,2589,1299,1,sty+perp,2,1,0.9999429572717154,True
2590,2590,1300,0,sty+perp,2,0,0.0004403640473652137,True
2591,2591,1300,1,sty+perp,2,1,0.9999738109485451,True
2592,2592,1301,0,sty+perp,2,0,7.875279369749643e-05,True
2593,2593,1301,1,sty+perp,2,1,0.9998778044459983,True
2594,2594,1302,0,sty+perp,2,0,0.020441868545263746,True
2595,2595,1302,1,sty+perp,2,1,0.9997981187165508,True
2596,2596,1303,0,sty+perp,2,0,0.0004511991094161507,True
2597,2597,1303,1,sty+perp,2,1,0.9982824799011449,True
2598,2598,1304,0,sty+perp,2,0,4.916645218833158e-05,True
2599,2599,1304,1,sty+perp,2,1,0.9999766257712552,True
2600,2600,1305,0,sty+perp,2,0,0.01013245559686307,True
2601,2601,1305,1,sty+perp,2,1,0.9997746467341924,True
2602,2602,1306,0,sty+perp,2,0,3.211845610696345e-05,True
2603,2603,1306,1,sty+perp,2,1,0.9975223033611428,True
2604,2604,1307,0,sty+perp,2,0,0.003986027287943926,True
2605,2605,1307,1,sty+perp,2,1,0.9999618326169276,True
2606,2606,1308,0,sty+perp,2,0,6.063228440157237e-05,True
2607,2607,1308,1,sty+perp,2,1,0.9997262539142359,True
2608,2608,1309,0,sty+perp,2,0,6.069981463098604e-05,True
2609,2609,1309,1,sty+perp,2,1,0.9862204560933875,True
2610,2610,1310,0,sty+perp,2,0,0.0001537155112269943,True
2611,2611,1310,1,sty+perp,2,1,0.9987226009208561,True
2612,2612,1311,0,sty+perp,2,0,0.00014099380349435778,True
2613,2613,1311,1,sty+perp,2,1,0.9999640508351462,True
2614,2614,1312,0,sty+perp,2,0,0.0001738037817118622,True
2615,2615,1312,1,sty+perp,2,1,0.9905408895707182,True
2616,2616,1313,0,sty+perp,2,0,1.9764905182874408e-05,True
2617,2617,1313,1,sty+perp,2,1,0.9998989153233373,True
2618,2618,1314,0,sty+perp,2,0,0.20215915676962443,True
2619,2619,1314,1,sty+perp,2,1,0.9997256580306828,True
2620,2620,1315,0,sty+perp,2,0,2.2291771952475572e-05,True
2621,2621,1315,1,sty+perp,2,1,0.999889275619676,True
2622,2622,1316,0,sty+perp,2,0,8.119618572450323e-05,True
2623,2623,1316,1,sty+perp,2,1,0.998331017198131,True
2624,2624,1317,0,sty+perp,2,0,0.004623984055695064,True
2625,2625,1317,1,sty+perp,2,1,0.9999432512884617,True
2626,2626,1318,0,sty+perp,2,1,0.7148673644038721,False
2627,2627,1318,1,sty+perp,2,1,0.9999403734450147,True
2628,2628,1319,0,sty+perp,2,0,6.279895031895134e-06,True
2629,2629,1319,1,sty+perp,2,1,0.9999733803498742,True
2630,2630,1320,0,sty+perp,2,0,0.0008284356351079392,True
2631,2631,1320,1,sty+perp,2,1,0.9983096336551834,True
2632,2632,1321,0,sty+perp,2,0,0.00493838143707619,True
2633,2633,1321,1,sty+perp,2,1,0.9998289560380709,True
2634,2634,1322,0,sty+perp,2,0,0.000528487175043157,True
2635,2635,1322,1,sty+perp,2,1,0.9997150800420462,True
2636,2636,1323,0,sty+perp,2,0,5.322069043206141e-05,True
2637,2637,1323,1,sty+perp,2,1,0.9998654340691339,True
2638,2638,1324,0,sty+perp,2,0,0.05359284460879729,True
2639,2639,1324,1,sty+perp,2,1,0.9995058505736635,True
2640,2640,1325,0,sty+perp,2,0,0.04534289870489856,True
2641,2641,1325,1,sty+perp,2,1,0.9788973659228184,True
2642,2642,1326,0,sty+perp,2,0,2.0411537540147642e-05,True
2643,2643,1326,1,sty+perp,2,1,0.9655629872359566,True
2644,2644,1327,0,sty+perp,2,0,3.7988185579660862e-06,True
2645,2645,1327,1,sty+perp,2,1,0.8767231058973605,True
2646,2646,1328,0,sty+perp,2,0,0.00013811875249573422,True
2647,2647,1328,1,sty+perp,2,1,0.7223815606935723,True
2648,2648,1329,0,sty+perp,2,0,0.0009628515817011621,True
2649,2649,1329,1,sty+perp,2,1,0.9998517208399061,True
2650,2650,1330,0,sty+perp,2,0,0.0001715134873312175,True
2651,2651,1330,1,sty+perp,2,1,0.9930238508749938,True
2652,2652,1331,0,sty+perp,2,0,0.0006003882533729285,True
2653,2653,1331,1,sty+perp,2,1,0.999927218476568,True
2654,2654,1332,0,sty+perp,2,0,0.0006845445290889378,True
2655,2655,1332,1,sty+perp,2,1,0.999227164101121,True
2656,2656,1333,0,sty+perp,2,0,0.002281640403112597,True
2657,2657,1333,1,sty+perp,2,1,0.9998936732334678,True
2658,2658,1334,0,sty+perp,2,0,0.0018229972303237562,True
2659,2659,1334,1,sty+perp,2,1,0.9996657736577625,True
2660,2660,1335,0,sty+perp,2,0,0.0003053367403892218,True
2661,2661,1335,1,sty+perp,2,1,0.9999619579218482,True
2662,2662,1336,0,sty+perp,2,0,0.01830941638780959,True
2663,2663,1336,1,sty+perp,2,1,0.9973243991003141,True
2664,2664,1337,0,sty+perp,2,0,0.08340834665483941,True
2665,2665,1337,1,sty+perp,2,1,0.9996182249413793,True
2666,2666,1338,0,sty+perp,2,0,0.0017716111670780003,True
2667,2667,1338,1,sty+perp,2,1,0.9996129462084641,True
2668,2668,1339,0,sty+perp,2,0,5.280096569660378e-06,True
2669,2669,1339,1,sty+perp,2,1,0.9999690513914263,True
2670,2670,1340,0,sty+perp,2,0,0.006241672172267002,True
2671,2671,1340,1,sty+perp,2,1,0.9999579428347148,True
2672,2672,1341,0,sty+perp,2,0,0.03742139533719744,True
2673,2673,1341,1,sty+perp,2,1,0.9997759141222612,True
2674,2674,1342,0,sty+perp,2,0,7.249261001435833e-05,True
2675,2675,1342,1,sty+perp,2,1,0.9813844486512122,True
2676,2676,1343,0,sty+perp,2,0,0.06741921400209565,True
2677,2677,1343,1,sty+perp,2,1,0.9998859571305025,True
2678,2678,1344,0,sty+perp,2,0,0.07910226059045984,True
2679,2679,1344,1,sty+perp,2,0,0.2926735858242036,False
2680,2680,1345,0,sty+perp,2,0,0.000170645136218227,True
2681,2681,1345,1,sty+perp,2,1,0.9931106295828104,True
2682,2682,1346,0,sty+perp,2,0,0.025097930661756754,True
2683,2683,1346,1,sty+perp,2,1,0.9999841436125544,True
2684,2684,1347,0,sty+perp,2,0,0.003122492839726545,True
2685,2685,1347,1,sty+perp,2,1,0.9994682711557923,True
2686,2686,1348,0,sty+perp,2,0,0.00011736019102966431,True
2687,2687,1348,1,sty+perp,2,1,0.9998617645848317,True
2688,2688,1349,0,sty+perp,2,0,0.0011959038640088748,True
2689,2689,1349,1,sty+perp,2,1,0.9759351360233858,True
2690,2690,1350,0,sty+perp,2,0,0.10659989933748491,True
2691,2691,1350,1,sty+perp,2,1,0.8824047438929592,True
2692,2692,1351,0,sty+perp,2,0,0.0001139544689191128,True
2693,2693,1351,1,sty+perp,2,1,0.9998721521186551,True
2694,2694,1352,0,sty+perp,2,0,0.00043260409749895645,True
2695,2695,1352,1,sty+perp,2,1,0.9999738937430743,True
2696,2696,1353,0,sty+perp,2,0,0.00011918751498261849,True
2697,2697,1353,1,sty+perp,2,1,0.8241626898803245,True
2698,2698,1354,0,sty+perp,2,0,0.00012667942108677717,True
2699,2699,1354,1,sty+perp,2,1,0.9993671592672861,True
2700,2700,1355,0,sty+perp,2,0,0.05413485709428075,True
2701,2701,1355,1,sty+perp,2,1,0.9877219238825028,True
2702,2702,1356,0,sty+perp,2,1,0.9665977749736868,False
2703,2703,1356,1,sty+perp,2,1,0.9999631374586577,True
2704,2704,1357,0,sty+perp,2,0,0.008561360149117703,True
2705,2705,1357,1,sty+perp,2,1,0.9731989330824966,True
2706,2706,1358,0,sty+perp,2,0,0.003222338514387967,True
2707,2707,1358,1,sty+perp,2,1,0.8768398073976774,True
2708,2708,1359,0,sty+perp,2,0,0.002127866935067956,True
2709,2709,1359,1,sty+perp,2,1,0.9980732506507359,True
2710,2710,1360,0,sty+perp,2,0,0.0003594418734124851,True
2711,2711,1360,1,sty+perp,2,1,0.999595040704846,True
2712,2712,1361,0,sty+perp,2,0,0.0002048409816933626,True
2713,2713,1361,1,sty+perp,2,1,0.9190465006678992,True
2714,2714,1362,0,sty+perp,2,0,0.0007656593564983629,True
2715,2715,1362,1,sty+perp,2,1,0.9984647731832726,True
2716,2716,1363,0,sty+perp,2,0,0.00088949395388605,True
2717,2717,1363,1,sty+perp,2,1,0.9998312849519959,True
2718,2718,1364,0,sty+perp,2,0,0.010568947557423743,True
2719,2719,1364,1,sty+perp,2,1,0.9995557289632195,True
2720,2720,1365,0,sty+perp,2,0,0.00026102437435426677,True
2721,2721,1365,1,sty+perp,2,1,0.9920844902933541,True
2722,2722,1366,0,sty+perp,2,0,0.009448908684611243,True
2723,2723,1366,1,sty+perp,2,1,0.9999857652208383,True
2724,2724,1367,0,sty+perp,2,0,0.2455167674460119,True
2725,2725,1367,1,sty+perp,2,1,0.9998948007880746,True
2726,2726,1368,0,sty+perp,2,0,0.0008629600615483013,True
2727,2727,1368,1,sty+perp,2,1,0.9865881086826384,True
2728,2728,1369,0,sty+perp,2,0,0.00010677912494215927,True
2729,2729,1369,1,sty+perp,2,1,0.9814419563541041,True
2730,2730,1370,0,sty+perp,2,0,0.00015599120400512387,True
2731,2731,1370,1,sty+perp,2,1,0.9998563522101891,True
2732,2732,1371,0,sty+perp,2,0,0.00015798761167385873,True
2733,2733,1371,1,sty+perp,2,1,0.9999795785441994,True
2734,2734,1372,0,sty+perp,2,0,0.4376781548973013,True
2735,2735,1372,1,sty+perp,2,1,0.9967906813473524,True
2736,2736,1373,0,sty+perp,2,0,0.0019138783974771666,True
2737,2737,1373,1,sty+perp,2,1,0.9970334704307964,True
2738,2738,1374,0,sty+perp,2,0,0.0014423984750548333,True
2739,2739,1374,1,sty+perp,2,1,0.9994010900290122,True
2740,2740,1375,0,sty+perp,2,0,0.021859229806518207,True
2741,2741,1375,1,sty+perp,2,1,0.9999389511087223,True
2742,2742,1376,0,sty+perp,2,0,0.0002674297124037034,True
2743,2743,1376,1,sty+perp,2,1,0.9999507749056775,True
2744,2744,1377,0,sty+perp,2,0,0.35739430896080704,True
2745,2745,1377,1,sty+perp,2,1,0.9998605299286298,True
2746,2746,1378,0,sty+perp,2,0,2.959295224118303e-06,True
2747,2747,1378,1,sty+perp,2,1,0.9990767249299084,True
2748,2748,1379,0,sty+perp,2,0,2.1610300016779173e-05,True
2749,2749,1379,1,sty+perp,2,1,0.9996731579889087,True
2750,2750,1380,0,sty+perp,2,0,0.006047929019314054,True
2751,2751,1380,1,sty+perp,2,1,0.9902855838754566,True
2752,2752,1381,0,sty+perp,2,0,0.04369135887261713,True
2753,2753,1381,1,sty+perp,2,1,0.9967036787979326,True
2754,2754,1382,0,sty+perp,2,0,1.1974102360801639e-05,True
2755,2755,1382,1,sty+perp,2,1,0.9992590651533036,True
2756,2756,1383,0,sty+perp,2,0,0.000642232588758234,True
2757,2757,1383,1,sty+perp,2,1,0.999932463121066,True
2758,2758,1384,0,sty+perp,2,0,0.0006278375608400906,True
2759,2759,1384,1,sty+perp,2,1,0.7932331005437442,True
2760,2760,1385,0,sty+perp,2,0,0.00042210453102194616,True
2761,2761,1385,1,sty+perp,2,1,0.65628478694596,True
2762,2762,1386,0,sty+perp,2,0,0.00028460140722174016,True
2763,2763,1386,1,sty+perp,2,1,0.9999650015710423,True
2764,2764,1387,0,sty+perp,2,0,3.1431752874276886e-06,True
2765,2765,1387,1,sty+perp,2,1,0.9811273469722807,True
2766,2766,1388,0,sty+perp,2,0,0.00011803900183765797,True
2767,2767,1388,1,sty+perp,2,1,0.9991397738804042,True
2768,2768,1389,0,sty+perp,2,0,0.0015093307668575268,True
2769,2769,1389,1,sty+perp,2,1,0.9993183302977706,True
2770,2770,1390,0,sty+perp,2,0,4.2971585059495736e-05,True
2771,2771,1390,1,sty+perp,2,1,0.9958906655192653,True
2772,2772,1391,0,sty+perp,2,0,0.0036665344201670357,True
2773,2773,1391,1,sty+perp,2,1,0.9914577894061062,True
2774,2774,1392,0,sty+perp,2,0,0.004307507428942934,True
2775,2775,1392,1,sty+perp,2,0,0.04008335723548621,False
2776,2776,1393,0,sty+perp,2,0,1.5140759924719957e-05,True
2777,2777,1393,1,sty+perp,2,1,0.9604391169785548,True
2778,2778,1394,0,sty+perp,2,0,0.10037346121221466,True
2779,2779,1394,1,sty+perp,2,1,0.9650877002821492,True
2780,2780,1395,0,sty+perp,2,0,0.0007450740724347495,True
2781,2781,1395,1,sty+perp,2,0,0.023916563069623992,False
2782,2782,1396,0,sty+perp,2,0,0.00112129223149105,True
2783,2783,1396,1,sty+perp,2,1,0.9999756847808557,True
2784,2784,1397,0,sty+perp,2,0,0.001430896018841231,True
2785,2785,1397,1,sty+perp,2,1,0.9996707906547877,True
2786,2786,1398,0,sty+perp,2,0,0.0010403742785774737,True
2787,2787,1398,1,sty+perp,2,1,0.9997314923502332,True
2788,2788,1399,0,sty+perp,2,0,0.00010560824150224238,True
2789,2789,1399,1,sty+perp,2,1,0.998378537127553,True
2790,2790,1400,0,sty+perp,2,0,0.004216882203157382,True
2791,2791,1400,1,sty+perp,2,1,0.9999686077758368,True
2792,2792,1401,0,sty+perp,2,0,1.9116878778240014e-05,True
2793,2793,1401,1,sty+perp,2,1,0.9525534815931233,True
2794,2794,1402,0,sty+perp,2,0,0.024248964926899153,True
2795,2795,1402,1,sty+perp,2,1,0.9994162266852676,True
2796,2796,1403,0,sty+perp,2,0,0.03175027865178381,True
2797,2797,1403,1,sty+perp,2,1,0.9984986384196263,True
2798,2798,1404,0,sty+perp,2,0,0.022509422235051472,True
2799,2799,1404,1,sty+perp,2,1,0.9875892814395217,True
2800,2800,1405,0,sty+perp,2,0,0.00014316873334598905,True
2801,2801,1405,1,sty+perp,2,1,0.9978763776814156,True
2802,2802,1406,0,sty+perp,2,0,0.0011550739220373618,True
2803,2803,1406,1,sty+perp,2,1,0.999524850443051,True
2804,2804,1407,0,sty+perp,2,0,8.678799457694918e-05,True
2805,2805,1407,1,sty+perp,2,1,0.9985489239032466,True
2806,2806,1408,0,sty+perp,2,0,0.006161491921430465,True
2807,2807,1408,1,sty+perp,2,1,0.9995797634181888,True
2808,2808,1409,0,sty+perp,2,0,2.9811860491082858e-05,True
2809,2809,1409,1,sty+perp,2,1,0.9192400014199184,True
2810,2810,1410,0,sty+perp,2,0,8.918774765872399e-05,True
2811,2811,1410,1,sty+perp,2,1,0.9999784612278038,True
2812,2812,1411,0,sty+perp,2,0,0.0010421399576728797,True
2813,2813,1411,1,sty+perp,2,1,0.9997721379165274,True
2814,2814,1412,0,sty+perp,2,0,0.16038332472009942,True
2815,2815,1412,1,sty+perp,2,1,0.9999486561890392,True
2816,2816,1413,0,sty+perp,2,0,0.00010590621732421296,True
2817,2817,1413,1,sty+perp,2,1,0.9990901324900422,True
2818,2818,1414,0,sty+perp,2,0,7.995667165640717e-06,True
2819,2819,1414,1,sty+perp,2,1,0.9999334558478782,True
2820,2820,1415,0,sty+perp,2,0,0.00670815748153591,True
2821,2821,1415,1,sty+perp,2,1,0.9999731994491812,True
2822,2822,1416,0,sty+perp,2,0,0.07421926514925645,True
2823,2823,1416,1,sty+perp,2,1,0.9990734116890025,True
2824,2824,1417,0,sty+perp,2,0,1.915976326345201e-05,True
2825,2825,1417,1,sty+perp,2,1,0.9949854668636235,True
2826,2826,1418,0,sty+perp,2,0,0.0010859321876908277,True
2827,2827,1418,1,sty+perp,2,1,0.8663383998885741,True
2828,2828,1419,0,sty+perp,2,0,2.0779912771591717e-05,True
2829,2829,1419,1,sty+perp,2,1,0.9999502886955098,True
2830,2830,1420,0,sty+perp,2,0,0.0034376696570549196,True
2831,2831,1420,1,sty+perp,2,1,0.999966144386283,True
2832,2832,1421,0,sty+perp,2,0,0.18105653897838633,True
2833,2833,1421,1,sty+perp,2,1,0.9999496092744999,True
2834,2834,1422,0,sty+perp,2,0,0.0044753682640837405,True
2835,2835,1422,1,sty+perp,2,1,0.9989198211343605,True
2836,2836,1423,0,sty+perp,2,0,0.01886159779505207,True
2837,2837,1423,1,sty+perp,2,1,0.9999764965919948,True
2838,2838,1424,0,sty+perp,2,0,6.4551105640234e-05,True
2839,2839,1424,1,sty+perp,2,1,0.9948143531553914,True
2840,2840,1425,0,sty+perp,2,0,0.0012666952055497168,True
2841,2841,1425,1,sty+perp,2,1,0.9999472775005739,True
2842,2842,1426,0,sty+perp,2,0,0.12763654758607554,True
2843,2843,1426,1,sty+perp,2,1,0.9993272681236534,True
2844,2844,1427,0,sty+perp,2,0,1.556885459139593e-05,True
2845,2845,1427,1,sty+perp,2,1,0.9999696775587759,True
2846,2846,1428,0,sty+perp,2,0,0.0006089301115613467,True
2847,2847,1428,1,sty+perp,2,1,0.999417841913167,True
2848,2848,1429,0,sty+perp,2,0,0.0028190173000750035,True
2849,2849,1429,1,sty+perp,2,1,0.9992649379399501,True
2850,2850,1430,0,sty+perp,2,0,2.4100878850986793e-05,True
2851,2851,1430,1,sty+perp,2,1,0.997501687185914,True
2852,2852,1431,0,sty+perp,2,0,0.0051036907817353,True
2853,2853,1431,1,sty+perp,2,1,0.9981801003101162,True
2854,2854,1432,0,sty+perp,2,0,0.02501014775266542,True
2855,2855,1432,1,sty+perp,2,1,0.9994978021662925,True
2856,2856,1433,0,sty+perp,2,0,0.012466162989007276,True
2857,2857,1433,1,sty+perp,2,1,0.8181620357459856,True
2858,2858,1434,0,sty+perp,2,0,0.0006326973412521764,True
2859,2859,1434,1,sty+perp,2,1,0.9918420052774156,True
2860,2860,1435,0,sty+perp,2,0,0.03850234951748138,True
2861,2861,1435,1,sty+perp,2,1,0.9999640067185374,True
2862,2862,1436,0,sty+perp,2,1,0.6860624229178558,False
2863,2863,1436,1,sty+perp,2,1,0.9999025644798508,True
2864,2864,1437,0,sty+perp,2,0,0.0004860885435801513,True
2865,2865,1437,1,sty+perp,2,1,0.9906518644169083,True
2866,2866,1438,0,sty+perp,2,0,0.2356817657784514,True
2867,2867,1438,1,sty+perp,2,1,0.999887398667942,True
2868,2868,1439,0,sty+perp,2,0,0.002158676718555893,True
2869,2869,1439,1,sty+perp,2,1,0.9150575011835725,True
2870,2870,1440,0,sty+perp,2,0,0.0006087838455502081,True
2871,2871,1440,1,sty+perp,2,1,0.9998956241880416,True
2872,2872,1441,0,sty+perp,2,0,0.0017943132274589621,True
2873,2873,1441,1,sty+perp,2,1,0.9998489315878799,True
2874,2874,1442,0,sty+perp,2,0,1.5079474820744315e-05,True
2875,2875,1442,1,sty+perp,2,1,0.9999592827776714,True
2876,2876,1443,0,sty+perp,2,0,3.395835645362894e-05,True
2877,2877,1443,1,sty+perp,2,1,0.7903381579040918,True
2878,2878,1444,0,sty+perp,2,0,0.005197253507962617,True
2879,2879,1444,1,sty+perp,2,1,0.9985245500126042,True
2880,2880,1445,0,sty+perp,2,0,0.002106853533422434,True
2881,2881,1445,1,sty+perp,2,1,0.9990829305632253,True
2882,2882,1446,0,sty+perp,2,0,0.012119399838410228,True
2883,2883,1446,1,sty+perp,2,1,0.9996577520788643,True
2884,2884,1447,0,sty+perp,2,0,5.9680879288617755e-06,True
2885,2885,1447,1,sty+perp,2,1,0.99930441715793,True
2886,2886,1448,0,sty+perp,2,0,0.0001975228230021439,True
2887,2887,1448,1,sty+perp,2,1,0.9991305588455003,True
2888,2888,1449,0,sty+perp,2,0,0.0022360407730167235,True
2889,2889,1449,1,sty+perp,2,1,0.9998601155177811,True
2890,2890,1450,0,sty+perp,2,0,0.024962713508846747,True
2891,2891,1450,1,sty+perp,2,1,0.7915209591524841,True
2892,2892,1451,0,sty+perp,2,0,6.832221743421918e-05,True
2893,2893,1451,1,sty+perp,2,1,0.9979635363362722,True
2894,2894,1452,0,sty+perp,2,0,0.0032686025457571485,True
2895,2895,1452,1,sty+perp,2,1,0.998640391269475,True
2896,2896,1453,0,sty+perp,2,0,0.00024493185097520376,True
2897,2897,1453,1,sty+perp,2,1,0.9984488503904139,True
2898,2898,1454,0,sty+perp,2,0,0.026532798439683456,True
2899,2899,1454,1,sty+perp,2,1,0.999812964601299,True
2900,2900,1455,0,sty+perp,2,0,0.000450562669709402,True
2901,2901,1455,1,sty+perp,2,1,0.9998850101850685,True
2902,2902,1456,0,sty+perp,2,0,0.0013970987295074415,True
2903,2903,1456,1,sty+perp,2,1,0.9999836156537273,True
2904,2904,1457,0,sty+perp,2,0,4.496182852144329e-05,True
2905,2905,1457,1,sty+perp,2,1,0.9956472653277206,True
2906,2906,1458,0,sty+perp,2,0,0.0020701711638572242,True
2907,2907,1458,1,sty+perp,2,1,0.999867637179627,True
2908,2908,1459,0,sty+perp,2,0,0.0004684948997031353,True
2909,2909,1459,1,sty+perp,2,1,0.9979492175205587,True
2910,2910,1460,0,sty+perp,2,0,0.0006333651024588368,True
2911,2911,1460,1,sty+perp,2,1,0.9983075142437842,True
2912,2912,1461,0,sty+perp,2,0,0.0018419496434264018,True
2913,2913,1461,1,sty+perp,2,1,0.9999940983035566,True
2914,2914,1462,0,sty+perp,2,0,0.0005066692775424461,True
2915,2915,1462,1,sty+perp,2,1,0.9952477553695932,True
2916,2916,1463,1,sty+perp,2,1,0.9998910275440489,True
2917,2917,1464,0,sty+perp,2,0,5.240105079319571e-05,True
2918,2918,1464,1,sty+perp,2,1,0.9999663713295016,True
2919,2919,1465,0,sty+perp,2,0,0.001930167043814614,True
2920,2920,1465,1,sty+perp,2,1,0.999301562649817,True
2921,2921,1466,0,sty+perp,2,0,9.679431933964679e-05,True
2922,2922,1466,1,sty+perp,2,1,0.9992694465540995,True
2923,2923,1467,0,sty+perp,2,0,4.4405881173167855e-06,True
2924,2924,1467,1,sty+perp,2,1,0.9855779784173192,True
2925,2925,1468,0,sty+perp,2,0,9.386448684382747e-05,True
2926,2926,1468,1,sty+perp,2,1,0.9995517365086697,True
2927,2927,1469,0,sty+perp,2,0,1.9066453403863808e-05,True
2928,2928,1469,1,sty+perp,2,1,0.9998484859643294,True
2929,2929,1470,0,sty+perp,2,0,0.0005940193095283612,True
2930,2930,1470,1,sty+perp,2,1,0.9999653702085709,True
2931,2931,1471,0,sty+perp,2,0,0.23320607430802004,True
2932,2932,1471,1,sty+perp,2,1,0.9994865930041532,True
2933,2933,1472,0,sty+perp,2,0,0.010553113322432323,True
2934,2934,1472,1,sty+perp,2,1,0.9999220479229878,True
2935,2935,1473,0,sty+perp,2,0,0.0004500502213746823,True
2936,2936,1473,1,sty+perp,2,1,0.9989898351884201,True
2937,2937,1474,0,sty+perp,2,0,0.0005200766044894697,True
2938,2938,1474,1,sty+perp,2,1,0.9993375847459415,True
2939,2939,1475,0,sty+perp,2,0,1.754793259078858e-05,True
2940,2940,1475,1,sty+perp,2,1,0.9999081233142255,True
2941,2941,1476,0,sty+perp,2,0,2.2672644706315483e-05,True
2942,2942,1476,1,sty+perp,2,1,0.9958172131111288,True
2943,2943,1477,0,sty+perp,2,0,0.09516109751342426,True
2944,2944,1477,1,sty+perp,2,1,0.8749767423388061,True
2945,2945,1478,0,sty+perp,2,0,0.0007349479959640484,True
2946,2946,1478,1,sty+perp,2,1,0.9999861554984619,True
2947,2947,1479,0,sty+perp,2,0,0.0005830698149149962,True
2948,2948,1479,1,sty+perp,2,1,0.999913120994344,True
2949,2949,1480,0,sty+perp,2,0,0.0015126749120205536,True
2950,2950,1480,1,sty+perp,2,1,0.9998887019611296,True
2951,2951,1481,0,sty+perp,2,0,0.017691188962903392,True
2952,2952,1481,1,sty+perp,2,1,0.543209279810784,True
2953,2953,1482,0,sty+perp,2,0,0.0005522718919697535,True
2954,2954,1482,1,sty+perp,2,1,0.9995701276708912,True
2955,2955,1483,0,sty+perp,2,0,6.216349906283219e-05,True
2956,2956,1483,1,sty+perp,2,1,0.9998924505345271,True
2957,2957,1484,0,sty+perp,2,0,0.000184810726475004,True
2958,2958,1484,1,sty+perp,2,1,0.9987014846870378,True
2959,2959,1485,0,sty+perp,2,0,0.0004041331034902912,True
2960,2960,1485,1,sty+perp,2,1,0.9999703347148116,True
2961,2961,1486,0,sty+perp,2,0,0.00020805820819466106,True
2962,2962,1486,1,sty+perp,2,1,0.9896529974459515,True
2963,2963,1487,0,sty+perp,2,0,0.0005239207220492613,True
2964,2964,1487,1,sty+perp,2,1,0.9998110633092926,True
2965,2965,1488,0,sty+perp,2,0,1.0713737549713202e-05,True
2966,2966,1488,1,sty+perp,2,0,0.043332965298561364,False
2967,2967,1489,0,sty+perp,2,0,0.001586532629651064,True
2968,2968,1489,1,sty+perp,2,0,0.2729444736334389,False
2969,2969,1490,0,sty+perp,2,0,0.31783652006260826,True
2970,2970,1490,1,sty+perp,2,0,0.4614468677307741,False
2971,2971,1491,0,sty+perp,2,0,0.0024996799963160265,True
2972,2972,1491,1,sty+perp,2,1,0.614357494253408,True
2973,2973,1492,0,sty+perp,2,0,3.5198889254844434e-05,True
2974,2974,1492,1,sty+perp,2,1,0.808736786904399,True
2975,2975,1493,0,sty+perp,2,0,0.0005778817205517085,True
2976,2976,1493,1,sty+perp,2,1,0.9985856297924847,True
2977,2977,1494,0,sty+perp,2,0,0.00026755886247027157,True
2978,2978,1494,1,sty+perp,2,1,0.9996701534707152,True
2979,2979,1495,0,sty+perp,2,0,0.0006013125333124889,True
2980,2980,1495,1,sty+perp,2,1,0.9995130741730643,True
2981,2981,1496,0,sty+perp,2,0,0.06900003703059783,True
2982,2982,1496,1,sty+perp,2,1,0.9997914478194865,True
2983,2983,1497,0,sty+perp,2,0,9.55839292631962e-05,True
2984,2984,1497,1,sty+perp,2,1,0.9999422294796311,True
2985,2985,1498,0,sty+perp,2,0,0.0016720494855271236,True
2986,2986,1498,1,sty+perp,2,0,0.1418759245465146,False
2987,2987,1499,0,sty+perp,2,0,0.27805988404466814,True
2988,2988,1499,1,sty+perp,2,1,0.8959350909922142,True
2989,2989,1500,0,sty+perp,2,0,0.00155482102288229,True
2990,2990,1500,1,sty+perp,2,1,0.9926911014406813,True
2991,2991,1501,0,sty+perp,2,0,3.600561343265471e-05,True
2992,2992,1501,1,sty+perp,2,1,0.9969026314758345,True
2993,2993,1502,0,sty+perp,2,0,0.009991708570282736,True
2994,2994,1502,1,sty+perp,2,1,0.9999311763618897,True
2995,2995,1503,0,sty+perp,2,0,0.08512663519930867,True
2996,2996,1503,1,sty+perp,2,1,0.9992840402705656,True
2997,2997,1504,0,sty+perp,2,0,0.0004332036004645615,True
2998,2998,1504,1,sty+perp,2,1,0.56969645124226,True
2999,2999,1505,0,sty+perp,2,0,1.2396550872457316e-05,True
3000,3000,1505,1,sty+perp,2,1,0.9774043749413255,True
3001,3001,1506,0,sty+perp,2,0,0.00035676455313606416,True
3002,3002,1506,1,sty+perp,2,1,0.999964357002637,True
3003,3003,1507,0,sty+perp,2,0,0.0006173243643860696,True
3004,3004,1507,1,sty+perp,2,1,0.9955936024210015,True
3005,3005,1508,0,sty+perp,2,0,0.0007392114057106383,True
3006,3006,1508,1,sty+perp,2,1,0.9998877362853936,True
3007,3007,1509,0,sty+perp,2,0,5.5335170789805155e-05,True
3008,3008,1509,1,sty+perp,2,1,0.9998590153583129,True
3009,3009,1510,0,sty+perp,2,0,0.00013891854584077628,True
3010,3010,1510,1,sty+perp,2,1,0.975278781177258,True
3011,3011,1511,0,sty+perp,2,0,8.510060049343701e-05,True
3012,3012,1511,1,sty+perp,2,0,0.19038194908269573,False
3013,3013,1512,0,sty+perp,2,0,0.0005420979500290548,True
3014,3014,1512,1,sty+perp,2,0,0.03910171257882212,False
3015,3015,1513,0,sty+perp,2,0,0.013884516732477575,True
3016,3016,1513,1,sty+perp,2,1,0.9993115577499271,True
3017,3017,1514,0,sty+perp,2,0,0.0009244859102694954,True
3018,3018,1514,1,sty+perp,2,1,0.9967980098782006,True
3019,3019,1515,0,sty+perp,2,0,0.0037341144891565874,True
3020,3020,1515,1,sty+perp,2,1,0.9997851698992397,True
3021,3021,1516,0,sty+perp,2,0,0.31691867852097455,True
3022,3022,1516,1,sty+perp,2,1,0.9599520040238746,True
3023,3023,1517,0,sty+perp,2,0,0.00011882950111720402,True
3024,3024,1517,1,sty+perp,2,1,0.9999657052244756,True
3025,3025,1518,0,sty+perp,2,0,9.298066268724486e-05,True
3026,3026,1518,1,sty+perp,2,1,0.9994857988123568,True
3027,3027,1519,0,sty+perp,2,0,0.02906636808279301,True
3028,3028,1519,1,sty+perp,2,1,0.9994906692511043,True
3029,3029,1520,0,sty+perp,2,0,1.4001355861635316e-05,True
3030,3030,1520,1,sty+perp,2,1,0.866525568610593,True
3031,3031,1521,0,sty+perp,2,0,0.19627886020822571,True
3032,3032,1521,1,sty+perp,2,1,0.9999645247184082,True
3033,3033,1522,0,sty+perp,2,1,0.8137435987453919,False
3034,3034,1522,1,sty+perp,2,1,0.9999307688437131,True
3035,3035,1523,0,sty+perp,2,0,3.859135719059427e-05,True
3036,3036,1523,1,sty+perp,2,1,0.995274395760954,True
3037,3037,1524,0,sty+perp,2,0,0.0005854218810566236,True
3038,3038,1524,1,sty+perp,2,1,0.8463244338431225,True
3039,3039,1525,0,sty+perp,2,0,0.0002413907247797282,True
3040,3040,1525,1,sty+perp,2,1,0.9082753745810802,True
3041,3041,1526,0,sty+perp,2,0,0.3970666703268038,True
3042,3042,1526,1,sty+perp,2,1,0.9946117148295436,True
3043,3043,1527,0,sty+perp,2,0,0.0003839632307982315,True
3044,3044,1527,1,sty+perp,2,1,0.9999532692815675,True
3045,3045,1528,0,sty+perp,2,0,0.0014371646432963495,True
3046,3046,1528,1,sty+perp,2,1,0.9993009952471951,True
3047,3047,1529,0,sty+perp,2,0,0.3078505789671023,True
3048,3048,1529,1,sty+perp,2,1,0.9999413927292359,True
3049,3049,1530,0,sty+perp,2,0,0.000676181265741414,True
3050,3050,1530,1,sty+perp,2,1,0.8647601397375052,True
3051,3051,1531,0,sty+perp,2,0,0.002118383924188021,True
3052,3052,1531,1,sty+perp,2,1,0.9089240193877959,True
3053,3053,1532,0,sty+perp,2,0,0.0004201822225036596,True
3054,3054,1532,1,sty+perp,2,1,0.9951264959322585,True
3055,3055,1533,0,sty+perp,2,0,0.00169622580790789,True
3056,3056,1533,1,sty+perp,2,1,0.9998287316035567,True
3057,3057,1534,0,sty+perp,2,0,2.638247538158025e-05,True
3058,3058,1534,1,sty+perp,2,1,0.9996806315850923,True
3059,3059,1535,0,sty+perp,2,0,0.005824726404751192,True
3060,3060,1535,1,sty+perp,2,1,0.9999719572958955,True
3061,3061,1536,0,sty+perp,2,0,0.003426007021703244,True
3062,3062,1536,1,sty+perp,2,1,0.9999634141776813,True
3063,3063,1537,0,sty+perp,2,1,0.7850858755824781,False
3064,3064,1537,1,sty+perp,2,1,0.9882634797998556,True
3065,3065,1538,0,sty+perp,2,0,0.011276988778674255,True
3066,3066,1538,1,sty+perp,2,1,0.9999425227580909,True
3067,3067,1539,0,sty+perp,2,0,0.0017710047250817796,True
3068,3068,1539,1,sty+perp,2,1,0.9987294991429124,True
3069,3069,1540,0,sty+perp,2,0,0.02365561081253563,True
3070,3070,1540,1,sty+perp,2,1,0.999875629655404,True
3071,3071,1541,0,sty+perp,2,0,0.0003659444419326134,True
3072,3072,1541,1,sty+perp,2,1,0.9998362363593517,True
3073,3073,1542,0,sty+perp,2,0,0.03650374868471055,True
3074,3074,1542,1,sty+perp,2,1,0.9997995665790003,True
3075,3075,1543,0,sty+perp,2,0,0.0037561421297768317,True
3076,3076,1543,1,sty+perp,2,1,0.9996207025879642,True
3077,3077,1544,0,sty+perp,2,0,0.008251650844884953,True
3078,3078,1544,1,sty+perp,2,1,0.9998919242605199,True
3079,3079,1545,0,sty+perp,2,0,0.0017531537731728477,True
3080,3080,1545,1,sty+perp,2,1,0.9995164531263359,True
3081,3081,1546,0,sty+perp,2,0,0.0014310153897092207,True
3082,3082,1546,1,sty+perp,2,1,0.9982768625286015,True
3083,3083,1547,0,sty+perp,2,0,0.0001463344814008307,True
3084,3084,1547,1,sty+perp,2,1,0.9999791777409911,True
3085,3085,1548,0,sty+perp,2,0,1.0562344646481415e-05,True
3086,3086,1548,1,sty+perp,2,1,0.8413130464764927,True
3087,3087,1549,0,sty+perp,2,0,0.12180157153554338,True
3088,3088,1549,1,sty+perp,2,1,0.9999127221571352,True
3089,3089,1550,0,sty+perp,2,0,0.0001807805280834696,True
3090,3090,1550,1,sty+perp,2,1,0.6507213404479515,True
3091,3091,1551,0,sty+perp,2,0,0.0002137741997660929,True
3092,3092,1551,1,sty+perp,2,1,0.9998570701043449,True
3093,3093,1552,0,sty+perp,2,0,6.987478717735833e-05,True
3094,3094,1552,1,sty+perp,2,1,0.9999758723683517,True
3095,3095,1553,0,sty+perp,2,0,0.00016340894159001356,True
3096,3096,1553,1,sty+perp,2,1,0.9377440708407401,True
3097,3097,1554,0,sty+perp,2,0,0.015469889834412182,True
3098,3098,1554,1,sty+perp,2,1,0.9999465766291825,True
3099,3099,1555,0,sty+perp,2,0,0.0003223579408825834,True
3100,3100,1555,1,sty+perp,2,1,0.996119327023828,True
3101,3101,1556,0,sty+perp,2,0,0.00023220588124347094,True
3102,3102,1556,1,sty+perp,2,1,0.9999554995013855,True
3103,3103,1557,0,sty+perp,2,0,0.27644498940848994,True
3104,3104,1557,1,sty+perp,2,1,0.9994823316828041,True
3105,3105,1558,0,sty+perp,2,0,0.0005949324087027753,True
3106,3106,1558,1,sty+perp,2,1,0.9948423053689331,True
3107,3107,1559,0,sty+perp,2,0,0.029411959921758487,True
3108,3108,1559,1,sty+perp,2,1,0.9997279911726655,True
3109,3109,1560,0,sty+perp,2,0,0.0040289911273457685,True
3110,3110,1560,1,sty+perp,2,1,0.997707488560129,True
3111,3111,1561,0,sty+perp,2,0,0.0766863971644648,True
3112,3112,1561,1,sty+perp,2,1,0.9824653314831244,True
3113,3113,1562,0,sty+perp,2,0,0.015511970999520786,True
3114,3114,1562,1,sty+perp,2,1,0.9984226447043655,True
3115,3115,1563,0,sty+perp,2,0,2.811639339925391e-05,True
3116,3116,1563,1,sty+perp,2,1,0.999907543965439,True
3117,3117,1564,0,sty+perp,2,0,0.28340949070274457,True
3118,3118,1564,1,sty+perp,2,1,0.9999769445375817,True
3119,3119,1565,0,sty+perp,2,1,0.9013721704941801,False
3120,3120,1565,1,sty+perp,2,1,0.9995762891960132,True
3121,3121,1566,0,sty+perp,2,0,0.0017723370648235095,True
3122,3122,1566,1,sty+perp,2,1,0.995878899769221,True
3123,3123,1567,0,sty+perp,2,0,0.0012964348058729402,True
3124,3124,1567,1,sty+perp,2,1,0.9999325586134516,True
3125,3125,1568,0,sty+perp,2,0,0.23098558699031999,True
3126,3126,1568,1,sty+perp,2,1,0.9999674856784373,True
3127,3127,1569,0,sty+perp,2,0,7.753953313626489e-05,True
3128,3128,1569,1,sty+perp,2,1,0.9971687554658752,True
3129,3129,1570,0,sty+perp,2,0,0.005850097223546284,True
3130,3130,1570,1,sty+perp,2,1,0.9998793724205083,True
3131,3131,1571,0,sty+perp,2,0,0.040163392608649325,True
3132,3132,1571,1,sty+perp,2,1,0.9999739292012768,True
3133,3133,1572,0,sty+perp,2,1,0.9831054030360618,False
3134,3134,1572,1,sty+perp,2,1,0.9430634107514013,True
3135,3135,1573,0,sty+perp,2,0,5.430223969882485e-05,True
3136,3136,1573,1,sty+perp,2,0,0.04267932367678994,False
3137,3137,1574,0,sty+perp,2,0,0.09627275870415908,True
3138,3138,1574,1,sty+perp,2,1,0.999953509569088,True
3139,3139,1575,0,sty+perp,2,0,0.022078651934374388,True
3140,3140,1575,1,sty+perp,2,1,0.9360697384495994,True
3141,3141,1576,0,sty+perp,2,0,0.0043179640766092325,True
3142,3142,1576,1,sty+perp,2,1,0.9999473083478518,True
3143,3143,1577,0,sty+perp,2,0,0.0024631494700197236,True
3144,3144,1577,1,sty+perp,2,1,0.9989617010851128,True
3145,3145,1578,0,sty+perp,2,0,0.005242921730847284,True
3146,3146,1578,1,sty+perp,2,1,0.9998199371263733,True
3147,3147,1579,0,sty+perp,2,0,0.0005792219031015421,True
3148,3148,1579,1,sty+perp,2,1,0.9985597659473463,True
3149,3149,1580,0,sty+perp,2,0,0.0010404314712551788,True
3150,3150,1580,1,sty+perp,2,1,0.9950958485090008,True
3151,3151,1581,0,sty+perp,2,0,0.021358844924896585,True
3152,3152,1581,1,sty+perp,2,1,0.99981132945531,True
3153,3153,1582,0,sty+perp,2,0,0.010747857815812684,True
3154,3154,1582,1,sty+perp,2,1,0.9975347521162449,True
3155,3155,1583,0,sty+perp,2,0,0.10639284293286191,True
3156,3156,1583,1,sty+perp,2,1,0.9987924025652029,True
3157,3157,1584,0,sty+perp,2,0,0.09074091229394338,True
3158,3158,1584,1,sty+perp,2,1,0.9999693781960971,True
3159,3159,1585,0,sty+perp,2,0,0.49726102645906234,True
3160,3160,1585,1,sty+perp,2,1,0.9996652054827779,True
3161,3161,1586,0,sty+perp,2,0,0.053569130771844754,True
3162,3162,1586,1,sty+perp,2,1,0.9995180295248692,True
3163,3163,1587,0,sty+perp,2,0,0.0025452939530200332,True
3164,3164,1587,1,sty+perp,2,1,0.9999639935558813,True
3165,3165,1588,0,sty+perp,2,0,0.0025405680962504017,True
3166,3166,1588,1,sty+perp,2,1,0.9998014624364058,True
3167,3167,1589,0,sty+perp,2,0,0.0030466950020932486,True
3168,3168,1589,1,sty+perp,2,1,0.9999056461803019,True
3169,3169,1590,0,sty+perp,2,0,0.14506952659846933,True
3170,3170,1590,1,sty+perp,2,1,0.9996947694972436,True
3171,3171,1591,0,sty+perp,2,0,0.00037565213928621307,True
3172,3172,1591,1,sty+perp,2,1,0.9943698415469715,True
3173,3173,1592,0,sty+perp,2,0,0.0008470147417743536,True
3174,3174,1592,1,sty+perp,2,1,0.9981042192528323,True
3175,3175,1593,0,sty+perp,2,0,0.0003294509468825338,True
3176,3176,1593,1,sty+perp,2,1,0.9781128351879524,True
3177,3177,1594,0,sty+perp,2,0,0.0009103908229106301,True
3178,3178,1594,1,sty+perp,2,1,0.9998937136127275,True
3179,3179,1595,0,sty+perp,2,0,0.0002947322042959282,True
3180,3180,1595,1,sty+perp,2,0,0.1488126156858206,False
3181,3181,1596,0,sty+perp,2,0,0.00014593957738788857,True
3182,3182,1596,1,sty+perp,2,1,0.9998666379563562,True
3183,3183,1597,0,sty+perp,2,0,1.6750956345857405e-05,True
3184,3184,1597,1,sty+perp,2,1,0.9983798268219973,True
3185,3185,1598,0,sty+perp,2,0,7.788807469438963e-06,True
3186,3186,1598,1,sty+perp,2,1,0.9996799983012068,True
3187,3187,1599,0,sty+perp,2,0,0.0008885800846856928,True
3188,3188,1599,1,sty+perp,2,1,0.9393055122502734,True
3189,3189,1600,0,sty+perp,2,0,0.057924612793358955,True
3190,3190,1600,1,sty+perp,2,1,0.9991794213141185,True
3191,3191,1601,0,sty+perp,2,0,0.004975528410385202,True
3192,3192,1601,1,sty+perp,2,1,0.9985993330525528,True
3193,3193,1602,0,sty+perp,2,0,0.0008239421316460158,True
3194,3194,1602,1,sty+perp,2,1,0.9999092902377169,True
3195,3195,1603,0,sty+perp,2,0,8.547732514000123e-06,True
3196,3196,1603,1,sty+perp,2,1,0.9994972228348558,True
3197,3197,1604,0,sty+perp,2,0,0.013322702149210323,True
3198,3198,1604,1,sty+perp,2,1,0.9997753481684063,True
3199,3199,1605,0,sty+perp,2,0,0.00027091377305479744,True
3200,3200,1605,1,sty+perp,2,1,0.972785698116822,True
3201,3201,1606,0,sty+perp,2,0,0.0007808213440719167,True
3202,3202,1606,1,sty+perp,2,1,0.9905618803144763,True
3203,3203,1607,0,sty+perp,2,0,0.001309258271797187,True
3204,3204,1607,1,sty+perp,2,1,0.9999748948246889,True
3205,3205,1608,0,sty+perp,2,0,0.0009251126082848133,True
3206,3206,1608,1,sty+perp,2,1,0.9999421820832616,True
3207,3207,1609,0,sty+perp,2,0,0.002781148525259592,True
3208,3208,1609,1,sty+perp,2,1,0.7983261949226659,True
3209,3209,1610,0,sty+perp,2,0,0.0001807023008832102,True
3210,3210,1610,1,sty+perp,2,1,0.9963345643349762,True
3211,3211,1611,0,sty+perp,2,0,0.01695729871467483,True
3212,3212,1611,1,sty+perp,2,1,0.9986764283480467,True
3213,3213,1612,1,sty+perp,2,1,0.9980452645169439,True
3214,3214,1613,0,sty+perp,2,0,0.0015973311668829814,True
3215,3215,1613,1,sty+perp,2,1,0.9993826405215736,True
3216,3216,1614,0,sty+perp,2,0,0.022553869680366916,True
3217,3217,1614,1,sty+perp,2,1,0.9742244377391087,True
3218,3218,1615,0,sty+perp,2,0,0.0004709869380251921,True
3219,3219,1615,1,sty+perp,2,1,0.836605020395608,True
3220,3220,1616,0,sty+perp,2,0,0.0007292224625905888,True
3221,3221,1616,1,sty+perp,2,1,0.9998800675764941,True
3222,3222,1617,0,sty+perp,2,0,1.0499417828184451e-05,True
3223,3223,1617,1,sty+perp,2,1,0.9757868791187799,True
3224,3224,1618,0,sty+perp,2,0,0.00844304079778595,True
3225,3225,1618,1,sty+perp,2,1,0.9995737338247873,True
3226,3226,1619,0,sty+perp,2,0,0.00011225072644581904,True
3227,3227,1619,1,sty+perp,2,1,0.9997963536853436,True
3228,3228,1620,0,sty+perp,2,0,0.14818220791513653,True
3229,3229,1620,1,sty+perp,2,1,0.9997333469777565,True
3230,3230,1621,0,sty+perp,2,0,0.003882110484539099,True
3231,3231,1621,1,sty+perp,2,1,0.999832343390349,True
3232,3232,1622,0,sty+perp,2,0,0.00023733552758351274,True
3233,3233,1622,1,sty+perp,2,1,0.9997972167143018,True
3234,3234,1623,0,sty+perp,2,0,5.57452720550954e-05,True
3235,3235,1623,1,sty+perp,2,1,0.9998141984158995,True
3236,3236,1624,0,sty+perp,2,0,0.013009450343651119,True
3237,3237,1624,1,sty+perp,2,1,0.9991722118160301,True
3238,3238,1625,0,sty+perp,2,0,0.0009526429307711668,True
3239,3239,1625,1,sty+perp,2,1,0.999883243180266,True
3240,3240,1626,0,sty+perp,2,0,0.00020840446830511515,True
3241,3241,1626,1,sty+perp,2,1,0.999544291658056,True
3242,3242,1627,0,sty+perp,2,0,0.03489816806936371,True
3243,3243,1627,1,sty+perp,2,1,0.9783758771491854,True
3244,3244,1628,0,sty+perp,2,0,3.871905452458806e-05,True
3245,3245,1628,1,sty+perp,2,1,0.6665875666795302,True
3246,3246,1629,0,sty+perp,2,0,0.0042914090592625215,True
3247,3247,1629,1,sty+perp,2,1,0.9952422869712302,True
3248,3248,1630,0,sty+perp,2,0,0.1668467167053634,True
3249,3249,1630,1,sty+perp,2,1,0.9999404452689064,True
3250,3250,1631,0,sty+perp,2,0,0.0037897275514516414,True
3251,3251,1631,1,sty+perp,2,1,0.9999754997195416,True
3252,3252,1632,0,sty+perp,2,0,0.09173995138206086,True
3253,3253,1632,1,sty+perp,2,1,0.9999474814432644,True
3254,3254,1633,0,sty+perp,2,0,0.0019037123999449872,True
3255,3255,1633,1,sty+perp,2,1,0.9999590208346677,True
3256,3256,1634,0,sty+perp,2,0,0.0004251869949105999,True
3257,3257,1634,1,sty+perp,2,0,0.03472804635751213,False
3258,3258,1635,0,sty+perp,2,0,0.00037491761438370873,True
3259,3259,1635,1,sty+perp,2,1,0.9997319446788331,True
3260,3260,1636,0,sty+perp,2,0,0.0036807195267205242,True
3261,3261,1636,1,sty+perp,2,1,0.9999728192039296,True
3262,3262,1637,0,sty+perp,2,0,0.2731895450173039,True
3263,3263,1637,1,sty+perp,2,1,0.9999422231679336,True
3264,3264,1638,0,sty+perp,2,0,5.488692061857558e-06,True
3265,3265,1638,1,sty+perp,2,1,0.9998232260191301,True
3266,3266,1639,0,sty+perp,2,0,0.0001773692499737562,True
3267,3267,1639,1,sty+perp,2,1,0.9994672740224366,True
3268,3268,1640,0,sty+perp,2,0,7.340724106057644e-06,True
3269,3269,1640,1,sty+perp,2,1,0.9933874102554692,True
3270,3270,1641,0,sty+perp,2,0,5.316392041346334e-05,True
3271,3271,1641,1,sty+perp,2,1,0.8948805544972065,True
3272,3272,1642,0,sty+perp,2,0,0.00020827143144883082,True
3273,3273,1642,1,sty+perp,2,1,0.9984303577052571,True
3274,3274,1643,0,sty+perp,2,0,0.0007450833452087223,True
3275,3275,1643,1,sty+perp,2,1,0.9999850436245478,True
3276,3276,1644,0,sty+perp,2,0,0.0067484406594944275,True
3277,3277,1644,1,sty+perp,2,1,0.9999751079776605,True
3278,3278,1645,0,sty+perp,2,1,0.8213456055723036,False
3279,3279,1645,1,sty+perp,2,1,0.9550920769879361,True
3280,3280,1646,0,sty+perp,2,0,0.014322871129628857,True
3281,3281,1646,1,sty+perp,2,1,0.9999581129703027,True
3282,3282,1647,0,sty+perp,2,0,0.003450073409003804,True
3283,3283,1647,1,sty+perp,2,1,0.999740930386037,True
3284,3284,1648,0,sty+perp,2,0,2.3961734323378278e-05,True
3285,3285,1648,1,sty+perp,2,1,0.999964030080162,True
3286,3286,1649,0,sty+perp,2,0,0.0026973090690941594,True
3287,3287,1649,1,sty+perp,2,1,0.9986124372904408,True
3288,3288,1650,0,sty+perp,2,0,0.0010648172628024931,True
3289,3289,1650,1,sty+perp,2,1,0.7793590219397665,True
3290,3290,1651,0,sty+perp,2,0,0.00014558926712847887,True
3291,3291,1651,1,sty+perp,2,1,0.9999730990010095,True
3292,3292,1652,0,sty+perp,2,0,4.826912387878217e-05,True
3293,3293,1652,1,sty+perp,2,1,0.999308222325898,True
3294,3294,1653,0,sty+perp,2,0,0.024579583089490525,True
3295,3295,1653,1,sty+perp,2,1,0.9999862558620219,True
3296,3296,1654,0,sty+perp,2,0,1.9475104015506023e-05,True
3297,3297,1654,1,sty+perp,2,1,0.9707712269683685,True
3298,3298,1655,0,sty+perp,2,0,0.00030761291409479825,True
3299,3299,1655,1,sty+perp,2,1,0.9991248011188818,True
3300,3300,1656,0,sty+perp,2,0,0.0009594978198904799,True
3301,3301,1656,1,sty+perp,2,1,0.9306286815074009,True
3302,3302,1657,0,sty+perp,2,0,0.00035419656462746743,True
3303,3303,1657,1,sty+perp,2,1,0.9999219078896396,True
3304,3304,1658,0,sty+perp,2,0,0.2221147956443998,True
3305,3305,1658,1,sty+perp,2,1,0.9998501370233561,True
3306,3306,1659,0,sty+perp,2,0,0.00021625907127306734,True
3307,3307,1659,1,sty+perp,2,1,0.9997835885606716,True
3308,3308,1660,0,sty+perp,2,0,0.0028526819191819924,True
3309,3309,1660,1,sty+perp,2,1,0.9999463851664394,True
3310,3310,1661,0,sty+perp,2,0,0.00012947034072004795,True
3311,3311,1661,1,sty+perp,2,1,0.9998842250977039,True
3312,3312,1662,0,sty+perp,2,0,0.04279792020915589,True
3313,3313,1662,1,sty+perp,2,1,0.9997106535894621,True
3314,3314,1663,0,sty+perp,2,0,5.5636019239176835e-05,True
3315,3315,1663,1,sty+perp,2,1,0.9999201636621313,True
3316,3316,1664,0,sty+perp,2,0,0.009503118984046122,True
3317,3317,1664,1,sty+perp,2,1,0.9915784391864789,True
3318,3318,1665,0,sty+perp,2,0,0.015362199002114423,True
3319,3319,1665,1,sty+perp,2,1,0.9997319694653165,True
3320,3320,1666,0,sty+perp,2,0,0.0002502806943322864,True
3321,3321,1666,1,sty+perp,2,1,0.9873890107724714,True
3322,3322,1667,0,sty+perp,2,1,0.8171075200245457,False
3323,3323,1667,1,sty+perp,2,1,0.9660822659755725,True
3324,3324,1668,0,sty+perp,2,0,0.012393730530233177,True
3325,3325,1668,1,sty+perp,2,1,0.9998283882405806,True
3326,3326,1669,0,sty+perp,2,0,0.028522347054043214,True
3327,3327,1669,1,sty+perp,2,1,0.9998709804005346,True
3328,3328,1670,0,sty+perp,2,0,0.0014837677674194372,True
3329,3329,1670,1,sty+perp,2,1,0.9979600942519,True
3330,3330,1671,0,sty+perp,2,0,0.0010712476150307904,True
3331,3331,1671,1,sty+perp,2,1,0.9998730762538922,True
3332,3332,1672,0,sty+perp,2,0,1.276250210111124e-05,True
3333,3333,1672,1,sty+perp,2,1,0.9999492486526882,True
3334,3334,1673,0,sty+perp,2,0,0.000958894227443142,True
3335,3335,1673,1,sty+perp,2,1,0.9978165813179486,True
3336,3336,1674,0,sty+perp,2,0,0.0006549654489775234,True
3337,3337,1674,1,sty+perp,2,1,0.999889515527593,True
3338,3338,1675,0,sty+perp,2,0,0.0036681340610469236,True
3339,3339,1675,1,sty+perp,2,1,0.9993181967092563,True
3340,3340,1676,0,sty+perp,2,0,0.0007700701630572582,True
3341,3341,1676,1,sty+perp,2,1,0.7873492246717164,True
3342,3342,1677,0,sty+perp,2,0,0.01832964597896204,True
3343,3343,1677,1,sty+perp,2,1,0.9984710537555509,True
3344,3344,1678,0,sty+perp,2,0,0.00012158507864875414,True
3345,3345,1678,1,sty+perp,2,1,0.9999502941474455,True
3346,3346,1679,0,sty+perp,2,0,0.0002552675831811861,True
3347,3347,1679,1,sty+perp,2,1,0.9990459151140173,True
3348,3348,1680,0,sty+perp,2,0,0.0010272271141387754,True
3349,3349,1680,1,sty+perp,2,1,0.9995487644828632,True
3350,3350,1681,0,sty+perp,2,0,0.15154620258802431,True
3351,3351,1681,1,sty+perp,2,1,0.6571737886959249,True
3352,3352,1682,0,sty+perp,2,0,0.0004931542642712378,True
3353,3353,1682,1,sty+perp,2,1,0.9998340448659703,True
3354,3354,1683,0,sty+perp,2,0,0.00010027766490414468,True
3355,3355,1683,1,sty+perp,2,1,0.9790457243514396,True
3356,3356,1684,0,sty+perp,2,0,0.004432898978888383,True
3357,3357,1684,1,sty+perp,2,1,0.9999401051923602,True
3358,3358,1685,0,sty+perp,2,0,0.00266606026191809,True
3359,3359,1685,1,sty+perp,2,1,0.9537148993542953,True
3360,3360,1686,1,sty+perp,2,1,0.990798528282426,True
3361,3361,1687,0,sty+perp,2,0,0.005404725284048861,True
3362,3362,1687,1,sty+perp,2,1,0.9970131820771629,True
3363,3363,1688,0,sty+perp,2,0,0.17453749605038837,True
3364,3364,1688,1,sty+perp,2,1,0.998134103372031,True
3365,3365,1689,0,sty+perp,2,0,0.005135258245556953,True
3366,3366,1689,1,sty+perp,2,1,0.9997394116979041,True
3367,3367,1690,0,sty+perp,2,0,0.004208258264428286,True
3368,3368,1690,1,sty+perp,2,1,0.9983591508746349,True
3369,3369,1691,0,sty+perp,2,0,0.005714733050182211,True
3370,3370,1691,1,sty+perp,2,1,0.9996258492841494,True
3371,3371,1692,0,sty+perp,2,0,2.413043597121523e-05,True
3372,3372,1692,1,sty+perp,2,1,0.9637499514236789,True
3373,3373,1693,0,sty+perp,2,0,0.008951820323132435,True
3374,3374,1693,1,sty+perp,2,1,0.9997781046685409,True
3375,3375,1694,0,sty+perp,2,0,0.001019384269775704,True
3376,3376,1694,1,sty+perp,2,1,0.9998019571800986,True
3377,3377,1695,0,sty+perp,2,0,0.05755915869589222,True
3378,3378,1695,1,sty+perp,2,1,0.9999646561024248,True
3379,3379,1696,0,sty+perp,2,0,0.0003951582569947753,True
3380,3380,1696,1,sty+perp,2,1,0.9986333742168367,True
3381,3381,1697,0,sty+perp,2,0,0.0005821647904058577,True
3382,3382,1697,1,sty+perp,2,1,0.9999694083938019,True
3383,3383,1698,0,sty+perp,2,0,0.005181984729689651,True
3384,3384,1698,1,sty+perp,2,1,0.9997103877580406,True
3385,3385,1699,0,sty+perp,2,0,0.003605038209286023,True
3386,3386,1699,1,sty+perp,2,1,0.996584749889269,True
3387,3387,1700,0,sty+perp,2,0,2.624080919809484e-05,True
3388,3388,1700,1,sty+perp,2,1,0.9999298142223819,True
3389,3389,1701,0,sty+perp,2,0,0.0009491640265126087,True
3390,3390,1701,1,sty+perp,2,1,0.9631419316538344,True
3391,3391,1702,0,sty+perp,2,0,0.010587782589747064,True
3392,3392,1702,1,sty+perp,2,1,0.9998604114851672,True
3393,3393,1703,0,sty+perp,2,0,0.0011862074699619076,True
3394,3394,1703,1,sty+perp,2,1,0.9904387737374433,True
3395,3395,1704,0,sty+perp,2,0,0.0003541374946843734,True
3396,3396,1704,1,sty+perp,2,1,0.9999805740387854,True
3397,3397,1705,0,sty+perp,2,0,0.07723520181394022,True
3398,3398,1705,1,sty+perp,2,0,0.46844213390364753,False
3399,3399,1706,0,sty+perp,2,0,0.0003004958955289691,True
3400,3400,1706,1,sty+perp,2,1,0.9998874971135344,True
3401,3401,1707,0,sty+perp,2,0,0.055301668023402674,True
3402,3402,1707,1,sty+perp,2,1,0.9998642683506381,True
3403,3403,1708,0,sty+perp,2,0,0.10434279892301307,True
3404,3404,1708,1,sty+perp,2,1,0.999875114310349,True
3405,3405,1709,0,sty+perp,2,0,0.0034464299517581154,True
3406,3406,1709,1,sty+perp,2,1,0.9868565419082896,True
3407,3407,1710,0,sty+perp,2,0,5.017072045059412e-06,True
3408,3408,1710,1,sty+perp,2,1,0.5047944431608679,True
3409,3409,1711,0,sty+perp,2,0,3.53651615668333e-05,True
3410,3410,1711,1,sty+perp,2,1,0.9999808922266815,True
3411,3411,1712,0,sty+perp,2,0,0.01408478467756374,True
3412,3412,1712,1,sty+perp,2,1,0.9992889156429438,True
3413,3413,1713,0,sty+perp,2,0,3.48445755162726e-05,True
3414,3414,1713,1,sty+perp,2,1,0.9999620538354502,True
3415,3415,1714,0,sty+perp,2,0,0.06634363870874745,True
3416,3416,1714,1,sty+perp,2,1,0.9991354761356998,True
3417,3417,1715,0,sty+perp,2,0,0.012450430609835552,True
3418,3418,1715,1,sty+perp,2,1,0.9986581081101563,True
3419,3419,1716,0,sty+perp,2,0,3.098454303029077e-05,True
3420,3420,1716,1,sty+perp,2,1,0.9851681692363793,True
3421,3421,1717,0,sty+perp,2,0,0.0001047550299365146,True
3422,3422,1717,1,sty+perp,2,1,0.9082614746903371,True
3423,3423,1718,0,sty+perp,2,0,0.0014746493493864202,True
3424,3424,1718,1,sty+perp,2,1,0.9996443167582112,True
3425,3425,1719,0,sty+perp,2,0,0.017223923662148484,True
3426,3426,1719,1,sty+perp,2,1,0.999919416449658,True
3427,3427,1720,0,sty+perp,2,0,0.21974632855914267,True
3428,3428,1720,1,sty+perp,2,1,0.9999204161996816,True
3429,3429,1721,0,sty+perp,2,0,0.021308808477109958,True
3430,3430,1721,1,sty+perp,2,1,0.9995318068753964,True
3431,3431,1722,0,sty+perp,2,0,0.00022121665434727427,True
3432,3432,1722,1,sty+perp,2,1,0.99406592868664,True
3433,3433,1723,0,sty+perp,2,0,0.0002390210476914343,True
3434,3434,1723,1,sty+perp,2,1,0.9999416442287744,True
3435,3435,1724,0,sty+perp,2,0,0.17685154292989275,True
3436,3436,1724,1,sty+perp,2,1,0.9999935953496348,True
3437,3437,1725,0,sty+perp,2,0,0.01970081029023563,True
3438,3438,1725,1,sty+perp,2,1,0.9998774953675744,True
3439,3439,1726,0,sty+perp,2,0,0.00018823414855317878,True
3440,3440,1726,1,sty+perp,2,0,0.07988390783664413,False
3441,3441,1727,0,sty+perp,2,0,0.0025827289685117945,True
3442,3442,1727,1,sty+perp,2,1,0.9996019003374974,True
3443,3443,1728,0,sty+perp,2,0,0.001195260766186598,True
3444,3444,1728,1,sty+perp,2,1,0.993402988856292,True
3445,3445,1729,0,sty+perp,2,0,2.5615978054237127e-06,True
3446,3446,1729,1,sty+perp,2,0,0.41938887710240885,False
3447,3447,1730,0,sty+perp,2,0,4.0382682719665504e-05,True
3448,3448,1730,1,sty+perp,2,1,0.9975065331282185,True
3449,3449,1731,0,sty+perp,2,0,0.00015013855295084634,True
3450,3450,1731,1,sty+perp,2,1,0.956224910827304,True
3451,3451,1732,0,sty+perp,2,0,0.0014725682651481767,True
3452,3452,1732,1,sty+perp,2,1,0.7434859073869109,True
3453,3453,1733,0,sty+perp,2,0,0.0020390772883961614,True
3454,3454,1733,1,sty+perp,2,1,0.9999449406082686,True
3455,3455,1734,0,sty+perp,2,0,0.0009127434338191771,True
3456,3456,1734,1,sty+perp,2,1,0.997510258975909,True
3457,3457,1735,0,sty+perp,2,0,1.2707024298043738e-06,True
3458,3458,1735,1,sty+perp,2,1,0.7425561767586409,True
3459,3459,1736,0,sty+perp,2,0,0.0003735446742862369,True
3460,3460,1736,1,sty+perp,2,1,0.8918498167709078,True
3461,3461,1737,0,sty+perp,2,0,3.4013161670589935e-05,True
3462,3462,1737,1,sty+perp,2,1,0.9861352632140915,True
3463,3463,1738,0,sty+perp,2,0,0.14519550992686475,True
3464,3464,1738,1,sty+perp,2,1,0.9999152974503166,True
3465,3465,1739,0,sty+perp,2,0,0.2829820169360652,True
3466,3466,1739,1,sty+perp,2,1,0.9963468367698098,True
3467,3467,1740,0,sty+perp,2,0,4.6815998003509144e-05,True
3468,3468,1740,1,sty+perp,2,1,0.9998890046622548,True
3469,3469,1741,0,sty+perp,2,0,0.04063603223258431,True
3470,3470,1741,1,sty+perp,2,1,0.9999405613534926,True
3471,3471,1742,0,sty+perp,2,0,7.72294486099947e-05,True
3472,3472,1742,1,sty+perp,2,1,0.9994042501226357,True
3473,3473,1743,0,sty+perp,2,0,0.00023246583699676777,True
3474,3474,1743,1,sty+perp,2,1,0.9998415925176573,True
3475,3475,1744,0,sty+perp,2,0,0.0003141874524376417,True
3476,3476,1744,1,sty+perp,2,1,0.9988312329446944,True
3477,3477,1745,0,sty+perp,2,0,4.8513728027075726e-05,True
3478,3478,1745,1,sty+perp,2,1,0.9331069046349387,True
3479,3479,1746,0,sty+perp,2,0,0.00037834296668481227,True
3480,3480,1746,1,sty+perp,2,1,0.9991734846476986,True
3481,3481,1747,0,sty+perp,2,0,0.09640695057004339,True
3482,3482,1747,1,sty+perp,2,1,0.9998074166077984,True
3483,3483,1748,0,sty+perp,2,0,0.031542166663983955,True
3484,3484,1748,1,sty+perp,2,1,0.9998804875386695,True
3485,3485,1749,0,sty+perp,2,0,0.00045574302740778686,True
3486,3486,1749,1,sty+perp,2,1,0.999430241506918,True
3487,3487,1750,0,sty+perp,2,0,0.003642595884920126,True
3488,3488,1750,1,sty+perp,2,1,0.9984265164069519,True
3489,3489,1751,0,sty+perp,2,0,0.01370033144671242,True
3490,3490,1751,1,sty+perp,2,1,0.9969870100873119,True
3491,3491,1752,0,sty+perp,2,0,0.0012395153176164807,True
3492,3492,1752,1,sty+perp,2,1,0.9569113040766528,True
3493,3493,1753,0,sty+perp,2,0,0.0008834973857338947,True
3494,3494,1753,1,sty+perp,2,1,0.9999660718327863,True
3495,3495,1754,1,sty+perp,2,1,0.9999313967898152,True
3496,3496,1755,0,sty+perp,2,0,2.706670358997627e-05,True
3497,3497,1755,1,sty+perp,2,0,0.06256019728282121,False
3498,3498,1756,0,sty+perp,2,0,0.001550157809724875,True
3499,3499,1756,1,sty+perp,2,1,0.9999383822769669,True
3500,3500,1757,0,sty+perp,2,1,0.665289395587994,False
3501,3501,1757,1,sty+perp,2,1,0.9837859912514936,True
3502,3502,1758,0,sty+perp,2,0,0.0022705804520778416,True
3503,3503,1758,1,sty+perp,2,1,0.9993527710591024,True
3504,3504,1759,0,sty+perp,2,0,0.0025453661013355986,True
3505,3505,1759,1,sty+perp,2,1,0.9993810177877129,True
3506,3506,1760,0,sty+perp,2,0,0.00033954289368828757,True
3507,3507,1760,1,sty+perp,2,1,0.9977504005263563,True
3508,3508,1761,0,sty+perp,2,0,0.11250544873225524,True
3509,3509,1761,1,sty+perp,2,1,0.9997843781680407,True
3510,3510,1762,0,sty+perp,2,0,6.527189875044252e-05,True
3511,3511,1762,1,sty+perp,2,1,0.9972934736661797,True
3512,3512,1763,0,sty+perp,2,0,0.01574738186189521,True
3513,3513,1763,1,sty+perp,2,1,0.9996916089418452,True
3514,3514,1764,0,sty+perp,2,0,0.010427500248988746,True
3515,3515,1764,1,sty+perp,2,1,0.8864877456090944,True
3516,3516,1765,0,sty+perp,2,0,0.0018615501928612784,True
3517,3517,1765,1,sty+perp,2,1,0.999789128247841,True
3518,3518,1766,0,sty+perp,2,0,0.0025252472925163826,True
3519,3519,1766,1,sty+perp,2,1,0.9986723128967425,True
3520,3520,1767,0,sty+perp,2,0,0.043768357192966886,True
3521,3521,1767,1,sty+perp,2,1,0.9999655807569473,True
3522,3522,1768,0,sty+perp,2,0,0.00078741469519071,True
3523,3523,1768,1,sty+perp,2,1,0.9977445891485184,True
3524,3524,1769,0,sty+perp,2,0,0.0002269549805555172,True
3525,3525,1769,1,sty+perp,2,1,0.9993216277760264,True
3526,3526,1770,0,sty+perp,2,0,0.00012270366667516716,True
3527,3527,1770,1,sty+perp,2,1,0.999967313233734,True
3528,3528,1771,0,sty+perp,2,0,0.00013226488706808364,True
3529,3529,1771,1,sty+perp,2,1,0.9992843978322967,True
3530,3530,1772,0,sty+perp,2,0,0.02470305331931561,True
3531,3531,1772,1,sty+perp,2,1,0.9999600843536002,True
3532,3532,1773,0,sty+perp,2,0,0.017038476126322845,True
3533,3533,1773,1,sty+perp,2,1,0.9628872160504609,True
3534,3534,1774,0,sty+perp,2,0,0.014687788494860608,True
3535,3535,1774,1,sty+perp,2,1,0.9996440231486589,True
3536,3536,1775,0,sty+perp,2,0,7.384493186860255e-05,True
3537,3537,1775,1,sty+perp,2,1,0.9900787761989047,True
3538,3538,1776,0,sty+perp,2,0,0.003480233392162269,True
3539,3539,1776,1,sty+perp,2,1,0.9848915491938973,True
3540,3540,1777,0,sty+perp,2,0,5.74611387068585e-05,True
3541,3541,1777,1,sty+perp,2,1,0.9999508536454647,True
3542,3542,1778,0,sty+perp,2,0,3.2744975827095795e-05,True
3543,3543,1778,1,sty+perp,2,0,0.26061732112660624,False
3544,3544,1779,0,sty+perp,2,0,0.00010079161729771717,True
3545,3545,1779,1,sty+perp,2,1,0.9999690009768197,True
3546,3546,1780,0,sty+perp,2,0,1.980163495286226e-05,True
3547,3547,1780,1,sty+perp,2,1,0.9996570008674808,True
3548,3548,1781,0,sty+perp,2,0,5.029459970601452e-05,True
3549,3549,1781,1,sty+perp,2,1,0.9997365282774974,True
3550,3550,1782,0,sty+perp,2,0,0.020476652054476834,True
3551,3551,1782,1,sty+perp,2,1,0.9994750919529181,True
3552,3552,1783,0,sty+perp,2,0,0.005156820295854087,True
3553,3553,1783,1,sty+perp,2,1,0.999413033307659,True
3554,3554,1784,0,sty+perp,2,0,0.01133220628424311,True
3555,3555,1784,1,sty+perp,2,1,0.9267140683072078,True
3556,3556,1785,0,sty+perp,2,0,0.0013634417521477822,True
3557,3557,1785,1,sty+perp,2,1,0.9991339321907503,True
3558,3558,1786,0,sty+perp,2,0,0.0008399601828472342,True
3559,3559,1786,1,sty+perp,2,1,0.9999570318077684,True
3560,3560,1787,0,sty+perp,2,0,0.00029778484020895086,True
3561,3561,1787,1,sty+perp,2,1,0.9982780377072134,True
3562,3562,1788,0,sty+perp,2,0,0.014699380161883649,True
3563,3563,1788,1,sty+perp,2,1,0.9999211088258677,True
3564,3564,1789,0,sty+perp,2,0,0.002826082619596213,True
3565,3565,1789,1,sty+perp,2,1,0.9715655454342964,True
3566,3566,1790,0,sty+perp,2,0,0.0076683650571367536,True
3567,3567,1790,1,sty+perp,2,1,0.9999868688831521,True
3568,3568,1791,0,sty+perp,2,0,5.020993174755598e-06,True
3569,3569,1791,1,sty+perp,2,1,0.9997987469227044,True
3570,3570,1792,0,sty+perp,2,0,0.06453305185930501,True
3571,3571,1792,1,sty+perp,2,1,0.9999729369707254,True
3572,3572,1793,0,sty+perp,2,0,0.0013508897844176947,True
3573,3573,1793,1,sty+perp,2,1,0.999917778868285,True
3574,3574,1794,0,sty+perp,2,0,0.000112289865205871,True
3575,3575,1794,1,sty+perp,2,1,0.9994111056406751,True
3576,3576,1795,0,sty+perp,2,0,0.00020412667165375112,True
3577,3577,1795,1,sty+perp,2,1,0.9971157407388309,True
3578,3578,1796,0,sty+perp,2,0,0.00024836189168565235,True
3579,3579,1796,1,sty+perp,2,1,0.9957525221104735,True
3580,3580,1797,0,sty+perp,2,0,0.0003105548444051369,True
3581,3581,1797,1,sty+perp,2,1,0.9844869912567308,True
3582,3582,1798,0,sty+perp,2,0,0.15782363119190393,True
3583,3583,1798,1,sty+perp,2,1,0.9999757318693145,True
3584,3584,1799,0,sty+perp,2,0,3.40263854370256e-05,True
3585,3585,1799,1,sty+perp,2,1,0.9996954595241744,True
3586,3586,1800,0,sty+perp,2,0,0.0005323045731327065,True
3587,3587,1800,1,sty+perp,2,1,0.9963053239310984,True
3588,3588,1801,0,sty+perp,2,1,0.5987601068903324,False
3589,3589,1801,1,sty+perp,2,1,0.9774328120545165,True
3590,3590,1802,0,sty+perp,2,0,0.002100836492672131,True
3591,3591,1802,1,sty+perp,2,1,0.9998460420992736,True
3592,3592,1803,0,sty+perp,2,0,1.1438303982262936e-05,True
3593,3593,1803,1,sty+perp,2,1,0.999937497540933,True
3594,3594,1804,0,sty+perp,2,0,0.0009124441084804615,True
3595,3595,1804,1,sty+perp,2,1,0.9992900776298933,True
3596,3596,1805,0,sty+perp,2,0,0.33286830750102603,True
3597,3597,1805,1,sty+perp,2,1,0.9999955049553167,True
3598,3598,1806,0,sty+perp,2,0,0.014162617970288336,True
3599,3599,1806,1,sty+perp,2,1,0.9998018644561942,True
3600,3600,1807,0,sty+perp,2,0,0.008004761063597451,True
3601,3601,1807,1,sty+perp,2,1,0.9969156815023231,True
3602,3602,1808,0,sty+perp,2,0,0.046727394613135825,True
3603,3603,1808,1,sty+perp,2,1,0.9999765849851586,True
3604,3604,1809,0,sty+perp,2,0,0.0005210847987334482,True
3605,3605,1809,1,sty+perp,2,1,0.755114019050472,True
3606,3606,1810,0,sty+perp,2,0,0.0012937668365589343,True
3607,3607,1810,1,sty+perp,2,1,0.9999940912380769,True
3608,3608,1811,0,sty+perp,2,0,0.29988989876436123,True
3609,3609,1811,1,sty+perp,2,1,0.9999456401161674,True
3610,3610,1812,0,sty+perp,2,0,0.0012489523720194205,True
3611,3611,1812,1,sty+perp,2,1,0.9998631934249576,True
3612,3612,1813,0,sty+perp,2,0,0.003076113982480839,True
3613,3613,1813,1,sty+perp,2,1,0.9998764215530171,True
3614,3614,1814,0,sty+perp,2,0,0.003857227559886273,True
3615,3615,1814,1,sty+perp,2,1,0.9976351076763621,True
3616,3616,1815,0,sty+perp,2,0,7.327557706706271e-06,True
3617,3617,1815,1,sty+perp,2,1,0.9989320689693959,True
3618,3618,1816,0,sty+perp,2,0,0.0009930310421661776,True
3619,3619,1816,1,sty+perp,2,1,0.9994507420676462,True
3620,3620,1817,0,sty+perp,2,0,1.031686566410054e-05,True
3621,3621,1817,1,sty+perp,2,1,0.9993134602428048,True
3622,3622,1818,0,sty+perp,2,0,0.010199875558470625,True
3623,3623,1818,1,sty+perp,2,1,0.9999885787696919,True
3624,3624,1819,0,sty+perp,2,0,0.025430445866654387,True
3625,3625,1819,1,sty+perp,2,1,0.9998724022922356,True
3626,3626,1820,0,sty+perp,2,0,0.00031660341308276053,True
3627,3627,1820,1,sty+perp,2,1,0.9995200087037996,True
3628,3628,1821,0,sty+perp,2,0,0.014063057146099203,True
3629,3629,1821,1,sty+perp,2,1,0.991395849461393,True
3630,3630,1822,0,sty+perp,2,0,0.0023208361474368814,True
3631,3631,1822,1,sty+perp,2,1,0.9502068994493704,True
3632,3632,1823,0,sty+perp,2,0,3.6658008469838295e-05,True
3633,3633,1823,1,sty+perp,2,1,0.9962677730518056,True
3634,3634,1824,0,sty+perp,2,0,0.029619206391980648,True
3635,3635,1824,1,sty+perp,2,1,0.9996981016472338,True
3636,3636,1825,0,sty+perp,2,0,0.006054376035967804,True
3637,3637,1825,1,sty+perp,2,1,0.9999763495353782,True
3638,3638,1826,0,sty+perp,2,0,0.00020755482476515202,True
3639,3639,1826,1,sty+perp,2,1,0.9996603932265226,True
3640,3640,1827,0,sty+perp,2,0,5.9475463935677895e-05,True
3641,3641,1827,1,sty+perp,2,0,0.39405590335902624,False
3642,3642,1828,0,sty+perp,2,0,0.029689243021393037,True
3643,3643,1828,1,sty+perp,2,1,0.9994288707307537,True
3644,3644,1829,0,sty+perp,2,0,0.0007710993071403926,True
3645,3645,1829,1,sty+perp,2,1,0.9999206979208141,True
3646,3646,1830,0,sty+perp,2,0,0.018296400087960293,True
3647,3647,1830,1,sty+perp,2,1,0.9983613320674637,True
3648,3648,1831,0,sty+perp,2,0,0.0007048630494205624,True
3649,3649,1831,1,sty+perp,2,1,0.9986983009633912,True
3650,3650,1832,0,sty+perp,2,0,0.001022409490175259,True
3651,3651,1832,1,sty+perp,2,1,0.9927762631648814,True
3652,3652,1833,0,sty+perp,2,0,0.0008650401781066884,True
3653,3653,1833,1,sty+perp,2,1,0.9996833980919121,True
3654,3654,1834,0,sty+perp,2,0,0.00218279591127522,True
3655,3655,1834,1,sty+perp,2,1,0.9986314699265988,True
3656,3656,1835,0,sty+perp,2,0,0.0005471507110578483,True
3657,3657,1835,1,sty+perp,2,1,0.9995136108411222,True
3658,3658,1836,0,sty+perp,2,0,4.545409244350645e-05,True
3659,3659,1836,1,sty+perp,2,1,0.9971505387032106,True
3660,3660,1837,0,sty+perp,2,0,0.14605794718595633,True
3661,3661,1837,1,sty+perp,2,1,0.9999683639083295,True
3662,3662,1838,0,sty+perp,2,0,1.6221792926313614e-05,True
3663,3663,1838,1,sty+perp,2,1,0.9999437004454909,True
3664,3664,1839,0,sty+perp,2,0,0.0025230198055719803,True
3665,3665,1839,1,sty+perp,2,0,0.4936170416237317,False
3666,3666,1840,0,sty+perp,2,0,0.09927945114043728,True
3667,3667,1840,1,sty+perp,2,1,0.9917128292502577,True
3668,3668,1841,0,sty+perp,2,0,3.1075455363230375e-05,True
3669,3669,1841,1,sty+perp,2,1,0.9995123503330308,True
3670,3670,1842,0,sty+perp,2,0,5.573865330808074e-06,True
3671,3671,1842,1,sty+perp,2,1,0.9844686974308631,True
3672,3672,1843,0,sty+perp,2,0,0.007078449830452548,True
3673,3673,1843,1,sty+perp,2,1,0.9999089709073069,True
3674,3674,1844,0,sty+perp,2,0,0.0009806309045004404,True
3675,3675,1844,1,sty+perp,2,1,0.9989779376334458,True
3676,3676,1845,0,sty+perp,2,0,0.00017601675863123935,True
3677,3677,1845,1,sty+perp,2,1,0.9999665772915928,True
3678,3678,1846,0,sty+perp,2,0,0.004182009784162636,True
3679,3679,1846,1,sty+perp,2,1,0.9998685497605827,True
3680,3680,1847,0,sty+perp,2,0,0.08495720775311377,True
3681,3681,1847,1,sty+perp,2,1,0.9996638642198885,True
3682,3682,1848,0,sty+perp,2,0,0.0009297030858798743,True
3683,3683,1848,1,sty+perp,2,1,0.9986243429499791,True
3684,3684,1849,0,sty+perp,2,0,0.02405429212469398,True
3685,3685,1849,1,sty+perp,2,1,0.999771534076633,True
3686,3686,1850,0,sty+perp,2,0,0.24718965421940414,True
3687,3687,1850,1,sty+perp,2,0,0.21508414550319352,False
3688,3688,1851,0,sty+perp,2,0,0.00020284059561569373,True
3689,3689,1851,1,sty+perp,2,1,0.9966543026256084,True
3690,3690,1852,0,sty+perp,2,0,5.314899468776999e-05,True
3691,3691,1852,1,sty+perp,2,1,0.9997214267386046,True
3692,3692,1853,0,sty+perp,2,0,0.010420453734144654,True
3693,3693,1853,1,sty+perp,2,1,0.7559257515588574,True
3694,3694,1854,0,sty+perp,2,0,0.0001232378147972773,True
3695,3695,1854,1,sty+perp,2,1,0.9791989578745032,True
3696,3696,1855,0,sty+perp,2,0,0.0007225136337705183,True
3697,3697,1855,1,sty+perp,2,1,0.9999838366337043,True
3698,3698,1856,0,sty+perp,2,0,0.0016707637421913934,True
3699,3699,1856,1,sty+perp,2,1,0.9999486566314036,True
3700,3700,1857,0,sty+perp,2,0,0.00426213341411309,True
3701,3701,1857,1,sty+perp,2,1,0.9999100319355869,True
3702,3702,1858,0,sty+perp,2,0,0.13666710212603644,True
3703,3703,1858,1,sty+perp,2,1,0.9999401962416561,True
3704,3704,1859,0,sty+perp,2,0,0.0012753415674759115,True
3705,3705,1859,1,sty+perp,2,1,0.9998963334104346,True
3706,3706,1860,0,sty+perp,2,0,0.0006257161892239858,True
3707,3707,1860,1,sty+perp,2,0,0.27536703215071,False
3708,3708,1861,0,sty+perp,2,0,2.887224653104555e-05,True
3709,3709,1861,1,sty+perp,2,0,0.233378300771473,False
3710,3710,1862,0,sty+perp,2,0,1.889218633593164e-05,True
3711,3711,1862,1,sty+perp,2,1,0.9999736608475547,True
3712,3712,1863,0,sty+perp,2,0,0.3468308084529907,True
3713,3713,1863,1,sty+perp,2,1,0.9998712095061466,True
3714,3714,1864,0,sty+perp,2,0,0.00013798444353868667,True
3715,3715,1864,1,sty+perp,2,1,0.9999179361060067,True
3716,3716,1865,0,sty+perp,2,0,0.002162747616234934,True
3717,3717,1865,1,sty+perp,2,1,0.9998710069511368,True
3718,3718,1866,0,sty+perp,2,0,0.004527984693314216,True
3719,3719,1866,1,sty+perp,2,1,0.9982874885651677,True
3720,3720,1867,0,sty+perp,2,0,0.0035738252549487592,True
3721,3721,1867,1,sty+perp,2,0,0.3721012303987688,False
3722,3722,1868,0,sty+perp,2,0,0.010692443164235654,True
3723,3723,1868,1,sty+perp,2,1,0.9999788684836556,True
3724,3724,1869,0,sty+perp,2,0,0.005824117733669247,True
3725,3725,1869,1,sty+perp,2,1,0.9907256896874742,True
3726,3726,1870,0,sty+perp,2,0,8.28211312653412e-05,True
3727,3727,1870,1,sty+perp,2,1,0.9981315196375328,True
3728,3728,1871,0,sty+perp,2,0,0.0003187142692103655,True
3729,3729,1871,1,sty+perp,2,1,0.9993763840159584,True
3730,3730,1872,0,sty+perp,2,0,0.0010522231688383657,True
3731,3731,1872,1,sty+perp,2,1,0.999255211473584,True
3732,3732,1873,0,sty+perp,2,0,3.24475154120783e-05,True
3733,3733,1873,1,sty+perp,2,1,0.9990397257726882,True
3734,3734,1874,0,sty+perp,2,0,3.687992615960968e-05,True
3735,3735,1874,1,sty+perp,2,1,0.9980571879376107,True
3736,3736,1875,0,sty+perp,2,0,0.00013024000770099563,True
3737,3737,1875,1,sty+perp,2,1,0.9990236893487907,True
3738,3738,1876,0,sty+perp,2,0,0.00013284334867693143,True
3739,3739,1876,1,sty+perp,2,1,0.9868569928232649,True
3740,3740,1877,0,sty+perp,2,0,8.089592696830861e-05,True
3741,3741,1877,1,sty+perp,2,1,0.9998507067762603,True
3742,3742,1878,0,sty+perp,2,0,2.977476854571981e-05,True
3743,3743,1878,1,sty+perp,2,1,0.9993699996019835,True
3744,3744,1879,0,sty+perp,2,0,0.003633612331869748,True
3745,3745,1879,1,sty+perp,2,1,0.9595103858967964,True
3746,3746,1880,0,sty+perp,2,0,0.0006034528531907355,True
3747,3747,1880,1,sty+perp,2,1,0.7292980150637612,True
3748,3748,1881,0,sty+perp,2,0,0.00013742108277712447,True
3749,3749,1881,1,sty+perp,2,1,0.9816475217966988,True
3750,3750,1882,0,sty+perp,2,0,0.011359485327660233,True
3751,3751,1882,1,sty+perp,2,1,0.9999481987662228,True
3752,3752,1883,0,sty+perp,2,0,1.768384955757794e-05,True
3753,3753,1883,1,sty+perp,2,1,0.9998021295820975,True
3754,3754,1884,0,sty+perp,2,0,0.04092675978859934,True
3755,3755,1884,1,sty+perp,2,1,0.9996891851940302,True
3756,3756,1885,0,sty+perp,2,0,0.00043949252851319364,True
3757,3757,1885,1,sty+perp,2,1,0.9992306307887844,True
3758,3758,1886,0,sty+perp,2,0,0.000748143343795397,True
3759,3759,1886,1,sty+perp,2,0,0.05102110611186814,False
3760,3760,1887,0,sty+perp,2,0,6.894759206389483e-05,True
3761,3761,1887,1,sty+perp,2,1,0.9999284848197658,True
3762,3762,1888,0,sty+perp,2,0,0.020851925122768795,True
3763,3763,1888,1,sty+perp,2,1,0.9999182376959,True
3764,3764,1889,0,sty+perp,2,0,0.01317664301003987,True
3765,3765,1889,1,sty+perp,2,1,0.9999716183251282,True
3766,3766,1890,0,sty+perp,2,0,7.162688435467053e-05,True
3767,3767,1890,1,sty+perp,2,1,0.9996967154213054,True
3768,3768,1891,0,sty+perp,2,0,0.0020216321112087143,True
3769,3769,1891,1,sty+perp,2,1,0.9972413977204636,True
3770,3770,1892,0,sty+perp,2,0,0.0008002010093638691,True
3771,3771,1892,1,sty+perp,2,1,0.9998997287813244,True
3772,3772,1893,0,sty+perp,2,0,0.00023685884547894993,True
3773,3773,1893,1,sty+perp,2,1,0.999856595082285,True
3774,3774,1894,0,sty+perp,2,0,0.0007384703623488585,True
3775,3775,1894,1,sty+perp,2,1,0.9998470438839203,True
3776,3776,1895,0,sty+perp,2,0,4.637617880993569e-06,True
3777,3777,1895,1,sty+perp,2,1,0.9990747055868978,True
3778,3778,1896,0,sty+perp,2,0,0.048922458872942415,True
3779,3779,1896,1,sty+perp,2,1,0.9997605924098287,True
3780,3780,1897,0,sty+perp,2,0,0.27469819271114326,True
3781,3781,1897,1,sty+perp,2,1,0.9998903231298611,True
3782,3782,1898,0,sty+perp,2,1,0.6030732359078222,False
3783,3783,1898,1,sty+perp,2,1,0.9920503773791189,True
3784,3784,1899,0,sty+perp,2,0,0.0008668198305932312,True
3785,3785,1899,1,sty+perp,2,1,0.9937026772267513,True
3786,3786,1900,0,sty+perp,2,1,0.8068315330188076,False
3787,3787,1900,1,sty+perp,2,1,0.9999680588838246,True
3788,3788,1901,0,sty+perp,2,0,0.0003523789441029942,True
3789,3789,1901,1,sty+perp,2,1,0.8494947140913673,True
3790,3790,1902,0,sty+perp,2,0,0.01315385918082829,True
3791,3791,1902,1,sty+perp,2,1,0.999054706981034,True
3792,3792,1903,0,sty+perp,2,0,0.0007453180552621936,True
3793,3793,1903,1,sty+perp,2,0,0.341490028397311,False
3794,3794,1904,0,sty+perp,2,0,0.000680250716602109,True
3795,3795,1904,1,sty+perp,2,1,0.675525261372848,True
3796,3796,1905,0,sty+perp,2,0,1.1168345766781316e-05,True
3797,3797,1905,1,sty+perp,2,1,0.9963978464422993,True
3798,3798,1906,1,sty+perp,2,1,0.9967055252521748,True
3799,3799,1907,0,sty+perp,2,0,0.009579594258881515,True
3800,3800,1907,1,sty+perp,2,1,0.9999423992989496,True
3801,3801,1908,0,sty+perp,2,0,0.09060543810075125,True
3802,3802,1908,1,sty+perp,2,1,0.9999443612117084,True
3803,3803,1909,0,sty+perp,2,0,1.0345601504703163e-05,True
3804,3804,1909,1,sty+perp,2,1,0.9547178741787625,True
3805,3805,1910,0,sty+perp,2,0,0.06489378965270741,True
3806,3806,1910,1,sty+perp,2,1,0.9999447911218172,True
3807,3807,1911,0,sty+perp,2,0,0.11967841228760209,True
3808,3808,1911,1,sty+perp,2,1,0.9997926763977683,True
3809,3809,1912,0,sty+perp,2,0,2.5574378774919815e-05,True
3810,3810,1912,1,sty+perp,2,1,0.8585228683197642,True
3811,3811,1913,0,sty+perp,2,0,0.001753088213449275,True
3812,3812,1913,1,sty+perp,2,1,0.9977261048591742,True
3813,3813,1914,0,sty+perp,2,0,0.00031613907203901235,True
3814,3814,1914,1,sty+perp,2,1,0.9980329174513036,True
3815,3815,1915,0,sty+perp,2,0,0.0018807321012041937,True
3816,3816,1915,1,sty+perp,2,1,0.9996996347637291,True
3817,3817,1916,0,sty+perp,2,0,0.0017737137049105736,True
3818,3818,1916,1,sty+perp,2,1,0.9999718772605741,True
3819,3819,1917,0,sty+perp,2,0,0.0008840427197387763,True
3820,3820,1917,1,sty+perp,2,1,0.9708497459755078,True
3821,3821,1918,0,sty+perp,2,0,1.1707565182511225e-05,True
3822,3822,1918,1,sty+perp,2,1,0.9745454104256418,True
3823,3823,1919,0,sty+perp,2,0,0.00014754497469561762,True
3824,3824,1919,1,sty+perp,2,1,0.9999204197485457,True
3825,3825,1920,0,sty+perp,2,0,0.001067539998493898,True
3826,3826,1920,1,sty+perp,2,1,0.9999626349123266,True
3827,3827,1921,0,sty+perp,2,0,1.633101597138384e-05,True
3828,3828,1921,1,sty+perp,2,1,0.9991507627562456,True
3829,3829,1922,0,sty+perp,2,0,0.00010397073742097426,True
3830,3830,1922,1,sty+perp,2,1,0.9998553834635993,True
3831,3831,1923,0,sty+perp,2,0,0.00022697155149065527,True
3832,3832,1923,1,sty+perp,2,1,0.9995265558452857,True
3833,3833,1924,0,sty+perp,2,0,0.00883574684132286,True
3834,3834,1924,1,sty+perp,2,1,0.9995219682562052,True
3835,3835,1925,0,sty+perp,2,0,0.00039112085832830476,True
3836,3836,1925,1,sty+perp,2,1,0.999880995779725,True
3837,3837,1926,0,sty+perp,2,0,0.00509395849669336,True
3838,3838,1926,1,sty+perp,2,1,0.9785447595245398,True
3839,3839,1927,0,sty+perp,2,0,8.864501599962163e-05,True
3840,3840,1927,1,sty+perp,2,1,0.9997762357527029,True
3841,3841,1928,0,sty+perp,2,0,0.0001571660643697401,True
3842,3842,1928,1,sty+perp,2,0,0.26589057337547317,False
3843,3843,1929,0,sty+perp,2,0,0.0003010284892537438,True
3844,3844,1929,1,sty+perp,2,1,0.9999686964795518,True
3845,3845,1930,0,sty+perp,2,0,1.1344018639688258e-05,True
3846,3846,1930,1,sty+perp,2,1,0.9727521006958816,True
3847,3847,1931,0,sty+perp,2,0,0.0033140550529037697,True
3848,3848,1931,1,sty+perp,2,1,0.9862993541638855,True
3849,3849,1932,0,sty+perp,2,0,0.01157906001045462,True
3850,3850,1932,1,sty+perp,2,1,0.9976708730170879,True
3851,3851,1933,0,sty+perp,2,0,0.0003941301236495768,True
3852,3852,1933,1,sty+perp,2,1,0.9989168866798472,True
3853,3853,1934,0,sty+perp,2,0,0.00227690633682618,True
3854,3854,1934,1,sty+perp,2,1,0.9996703951949308,True
3855,3855,1935,0,sty+perp,2,0,0.004764799922131946,True
3856,3856,1935,1,sty+perp,2,1,0.9960225229394489,True
3857,3857,1936,0,sty+perp,2,0,0.07300777745824419,True
3858,3858,1936,1,sty+perp,2,1,0.9999936367510434,True
3859,3859,1937,0,sty+perp,2,0,0.000196750318782951,True
3860,3860,1937,1,sty+perp,2,1,0.9936873397263378,True
3861,3861,1938,0,sty+perp,2,0,0.29532369020505866,True
3862,3862,1938,1,sty+perp,2,1,0.9993112779201213,True
3863,3863,1939,0,sty+perp,2,0,1.6430216560460178e-05,True
3864,3864,1939,1,sty+perp,2,0,0.20353802224305806,False
3865,3865,1940,0,sty+perp,2,0,0.25178760771991937,True
3866,3866,1940,1,sty+perp,2,1,0.9999320010290046,True
3867,3867,1941,0,sty+perp,2,0,0.05349147736480817,True
3868,3868,1941,1,sty+perp,2,1,0.9997421408577957,True
3869,3869,1942,0,sty+perp,2,0,1.9534101340567387e-05,True
3870,3870,1942,1,sty+perp,2,1,0.8979864822552038,True
3871,3871,1943,0,sty+perp,2,0,6.211749896643685e-06,True
3872,3872,1943,1,sty+perp,2,1,0.9948172237721414,True
3873,3873,1944,0,sty+perp,2,0,0.00026792436592342096,True
3874,3874,1944,1,sty+perp,2,1,0.9991535173231691,True
3875,3875,1945,0,sty+perp,2,0,0.00042484133502730036,True
3876,3876,1945,1,sty+perp,2,1,0.9992675046468324,True
3877,3877,1946,0,sty+perp,2,0,0.00012071505490401504,True
3878,3878,1946,1,sty+perp,2,1,0.9998577818437414,True
3879,3879,1947,0,sty+perp,2,0,0.007786911378277709,True
3880,3880,1947,1,sty+perp,2,1,0.9998220301695697,True
3881,3881,1948,0,sty+perp,2,0,5.394993489017119e-05,True
3882,3882,1948,1,sty+perp,2,1,0.999807400996151,True
3883,3883,1949,0,sty+perp,2,0,0.002224546760412442,True
3884,3884,1949,1,sty+perp,2,1,0.9986873678309273,True
3885,3885,1950,0,sty+perp,2,0,7.129557779184943e-05,True
3886,3886,1950,1,sty+perp,2,1,0.999817912274235,True
3887,3887,1951,0,sty+perp,2,0,0.00017512989381268993,True
3888,3888,1951,1,sty+perp,2,1,0.9999840159041167,True
3889,3889,1952,0,sty+perp,2,0,0.0012434259203406974,True
3890,3890,1952,1,sty+perp,2,1,0.9709739761575228,True
3891,3891,1953,0,sty+perp,2,0,0.016187926699093077,True
3892,3892,1953,1,sty+perp,2,1,0.9990150081665488,True
3893,3893,1954,0,sty+perp,2,0,0.0007463844826350935,True
3894,3894,1954,1,sty+perp,2,1,0.9982958659563322,True
3895,3895,1955,0,sty+perp,2,0,1.3898655122706126e-05,True
3896,3896,1955,1,sty+perp,2,1,0.983045673785038,True
3897,3897,1956,0,sty+perp,2,0,0.015524245650284612,True
3898,3898,1956,1,sty+perp,2,1,0.9981178109637323,True
3899,3899,1957,0,sty+perp,2,0,1.1572680515513392e-05,True
3900,3900,1957,1,sty+perp,2,1,0.9570584282733684,True
3901,3901,1958,0,sty+perp,2,0,0.00047668731059246575,True
3902,3902,1958,1,sty+perp,2,1,0.9996379890130972,True
3903,3903,1959,0,sty+perp,2,0,0.004904870183973465,True
3904,3904,1959,1,sty+perp,2,1,0.7953117553476268,True
3905,3905,1960,0,sty+perp,2,0,0.0017717093529039728,True
3906,3906,1960,1,sty+perp,2,1,0.9782397695303987,True
3907,3907,1961,0,sty+perp,2,0,7.205114919369396e-05,True
3908,3908,1961,1,sty+perp,2,1,0.9999777492455486,True
3909,3909,1962,0,sty+perp,2,0,0.00046101092460368754,True
3910,3910,1962,1,sty+perp,2,1,0.9999394307052338,True
3911,3911,1963,0,sty+perp,2,0,0.00011581532811199733,True
3912,3912,1963,1,sty+perp,2,1,0.9996764884410566,True
3913,3913,1964,0,sty+perp,2,0,0.00018785607374035507,True
3914,3914,1964,1,sty+perp,2,1,0.9992340468409124,True
3915,3915,1965,0,sty+perp,2,0,0.009579185256858616,True
3916,3916,1965,1,sty+perp,2,1,0.9962424274442396,True
3917,3917,1966,0,sty+perp,2,0,3.220398853052898e-05,True
3918,3918,1966,1,sty+perp,2,1,0.9999608145937048,True
3919,3919,1967,0,sty+perp,2,0,0.020847589996490137,True
3920,3920,1967,1,sty+perp,2,1,0.9999608231744674,True
3921,3921,1968,0,sty+perp,2,0,0.0005332172600468808,True
3922,3922,1968,1,sty+perp,2,1,0.9984363238791822,True
3923,3923,1969,0,sty+perp,2,0,0.00023785447947529033,True
3924,3924,1969,1,sty+perp,2,1,0.9995823248751492,True
3925,3925,1970,0,sty+perp,2,0,0.001471596658840801,True
3926,3926,1970,1,sty+perp,2,1,0.9773215702615623,True
3927,3927,1971,0,sty+perp,2,0,7.108253385485684e-06,True
3928,3928,1971,1,sty+perp,2,0,0.28535800591070126,False
3929,3929,1972,0,sty+perp,2,0,0.005326908894038531,True
3930,3930,1972,1,sty+perp,2,1,0.9999703211892487,True
3931,3931,1973,0,sty+perp,2,0,0.0014230046586474361,True
3932,3932,1973,1,sty+perp,2,1,0.9998352611227755,True
3933,3933,1974,0,sty+perp,2,0,1.0640587054732025e-05,True
3934,3934,1974,1,sty+perp,2,0,0.03319820482820563,False
3935,3935,1975,0,sty+perp,2,0,1.6959420252865224e-05,True
3936,3936,1975,1,sty+perp,2,0,0.20100268004360747,False
3937,3937,1976,0,sty+perp,2,0,0.0002303123977755096,True
3938,3938,1976,1,sty+perp,2,1,0.9999144863038587,True
3939,3939,1977,0,sty+perp,2,0,0.00017299075026823608,True
3940,3940,1977,1,sty+perp,2,1,0.9972776082253998,True
3941,3941,1978,0,sty+perp,2,0,0.038097534265647805,True
3942,3942,1978,1,sty+perp,2,1,0.9991876397810192,True
3943,3943,1979,0,sty+perp,2,0,9.116337832547004e-06,True
3944,3944,1979,1,sty+perp,2,1,0.9999317478371523,True
3945,3945,1980,0,sty+perp,2,0,0.04765178921131974,True
3946,3946,1980,1,sty+perp,2,1,0.9999289050917607,True
3947,3947,1981,0,sty+perp,2,0,0.0005278213695881929,True
3948,3948,1981,1,sty+perp,2,1,0.9999653492721127,True
3949,3949,1982,0,sty+perp,2,0,0.0949784668342773,True
3950,3950,1982,1,sty+perp,2,1,0.9988794092087511,True
3951,3951,1983,0,sty+perp,2,0,0.00010358102432391716,True
3952,3952,1983,1,sty+perp,2,1,0.9998142210676013,True
3953,3953,1984,0,sty+perp,2,0,2.3390828315338572e-05,True
3954,3954,1984,1,sty+perp,2,1,0.9908691955301651,True
3955,3955,1985,0,sty+perp,2,0,0.0007515128668543041,True
3956,3956,1985,1,sty+perp,2,1,0.999834587716418,True
3957,3957,1986,0,sty+perp,2,0,0.00012159632132693256,True
3958,3958,1986,1,sty+perp,2,1,0.9987230885320241,True
3959,3959,1987,0,sty+perp,2,0,4.4207927014112824e-05,True
3960,3960,1987,1,sty+perp,2,1,0.9996132193286211,True
3961,3961,1988,0,sty+perp,2,0,0.00011540297653292372,True
3962,3962,1988,1,sty+perp,2,1,0.9999509999958026,True
3963,3963,1989,0,sty+perp,2,0,0.11572247634534519,True
3964,3964,1989,1,sty+perp,2,1,0.9999487485252201,True
3965,3965,1990,0,sty+perp,2,0,0.031697790159376925,True
3966,3966,1990,1,sty+perp,2,1,0.9991585090022892,True
3967,3967,1991,0,sty+perp,2,0,0.009654866008921415,True
3968,3968,1991,1,sty+perp,2,1,0.9999118856632723,True
3969,3969,1992,0,sty+perp,2,0,0.0006481403489383198,True
3970,3970,1992,1,sty+perp,2,1,0.9997791293290932,True
3971,3971,1993,0,sty+perp,2,0,0.0005595956429878883,True
3972,3972,1993,1,sty+perp,2,1,0.9968462752009359,True
3973,3973,1994,0,sty+perp,2,0,0.00013316649904406228,True
3974,3974,1994,1,sty+perp,2,0,0.20765628315744009,False
3975,3975,1995,0,sty+perp,2,0,0.0007686651347691363,True
3976,3976,1995,1,sty+perp,2,1,0.9700224355257216,True
3977,3977,1996,0,sty+perp,2,0,3.5228867682675244e-05,True
3978,3978,1996,1,sty+perp,2,1,0.9998990297585204,True
3979,3979,1997,0,sty+perp,2,0,0.001291877183040421,True
3980,3980,1997,1,sty+perp,2,1,0.9998795444413918,True
3981,3981,1998,0,sty+perp,2,0,0.00018418470281412664,True
3982,3982,1998,1,sty+perp,2,1,0.9998276295584853,True
3983,3983,1999,0,sty+perp,2,0,0.0010000942054971937,True
3984,3984,1999,1,sty+perp,2,1,0.9937216806058946,True
3985,3985,2000,0,sty+perp,2,0,0.0002611069574904184,True
3986,3986,2000,1,sty+perp,2,1,0.9987939204356132,True
3987,3987,2001,0,sty+perp,2,0,0.0003965862121901114,True
3988,3988,2001,1,sty+perp,2,0,0.201811355616731,False
3989,3989,2002,0,sty+perp,2,0,0.002671012604486389,True
3990,3990,2002,1,sty+perp,2,1,0.998860360945111,True
3991,3991,2003,0,sty+perp,2,0,0.0007487184581633175,True
3992,3992,2003,1,sty+perp,2,1,0.9998300392323104,True
3993,3993,2004,0,sty+perp,2,0,0.0001219047681115356,True
3994,3994,2004,1,sty+perp,2,1,0.9998133404706704,True
3995,3995,2005,0,sty+perp,2,0,2.703913328810929e-05,True
3996,3996,2005,1,sty+perp,2,1,0.999910264195445,True
3997,3997,2006,0,sty+perp,2,0,0.005470099762870756,True
3998,3998,2006,1,sty+perp,2,1,0.9999744507987661,True
3999,3999,2007,0,sty+perp,2,0,0.006193907140697188,True
4000,4000,2007,1,sty+perp,2,1,0.997256650161002,True
4001,4001,2008,0,sty+perp,2,0,4.655122334927279e-05,True
4002,4002,2008,1,sty+perp,2,1,0.9991488993236871,True
4003,4003,2009,0,sty+perp,2,0,0.00016766504453814702,True
4004,4004,2009,1,sty+perp,2,1,0.9998329704497341,True
4005,4005,2010,0,sty+perp,2,0,0.0076917076835621365,True
4006,4006,2010,1,sty+perp,2,1,0.9998993951023032,True
4007,4007,2011,0,sty+perp,2,0,0.0012560066461166277,True
4008,4008,2011,1,sty+perp,2,1,0.9981458556379408,True
4009,4009,2012,0,sty+perp,2,0,0.10738788478735327,True
4010,4010,2012,1,sty+perp,2,1,0.9999262822989169,True
4011,4011,2013,0,sty+perp,2,0,0.00025378142198577506,True
4012,4012,2013,1,sty+perp,2,1,0.9995247017659274,True
4013,4013,2014,0,sty+perp,2,0,0.004298006217914864,True
4014,4014,2014,1,sty+perp,2,1,0.9999669309342202,True
4015,4015,2015,0,sty+perp,2,0,0.2786593459802099,True
4016,4016,2015,1,sty+perp,2,1,0.9999819275680064,True
4017,4017,2016,0,sty+perp,2,0,0.0003593744617122171,True
4018,4018,2016,1,sty+perp,2,0,0.11681568652884071,False
4019,4019,2017,0,sty+perp,2,0,0.00015480015614883382,True
4020,4020,2017,1,sty+perp,2,1,0.9991711906446556,True
4021,4021,2018,0,sty+perp,2,0,0.009867288404925189,True
4022,4022,2018,1,sty+perp,2,1,0.9666065649454066,True
4023,4023,2019,0,sty+perp,2,0,0.0023178021355956323,True
4024,4024,2019,1,sty+perp,2,1,0.9995092754578764,True
4025,4025,2020,0,sty+perp,2,0,4.683273275576421e-05,True
4026,4026,2020,1,sty+perp,2,1,0.9968344003098182,True
4027,4027,2021,0,sty+perp,2,0,0.0008747376168168699,True
4028,4028,2021,1,sty+perp,2,1,0.9965792590388635,True
4029,4029,2022,0,sty+perp,2,0,1.8554740865283224e-05,True
4030,4030,2022,1,sty+perp,2,1,0.9999706243522118,True
4031,4031,2023,0,sty+perp,2,0,0.06536908191983493,True
4032,4032,2023,1,sty+perp,2,1,0.9999640214560824,True
4033,4033,2024,0,sty+perp,2,0,0.0059918985084578555,True
4034,4034,2024,1,sty+perp,2,1,0.9999861512326376,True
4035,4035,2025,0,sty+perp,2,0,0.039091443778274546,True
4036,4036,2025,1,sty+perp,2,1,0.8897339203612389,True
4037,4037,2026,0,sty+perp,2,0,0.00363504538103076,True
4038,4038,2026,1,sty+perp,2,1,0.9992977256295157,True
4039,4039,2027,0,sty+perp,2,0,0.0004740929880769441,True
4040,4040,2027,1,sty+perp,2,1,0.9993383739813543,True
4041,4041,2028,0,sty+perp,2,0,0.0007427198127116577,True
4042,4042,2028,1,sty+perp,2,1,0.9999216406326726,True
4043,4043,2029,0,sty+perp,2,0,1.0559645532438108e-05,True
4044,4044,2029,1,sty+perp,2,1,0.9999084097197616,True
4045,4045,2030,0,sty+perp,2,1,0.6523987403975327,False
4046,4046,2030,1,sty+perp,2,1,0.9998463040717493,True
4047,4047,2031,0,sty+perp,2,0,0.0001770238744992328,True
4048,4048,2031,1,sty+perp,2,1,0.9999956839854184,True
4049,4049,2032,0,sty+perp,2,0,0.0002509761969180341,True
4050,4050,2032,1,sty+perp,2,1,0.662863001836915,True
4051,4051,2033,0,sty+perp,2,0,0.0020873929795566797,True
4052,4052,2033,1,sty+perp,2,1,0.9998642141904666,True
4053,4053,2034,0,sty+perp,2,0,0.005207073729486065,True
4054,4054,2034,1,sty+perp,2,1,0.9999347065291733,True
4055,4055,2035,0,sty+perp,2,0,0.00011818551269152745,True
4056,4056,2035,1,sty+perp,2,1,0.998951154281007,True
4057,4057,2036,0,sty+perp,2,0,0.03560679423316265,True
4058,4058,2036,1,sty+perp,2,1,0.9999932787577361,True
4059,4059,2037,0,sty+perp,2,0,0.0032230835478709824,True
4060,4060,2037,1,sty+perp,2,1,0.9998967464418266,True
4061,4061,2038,0,sty+perp,2,0,0.04782426641535583,True
4062,4062,2038,1,sty+perp,2,1,0.9936328380391832,True
4063,4063,2039,0,sty+perp,2,0,2.1119735451884193e-05,True
4064,4064,2039,1,sty+perp,2,1,0.9986205359715501,True
4065,4065,2040,0,sty+perp,2,0,0.004050303438056578,True
4066,4066,2040,1,sty+perp,2,1,0.9999806390512306,True
4067,4067,2041,0,sty+perp,2,0,0.001586471334258141,True
4068,4068,2041,1,sty+perp,2,1,0.9980037635280262,True
4069,4069,2042,0,sty+perp,2,0,6.505015434250755e-06,True
4070,4070,2042,1,sty+perp,2,1,0.9997590543418962,True
4071,4071,2043,0,sty+perp,2,0,0.1002572750906712,True
4072,4072,2043,1,sty+perp,2,1,0.9999616626481072,True
4073,4073,2044,0,sty+perp,2,0,0.0006978098044267475,True
4074,4074,2044,1,sty+perp,2,1,0.9429649466555854,True
4075,4075,2045,0,sty+perp,2,0,0.059552634354825495,True
4076,4076,2045,1,sty+perp,2,1,0.9999695382368357,True
4077,4077,2046,0,sty+perp,2,0,2.2960205452266904e-05,True
4078,4078,2046,1,sty+perp,2,1,0.9960906988655858,True
4079,4079,2047,0,sty+perp,2,0,8.497544266275825e-06,True
4080,4080,2047,1,sty+perp,2,1,0.999901973356714,True
4081,4081,2048,0,sty+perp,2,0,0.0010809002991045012,True
4082,4082,2048,1,sty+perp,2,1,0.9999632736774406,True
4083,4083,2049,0,sty+perp,2,0,6.0430680019489316e-05,True
4084,4084,2049,1,sty+perp,2,1,0.9987627696042815,True
4085,4085,2050,0,sty+perp,2,0,0.00014739060529099263,True
4086,4086,2050,1,sty+perp,2,1,0.9995528348289764,True
4087,4087,2051,0,sty+perp,2,0,0.08185217094769395,True
4088,4088,2051,1,sty+perp,2,1,0.9999749742888941,True
4089,4089,2052,0,sty+perp,2,0,2.452318250034971e-05,True
4090,4090,2052,1,sty+perp,2,1,0.9934105653227101,True
4091,4091,2053,0,sty+perp,2,0,0.05809573412864699,True
4092,4092,2053,1,sty+perp,2,1,0.9998717130112974,True
4093,4093,2054,0,sty+perp,2,0,0.03470244347288114,True
4094,4094,2054,1,sty+perp,2,1,0.9965336214132945,True
4095,4095,2055,0,sty+perp,2,0,4.049802328812448e-05,True
4096,4096,2055,1,sty+perp,2,1,0.9998869529836582,True
4097,4097,2056,0,sty+perp,2,0,0.0004581852972499689,True
4098,4098,2056,1,sty+perp,2,1,0.9999859524870299,True
4099,4099,2057,0,sty+perp,2,0,0.0010707696536405489,True
4100,4100,2057,1,sty+perp,2,1,0.999827610258575,True
4101,4101,2058,0,sty+perp,2,0,0.0004393816045484591,True
4102,4102,2058,1,sty+perp,2,1,0.9997542068547475,True
4103,4103,2059,0,sty+perp,2,0,0.00013224470859444042,True
4104,4104,2059,1,sty+perp,2,1,0.983953313799972,True
4105,4105,2060,0,sty+perp,2,0,0.0055960253730729295,True
4106,4106,2060,1,sty+perp,2,1,0.9995717647064686,True
4107,4107,2061,0,sty+perp,2,0,0.0033042665278203934,True
4108,4108,2061,1,sty+perp,2,1,0.9893624489067875,True
4109,4109,2062,0,sty+perp,2,0,0.003572949149145983,True
4110,4110,2062,1,sty+perp,2,1,0.9998885948811108,True
4111,4111,2063,0,sty+perp,2,0,0.00027939994078738907,True
4112,4112,2063,1,sty+perp,2,1,0.9999162102878387,True
4113,4113,2064,0,sty+perp,2,0,0.0006041848719676851,True
4114,4114,2064,1,sty+perp,2,1,0.9168174314955807,True
4115,4115,2065,0,sty+perp,2,1,0.9404448207983049,False
4116,4116,2065,1,sty+perp,2,1,0.999822789563378,True
4117,4117,2066,0,sty+perp,2,0,0.00022576897976668686,True
4118,4118,2066,1,sty+perp,2,1,0.941664784195275,True
4119,4119,2067,0,sty+perp,2,0,0.01870680599769216,True
4120,4120,2067,1,sty+perp,2,1,0.9871993076320026,True
4121,4121,2068,0,sty+perp,2,0,2.1820425882952054e-05,True
4122,4122,2068,1,sty+perp,2,1,0.999962090371548,True
4123,4123,2069,0,sty+perp,2,0,0.11143669650997891,True
4124,4124,2069,1,sty+perp,2,1,0.9991418874354488,True
4125,4125,2070,0,sty+perp,2,0,0.0021894084200721523,True
4126,4126,2070,1,sty+perp,2,1,0.9983419017920212,True
4127,4127,2071,0,sty+perp,2,0,0.003000623856228451,True
4128,4128,2071,1,sty+perp,2,1,0.9999847865602783,True
4129,4129,2072,0,sty+perp,2,0,0.00033793061733857513,True
4130,4130,2072,1,sty+perp,2,1,0.9862243223912915,True
4131,4131,2073,0,sty+perp,2,0,0.004010446386002206,True
4132,4132,2073,1,sty+perp,2,1,0.9967522262097833,True
4133,4133,2074,0,sty+perp,2,0,0.0029119295554665557,True
4134,4134,2074,1,sty+perp,2,1,0.9998984221657398,True
4135,4135,2075,0,sty+perp,2,0,9.726586952733788e-05,True
4136,4136,2075,1,sty+perp,2,1,0.9992883585884452,True
4137,4137,2076,0,sty+perp,2,0,6.353241025811569e-05,True
4138,4138,2076,1,sty+perp,2,1,0.9996038419341958,True
4139,4139,2077,0,sty+perp,2,0,0.019540155065307253,True
4140,4140,2077,1,sty+perp,2,1,0.9988572308222476,True
4141,4141,2078,0,sty+perp,2,0,1.2349647400459213e-05,True
4142,4142,2078,1,sty+perp,2,1,0.9982351169917566,True
4143,4143,2079,0,sty+perp,2,0,0.009627400934433336,True
4144,4144,2079,1,sty+perp,2,1,0.9998994269097528,True
4145,4145,2080,0,sty+perp,2,0,5.7680121173373015e-05,True
4146,4146,2080,1,sty+perp,2,1,0.5765214503993803,True
4147,4147,2081,0,sty+perp,2,0,0.014218853544418613,True
4148,4148,2081,1,sty+perp,2,1,0.9900395533835806,True
4149,4149,2082,0,sty+perp,2,0,0.0879500684442077,True
4150,4150,2082,1,sty+perp,2,1,0.9538893855134897,True
4151,4151,2083,0,sty+perp,2,0,0.001680167535150492,True
4152,4152,2083,1,sty+perp,2,1,0.9979799652530845,True
4153,4153,2084,0,sty+perp,2,0,0.0003874546315889932,True
4154,4154,2084,1,sty+perp,2,1,0.9816064381158367,True
4155,4155,2085,0,sty+perp,2,0,0.00021941525059067794,True
4156,4156,2085,1,sty+perp,2,1,0.9867797656920566,True
4157,4157,2086,0,sty+perp,2,0,0.011226379728364488,True
4158,4158,2086,1,sty+perp,2,1,0.9999728006841191,True
4159,4159,2087,0,sty+perp,2,0,0.08674943075431843,True
4160,4160,2087,1,sty+perp,2,1,0.7464812662951502,True
4161,4161,2088,0,sty+perp,2,0,0.0005241442730021147,True
4162,4162,2088,1,sty+perp,2,1,0.9999604735669598,True
4163,4163,2089,0,sty+perp,2,0,0.0010104969001805643,True
4164,4164,2089,1,sty+perp,2,1,0.9997196423691007,True
4165,4165,2090,0,sty+perp,2,0,0.05302085901791443,True
4166,4166,2090,1,sty+perp,2,1,0.9994497890826141,True
4167,4167,2091,0,sty+perp,2,0,0.0010760536603417134,True
4168,4168,2091,1,sty+perp,2,1,0.9988742535744776,True
4169,4169,2092,0,sty+perp,2,0,0.005773386921367348,True
4170,4170,2092,1,sty+perp,2,1,0.9991380769019251,True
4171,4171,2093,0,sty+perp,2,0,0.03158468314470949,True
4172,4172,2093,1,sty+perp,2,1,0.9998437582042127,True
4173,4173,2094,0,sty+perp,2,0,0.000262578423896776,True
4174,4174,2094,1,sty+perp,2,1,0.9999315804319815,True
4175,4175,2095,0,sty+perp,2,0,7.422343663288878e-05,True
4176,4176,2095,1,sty+perp,2,1,0.9114604147384172,True
4177,4177,2096,0,sty+perp,2,0,0.0025615982783653403,True
4178,4178,2096,1,sty+perp,2,1,0.9999928053997011,True
4179,4179,2097,0,sty+perp,2,0,4.070828597762366e-05,True
4180,4180,2097,1,sty+perp,2,1,0.999560960930201,True
4181,4181,2098,0,sty+perp,2,0,0.006536153152166893,True
4182,4182,2098,1,sty+perp,2,1,0.9990866591702553,True
4183,4183,2099,0,sty+perp,2,0,7.215630392480642e-06,True
4184,4184,2099,1,sty+perp,2,1,0.9996928989874985,True
4185,4185,2100,0,sty+perp,2,0,0.00038378246992338855,True
4186,4186,2100,1,sty+perp,2,1,0.9782524243835841,True
4187,4187,2101,0,sty+perp,2,0,0.0009729335338416431,True
4188,4188,2101,1,sty+perp,2,1,0.9999790828381386,True
4189,4189,2102,0,sty+perp,2,0,0.019243305861778044,True
4190,4190,2102,1,sty+perp,2,1,0.988527220370395,True
4191,4191,2103,0,sty+perp,2,0,0.0005561209030389865,True
4192,4192,2103,1,sty+perp,2,1,0.9320002651444539,True
4193,4193,2104,0,sty+perp,2,0,0.0013875665737178699,True
4194,4194,2104,1,sty+perp,2,1,0.9953156420025187,True
4195,4195,2105,0,sty+perp,2,0,2.249960479548243e-05,True
4196,4196,2105,1,sty+perp,2,1,0.9999407361035454,True
4197,4197,2106,0,sty+perp,2,0,5.972025560945581e-05,True
4198,4198,2106,1,sty+perp,2,1,0.9979268379550417,True
4199,4199,2107,0,sty+perp,2,0,0.00019247120790523127,True
4200,4200,2107,1,sty+perp,2,1,0.7655797686415707,True
4201,4201,2108,0,sty+perp,2,0,0.00010368998193234598,True
4202,4202,2108,1,sty+perp,2,1,0.9577516292245143,True
4203,4203,2109,0,sty+perp,2,0,0.00013618965914089933,True
4204,4204,2109,1,sty+perp,2,1,0.9794121320726511,True
4205,4205,2110,0,sty+perp,2,0,0.009556297232180969,True
4206,4206,2110,1,sty+perp,2,1,0.9999311654769326,True
4207,4207,2111,0,sty+perp,2,0,0.004638549913732751,True
4208,4208,2111,1,sty+perp,2,1,0.9932107733799485,True
4209,4209,2112,0,sty+perp,2,0,3.5615969303080966e-05,True
4210,4210,2112,1,sty+perp,2,1,0.9996922936317004,True
4211,4211,2113,0,sty+perp,2,0,0.042718958275341716,True
4212,4212,2113,1,sty+perp,2,1,0.9988418975138819,True
4213,4213,2114,0,sty+perp,2,0,1.2490263213337704e-05,True
4214,4214,2114,1,sty+perp,2,1,0.9525161341195723,True
4215,4215,2115,0,sty+perp,2,0,1.716613182713747e-05,True
4216,4216,2115,1,sty+perp,2,1,0.9862366310626811,True
4217,4217,2116,0,sty+perp,2,0,0.0004824899429447273,True
4218,4218,2116,1,sty+perp,2,1,0.9999510458430753,True
4219,4219,2117,0,sty+perp,2,0,0.009647651214934503,True
4220,4220,2117,1,sty+perp,2,1,0.9998125883877368,True
4221,4221,2118,0,sty+perp,2,0,0.00012012190208018323,True
4222,4222,2118,1,sty+perp,2,1,0.9993002454105427,True
4223,4223,2119,0,sty+perp,2,1,0.974357271890359,False
4224,4224,2119,1,sty+perp,2,1,0.9999774122063866,True
4225,4225,2120,0,sty+perp,2,0,0.0014854074332568267,True
4226,4226,2120,1,sty+perp,2,1,0.9996719608150011,True
4227,4227,2121,0,sty+perp,2,0,0.0001935919836714142,True
4228,4228,2121,1,sty+perp,2,1,0.9967303472563619,True
4229,4229,2122,0,sty+perp,2,0,0.0029545717460163256,True
4230,4230,2122,1,sty+perp,2,1,0.9999291283598041,True
4231,4231,2123,0,sty+perp,2,0,0.0002676667722092599,True
4232,4232,2123,1,sty+perp,2,1,0.9983441977356612,True
4233,4233,2124,0,sty+perp,2,0,0.043541848130516994,True
4234,4234,2124,1,sty+perp,2,1,0.9995177871043093,True
4235,4235,2125,0,sty+perp,2,0,0.0014482282266774387,True
4236,4236,2125,1,sty+perp,2,1,0.9528529473580788,True
4237,4237,2126,0,sty+perp,2,0,0.002250130621893305,True
4238,4238,2126,1,sty+perp,2,1,0.9998343147394406,True
4239,4239,2127,0,sty+perp,2,0,0.1297760753989382,True
4240,4240,2127,1,sty+perp,2,1,0.8947462434870348,True
4241,4241,2128,0,sty+perp,2,1,0.99459006257643,False
4242,4242,2128,1,sty+perp,2,1,0.9983141688423477,True
4243,4243,2129,0,sty+perp,2,0,9.330640844508283e-05,True
4244,4244,2129,1,sty+perp,2,1,0.9965071902158809,True
4245,4245,2130,0,sty+perp,2,0,0.03173767036558188,True
4246,4246,2130,1,sty+perp,2,1,0.9989200471825477,True
4247,4247,2131,0,sty+perp,2,0,0.44022840201447916,True
4248,4248,2131,1,sty+perp,2,1,0.9972022638291653,True
4249,4249,2132,0,sty+perp,2,0,3.2739594324932895e-05,True
4250,4250,2132,1,sty+perp,2,1,0.999068336950574,True
4251,4251,2133,0,sty+perp,2,0,0.0001100717485522206,True
4252,4252,2133,1,sty+perp,2,1,0.9913202194288726,True
4253,4253,2134,0,sty+perp,2,0,2.3969472904335524e-05,True
4254,4254,2134,1,sty+perp,2,1,0.9975336650144743,True
4255,4255,2135,0,sty+perp,2,0,0.00025159381697196544,True
4256,4256,2135,1,sty+perp,2,1,0.9979268927853392,True
4257,4257,2136,0,sty+perp,2,0,0.0022496956748036877,True
4258,4258,2136,1,sty+perp,2,1,0.9997337709332245,True
4259,4259,2137,0,sty+perp,2,0,0.0003594087942439958,True
4260,4260,2137,1,sty+perp,2,1,0.9201706987724871,True
4261,4261,2138,0,sty+perp,2,0,0.06129375664528029,True
4262,4262,2138,1,sty+perp,2,1,0.9961753046331449,True
4263,4263,2139,0,sty+perp,2,0,0.029022009450719376,True
4264,4264,2139,1,sty+perp,2,1,0.997459381866499,True
4265,4265,2140,0,sty+perp,2,0,0.02964676147723589,True
4266,4266,2140,1,sty+perp,2,1,0.9997015991548777,True
4267,4267,2141,0,sty+perp,2,0,2.876345111929964e-05,True
4268,4268,2141,1,sty+perp,2,1,0.9999673465427499,True
4269,4269,2142,0,sty+perp,2,1,0.5444403474415992,False
4270,4270,2142,1,sty+perp,2,1,0.999970536805401,True
4271,4271,2143,0,sty+perp,2,0,0.00700040156540528,True
4272,4272,2143,1,sty+perp,2,1,0.9995402173012231,True
4273,4273,2144,0,sty+perp,2,0,4.2387129821776524e-05,True
4274,4274,2144,1,sty+perp,2,1,0.9990341923103598,True
4275,4275,2145,0,sty+perp,2,0,0.00030871460993870997,True
4276,4276,2145,1,sty+perp,2,1,0.9990013467896908,True
4277,4277,2146,0,sty+perp,2,1,0.7573109793312591,False
4278,4278,2146,1,sty+perp,2,1,0.999301678284888,True
4279,4279,2147,0,sty+perp,2,0,2.618500023504914e-05,True
4280,4280,2147,1,sty+perp,2,1,0.9994896909589362,True
4281,4281,2148,0,sty+perp,2,0,0.0015826419717475926,True
4282,4282,2148,1,sty+perp,2,1,0.9996927478653835,True
4283,4283,2149,0,sty+perp,2,0,0.2304182684445909,True
4284,4284,2149,1,sty+perp,2,1,0.9999349454982067,True
4285,4285,2150,0,sty+perp,2,0,0.00013391007858941525,True
4286,4286,2150,1,sty+perp,2,1,0.999344583431678,True
4287,4287,2151,0,sty+perp,2,0,0.0024717242873216355,True
4288,4288,2151,1,sty+perp,2,1,0.9999509756750586,True
4289,4289,2152,0,sty+perp,2,0,0.00021761351413995545,True
4290,4290,2152,1,sty+perp,2,1,0.992747441931862,True
4291,4291,2153,0,sty+perp,2,0,0.27344656874705925,True
4292,4292,2153,1,sty+perp,2,1,0.9998331491723148,True
4293,4293,2154,0,sty+perp,2,0,9.83449215837799e-05,True
4294,4294,2154,1,sty+perp,2,1,0.9995915520236821,True
4295,4295,2155,0,sty+perp,2,0,0.14551975239893442,True
4296,4296,2155,1,sty+perp,2,1,0.9996481142432979,True
4297,4297,2156,0,sty+perp,2,0,0.003606112915315994,True
4298,4298,2156,1,sty+perp,2,1,0.9838903814761876,True
4299,4299,2157,0,sty+perp,2,0,0.3453763652176228,True
4300,4300,2157,1,sty+perp,2,1,0.9995262287742246,True
4301,4301,2158,0,sty+perp,2,0,0.0002711508429785026,True
4302,4302,2158,1,sty+perp,2,1,0.9999664991031173,True
4303,4303,2159,0,sty+perp,2,0,0.00011860171604810742,True
4304,4304,2159,1,sty+perp,2,1,0.9942072381881207,True
4305,4305,2160,0,sty+perp,2,0,0.0034773674452550094,True
4306,4306,2160,1,sty+perp,2,1,0.9999225455123211,True
4307,4307,2161,0,sty+perp,2,0,0.0008779813735800955,True
4308,4308,2161,1,sty+perp,2,1,0.999990398003289,True
4309,4309,2162,0,sty+perp,2,0,0.014169710677618682,True
4310,4310,2162,1,sty+perp,2,1,0.9996562596894782,True
4311,4311,2163,0,sty+perp,2,0,0.00020826942758279832,True
4312,4312,2163,1,sty+perp,2,1,0.9998217208510936,True
4313,4313,2164,0,sty+perp,2,0,0.0007674142967726087,True
4314,4314,2164,1,sty+perp,2,1,0.9789935491275481,True
4315,4315,2165,0,sty+perp,2,0,0.00025615248479766707,True
4316,4316,2165,1,sty+perp,2,1,0.9998485177534764,True
4317,4317,2166,0,sty+perp,2,0,0.10462744160395354,True
4318,4318,2166,1,sty+perp,2,1,0.9999900574396635,True
4319,4319,2167,0,sty+perp,2,0,0.0034555866256959595,True
4320,4320,2167,1,sty+perp,2,1,0.9997915464301089,True
4321,4321,2168,0,sty+perp,2,0,0.0009134015174587696,True
4322,4322,2168,1,sty+perp,2,1,0.9734829427815338,True
4323,4323,2169,0,sty+perp,2,0,2.1323858453498166e-05,True
4324,4324,2169,1,sty+perp,2,1,0.9996778208294761,True
4325,4325,2170,0,sty+perp,2,0,4.538119638884123e-05,True
4326,4326,2170,1,sty+perp,2,1,0.9997827845703633,True
4327,4327,2171,0,sty+perp,2,0,0.04625684365487367,True
4328,4328,2171,1,sty+perp,2,1,0.9999897431249893,True
4329,4329,2172,0,sty+perp,2,0,0.00022646977416044105,True
4330,4330,2172,1,sty+perp,2,1,0.9998761084075373,True
4331,4331,2173,0,sty+perp,2,0,0.0003270079314535608,True
4332,4332,2173,1,sty+perp,2,1,0.9155622928071682,True
4333,4333,2174,0,sty+perp,2,0,0.028818428394032647,True
4334,4334,2174,1,sty+perp,2,1,0.99994475800368,True
4335,4335,2175,0,sty+perp,2,0,0.00035254308237885366,True
4336,4336,2175,1,sty+perp,2,1,0.9999448902084452,True
4337,4337,2176,0,sty+perp,2,0,0.008341229458082786,True
4338,4338,2176,1,sty+perp,2,1,0.9982625826899972,True
4339,4339,2177,0,sty+perp,2,0,0.0024877453794409457,True
4340,4340,2177,1,sty+perp,2,1,0.9833713767548229,True
4341,4341,2178,0,sty+perp,2,0,0.0004566480346371494,True
4342,4342,2178,1,sty+perp,2,1,0.9998712534532542,True
4343,4343,2179,0,sty+perp,2,0,0.010240412850558458,True
4344,4344,2179,1,sty+perp,2,1,0.9999661599792891,True
4345,4345,2180,0,sty+perp,2,0,0.044128586363654354,True
4346,4346,2180,1,sty+perp,2,1,0.9995056241163469,True
4347,4347,2181,0,sty+perp,2,0,0.07656335541277112,True
4348,4348,2181,1,sty+perp,2,1,0.9995647706136994,True
4349,4349,2182,0,sty+perp,2,1,0.8891853055877423,False
4350,4350,2182,1,sty+perp,2,1,0.9978143123392123,True
4351,4351,2183,0,sty+perp,2,0,0.10317320279353166,True
4352,4352,2183,1,sty+perp,2,1,0.9998654509659831,True
4353,4353,2184,0,sty+perp,2,0,0.0025978316024109077,True
4354,4354,2184,1,sty+perp,2,1,0.9999788089274574,True
4355,4355,2185,0,sty+perp,2,0,0.00016812231736008083,True
4356,4356,2185,1,sty+perp,2,1,0.9924070348554045,True
4357,4357,2186,0,sty+perp,2,0,2.7934157993983596e-06,True
4358,4358,2186,1,sty+perp,2,0,0.10393545982219307,False
4359,4359,2187,0,sty+perp,2,0,3.64139366761109e-05,True
4360,4360,2187,1,sty+perp,2,1,0.9998988863485596,True
4361,4361,2188,0,sty+perp,2,0,0.000725693132441583,True
4362,4362,2188,1,sty+perp,2,1,0.9978414139208035,True
4363,4363,2189,0,sty+perp,2,0,0.004640718571566513,True
4364,4364,2189,1,sty+perp,2,1,0.9963438870742245,True
4365,4365,2190,0,sty+perp,2,0,0.005407255432422358,True
4366,4366,2190,1,sty+perp,2,1,0.9982726987832152,True
4367,4367,2191,0,sty+perp,2,0,0.0007882062928217121,True
4368,4368,2191,1,sty+perp,2,1,0.9976219794001753,True
4369,4369,2192,0,sty+perp,2,0,0.0030399976047755734,True
4370,4370,2192,1,sty+perp,2,1,0.9999842371967351,True
4371,4371,2193,0,sty+perp,2,0,0.04544690318407926,True
4372,4372,2193,1,sty+perp,2,1,0.997922670300386,True
4373,4373,2194,1,sty+perp,2,1,0.6723954864498571,True
4374,4374,2195,0,sty+perp,2,0,0.0005070165343785871,True
4375,4375,2195,1,sty+perp,2,0,0.4376132853185113,False
4376,4376,2196,0,sty+perp,2,0,0.000743418064181833,True
4377,4377,2196,1,sty+perp,2,1,0.9998270095936124,True
4378,4378,2197,0,sty+perp,2,0,7.422855381933281e-05,True
4379,4379,2197,1,sty+perp,2,1,0.9990116622923403,True
4380,4380,2198,0,sty+perp,2,0,0.0022379712803128242,True
4381,4381,2198,1,sty+perp,2,1,0.890941143393782,True
4382,4382,2199,0,sty+perp,2,0,0.010023055051822102,True
4383,4383,2199,1,sty+perp,2,1,0.9999696051646287,True
4384,4384,2200,0,sty+perp,2,0,0.0012448650082063563,True
4385,4385,2200,1,sty+perp,2,1,0.9999526530633208,True
4386,4386,2201,0,sty+perp,2,0,0.0013869444452642786,True
4387,4387,2201,1,sty+perp,2,1,0.9999555940150238,True
4388,4388,2202,0,sty+perp,2,0,0.0005232064089002032,True
4389,4389,2202,1,sty+perp,2,1,0.999984947898471,True
4390,4390,2203,0,sty+perp,2,0,0.00042983272854992205,True
4391,4391,2203,1,sty+perp,2,1,0.9982388697046127,True
4392,4392,2204,0,sty+perp,2,0,0.002195781493307732,True
4393,4393,2204,1,sty+perp,2,1,0.9958515689664149,True
4394,4394,2205,0,sty+perp,2,0,3.4930044364018575e-05,True
4395,4395,2205,1,sty+perp,2,1,0.9999833100555874,True
4396,4396,2206,0,sty+perp,2,0,5.35815264351513e-05,True
4397,4397,2206,1,sty+perp,2,1,0.986139880547629,True
4398,4398,2207,0,sty+perp,2,0,0.06850315902815542,True
4399,4399,2207,1,sty+perp,2,1,0.9995548955709751,True
4400,4400,2208,0,sty+perp,2,0,0.0001882833788314955,True
4401,4401,2208,1,sty+perp,2,1,0.9999471874057104,True
4402,4402,2209,0,sty+perp,2,0,9.145384681022424e-05,True
4403,4403,2209,1,sty+perp,2,1,0.9864433737379126,True
4404,4404,2210,0,sty+perp,2,0,0.003432458857572365,True
4405,4405,2210,1,sty+perp,2,1,0.9988569041319767,True
4406,4406,2211,0,sty+perp,2,0,0.00028081804099240344,True
4407,4407,2211,1,sty+perp,2,1,0.9941950568056646,True
4408,4408,2212,0,sty+perp,2,0,0.030113673104004122,True
4409,4409,2212,1,sty+perp,2,1,0.999452891456991,True
4410,4410,2213,0,sty+perp,2,0,0.0002939923186622897,True
4411,4411,2213,1,sty+perp,2,1,0.9999624573951447,True
4412,4412,2214,0,sty+perp,2,0,0.0013418692115053565,True
4413,4413,2214,1,sty+perp,2,1,0.9999351345781227,True
4414,4414,2215,0,sty+perp,2,0,0.27570041543997487,True
4415,4415,2215,1,sty+perp,2,1,0.9995437197986866,True
4416,4416,2216,0,sty+perp,2,0,0.00014159329297454005,True
4417,4417,2216,1,sty+perp,2,1,0.9996505151141218,True
4418,4418,2217,0,sty+perp,2,0,1.4357381202280616e-05,True
4419,4419,2217,1,sty+perp,2,1,0.9999822041349524,True
4420,4420,2218,0,sty+perp,2,0,0.0001349207744187265,True
4421,4421,2218,1,sty+perp,2,1,0.9990061312721922,True
4422,4422,2219,0,sty+perp,2,0,0.002046281616247403,True
4423,4423,2219,1,sty+perp,2,1,0.9970290993206598,True
4424,4424,2220,0,sty+perp,2,0,0.0003741022023495557,True
4425,4425,2220,1,sty+perp,2,1,0.9995493038712696,True
4426,4426,2221,0,sty+perp,2,0,0.006567401251860087,True
4427,4427,2221,1,sty+perp,2,1,0.9981644714418573,True
4428,4428,2222,0,sty+perp,2,0,7.053582729635921e-05,True
4429,4429,2222,1,sty+perp,2,1,0.9961690289451899,True
4430,4430,2223,0,sty+perp,2,0,0.005358477321972136,True
4431,4431,2223,1,sty+perp,2,1,0.9995246134516641,True
4432,4432,2224,0,sty+perp,2,0,0.002658241004408553,True
4433,4433,2224,1,sty+perp,2,1,0.9985713651535328,True
4434,4434,2225,0,sty+perp,2,0,0.014087277401778363,True
4435,4435,2225,1,sty+perp,2,1,0.9999528370740841,True
4436,4436,2226,0,sty+perp,2,0,0.104108783442368,True
4437,4437,2226,1,sty+perp,2,1,0.9999709388223925,True
4438,4438,2227,0,sty+perp,2,0,1.0451074998173687e-05,True
4439,4439,2227,1,sty+perp,2,1,0.99857305142733,True
4440,4440,2228,0,sty+perp,2,0,0.0002525789829733083,True
4441,4441,2228,1,sty+perp,2,1,0.9997308571289744,True
4442,4442,2229,0,sty+perp,2,0,0.00026394117680633825,True
4443,4443,2229,1,sty+perp,2,1,0.999878961319742,True
4444,4444,2230,0,sty+perp,2,0,0.0028245096953646767,True
4445,4445,2230,1,sty+perp,2,1,0.9968074112780395,True
4446,4446,2231,0,sty+perp,2,0,0.054916792016130374,True
4447,4447,2231,1,sty+perp,2,0,0.17571222141323373,False
4448,4448,2232,0,sty+perp,2,0,7.7134670685414e-06,True
4449,4449,2232,1,sty+perp,2,0,0.010619911283729577,False
4450,4450,2233,0,sty+perp,2,0,0.04574686649879628,True
4451,4451,2233,1,sty+perp,2,0,0.04198840664623422,False
4452,4452,2234,0,sty+perp,2,0,0.0010975956245640045,True
4453,4453,2234,1,sty+perp,2,1,0.9999475459690405,True
4454,4454,2235,0,sty+perp,2,0,0.001619081401463933,True
4455,4455,2235,1,sty+perp,2,1,0.9987614432658143,True
4456,4456,2236,0,sty+perp,2,0,0.056720138047955414,True
4457,4457,2236,1,sty+perp,2,1,0.9997277140438824,True
4458,4458,2237,0,sty+perp,2,0,0.0001188139365652902,True
4459,4459,2237,1,sty+perp,2,1,0.999951205620998,True
4460,4460,2238,0,sty+perp,2,0,0.00030238322121676803,True
4461,4461,2238,1,sty+perp,2,1,0.9945221182377386,True
4462,4462,2239,0,sty+perp,2,0,7.650149280367088e-05,True
4463,4463,2239,1,sty+perp,2,1,0.9996070228562194,True
4464,4464,2240,0,sty+perp,2,0,0.001884598141084614,True
4465,4465,2240,1,sty+perp,2,1,0.9999422401505766,True
4466,4466,2241,0,sty+perp,2,0,0.00033555148231489295,True
4467,4467,2241,1,sty+perp,2,1,0.9968023152603939,True
4468,4468,2242,0,sty+perp,2,0,0.15373446737028754,True
4469,4469,2242,1,sty+perp,2,1,0.9725381283921481,True
4470,4470,2243,0,sty+perp,2,0,0.00011863918165825382,True
4471,4471,2243,1,sty+perp,2,1,0.8125481883354783,True
4472,4472,2244,0,sty+perp,2,0,0.004480830233102289,True
4473,4473,2244,1,sty+perp,2,1,0.9977783201110799,True
4474,4474,2245,0,sty+perp,2,0,3.9040463956661046e-05,True
4475,4475,2245,1,sty+perp,2,1,0.9999535946786817,True
4476,4476,2246,0,sty+perp,2,0,0.000975039784020216,True
4477,4477,2246,1,sty+perp,2,1,0.9999107376472688,True
4478,4478,2247,0,sty+perp,2,0,0.0002562944978989817,True
4479,4479,2247,1,sty+perp,2,1,0.9999373856457198,True
4480,4480,2248,0,sty+perp,2,0,5.374154247042641e-06,True
4481,4481,2248,1,sty+perp,2,1,0.9888355052457799,True
4482,4482,2249,0,sty+perp,2,0,5.3585729818458674e-05,True
4483,4483,2249,1,sty+perp,2,1,0.999076420094008,True
4484,4484,2250,0,sty+perp,2,0,0.001112504965574279,True
4485,4485,2250,1,sty+perp,2,1,0.9998435995751223,True
4486,4486,2251,0,sty+perp,2,0,0.0023569813095501765,True
4487,4487,2251,1,sty+perp,2,1,0.9999442275611635,True
4488,4488,2252,0,sty+perp,2,0,0.008550304597751952,True
4489,4489,2252,1,sty+perp,2,1,0.9999671855695413,True
4490,4490,2253,0,sty+perp,2,0,0.0454793852890554,True
4491,4491,2253,1,sty+perp,2,1,0.9844072275242476,True
4492,4492,2254,0,sty+perp,2,0,0.0004927956021418105,True
4493,4493,2254,1,sty+perp,2,1,0.9981325240005581,True
4494,4494,2255,0,sty+perp,2,0,0.004053496809207267,True
4495,4495,2255,1,sty+perp,2,1,0.9987711910307063,True
4496,4496,2256,0,sty+perp,2,0,0.0034756774151795157,True
4497,4497,2256,1,sty+perp,2,1,0.9995467878272603,True
4498,4498,2257,0,sty+perp,2,0,2.7696990548685858e-05,True
4499,4499,2257,1,sty+perp,2,1,0.9945525021677918,True
4500,4500,2258,0,sty+perp,2,0,4.236366036971824e-05,True
4501,4501,2258,1,sty+perp,2,1,0.9999167718276143,True
4502,4502,2259,0,sty+perp,2,0,0.0008670125461282696,True
4503,4503,2259,1,sty+perp,2,1,0.9996474825734664,True
4504,4504,2260,0,sty+perp,2,0,0.00017993819252790858,True
4505,4505,2260,1,sty+perp,2,1,0.8327808319561936,True
4506,4506,2261,0,sty+perp,2,0,0.08136534408051634,True
4507,4507,2261,1,sty+perp,2,1,0.9995988345217154,True
4508,4508,2262,0,sty+perp,2,0,0.0012515341492351575,True
4509,4509,2262,1,sty+perp,2,1,0.9999023816278666,True
4510,4510,2263,0,sty+perp,2,0,7.1895703587447054e-06,True
4511,4511,2263,1,sty+perp,2,1,0.9913469572596939,True
4512,4512,2264,0,sty+perp,2,0,0.0014882529924392025,True
4513,4513,2264,1,sty+perp,2,0,0.023457190543255846,False
4514,4514,2265,0,sty+perp,2,0,3.3280842534436485e-05,True
4515,4515,2265,1,sty+perp,2,1,0.9963602626668933,True
4516,4516,2266,0,sty+perp,2,0,0.02669327964514162,True
4517,4517,2266,1,sty+perp,2,1,0.9998666469770847,True
4518,4518,2267,0,sty+perp,2,0,0.0075986819842775305,True
4519,4519,2267,1,sty+perp,2,1,0.9997420782715648,True
4520,4520,2268,0,sty+perp,2,0,0.00609928479388279,True
4521,4521,2268,1,sty+perp,2,1,0.9966713426812882,True
4522,4522,2269,0,sty+perp,2,0,0.0029968602847473265,True
4523,4523,2269,1,sty+perp,2,1,0.9999385891711077,True
4524,4524,2270,0,sty+perp,2,0,0.0029130809939556562,True
4525,4525,2270,1,sty+perp,2,1,0.9999728581598196,True
4526,4526,2271,0,sty+perp,2,0,0.00036767121386779774,True
4527,4527,2271,1,sty+perp,2,1,0.9951893524795116,True
4528,4528,2272,0,sty+perp,2,0,7.695986812424495e-05,True
4529,4529,2272,1,sty+perp,2,1,0.9996078756462773,True
4530,4530,2273,0,sty+perp,2,0,4.834073807581626e-06,True
4531,4531,2273,1,sty+perp,2,1,0.9999707814820514,True
4532,4532,2274,0,sty+perp,2,0,2.3150620824780697e-05,True
4533,4533,2274,1,sty+perp,2,1,0.9986126633684221,True
4534,4534,2275,0,sty+perp,2,0,0.013176068673846322,True
4535,4535,2275,1,sty+perp,2,1,0.9999560326055675,True
4536,4536,2276,0,sty+perp,2,0,0.0011411302444373555,True
4537,4537,2276,1,sty+perp,2,1,0.9524099674525434,True
4538,4538,2277,0,sty+perp,2,0,2.5991831784277336e-05,True
4539,4539,2277,1,sty+perp,2,1,0.9922442172291138,True
4540,4540,2278,0,sty+perp,2,0,0.12474678074270348,True
4541,4541,2278,1,sty+perp,2,1,0.9998618732488883,True
4542,4542,2279,0,sty+perp,2,0,0.008786041803078012,True
4543,4543,2279,1,sty+perp,2,1,0.9984085812860017,True
4544,4544,2280,0,sty+perp,2,0,4.830337179133175e-05,True
4545,4545,2280,1,sty+perp,2,1,0.9994163241130077,True
4546,4546,2281,0,sty+perp,2,0,3.944968328026013e-05,True
4547,4547,2281,1,sty+perp,2,1,0.9484400610410026,True
4548,4548,2282,0,sty+perp,2,0,0.007025231104208292,True
4549,4549,2282,1,sty+perp,2,1,0.9999695478547844,True
4550,4550,2283,0,sty+perp,2,0,1.107000597689224e-05,True
4551,4551,2283,1,sty+perp,2,1,0.9993444466993292,True
4552,4552,2284,0,sty+perp,2,0,0.00041414940251716093,True
4553,4553,2284,1,sty+perp,2,1,0.9997716172849858,True
4554,4554,2285,0,sty+perp,2,0,0.2931640725695905,True
4555,4555,2285,1,sty+perp,2,1,0.9999376013313193,True
4556,4556,2286,0,sty+perp,2,0,3.1760264645920874e-05,True
4557,4557,2286,1,sty+perp,2,1,0.9998391458886371,True
4558,4558,2287,0,sty+perp,2,0,0.0006075492313023856,True
4559,4559,2287,1,sty+perp,2,1,0.999921144460552,True
4560,4560,2288,0,sty+perp,2,0,0.007854963317499644,True
4561,4561,2288,1,sty+perp,2,1,0.99642440390958,True
4562,4562,2289,0,sty+perp,2,0,0.0011843681868395563,True
4563,4563,2289,1,sty+perp,2,1,0.9786713956110021,True
4564,4564,2290,0,sty+perp,2,0,0.06095362001883562,True
4565,4565,2290,1,sty+perp,2,1,0.999617046086143,True
4566,4566,2291,0,sty+perp,2,0,0.0031360547884902892,True
4567,4567,2291,1,sty+perp,2,1,0.9978133382733342,True
4568,4568,2292,0,sty+perp,2,0,0.0006189825983265122,True
4569,4569,2292,1,sty+perp,2,1,0.9792661966724313,True
4570,4570,2293,0,sty+perp,2,0,7.674429710947456e-05,True
4571,4571,2293,1,sty+perp,2,1,0.9997561239627517,True
4572,4572,2294,0,sty+perp,2,0,0.009745492669133998,True
4573,4573,2294,1,sty+perp,2,1,0.9933307208540524,True
4574,4574,2295,0,sty+perp,2,0,3.0163331031823808e-05,True
4575,4575,2295,1,sty+perp,2,1,0.9991565962393844,True
4576,4576,2296,0,sty+perp,2,0,0.15623778556176385,True
4577,4577,2296,1,sty+perp,2,1,0.9999755618811283,True
4578,4578,2297,0,sty+perp,2,0,0.16475520558303258,True
4579,4579,2297,1,sty+perp,2,1,0.9998165546617069,True
4580,4580,2298,0,sty+perp,2,0,3.9052108711425975e-05,True
4581,4581,2298,1,sty+perp,2,1,0.920450741367058,True
4582,4582,2299,0,sty+perp,2,0,0.0005532928360281674,True
4583,4583,2299,1,sty+perp,2,1,0.999983249406486,True
4584,4584,2300,0,sty+perp,2,0,0.0014764070171962038,True
4585,4585,2300,1,sty+perp,2,1,0.9999420759110731,True
4586,4586,2301,0,sty+perp,2,0,0.002753206624240958,True
4587,4587,2301,1,sty+perp,2,1,0.9998105382638849,True
4588,4588,2302,0,sty+perp,2,0,0.0017318342853378098,True
4589,4589,2302,1,sty+perp,2,1,0.9989185895116034,True
4590,4590,2303,0,sty+perp,2,0,6.73827630901813e-05,True
4591,4591,2303,1,sty+perp,2,1,0.9999634175895371,True
4592,4592,2304,0,sty+perp,2,0,0.00044500348424127346,True
4593,4593,2304,1,sty+perp,2,1,0.9975292075525516,True
4594,4594,2305,0,sty+perp,2,0,0.0025712315854047574,True
4595,4595,2305,1,sty+perp,2,1,0.9999204280570356,True
4596,4596,2306,0,sty+perp,2,0,0.011748166261729467,True
4597,4597,2306,1,sty+perp,2,1,0.9997940040076712,True
4598,4598,2307,0,sty+perp,2,0,0.0011839200409762848,True
4599,4599,2307,1,sty+perp,2,1,0.9997568226469465,True
4600,4600,2308,0,sty+perp,2,0,3.1171730687779766e-06,True
4601,4601,2308,1,sty+perp,2,1,0.9935987757386306,True
4602,4602,2309,0,sty+perp,2,0,0.009807408640520373,True
4603,4603,2309,1,sty+perp,2,1,0.9996998802983638,True
4604,4604,2310,0,sty+perp,2,0,0.0003632867826997219,True
4605,4605,2310,1,sty+perp,2,1,0.9913217379494663,True
4606,4606,2311,0,sty+perp,2,0,0.00014919649949864648,True
4607,4607,2311,1,sty+perp,2,1,0.9999480121153682,True
4608,4608,2312,0,sty+perp,2,0,0.00038889993879518374,True
4609,4609,2312,1,sty+perp,2,1,0.982196798470226,True
4610,4610,2313,0,sty+perp,2,0,0.0026660516909057033,True
4611,4611,2313,1,sty+perp,2,1,0.9982642785296844,True
4612,4612,2314,0,sty+perp,2,0,8.835784586607202e-05,True
4613,4613,2314,1,sty+perp,2,1,0.7751435629296861,True
4614,4614,2315,0,sty+perp,2,0,8.488960439504719e-05,True
4615,4615,2315,1,sty+perp,2,1,0.6747657415421461,True
4616,4616,2316,0,sty+perp,2,0,0.023150242892039333,True
4617,4617,2316,1,sty+perp,2,1,0.9999671204816081,True
4618,4618,2317,0,sty+perp,2,0,9.613671335637608e-06,True
4619,4619,2317,1,sty+perp,2,1,0.9994544308112726,True
4620,4620,2318,0,sty+perp,2,0,0.05025256444012979,True
4621,4621,2318,1,sty+perp,2,1,0.8284674338362813,True
4622,4622,2319,0,sty+perp,2,0,5.5208105857375475e-06,True
4623,4623,2319,1,sty+perp,2,1,0.9933422726540004,True
4624,4624,2320,0,sty+perp,2,0,0.00014825897384532268,True
4625,4625,2320,1,sty+perp,2,0,0.3539147361736713,False
4626,4626,2321,0,sty+perp,2,0,0.01172237260346647,True
4627,4627,2321,1,sty+perp,2,1,0.9998905103979329,True
4628,4628,2322,0,sty+perp,2,0,0.0002662051244699875,True
4629,4629,2322,1,sty+perp,2,1,0.9998964486614271,True
4630,4630,2323,0,sty+perp,2,0,0.002286645046896806,True
4631,4631,2323,1,sty+perp,2,1,0.9999056283083264,True
4632,4632,2324,0,sty+perp,2,0,0.00010635789626650529,True
4633,4633,2324,1,sty+perp,2,1,0.9999816907784599,True
4634,4634,2325,0,sty+perp,2,0,0.002459694807993886,True
4635,4635,2325,1,sty+perp,2,1,0.9999430482268258,True
4636,4636,2326,0,sty+perp,2,0,2.2278353333197183e-05,True
4637,4637,2326,1,sty+perp,2,1,0.9997456129108874,True
4638,4638,2327,0,sty+perp,2,0,1.6075982760726908e-05,True
4639,4639,2327,1,sty+perp,2,1,0.9952282974059863,True
4640,4640,2328,0,sty+perp,2,0,0.04307574967421642,True
4641,4641,2328,1,sty+perp,2,1,0.9998394867972317,True
4642,4642,2329,0,sty+perp,2,0,0.07541543347728631,True
4643,4643,2329,1,sty+perp,2,1,0.9998429993327262,True
4644,4644,2330,0,sty+perp,2,0,0.0004089956870059926,True
4645,4645,2330,1,sty+perp,2,1,0.9999677194249929,True
4646,4646,2331,0,sty+perp,2,0,0.006905380854196387,True
4647,4647,2331,1,sty+perp,2,1,0.9997970771327996,True
4648,4648,2332,0,sty+perp,2,0,0.000909027381088113,True
4649,4649,2332,1,sty+perp,2,1,0.9996620645175048,True
4650,4650,2333,0,sty+perp,2,0,0.03285147324613814,True
4651,4651,2333,1,sty+perp,2,1,0.9999489292936169,True
4652,4652,2334,0,sty+perp,2,0,0.043325191554954144,True
4653,4653,2334,1,sty+perp,2,1,0.9445647968848198,True
4654,4654,2335,0,sty+perp,2,0,0.017291107022363365,True
4655,4655,2335,1,sty+perp,2,1,0.9998685367559339,True
4656,4656,2336,0,sty+perp,2,0,3.721482640146807e-05,True
4657,4657,2336,1,sty+perp,2,1,0.9939924388659215,True
4658,4658,2337,0,sty+perp,2,0,0.0014351715677638985,True
4659,4659,2337,1,sty+perp,2,1,0.9998122472982394,True
4660,4660,2338,0,sty+perp,2,0,0.0001999886791216314,True
4661,4661,2338,1,sty+perp,2,1,0.9915721045243258,True
4662,4662,2339,0,sty+perp,2,0,0.00034423277018305284,True
4663,4663,2339,1,sty+perp,2,1,0.99989270701093,True
4664,4664,2340,0,sty+perp,2,0,1.20979268826619e-05,True
4665,4665,2340,1,sty+perp,2,1,0.9934068829199855,True
4666,4666,2341,0,sty+perp,2,0,0.009018100328417565,True
4667,4667,2341,1,sty+perp,2,1,0.9997444903170826,True
4668,4668,2342,0,sty+perp,2,0,0.44878186464130254,True
4669,4669,2342,1,sty+perp,2,1,0.9997824495125367,True
4670,4670,2343,0,sty+perp,2,0,4.927225460036369e-06,True
4671,4671,2343,1,sty+perp,2,1,0.9493405114661395,True
4672,4672,2344,0,sty+perp,2,0,0.0016793532103995912,True
4673,4673,2344,1,sty+perp,2,1,0.9999686527983868,True
4674,4674,2345,0,sty+perp,2,0,0.00402593389342223,True
4675,4675,2345,1,sty+perp,2,1,0.9999197760383137,True
4676,4676,2346,0,sty+perp,2,0,0.007213869989311402,True
4677,4677,2346,1,sty+perp,2,1,0.9987654418862246,True
4678,4678,2347,0,sty+perp,2,0,3.5225270420523032e-06,True
4679,4679,2347,1,sty+perp,2,1,0.9582591322685508,True
4680,4680,2348,0,sty+perp,2,0,0.00038568975654149746,True
4681,4681,2348,1,sty+perp,2,1,0.9966444552033774,True
4682,4682,2349,0,sty+perp,2,0,2.4768810643730095e-05,True
4683,4683,2349,1,sty+perp,2,1,0.9987148236806018,True
4684,4684,2350,0,sty+perp,2,0,0.0021209716791299026,True
4685,4685,2350,1,sty+perp,2,1,0.9997086976198764,True
4686,4686,2351,0,sty+perp,2,1,0.9570174285799808,False
4687,4687,2351,1,sty+perp,2,1,0.9998504365598299,True
4688,4688,2352,0,sty+perp,2,0,0.0001709708201119366,True
4689,4689,2352,1,sty+perp,2,1,0.8341726786597156,True
4690,4690,2353,0,sty+perp,2,0,2.695947244851693e-06,True
4691,4691,2353,1,sty+perp,2,1,0.9991063204108868,True
4692,4692,2354,0,sty+perp,2,0,1.5020189011444972e-05,True
4693,4693,2354,1,sty+perp,2,1,0.9941707672483275,True
4694,4694,2355,0,sty+perp,2,0,0.004335042716516953,True
4695,4695,2355,1,sty+perp,2,1,0.989448417497805,True
4696,4696,2356,0,sty+perp,2,0,0.0018938434530484309,True
4697,4697,2356,1,sty+perp,2,1,0.9988184345519319,True
4698,4698,2357,0,sty+perp,2,0,0.03536422266310004,True
4699,4699,2357,1,sty+perp,2,1,0.9997456534772113,True
4700,4700,2358,0,sty+perp,2,0,0.002688072729601612,True
4701,4701,2358,1,sty+perp,2,1,0.9998378280719843,True
4702,4702,2359,0,sty+perp,2,0,4.437014142497568e-05,True
4703,4703,2359,1,sty+perp,2,1,0.9998360822742213,True
4704,4704,2360,0,sty+perp,2,0,0.15280043544947108,True
4705,4705,2360,1,sty+perp,2,1,0.6779440678920863,True
4706,4706,2361,0,sty+perp,2,0,0.00017953401696115418,True
4707,4707,2361,1,sty+perp,2,1,0.8994790256730196,True
4708,4708,2362,0,sty+perp,2,0,0.014599435924773385,True
4709,4709,2362,1,sty+perp,2,1,0.9997144589145428,True
4710,4710,2363,0,sty+perp,2,1,0.6241269171441547,False
4711,4711,2363,1,sty+perp,2,1,0.9955425312517887,True
4712,4712,2364,0,sty+perp,2,0,0.08324022167961156,True
4713,4713,2364,1,sty+perp,2,1,0.9992971227567061,True
4714,4714,2365,0,sty+perp,2,0,0.038954515842699385,True
4715,4715,2365,1,sty+perp,2,1,0.9999746270014284,True
4716,4716,2366,0,sty+perp,2,0,0.07670866531085195,True
4717,4717,2366,1,sty+perp,2,1,0.9978033647510134,True
4718,4718,2367,0,sty+perp,2,0,0.0006616484356067911,True
4719,4719,2367,1,sty+perp,2,1,0.9221090675443834,True
4720,4720,2368,0,sty+perp,2,0,0.0002755299081608183,True
4721,4721,2368,1,sty+perp,2,1,0.9999196236471437,True
4722,4722,2369,0,sty+perp,2,0,0.001968121230051255,True
4723,4723,2369,1,sty+perp,2,1,0.9936670806191669,True
4724,4724,2370,0,sty+perp,2,0,0.006792369757870959,True
4725,4725,2370,1,sty+perp,2,1,0.9997013179961076,True
4726,4726,2371,0,sty+perp,2,0,0.01566087303165017,True
4727,4727,2371,1,sty+perp,2,1,0.999952483629523,True
4728,4728,2372,0,sty+perp,2,0,0.0007193350934403172,True
4729,4729,2372,1,sty+perp,2,1,0.9901379364012654,True
4730,4730,2373,0,sty+perp,2,0,0.0002229904546038151,True
4731,4731,2373,1,sty+perp,2,1,0.9957632042578177,True
4732,4732,2374,0,sty+perp,2,0,5.3502862414214956e-05,True
4733,4733,2374,1,sty+perp,2,1,0.9818129933394274,True
4734,4734,2375,0,sty+perp,2,0,9.204386144987759e-06,True
4735,4735,2375,1,sty+perp,2,1,0.942837126562961,True
4736,4736,2376,0,sty+perp,2,1,0.5644662543449499,False
4737,4737,2376,1,sty+perp,2,1,0.9998836581743888,True
4738,4738,2377,0,sty+perp,2,0,0.0033822798006074824,True
4739,4739,2377,1,sty+perp,2,1,0.9999695860575502,True
4740,4740,2378,0,sty+perp,2,0,0.0007622685507084796,True
4741,4741,2378,1,sty+perp,2,1,0.9979247608726751,True
4742,4742,2379,0,sty+perp,2,1,0.6941323778779076,False
4743,4743,2379,1,sty+perp,2,1,0.9997912962925332,True
4744,4744,2380,0,sty+perp,2,0,0.007324920202138383,True
4745,4745,2380,1,sty+perp,2,1,0.9999649467749837,True
4746,4746,2381,0,sty+perp,2,0,7.037889689138677e-06,True
4747,4747,2381,1,sty+perp,2,1,0.9971933940255882,True
4748,4748,2382,0,sty+perp,2,0,0.005289314441330837,True
4749,4749,2382,1,sty+perp,2,1,0.9998142394646712,True
4750,4750,2383,0,sty+perp,2,0,4.0037790255508645e-05,True
4751,4751,2383,1,sty+perp,2,1,0.9995451266630667,True
4752,4752,2384,0,sty+perp,2,0,0.0006905405293154821,True
4753,4753,2384,1,sty+perp,2,1,0.9994944203958912,True
4754,4754,2385,0,sty+perp,2,0,0.00016779776927563407,True
4755,4755,2385,1,sty+perp,2,1,0.9177169748926953,True
4756,4756,2386,0,sty+perp,2,0,6.875842772680154e-05,True
4757,4757,2386,1,sty+perp,2,1,0.9974325845383696,True
4758,4758,2387,0,sty+perp,2,0,0.00019635303035973593,True
4759,4759,2387,1,sty+perp,2,1,0.9999742422601906,True
4760,4760,2388,0,sty+perp,2,0,0.003353343000161696,True
4761,4761,2388,1,sty+perp,2,0,0.016942944950924282,False
4762,4762,2389,0,sty+perp,2,0,5.946802469711454e-05,True
4763,4763,2389,1,sty+perp,2,1,0.996828108837858,True
4764,4764,2390,0,sty+perp,2,0,0.10476497475922426,True
4765,4765,2390,1,sty+perp,2,1,0.999915900955901,True
4766,4766,2391,0,sty+perp,2,1,0.5277766462628816,False
4767,4767,2391,1,sty+perp,2,1,0.999462381596905,True
4768,4768,2392,0,sty+perp,2,0,0.00014676650284509854,True
4769,4769,2392,1,sty+perp,2,1,0.9749185434035774,True
4770,4770,2393,0,sty+perp,2,0,0.0037840007159277004,True
4771,4771,2393,1,sty+perp,2,1,0.9974755955501744,True
4772,4772,2394,0,sty+perp,2,0,7.806798952366801e-05,True
4773,4773,2394,1,sty+perp,2,1,0.9997886326223426,True
4774,4774,2395,0,sty+perp,2,0,0.3070240552348483,True
4775,4775,2395,1,sty+perp,2,1,0.9891061842399046,True
4776,4776,2396,0,sty+perp,2,0,0.0022262855247144426,True
4777,4777,2396,1,sty+perp,2,1,0.9999602902540823,True
4778,4778,2397,0,sty+perp,2,0,6.596135382329378e-06,True
4779,4779,2397,1,sty+perp,2,1,0.9874738639490267,True
4780,4780,2398,0,sty+perp,2,0,4.0164501571645556e-05,True
4781,4781,2398,1,sty+perp,2,1,0.9999248936336158,True
4782,4782,2399,0,sty+perp,2,0,0.0013355431959339355,True
4783,4783,2399,1,sty+perp,2,1,0.8571375047484109,True
4784,4784,2400,0,sty+perp,2,0,0.002869784501422865,True
4785,4785,2400,1,sty+perp,2,1,0.9998606841347429,True
4786,4786,2401,0,sty+perp,2,0,0.002296579402102401,True
4787,4787,2401,1,sty+perp,2,1,0.9999563199530496,True
4788,4788,2402,0,sty+perp,2,0,0.0023853794215917294,True
4789,4789,2402,1,sty+perp,2,1,0.9998833759337354,True
4790,4790,2403,0,sty+perp,2,0,0.0005959310061120862,True
4791,4791,2403,1,sty+perp,2,1,0.999900539912207,True
4792,4792,2404,0,sty+perp,2,0,0.025328736303720262,True
4793,4793,2404,1,sty+perp,2,1,0.9997462146338141,True
4794,4794,2405,0,sty+perp,2,0,0.0016256069587076167,True
4795,4795,2405,1,sty+perp,2,1,0.9292670653780177,True
4796,4796,2406,0,sty+perp,2,0,7.729776037321508e-05,True
4797,4797,2406,1,sty+perp,2,1,0.6315212383753875,True
4798,4798,2407,0,sty+perp,2,0,0.0025493100609165816,True
4799,4799,2407,1,sty+perp,2,1,0.9999188420260955,True
4800,4800,2408,0,sty+perp,2,0,6.982018805049196e-05,True
4801,4801,2408,1,sty+perp,2,1,0.9998363343261436,True
4802,4802,2409,0,sty+perp,2,0,0.0030656164381125924,True
4803,4803,2409,1,sty+perp,2,1,0.9988212134768978,True
4804,4804,2410,0,sty+perp,2,1,0.5336150367619575,False
4805,4805,2410,1,sty+perp,2,1,0.9997339390221559,True
4806,4806,2411,0,sty+perp,2,0,0.3144521159767127,True
4807,4807,2411,1,sty+perp,2,1,0.9998745758838691,True
4808,4808,2412,0,sty+perp,2,0,3.285167407889777e-05,True
4809,4809,2412,1,sty+perp,2,1,0.97675393653826,True
4810,4810,2413,0,sty+perp,2,0,0.00012534257523476343,True
4811,4811,2413,1,sty+perp,2,1,0.9891947093015366,True
4812,4812,2414,0,sty+perp,2,0,0.00012810151906671066,True
4813,4813,2414,1,sty+perp,2,1,0.998685093049412,True
4814,4814,2415,0,sty+perp,2,0,0.0005883965698605282,True
4815,4815,2415,1,sty+perp,2,0,0.4789048416939004,False
4816,4816,2416,0,sty+perp,2,0,0.03323785559135224,True
4817,4817,2416,1,sty+perp,2,1,0.9754142916811536,True
4818,4818,2417,0,sty+perp,2,0,0.0009657893437591375,True
4819,4819,2417,1,sty+perp,2,1,0.999911146499778,True
4820,4820,2418,0,sty+perp,2,0,0.0009733021952539231,True
4821,4821,2418,1,sty+perp,2,1,0.9996701366266816,True
4822,4822,2419,0,sty+perp,2,0,0.0006982877306701453,True
4823,4823,2419,1,sty+perp,2,1,0.9952236337958207,True
4824,4824,2420,0,sty+perp,2,0,6.560584149712756e-05,True
4825,4825,2420,1,sty+perp,2,1,0.995560952006715,True
4826,4826,2421,0,sty+perp,2,0,0.009171670431755706,True
4827,4827,2421,1,sty+perp,2,1,0.9572571425146577,True
4828,4828,2422,0,sty+perp,2,0,0.0002663072160206221,True
4829,4829,2422,1,sty+perp,2,1,0.9999371187046049,True
4830,4830,2423,0,sty+perp,2,0,0.00033674694980484265,True
4831,4831,2423,1,sty+perp,2,1,0.9993663957267537,True
4832,4832,2424,0,sty+perp,2,0,0.00011582823476690413,True
4833,4833,2424,1,sty+perp,2,1,0.9904884949385677,True
4834,4834,2425,0,sty+perp,2,0,0.00014946539399041136,True
4835,4835,2425,1,sty+perp,2,1,0.8246680701629622,True
4836,4836,2426,0,sty+perp,2,0,0.0014639103445485597,True
4837,4837,2426,1,sty+perp,2,1,0.9858598948246101,True
4838,4838,2427,1,sty+perp,2,1,0.9985021200149103,True
4839,4839,2428,0,sty+perp,2,0,0.0003805100282599103,True
4840,4840,2428,1,sty+perp,2,1,0.9992573440103877,True
4841,4841,2429,0,sty+perp,2,0,0.00010425551003295597,True
4842,4842,2429,1,sty+perp,2,1,0.999915625176641,True
4843,4843,2430,0,sty+perp,2,0,0.001925833753798942,True
4844,4844,2430,1,sty+perp,2,1,0.9999445886414767,True
4845,4845,2431,0,sty+perp,2,0,0.0008848665823090374,True
4846,4846,2431,1,sty+perp,2,1,0.96266892906027,True
4847,4847,2432,0,sty+perp,2,0,0.051075051389249775,True
4848,4848,2432,1,sty+perp,2,1,0.9929896023096348,True
4849,4849,2433,0,sty+perp,2,1,0.9330613280380169,False
4850,4850,2433,1,sty+perp,2,1,0.9999503973472236,True
4851,4851,2434,0,sty+perp,2,0,1.0426488829121902e-05,True
4852,4852,2434,1,sty+perp,2,1,0.7207084405911554,True
4853,4853,2435,0,sty+perp,2,0,1.0972390534828352e-05,True
4854,4854,2435,1,sty+perp,2,1,0.9958857554425313,True
4855,4855,2436,0,sty+perp,2,0,0.00019616970383934783,True
4856,4856,2436,1,sty+perp,2,1,0.9998986890210357,True
4857,4857,2437,0,sty+perp,2,0,0.002245183891015467,True
4858,4858,2437,1,sty+perp,2,1,0.9999431447787029,True
4859,4859,2438,0,sty+perp,2,0,0.25631994358411986,True
4860,4860,2438,1,sty+perp,2,1,0.9999804573659707,True
4861,4861,2439,0,sty+perp,2,0,0.00012086431143209646,True
4862,4862,2439,1,sty+perp,2,1,0.9984253576592782,True
4863,4863,2440,0,sty+perp,2,0,0.002636165572729703,True
4864,4864,2440,1,sty+perp,2,1,0.9988085247756128,True
4865,4865,2441,0,sty+perp,2,0,0.0019880327958763594,True
4866,4866,2441,1,sty+perp,2,1,0.999886820027714,True
4867,4867,2442,0,sty+perp,2,0,5.904902085440915e-05,True
4868,4868,2442,1,sty+perp,2,1,0.9997018414795847,True
4869,4869,2443,0,sty+perp,2,0,0.0031514130354359225,True
4870,4870,2443,1,sty+perp,2,1,0.999909134817889,True
4871,4871,2444,0,sty+perp,2,0,0.004131999881404523,True
4872,4872,2444,1,sty+perp,2,1,0.9987181896893588,True
4873,4873,2445,0,sty+perp,2,0,0.022230534544147924,True
4874,4874,2445,1,sty+perp,2,1,0.9995579830139055,True
4875,4875,2446,0,sty+perp,2,0,1.264252665160574e-05,True
4876,4876,2446,1,sty+perp,2,1,0.9999761298655645,True
4877,4877,2447,0,sty+perp,2,0,0.0008196068335295318,True
4878,4878,2447,1,sty+perp,2,1,0.9995822033360652,True
4879,4879,2448,0,sty+perp,2,0,4.7231360413036874e-05,True
4880,4880,2448,1,sty+perp,2,1,0.9999632429116416,True
4881,4881,2449,0,sty+perp,2,0,0.00017838597913651488,True
4882,4882,2449,1,sty+perp,2,1,0.9996601050315786,True
4883,4883,2450,0,sty+perp,2,0,0.0002832244604250238,True
4884,4884,2450,1,sty+perp,2,1,0.998891594420467,True
4885,4885,2451,0,sty+perp,2,0,0.05547593160579934,True
4886,4886,2451,1,sty+perp,2,1,0.9999287498305034,True
4887,4887,2452,0,sty+perp,2,0,0.010875737875120764,True
4888,4888,2452,1,sty+perp,2,1,0.9998736887998856,True
4889,4889,2453,0,sty+perp,2,0,0.014834463200176527,True
4890,4890,2453,1,sty+perp,2,1,0.9997120730373426,True
4891,4891,2454,0,sty+perp,2,0,0.009670333391530225,True
4892,4892,2454,1,sty+perp,2,1,0.9999069053601165,True
4893,4893,2455,1,sty+perp,2,1,0.9675770213955464,True
4894,4894,2456,0,sty+perp,2,0,4.7560719199632634e-05,True
4895,4895,2456,1,sty+perp,2,1,0.9997955568774013,True
4896,4896,2457,0,sty+perp,2,0,0.11495669283427637,True
4897,4897,2457,1,sty+perp,2,1,0.7907075533841124,True
4898,4898,2458,0,sty+perp,2,0,6.61886253020759e-05,True
4899,4899,2458,1,sty+perp,2,1,0.99961635384578,True
4900,4900,2459,0,sty+perp,2,0,0.0015449235945789608,True
4901,4901,2459,1,sty+perp,2,1,0.9999767557361395,True
4902,4902,2460,0,sty+perp,2,0,0.026165919236492315,True
4903,4903,2460,1,sty+perp,2,1,0.9976623875322959,True
4904,4904,2461,0,sty+perp,2,0,0.03191771167396299,True
4905,4905,2461,1,sty+perp,2,1,0.9999773313351248,True
4906,4906,2462,0,sty+perp,2,0,0.001084035366711917,True
4907,4907,2462,1,sty+perp,2,1,0.9968645949677661,True
4908,4908,2463,0,sty+perp,2,0,2.3744447810815985e-05,True
4909,4909,2463,1,sty+perp,2,1,0.9421921930535291,True
4910,4910,2464,0,sty+perp,2,1,0.7910059607449472,False
4911,4911,2464,1,sty+perp,2,1,0.9999782452761383,True
4912,4912,2465,0,sty+perp,2,0,0.00043497895551558976,True
4913,4913,2465,1,sty+perp,2,1,0.9993758319410445,True
4914,4914,2466,0,sty+perp,2,0,1.0092155623446578e-05,True
4915,4915,2466,1,sty+perp,2,0,0.11671719151399251,False
4916,4916,2467,0,sty+perp,2,0,0.0014840802698188693,True
4917,4917,2467,1,sty+perp,2,1,0.9996167052456445,True
4918,4918,2468,0,sty+perp,2,0,0.0007715644489748221,True
4919,4919,2468,1,sty+perp,2,1,0.9998629313415769,True
4920,4920,2469,0,sty+perp,2,0,0.00013029426096228654,True
4921,4921,2469,1,sty+perp,2,1,0.9969189703589799,True
4922,4922,2470,0,sty+perp,2,0,0.03643451392118596,True
4923,4923,2470,1,sty+perp,2,1,0.9999138649209294,True
4924,4924,2471,0,sty+perp,2,0,0.0005692639188473456,True
4925,4925,2471,1,sty+perp,2,1,0.9999306626455896,True
4926,4926,2472,0,sty+perp,2,0,0.0008915425321502626,True
4927,4927,2472,1,sty+perp,2,1,0.9964792805320833,True
4928,4928,2473,0,sty+perp,2,0,0.0010741609201141962,True
4929,4929,2473,1,sty+perp,2,1,0.8717004520286223,True
4930,4930,2474,0,sty+perp,2,0,0.0004683378234994791,True
4931,4931,2474,1,sty+perp,2,1,0.9359436586102831,True
4932,4932,2475,0,sty+perp,2,0,8.047904456390995e-06,True
4933,4933,2475,1,sty+perp,2,1,0.9995661758010191,True
4934,4934,2476,0,sty+perp,2,0,8.528564880768593e-05,True
4935,4935,2476,1,sty+perp,2,1,0.9975346137319724,True
4936,4936,2477,0,sty+perp,2,0,0.0002985831120087215,True
4937,4937,2477,1,sty+perp,2,1,0.9993216632179117,True
4938,4938,2478,0,sty+perp,2,1,0.5783399673146602,False
4939,4939,2478,1,sty+perp,2,1,0.9995661386481792,True
4940,4940,2479,0,sty+perp,2,0,0.00025874954108487624,True
4941,4941,2479,1,sty+perp,2,1,0.9971298107176758,True
4942,4942,2480,0,sty+perp,2,0,0.01321554677334423,True
4943,4943,2480,1,sty+perp,2,1,0.9981739062245627,True
4944,4944,2481,0,sty+perp,2,0,0.0007960411538058418,True
4945,4945,2481,1,sty+perp,2,1,0.993674842164457,True
4946,4946,2482,0,sty+perp,2,0,0.0003369873511319979,True
4947,4947,2482,1,sty+perp,2,1,0.9999029224430349,True
4948,4948,2483,0,sty+perp,2,0,0.0006623391158161009,True
4949,4949,2483,1,sty+perp,2,1,0.999944795024275,True
4950,4950,2484,0,sty+perp,2,0,0.003639715773888374,True
4951,4951,2484,1,sty+perp,2,1,0.9995939661626307,True
4952,4952,2485,0,sty+perp,2,0,0.0010255615118425457,True
4953,4953,2485,1,sty+perp,2,1,0.9999792599703125,True
4954,4954,2486,0,sty+perp,2,0,0.0006426891966975399,True
4955,4955,2486,1,sty+perp,2,1,0.9998636213067409,True
4956,4956,2487,0,sty+perp,2,0,0.004002637683056472,True
4957,4957,2487,1,sty+perp,2,1,0.9995995449601176,True
4958,4958,2488,0,sty+perp,2,1,0.5338389856486632,False
4959,4959,2488,1,sty+perp,2,1,0.9996072033252994,True
4960,4960,2489,0,sty+perp,2,0,5.268119698324355e-05,True
4961,4961,2489,1,sty+perp,2,1,0.9999913697733475,True
4962,4962,2490,0,sty+perp,2,0,9.731608136718917e-05,True
4963,4963,2490,1,sty+perp,2,1,0.9999495896907262,True
4964,4964,2491,0,sty+perp,2,0,0.00012785917408837422,True
4965,4965,2491,1,sty+perp,2,1,0.9962843354474915,True
4966,4966,2492,0,sty+perp,2,0,0.00015272338570784233,True
4967,4967,2492,1,sty+perp,2,1,0.9999261323520787,True
4968,4968,2493,0,sty+perp,2,0,0.00477960818263478,True
4969,4969,2493,1,sty+perp,2,1,0.9999664906540705,True
4970,4970,2494,0,sty+perp,2,0,0.0005823708091549748,True
4971,4971,2494,1,sty+perp,2,1,0.9999447292854037,True
4972,4972,2495,0,sty+perp,2,0,3.4670389351501186e-05,True
4973,4973,2495,1,sty+perp,2,1,0.9998210567112658,True
4974,4974,2496,0,sty+perp,2,0,0.0012133692716416683,True
4975,4975,2496,1,sty+perp,2,1,0.9999490945956191,True
4976,4976,2497,0,sty+perp,2,0,0.09626642433091466,True
4977,4977,2497,1,sty+perp,2,1,0.9999702846613191,True
4978,4978,2498,0,sty+perp,2,0,0.0249820836198889,True
4979,4979,2498,1,sty+perp,2,1,0.99965968824815,True
4980,4980,2499,0,sty+perp,2,0,0.00014481992985251614,True
4981,4981,2499,1,sty+perp,2,1,0.9994262856078938,True
4982,4982,2500,0,sty+perp,2,0,0.0031101760428546496,True
4983,4983,2500,1,sty+perp,2,1,0.9978608971923854,True
4984,4984,2501,0,sty+perp,2,0,0.0016079933322188575,True
4985,4985,2501,1,sty+perp,2,1,0.9999813284903303,True
4986,4986,2502,0,sty+perp,2,0,0.00011873933017583732,True
4987,4987,2502,1,sty+perp,2,1,0.9571399133844762,True
4988,4988,2503,0,sty+perp,2,0,3.725067333252164e-05,True
4989,4989,2503,1,sty+perp,2,1,0.9992755638474825,True
4990,4990,2504,0,sty+perp,2,0,0.0004345745806540071,True
4991,4991,2504,1,sty+perp,2,1,0.943660879027422,True
4992,4992,2505,0,sty+perp,2,0,1.708091813012433e-05,True
4993,4993,2505,1,sty+perp,2,1,0.999061793717659,True
4994,4994,2506,0,sty+perp,2,0,0.001363878178063405,True
4995,4995,2506,1,sty+perp,2,1,0.9998512950065398,True
4996,4996,2507,0,sty+perp,2,0,0.009166780984856024,True
4997,4997,2507,1,sty+perp,2,1,0.9924313622038445,True
4998,4998,2508,0,sty+perp,2,0,0.004069874886412791,True
4999,4999,2508,1,sty+perp,2,1,0.9998266056730036,True
5000,5000,2509,0,sty+perp,2,0,0.0028658445533914834,True
5001,5001,2509,1,sty+perp,2,0,0.24896416989989348,False
5002,5002,2510,0,sty+perp,2,0,0.003905097408482533,True
5003,5003,2510,1,sty+perp,2,1,0.9998489226140878,True
5004,5004,2511,0,sty+perp,2,0,0.001714804141022739,True
5005,5005,2511,1,sty+perp,2,1,0.999777536144653,True
5006,5006,2512,0,sty+perp,2,0,0.009218616768331552,True
5007,5007,2512,1,sty+perp,2,1,0.9993047098307227,True
5008,5008,2513,0,sty+perp,2,0,0.001274801358113872,True
5009,5009,2513,1,sty+perp,2,1,0.9997754244677823,True
5010,5010,2514,0,sty+perp,2,0,0.004804389800826452,True
5011,5011,2514,1,sty+perp,2,1,0.9991700276949956,True
5012,5012,2515,0,sty+perp,2,0,0.0036038961817500374,True
5013,5013,2515,1,sty+perp,2,1,0.9815181874048797,True
5014,5014,2516,0,sty+perp,2,0,0.047614512017365315,True
5015,5015,2516,1,sty+perp,2,1,0.9999438650452398,True
5016,5016,2517,0,sty+perp,2,0,1.8595566438102803e-05,True
5017,5017,2517,1,sty+perp,2,1,0.9906956512351661,True
5018,5018,2518,1,sty+perp,2,1,0.9998329570232414,True
5019,5019,2519,0,sty+perp,2,0,6.026988481973921e-05,True
5020,5020,2519,1,sty+perp,2,1,0.999040116317615,True
5021,5021,2520,0,sty+perp,2,0,0.004304058779272135,True
5022,5022,2520,1,sty+perp,2,1,0.9999838617425335,True
5023,5023,2521,0,sty+perp,2,0,0.0001752228374138667,True
5024,5024,2521,1,sty+perp,2,1,0.9999477055773138,True
5025,5025,2522,0,sty+perp,2,0,0.38454207428675596,True
5026,5026,2522,1,sty+perp,2,1,0.9997826827444186,True
5027,5027,2523,0,sty+perp,2,0,9.859695562561105e-05,True
5028,5028,2523,1,sty+perp,2,1,0.9998977301212244,True
5029,5029,2524,0,sty+perp,2,0,0.0002228080219035958,True
5030,5030,2524,1,sty+perp,2,1,0.9905186754967559,True
5031,5031,2525,0,sty+perp,2,0,0.0006798780525889943,True
5032,5032,2525,1,sty+perp,2,1,0.9998198263541189,True
5033,5033,2526,0,sty+perp,2,0,2.152201958910833e-05,True
5034,5034,2526,1,sty+perp,2,1,0.9999503146315087,True
5035,5035,2527,0,sty+perp,2,0,0.13191758295275807,True
5036,5036,2527,1,sty+perp,2,1,0.9998984997358432,True
5037,5037,2528,0,sty+perp,2,0,0.32669111597270406,True
5038,5038,2528,1,sty+perp,2,1,0.9905628217541909,True
5039,5039,2529,0,sty+perp,2,0,0.014651818825300814,True
5040,5040,2529,1,sty+perp,2,1,0.9999672882676729,True
5041,5041,2530,0,sty+perp,2,0,0.0014500100551426943,True
5042,5042,2530,1,sty+perp,2,1,0.9996397935353839,True
5043,5043,2531,0,sty+perp,2,0,0.00017185290949868658,True
5044,5044,2531,1,sty+perp,2,1,0.9997211203129553,True
5045,5045,2532,0,sty+perp,2,0,0.001068878966107782,True
5046,5046,2532,1,sty+perp,2,1,0.999927063781127,True
5047,5047,2533,0,sty+perp,2,0,0.0003668982032852532,True
5048,5048,2533,1,sty+perp,2,1,0.9999826985692565,True
5049,5049,2534,0,sty+perp,2,0,0.07783138887300378,True
5050,5050,2534,1,sty+perp,2,1,0.9996366540442824,True
5051,5051,2535,0,sty+perp,2,0,7.841656563316742e-05,True
5052,5052,2535,1,sty+perp,2,1,0.9996551563203152,True
5053,5053,2536,0,sty+perp,2,1,0.9796669648624563,False
5054,5054,2536,1,sty+perp,2,1,0.9880863647553055,True
5055,5055,2537,0,sty+perp,2,0,0.007848516505149792,True
5056,5056,2537,1,sty+perp,2,1,0.9972521556530946,True
5057,5057,2538,0,sty+perp,2,0,0.011828739829987032,True
5058,5058,2538,1,sty+perp,2,1,0.9994890632540266,True
5059,5059,2539,0,sty+perp,2,0,0.00022420078198451168,True
5060,5060,2539,1,sty+perp,2,1,0.9999776435189546,True
5061,5061,2540,0,sty+perp,2,0,0.01709465611688935,True
5062,5062,2540,1,sty+perp,2,1,0.9996874744063712,True
5063,5063,2541,0,sty+perp,2,0,0.00220572203585291,True
5064,5064,2541,1,sty+perp,2,1,0.9995023507485292,True
5065,5065,2542,0,sty+perp,2,0,0.28024971215011724,True
5066,5066,2542,1,sty+perp,2,1,0.9969112118548801,True
5067,5067,2543,0,sty+perp,2,0,0.00011508570663131493,True
5068,5068,2543,1,sty+perp,2,1,0.998434706542957,True
5069,5069,2544,0,sty+perp,2,0,0.0006476024724422935,True
5070,5070,2544,1,sty+perp,2,1,0.9704282762508506,True
5071,5071,2545,0,sty+perp,2,0,1.2841743396945936e-05,True
5072,5072,2545,1,sty+perp,2,1,0.9998631770508485,True
5073,5073,2546,0,sty+perp,2,0,0.04628625199587549,True
5074,5074,2546,1,sty+perp,2,1,0.999984572739651,True
5075,5075,2547,0,sty+perp,2,0,0.0006024519634528779,True
5076,5076,2547,1,sty+perp,2,1,0.993773902453452,True
5077,5077,2548,0,sty+perp,2,0,0.011025724439112636,True
5078,5078,2548,1,sty+perp,2,1,0.9999725258711919,True
5079,5079,2549,0,sty+perp,2,0,0.0018680450995891675,True
5080,5080,2549,1,sty+perp,2,1,0.9986168133156942,True
5081,5081,2550,0,sty+perp,2,0,0.05383175901275365,True
5082,5082,2550,1,sty+perp,2,1,0.9999703209087608,True
5083,5083,2551,0,sty+perp,2,0,3.2890840220743796e-05,True
5084,5084,2551,1,sty+perp,2,1,0.9900509446439726,True
5085,5085,2552,0,sty+perp,2,0,0.004106903639174065,True
5086,5086,2552,1,sty+perp,2,1,0.9740697466636379,True
5087,5087,2553,0,sty+perp,2,0,0.03705634230729953,True
5088,5088,2553,1,sty+perp,2,1,0.9999785555696166,True
5089,5089,2554,0,sty+perp,2,0,0.0002719796780569515,True
5090,5090,2554,1,sty+perp,2,1,0.9880926911371645,True
5091,5091,2555,0,sty+perp,2,0,0.0006121805999454413,True
5092,5092,2555,1,sty+perp,2,1,0.9993614014133361,True
5093,5093,2556,0,sty+perp,2,1,0.8736233210343549,False
5094,5094,2556,1,sty+perp,2,1,0.9998779551721482,True
5095,5095,2557,0,sty+perp,2,0,6.5329956511567565e-06,True
5096,5096,2557,1,sty+perp,2,1,0.9999376765348243,True
5097,5097,2558,0,sty+perp,2,0,0.00038720569108701634,True
5098,5098,2558,1,sty+perp,2,1,0.991041945371504,True
5099,5099,2559,0,sty+perp,2,0,0.006058970602558138,True
5100,5100,2559,1,sty+perp,2,1,0.9953219533688271,True
5101,5101,2560,0,sty+perp,2,0,0.0003824690901796027,True
5102,5102,2560,1,sty+perp,2,1,0.999885594287505,True
5103,5103,2561,0,sty+perp,2,0,3.732343186631232e-05,True
5104,5104,2561,1,sty+perp,2,1,0.9738853145419408,True
5105,5105,2562,0,sty+perp,2,0,0.005542253921363401,True
5106,5106,2562,1,sty+perp,2,1,0.9998900466288847,True
5107,5107,2563,0,sty+perp,2,0,0.0016599255858182325,True
5108,5108,2563,1,sty+perp,2,1,0.9865296299652071,True
5109,5109,2564,0,sty+perp,2,0,0.00468762283701439,True
5110,5110,2564,1,sty+perp,2,1,0.9990768220456812,True
5111,5111,2565,0,sty+perp,2,0,0.0006245543817986818,True
5112,5112,2565,1,sty+perp,2,1,0.9992324993635544,True
5113,5113,2566,0,sty+perp,2,0,0.006214380045490365,True
5114,5114,2566,1,sty+perp,2,1,0.9961021753189263,True
5115,5115,2567,0,sty+perp,2,0,0.0003755674570100762,True
5116,5116,2567,1,sty+perp,2,1,0.9997277677062424,True
5117,5117,2568,0,sty+perp,2,0,0.007506518674747591,True
5118,5118,2568,1,sty+perp,2,1,0.7340168176868064,True
5119,5119,2569,0,sty+perp,2,0,0.0020414805456850055,True
5120,5120,2569,1,sty+perp,2,1,0.9038443800377166,True
5121,5121,2570,0,sty+perp,2,0,0.0026714842132059746,True
5122,5122,2570,1,sty+perp,2,1,0.9896537365446454,True
5123,5123,2571,0,sty+perp,2,0,0.3826181878235928,True
5124,5124,2571,1,sty+perp,2,1,0.9999421142361321,True
5125,5125,2572,0,sty+perp,2,0,0.00039501292174488797,True
5126,5126,2572,1,sty+perp,2,1,0.8261406757479407,True
5127,5127,2573,0,sty+perp,2,0,0.00462352726887387,True
5128,5128,2573,1,sty+perp,2,1,0.9971098441205564,True
5129,5129,2574,0,sty+perp,2,0,0.04563694148112455,True
5130,5130,2574,1,sty+perp,2,1,0.9998634533827192,True
5131,5131,2575,0,sty+perp,2,0,0.03150105835692488,True
5132,5132,2575,1,sty+perp,2,1,0.9548777758451158,True
5133,5133,2576,0,sty+perp,2,0,0.00035985882517815677,True
5134,5134,2576,1,sty+perp,2,1,0.9991633127198227,True
5135,5135,2577,0,sty+perp,2,0,0.02621484559445448,True
5136,5136,2577,1,sty+perp,2,1,0.9991887820251677,True
5137,5137,2578,0,sty+perp,2,0,0.0007836777451011987,True
5138,5138,2578,1,sty+perp,2,1,0.9617448026836201,True
5139,5139,2579,0,sty+perp,2,0,5.916829423288865e-05,True
5140,5140,2579,1,sty+perp,2,1,0.9971173114700475,True
5141,5141,2580,0,sty+perp,2,0,0.0005204213245939116,True
5142,5142,2580,1,sty+perp,2,1,0.9646209661139545,True
5143,5143,2581,0,sty+perp,2,0,2.2938384004402965e-05,True
5144,5144,2581,1,sty+perp,2,1,0.9731833589405413,True
5145,5145,2582,0,sty+perp,2,0,0.0008455671214847679,True
5146,5146,2582,1,sty+perp,2,1,0.9967680347291072,True
5147,5147,2583,0,sty+perp,2,0,9.966741792091118e-05,True
5148,5148,2583,1,sty+perp,2,1,0.9997376083636575,True
5149,5149,2584,0,sty+perp,2,0,0.0007065843379981,True
5150,5150,2584,1,sty+perp,2,0,0.25998669485697384,False
5151,5151,2585,0,sty+perp,2,0,0.036083888488612284,True
5152,5152,2585,1,sty+perp,2,1,0.9999271506998868,True
5153,5153,2586,0,sty+perp,2,0,0.0006567552266592685,True
5154,5154,2586,1,sty+perp,2,1,0.9998244309827551,True
5155,5155,2587,0,sty+perp,2,0,0.0006371841294835464,True
5156,5156,2587,1,sty+perp,2,1,0.9960109414068044,True
5157,5157,2588,0,sty+perp,2,0,0.0007484908714714868,True
5158,5158,2588,1,sty+perp,2,1,0.9996061282411128,True
5159,5159,2589,0,sty+perp,2,0,0.000795990161402371,True
5160,5160,2589,1,sty+perp,2,1,0.9833088687128009,True
5161,5161,2590,0,sty+perp,2,0,0.00040063448850251554,True
5162,5162,2590,1,sty+perp,2,1,0.9998853978678055,True
5163,5163,2591,0,sty+perp,2,0,2.069007528652624e-05,True
5164,5164,2591,1,sty+perp,2,1,0.999409634106865,True
5165,5165,2592,0,sty+perp,2,0,0.04624704887874424,True
5166,5166,2592,1,sty+perp,2,1,0.9992207122347626,True
5167,5167,2593,0,sty+perp,2,0,3.054420422377675e-05,True
5168,5168,2593,1,sty+perp,2,1,0.9717157815420644,True
5169,5169,2594,0,sty+perp,2,0,0.04560930576788111,True
5170,5170,2594,1,sty+perp,2,1,0.999975775962244,True
5171,5171,2595,0,sty+perp,2,0,0.00012212458447852714,True
5172,5172,2595,1,sty+perp,2,1,0.9999570402512105,True
5173,5173,2596,0,sty+perp,2,0,1.2039527730033648e-05,True
5174,5174,2596,1,sty+perp,2,1,0.9998735326707513,True
5175,5175,2597,0,sty+perp,2,0,0.0006544233716475062,True
5176,5176,2597,1,sty+perp,2,1,0.9709415200189764,True
5177,5177,2598,0,sty+perp,2,0,7.632235461500096e-05,True
5178,5178,2598,1,sty+perp,2,1,0.9998287135526963,True
5179,5179,2599,0,sty+perp,2,0,0.001010261292687523,True
5180,5180,2599,1,sty+perp,2,1,0.9998175097140917,True
5181,5181,2600,0,sty+perp,2,0,8.517240389061728e-05,True
5182,5182,2600,1,sty+perp,2,1,0.9996090330118098,True
5183,5183,2601,0,sty+perp,2,0,7.242023342629953e-05,True
5184,5184,2601,1,sty+perp,2,1,0.9999493971423691,True
5185,5185,2602,0,sty+perp,2,1,0.9810588965196368,False
5186,5186,2602,1,sty+perp,2,1,0.9998632825236258,True
5187,5187,2603,0,sty+perp,2,0,0.00032637531931568555,True
5188,5188,2603,1,sty+perp,2,1,0.961752264504934,True
5189,5189,2604,0,sty+perp,2,0,0.2847034110569666,True
5190,5190,2604,1,sty+perp,2,1,0.999873523188861,True
5191,5191,2605,0,sty+perp,2,0,7.203431411350893e-05,True
5192,5192,2605,1,sty+perp,2,1,0.6435259180639974,True
5193,5193,2606,0,sty+perp,2,0,0.0002595209238713712,True
5194,5194,2606,1,sty+perp,2,1,0.9996534320186108,True
5195,5195,2607,0,sty+perp,2,0,0.0026132570048727293,True
5196,5196,2607,1,sty+perp,2,1,0.999832620784663,True
5197,5197,2608,0,sty+perp,2,0,0.0016227626063566862,True
5198,5198,2608,1,sty+perp,2,1,0.999680172924145,True
5199,5199,2609,0,sty+perp,2,0,0.044139137015137477,True
5200,5200,2609,1,sty+perp,2,1,0.9997143829645506,True
5201,5201,2610,0,sty+perp,2,1,0.8964567364748036,False
5202,5202,2610,1,sty+perp,2,1,0.9999637315007257,True
5203,5203,2611,0,sty+perp,2,0,0.00013531649819030934,True
5204,5204,2611,1,sty+perp,2,1,0.9985734952255544,True
5205,5205,2612,0,sty+perp,2,0,0.0015877094228384809,True
5206,5206,2612,1,sty+perp,2,1,0.9995960594292039,True
5207,5207,2613,0,sty+perp,2,0,2.823704634248971e-05,True
5208,5208,2613,1,sty+perp,2,1,0.9999266341563894,True
5209,5209,2614,1,sty+perp,2,1,0.9964158220804035,True
5210,5210,2615,0,sty+perp,2,0,0.03388414444597304,True
5211,5211,2615,1,sty+perp,2,1,0.9998973625574081,True
5212,5212,2616,0,sty+perp,2,0,3.940435975446768e-05,True
5213,5213,2616,1,sty+perp,2,1,0.999983745954632,True
5214,5214,2617,0,sty+perp,2,0,0.10984239537148377,True
5215,5215,2617,1,sty+perp,2,1,0.8969555888004331,True
5216,5216,2618,0,sty+perp,2,0,0.0015872419872823328,True
5217,5217,2618,1,sty+perp,2,1,0.9999761542375797,True
5218,5218,2619,0,sty+perp,2,0,0.0029112199251161816,True
5219,5219,2619,1,sty+perp,2,1,0.9997500205789418,True
5220,5220,2620,0,sty+perp,2,0,0.0014561156015977228,True
5221,5221,2620,1,sty+perp,2,1,0.9999749316760191,True
5222,5222,2621,0,sty+perp,2,0,0.011595206792155246,True
5223,5223,2621,1,sty+perp,2,1,0.9995831053450082,True
5224,5224,2622,0,sty+perp,2,0,0.002869162318108996,True
5225,5225,2622,1,sty+perp,2,1,0.9999367445187032,True
5226,5226,2623,0,sty+perp,2,0,0.017836607768072048,True
5227,5227,2623,1,sty+perp,2,1,0.9999569676171131,True
5228,5228,2624,0,sty+perp,2,0,0.003058643358290848,True
5229,5229,2624,1,sty+perp,2,1,0.9566930641690261,True
5230,5230,2625,0,sty+perp,2,0,0.0003031887438738742,True
5231,5231,2625,1,sty+perp,2,1,0.9012958970687568,True
5232,5232,2626,0,sty+perp,2,0,0.00038876749222350505,True
5233,5233,2626,1,sty+perp,2,1,0.9999830562336609,True
5234,5234,2627,0,sty+perp,2,0,0.07942781877095884,True
5235,5235,2627,1,sty+perp,2,1,0.9997899875784371,True
5236,5236,2628,0,sty+perp,2,0,0.447908611830666,True
5237,5237,2628,1,sty+perp,2,1,0.999852260472636,True
5238,5238,2629,0,sty+perp,2,0,0.008697415910082862,True
5239,5239,2629,1,sty+perp,2,1,0.9330556956485863,True
5240,5240,2630,0,sty+perp,2,0,0.0009674511185541131,True
5241,5241,2630,1,sty+perp,2,1,0.999856866088917,True
5242,5242,2631,0,sty+perp,2,0,0.00010249598706641317,True
5243,5243,2631,1,sty+perp,2,1,0.9995850289177906,True
5244,5244,2632,0,sty+perp,2,0,0.0011620805476957577,True
5245,5245,2632,1,sty+perp,2,1,0.99997087819365,True
5246,5246,2633,0,sty+perp,2,0,4.6477990856297296e-05,True
5247,5247,2633,1,sty+perp,2,1,0.9898974664154222,True
5248,5248,2634,0,sty+perp,2,0,0.0024229341959690464,True
5249,5249,2634,1,sty+perp,2,1,0.9972806114408466,True
5250,5250,2635,0,sty+perp,2,0,3.488125275368124e-05,True
5251,5251,2635,1,sty+perp,2,1,0.9987356177873882,True
5252,5252,2636,0,sty+perp,2,0,0.2395362711561531,True
5253,5253,2636,1,sty+perp,2,1,0.9999448946328757,True
5254,5254,2637,0,sty+perp,2,0,0.002373509496684573,True
5255,5255,2637,1,sty+perp,2,1,0.9999551926288696,True
5256,5256,2638,0,sty+perp,2,0,0.00017244629986693901,True
5257,5257,2638,1,sty+perp,2,1,0.9998936030616183,True
5258,5258,2639,0,sty+perp,2,0,0.00010641191699028407,True
5259,5259,2639,1,sty+perp,2,1,0.9999488256126292,True
5260,5260,2640,0,sty+perp,2,0,0.0005222827087966417,True
5261,5261,2640,1,sty+perp,2,1,0.9992615525036943,True
5262,5262,2641,0,sty+perp,2,0,0.0004921216144737426,True
5263,5263,2641,1,sty+perp,2,1,0.9999816922889163,True
5264,5264,2642,0,sty+perp,2,0,1.210885083410907e-05,True
5265,5265,2642,1,sty+perp,2,1,0.9999478742385677,True
5266,5266,2643,0,sty+perp,2,0,2.2082043380704922e-05,True
5267,5267,2643,1,sty+perp,2,1,0.999905422006405,True
5268,5268,2644,0,sty+perp,2,0,0.0013081362259678131,True
5269,5269,2644,1,sty+perp,2,1,0.9942307360259159,True
5270,5270,2645,0,sty+perp,2,0,0.005515775280106857,True
5271,5271,2645,1,sty+perp,2,1,0.9994163101027588,True
5272,5272,2646,0,sty+perp,2,0,7.414569569088756e-05,True
5273,5273,2646,1,sty+perp,2,1,0.9574708918847334,True
5274,5274,2647,0,sty+perp,2,0,0.007299571516957173,True
5275,5275,2647,1,sty+perp,2,1,0.99950969899811,True
5276,5276,2648,0,sty+perp,2,0,0.0012562678172617532,True
5277,5277,2648,1,sty+perp,2,1,0.9880931931250837,True
5278,5278,2649,0,sty+perp,2,0,0.0031906072707608758,True
5279,5279,2649,1,sty+perp,2,1,0.9999511334162503,True
5280,5280,2650,0,sty+perp,2,0,7.163401797218449e-05,True
5281,5281,2650,1,sty+perp,2,1,0.999532538529395,True
5282,5282,2651,0,sty+perp,2,0,0.0004202393746806408,True
5283,5283,2651,1,sty+perp,2,1,0.9999066944790311,True
5284,5284,2652,0,sty+perp,2,0,0.0005389434842271704,True
5285,5285,2652,1,sty+perp,2,1,0.9997381800861816,True
5286,5286,2653,0,sty+perp,2,0,0.0003494000662732273,True
5287,5287,2653,1,sty+perp,2,1,0.9999524790843054,True
5288,5288,2654,0,sty+perp,2,0,6.513107066264258e-05,True
5289,5289,2654,1,sty+perp,2,1,0.9999377661516854,True
5290,5290,2655,0,sty+perp,2,0,0.01278174227987514,True
5291,5291,2655,1,sty+perp,2,1,0.9997139170628561,True
5292,5292,2656,0,sty+perp,2,0,5.71419401978394e-06,True
5293,5293,2656,1,sty+perp,2,1,0.9912110822435477,True
5294,5294,2657,0,sty+perp,2,0,0.0001671480022713602,True
5295,5295,2657,1,sty+perp,2,1,0.999879265872331,True
5296,5296,2658,0,sty+perp,2,0,0.13751599264070624,True
5297,5297,2658,1,sty+perp,2,1,0.9999365908301123,True
5298,5298,2659,0,sty+perp,2,0,0.0004182555402411051,True
5299,5299,2659,1,sty+perp,2,1,0.9999017441727467,True
5300,5300,2660,0,sty+perp,2,0,0.007049102699569583,True
5301,5301,2660,1,sty+perp,2,1,0.9994689043440217,True
5302,5302,2661,0,sty+perp,2,0,0.0023155556763618055,True
5303,5303,2661,1,sty+perp,2,1,0.9972463251973585,True
5304,5304,2662,0,sty+perp,2,0,0.00037370155448278525,True
5305,5305,2662,1,sty+perp,2,1,0.9996735299110946,True
5306,5306,2663,0,sty+perp,2,0,0.08241706037018923,True
5307,5307,2663,1,sty+perp,2,1,0.9999560916866461,True
5308,5308,2664,0,sty+perp,2,0,9.786442066953879e-05,True
5309,5309,2664,1,sty+perp,2,1,0.8729042337630223,True
5310,5310,2665,0,sty+perp,2,0,0.006936780630682675,True
5311,5311,2665,1,sty+perp,2,1,0.9999565417798808,True
5312,5312,2666,0,sty+perp,2,0,3.3876126325194865e-05,True
5313,5313,2666,1,sty+perp,2,1,0.9999116951627641,True
5314,5314,2667,0,sty+perp,2,0,2.6272941323902495e-05,True
5315,5315,2667,1,sty+perp,2,1,0.9999599702173022,True
5316,5316,2668,0,sty+perp,2,0,0.0008839166167325922,True
5317,5317,2668,1,sty+perp,2,1,0.9981340200198584,True
5318,5318,2669,0,sty+perp,2,0,0.002350369053303766,True
5319,5319,2669,1,sty+perp,2,1,0.999945742507242,True
5320,5320,2670,0,sty+perp,2,0,8.244080991897597e-06,True
5321,5321,2670,1,sty+perp,2,1,0.9996828768693626,True
5322,5322,2671,0,sty+perp,2,0,1.544046632134475e-05,True
5323,5323,2671,1,sty+perp,2,1,0.9979076521136845,True
5324,5324,2672,0,sty+perp,2,0,0.08465110702341266,True
5325,5325,2672,1,sty+perp,2,1,0.9999663405547154,True
5326,5326,2673,0,sty+perp,2,0,2.256592481436959e-05,True
5327,5327,2673,1,sty+perp,2,1,0.9999158054545013,True
5328,5328,2674,0,sty+perp,2,0,2.4136429030965045e-05,True
5329,5329,2674,1,sty+perp,2,1,0.9842759965544594,True
5330,5330,2675,0,sty+perp,2,0,7.93831532174985e-05,True
5331,5331,2675,1,sty+perp,2,1,0.9976199181615908,True
5332,5332,2676,0,sty+perp,2,0,1.9898688882777928e-05,True
5333,5333,2676,1,sty+perp,2,1,0.9997549988066784,True
5334,5334,2677,0,sty+perp,2,0,1.4094791723515348e-05,True
5335,5335,2677,1,sty+perp,2,1,0.997687151119643,True
5336,5336,2678,0,sty+perp,2,0,0.0005563710847802796,True
5337,5337,2678,1,sty+perp,2,1,0.9995467062739405,True
5338,5338,2679,0,sty+perp,2,0,0.012465710588467018,True
5339,5339,2679,1,sty+perp,2,1,0.9999617386300257,True
5340,5340,2680,0,sty+perp,2,0,0.000770182951766758,True
5341,5341,2680,1,sty+perp,2,1,0.9999349993365816,True
5342,5342,2681,0,sty+perp,2,0,0.0020771612828776502,True
5343,5343,2681,1,sty+perp,2,1,0.8139101091406339,True
5344,5344,2682,0,sty+perp,2,0,0.001362679019110087,True
5345,5345,2682,1,sty+perp,2,1,0.9996312615311407,True
5346,5346,2683,0,sty+perp,2,0,0.008006309733185368,True
5347,5347,2683,1,sty+perp,2,1,0.9999014301117818,True
5348,5348,2684,0,sty+perp,2,0,6.175477273007106e-05,True
5349,5349,2684,1,sty+perp,2,1,0.99950079068299,True
5350,5350,2685,0,sty+perp,2,0,0.005925198133046673,True
5351,5351,2685,1,sty+perp,2,1,0.9999234294159748,True
5352,5352,2686,0,sty+perp,2,0,0.00040687110529496177,True
5353,5353,2686,1,sty+perp,2,1,0.998649972754381,True
5354,5354,2687,0,sty+perp,2,0,0.002443498682451532,True
5355,5355,2687,1,sty+perp,2,1,0.9969116359176683,True
5356,5356,2688,0,sty+perp,2,1,0.7329019715611321,False
5357,5357,2688,1,sty+perp,2,1,0.999970666177248,True
5358,5358,2689,0,sty+perp,2,0,0.0011497217573129184,True
5359,5359,2689,1,sty+perp,2,1,0.9998400406160101,True
5360,5360,2690,0,sty+perp,2,0,0.42155379882875116,True
5361,5361,2690,1,sty+perp,2,1,0.9999524341495188,True
5362,5362,2691,0,sty+perp,2,0,1.933131421433899e-05,True
5363,5363,2691,1,sty+perp,2,1,0.9345134569494287,True
5364,5364,2692,0,sty+perp,2,0,0.0003836353319989971,True
5365,5365,2692,1,sty+perp,2,1,0.9999261883600906,True
5366,5366,2693,0,sty+perp,2,0,0.0006215077119483518,True
5367,5367,2693,1,sty+perp,2,1,0.999775047339316,True
5368,5368,2694,0,sty+perp,2,0,0.0007456209834374635,True
5369,5369,2694,1,sty+perp,2,1,0.9971651495723336,True
5370,5370,2695,0,sty+perp,2,0,0.09461057028291066,True
5371,5371,2695,1,sty+perp,2,1,0.9999058515723834,True
5372,5372,2696,0,sty+perp,2,0,0.03849838425225112,True
5373,5373,2696,1,sty+perp,2,1,0.9975877537046718,True
5374,5374,2697,0,sty+perp,2,0,0.00018404828159591466,True
5375,5375,2697,1,sty+perp,2,1,0.9999259574196375,True
5376,5376,2698,0,sty+perp,2,0,0.01697126711372329,True
5377,5377,2698,1,sty+perp,2,1,0.9998651637511069,True
5378,5378,2699,0,sty+perp,2,0,0.0017356860140979714,True
5379,5379,2699,1,sty+perp,2,1,0.9997680077560088,True
5380,5380,2700,0,sty+perp,2,0,0.010874064209092578,True
5381,5381,2700,1,sty+perp,2,1,0.9997128931060578,True
5382,5382,2701,0,sty+perp,2,0,0.003998831745277034,True
5383,5383,2701,1,sty+perp,2,1,0.9836136741384598,True
5384,5384,2702,0,sty+perp,2,0,0.002079033526900447,True
5385,5385,2702,1,sty+perp,2,1,0.9990532665786048,True
5386,5386,2703,0,sty+perp,2,0,0.014685471846385393,True
5387,5387,2703,1,sty+perp,2,1,0.9995277810685161,True
5388,5388,2704,0,sty+perp,2,0,0.19472323268859126,True
5389,5389,2704,1,sty+perp,2,1,0.8608925183540487,True
5390,5390,2705,0,sty+perp,2,0,0.002273726395123554,True
5391,5391,2705,1,sty+perp,2,1,0.9951116381167494,True
5392,5392,2706,0,sty+perp,2,0,0.00021876808428183627,True
5393,5393,2706,1,sty+perp,2,1,0.9999567901574987,True
5394,5394,2707,0,sty+perp,2,0,0.11100196769992136,True
5395,5395,2707,1,sty+perp,2,1,0.9966235444128109,True
5396,5396,2708,0,sty+perp,2,0,0.015898068462986942,True
5397,5397,2708,1,sty+perp,2,1,0.999970682743919,True
5398,5398,2709,0,sty+perp,2,0,0.0008157927889401533,True
5399,5399,2709,1,sty+perp,2,1,0.9998934055226422,True
5400,5400,2710,0,sty+perp,2,0,0.0002332934612626851,True
5401,5401,2710,1,sty+perp,2,1,0.9972924813517667,True
5402,5402,2711,0,sty+perp,2,0,0.0035360095987081847,True
5403,5403,2711,1,sty+perp,2,1,0.9997438880291186,True
5404,5404,2712,0,sty+perp,2,0,0.006019656499503502,True
5405,5405,2712,1,sty+perp,2,1,0.999925357635815,True
5406,5406,2713,0,sty+perp,2,0,0.07640975141043987,True
5407,5407,2713,1,sty+perp,2,0,0.306531349931693,False
5408,5408,2714,0,sty+perp,2,0,0.005292866295234848,True
5409,5409,2714,1,sty+perp,2,1,0.9998302851574025,True
5410,5410,2715,0,sty+perp,2,0,0.07340729728027956,True
5411,5411,2715,1,sty+perp,2,1,0.9996941470703989,True
5412,5412,2716,0,sty+perp,2,0,0.00011780240725553048,True
5413,5413,2716,1,sty+perp,2,1,0.9946116237023847,True
5414,5414,2717,0,sty+perp,2,0,2.8403614271631982e-05,True
5415,5415,2717,1,sty+perp,2,1,0.9991946701913478,True
5416,5416,2718,0,sty+perp,2,0,0.05608813712769544,True
5417,5417,2718,1,sty+perp,2,1,0.999684674585347,True
5418,5418,2719,0,sty+perp,2,0,0.0004857319560652015,True
5419,5419,2719,1,sty+perp,2,1,0.9987418635452114,True
5420,5420,2720,0,sty+perp,2,1,0.8857185893999204,False
5421,5421,2720,1,sty+perp,2,1,0.9350961146696902,True
5422,5422,2721,0,sty+perp,2,0,0.00010081898922734641,True
5423,5423,2721,1,sty+perp,2,1,0.9999184492969347,True
5424,5424,2722,0,sty+perp,2,0,0.0010970757317795821,True
5425,5425,2722,1,sty+perp,2,1,0.9996440546085378,True
5426,5426,2723,0,sty+perp,2,0,0.008700335509153233,True
5427,5427,2723,1,sty+perp,2,1,0.9998691138320409,True
5428,5428,2724,0,sty+perp,2,0,9.790485691654276e-05,True
5429,5429,2724,1,sty+perp,2,1,0.9863864684472103,True
5430,5430,2725,0,sty+perp,2,0,0.00023555348969072585,True
5431,5431,2725,1,sty+perp,2,1,0.9998864084427601,True
5432,5432,2726,0,sty+perp,2,0,0.00036841311729935084,True
5433,5433,2726,1,sty+perp,2,1,0.99985057288253,True
5434,5434,2727,0,sty+perp,2,0,0.050837135438321204,True
5435,5435,2727,1,sty+perp,2,1,0.9999418802053679,True
5436,5436,2728,0,sty+perp,2,0,0.0014544611356466328,True
5437,5437,2728,1,sty+perp,2,1,0.9999233362300497,True
5438,5438,2729,0,sty+perp,2,0,0.002697124836720128,True
5439,5439,2729,1,sty+perp,2,1,0.9544661621775441,True
5440,5440,2730,0,sty+perp,2,0,0.09897236822050264,True
5441,5441,2730,1,sty+perp,2,1,0.5154118874853119,True
5442,5442,2731,0,sty+perp,2,0,4.419980474323947e-06,True
5443,5443,2731,1,sty+perp,2,0,0.36987206678831713,False
5444,5444,2732,0,sty+perp,2,0,1.1762757629744277e-05,True
5445,5445,2732,1,sty+perp,2,1,0.9889355612837429,True
5446,5446,2733,0,sty+perp,2,0,0.39493191098793673,True
5447,5447,2733,1,sty+perp,2,1,0.9924124563992361,True
5448,5448,2734,0,sty+perp,2,0,0.003231088068798337,True
5449,5449,2734,1,sty+perp,2,1,0.9998510611698374,True
5450,5450,2735,0,sty+perp,2,0,0.3914392422548079,True
5451,5451,2735,1,sty+perp,2,1,0.9971182363101473,True
5452,5452,2736,0,sty+perp,2,0,0.0020133185075648717,True
5453,5453,2736,1,sty+perp,2,1,0.9983826418388371,True
5454,5454,2737,0,sty+perp,2,0,0.0032227331592896715,True
5455,5455,2737,1,sty+perp,2,1,0.9999720282241431,True
5456,5456,2738,0,sty+perp,2,0,0.0010511558926127,True
5457,5457,2738,1,sty+perp,2,1,0.99906326381164,True
5458,5458,2739,0,sty+perp,2,0,0.00046121210419961456,True
5459,5459,2739,1,sty+perp,2,1,0.9925872387432387,True
5460,5460,2740,0,sty+perp,2,0,0.004153119654431239,True
5461,5461,2740,1,sty+perp,2,1,0.9999487185415211,True
5462,5462,2741,0,sty+perp,2,0,0.39293296977722053,True
5463,5463,2741,1,sty+perp,2,1,0.9998738069863694,True
5464,5464,2742,0,sty+perp,2,0,9.763692955747303e-05,True
5465,5465,2742,1,sty+perp,2,1,0.9998581845145085,True
5466,5466,2743,0,sty+perp,2,1,0.5571577461855663,False
5467,5467,2743,1,sty+perp,2,1,0.9671707923261607,True
5468,5468,2744,0,sty+perp,2,0,0.0004634908018400145,True
5469,5469,2744,1,sty+perp,2,1,0.9996523908601201,True
5470,5470,2745,0,sty+perp,2,0,0.000984355660926529,True
5471,5471,2745,1,sty+perp,2,1,0.9989187029340733,True
5472,5472,2746,0,sty+perp,2,0,0.00014853233878329517,True
5473,5473,2746,1,sty+perp,2,0,0.48383342465909335,False
5474,5474,2747,0,sty+perp,2,0,0.01059708239853233,True
5475,5475,2747,1,sty+perp,2,1,0.9996847488790117,True
5476,5476,2748,0,sty+perp,2,0,0.0007670173025227534,True
5477,5477,2748,1,sty+perp,2,1,0.9994896200060958,True
5478,5478,2749,0,sty+perp,2,0,0.0089620021322206,True
5479,5479,2749,1,sty+perp,2,1,0.7943949049358465,True
5480,5480,2750,0,sty+perp,2,0,0.0005337143022035683,True
5481,5481,2750,1,sty+perp,2,1,0.9996782959205802,True
5482,5482,2751,0,sty+perp,2,0,7.819368751648334e-06,True
5483,5483,2751,1,sty+perp,2,1,0.9987477051157578,True
5484,5484,2752,0,sty+perp,2,0,0.05843768005504605,True
5485,5485,2752,1,sty+perp,2,1,0.9980528666680587,True
5486,5486,2753,0,sty+perp,2,0,0.003046894156351292,True
5487,5487,2753,1,sty+perp,2,1,0.9995707707176391,True
5488,5488,2754,0,sty+perp,2,0,0.001158515633374033,True
5489,5489,2754,1,sty+perp,2,1,0.9915893259882834,True
5490,5490,2755,0,sty+perp,2,0,0.0011992519882316585,True
5491,5491,2755,1,sty+perp,2,1,0.9991864331337085,True
5492,5492,2756,0,sty+perp,2,0,0.0003586885287704744,True
5493,5493,2756,1,sty+perp,2,1,0.9968970387396624,True
5494,5494,2757,0,sty+perp,2,0,0.0028314343660933647,True
5495,5495,2757,1,sty+perp,2,1,0.997472532517726,True
5496,5496,2758,0,sty+perp,2,0,0.00024758567770075796,True
5497,5497,2758,1,sty+perp,2,1,0.999897207248022,True
5498,5498,2759,0,sty+perp,2,0,0.00417863206538125,True
5499,5499,2759,1,sty+perp,2,0,0.23853550839475018,False
5500,5500,2760,0,sty+perp,2,0,0.00012740612334269393,True
5501,5501,2760,1,sty+perp,2,1,0.9992363929476503,True
5502,5502,2761,0,sty+perp,2,0,0.06271437774699902,True
5503,5503,2761,1,sty+perp,2,1,0.9999358258576665,True
5504,5504,2762,0,sty+perp,2,0,3.1151059621285746e-05,True
5505,5505,2762,1,sty+perp,2,1,0.9998065102153028,True
5506,5506,2763,0,sty+perp,2,0,0.00036728166808163993,True
5507,5507,2763,1,sty+perp,2,1,0.9987074950281156,True
5508,5508,2764,0,sty+perp,2,0,0.003934378139461869,True
5509,5509,2764,1,sty+perp,2,1,0.889473933992868,True
5510,5510,2765,0,sty+perp,2,1,0.6680878769896363,False
5511,5511,2765,1,sty+perp,2,1,0.9999802725580663,True
5512,5512,2766,0,sty+perp,2,0,0.0021492977866582,True
5513,5513,2766,1,sty+perp,2,1,0.9999753890581998,True
5514,5514,2767,0,sty+perp,2,0,0.0008865551189182866,True
5515,5515,2767,1,sty+perp,2,1,0.9976961422118105,True
5516,5516,2768,0,sty+perp,2,0,0.21295789085568048,True
5517,5517,2768,1,sty+perp,2,1,0.9619058830567131,True
5518,5518,2769,0,sty+perp,2,0,0.0005265452396779636,True
5519,5519,2769,1,sty+perp,2,1,0.9999088655525884,True
5520,5520,2770,0,sty+perp,2,0,0.002046751098593323,True
5521,5521,2770,1,sty+perp,2,1,0.999955968772892,True
5522,5522,2771,0,sty+perp,2,0,0.007474090368389698,True
5523,5523,2771,1,sty+perp,2,1,0.9991199879270518,True
5524,5524,2772,0,sty+perp,2,0,0.00031537549356526327,True
5525,5525,2772,1,sty+perp,2,1,0.9999330732873953,True
5526,5526,2773,0,sty+perp,2,0,0.0033009225615214517,True
5527,5527,2773,1,sty+perp,2,1,0.9968671369690238,True
5528,5528,2774,0,sty+perp,2,0,0.0007109118106816289,True
5529,5529,2774,1,sty+perp,2,1,0.9977392524692673,True
5530,5530,2775,0,sty+perp,2,0,0.0009483383579744761,True
5531,5531,2775,1,sty+perp,2,1,0.9976782653464671,True
5532,5532,2776,0,sty+perp,2,0,0.00020162425930468877,True
5533,5533,2776,1,sty+perp,2,1,0.9866418155185894,True
5534,5534,2777,0,sty+perp,2,0,0.00019363979523837388,True
5535,5535,2777,1,sty+perp,2,1,0.9874626814805386,True
5536,5536,2778,0,sty+perp,2,0,0.00022135406380133438,True
5537,5537,2778,1,sty+perp,2,1,0.9992796061945675,True
5538,5538,2779,0,sty+perp,2,0,0.0012187444674235902,True
5539,5539,2779,1,sty+perp,2,1,0.9999725353842296,True
5540,5540,2780,0,sty+perp,2,0,0.0026687517086137758,True
5541,5541,2780,1,sty+perp,2,1,0.9999301019042082,True
5542,5542,2781,0,sty+perp,2,0,0.011047633654002032,True
5543,5543,2781,1,sty+perp,2,1,0.9999473620011438,True
5544,5544,2782,0,sty+perp,2,0,0.00010459056632908088,True
5545,5545,2782,1,sty+perp,2,1,0.9999164967649561,True
5546,5546,2783,0,sty+perp,2,0,0.0005240636833352676,True
5547,5547,2783,1,sty+perp,2,1,0.9992649888509789,True
5548,5548,2784,0,sty+perp,2,0,8.655525245891009e-05,True
5549,5549,2784,1,sty+perp,2,1,0.9975301484655468,True
5550,5550,2785,0,sty+perp,2,0,3.234143269609686e-05,True
5551,5551,2785,1,sty+perp,2,1,0.9927587262153823,True
5552,5552,2786,0,sty+perp,2,0,0.013078285515789665,True
5553,5553,2786,1,sty+perp,2,1,0.998861195484449,True
5554,5554,2787,0,sty+perp,2,0,2.709068325242373e-05,True
5555,5555,2787,1,sty+perp,2,1,0.9997908191041884,True
5556,5556,2788,0,sty+perp,2,0,0.1961235477856167,True
5557,5557,2788,1,sty+perp,2,1,0.9998948404455441,True
5558,5558,2789,0,sty+perp,2,0,8.77684069844627e-05,True
5559,5559,2789,1,sty+perp,2,1,0.9960866372981229,True
5560,5560,2790,0,sty+perp,2,0,9.69071720869952e-05,True
5561,5561,2790,1,sty+perp,2,1,0.9997562240365713,True
5562,5562,2791,0,sty+perp,2,0,0.0005424479821153468,True
5563,5563,2791,1,sty+perp,2,1,0.9999466922256512,True
5564,5564,2792,0,sty+perp,2,0,0.00016659148107886238,True
5565,5565,2792,1,sty+perp,2,1,0.9998523545623392,True
5566,5566,2793,0,sty+perp,2,0,0.024733546858384314,True
5567,5567,2793,1,sty+perp,2,1,0.9995815318988727,True
5568,5568,2794,0,sty+perp,2,0,0.030047695637995236,True
5569,5569,2794,1,sty+perp,2,1,0.9985354006128823,True
5570,5570,2795,0,sty+perp,2,0,0.00011216004349105494,True
5571,5571,2795,1,sty+perp,2,1,0.9784895171631315,True
5572,5572,2796,0,sty+perp,2,0,0.00437930510378495,True
5573,5573,2796,1,sty+perp,2,1,0.9982113888778524,True
5574,5574,2797,0,sty+perp,2,0,0.0006566626540642656,True
5575,5575,2797,1,sty+perp,2,1,0.9730487700305946,True
5576,5576,2798,0,sty+perp,2,0,0.005776765393430378,True
5577,5577,2798,1,sty+perp,2,1,0.9965174239390452,True
5578,5578,2799,0,sty+perp,2,0,0.0005569404536136243,True
5579,5579,2799,1,sty+perp,2,1,0.9998578733885425,True
5580,5580,2800,0,sty+perp,2,0,0.004104775031080125,True
5581,5581,2800,1,sty+perp,2,1,0.9874939628327117,True
5582,5582,2801,0,sty+perp,2,0,1.26284745543743e-05,True
5583,5583,2801,1,sty+perp,2,1,0.9984406397486436,True
5584,5584,2802,0,sty+perp,2,0,0.0001011670844968665,True
5585,5585,2802,1,sty+perp,2,1,0.9981202014226995,True
5586,5586,2803,0,sty+perp,2,0,0.0005776389988376974,True
5587,5587,2803,1,sty+perp,2,1,0.9999440196821426,True
5588,5588,2804,0,sty+perp,2,0,0.00011639010834275143,True
5589,5589,2804,1,sty+perp,2,1,0.9997281063391318,True
5590,5590,2805,0,sty+perp,2,0,0.00014361010991264484,True
5591,5591,2805,1,sty+perp,2,1,0.9985360697236688,True
5592,5592,2806,0,sty+perp,2,0,0.0002505982262955133,True
5593,5593,2806,1,sty+perp,2,1,0.9946800290473534,True
5594,5594,2807,0,sty+perp,2,0,6.082987992934879e-06,True
5595,5595,2807,1,sty+perp,2,1,0.9992959336791378,True
5596,5596,2808,0,sty+perp,2,0,7.027782269212328e-05,True
5597,5597,2808,1,sty+perp,2,1,0.999786010163622,True
5598,5598,2809,0,sty+perp,2,0,0.0010407286981292735,True
5599,5599,2809,1,sty+perp,2,1,0.9999635677023628,True
5600,5600,2810,0,sty+perp,2,0,0.0005180398734773386,True
5601,5601,2810,1,sty+perp,2,1,0.9996830984645156,True
5602,5602,2811,0,sty+perp,2,0,0.001374357783708718,True
5603,5603,2811,1,sty+perp,2,1,0.9676235551478722,True
5604,5604,2812,0,sty+perp,2,0,0.0012367602497657367,True
5605,5605,2812,1,sty+perp,2,1,0.9999542351802806,True
5606,5606,2813,0,sty+perp,2,0,0.0004462892840712128,True
5607,5607,2813,1,sty+perp,2,1,0.9999624929140295,True
5608,5608,2814,0,sty+perp,2,0,7.875261567576286e-05,True
5609,5609,2814,1,sty+perp,2,1,0.9999691631169529,True
5610,5610,2815,0,sty+perp,2,0,0.037986417305155874,True
5611,5611,2815,1,sty+perp,2,1,0.9981913954189707,True
5612,5612,2816,0,sty+perp,2,0,0.00805552352640607,True
5613,5613,2816,1,sty+perp,2,1,0.9999665936871034,True
5614,5614,2817,0,sty+perp,2,0,7.041321046462143e-06,True
5615,5615,2817,1,sty+perp,2,1,0.9994976413856446,True
5616,5616,2818,0,sty+perp,2,0,0.0003265226763526431,True
5617,5617,2818,1,sty+perp,2,1,0.9985683053600392,True
5618,5618,2819,0,sty+perp,2,0,0.03742926350528342,True
5619,5619,2819,1,sty+perp,2,1,0.9761616461491498,True
5620,5620,2820,0,sty+perp,2,0,0.0004175144753648042,True
5621,5621,2820,1,sty+perp,2,1,0.5495550424735676,True
5622,5622,2821,0,sty+perp,2,0,0.0196600731843145,True
5623,5623,2821,1,sty+perp,2,1,0.999121632030151,True
5624,5624,2822,0,sty+perp,2,0,0.013342727663123536,True
5625,5625,2822,1,sty+perp,2,1,0.999160156693297,True
5626,5626,2823,0,sty+perp,2,0,0.08494274697969845,True
5627,5627,2823,1,sty+perp,2,1,0.9999501810428133,True
5628,5628,2824,0,sty+perp,2,0,0.0008724568941367162,True
5629,5629,2824,1,sty+perp,2,1,0.9996541944909114,True
5630,5630,2825,0,sty+perp,2,0,8.746432177374934e-05,True
5631,5631,2825,1,sty+perp,2,1,0.9996029593836934,True
5632,5632,2826,0,sty+perp,2,0,0.0006898012480998045,True
5633,5633,2826,1,sty+perp,2,1,0.9998747762666927,True
5634,5634,2827,0,sty+perp,2,0,2.5698192708113214e-05,True
5635,5635,2827,1,sty+perp,2,1,0.9869676705972299,True
5636,5636,2828,0,sty+perp,2,0,0.0014832914806552943,True
5637,5637,2828,1,sty+perp,2,1,0.9994465163780115,True
5638,5638,2829,0,sty+perp,2,0,0.01911636728218813,True
5639,5639,2829,1,sty+perp,2,1,0.9989729091812082,True
5640,5640,2830,0,sty+perp,2,0,5.3368641872680917e-05,True
5641,5641,2830,1,sty+perp,2,1,0.9996307470230198,True
5642,5642,2831,0,sty+perp,2,0,4.1584797979085134e-05,True
5643,5643,2831,1,sty+perp,2,1,0.9989623333303993,True
5644,5644,2832,0,sty+perp,2,0,0.0921016805938481,True
5645,5645,2832,1,sty+perp,2,1,0.9998747686424512,True
5646,5646,2833,0,sty+perp,2,0,0.00026346992128871844,True
5647,5647,2833,1,sty+perp,2,1,0.9898392758849164,True
5648,5648,2834,0,sty+perp,2,0,0.0003429250986361388,True
5649,5649,2834,1,sty+perp,2,1,0.9997799523093424,True
5650,5650,2835,0,sty+perp,2,0,0.0001708556315042864,True
5651,5651,2835,1,sty+perp,2,1,0.9996119828493372,True
5652,5652,2836,0,sty+perp,2,0,0.04339246295846128,True
5653,5653,2836,1,sty+perp,2,1,0.9999563040837246,True
5654,5654,2837,0,sty+perp,2,0,0.004300166402128795,True
5655,5655,2837,1,sty+perp,2,1,0.9999279315193491,True
5656,5656,2838,0,sty+perp,2,0,0.020275690686841378,True
5657,5657,2838,1,sty+perp,2,1,0.9993556992629914,True
5658,5658,2839,0,sty+perp,2,0,0.0023932746681902474,True
5659,5659,2839,1,sty+perp,2,1,0.9997213345465753,True
5660,5660,2840,0,sty+perp,2,0,0.006210244264836332,True
5661,5661,2840,1,sty+perp,2,1,0.9993614828232172,True
5662,5662,2841,0,sty+perp,2,0,0.004429529605416236,True
5663,5663,2841,1,sty+perp,2,1,0.9996669532719381,True
5664,5664,2842,0,sty+perp,2,0,3.280475920092913e-05,True
5665,5665,2842,1,sty+perp,2,1,0.9846163084657403,True
5666,5666,2843,0,sty+perp,2,0,0.006436113590791555,True
5667,5667,2843,1,sty+perp,2,1,0.9997402052080762,True
5668,5668,2844,0,sty+perp,2,0,3.227292389790616e-05,True
5669,5669,2844,1,sty+perp,2,1,0.7867516677170624,True
5670,5670,2845,0,sty+perp,2,0,1.8980817373379373e-05,True
5671,5671,2845,1,sty+perp,2,1,0.9993428001648766,True
5672,5672,2846,0,sty+perp,2,0,0.0014999737092857477,True
5673,5673,2846,1,sty+perp,2,1,0.9991992167850767,True
5674,5674,2847,0,sty+perp,2,0,0.016959866735071157,True
5675,5675,2847,1,sty+perp,2,1,0.9999054448485637,True
5676,5676,2848,0,sty+perp,2,0,0.0016533256691869096,True
5677,5677,2848,1,sty+perp,2,1,0.8348981420686244,True
5678,5678,2849,0,sty+perp,2,0,0.00823587904364427,True
5679,5679,2849,1,sty+perp,2,1,0.9999266487315804,True
5680,5680,2850,0,sty+perp,2,0,0.06158598588869279,True
5681,5681,2850,1,sty+perp,2,1,0.9998945599000846,True
5682,5682,2851,0,sty+perp,2,0,0.0005557896981700234,True
5683,5683,2851,1,sty+perp,2,1,0.5842481530450627,True
5684,5684,2852,0,sty+perp,2,0,3.942804091988223e-05,True
5685,5685,2852,1,sty+perp,2,1,0.9967281631583849,True
5686,5686,2853,0,sty+perp,2,0,0.0033467370531478327,True
5687,5687,2853,1,sty+perp,2,1,0.9996741161161702,True
5688,5688,2854,0,sty+perp,2,0,5.821349901045998e-06,True
5689,5689,2854,1,sty+perp,2,1,0.9712494495749177,True
5690,5690,2855,0,sty+perp,2,0,5.134985706016684e-05,True
5691,5691,2855,1,sty+perp,2,1,0.9992387567177362,True
5692,5692,2856,0,sty+perp,2,0,0.00040924583948561706,True
5693,5693,2856,1,sty+perp,2,1,0.9312415221840677,True
5694,5694,2857,0,sty+perp,2,0,0.00019605941017363754,True
5695,5695,2857,1,sty+perp,2,1,0.999762622625372,True
5696,5696,2858,0,sty+perp,2,0,0.0012917838539120666,True
5697,5697,2858,1,sty+perp,2,1,0.9998926692687102,True
5698,5698,2859,0,sty+perp,2,0,0.00022715994103794608,True
5699,5699,2859,1,sty+perp,2,1,0.99565840378504,True
5700,5700,2860,0,sty+perp,2,0,0.00015388587533643054,True
5701,5701,2860,1,sty+perp,2,1,0.9009729705664419,True
5702,5702,2861,0,sty+perp,2,0,0.03957254399703738,True
5703,5703,2861,1,sty+perp,2,0,0.3410908343773094,False
5704,5704,2862,0,sty+perp,2,0,9.820782955993007e-06,True
5705,5705,2862,1,sty+perp,2,1,0.9915293795589873,True
5706,5706,2863,0,sty+perp,2,0,0.020699192206727033,True
5707,5707,2863,1,sty+perp,2,1,0.9990279432106995,True
5708,5708,2864,0,sty+perp,2,0,0.0009495950464967788,True
5709,5709,2864,1,sty+perp,2,1,0.9999004363673859,True
5710,5710,2865,0,sty+perp,2,0,1.2180834049198162e-05,True
5711,5711,2865,1,sty+perp,2,1,0.9999648168239644,True
5712,5712,2866,0,sty+perp,2,0,0.0020769797222058165,True
5713,5713,2866,1,sty+perp,2,1,0.9999702095648667,True
5714,5714,2867,0,sty+perp,2,0,0.000618960277674091,True
5715,5715,2867,1,sty+perp,2,1,0.9991817030049251,True
5716,5716,2868,0,sty+perp,2,0,5.772618324624667e-05,True
5717,5717,2868,1,sty+perp,2,0,0.3032928449077786,False
5718,5718,2869,0,sty+perp,2,0,0.0002893216444329126,True
5719,5719,2869,1,sty+perp,2,1,0.9998125978195396,True
5720,5720,2870,0,sty+perp,2,0,0.012991160855894407,True
5721,5721,2870,1,sty+perp,2,1,0.9997138735065704,True
5722,5722,2871,0,sty+perp,2,0,0.005909659235597461,True
5723,5723,2871,1,sty+perp,2,1,0.9941739019818865,True
5724,5724,2872,0,sty+perp,2,0,0.0010765195242296239,True
5725,5725,2872,1,sty+perp,2,1,0.9999036008442019,True
5726,5726,2873,0,sty+perp,2,0,0.0015993390396503283,True
5727,5727,2873,1,sty+perp,2,1,0.9913583771086153,True
5728,5728,2874,0,sty+perp,2,0,0.0011287432247883318,True
5729,5729,2874,1,sty+perp,2,1,0.9893171214186676,True
5730,5730,2875,0,sty+perp,2,0,0.0041459962323865795,True
5731,5731,2875,1,sty+perp,2,1,0.9999159633151682,True
5732,5732,2876,0,sty+perp,2,0,0.0012817346443540717,True
5733,5733,2876,1,sty+perp,2,1,0.9990590155485259,True
5734,5734,2877,0,sty+perp,2,1,0.8477377482123246,False
5735,5735,2877,1,sty+perp,2,1,0.587394467611866,True
5736,5736,2878,0,sty+perp,2,0,0.0014001597554382504,True
5737,5737,2878,1,sty+perp,2,1,0.999416065980243,True
5738,5738,2879,0,sty+perp,2,0,8.89693399913444e-06,True
5739,5739,2879,1,sty+perp,2,1,0.8559357665365689,True
5740,5740,2880,0,sty+perp,2,0,0.007286861858349183,True
5741,5741,2880,1,sty+perp,2,1,0.9996757347580641,True
5742,5742,2881,0,sty+perp,2,0,0.0020267569514968785,True
5743,5743,2881,1,sty+perp,2,1,0.9990057597235145,True
5744,5744,2882,0,sty+perp,2,0,1.1009852638203217e-05,True
5745,5745,2882,1,sty+perp,2,1,0.9997280481079891,True
5746,5746,2883,0,sty+perp,2,0,0.00012095033393841288,True
5747,5747,2883,1,sty+perp,2,1,0.9999445959300413,True
5748,5748,2884,0,sty+perp,2,0,0.032288966495682185,True
5749,5749,2884,1,sty+perp,2,1,0.9993756195049746,True
5750,5750,2885,0,sty+perp,2,0,0.003984196808081393,True
5751,5751,2885,1,sty+perp,2,1,0.9999346889970895,True
5752,5752,2886,0,sty+perp,2,0,1.396759921639397e-05,True
5753,5753,2886,1,sty+perp,2,1,0.9994969920856553,True
5754,5754,2887,0,sty+perp,2,0,0.004883871322190991,True
5755,5755,2887,1,sty+perp,2,1,0.9993452792777872,True
5756,5756,2888,0,sty+perp,2,0,0.0075241464133487335,True
5757,5757,2888,1,sty+perp,2,1,0.999933214083895,True
5758,5758,2889,0,sty+perp,2,0,0.004214655969894296,True
5759,5759,2889,1,sty+perp,2,1,0.9999167059971291,True
5760,5760,2890,0,sty+perp,2,0,0.00014953087011050536,True
5761,5761,2890,1,sty+perp,2,1,0.9995676490477411,True
5762,5762,2891,0,sty+perp,2,0,0.00034873650049913724,True
5763,5763,2891,1,sty+perp,2,1,0.9999744380113083,True
5764,5764,2892,0,sty+perp,2,0,0.004757900328516079,True
5765,5765,2892,1,sty+perp,2,1,0.9993015532976319,True
5766,5766,2893,0,sty+perp,2,0,0.0014681780444005894,True
5767,5767,2893,1,sty+perp,2,1,0.9991050431850229,True
5768,5768,2894,0,sty+perp,2,0,0.0035658333852548324,True
5769,5769,2894,1,sty+perp,2,0,0.37482681380730715,False
5770,5770,2895,0,sty+perp,2,0,0.0005540501681894232,True
5771,5771,2895,1,sty+perp,2,1,0.9975109515056054,True
5772,5772,2896,0,sty+perp,2,0,0.0365703881911887,True
5773,5773,2896,1,sty+perp,2,1,0.7767823453694163,True
5774,5774,2897,0,sty+perp,2,0,0.010255303923681722,True
5775,5775,2897,1,sty+perp,2,1,0.9882420400046887,True
5776,5776,2898,0,sty+perp,2,0,0.0024305562180487565,True
5777,5777,2898,1,sty+perp,2,1,0.9998913487209233,True
5778,5778,2899,0,sty+perp,2,0,0.011351491747825161,True
5779,5779,2899,1,sty+perp,2,1,0.9998664981257032,True
5780,5780,2900,0,sty+perp,2,0,0.009407155534702663,True
5781,5781,2900,1,sty+perp,2,0,0.44935379893037164,False
5782,5782,2901,0,sty+perp,2,0,4.449830143370889e-06,True
5783,5783,2901,1,sty+perp,2,1,0.9998151269501258,True
5784,5784,2902,0,sty+perp,2,0,0.0002926442940668953,True
5785,5785,2902,1,sty+perp,2,1,0.9997610476823854,True
5786,5786,2903,0,sty+perp,2,0,0.000763802694987352,True
5787,5787,2903,1,sty+perp,2,1,0.9475705831869772,True
5788,5788,2904,0,sty+perp,2,0,0.0037352915661476105,True
5789,5789,2904,1,sty+perp,2,1,0.9319447607574785,True
5790,5790,2905,0,sty+perp,2,0,0.00012348366109697447,True
5791,5791,2905,1,sty+perp,2,1,0.999867154933119,True
5792,5792,2906,0,sty+perp,2,0,0.08741689060093144,True
5793,5793,2906,1,sty+perp,2,1,0.999989103220624,True
5794,5794,2907,0,sty+perp,2,0,0.0008039496759157652,True
5795,5795,2907,1,sty+perp,2,1,0.9981560801564044,True
5796,5796,2908,0,sty+perp,2,0,7.918226761265706e-06,True
5797,5797,2908,1,sty+perp,2,1,0.9997837044065255,True
5798,5798,2909,0,sty+perp,2,0,3.154015218953372e-05,True
5799,5799,2909,1,sty+perp,2,1,0.9998939593636683,True
5800,5800,2910,0,sty+perp,2,0,0.0023764975134850297,True
5801,5801,2910,1,sty+perp,2,1,0.9996943429010638,True
5802,5802,2911,0,sty+perp,2,0,2.3643812363890323e-05,True
5803,5803,2911,1,sty+perp,2,1,0.9999730356895652,True
5804,5804,2912,0,sty+perp,2,0,0.003164117031347639,True
5805,5805,2912,1,sty+perp,2,1,0.9999513676995803,True
5806,5806,2913,0,sty+perp,2,0,5.648201051299167e-05,True
5807,5807,2913,1,sty+perp,2,1,0.99987974142193,True
5808,5808,2914,0,sty+perp,2,0,0.00035580724402090367,True
5809,5809,2914,1,sty+perp,2,1,0.9997961414311818,True
5810,5810,2915,0,sty+perp,2,0,0.0007808760083946344,True
5811,5811,2915,1,sty+perp,2,1,0.9980911300363705,True
5812,5812,2916,0,sty+perp,2,0,0.0027768493733394085,True
5813,5813,2916,1,sty+perp,2,1,0.9999803860177923,True
5814,5814,2917,0,sty+perp,2,0,8.893601956169375e-05,True
5815,5815,2917,1,sty+perp,2,1,0.9999674504597321,True
5816,5816,2918,0,sty+perp,2,0,2.497601289141404e-05,True
5817,5817,2918,1,sty+perp,2,1,0.9189597920414516,True
5818,5818,2919,0,sty+perp,2,0,2.2412404821128552e-05,True
5819,5819,2919,1,sty+perp,2,1,0.9946861453779481,True
5820,5820,2920,0,sty+perp,2,0,0.0008298077615735241,True
5821,5821,2920,1,sty+perp,2,1,0.9993325654945581,True
5822,5822,2921,0,sty+perp,2,0,0.0010850559768236965,True
5823,5823,2921,1,sty+perp,2,1,0.9995528349031211,True
5824,5824,2922,0,sty+perp,2,0,4.119631665908411e-06,True
5825,5825,2922,1,sty+perp,2,1,0.9975624779687167,True
5826,5826,2923,0,sty+perp,2,0,0.0022114056764079106,True
5827,5827,2923,1,sty+perp,2,1,0.9999179864076025,True
5828,5828,2924,0,sty+perp,2,0,3.757989800076278e-05,True
5829,5829,2924,1,sty+perp,2,1,0.9993682089396423,True
5830,5830,2925,0,sty+perp,2,0,3.433849450458018e-05,True
5831,5831,2925,1,sty+perp,2,1,0.8503917319535229,True
5832,5832,2926,0,sty+perp,2,0,3.4661356515019694e-05,True
5833,5833,2926,1,sty+perp,2,1,0.9998935611768414,True
5834,5834,2927,0,sty+perp,2,0,0.2065276482549415,True
5835,5835,2927,1,sty+perp,2,1,0.999987278159494,True
5836,5836,2928,0,sty+perp,2,0,0.03327760894737845,True
5837,5837,2928,1,sty+perp,2,1,0.999916076038829,True
5838,5838,2929,0,sty+perp,2,0,0.012258282036942594,True
5839,5839,2929,1,sty+perp,2,1,0.9999191732096907,True
5840,5840,2930,0,sty+perp,2,0,0.0018710014976473803,True
5841,5841,2930,1,sty+perp,2,1,0.9999559062738834,True
5842,5842,2931,0,sty+perp,2,0,0.021261757472328058,True
5843,5843,2931,1,sty+perp,2,1,0.9868196568884268,True
5844,5844,2932,0,sty+perp,2,0,0.0008121454260748046,True
5845,5845,2932,1,sty+perp,2,1,0.9999514901429212,True
5846,5846,2933,0,sty+perp,2,0,0.0002855931017242685,True
5847,5847,2933,1,sty+perp,2,1,0.9999051414408838,True
5848,5848,2934,0,sty+perp,2,0,0.004348154406497083,True
5849,5849,2934,1,sty+perp,2,1,0.9997047190135018,True
5850,5850,2935,0,sty+perp,2,0,0.013709867328057077,True
5851,5851,2935,1,sty+perp,2,1,0.9992658443071902,True
5852,5852,2936,0,sty+perp,2,0,0.003645089382802303,True
5853,5853,2936,1,sty+perp,2,1,0.9908690931588012,True
5854,5854,2937,0,sty+perp,2,0,0.0006818375919651557,True
5855,5855,2937,1,sty+perp,2,1,0.9593717602013693,True
5856,5856,2938,0,sty+perp,2,0,0.00506831659779177,True
5857,5857,2938,1,sty+perp,2,1,0.9998833701269482,True
5858,5858,2939,0,sty+perp,2,0,0.0008639522093966259,True
5859,5859,2939,1,sty+perp,2,1,0.9985738344541263,True
5860,5860,2940,0,sty+perp,2,0,0.00029971244819984523,True
5861,5861,2940,1,sty+perp,2,1,0.9882387768016435,True
5862,5862,2941,0,sty+perp,2,0,1.5423884614787192e-05,True
5863,5863,2941,1,sty+perp,2,1,0.9994822949677764,True
5864,5864,2942,0,sty+perp,2,0,0.09146947972268679,True
5865,5865,2942,1,sty+perp,2,1,0.9989008711279268,True
5866,5866,2943,0,sty+perp,2,0,0.028494001695706404,True
5867,5867,2943,1,sty+perp,2,1,0.9999053002986045,True
5868,5868,2944,0,sty+perp,2,0,0.067015778510558,True
5869,5869,2944,1,sty+perp,2,1,0.8552361746060082,True
5870,5870,2945,0,sty+perp,2,0,0.23226593887887162,True
5871,5871,2945,1,sty+perp,2,1,0.9999028269780804,True
5872,5872,2946,0,sty+perp,2,0,0.008654160591909016,True
5873,5873,2946,1,sty+perp,2,1,0.9999809611103261,True
5874,5874,2947,0,sty+perp,2,0,5.691234478504394e-05,True
5875,5875,2947,1,sty+perp,2,1,0.999859898743215,True
5876,5876,2948,0,sty+perp,2,0,6.0634638172897905e-05,True
5877,5877,2948,1,sty+perp,2,1,0.99122651965034,True
5878,5878,2949,0,sty+perp,2,0,9.748107840383737e-06,True
5879,5879,2949,1,sty+perp,2,1,0.9947537908015665,True
5880,5880,2950,0,sty+perp,2,0,0.23336758572212785,True
5881,5881,2950,1,sty+perp,2,1,0.9999834598012072,True
5882,5882,2951,0,sty+perp,2,0,5.861951762333882e-06,True
5883,5883,2951,1,sty+perp,2,1,0.9957292872241209,True
5884,5884,2952,0,sty+perp,2,0,3.9722657944308394e-05,True
5885,5885,2952,1,sty+perp,2,1,0.9998634697910616,True
5886,5886,2953,0,sty+perp,2,0,0.0014926947120724463,True
5887,5887,2953,1,sty+perp,2,1,0.9986062770380577,True
5888,5888,2954,0,sty+perp,2,0,0.007126247397964829,True
5889,5889,2954,1,sty+perp,2,1,0.9996638604652194,True
5890,5890,2955,0,sty+perp,2,0,0.15225512725339085,True
5891,5891,2955,1,sty+perp,2,1,0.9998412932251556,True
5892,5892,2956,0,sty+perp,2,0,0.0003169620185309879,True
5893,5893,2956,1,sty+perp,2,1,0.9999531274569371,True
5894,5894,2957,0,sty+perp,2,0,0.1140533178704875,True
5895,5895,2957,1,sty+perp,2,1,0.9999450152226855,True
5896,5896,2958,0,sty+perp,2,0,2.4402732572008e-05,True
5897,5897,2958,1,sty+perp,2,1,0.9974153465345553,True
5898,5898,2959,0,sty+perp,2,0,0.0002936308971843476,True
5899,5899,2959,1,sty+perp,2,1,0.9994424762716291,True
5900,5900,2960,0,sty+perp,2,0,3.660543619166106e-05,True
5901,5901,2960,1,sty+perp,2,1,0.9997516845837774,True
5902,5902,2961,0,sty+perp,2,0,0.0034352688217033386,True
5903,5903,2961,1,sty+perp,2,1,0.9664843280821727,True
5904,5904,2962,0,sty+perp,2,0,0.05266300809768828,True
5905,5905,2962,1,sty+perp,2,1,0.9947593772264508,True
5906,5906,2963,0,sty+perp,2,0,0.0005068530387323557,True
5907,5907,2963,1,sty+perp,2,1,0.9985801770014097,True
5908,5908,2964,0,sty+perp,2,0,0.0002923741567193743,True
5909,5909,2964,1,sty+perp,2,1,0.9968819119406979,True
5910,5910,2965,0,sty+perp,2,0,8.45371534410599e-05,True
5911,5911,2965,1,sty+perp,2,1,0.9965825660469579,True
5912,5912,2966,0,sty+perp,2,0,0.00013923073839960902,True
5913,5913,2966,1,sty+perp,2,1,0.9994358902048041,True
5914,5914,2967,0,sty+perp,2,0,0.0018754181002449137,True
5915,5915,2967,1,sty+perp,2,1,0.9907683308382645,True
5916,5916,2968,0,sty+perp,2,0,0.0054686179255037225,True
5917,5917,2968,1,sty+perp,2,1,0.9956885774377099,True
5918,5918,2969,0,sty+perp,2,0,0.0014716725359046445,True
5919,5919,2969,1,sty+perp,2,1,0.9917270389010592,True
5920,5920,2970,0,sty+perp,2,0,2.1558331028992533e-05,True
5921,5921,2970,1,sty+perp,2,1,0.9998339542246639,True
5922,5922,2971,0,sty+perp,2,0,0.0006538458367433092,True
5923,5923,2971,1,sty+perp,2,1,0.9972701295903899,True
5924,5924,2972,0,sty+perp,2,0,0.01968522005231412,True
5925,5925,2972,1,sty+perp,2,1,0.9971631479924271,True
5926,5926,2973,1,sty+perp,2,1,0.9995732138390327,True
5927,5927,2974,0,sty+perp,2,0,0.0002822046783747242,True
5928,5928,2974,1,sty+perp,2,0,0.034247769068277284,False
5929,5929,2975,0,sty+perp,2,0,9.972346206768484e-05,True
5930,5930,2975,1,sty+perp,2,1,0.995470439604894,True
5931,5931,2976,0,sty+perp,2,0,0.00022036674748747076,True
5932,5932,2976,1,sty+perp,2,1,0.9990806664489625,True
5933,5933,2977,0,sty+perp,2,0,0.004100501781457885,True
5934,5934,2977,1,sty+perp,2,1,0.9992992661311727,True
5935,5935,2978,0,sty+perp,2,0,0.010118235878706545,True
5936,5936,2978,1,sty+perp,2,1,0.9996176099755711,True
5937,5937,2979,0,sty+perp,2,0,1.8626465448610905e-05,True
5938,5938,2979,1,sty+perp,2,1,0.9856110073650314,True
5939,5939,2980,0,sty+perp,2,0,0.0002897673474143083,True
5940,5940,2980,1,sty+perp,2,1,0.9999542539429973,True
5941,5941,2981,0,sty+perp,2,0,4.7239564570242925e-05,True
5942,5942,2981,1,sty+perp,2,1,0.9968483768999566,True
5943,5943,2982,0,sty+perp,2,0,0.00246537249020653,True
5944,5944,2982,1,sty+perp,2,1,0.9941669593761508,True
5945,5945,2983,0,sty+perp,2,0,0.012715045728404597,True
5946,5946,2983,1,sty+perp,2,1,0.999879931396696,True
5947,5947,2984,0,sty+perp,2,0,5.065428303288631e-06,True
5948,5948,2984,1,sty+perp,2,1,0.9990139401490192,True
5949,5949,2985,0,sty+perp,2,0,5.9944996768931406e-05,True
5950,5950,2985,1,sty+perp,2,1,0.9994775983181585,True
5951,5951,2986,0,sty+perp,2,0,0.000744257529436511,True
5952,5952,2986,1,sty+perp,2,1,0.9997604075413051,True
5953,5953,2987,0,sty+perp,2,0,5.01086126489651e-06,True
5954,5954,2987,1,sty+perp,2,1,0.9969554957513823,True
5955,5955,2988,0,sty+perp,2,0,0.0011347904150200011,True
5956,5956,2988,1,sty+perp,2,1,0.9993805752569722,True
5957,5957,2989,0,sty+perp,2,0,0.0011907080942853933,True
5958,5958,2989,1,sty+perp,2,1,0.9999577138686566,True
5959,5959,2990,0,sty+perp,2,0,0.0008948833644773681,True
5960,5960,2990,1,sty+perp,2,1,0.995927316636929,True
5961,5961,2991,0,sty+perp,2,1,0.5405109145635989,False
5962,5962,2991,1,sty+perp,2,1,0.9999294143732823,True
5963,5963,2992,0,sty+perp,2,0,0.045139094769074906,True
5964,5964,2992,1,sty+perp,2,1,0.9999479672234962,True
5965,5965,2993,0,sty+perp,2,0,3.3353812299928165e-06,True
5966,5966,2993,1,sty+perp,2,1,0.996298748178838,True
5967,5967,2994,0,sty+perp,2,0,0.015811715194506276,True
5968,5968,2994,1,sty+perp,2,1,0.9999052162630788,True
5969,5969,2995,0,sty+perp,2,0,0.0010788903878547079,True
5970,5970,2995,1,sty+perp,2,1,0.9999255732140916,True
5971,5971,2996,0,sty+perp,2,0,0.35174947129582723,True
5972,5972,2996,1,sty+perp,2,1,0.9997667180658918,True
5973,5973,2997,0,sty+perp,2,0,0.0004108769820353776,True
5974,5974,2997,1,sty+perp,2,1,0.9999741089796846,True
5975,5975,2998,0,sty+perp,2,0,0.0017725240585417096,True
5976,5976,2998,1,sty+perp,2,1,0.957332112498638,True
5977,5977,2999,0,sty+perp,2,0,0.07214845283304334,True
5978,5978,2999,1,sty+perp,2,1,0.9992139792135813,True
