row_index,doc_id,source_id,label_aktual,kombinasi,n_fitur,prediksi,probabilitas_AI,benar
0,0,0,0,sty+bert,2,1,0.578313703169762,False
1,1,0,1,sty+bert,2,1,0.9951567889269683,True
2,2,1,0,sty+bert,2,0,0.008409345448720504,True
3,3,1,1,sty+bert,2,1,0.9931593518851901,True
4,4,2,0,sty+bert,2,0,0.017417623126118317,True
5,5,2,1,sty+bert,2,1,0.9992618686328343,True
6,6,3,0,sty+bert,2,0,0.011560735174401279,True
7,7,3,1,sty+bert,2,1,0.9982844199310171,True
8,8,4,0,sty+bert,2,0,0.0026193755135498504,True
9,9,4,1,sty+bert,2,1,0.9983681852447702,True
10,10,5,0,sty+bert,2,0,0.013009910106364167,True
11,11,5,1,sty+bert,2,1,0.9911043427402828,True
12,12,6,0,sty+bert,2,0,0.00346226421419137,True
13,13,6,1,sty+bert,2,1,0.9938210918717799,True
14,14,7,0,sty+bert,2,0,0.009700819197938753,True
15,15,7,1,sty+bert,2,1,0.9972934481610468,True
16,16,8,0,sty+bert,2,0,0.002513137608927658,True
17,17,8,1,sty+bert,2,1,0.9978930541523096,True
18,18,9,0,sty+bert,2,0,0.10248529436733779,True
19,19,9,1,sty+bert,2,1,0.9892475525310801,True
20,20,10,0,sty+bert,2,0,0.35969405075469896,True
21,21,10,1,sty+bert,2,1,0.9911984660270752,True
22,22,11,0,sty+bert,2,0,0.025793421549024014,True
23,23,11,1,sty+bert,2,1,0.989320084515295,True
24,24,12,0,sty+bert,2,0,0.015479223403245014,True
25,25,12,1,sty+bert,2,1,0.9949714687777698,True
26,26,13,0,sty+bert,2,0,0.011907907216046901,True
27,27,13,1,sty+bert,2,1,0.9916767861628099,True
28,28,14,0,sty+bert,2,0,0.003642250100571485,True
29,29,14,1,sty+bert,2,1,0.9982156438027471,True
30,30,15,0,sty+bert,2,0,0.03404974672412974,True
31,31,15,1,sty+bert,2,1,0.9997167577596,True
32,32,16,0,sty+bert,2,0,0.021405934719192443,True
33,33,16,1,sty+bert,2,1,0.9638798048435713,True
34,34,17,0,sty+bert,2,0,0.00877228053834814,True
35,35,17,1,sty+bert,2,1,0.9997420189575337,True
36,36,18,0,sty+bert,2,0,0.09315030553185301,True
37,37,18,1,sty+bert,2,1,0.9988848158880732,True
38,38,19,0,sty+bert,2,0,0.3789883251077598,True
39,39,19,1,sty+bert,2,1,0.99870534394065,True
40,40,20,0,sty+bert,2,0,0.0008728609201783903,True
41,41,20,1,sty+bert,2,1,0.9835392207958604,True
42,42,21,0,sty+bert,2,0,0.01053041705760991,True
43,43,21,1,sty+bert,2,0,0.44596425839728376,False
44,44,22,0,sty+bert,2,0,0.48169618828073923,True
45,45,22,1,sty+bert,2,1,0.9908553958412585,True
46,46,23,0,sty+bert,2,0,0.00014830742062225082,True
47,47,23,1,sty+bert,2,1,0.99684836857644,True
48,48,24,0,sty+bert,2,0,0.17316000987275465,True
49,49,24,1,sty+bert,2,1,0.6524896573078848,True
50,50,25,0,sty+bert,2,0,0.1408668671818408,True
51,51,25,1,sty+bert,2,1,0.9989920183906862,True
52,52,26,0,sty+bert,2,0,0.273199152548808,True
53,53,26,1,sty+bert,2,1,0.9982536917238306,True
54,54,27,0,sty+bert,2,0,0.001088708967384314,True
55,55,27,1,sty+bert,2,1,0.9957146834902907,True
56,56,28,0,sty+bert,2,0,0.44674894037964424,True
57,57,28,1,sty+bert,2,1,0.999702770913151,True
58,58,29,0,sty+bert,2,0,0.035339873218358436,True
59,59,29,1,sty+bert,2,1,0.9977789751518725,True
60,60,30,0,sty+bert,2,0,0.0006274844975383822,True
61,61,30,1,sty+bert,2,1,0.9963779592137919,True
62,62,31,0,sty+bert,2,0,0.0009853061640788716,True
63,63,31,1,sty+bert,2,1,0.9892812163439683,True
64,64,32,0,sty+bert,2,0,0.023664273108069372,True
65,65,32,1,sty+bert,2,0,0.008688402468241561,False
66,66,33,0,sty+bert,2,0,0.0006161334891682772,True
67,67,33,1,sty+bert,2,1,0.9927419341366989,True
68,68,34,0,sty+bert,2,0,0.024739176180987914,True
69,69,34,1,sty+bert,2,1,0.9782614978376463,True
70,70,35,0,sty+bert,2,0,0.0042873249797370176,True
71,71,35,1,sty+bert,2,1,0.9969351580361415,True
72,72,36,0,sty+bert,2,0,0.0008205703446390619,True
73,73,36,1,sty+bert,2,1,0.9948953414851391,True
74,74,37,0,sty+bert,2,0,0.0008839754666995016,True
75,75,37,1,sty+bert,2,1,0.9934146660492071,True
76,76,38,0,sty+bert,2,0,0.015760630864060692,True
77,77,38,1,sty+bert,2,1,0.9996753776585225,True
78,78,39,0,sty+bert,2,0,0.006258729364342501,True
79,79,39,1,sty+bert,2,1,0.9994836273742154,True
80,80,40,0,sty+bert,2,0,0.00027141796827079393,True
81,81,40,1,sty+bert,2,1,0.7993058555289094,True
82,82,41,0,sty+bert,2,0,0.0027933228280342982,True
83,83,41,1,sty+bert,2,1,0.9524769251951907,True
84,84,42,0,sty+bert,2,0,0.06419816315023127,True
85,85,42,1,sty+bert,2,1,0.997914796436049,True
86,86,43,0,sty+bert,2,0,0.1330594800121132,True
87,87,43,1,sty+bert,2,1,0.9994780232156945,True
88,88,44,0,sty+bert,2,0,0.006854956002594456,True
89,89,44,1,sty+bert,2,1,0.9260850599520083,True
90,90,45,0,sty+bert,2,0,0.11243039436324814,True
91,91,45,1,sty+bert,2,1,0.8002602815653205,True
92,92,46,0,sty+bert,2,0,0.008631318342040596,True
93,93,46,1,sty+bert,2,1,0.999896100114966,True
94,94,47,0,sty+bert,2,0,0.08510446923659358,True
95,95,47,1,sty+bert,2,1,0.9751385334223311,True
96,96,48,0,sty+bert,2,0,0.0002560425945074772,True
97,97,48,1,sty+bert,2,0,0.23957137088059252,False
98,98,49,0,sty+bert,2,0,8.166998708488226e-05,True
99,99,49,1,sty+bert,2,1,0.9963065907387814,True
100,100,50,0,sty+bert,2,1,0.5332994931628592,False
101,101,50,1,sty+bert,2,1,0.9966337954449469,True
102,102,51,0,sty+bert,2,0,0.14558438993722556,True
103,103,51,1,sty+bert,2,1,0.9899208255459468,True
104,104,52,0,sty+bert,2,0,0.0005205346142223143,True
105,105,52,1,sty+bert,2,0,0.1305947354310243,False
106,106,53,0,sty+bert,2,0,0.0014390342561041995,True
107,107,53,1,sty+bert,2,1,0.9983306047698268,True
108,108,54,0,sty+bert,2,0,0.002154285864531857,True
109,109,54,1,sty+bert,2,0,0.2316910755646305,False
110,110,55,0,sty+bert,2,0,0.0004558818022294834,True
111,111,55,1,sty+bert,2,1,0.9996002920385922,True
112,112,56,0,sty+bert,2,0,0.0010478168579605336,True
113,113,56,1,sty+bert,2,1,0.9976392131328498,True
114,114,57,0,sty+bert,2,0,0.016061551404076325,True
115,115,57,1,sty+bert,2,1,0.9912344684709996,True
116,116,58,0,sty+bert,2,0,0.15609556539378514,True
117,117,58,1,sty+bert,2,1,0.9988282499985025,True
118,118,59,0,sty+bert,2,0,0.0021855191236247536,True
119,119,59,1,sty+bert,2,1,0.9997476592509058,True
120,120,60,0,sty+bert,2,0,0.004170877808299455,True
121,121,60,1,sty+bert,2,1,0.9487408650483333,True
122,122,61,0,sty+bert,2,0,0.00764254742861423,True
123,123,61,1,sty+bert,2,1,0.987596740197617,True
124,124,62,0,sty+bert,2,0,0.00668834134610279,True
125,125,62,1,sty+bert,2,1,0.9874571321018523,True
126,126,63,0,sty+bert,2,0,0.01319670818473359,True
127,127,63,1,sty+bert,2,1,0.973224528279111,True
128,128,64,0,sty+bert,2,0,0.003719443457447894,True
129,129,64,1,sty+bert,2,1,0.954912457469111,True
130,130,65,0,sty+bert,2,1,0.7961970377328654,False
131,131,65,1,sty+bert,2,1,0.9948520612211784,True
132,132,66,0,sty+bert,2,1,0.8106329967303267,False
133,133,66,1,sty+bert,2,1,0.9948933032898503,True
134,134,67,0,sty+bert,2,0,0.012665758899741655,True
135,135,67,1,sty+bert,2,1,0.9975500378973504,True
136,136,68,0,sty+bert,2,0,0.0076852744041887,True
137,137,68,1,sty+bert,2,1,0.9935648821996862,True
138,138,69,0,sty+bert,2,0,0.00874947256259431,True
139,139,69,1,sty+bert,2,1,0.7624285548042502,True
140,140,70,0,sty+bert,2,0,0.005356372991567118,True
141,141,70,1,sty+bert,2,1,0.9829628856893757,True
142,142,71,0,sty+bert,2,0,0.0012028808553780918,True
143,143,71,1,sty+bert,2,1,0.9990402992138409,True
144,144,72,0,sty+bert,2,0,0.0017750580893841985,True
145,145,72,1,sty+bert,2,1,0.9826679998029519,True
146,146,73,1,sty+bert,2,1,0.9991421659233526,True
147,147,74,0,sty+bert,2,0,0.0008790244691701594,True
148,148,74,1,sty+bert,2,1,0.9998581595915019,True
149,149,75,0,sty+bert,2,0,0.010676873647337373,True
150,150,75,1,sty+bert,2,1,0.9956419462741569,True
151,151,76,0,sty+bert,2,0,0.0018513633779980033,True
152,152,76,1,sty+bert,2,1,0.996169656402421,True
153,153,77,0,sty+bert,2,0,0.006101320258329822,True
154,154,77,1,sty+bert,2,1,0.9486012671343673,True
155,155,78,0,sty+bert,2,0,0.04160540121075105,True
156,156,78,1,sty+bert,2,1,0.8378209276703296,True
157,157,79,0,sty+bert,2,0,0.4427013678782744,True
158,158,79,1,sty+bert,2,1,0.8031849266337869,True
159,159,80,0,sty+bert,2,0,0.006424177487335643,True
160,160,80,1,sty+bert,2,1,0.9378280287524235,True
161,161,81,0,sty+bert,2,0,0.014510067659615915,True
162,162,81,1,sty+bert,2,1,0.9995147539157537,True
163,163,82,0,sty+bert,2,0,0.0047266334820299915,True
164,164,82,1,sty+bert,2,1,0.9983854581698999,True
165,165,83,0,sty+bert,2,0,0.0007723092548342763,True
166,166,83,1,sty+bert,2,1,0.9847846070672664,True
167,167,84,0,sty+bert,2,0,0.004383304139949936,True
168,168,84,1,sty+bert,2,1,0.9968420078336327,True
169,169,85,0,sty+bert,2,0,0.0063086278348749285,True
170,170,85,1,sty+bert,2,1,0.9991999875013985,True
171,171,86,0,sty+bert,2,0,0.02776642195642619,True
172,172,86,1,sty+bert,2,1,0.9991937508374455,True
173,173,87,0,sty+bert,2,0,0.00260370010394211,True
174,174,87,1,sty+bert,2,1,0.9930127407562079,True
175,175,88,0,sty+bert,2,1,0.8883797471599935,False
176,176,88,1,sty+bert,2,1,0.9978869422301252,True
177,177,89,0,sty+bert,2,0,0.002220928455869858,True
178,178,89,1,sty+bert,2,1,0.9985253435097429,True
179,179,90,0,sty+bert,2,0,0.012788757210343565,True
180,180,90,1,sty+bert,2,1,0.9995051389099563,True
181,181,91,0,sty+bert,2,0,0.002423078560782266,True
182,182,91,1,sty+bert,2,1,0.9971158921588283,True
183,183,92,0,sty+bert,2,0,0.1387170805020687,True
184,184,92,1,sty+bert,2,1,0.9998055494335628,True
185,185,93,0,sty+bert,2,0,0.001132024902207871,True
186,186,93,1,sty+bert,2,1,0.9974753660803102,True
187,187,94,0,sty+bert,2,0,0.007116552718408988,True
188,188,94,1,sty+bert,2,1,0.9990553318751445,True
189,189,95,0,sty+bert,2,0,0.0026559822986360784,True
190,190,95,1,sty+bert,2,1,0.964488879134821,True
191,191,96,0,sty+bert,2,0,8.151823583900001e-05,True
192,192,96,1,sty+bert,2,1,0.9992699043300604,True
193,193,97,0,sty+bert,2,0,0.0008580909366105726,True
194,194,97,1,sty+bert,2,1,0.9944057291641357,True
195,195,98,0,sty+bert,2,0,0.003102808279505304,True
196,196,98,1,sty+bert,2,1,0.9661233205089106,True
197,197,99,0,sty+bert,2,0,0.01679600692044094,True
198,198,99,1,sty+bert,2,1,0.9979812569934762,True
199,199,100,0,sty+bert,2,0,0.0005133748583062896,True
200,200,100,1,sty+bert,2,1,0.998489518989611,True
201,201,101,0,sty+bert,2,0,0.0009148070710451139,True
202,202,101,1,sty+bert,2,1,0.9983536926175317,True
203,203,102,0,sty+bert,2,0,0.000901560310180002,True
204,204,102,1,sty+bert,2,1,0.9884078724249096,True
205,205,103,0,sty+bert,2,0,0.005019265518486139,True
206,206,103,1,sty+bert,2,1,0.9992653384354399,True
207,207,104,0,sty+bert,2,0,0.08917412021118723,True
208,208,104,1,sty+bert,2,1,0.9834191103818651,True
209,209,105,0,sty+bert,2,0,0.04888089889539596,True
210,210,105,1,sty+bert,2,1,0.9974594419048461,True
211,211,106,0,sty+bert,2,0,0.0012987939088581486,True
212,212,106,1,sty+bert,2,1,0.9768785141717927,True
213,213,107,0,sty+bert,2,0,0.009777866330540327,True
214,214,107,1,sty+bert,2,1,0.9998024610172618,True
215,215,108,0,sty+bert,2,0,4.320903672353314e-05,True
216,216,108,1,sty+bert,2,1,0.783983859503089,True
217,217,109,0,sty+bert,2,0,0.0015203440573952718,True
218,218,109,1,sty+bert,2,1,0.97502551241733,True
219,219,110,0,sty+bert,2,0,0.0004991829310946636,True
220,220,110,1,sty+bert,2,1,0.7606400166282733,True
221,221,111,0,sty+bert,2,0,0.00024518678112114546,True
222,222,111,1,sty+bert,2,1,0.9338260013368426,True
223,223,112,0,sty+bert,2,0,0.00015558233206279656,True
224,224,112,1,sty+bert,2,1,0.9963575248397999,True
225,225,113,0,sty+bert,2,0,0.00037465285674404594,True
226,226,113,1,sty+bert,2,1,0.9228605247050048,True
227,227,114,0,sty+bert,2,0,0.0019991033307221705,True
228,228,114,1,sty+bert,2,1,0.9931889466311045,True
229,229,115,0,sty+bert,2,0,0.002891766203280896,True
230,230,115,1,sty+bert,2,1,0.9971735737236692,True
231,231,116,0,sty+bert,2,0,0.0007850849286923222,True
232,232,116,1,sty+bert,2,1,0.9996372971047861,True
233,233,117,0,sty+bert,2,0,0.003911806698625221,True
234,234,117,1,sty+bert,2,1,0.9910263542104547,True
235,235,118,0,sty+bert,2,0,0.01906778817817819,True
236,236,118,1,sty+bert,2,1,0.9995468506895968,True
237,237,119,0,sty+bert,2,0,0.0007662601927424659,True
238,238,119,1,sty+bert,2,1,0.9928605508776532,True
239,239,120,0,sty+bert,2,0,0.10904447583791747,True
240,240,120,1,sty+bert,2,1,0.9571421559557091,True
241,241,121,0,sty+bert,2,0,0.0021252994342679022,True
242,242,121,1,sty+bert,2,1,0.9996966558382686,True
243,243,122,0,sty+bert,2,0,0.0017688743232877817,True
244,244,122,1,sty+bert,2,1,0.9943577481230164,True
245,245,123,0,sty+bert,2,0,0.30841118383335286,True
246,246,123,1,sty+bert,2,1,0.992131769630547,True
247,247,124,0,sty+bert,2,0,0.0010663812217229906,True
248,248,124,1,sty+bert,2,1,0.9991526503814707,True
249,249,125,0,sty+bert,2,0,0.010396200367256045,True
250,250,125,1,sty+bert,2,1,0.7003844939015339,True
251,251,126,0,sty+bert,2,0,0.012394224541293419,True
252,252,126,1,sty+bert,2,1,0.9953835785756877,True
253,253,127,0,sty+bert,2,0,0.014291839543690465,True
254,254,127,1,sty+bert,2,1,0.9978623010505383,True
255,255,128,0,sty+bert,2,0,0.0021046805131212315,True
256,256,128,1,sty+bert,2,1,0.9978890631528595,True
257,257,129,0,sty+bert,2,0,0.001111328729601878,True
258,258,129,1,sty+bert,2,1,0.9984154639818017,True
259,259,130,0,sty+bert,2,0,0.00048571151752414105,True
260,260,130,1,sty+bert,2,1,0.9837979260861255,True
261,261,131,0,sty+bert,2,0,0.0006184157925900325,True
262,262,131,1,sty+bert,2,1,0.9989184600222021,True
263,263,132,0,sty+bert,2,0,0.26040523034704305,True
264,264,132,1,sty+bert,2,1,0.9979031205592837,True
265,265,133,0,sty+bert,2,0,0.00013630537991357836,True
266,266,133,1,sty+bert,2,1,0.9940806900736827,True
267,267,134,0,sty+bert,2,0,0.03136801531543728,True
268,268,134,1,sty+bert,2,0,0.2874885402129878,False
269,269,135,0,sty+bert,2,0,0.0037079010562323478,True
270,270,135,1,sty+bert,2,1,0.9994659416286501,True
271,271,136,0,sty+bert,2,0,0.05134076517636106,True
272,272,136,1,sty+bert,2,1,0.9454044474293212,True
273,273,137,0,sty+bert,2,0,0.0020289661521577565,True
274,274,137,1,sty+bert,2,1,0.9720184462450498,True
275,275,138,0,sty+bert,2,0,0.0009292704776153099,True
276,276,138,1,sty+bert,2,1,0.7201035784421901,True
277,277,139,0,sty+bert,2,0,0.0011230982385513134,True
278,278,139,1,sty+bert,2,1,0.995082832368002,True
279,279,140,0,sty+bert,2,0,0.11584444970814782,True
280,280,140,1,sty+bert,2,1,0.963986292011386,True
281,281,141,0,sty+bert,2,0,0.010418095573374277,True
282,282,141,1,sty+bert,2,1,0.9733325220482106,True
283,283,142,0,sty+bert,2,0,0.009610306995556147,True
284,284,142,1,sty+bert,2,1,0.9994110719658307,True
285,285,143,0,sty+bert,2,0,0.001246776941247778,True
286,286,143,1,sty+bert,2,1,0.999119419130606,True
287,287,144,0,sty+bert,2,0,0.0007285666424514201,True
288,288,144,1,sty+bert,2,1,0.9742146496793709,True
289,289,145,0,sty+bert,2,0,0.0029151761786239344,True
290,290,145,1,sty+bert,2,1,0.9976713806668982,True
291,291,146,0,sty+bert,2,0,0.06467389899719402,True
292,292,146,1,sty+bert,2,1,0.9881978049539271,True
293,293,147,0,sty+bert,2,0,0.013442427535287696,True
294,294,147,1,sty+bert,2,1,0.9867920207236117,True
295,295,148,0,sty+bert,2,0,0.0008280703254403818,True
296,296,148,1,sty+bert,2,1,0.9566428826692855,True
297,297,149,0,sty+bert,2,0,0.008117902952032685,True
298,298,149,1,sty+bert,2,1,0.6948658157370419,True
299,299,150,0,sty+bert,2,0,0.00014977741566165207,True
300,300,150,1,sty+bert,2,1,0.9830733253250901,True
301,301,151,0,sty+bert,2,0,0.018828049957337674,True
302,302,151,1,sty+bert,2,1,0.9930022967285068,True
303,303,152,0,sty+bert,2,0,0.0007555867413297779,True
304,304,152,1,sty+bert,2,1,0.9044314693946705,True
305,305,153,0,sty+bert,2,0,0.01828325676783533,True
306,306,153,1,sty+bert,2,1,0.9962480538257602,True
307,307,154,0,sty+bert,2,0,0.038826251300112496,True
308,308,154,1,sty+bert,2,1,0.9989121297835576,True
309,309,155,0,sty+bert,2,0,0.00027309182932819704,True
310,310,155,1,sty+bert,2,1,0.9998314753503386,True
311,311,156,0,sty+bert,2,0,0.009598286876475945,True
312,312,156,1,sty+bert,2,1,0.9997757741386892,True
313,313,157,0,sty+bert,2,0,0.0005900192199031658,True
314,314,157,1,sty+bert,2,1,0.9983727616171207,True
315,315,158,0,sty+bert,2,0,4.804998792910198e-05,True
316,316,158,1,sty+bert,2,1,0.9978382459516705,True
317,317,159,0,sty+bert,2,0,0.0010051360071398425,True
318,318,159,1,sty+bert,2,1,0.9998578854299145,True
319,319,160,0,sty+bert,2,0,0.005151465464178181,True
320,320,160,1,sty+bert,2,1,0.9975895927800477,True
321,321,161,0,sty+bert,2,0,0.00024272570689326097,True
322,322,161,1,sty+bert,2,1,0.999502891455754,True
323,323,162,0,sty+bert,2,0,0.0018387197894363814,True
324,324,162,1,sty+bert,2,1,0.9995529068208812,True
325,325,163,0,sty+bert,2,0,0.0016981866385744014,True
326,326,163,1,sty+bert,2,1,0.9902308459806808,True
327,327,164,0,sty+bert,2,0,0.0028720762088290308,True
328,328,164,1,sty+bert,2,1,0.9979505984731629,True
329,329,165,0,sty+bert,2,0,0.18754043216151176,True
330,330,165,1,sty+bert,2,1,0.9952635287829366,True
331,331,166,0,sty+bert,2,0,0.017674311497480368,True
332,332,166,1,sty+bert,2,1,0.9832644852825169,True
333,333,167,0,sty+bert,2,0,0.0006184264785282793,True
334,334,167,1,sty+bert,2,1,0.9818818488627038,True
335,335,168,0,sty+bert,2,0,0.0035276133944841187,True
336,336,168,1,sty+bert,2,1,0.9991541081774763,True
337,337,169,0,sty+bert,2,0,0.00031743041086374,True
338,338,169,1,sty+bert,2,1,0.9989481493050221,True
339,339,170,0,sty+bert,2,0,0.0006387978710373535,True
340,340,170,1,sty+bert,2,1,0.9987133076730896,True
341,341,171,0,sty+bert,2,0,0.0036991727750203466,True
342,342,171,1,sty+bert,2,1,0.9990333860101301,True
343,343,172,0,sty+bert,2,0,0.014065544903043873,True
344,344,172,1,sty+bert,2,1,0.9886691313080134,True
345,345,173,0,sty+bert,2,0,0.0054031731130500275,True
346,346,173,1,sty+bert,2,1,0.9993065029559722,True
347,347,174,0,sty+bert,2,0,0.0008273592808764896,True
348,348,174,1,sty+bert,2,1,0.9977497459139602,True
349,349,175,0,sty+bert,2,0,0.0014528022780858079,True
350,350,175,1,sty+bert,2,1,0.6859154258935403,True
351,351,176,0,sty+bert,2,0,0.004768237092822383,True
352,352,176,1,sty+bert,2,1,0.7955525493117025,True
353,353,177,0,sty+bert,2,0,0.004005279432393447,True
354,354,177,1,sty+bert,2,1,0.9626332823065705,True
355,355,178,0,sty+bert,2,0,0.021400657134043783,True
356,356,178,1,sty+bert,2,1,0.9987399788041432,True
357,357,179,0,sty+bert,2,0,0.02756656920348814,True
358,358,179,1,sty+bert,2,1,0.9978274729493262,True
359,359,180,0,sty+bert,2,0,0.0002494011826327804,True
360,360,180,1,sty+bert,2,1,0.9957515189320753,True
361,361,181,0,sty+bert,2,0,0.0007757116407337563,True
362,362,181,1,sty+bert,2,1,0.9985373746003701,True
363,363,182,0,sty+bert,2,0,9.442471162856404e-05,True
364,364,182,1,sty+bert,2,1,0.986567337686076,True
365,365,183,0,sty+bert,2,0,8.672706031010394e-05,True
366,366,183,1,sty+bert,2,0,0.3328233313895506,False
367,367,184,0,sty+bert,2,0,0.0005192239366287475,True
368,368,184,1,sty+bert,2,1,0.9992625447984362,True
369,369,185,0,sty+bert,2,0,0.02028878106860971,True
370,370,185,1,sty+bert,2,1,0.9903115928784978,True
371,371,186,0,sty+bert,2,0,0.2797790019700258,True
372,372,186,1,sty+bert,2,1,0.9951195695371315,True
373,373,187,0,sty+bert,2,0,0.04263131087999391,True
374,374,187,1,sty+bert,2,1,0.9994741025619732,True
375,375,188,0,sty+bert,2,0,0.0020014121927392405,True
376,376,188,1,sty+bert,2,1,0.998138632614527,True
377,377,189,0,sty+bert,2,0,0.0003308512316350462,True
378,378,189,1,sty+bert,2,1,0.7114275695196889,True
379,379,190,0,sty+bert,2,0,8.463166972277562e-05,True
380,380,190,1,sty+bert,2,0,0.4148955573896523,False
381,381,191,0,sty+bert,2,0,0.0006502375379908698,True
382,382,191,1,sty+bert,2,1,0.9986900051706366,True
383,383,192,0,sty+bert,2,0,0.026302055085833775,True
384,384,192,1,sty+bert,2,1,0.99891993304416,True
385,385,193,0,sty+bert,2,0,0.003880862583388627,True
386,386,193,1,sty+bert,2,1,0.9747482563063922,True
387,387,194,0,sty+bert,2,0,0.0003121077590654885,True
388,388,194,1,sty+bert,2,1,0.9110031298161283,True
389,389,195,0,sty+bert,2,0,0.0011999334529264516,True
390,390,195,1,sty+bert,2,1,0.9750897948776107,True
391,391,196,0,sty+bert,2,0,0.0011523666531432413,True
392,392,196,1,sty+bert,2,1,0.9983633576918183,True
393,393,197,0,sty+bert,2,0,0.018352414099298935,True
394,394,197,1,sty+bert,2,1,0.9992826402304579,True
395,395,198,0,sty+bert,2,0,0.002106336908585968,True
396,396,198,1,sty+bert,2,1,0.9996618925340653,True
397,397,199,0,sty+bert,2,0,0.46022414312552234,True
398,398,199,1,sty+bert,2,1,0.8359033130399046,True
399,399,200,0,sty+bert,2,0,0.0005832695888108626,True
400,400,200,1,sty+bert,2,1,0.9896521166933425,True
401,401,201,0,sty+bert,2,0,0.0022533584440418758,True
402,402,201,1,sty+bert,2,1,0.9902367802863677,True
403,403,202,0,sty+bert,2,0,0.00023753820255086437,True
404,404,202,1,sty+bert,2,1,0.5568386420955342,True
405,405,203,0,sty+bert,2,0,0.015898848331033107,True
406,406,203,1,sty+bert,2,1,0.9130651280388201,True
407,407,204,0,sty+bert,2,0,0.2710490471610661,True
408,408,204,1,sty+bert,2,1,0.996641186047004,True
409,409,205,0,sty+bert,2,0,0.000210710591715254,True
410,410,205,1,sty+bert,2,1,0.9890112085144648,True
411,411,206,0,sty+bert,2,0,0.08416100678814478,True
412,412,206,1,sty+bert,2,1,0.9960899824746146,True
413,413,207,0,sty+bert,2,0,0.0016077586371503105,True
414,414,207,1,sty+bert,2,1,0.5714296372956018,True
415,415,208,0,sty+bert,2,0,0.025357425207436533,True
416,416,208,1,sty+bert,2,1,0.9932130764620459,True
417,417,209,0,sty+bert,2,0,0.0017061834404797783,True
418,418,209,1,sty+bert,2,1,0.9993562670541861,True
419,419,210,0,sty+bert,2,0,0.003897235367690833,True
420,420,210,1,sty+bert,2,1,0.9699241176498065,True
421,421,211,0,sty+bert,2,0,0.0005244115059254667,True
422,422,211,1,sty+bert,2,0,0.11994447652451015,False
423,423,212,0,sty+bert,2,0,0.01189824724282929,True
424,424,212,1,sty+bert,2,1,0.9973550263723783,True
425,425,213,0,sty+bert,2,0,0.38566994961871387,True
426,426,213,1,sty+bert,2,1,0.9999389853485429,True
427,427,214,0,sty+bert,2,0,0.002186708347167466,True
428,428,214,1,sty+bert,2,1,0.9990864556934103,True
429,429,215,0,sty+bert,2,0,0.0005498185645277057,True
430,430,215,1,sty+bert,2,1,0.821184911275096,True
431,431,216,0,sty+bert,2,0,0.0009619550085628653,True
432,432,216,1,sty+bert,2,1,0.9908906977984749,True
433,433,217,0,sty+bert,2,0,0.00045790047304723795,True
434,434,217,1,sty+bert,2,1,0.9733459892032384,True
435,435,218,0,sty+bert,2,0,0.000774772233564601,True
436,436,218,1,sty+bert,2,1,0.9950692639331794,True
437,437,219,0,sty+bert,2,0,0.0037176991669688594,True
438,438,219,1,sty+bert,2,1,0.996463188634626,True
439,439,220,0,sty+bert,2,0,0.0049556897426436585,True
440,440,220,1,sty+bert,2,1,0.9993426743517575,True
441,441,221,0,sty+bert,2,0,0.0009566756876902947,True
442,442,221,1,sty+bert,2,1,0.9974544345231176,True
443,443,222,0,sty+bert,2,0,0.015680845962887793,True
444,444,222,1,sty+bert,2,1,0.9976850825214455,True
445,445,223,0,sty+bert,2,0,0.005640482739093111,True
446,446,223,1,sty+bert,2,1,0.9973410733649173,True
447,447,224,0,sty+bert,2,0,0.00015204028194456358,True
448,448,224,1,sty+bert,2,1,0.9991543358739461,True
449,449,225,0,sty+bert,2,0,3.652154373741424e-05,True
450,450,225,1,sty+bert,2,1,0.9992367531266485,True
451,451,226,0,sty+bert,2,0,0.24966107812492516,True
452,452,226,1,sty+bert,2,1,0.9859670716404755,True
453,453,227,0,sty+bert,2,0,0.0013699462011794248,True
454,454,227,1,sty+bert,2,1,0.9638581892796132,True
455,455,228,0,sty+bert,2,0,0.0007176012199497258,True
456,456,228,1,sty+bert,2,1,0.9977934647087364,True
457,457,229,0,sty+bert,2,0,0.005639947882287082,True
458,458,229,1,sty+bert,2,1,0.9979945002889321,True
459,459,230,0,sty+bert,2,0,0.0017462714883252517,True
460,460,230,1,sty+bert,2,1,0.7480883618610752,True
461,461,231,0,sty+bert,2,0,0.00020841393286064142,True
462,462,231,1,sty+bert,2,1,0.9998314621580433,True
463,463,232,0,sty+bert,2,0,0.432324281339305,True
464,464,232,1,sty+bert,2,1,0.9915644693722381,True
465,465,233,0,sty+bert,2,0,0.0006199874581415678,True
466,466,233,1,sty+bert,2,1,0.9993639666572577,True
467,467,234,0,sty+bert,2,0,0.00019152642441868086,True
468,468,234,1,sty+bert,2,1,0.9960556777447351,True
469,469,235,0,sty+bert,2,0,0.0016875273308550336,True
470,470,235,1,sty+bert,2,1,0.9419956207096908,True
471,471,236,0,sty+bert,2,0,0.00373420185057485,True
472,472,236,1,sty+bert,2,1,0.6894259687526505,True
473,473,237,0,sty+bert,2,0,0.0006943852916164652,True
474,474,237,1,sty+bert,2,1,0.999000514482472,True
475,475,238,0,sty+bert,2,0,0.0008368566562367469,True
476,476,238,1,sty+bert,2,1,0.8554259066352091,True
477,477,239,0,sty+bert,2,0,0.0004208590835131189,True
478,478,239,1,sty+bert,2,1,0.9991265315912625,True
479,479,240,0,sty+bert,2,0,0.002063834100671945,True
480,480,240,1,sty+bert,2,1,0.9938770090382324,True
481,481,241,0,sty+bert,2,0,0.0026177849502235884,True
482,482,241,1,sty+bert,2,1,0.9995956076098605,True
483,483,242,0,sty+bert,2,0,0.005782560376041423,True
484,484,242,1,sty+bert,2,1,0.9996561412229529,True
485,485,243,0,sty+bert,2,0,0.011427797149018048,True
486,486,243,1,sty+bert,2,1,0.9944614440829844,True
487,487,244,0,sty+bert,2,0,0.001436776034204661,True
488,488,244,1,sty+bert,2,1,0.9986716743638305,True
489,489,245,0,sty+bert,2,0,0.026068972701227662,True
490,490,245,1,sty+bert,2,1,0.9977468030929193,True
491,491,246,0,sty+bert,2,0,0.008211695670417645,True
492,492,246,1,sty+bert,2,1,0.9990321227556527,True
493,493,247,0,sty+bert,2,1,0.8102548654800662,False
494,494,247,1,sty+bert,2,1,0.9994145093018255,True
495,495,248,0,sty+bert,2,0,0.023494157337554115,True
496,496,248,1,sty+bert,2,1,0.9967379698066797,True
497,497,249,0,sty+bert,2,0,0.00016796988148788888,True
498,498,249,1,sty+bert,2,0,0.059788828925778935,False
499,499,250,0,sty+bert,2,0,0.01920855617786106,True
500,500,250,1,sty+bert,2,1,0.9980446357075992,True
501,501,251,0,sty+bert,2,0,0.002889643610864333,True
502,502,251,1,sty+bert,2,1,0.9996006043562808,True
503,503,252,0,sty+bert,2,0,0.00014187215822958379,True
504,504,252,1,sty+bert,2,1,0.999671585594053,True
505,505,253,0,sty+bert,2,0,0.0003110033505025003,True
506,506,253,1,sty+bert,2,1,0.9998385780474821,True
507,507,254,0,sty+bert,2,0,0.0005546563385669641,True
508,508,254,1,sty+bert,2,1,0.9956808836148899,True
509,509,255,0,sty+bert,2,0,0.0011569299450253092,True
510,510,255,1,sty+bert,2,1,0.9998690051854425,True
511,511,256,0,sty+bert,2,0,0.029826256297995027,True
512,512,256,1,sty+bert,2,1,0.9683757544929729,True
513,513,257,0,sty+bert,2,0,0.013353431095779642,True
514,514,257,1,sty+bert,2,1,0.9971583979718257,True
515,515,258,0,sty+bert,2,0,0.00556402108666925,True
516,516,258,1,sty+bert,2,1,0.9996032035822353,True
517,517,259,0,sty+bert,2,0,0.056898011981313626,True
518,518,259,1,sty+bert,2,1,0.995757331047275,True
519,519,260,0,sty+bert,2,0,0.0011247094656456744,True
520,520,260,1,sty+bert,2,1,0.9969048681822558,True
521,521,261,0,sty+bert,2,0,0.008204316471770575,True
522,522,261,1,sty+bert,2,1,0.998961465129925,True
523,523,262,0,sty+bert,2,0,0.08804804456459041,True
524,524,262,1,sty+bert,2,1,0.999045708409082,True
525,525,263,0,sty+bert,2,0,0.0008416005091508357,True
526,526,263,1,sty+bert,2,1,0.9960250810333612,True
527,527,264,0,sty+bert,2,0,0.029272503184037443,True
528,528,264,1,sty+bert,2,1,0.9102975530284039,True
529,529,265,0,sty+bert,2,0,6.333486196289448e-05,True
530,530,265,1,sty+bert,2,1,0.9472073942028316,True
531,531,266,0,sty+bert,2,0,0.0012664349572813105,True
532,532,266,1,sty+bert,2,1,0.9947153175946981,True
533,533,267,0,sty+bert,2,0,0.0018802307398311942,True
534,534,267,1,sty+bert,2,1,0.8373738874902061,True
535,535,268,0,sty+bert,2,0,0.0021887747473287905,True
536,536,268,1,sty+bert,2,1,0.9999146746103966,True
537,537,269,0,sty+bert,2,0,0.0038699188079661063,True
538,538,269,1,sty+bert,2,1,0.9905231458885931,True
539,539,270,0,sty+bert,2,0,0.004438389244619449,True
540,540,270,1,sty+bert,2,1,0.9993872715252242,True
541,541,271,0,sty+bert,2,0,0.03361773261463828,True
542,542,271,1,sty+bert,2,1,0.8924467155888487,True
543,543,272,0,sty+bert,2,0,0.01090728514684642,True
544,544,272,1,sty+bert,2,1,0.9984028908126753,True
545,545,273,0,sty+bert,2,0,0.007392818978313869,True
546,546,273,1,sty+bert,2,1,0.97934892182892,True
547,547,274,0,sty+bert,2,0,0.0017616497999790109,True
548,548,274,1,sty+bert,2,1,0.999300247355576,True
549,549,275,0,sty+bert,2,0,0.0008750856170579949,True
550,550,275,1,sty+bert,2,1,0.9695565300644602,True
551,551,276,0,sty+bert,2,0,0.10675138198784259,True
552,552,276,1,sty+bert,2,1,0.671395237046724,True
553,553,277,0,sty+bert,2,0,0.0103444443153764,True
554,554,277,1,sty+bert,2,1,0.9971990366111486,True
555,555,278,0,sty+bert,2,0,0.007898979737634768,True
556,556,278,1,sty+bert,2,1,0.9994368791170416,True
557,557,279,0,sty+bert,2,0,0.003519396192210537,True
558,558,279,1,sty+bert,2,1,0.9995540438225838,True
559,559,280,0,sty+bert,2,0,0.003031508737327562,True
560,560,280,1,sty+bert,2,0,0.28594523704173197,False
561,561,281,0,sty+bert,2,0,0.0011996186409960236,True
562,562,281,1,sty+bert,2,1,0.9998223531357366,True
563,563,282,0,sty+bert,2,0,0.013635601365058583,True
564,564,282,1,sty+bert,2,1,0.9866930339587683,True
565,565,283,0,sty+bert,2,0,0.00034298518758499774,True
566,566,283,1,sty+bert,2,1,0.9994908549277984,True
567,567,284,0,sty+bert,2,0,0.0007822724897660397,True
568,568,284,1,sty+bert,2,1,0.9987949922260279,True
569,569,285,0,sty+bert,2,0,0.0024704748592237796,True
570,570,285,1,sty+bert,2,1,0.9989810814736653,True
571,571,286,0,sty+bert,2,0,0.03842518720009893,True
572,572,286,1,sty+bert,2,1,0.769318225579226,True
573,573,287,0,sty+bert,2,0,0.11139109197406255,True
574,574,287,1,sty+bert,2,1,0.9986295747953932,True
575,575,288,0,sty+bert,2,0,0.0002198476331782,True
576,576,288,1,sty+bert,2,1,0.9997923307460519,True
577,577,289,0,sty+bert,2,0,0.00354629849016071,True
578,578,289,1,sty+bert,2,1,0.999812358888841,True
579,579,290,0,sty+bert,2,0,0.0002844430201750725,True
580,580,290,1,sty+bert,2,1,0.9997289399330896,True
581,581,291,0,sty+bert,2,0,0.28021544793857506,True
582,582,291,1,sty+bert,2,1,0.9992469812629574,True
583,583,292,0,sty+bert,2,0,0.0014495957372244288,True
584,584,292,1,sty+bert,2,1,0.9998297105211293,True
585,585,293,0,sty+bert,2,0,0.011730652496193988,True
586,586,293,1,sty+bert,2,1,0.9967531758516642,True
587,587,294,0,sty+bert,2,0,0.0013570312412453675,True
588,588,294,1,sty+bert,2,1,0.9983690672555656,True
589,589,295,0,sty+bert,2,0,0.0012213786171705085,True
590,590,295,1,sty+bert,2,1,0.7912875718013895,True
591,591,296,0,sty+bert,2,0,0.0060389522602569135,True
592,592,296,1,sty+bert,2,1,0.9995819399452813,True
593,593,297,0,sty+bert,2,0,0.0008742434665754163,True
594,594,297,1,sty+bert,2,1,0.9978430172113263,True
595,595,298,0,sty+bert,2,0,0.0030286804805112304,True
596,596,298,1,sty+bert,2,1,0.974356512683614,True
597,597,299,0,sty+bert,2,0,0.004788852432274463,True
598,598,299,1,sty+bert,2,1,0.994251233309063,True
599,599,300,0,sty+bert,2,0,0.010910610096189741,True
600,600,300,1,sty+bert,2,1,0.9987227759131704,True
601,601,301,0,sty+bert,2,0,0.004720441371855663,True
602,602,301,1,sty+bert,2,1,0.9934237578378549,True
603,603,302,0,sty+bert,2,0,0.00026677755975961827,True
604,604,302,1,sty+bert,2,1,0.991270386201652,True
605,605,303,0,sty+bert,2,0,0.0017450288761178244,True
606,606,303,1,sty+bert,2,1,0.9996869936925808,True
607,607,304,0,sty+bert,2,0,0.10730466312612094,True
608,608,304,1,sty+bert,2,1,0.999392711999614,True
609,609,305,0,sty+bert,2,0,0.0015833519212808092,True
610,610,305,1,sty+bert,2,1,0.7895661245590015,True
611,611,306,0,sty+bert,2,0,6.33556614293483e-05,True
612,612,306,1,sty+bert,2,1,0.990063978452686,True
613,613,307,0,sty+bert,2,0,0.011994044799194819,True
614,614,307,1,sty+bert,2,1,0.6503410543698587,True
615,615,308,0,sty+bert,2,0,0.0020230603686928186,True
616,616,308,1,sty+bert,2,1,0.9997253660358463,True
617,617,309,0,sty+bert,2,0,0.03631324966782677,True
618,618,309,1,sty+bert,2,1,0.9993082872708915,True
619,619,310,0,sty+bert,2,0,0.0023247765999431145,True
620,620,310,1,sty+bert,2,1,0.9997985485848733,True
621,621,311,0,sty+bert,2,0,0.007891956458301071,True
622,622,311,1,sty+bert,2,1,0.9753433723351448,True
623,623,312,0,sty+bert,2,0,0.0013400241194048838,True
624,624,312,1,sty+bert,2,1,0.9997706444331992,True
625,625,313,0,sty+bert,2,0,0.004032936165636737,True
626,626,313,1,sty+bert,2,1,0.9972595003523499,True
627,627,314,0,sty+bert,2,0,0.005564705800121574,True
628,628,314,1,sty+bert,2,1,0.9982770891672036,True
629,629,315,0,sty+bert,2,0,0.00028961518192319375,True
630,630,315,1,sty+bert,2,1,0.9584510998158782,True
631,631,316,0,sty+bert,2,0,0.003945654573279262,True
632,632,316,1,sty+bert,2,1,0.9679590419622605,True
633,633,317,0,sty+bert,2,0,0.002399031988131935,True
634,634,317,1,sty+bert,2,1,0.9987423740584752,True
635,635,318,0,sty+bert,2,0,0.0009610889246824407,True
636,636,318,1,sty+bert,2,1,0.983266695434236,True
637,637,319,0,sty+bert,2,0,0.17756148000436855,True
638,638,319,1,sty+bert,2,1,0.9707874740059422,True
639,639,320,0,sty+bert,2,0,0.0012198797652364474,True
640,640,320,1,sty+bert,2,1,0.9994256655056966,True
641,641,321,0,sty+bert,2,0,0.015989203068250923,True
642,642,321,1,sty+bert,2,1,0.9954749725793379,True
643,643,322,0,sty+bert,2,0,0.012901355559080244,True
644,644,322,1,sty+bert,2,1,0.9855959111705617,True
645,645,323,0,sty+bert,2,0,0.0033319458326070326,True
646,646,323,1,sty+bert,2,1,0.9386982909126541,True
647,647,324,0,sty+bert,2,0,0.010282885666776495,True
648,648,324,1,sty+bert,2,1,0.9997498192573646,True
649,649,325,0,sty+bert,2,0,0.002769505622848679,True
650,650,325,1,sty+bert,2,1,0.9980829979347062,True
651,651,326,0,sty+bert,2,0,0.0025418715071795412,True
652,652,326,1,sty+bert,2,1,0.999392315128633,True
653,653,327,0,sty+bert,2,0,0.010148044507891236,True
654,654,327,1,sty+bert,2,0,0.18940043746377538,False
655,655,328,0,sty+bert,2,0,0.02525370630780454,True
656,656,328,1,sty+bert,2,1,0.999329192715766,True
657,657,329,0,sty+bert,2,0,0.0013842588667248566,True
658,658,329,1,sty+bert,2,1,0.9988136336857193,True
659,659,330,0,sty+bert,2,0,0.0010594282184881853,True
660,660,330,1,sty+bert,2,1,0.9491152326630542,True
661,661,331,0,sty+bert,2,0,0.00235078599968425,True
662,662,331,1,sty+bert,2,1,0.9674940839792024,True
663,663,332,0,sty+bert,2,0,0.009474854685469183,True
664,664,332,1,sty+bert,2,1,0.9768868774083815,True
665,665,333,0,sty+bert,2,0,0.0002867953226715346,True
666,666,333,1,sty+bert,2,0,0.017680845926331203,False
667,667,334,0,sty+bert,2,0,0.0053634863190027,True
668,668,334,1,sty+bert,2,1,0.9986679011035273,True
669,669,335,0,sty+bert,2,0,0.002809358335366627,True
670,670,335,1,sty+bert,2,1,0.9780626526250003,True
671,671,336,0,sty+bert,2,0,0.0010291272840500913,True
672,672,336,1,sty+bert,2,1,0.9961442060914225,True
673,673,337,0,sty+bert,2,0,0.01795560146731171,True
674,674,337,1,sty+bert,2,1,0.9974544187427835,True
675,675,338,0,sty+bert,2,0,0.0019934800759930115,True
676,676,338,1,sty+bert,2,0,0.08652901321577017,False
677,677,339,0,sty+bert,2,0,6.662361744305398e-05,True
678,678,339,1,sty+bert,2,1,0.9983751535402581,True
679,679,340,0,sty+bert,2,0,0.01867155395279788,True
680,680,340,1,sty+bert,2,1,0.9996813527600888,True
681,681,341,0,sty+bert,2,0,0.0007143444307643984,True
682,682,341,1,sty+bert,2,1,0.9981189570930601,True
683,683,342,0,sty+bert,2,0,0.0007756678297624009,True
684,684,342,1,sty+bert,2,1,0.9969991649110002,True
685,685,343,0,sty+bert,2,0,0.022138793019954223,True
686,686,343,1,sty+bert,2,1,0.9990499596955323,True
687,687,344,0,sty+bert,2,0,0.37257917751543135,True
688,688,344,1,sty+bert,2,1,0.9996613712808955,True
689,689,345,0,sty+bert,2,0,0.0034423413987499326,True
690,690,345,1,sty+bert,2,1,0.9975352484859807,True
691,691,346,0,sty+bert,2,0,0.11498479314659814,True
692,692,346,1,sty+bert,2,1,0.9995348457715716,True
693,693,347,0,sty+bert,2,0,0.0049991107014825155,True
694,694,347,1,sty+bert,2,1,0.9944856990389486,True
695,695,348,0,sty+bert,2,0,0.022839260145736052,True
696,696,348,1,sty+bert,2,1,0.9988264140649648,True
697,697,349,0,sty+bert,2,0,0.001552842762387525,True
698,698,349,1,sty+bert,2,1,0.8099775229381052,True
699,699,350,0,sty+bert,2,0,0.01516084231306782,True
700,700,350,1,sty+bert,2,0,0.03185898589172328,False
701,701,351,0,sty+bert,2,0,0.2452482123549787,True
702,702,351,1,sty+bert,2,1,0.9974228199539861,True
703,703,352,0,sty+bert,2,0,0.00218008131977774,True
704,704,352,1,sty+bert,2,1,0.9978187519496489,True
705,705,353,0,sty+bert,2,0,0.06610537290355013,True
706,706,353,1,sty+bert,2,1,0.9959429831303941,True
707,707,354,0,sty+bert,2,0,0.15166940910127658,True
708,708,354,1,sty+bert,2,0,0.11394687067697541,False
709,709,355,0,sty+bert,2,0,0.1431565285009408,True
710,710,355,1,sty+bert,2,1,0.9964485985643796,True
711,711,356,0,sty+bert,2,0,0.001000571575888416,True
712,712,356,1,sty+bert,2,1,0.999470869780768,True
713,713,357,0,sty+bert,2,0,0.003242312420435128,True
714,714,357,1,sty+bert,2,1,0.9977392274919963,True
715,715,358,0,sty+bert,2,0,0.0009087326165984149,True
716,716,358,1,sty+bert,2,1,0.9994762473607826,True
717,717,359,0,sty+bert,2,0,0.019257946780312337,True
718,718,359,1,sty+bert,2,1,0.999008830016346,True
719,719,360,0,sty+bert,2,0,0.00035596258572708546,True
720,720,360,1,sty+bert,2,1,0.9983539283720931,True
721,721,361,0,sty+bert,2,0,0.008110384868417577,True
722,722,361,1,sty+bert,2,1,0.6312297058156985,True
723,723,362,0,sty+bert,2,0,0.001949934668854549,True
724,724,362,1,sty+bert,2,1,0.9990212875872753,True
725,725,363,0,sty+bert,2,0,0.0001433808764133974,True
726,726,363,1,sty+bert,2,1,0.7534037448449385,True
727,727,364,0,sty+bert,2,0,0.4111042756459632,True
728,728,364,1,sty+bert,2,1,0.9637245794467789,True
729,729,365,0,sty+bert,2,0,0.00042475900343046124,True
730,730,365,1,sty+bert,2,1,0.9994032157230046,True
731,731,366,0,sty+bert,2,0,7.068056591829119e-05,True
732,732,366,1,sty+bert,2,1,0.9722200398362053,True
733,733,367,0,sty+bert,2,0,0.0012047146017405016,True
734,734,367,1,sty+bert,2,1,0.9341269544948736,True
735,735,368,0,sty+bert,2,0,0.0003755864672455458,True
736,736,368,1,sty+bert,2,1,0.9963829595000279,True
737,737,369,0,sty+bert,2,0,0.0011522547281392597,True
738,738,369,1,sty+bert,2,1,0.9979493428885536,True
739,739,370,0,sty+bert,2,0,0.017502574675802702,True
740,740,370,1,sty+bert,2,1,0.9885894419275336,True
741,741,371,0,sty+bert,2,0,0.0006555767200509254,True
742,742,371,1,sty+bert,2,1,0.9071553771767951,True
743,743,372,1,sty+bert,2,1,0.9948339763158796,True
744,744,373,0,sty+bert,2,0,0.004582537280646423,True
745,745,373,1,sty+bert,2,1,0.9927043002680436,True
746,746,374,0,sty+bert,2,0,0.0002343936685236424,True
747,747,374,1,sty+bert,2,1,0.9784894096049586,True
748,748,375,0,sty+bert,2,0,0.20484188509373497,True
749,749,375,1,sty+bert,2,1,0.9870436620089684,True
750,750,376,0,sty+bert,2,0,0.0003652786827706155,True
751,751,376,1,sty+bert,2,1,0.9939712395158055,True
752,752,377,0,sty+bert,2,0,0.029264019501717507,True
753,753,377,1,sty+bert,2,1,0.9909701613283549,True
754,754,378,0,sty+bert,2,1,0.510753536548192,False
755,755,378,1,sty+bert,2,1,0.980497187004258,True
756,756,379,0,sty+bert,2,0,0.010165160265028082,True
757,757,379,1,sty+bert,2,1,0.9989523369171013,True
758,758,380,0,sty+bert,2,1,0.6708800088690008,False
759,759,380,1,sty+bert,2,1,0.999832714382753,True
760,760,381,0,sty+bert,2,0,0.46016013404733713,True
761,761,381,1,sty+bert,2,1,0.9994496845092447,True
762,762,382,0,sty+bert,2,0,0.002622947369328096,True
763,763,382,1,sty+bert,2,1,0.999738683993063,True
764,764,383,0,sty+bert,2,0,0.004255594842489145,True
765,765,383,1,sty+bert,2,1,0.9978225282029147,True
766,766,384,0,sty+bert,2,0,0.0004226871789134982,True
767,767,384,1,sty+bert,2,1,0.8027245811622543,True
768,768,385,0,sty+bert,2,0,0.003196668396410223,True
769,769,385,1,sty+bert,2,1,0.9984523080387809,True
770,770,386,1,sty+bert,2,1,0.9847967609259375,True
771,771,387,0,sty+bert,2,0,0.026405566082436407,True
772,772,387,1,sty+bert,2,1,0.9060734547789197,True
773,773,388,0,sty+bert,2,0,0.013790922516226036,True
774,774,388,1,sty+bert,2,1,0.9981914927425608,True
775,775,389,0,sty+bert,2,0,0.0009087194435354756,True
776,776,389,1,sty+bert,2,1,0.9997223594372947,True
777,777,390,0,sty+bert,2,0,6.133990701580394e-05,True
778,778,390,1,sty+bert,2,1,0.9919240964173868,True
779,779,391,0,sty+bert,2,0,0.00034924426413973284,True
780,780,391,1,sty+bert,2,1,0.9935275275664082,True
781,781,392,0,sty+bert,2,0,0.03752030212724765,True
782,782,392,1,sty+bert,2,1,0.9976790345242321,True
783,783,393,0,sty+bert,2,0,0.1557592944087754,True
784,784,393,1,sty+bert,2,1,0.9997182939391085,True
785,785,394,0,sty+bert,2,0,0.005640163635834638,True
786,786,394,1,sty+bert,2,1,0.999799636932554,True
787,787,395,0,sty+bert,2,0,0.0008675872445026546,True
788,788,395,1,sty+bert,2,1,0.9991410908854701,True
789,789,396,0,sty+bert,2,0,0.19118807436944907,True
790,790,396,1,sty+bert,2,1,0.9961403428291984,True
791,791,397,0,sty+bert,2,0,0.00013314828766798067,True
792,792,397,1,sty+bert,2,1,0.9933984022380146,True
793,793,398,0,sty+bert,2,0,0.0030816904624617523,True
794,794,398,1,sty+bert,2,1,0.9740159547419109,True
795,795,399,0,sty+bert,2,0,0.01973220726365151,True
796,796,399,1,sty+bert,2,1,0.999647765238338,True
797,797,400,0,sty+bert,2,0,0.0037229093020576137,True
798,798,400,1,sty+bert,2,1,0.9983552730991289,True
799,799,401,0,sty+bert,2,0,0.001573299216436514,True
800,800,401,1,sty+bert,2,1,0.9996103073146049,True
801,801,402,0,sty+bert,2,0,0.0001300303217899008,True
802,802,402,1,sty+bert,2,1,0.7547104824792356,True
803,803,403,0,sty+bert,2,0,0.0006112924772500005,True
804,804,403,1,sty+bert,2,1,0.9669538018654459,True
805,805,404,0,sty+bert,2,0,0.02745313891122485,True
806,806,404,1,sty+bert,2,1,0.9984658840484365,True
807,807,405,0,sty+bert,2,0,0.0008741192090753365,True
808,808,405,1,sty+bert,2,1,0.9991563434310866,True
809,809,406,0,sty+bert,2,0,0.061130108704737694,True
810,810,406,1,sty+bert,2,1,0.9605681967851682,True
811,811,407,0,sty+bert,2,0,0.0018702623520467317,True
812,812,407,1,sty+bert,2,1,0.9937714104697549,True
813,813,408,0,sty+bert,2,0,0.001113600630908719,True
814,814,408,1,sty+bert,2,1,0.7341357602454055,True
815,815,409,0,sty+bert,2,0,0.0015910027725142015,True
816,816,409,1,sty+bert,2,1,0.9854757124002134,True
817,817,410,0,sty+bert,2,0,0.0022057154194459823,True
818,818,410,1,sty+bert,2,1,0.9992004000410311,True
819,819,411,0,sty+bert,2,0,0.022938530070439566,True
820,820,411,1,sty+bert,2,1,0.9988385839739559,True
821,821,412,0,sty+bert,2,0,0.00016137219122520406,True
822,822,412,1,sty+bert,2,1,0.9621282464760267,True
823,823,413,0,sty+bert,2,0,0.008176375328208509,True
824,824,413,1,sty+bert,2,1,0.99940054085697,True
825,825,414,0,sty+bert,2,0,0.008334195615794389,True
826,826,414,1,sty+bert,2,1,0.5116085916239911,True
827,827,415,0,sty+bert,2,0,0.035133954402718465,True
828,828,415,1,sty+bert,2,1,0.8503759314936417,True
829,829,416,0,sty+bert,2,0,0.004762832662199101,True
830,830,416,1,sty+bert,2,1,0.9854668949207395,True
831,831,417,0,sty+bert,2,0,0.0018712663057956435,True
832,832,417,1,sty+bert,2,1,0.9991438456960253,True
833,833,418,0,sty+bert,2,0,0.0003300187372401856,True
834,834,418,1,sty+bert,2,1,0.9989058513017738,True
835,835,419,0,sty+bert,2,0,0.21947894870050694,True
836,836,419,1,sty+bert,2,1,0.9960751919104842,True
837,837,420,0,sty+bert,2,1,0.882405445090022,False
838,838,420,1,sty+bert,2,1,0.9957172966392849,True
839,839,421,0,sty+bert,2,0,0.03948231619832315,True
840,840,421,1,sty+bert,2,1,0.8981593172075978,True
841,841,422,0,sty+bert,2,0,0.00047848839431275053,True
842,842,422,1,sty+bert,2,1,0.9992030629203043,True
843,843,423,0,sty+bert,2,0,0.00037760180849522756,True
844,844,423,1,sty+bert,2,1,0.9976409860251026,True
845,845,424,0,sty+bert,2,0,0.030033256496468333,True
846,846,424,1,sty+bert,2,1,0.9904466914563274,True
847,847,425,1,sty+bert,2,1,0.9945302239873334,True
848,848,426,1,sty+bert,2,1,0.9993875591570895,True
849,849,427,0,sty+bert,2,0,0.0029108192475798657,True
850,850,427,1,sty+bert,2,1,0.9989256326203395,True
851,851,428,0,sty+bert,2,0,0.006872719962016613,True
852,852,428,1,sty+bert,2,1,0.9969217065876949,True
853,853,429,0,sty+bert,2,0,0.0011727683665416916,True
854,854,429,1,sty+bert,2,1,0.9988361538068485,True
855,855,430,0,sty+bert,2,0,0.0030970469072562896,True
856,856,430,1,sty+bert,2,1,0.9942550260608684,True
857,857,431,0,sty+bert,2,0,0.0003424348026327353,True
858,858,431,1,sty+bert,2,1,0.9999217924165871,True
859,859,432,0,sty+bert,2,0,9.372545877229872e-05,True
860,860,432,1,sty+bert,2,1,0.9800917695152662,True
861,861,433,0,sty+bert,2,0,0.00048780502908055026,True
862,862,433,1,sty+bert,2,1,0.993223683279472,True
863,863,434,0,sty+bert,2,0,0.0017680392817345661,True
864,864,434,1,sty+bert,2,1,0.5281443286461687,True
865,865,435,0,sty+bert,2,0,0.04299190144585311,True
866,866,435,1,sty+bert,2,0,0.19412456575412654,False
867,867,436,0,sty+bert,2,0,0.0005457170642468447,True
868,868,436,1,sty+bert,2,1,0.9070789880863052,True
869,869,437,0,sty+bert,2,0,0.0007408123018758745,True
870,870,437,1,sty+bert,2,1,0.998131535127963,True
871,871,438,0,sty+bert,2,0,0.0002885205445510328,True
872,872,438,1,sty+bert,2,1,0.9998440970861614,True
873,873,439,0,sty+bert,2,0,0.0014215141891126071,True
874,874,439,1,sty+bert,2,1,0.9983220290100557,True
875,875,440,0,sty+bert,2,0,0.0019915482040727206,True
876,876,440,1,sty+bert,2,1,0.9910398290959693,True
877,877,441,0,sty+bert,2,0,0.00014592409435770193,True
878,878,441,1,sty+bert,2,1,0.9997993926128509,True
879,879,442,0,sty+bert,2,0,0.000159506466105102,True
880,880,442,1,sty+bert,2,0,0.3219691061119885,False
881,881,443,0,sty+bert,2,0,0.01409689939968334,True
882,882,443,1,sty+bert,2,1,0.9996620955639167,True
883,883,444,0,sty+bert,2,0,0.0008710210460118613,True
884,884,444,1,sty+bert,2,1,0.9911098846357886,True
885,885,445,0,sty+bert,2,0,0.00043229600834877115,True
886,886,445,1,sty+bert,2,1,0.9589300554157776,True
887,887,446,0,sty+bert,2,0,0.0007518822496498662,True
888,888,446,1,sty+bert,2,1,0.8587361699506773,True
889,889,447,0,sty+bert,2,0,0.0010477411989682512,True
890,890,447,1,sty+bert,2,1,0.9995145806274061,True
891,891,448,0,sty+bert,2,0,0.026471623001475295,True
892,892,448,1,sty+bert,2,1,0.9990672736418672,True
893,893,449,0,sty+bert,2,0,0.00011956359570559615,True
894,894,449,1,sty+bert,2,1,0.9631555421121226,True
895,895,450,0,sty+bert,2,0,0.0005239094269585011,True
896,896,450,1,sty+bert,2,1,0.9959863532249216,True
897,897,451,0,sty+bert,2,0,0.18912077699640956,True
898,898,451,1,sty+bert,2,1,0.9814547524268542,True
899,899,452,0,sty+bert,2,0,0.16823864840631556,True
900,900,452,1,sty+bert,2,1,0.9748296051346101,True
901,901,453,0,sty+bert,2,0,0.0013274770878057508,True
902,902,453,1,sty+bert,2,1,0.9964393104238255,True
903,903,454,0,sty+bert,2,1,0.9792810923241014,False
904,904,454,1,sty+bert,2,1,0.9740675000726503,True
905,905,455,0,sty+bert,2,0,0.04638286333391743,True
906,906,455,1,sty+bert,2,1,0.9745409017815172,True
907,907,456,0,sty+bert,2,0,0.0020883646270229003,True
908,908,456,1,sty+bert,2,1,0.9999107476143508,True
909,909,457,0,sty+bert,2,0,0.001029228712561234,True
910,910,457,1,sty+bert,2,1,0.9981195683168693,True
911,911,458,0,sty+bert,2,0,0.0009863144182016813,True
912,912,458,1,sty+bert,2,1,0.9947862185577925,True
913,913,459,0,sty+bert,2,0,0.0062543303969067,True
914,914,459,1,sty+bert,2,1,0.9991456114712538,True
915,915,460,0,sty+bert,2,0,0.001781708203971303,True
916,916,460,1,sty+bert,2,1,0.9990126089163301,True
917,917,461,0,sty+bert,2,0,0.003683008519796701,True
918,918,461,1,sty+bert,2,1,0.9997159119344136,True
919,919,462,0,sty+bert,2,0,0.013251992007467538,True
920,920,462,1,sty+bert,2,1,0.9993771167744191,True
921,921,463,0,sty+bert,2,0,0.0041547183102054975,True
922,922,463,1,sty+bert,2,1,0.9402684672367291,True
923,923,464,0,sty+bert,2,0,0.01665410772404245,True
924,924,464,1,sty+bert,2,1,0.9993527321529216,True
925,925,465,0,sty+bert,2,0,0.0003199348777084814,True
926,926,465,1,sty+bert,2,1,0.858944314246946,True
927,927,466,0,sty+bert,2,0,0.4776715786128177,True
928,928,466,1,sty+bert,2,1,0.9798494957173042,True
929,929,467,0,sty+bert,2,0,0.019272150006923082,True
930,930,467,1,sty+bert,2,1,0.9999078095538052,True
931,931,468,0,sty+bert,2,0,0.00015476109552099162,True
932,932,468,1,sty+bert,2,1,0.9013415610188097,True
933,933,469,0,sty+bert,2,0,0.2812149775958094,True
934,934,469,1,sty+bert,2,1,0.9972180838304046,True
935,935,470,0,sty+bert,2,0,0.003908772980553083,True
936,936,470,1,sty+bert,2,1,0.9947234286722296,True
937,937,471,0,sty+bert,2,0,9.873489553487924e-05,True
938,938,471,1,sty+bert,2,1,0.9994207404505661,True
939,939,472,0,sty+bert,2,0,0.0023137486214871886,True
940,940,472,1,sty+bert,2,1,0.99933605631293,True
941,941,473,0,sty+bert,2,0,0.005195930295713808,True
942,942,473,1,sty+bert,2,1,0.9941279958234778,True
943,943,474,0,sty+bert,2,0,0.006847985798238021,True
944,944,474,1,sty+bert,2,0,0.4827430071169423,False
945,945,475,0,sty+bert,2,0,0.0037120547827895795,True
946,946,475,1,sty+bert,2,1,0.999045422206911,True
947,947,476,0,sty+bert,2,0,0.004511036410621845,True
948,948,476,1,sty+bert,2,1,0.9912264403690839,True
949,949,477,0,sty+bert,2,0,0.0013567157997320292,True
950,950,477,1,sty+bert,2,1,0.9777610642725255,True
951,951,478,0,sty+bert,2,1,0.5124965455031184,False
952,952,478,1,sty+bert,2,1,0.9997391254597685,True
953,953,479,0,sty+bert,2,0,0.0004922399166817993,True
954,954,479,1,sty+bert,2,1,0.9940555844503218,True
955,955,480,0,sty+bert,2,0,0.00825963681279391,True
956,956,480,1,sty+bert,2,1,0.9975429832627173,True
957,957,481,0,sty+bert,2,0,0.0009750166687436448,True
958,958,481,1,sty+bert,2,1,0.8127052840496657,True
959,959,482,0,sty+bert,2,0,0.002544565122935819,True
960,960,482,1,sty+bert,2,1,0.9990151191966631,True
961,961,483,0,sty+bert,2,0,0.013294524686972776,True
962,962,483,1,sty+bert,2,1,0.9982356052447232,True
963,963,484,0,sty+bert,2,0,0.0025086562789456072,True
964,964,484,1,sty+bert,2,1,0.9983722672553451,True
965,965,485,0,sty+bert,2,0,0.0016457890958972864,True
966,966,485,1,sty+bert,2,1,0.9968678630184375,True
967,967,486,0,sty+bert,2,0,0.061871569154039935,True
968,968,486,1,sty+bert,2,1,0.9940362088811501,True
969,969,487,0,sty+bert,2,0,0.0009301126208822067,True
970,970,487,1,sty+bert,2,1,0.9834195902453816,True
971,971,488,0,sty+bert,2,0,0.005596320899740625,True
972,972,488,1,sty+bert,2,1,0.999452757521251,True
973,973,489,0,sty+bert,2,0,0.003189437318838374,True
974,974,489,1,sty+bert,2,1,0.9957656648458536,True
975,975,490,0,sty+bert,2,0,0.07434668728157472,True
976,976,490,1,sty+bert,2,1,0.9992316863832745,True
977,977,491,0,sty+bert,2,0,0.0010353219120342125,True
978,978,491,1,sty+bert,2,1,0.9937299382549818,True
979,979,492,0,sty+bert,2,0,0.0009119381321066485,True
980,980,492,1,sty+bert,2,1,0.9625739396166761,True
981,981,493,0,sty+bert,2,0,0.001270479907522606,True
982,982,493,1,sty+bert,2,1,0.9833884471079283,True
983,983,494,0,sty+bert,2,0,0.0286662755434781,True
984,984,494,1,sty+bert,2,1,0.9858019352140471,True
985,985,495,0,sty+bert,2,0,0.009243775838224225,True
986,986,495,1,sty+bert,2,1,0.989411201572591,True
987,987,496,0,sty+bert,2,0,0.0015772616328672995,True
988,988,496,1,sty+bert,2,1,0.9993121557290663,True
989,989,497,0,sty+bert,2,0,0.006633230847550021,True
990,990,497,1,sty+bert,2,1,0.9993399288903487,True
991,991,498,0,sty+bert,2,0,0.0009181422640259938,True
992,992,498,1,sty+bert,2,1,0.9722300756641393,True
993,993,499,0,sty+bert,2,0,0.00463890273892628,True
994,994,499,1,sty+bert,2,0,0.33796135673332534,False
995,995,500,0,sty+bert,2,0,0.002681308082704725,True
996,996,500,1,sty+bert,2,1,0.9947837200834905,True
997,997,501,0,sty+bert,2,0,0.005361272828569637,True
998,998,501,1,sty+bert,2,1,0.9997301500492964,True
999,999,502,0,sty+bert,2,0,0.009080568854767282,True
1000,1000,502,1,sty+bert,2,1,0.9959533512239286,True
1001,1001,503,0,sty+bert,2,0,0.0013005377909725813,True
1002,1002,503,1,sty+bert,2,1,0.9999114710974781,True
1003,1003,504,0,sty+bert,2,0,0.007812984172114734,True
1004,1004,504,1,sty+bert,2,1,0.9997398657583029,True
1005,1005,505,0,sty+bert,2,0,0.009891328414394638,True
1006,1006,505,1,sty+bert,2,1,0.9763696319827246,True
1007,1007,506,0,sty+bert,2,0,0.005235920597265149,True
1008,1008,506,1,sty+bert,2,1,0.8134087687463976,True
1009,1009,507,0,sty+bert,2,0,0.15781760959410654,True
1010,1010,507,1,sty+bert,2,1,0.9992711096677872,True
1011,1011,508,0,sty+bert,2,0,0.1518007356440269,True
1012,1012,508,1,sty+bert,2,1,0.9967288299840964,True
1013,1013,509,0,sty+bert,2,0,0.003649785765452661,True
1014,1014,509,1,sty+bert,2,1,0.9997104581514971,True
1015,1015,510,0,sty+bert,2,0,0.01931823118918592,True
1016,1016,510,1,sty+bert,2,0,0.3307662150979577,False
1017,1017,511,0,sty+bert,2,0,0.00035827370341208237,True
1018,1018,511,1,sty+bert,2,1,0.9985080049700048,True
1019,1019,512,0,sty+bert,2,0,0.25606863661709994,True
1020,1020,512,1,sty+bert,2,1,0.8604665160562323,True
1021,1021,513,0,sty+bert,2,0,0.018576171755437486,True
1022,1022,513,1,sty+bert,2,1,0.9992210247621119,True
1023,1023,514,0,sty+bert,2,0,0.07932640125194605,True
1024,1024,514,1,sty+bert,2,1,0.99979852850885,True
1025,1025,515,0,sty+bert,2,0,0.006287636695177822,True
1026,1026,515,1,sty+bert,2,1,0.6492998601273816,True
1027,1027,516,0,sty+bert,2,0,0.0028580589237886976,True
1028,1028,516,1,sty+bert,2,1,0.998737879678995,True
1029,1029,517,0,sty+bert,2,0,0.0004177481244056053,True
1030,1030,517,1,sty+bert,2,1,0.9991005701162309,True
1031,1031,518,0,sty+bert,2,0,0.0005359000290708731,True
1032,1032,518,1,sty+bert,2,1,0.9976159490526336,True
1033,1033,519,0,sty+bert,2,0,0.0021209427324644222,True
1034,1034,519,1,sty+bert,2,1,0.9979605384178335,True
1035,1035,520,0,sty+bert,2,0,0.0010032253362035164,True
1036,1036,520,1,sty+bert,2,1,0.9851518106318918,True
1037,1037,521,0,sty+bert,2,0,0.0005045338103911773,True
1038,1038,521,1,sty+bert,2,1,0.9994048420038459,True
1039,1039,522,0,sty+bert,2,0,0.08548492898629802,True
1040,1040,522,1,sty+bert,2,1,0.9965149440781869,True
1041,1041,523,0,sty+bert,2,0,0.012859423636138704,True
1042,1042,523,1,sty+bert,2,1,0.9987705139283144,True
1043,1043,524,0,sty+bert,2,0,0.012344005207341307,True
1044,1044,524,1,sty+bert,2,0,0.3733404499130014,False
1045,1045,525,0,sty+bert,2,0,0.0912890223364794,True
1046,1046,525,1,sty+bert,2,1,0.9969593597946598,True
1047,1047,526,0,sty+bert,2,0,0.013804859695231068,True
1048,1048,526,1,sty+bert,2,1,0.8636726339796207,True
1049,1049,527,0,sty+bert,2,0,0.00011160691377202653,True
1050,1050,527,1,sty+bert,2,1,0.9984082692346947,True
1051,1051,528,0,sty+bert,2,0,0.0011904610116638661,True
1052,1052,528,1,sty+bert,2,1,0.9987118219488913,True
1053,1053,529,0,sty+bert,2,0,0.0003277209466954073,True
1054,1054,529,1,sty+bert,2,1,0.9895250946061125,True
1055,1055,530,0,sty+bert,2,0,0.0012793411137267357,True
1056,1056,530,1,sty+bert,2,1,0.9987811870965995,True
1057,1057,531,0,sty+bert,2,1,0.7961655944098714,False
1058,1058,531,1,sty+bert,2,1,0.9984458016901447,True
1059,1059,532,0,sty+bert,2,0,9.569550505170594e-05,True
1060,1060,532,1,sty+bert,2,1,0.9943793152154031,True
1061,1061,533,0,sty+bert,2,0,0.007459699672540632,True
1062,1062,533,1,sty+bert,2,1,0.997741407643468,True
1063,1063,534,0,sty+bert,2,0,0.0008462960087966283,True
1064,1064,534,1,sty+bert,2,1,0.8920003049382002,True
1065,1065,535,0,sty+bert,2,0,0.013708119662567596,True
1066,1066,535,1,sty+bert,2,0,0.06774149293646098,False
1067,1067,536,0,sty+bert,2,0,0.0002524111740744044,True
1068,1068,536,1,sty+bert,2,1,0.9988760201125096,True
1069,1069,537,0,sty+bert,2,0,0.0007300688077672341,True
1070,1070,537,1,sty+bert,2,1,0.9947630059017446,True
1071,1071,538,0,sty+bert,2,0,0.001200075650945661,True
1072,1072,538,1,sty+bert,2,1,0.9975388876599933,True
1073,1073,539,0,sty+bert,2,0,0.0018649332324181121,True
1074,1074,539,1,sty+bert,2,1,0.9803497881456669,True
1075,1075,540,0,sty+bert,2,0,0.0003067241185563883,True
1076,1076,540,1,sty+bert,2,1,0.9964079342073405,True
1077,1077,541,0,sty+bert,2,0,0.023621669418131364,True
1078,1078,541,1,sty+bert,2,1,0.9975223890312339,True
1079,1079,542,0,sty+bert,2,0,0.025561274843277935,True
1080,1080,542,1,sty+bert,2,0,0.4682586811057592,False
1081,1081,543,0,sty+bert,2,0,0.0002509499614998199,True
1082,1082,543,1,sty+bert,2,1,0.995595256544221,True
1083,1083,544,0,sty+bert,2,0,0.0018788059460138333,True
1084,1084,544,1,sty+bert,2,1,0.9947193870683798,True
1085,1085,545,0,sty+bert,2,0,0.018698182837895937,True
1086,1086,545,1,sty+bert,2,1,0.981075273299035,True
1087,1087,546,0,sty+bert,2,0,0.0005330884922391089,True
1088,1088,546,1,sty+bert,2,1,0.9410519542864197,True
1089,1089,547,0,sty+bert,2,0,0.11089074933860596,True
1090,1090,547,1,sty+bert,2,1,0.9738243308100049,True
1091,1091,548,0,sty+bert,2,0,0.0011606890173298933,True
1092,1092,548,1,sty+bert,2,1,0.9700605440535025,True
1093,1093,549,0,sty+bert,2,0,0.0006207782831534719,True
1094,1094,549,1,sty+bert,2,1,0.9984666581934019,True
1095,1095,550,0,sty+bert,2,0,0.0038570521609807623,True
1096,1096,550,1,sty+bert,2,1,0.9964511504946189,True
1097,1097,551,0,sty+bert,2,0,0.003956765132627513,True
1098,1098,551,1,sty+bert,2,1,0.9984490595140523,True
1099,1099,552,0,sty+bert,2,0,0.0014615439860334303,True
1100,1100,552,1,sty+bert,2,1,0.9968297746519157,True
1101,1101,553,0,sty+bert,2,0,0.37080458510723613,True
1102,1102,553,1,sty+bert,2,1,0.998718393955849,True
1103,1103,554,0,sty+bert,2,0,0.003208521044356339,True
1104,1104,554,1,sty+bert,2,1,0.9957369795433838,True
1105,1105,555,0,sty+bert,2,0,0.01810055931892524,True
1106,1106,555,1,sty+bert,2,1,0.9982189733717298,True
1107,1107,556,0,sty+bert,2,0,0.0007443634529532627,True
1108,1108,556,1,sty+bert,2,0,0.45177883593773793,False
1109,1109,557,0,sty+bert,2,0,0.005987605888022744,True
1110,1110,557,1,sty+bert,2,1,0.9922070876709377,True
1111,1111,558,0,sty+bert,2,0,0.011500907242240364,True
1112,1112,558,1,sty+bert,2,1,0.999153151512155,True
1113,1113,559,0,sty+bert,2,0,0.012315707787566547,True
1114,1114,559,1,sty+bert,2,1,0.9801238889749655,True
1115,1115,560,0,sty+bert,2,0,0.001173324204882345,True
1116,1116,560,1,sty+bert,2,1,0.9735723366541652,True
1117,1117,561,0,sty+bert,2,0,0.06066056033691972,True
1118,1118,561,1,sty+bert,2,1,0.5901680516874998,True
1119,1119,562,0,sty+bert,2,0,0.00923401623719894,True
1120,1120,562,1,sty+bert,2,1,0.5399140055764599,True
1121,1121,563,0,sty+bert,2,0,0.00031569671924703294,True
1122,1122,563,1,sty+bert,2,1,0.9990728731514503,True
1123,1123,564,0,sty+bert,2,0,0.0017944721562554884,True
1124,1124,564,1,sty+bert,2,1,0.9841755230517227,True
1125,1125,565,0,sty+bert,2,0,0.008722219401968755,True
1126,1126,565,1,sty+bert,2,1,0.9997745924529,True
1127,1127,566,0,sty+bert,2,0,0.005527475598843448,True
1128,1128,566,1,sty+bert,2,1,0.9960345748357791,True
1129,1129,567,0,sty+bert,2,0,0.0002672585406594948,True
1130,1130,567,1,sty+bert,2,1,0.926176061509629,True
1131,1131,568,0,sty+bert,2,0,0.00016607883634241587,True
1132,1132,568,1,sty+bert,2,1,0.9928012709817203,True
1133,1133,569,0,sty+bert,2,0,0.0022440240688516165,True
1134,1134,569,1,sty+bert,2,1,0.9982580459867761,True
1135,1135,570,0,sty+bert,2,0,0.43531969435803125,True
1136,1136,570,1,sty+bert,2,1,0.9983588087563394,True
1137,1137,571,0,sty+bert,2,0,0.029735304497926315,True
1138,1138,571,1,sty+bert,2,1,0.9149990331731875,True
1139,1139,572,0,sty+bert,2,0,0.004261340176265012,True
1140,1140,572,1,sty+bert,2,1,0.9986497497857326,True
1141,1141,573,0,sty+bert,2,0,0.028525717459591444,True
1142,1142,573,1,sty+bert,2,0,0.2575054241348555,False
1143,1143,574,0,sty+bert,2,0,0.0013795279473568648,True
1144,1144,574,1,sty+bert,2,1,0.9984082910136974,True
1145,1145,575,0,sty+bert,2,0,0.00554978978860513,True
1146,1146,575,1,sty+bert,2,1,0.9990046681948266,True
1147,1147,576,0,sty+bert,2,0,0.00016792693147383499,True
1148,1148,576,1,sty+bert,2,1,0.8929108030635127,True
1149,1149,577,0,sty+bert,2,1,0.8895192476269321,False
1150,1150,577,1,sty+bert,2,1,0.99835024857311,True
1151,1151,578,0,sty+bert,2,0,0.00044595159601772583,True
1152,1152,578,1,sty+bert,2,1,0.9919776476447872,True
1153,1153,579,0,sty+bert,2,0,0.0020123860148426047,True
1154,1154,579,1,sty+bert,2,1,0.9793544944633131,True
1155,1155,580,0,sty+bert,2,0,0.0005690053606253274,True
1156,1156,580,1,sty+bert,2,1,0.9990759804447473,True
1157,1157,581,0,sty+bert,2,0,0.015132425342215584,True
1158,1158,581,1,sty+bert,2,1,0.9997303899710731,True
1159,1159,582,0,sty+bert,2,0,0.0018218417752496603,True
1160,1160,582,1,sty+bert,2,0,0.4306915188981614,False
1161,1161,583,0,sty+bert,2,0,0.013777253538632565,True
1162,1162,583,1,sty+bert,2,1,0.9986847834610486,True
1163,1163,584,0,sty+bert,2,0,0.0015132720139152177,True
1164,1164,584,1,sty+bert,2,1,0.998176641902,True
1165,1165,585,0,sty+bert,2,0,0.0002404419882038889,True
1166,1166,585,1,sty+bert,2,1,0.9682716142849868,True
1167,1167,586,0,sty+bert,2,0,9.060840894814207e-05,True
1168,1168,586,1,sty+bert,2,1,0.9996604461509471,True
1169,1169,587,0,sty+bert,2,0,0.00374952645758304,True
1170,1170,587,1,sty+bert,2,1,0.9846826742231553,True
1171,1171,588,0,sty+bert,2,0,0.0003876898837767506,True
1172,1172,588,1,sty+bert,2,1,0.9979184800936853,True
1173,1173,589,0,sty+bert,2,0,0.02558497253677448,True
1174,1174,589,1,sty+bert,2,1,0.9981965858202654,True
1175,1175,590,0,sty+bert,2,0,0.00030690482138732295,True
1176,1176,590,1,sty+bert,2,1,0.9990585727807818,True
1177,1177,591,0,sty+bert,2,0,0.005225785868163342,True
1178,1178,591,1,sty+bert,2,1,0.973795035762484,True
1179,1179,592,0,sty+bert,2,0,0.00026805841963699773,True
1180,1180,592,1,sty+bert,2,1,0.9892252479294502,True
1181,1181,593,0,sty+bert,2,0,0.0014991949133651163,True
1182,1182,593,1,sty+bert,2,1,0.9962377432049873,True
1183,1183,594,0,sty+bert,2,0,0.0003256058587369716,True
1184,1184,594,1,sty+bert,2,1,0.9996727046476034,True
1185,1185,595,0,sty+bert,2,0,0.0023565678597528756,True
1186,1186,595,1,sty+bert,2,1,0.9920293365304071,True
1187,1187,596,0,sty+bert,2,0,0.013021528113411993,True
1188,1188,596,1,sty+bert,2,1,0.99890895507138,True
1189,1189,597,0,sty+bert,2,0,0.0075846266112671555,True
1190,1190,597,1,sty+bert,2,1,0.9726398893993909,True
1191,1191,598,0,sty+bert,2,0,0.006232175818164726,True
1192,1192,598,1,sty+bert,2,1,0.9225862415335397,True
1193,1193,599,0,sty+bert,2,0,0.05559764918477911,True
1194,1194,599,1,sty+bert,2,1,0.9989538628166194,True
1195,1195,600,0,sty+bert,2,0,0.0027756164526061035,True
1196,1196,600,1,sty+bert,2,1,0.9985549174534036,True
1197,1197,601,0,sty+bert,2,1,0.7821259223581785,False
1198,1198,601,1,sty+bert,2,1,0.7405562671426454,True
1199,1199,602,0,sty+bert,2,0,0.04217044306273224,True
1200,1200,602,1,sty+bert,2,1,0.99640591730909,True
1201,1201,603,0,sty+bert,2,0,0.0011018612746242385,True
1202,1202,603,1,sty+bert,2,1,0.9907751798723526,True
1203,1203,604,0,sty+bert,2,0,0.0005277490516836906,True
1204,1204,604,1,sty+bert,2,1,0.9994039247266095,True
1205,1205,605,0,sty+bert,2,0,0.0519168608260709,True
1206,1206,605,1,sty+bert,2,1,0.9943116046679991,True
1207,1207,606,0,sty+bert,2,0,0.3126414100751349,True
1208,1208,606,1,sty+bert,2,1,0.9932846796747118,True
1209,1209,607,0,sty+bert,2,0,0.0042186191784465,True
1210,1210,607,1,sty+bert,2,1,0.9988548814124337,True
1211,1211,608,0,sty+bert,2,0,0.00038224641902202296,True
1212,1212,608,1,sty+bert,2,1,0.9988280678379323,True
1213,1213,609,0,sty+bert,2,0,0.0073077933112701745,True
1214,1214,609,1,sty+bert,2,1,0.9995161310311201,True
1215,1215,610,0,sty+bert,2,0,0.0036437484220832326,True
1216,1216,610,1,sty+bert,2,1,0.9157199754067515,True
1217,1217,611,0,sty+bert,2,0,0.0010862907238256745,True
1218,1218,611,1,sty+bert,2,1,0.9997315935566365,True
1219,1219,612,0,sty+bert,2,0,0.05751255777524242,True
1220,1220,612,1,sty+bert,2,1,0.7975833345401807,True
1221,1221,613,0,sty+bert,2,0,0.004238088211864021,True
1222,1222,613,1,sty+bert,2,1,0.9991864829236885,True
1223,1223,614,0,sty+bert,2,0,0.0025305769482235384,True
1224,1224,614,1,sty+bert,2,1,0.9949109951377023,True
1225,1225,615,0,sty+bert,2,0,0.0016179378722698688,True
1226,1226,615,1,sty+bert,2,1,0.9963217971314835,True
1227,1227,616,0,sty+bert,2,0,0.3221969038245295,True
1228,1228,616,1,sty+bert,2,1,0.9661806724291845,True
1229,1229,617,0,sty+bert,2,0,0.007604391871464973,True
1230,1230,617,1,sty+bert,2,1,0.9879364125740718,True
1231,1231,618,0,sty+bert,2,0,0.0008198166415392091,True
1232,1232,618,1,sty+bert,2,1,0.9942718715593193,True
1233,1233,619,0,sty+bert,2,0,0.1502402794647282,True
1234,1234,619,1,sty+bert,2,1,0.990974989153062,True
1235,1235,620,0,sty+bert,2,0,0.00034373630436452927,True
1236,1236,620,1,sty+bert,2,1,0.9618682526989308,True
1237,1237,621,0,sty+bert,2,0,0.013535986139121745,True
1238,1238,621,1,sty+bert,2,1,0.991790092719384,True
1239,1239,622,0,sty+bert,2,0,0.022206479284459013,True
1240,1240,622,1,sty+bert,2,1,0.998916601466167,True
1241,1241,623,0,sty+bert,2,0,0.0004100726125816072,True
1242,1242,623,1,sty+bert,2,1,0.9619826542674358,True
1243,1243,624,0,sty+bert,2,0,0.0011236359561712574,True
1244,1244,624,1,sty+bert,2,1,0.9665401142774924,True
1245,1245,625,0,sty+bert,2,0,0.00010128518533358109,True
1246,1246,625,1,sty+bert,2,1,0.9608574942913932,True
1247,1247,626,0,sty+bert,2,0,0.00085772639974694,True
1248,1248,626,1,sty+bert,2,1,0.9986131530108361,True
1249,1249,627,0,sty+bert,2,0,0.002419343589476911,True
1250,1250,627,1,sty+bert,2,1,0.9969633974692826,True
1251,1251,628,0,sty+bert,2,0,0.018184970095891127,True
1252,1252,628,1,sty+bert,2,1,0.9997443400479453,True
1253,1253,629,0,sty+bert,2,0,0.0009154736420766524,True
1254,1254,629,1,sty+bert,2,1,0.8783389147874207,True
1255,1255,630,0,sty+bert,2,0,0.000945532968914095,True
1256,1256,630,1,sty+bert,2,1,0.9995235842588023,True
1257,1257,631,0,sty+bert,2,0,0.015081201206451306,True
1258,1258,631,1,sty+bert,2,1,0.9553769126652584,True
1259,1259,632,0,sty+bert,2,0,0.0018434619463497423,True
1260,1260,632,1,sty+bert,2,1,0.9992636392926855,True
1261,1261,633,0,sty+bert,2,0,0.0004155138429790471,True
1262,1262,633,1,sty+bert,2,1,0.862039015943091,True
1263,1263,634,0,sty+bert,2,0,0.2585638625497499,True
1264,1264,634,1,sty+bert,2,1,0.9932658295972057,True
1265,1265,635,0,sty+bert,2,0,0.0019037101583847956,True
1266,1266,635,1,sty+bert,2,1,0.9773290113402561,True
1267,1267,636,0,sty+bert,2,0,0.021294652515075452,True
1268,1268,636,1,sty+bert,2,1,0.9994050672640472,True
1269,1269,637,0,sty+bert,2,1,0.9652772478570992,False
1270,1270,637,1,sty+bert,2,1,0.9999065610471181,True
1271,1271,638,0,sty+bert,2,0,0.0021412082542717876,True
1272,1272,638,1,sty+bert,2,1,0.9899889069140677,True
1273,1273,639,0,sty+bert,2,0,0.00016970497943224956,True
1274,1274,639,1,sty+bert,2,1,0.9986752513113062,True
1275,1275,640,0,sty+bert,2,0,0.006026425330942585,True
1276,1276,640,1,sty+bert,2,1,0.9995579384277727,True
1277,1277,641,0,sty+bert,2,0,0.0032439451538219272,True
1278,1278,641,1,sty+bert,2,1,0.9191661575828992,True
1279,1279,642,0,sty+bert,2,0,0.0013775651261879883,True
1280,1280,642,1,sty+bert,2,1,0.926155504076116,True
1281,1281,643,0,sty+bert,2,0,0.005192414415417157,True
1282,1282,643,1,sty+bert,2,1,0.9986909232201628,True
1283,1283,644,0,sty+bert,2,0,0.006767023717250671,True
1284,1284,644,1,sty+bert,2,1,0.9987600035822166,True
1285,1285,645,0,sty+bert,2,0,0.016107390867186475,True
1286,1286,645,1,sty+bert,2,1,0.9995238436939314,True
1287,1287,646,0,sty+bert,2,0,0.0007952421790883305,True
1288,1288,646,1,sty+bert,2,1,0.9991272857405409,True
1289,1289,647,0,sty+bert,2,0,0.005066424294096275,True
1290,1290,647,1,sty+bert,2,1,0.9995664936730813,True
1291,1291,648,0,sty+bert,2,0,0.2652167855316189,True
1292,1292,648,1,sty+bert,2,1,0.9987393731798453,True
1293,1293,649,0,sty+bert,2,0,0.0001327271018807076,True
1294,1294,649,1,sty+bert,2,1,0.9994510191741489,True
1295,1295,650,0,sty+bert,2,0,9.394038505028411e-05,True
1296,1296,650,1,sty+bert,2,1,0.8822884868924855,True
1297,1297,651,0,sty+bert,2,0,0.000638400089309121,True
1298,1298,651,1,sty+bert,2,1,0.997203309862936,True
1299,1299,652,0,sty+bert,2,0,0.004450008785797771,True
1300,1300,652,1,sty+bert,2,1,0.9949855314995587,True
1301,1301,653,0,sty+bert,2,0,0.0007858727408207944,True
1302,1302,653,1,sty+bert,2,1,0.9942676167865822,True
1303,1303,654,0,sty+bert,2,0,0.07500262427008161,True
1304,1304,654,1,sty+bert,2,1,0.9978452420821687,True
1305,1305,655,0,sty+bert,2,0,0.002155935930516064,True
1306,1306,655,1,sty+bert,2,1,0.999601642564247,True
1307,1307,656,0,sty+bert,2,0,0.013306436843749337,True
1308,1308,656,1,sty+bert,2,1,0.9804649183155915,True
1309,1309,657,0,sty+bert,2,0,0.0012165515924458007,True
1310,1310,657,1,sty+bert,2,1,0.9972666533084391,True
1311,1311,658,0,sty+bert,2,0,0.000443775321161344,True
1312,1312,658,1,sty+bert,2,1,0.9967669779444994,True
1313,1313,659,0,sty+bert,2,0,4.194152478603438e-05,True
1314,1314,659,1,sty+bert,2,1,0.9984229323511602,True
1315,1315,660,0,sty+bert,2,0,0.0017171335657698635,True
1316,1316,660,1,sty+bert,2,1,0.8550850303408232,True
1317,1317,661,0,sty+bert,2,0,0.00017207164312315723,True
1318,1318,661,1,sty+bert,2,1,0.9976046564883517,True
1319,1319,662,0,sty+bert,2,0,0.0008354335417278549,True
1320,1320,662,1,sty+bert,2,1,0.99924974741181,True
1321,1321,663,0,sty+bert,2,0,0.0024983705102904646,True
1322,1322,663,1,sty+bert,2,1,0.9938998132623738,True
1323,1323,664,0,sty+bert,2,0,0.0050890515660035164,True
1324,1324,664,1,sty+bert,2,1,0.9982767602188356,True
1325,1325,665,0,sty+bert,2,0,0.0009129784212098123,True
1326,1326,665,1,sty+bert,2,1,0.5019232106794685,True
1327,1327,666,0,sty+bert,2,0,0.001568224079805136,True
1328,1328,666,1,sty+bert,2,1,0.9954015393510038,True
1329,1329,667,0,sty+bert,2,0,0.00011155210173757521,True
1330,1330,667,1,sty+bert,2,1,0.9986579230307125,True
1331,1331,668,0,sty+bert,2,0,0.025924332445438517,True
1332,1332,668,1,sty+bert,2,1,0.9753009623583235,True
1333,1333,669,0,sty+bert,2,0,0.0007329361587306053,True
1334,1334,669,1,sty+bert,2,1,0.9919978976535841,True
1335,1335,670,0,sty+bert,2,0,0.000589344147301233,True
1336,1336,670,1,sty+bert,2,1,0.999700804440237,True
1337,1337,671,0,sty+bert,2,0,0.0011023240189875108,True
1338,1338,671,1,sty+bert,2,1,0.9933005533015076,True
1339,1339,672,0,sty+bert,2,0,0.0002872261966016614,True
1340,1340,672,1,sty+bert,2,1,0.9138842051242634,True
1341,1341,673,0,sty+bert,2,0,0.13767636677837383,True
1342,1342,673,1,sty+bert,2,1,0.9982471622906964,True
1343,1343,674,0,sty+bert,2,0,0.0103873125850152,True
1344,1344,674,1,sty+bert,2,1,0.8761604024419114,True
1345,1345,675,0,sty+bert,2,0,0.00033286458830256713,True
1346,1346,675,1,sty+bert,2,1,0.9550417194192289,True
1347,1347,676,0,sty+bert,2,0,0.004508686844394838,True
1348,1348,676,1,sty+bert,2,1,0.9985562397426896,True
1349,1349,677,0,sty+bert,2,0,0.00027488188839093583,True
1350,1350,677,1,sty+bert,2,1,0.9993232521968567,True
1351,1351,678,0,sty+bert,2,0,0.004812731881198311,True
1352,1352,678,1,sty+bert,2,1,0.9744540593788599,True
1353,1353,679,0,sty+bert,2,0,0.002762586941215691,True
1354,1354,679,1,sty+bert,2,1,0.9632342805247968,True
1355,1355,680,0,sty+bert,2,1,0.5637619771313468,False
1356,1356,680,1,sty+bert,2,1,0.9949153989901125,True
1357,1357,681,0,sty+bert,2,0,0.0005645440699734188,True
1358,1358,681,1,sty+bert,2,1,0.9972758192055872,True
1359,1359,682,0,sty+bert,2,0,0.00020824379400857427,True
1360,1360,682,1,sty+bert,2,1,0.9582659946351196,True
1361,1361,683,0,sty+bert,2,0,0.00032742818916057923,True
1362,1362,683,1,sty+bert,2,1,0.9983983182137198,True
1363,1363,684,0,sty+bert,2,0,0.000386781658443942,True
1364,1364,684,1,sty+bert,2,1,0.9979537133690997,True
1365,1365,685,0,sty+bert,2,0,0.14022074245745234,True
1366,1366,685,1,sty+bert,2,1,0.9982963453912764,True
1367,1367,686,0,sty+bert,2,0,0.0009410497943785391,True
1368,1368,686,1,sty+bert,2,1,0.9970865831320532,True
1369,1369,687,0,sty+bert,2,0,5.403382349277996e-05,True
1370,1370,687,1,sty+bert,2,1,0.997896526798399,True
1371,1371,688,0,sty+bert,2,0,0.0008616059472947394,True
1372,1372,688,1,sty+bert,2,1,0.9984541269258589,True
1373,1373,689,0,sty+bert,2,0,0.0012071606256650058,True
1374,1374,689,1,sty+bert,2,1,0.9985162386928574,True
1375,1375,690,0,sty+bert,2,0,0.03842435774690351,True
1376,1376,690,1,sty+bert,2,1,0.9996675088477579,True
1377,1377,691,0,sty+bert,2,0,0.0053733081368788444,True
1378,1378,691,1,sty+bert,2,0,0.3198080865738608,False
1379,1379,692,0,sty+bert,2,0,0.0008626874538362648,True
1380,1380,692,1,sty+bert,2,1,0.9402721705445513,True
1381,1381,693,0,sty+bert,2,0,0.002558406215205682,True
1382,1382,693,1,sty+bert,2,1,0.9853678731517961,True
1383,1383,694,0,sty+bert,2,0,0.00077275897191972,True
1384,1384,694,1,sty+bert,2,1,0.9715365616509521,True
1385,1385,695,0,sty+bert,2,0,0.002433621342490023,True
1386,1386,695,1,sty+bert,2,1,0.9981257523248199,True
1387,1387,696,0,sty+bert,2,0,0.02928660083184309,True
1388,1388,696,1,sty+bert,2,1,0.9945310847882046,True
1389,1389,697,0,sty+bert,2,0,0.0007205510019897644,True
1390,1390,697,1,sty+bert,2,1,0.991932035680136,True
1391,1391,698,0,sty+bert,2,0,6.232582702378645e-05,True
1392,1392,698,1,sty+bert,2,1,0.5687653164157076,True
1393,1393,699,0,sty+bert,2,0,0.01250235432759768,True
1394,1394,699,1,sty+bert,2,1,0.965777729018301,True
1395,1395,700,0,sty+bert,2,0,0.0003035122725207685,True
1396,1396,700,1,sty+bert,2,1,0.9333025211087741,True
1397,1397,701,0,sty+bert,2,0,0.009412126054644934,True
1398,1398,701,1,sty+bert,2,1,0.9990665077891129,True
1399,1399,702,0,sty+bert,2,0,0.0022547783247798257,True
1400,1400,702,1,sty+bert,2,1,0.9767128257214484,True
1401,1401,703,0,sty+bert,2,0,0.015112405307732267,True
1402,1402,703,1,sty+bert,2,1,0.9861052153765886,True
1403,1403,704,0,sty+bert,2,0,0.005546123878118904,True
1404,1404,704,1,sty+bert,2,1,0.997958511029943,True
1405,1405,705,0,sty+bert,2,0,0.005214289968909181,True
1406,1406,705,1,sty+bert,2,1,0.9983849682871423,True
1407,1407,706,0,sty+bert,2,0,0.023149840845444945,True
1408,1408,706,1,sty+bert,2,1,0.6800347321801369,True
1409,1409,707,0,sty+bert,2,0,0.005094329103269806,True
1410,1410,707,1,sty+bert,2,1,0.9998204606797418,True
1411,1411,708,0,sty+bert,2,0,0.001241786858768242,True
1412,1412,708,1,sty+bert,2,1,0.6344994111888722,True
1413,1413,709,0,sty+bert,2,0,0.03409058512544684,True
1414,1414,709,1,sty+bert,2,1,0.9967693614264377,True
1415,1415,710,0,sty+bert,2,0,0.00024988251939471245,True
1416,1416,710,1,sty+bert,2,1,0.9985904866355796,True
1417,1417,711,0,sty+bert,2,0,0.0001833725826791172,True
1418,1418,711,1,sty+bert,2,1,0.9977287875233058,True
1419,1419,712,0,sty+bert,2,0,0.007734531097184062,True
1420,1420,712,1,sty+bert,2,1,0.9756444268719807,True
1421,1421,713,0,sty+bert,2,0,0.016586779266343773,True
1422,1422,713,1,sty+bert,2,1,0.9997624490264159,True
1423,1423,714,0,sty+bert,2,0,0.0013293660355645936,True
1424,1424,714,1,sty+bert,2,1,0.9634796786785416,True
1425,1425,715,0,sty+bert,2,0,0.0012813137758147717,True
1426,1426,715,1,sty+bert,2,1,0.9802249106297757,True
1427,1427,716,0,sty+bert,2,0,0.0007471960753225668,True
1428,1428,716,1,sty+bert,2,1,0.9994662502970643,True
1429,1429,717,0,sty+bert,2,0,0.001404274145748142,True
1430,1430,717,1,sty+bert,2,1,0.9361890102033101,True
1431,1431,718,0,sty+bert,2,0,0.022950891099366377,True
1432,1432,718,1,sty+bert,2,1,0.9992992250750697,True
1433,1433,719,0,sty+bert,2,1,0.6152895141092982,False
1434,1434,719,1,sty+bert,2,1,0.9865753784162745,True
1435,1435,720,0,sty+bert,2,1,0.9489794876403238,False
1436,1436,720,1,sty+bert,2,1,0.8956477175210084,True
1437,1437,721,0,sty+bert,2,0,0.01508763613645481,True
1438,1438,721,1,sty+bert,2,1,0.9995653214627778,True
1439,1439,722,0,sty+bert,2,0,0.003844725744025872,True
1440,1440,722,1,sty+bert,2,1,0.9962110639816485,True
1441,1441,723,0,sty+bert,2,0,0.32073863531319036,True
1442,1442,723,1,sty+bert,2,1,0.9997216751680461,True
1443,1443,724,0,sty+bert,2,0,0.001208166899823537,True
1444,1444,724,1,sty+bert,2,1,0.9997755873945402,True
1445,1445,725,0,sty+bert,2,0,0.0025707432459108896,True
1446,1446,725,1,sty+bert,2,1,0.9996963853596487,True
1447,1447,726,0,sty+bert,2,0,0.0018193660746040079,True
1448,1448,726,1,sty+bert,2,1,0.9986489687276375,True
1449,1449,727,0,sty+bert,2,0,5.584924470020237e-05,True
1450,1450,727,1,sty+bert,2,1,0.6695776175062172,True
1451,1451,728,0,sty+bert,2,0,0.0051756642997550974,True
1452,1452,728,1,sty+bert,2,1,0.9998489799142237,True
1453,1453,729,0,sty+bert,2,0,0.0017151433826660361,True
1454,1454,729,1,sty+bert,2,0,0.13877189707630536,False
1455,1455,730,0,sty+bert,2,0,0.00012370731632230903,True
1456,1456,730,1,sty+bert,2,1,0.9973824765975464,True
1457,1457,731,0,sty+bert,2,0,0.03112539128968552,True
1458,1458,731,1,sty+bert,2,1,0.9982925587580913,True
1459,1459,732,0,sty+bert,2,0,0.0007419750967410814,True
1460,1460,732,1,sty+bert,2,1,0.9963092075828974,True
1461,1461,733,0,sty+bert,2,0,0.00013778423265246208,True
1462,1462,733,1,sty+bert,2,1,0.992897373038972,True
1463,1463,734,0,sty+bert,2,0,0.04542374461069254,True
1464,1464,734,1,sty+bert,2,1,0.9964031500063611,True
1465,1465,735,0,sty+bert,2,0,0.0051644132445791986,True
1466,1466,735,1,sty+bert,2,1,0.7399363038578239,True
1467,1467,736,0,sty+bert,2,0,0.0011367207552251905,True
1468,1468,736,1,sty+bert,2,1,0.9937015356018964,True
1469,1469,737,0,sty+bert,2,0,0.0003752642537745005,True
1470,1470,737,1,sty+bert,2,1,0.9933814627674741,True
1471,1471,738,0,sty+bert,2,0,0.023564076082297176,True
1472,1472,738,1,sty+bert,2,1,0.997271547235793,True
1473,1473,739,0,sty+bert,2,0,0.01199311443917081,True
1474,1474,739,1,sty+bert,2,1,0.9986828842919628,True
1475,1475,740,0,sty+bert,2,0,0.011981194101646827,True
1476,1476,740,1,sty+bert,2,1,0.998882206034299,True
1477,1477,741,0,sty+bert,2,0,0.004001937357339657,True
1478,1478,741,1,sty+bert,2,1,0.9632096676867903,True
1479,1479,742,0,sty+bert,2,0,0.0027254022133957603,True
1480,1480,742,1,sty+bert,2,1,0.9817526992946317,True
1481,1481,743,0,sty+bert,2,0,0.006378278757048484,True
1482,1482,743,1,sty+bert,2,1,0.9985584339491335,True
1483,1483,744,0,sty+bert,2,0,0.0030982172762364815,True
1484,1484,744,1,sty+bert,2,1,0.9913305963866026,True
1485,1485,745,0,sty+bert,2,0,0.002747010023336457,True
1486,1486,745,1,sty+bert,2,1,0.9969577174514173,True
1487,1487,746,0,sty+bert,2,0,0.000844487207239943,True
1488,1488,746,1,sty+bert,2,1,0.9987495787741437,True
1489,1489,747,0,sty+bert,2,0,0.000520268060627291,True
1490,1490,747,1,sty+bert,2,1,0.9895764095873122,True
1491,1491,748,0,sty+bert,2,0,0.006397969981360175,True
1492,1492,748,1,sty+bert,2,1,0.9860489110677815,True
1493,1493,749,0,sty+bert,2,0,0.09514196821029179,True
1494,1494,749,1,sty+bert,2,1,0.9010495663223466,True
1495,1495,750,0,sty+bert,2,0,0.00027171763282900273,True
1496,1496,750,1,sty+bert,2,1,0.9995731683813244,True
1497,1497,751,0,sty+bert,2,1,0.6781833651270085,False
1498,1498,751,1,sty+bert,2,1,0.9981337816288075,True
1499,1499,752,0,sty+bert,2,0,0.0003020510941310932,True
1500,1500,752,1,sty+bert,2,1,0.9992127280243456,True
1501,1501,753,0,sty+bert,2,0,0.03450800006881781,True
1502,1502,753,1,sty+bert,2,1,0.9994347573022194,True
1503,1503,754,0,sty+bert,2,0,0.0005008382323198493,True
1504,1504,754,1,sty+bert,2,1,0.9988346455476805,True
1505,1505,755,0,sty+bert,2,0,0.0001871023333453197,True
1506,1506,755,1,sty+bert,2,1,0.9981656937965768,True
1507,1507,756,0,sty+bert,2,0,0.0030864726878049404,True
1508,1508,756,1,sty+bert,2,1,0.9994476739018487,True
1509,1509,757,0,sty+bert,2,1,0.8526895682767289,False
1510,1510,757,1,sty+bert,2,1,0.9523055513561096,True
1511,1511,758,0,sty+bert,2,0,0.000623969936188905,True
1512,1512,758,1,sty+bert,2,1,0.9829735174181059,True
1513,1513,759,0,sty+bert,2,0,0.0031348465452315693,True
1514,1514,759,1,sty+bert,2,1,0.9880547871263995,True
1515,1515,760,0,sty+bert,2,0,0.0006570232554339589,True
1516,1516,760,1,sty+bert,2,1,0.9993238483171204,True
1517,1517,761,0,sty+bert,2,0,0.001748153200788719,True
1518,1518,761,1,sty+bert,2,1,0.9977103570888126,True
1519,1519,762,0,sty+bert,2,0,0.0010669220022558386,True
1520,1520,762,1,sty+bert,2,1,0.9993979817906045,True
1521,1521,763,0,sty+bert,2,0,0.00013366304856022503,True
1522,1522,763,1,sty+bert,2,0,0.1910726184792438,False
1523,1523,764,0,sty+bert,2,0,0.000186166282102074,True
1524,1524,764,1,sty+bert,2,1,0.9990795892233206,True
1525,1525,765,0,sty+bert,2,0,0.0011263659225939765,True
1526,1526,765,1,sty+bert,2,1,0.9941147623168112,True
1527,1527,766,0,sty+bert,2,0,0.001875714836874117,True
1528,1528,766,1,sty+bert,2,1,0.9984113169602407,True
1529,1529,767,0,sty+bert,2,0,0.19181748416932012,True
1530,1530,767,1,sty+bert,2,1,0.9982115628239392,True
1531,1531,768,0,sty+bert,2,0,0.0007375912114622424,True
1532,1532,768,1,sty+bert,2,1,0.998590360998784,True
1533,1533,769,0,sty+bert,2,0,0.0016486235251985937,True
1534,1534,769,1,sty+bert,2,1,0.9969441050594444,True
1535,1535,770,0,sty+bert,2,0,0.057026354865701276,True
1536,1536,770,1,sty+bert,2,1,0.9932277385144378,True
1537,1537,771,0,sty+bert,2,0,0.03830465123910667,True
1538,1538,771,1,sty+bert,2,1,0.9978477176415231,True
1539,1539,772,0,sty+bert,2,0,0.017241449880699346,True
1540,1540,772,1,sty+bert,2,1,0.9990492984529178,True
1541,1541,773,0,sty+bert,2,0,0.0011732367941035351,True
1542,1542,773,1,sty+bert,2,1,0.9988366303417561,True
1543,1543,774,0,sty+bert,2,0,0.008823570377055077,True
1544,1544,774,1,sty+bert,2,1,0.9939998027724272,True
1545,1545,775,0,sty+bert,2,0,0.03062645070150017,True
1546,1546,775,1,sty+bert,2,1,0.9393469455018963,True
1547,1547,776,0,sty+bert,2,0,0.0046597561129856375,True
1548,1548,776,1,sty+bert,2,1,0.9987709103259507,True
1549,1549,777,0,sty+bert,2,0,0.010281074595016334,True
1550,1550,777,1,sty+bert,2,1,0.9998351458339271,True
1551,1551,778,0,sty+bert,2,0,0.00021926697569821433,True
1552,1552,778,1,sty+bert,2,1,0.9938565955449757,True
1553,1553,779,0,sty+bert,2,0,0.0013546314808480697,True
1554,1554,779,1,sty+bert,2,1,0.9959025547207613,True
1555,1555,780,0,sty+bert,2,0,0.0010651333720023849,True
1556,1556,780,1,sty+bert,2,1,0.9983307601700088,True
1557,1557,781,0,sty+bert,2,0,0.0017157342629782254,True
1558,1558,781,1,sty+bert,2,1,0.9856263003353994,True
1559,1559,782,0,sty+bert,2,0,0.0017234088749180166,True
1560,1560,782,1,sty+bert,2,1,0.9994836829293197,True
1561,1561,783,0,sty+bert,2,0,0.0014654089856385936,True
1562,1562,783,1,sty+bert,2,1,0.9992838709161717,True
1563,1563,784,1,sty+bert,2,1,0.996098368168763,True
1564,1564,785,0,sty+bert,2,0,0.25835859013986046,True
1565,1565,785,1,sty+bert,2,1,0.9877925379676963,True
1566,1566,786,0,sty+bert,2,0,0.0004769851774790578,True
1567,1567,786,1,sty+bert,2,1,0.9998111773966938,True
1568,1568,787,0,sty+bert,2,0,0.02533837858985071,True
1569,1569,787,1,sty+bert,2,1,0.9937003489631321,True
1570,1570,788,0,sty+bert,2,0,0.004341697824154844,True
1571,1571,788,1,sty+bert,2,1,0.9911860155960297,True
1572,1572,789,0,sty+bert,2,0,0.12220910164109293,True
1573,1573,789,1,sty+bert,2,1,0.9733954558731179,True
1574,1574,790,0,sty+bert,2,0,0.004437622554480992,True
1575,1575,790,1,sty+bert,2,1,0.9962757396795352,True
1576,1576,791,0,sty+bert,2,0,0.07186475315344226,True
1577,1577,791,1,sty+bert,2,1,0.9994072091114319,True
1578,1578,792,0,sty+bert,2,0,0.02317141519897174,True
1579,1579,792,1,sty+bert,2,1,0.9995420056049333,True
1580,1580,793,0,sty+bert,2,0,0.002910170546874293,True
1581,1581,793,1,sty+bert,2,1,0.9984255174180137,True
1582,1582,794,0,sty+bert,2,0,0.03339059980798861,True
1583,1583,794,1,sty+bert,2,1,0.989714434749119,True
1584,1584,795,0,sty+bert,2,0,0.10898440465166574,True
1585,1585,795,1,sty+bert,2,0,0.32496916631838346,False
1586,1586,796,0,sty+bert,2,0,0.0029756011508583645,True
1587,1587,796,1,sty+bert,2,1,0.9990569748656116,True
1588,1588,797,0,sty+bert,2,0,0.0013345677515799053,True
1589,1589,797,1,sty+bert,2,0,0.13596869681952245,False
1590,1590,798,0,sty+bert,2,0,0.0008429141220649964,True
1591,1591,798,1,sty+bert,2,1,0.9993581719044508,True
1592,1592,799,0,sty+bert,2,0,0.00525013744705647,True
1593,1593,799,1,sty+bert,2,1,0.9940252142069375,True
1594,1594,800,0,sty+bert,2,0,0.03980194558660717,True
1595,1595,800,1,sty+bert,2,1,0.9982782759270801,True
1596,1596,801,0,sty+bert,2,0,0.04263653376560077,True
1597,1597,801,1,sty+bert,2,1,0.9987293926071952,True
1598,1598,802,0,sty+bert,2,0,0.005546503344416589,True
1599,1599,802,1,sty+bert,2,1,0.9955910483658247,True
1600,1600,803,0,sty+bert,2,0,0.0046537301727361405,True
1601,1601,803,1,sty+bert,2,1,0.999822727392161,True
1602,1602,804,0,sty+bert,2,0,0.09858665591739757,True
1603,1603,804,1,sty+bert,2,1,0.9343838040396248,True
1604,1604,805,0,sty+bert,2,0,0.015201434983708677,True
1605,1605,805,1,sty+bert,2,1,0.9998963727433173,True
1606,1606,806,0,sty+bert,2,0,0.00026240004002460926,True
1607,1607,806,1,sty+bert,2,1,0.7912124053147525,True
1608,1608,807,0,sty+bert,2,0,0.3794113316154256,True
1609,1609,807,1,sty+bert,2,1,0.9933581741076152,True
1610,1610,808,0,sty+bert,2,0,0.0006487409413620447,True
1611,1611,808,1,sty+bert,2,1,0.9933690701289439,True
1612,1612,809,0,sty+bert,2,0,0.000413019079812904,True
1613,1613,809,1,sty+bert,2,1,0.99716843863318,True
1614,1614,810,0,sty+bert,2,0,0.001890789889168698,True
1615,1615,810,1,sty+bert,2,1,0.9976548639710482,True
1616,1616,811,0,sty+bert,2,0,0.0030811017021454,True
1617,1617,811,1,sty+bert,2,1,0.9747601299314447,True
1618,1618,812,0,sty+bert,2,0,0.07683179520801584,True
1619,1619,812,1,sty+bert,2,1,0.8746931582858896,True
1620,1620,813,1,sty+bert,2,1,0.7056073201076326,True
1621,1621,814,0,sty+bert,2,0,0.19577228210010805,True
1622,1622,814,1,sty+bert,2,1,0.9999535927087081,True
1623,1623,815,0,sty+bert,2,0,0.17585092751283243,True
1624,1624,815,1,sty+bert,2,1,0.9998558358010108,True
1625,1625,816,0,sty+bert,2,0,0.013111078846060652,True
1626,1626,816,1,sty+bert,2,1,0.9920653362699668,True
1627,1627,817,0,sty+bert,2,0,0.0016302523899147303,True
1628,1628,817,1,sty+bert,2,1,0.998629142956156,True
1629,1629,818,0,sty+bert,2,0,0.0004265139079182764,True
1630,1630,818,1,sty+bert,2,1,0.9511351405724259,True
1631,1631,819,0,sty+bert,2,0,0.00014322264569730943,True
1632,1632,819,1,sty+bert,2,1,0.9998070140732461,True
1633,1633,820,0,sty+bert,2,0,0.013275512397980652,True
1634,1634,820,1,sty+bert,2,1,0.9968658269665307,True
1635,1635,821,0,sty+bert,2,0,0.43532327416403804,True
1636,1636,821,1,sty+bert,2,1,0.9971813897124505,True
1637,1637,822,0,sty+bert,2,0,0.0013435793300602295,True
1638,1638,822,1,sty+bert,2,1,0.9981867113395719,True
1639,1639,823,0,sty+bert,2,0,0.00043704084548919025,True
1640,1640,823,1,sty+bert,2,1,0.999229527514958,True
1641,1641,824,0,sty+bert,2,0,0.0024394950819250196,True
1642,1642,824,1,sty+bert,2,1,0.9996100595379167,True
1643,1643,825,0,sty+bert,2,0,0.0007660348972404281,True
1644,1644,825,1,sty+bert,2,1,0.996954929358511,True
1645,1645,826,0,sty+bert,2,0,0.0011083718096990178,True
1646,1646,826,1,sty+bert,2,1,0.9301932537751781,True
1647,1647,827,0,sty+bert,2,0,0.0002724022815335276,True
1648,1648,827,1,sty+bert,2,1,0.999436964058508,True
1649,1649,828,0,sty+bert,2,0,0.0009399215841535369,True
1650,1650,828,1,sty+bert,2,1,0.996773233471955,True
1651,1651,829,0,sty+bert,2,1,0.8222473205129891,False
1652,1652,829,1,sty+bert,2,1,0.9977513472893018,True
1653,1653,830,0,sty+bert,2,0,0.003226194847922799,True
1654,1654,830,1,sty+bert,2,1,0.8886573996010112,True
1655,1655,831,0,sty+bert,2,0,0.004294937402842476,True
1656,1656,831,1,sty+bert,2,1,0.9669653607502647,True
1657,1657,832,0,sty+bert,2,0,0.038419729767790976,True
1658,1658,832,1,sty+bert,2,1,0.999603550930254,True
1659,1659,833,0,sty+bert,2,0,0.07580925134623269,True
1660,1660,833,1,sty+bert,2,1,0.9987113264132838,True
1661,1661,834,0,sty+bert,2,0,0.0001368071477667784,True
1662,1662,834,1,sty+bert,2,1,0.9951338750440486,True
1663,1663,835,0,sty+bert,2,0,0.0006617942745779385,True
1664,1664,835,1,sty+bert,2,1,0.9995983042581954,True
1665,1665,836,0,sty+bert,2,0,0.00020565908777856097,True
1666,1666,836,1,sty+bert,2,1,0.9008177414903796,True
1667,1667,837,0,sty+bert,2,0,0.0009418177943308054,True
1668,1668,837,1,sty+bert,2,1,0.9978740666506648,True
1669,1669,838,0,sty+bert,2,0,0.0015989820456784314,True
1670,1670,838,1,sty+bert,2,1,0.9945952908857179,True
1671,1671,839,0,sty+bert,2,0,2.65936670211164e-05,True
1672,1672,839,1,sty+bert,2,1,0.9660511216873735,True
1673,1673,840,0,sty+bert,2,0,0.0007854480965560067,True
1674,1674,840,1,sty+bert,2,1,0.9981659446106741,True
1675,1675,841,0,sty+bert,2,0,0.0005358879340380187,True
1676,1676,841,1,sty+bert,2,1,0.9624639751729657,True
1677,1677,842,0,sty+bert,2,0,0.006081305032149569,True
1678,1678,842,1,sty+bert,2,1,0.9936829858395357,True
1679,1679,843,0,sty+bert,2,0,0.08244146613179515,True
1680,1680,843,1,sty+bert,2,1,0.5616754113773926,True
1681,1681,844,0,sty+bert,2,0,0.017749848534781076,True
1682,1682,844,1,sty+bert,2,1,0.9076258741057124,True
1683,1683,845,0,sty+bert,2,0,0.00020178918948048926,True
1684,1684,845,1,sty+bert,2,1,0.9996401602014796,True
1685,1685,846,0,sty+bert,2,1,0.6542302582859455,False
1686,1686,846,1,sty+bert,2,1,0.9992859713112225,True
1687,1687,847,0,sty+bert,2,0,0.05868540937632948,True
1688,1688,847,1,sty+bert,2,1,0.9955703775799831,True
1689,1689,848,0,sty+bert,2,0,0.00014970164853961838,True
1690,1690,848,1,sty+bert,2,1,0.9975739373504418,True
1691,1691,849,0,sty+bert,2,0,0.00032242733011727853,True
1692,1692,849,1,sty+bert,2,1,0.9996422148402089,True
1693,1693,850,0,sty+bert,2,0,0.00031556674959680236,True
1694,1694,850,1,sty+bert,2,1,0.9991317001148353,True
1695,1695,851,0,sty+bert,2,0,0.015573812545339747,True
1696,1696,851,1,sty+bert,2,1,0.9933205897286809,True
1697,1697,852,0,sty+bert,2,0,3.432048288408051e-05,True
1698,1698,852,1,sty+bert,2,1,0.995108986790973,True
1699,1699,853,0,sty+bert,2,0,0.0020781897874704667,True
1700,1700,853,1,sty+bert,2,1,0.9991927094069483,True
1701,1701,854,0,sty+bert,2,0,0.003841912927822909,True
1702,1702,854,1,sty+bert,2,1,0.99974534190687,True
1703,1703,855,0,sty+bert,2,0,0.011004741546301397,True
1704,1704,855,1,sty+bert,2,1,0.9970697224481428,True
1705,1705,856,0,sty+bert,2,0,0.00034713656464118304,True
1706,1706,856,1,sty+bert,2,1,0.9992297061987543,True
1707,1707,857,0,sty+bert,2,0,0.00015781851407975768,True
1708,1708,857,1,sty+bert,2,1,0.9821485181355024,True
1709,1709,858,0,sty+bert,2,0,0.3090377639379536,True
1710,1710,858,1,sty+bert,2,1,0.998632251609876,True
1711,1711,859,0,sty+bert,2,0,0.002809716527878155,True
1712,1712,859,1,sty+bert,2,1,0.9879351163878919,True
1713,1713,860,0,sty+bert,2,0,0.031181986505468693,True
1714,1714,860,1,sty+bert,2,1,0.9992882922145503,True
1715,1715,861,0,sty+bert,2,0,0.013148414004480628,True
1716,1716,861,1,sty+bert,2,1,0.9785717917034741,True
1717,1717,862,0,sty+bert,2,0,0.005867923732432877,True
1718,1718,862,1,sty+bert,2,1,0.7445564363516873,True
1719,1719,863,0,sty+bert,2,0,0.005071688772002582,True
1720,1720,863,1,sty+bert,2,1,0.9949662315368825,True
1721,1721,864,0,sty+bert,2,0,0.07613453608302649,True
1722,1722,864,1,sty+bert,2,1,0.9976077156139274,True
1723,1723,865,0,sty+bert,2,0,0.0245569535376052,True
1724,1724,865,1,sty+bert,2,1,0.8930896365014811,True
1725,1725,866,0,sty+bert,2,0,0.0002674244768836077,True
1726,1726,866,1,sty+bert,2,1,0.9951762195245281,True
1727,1727,867,0,sty+bert,2,0,0.0008229861113115009,True
1728,1728,867,1,sty+bert,2,1,0.9997623649560413,True
1729,1729,868,0,sty+bert,2,0,3.353500154762303e-05,True
1730,1730,868,1,sty+bert,2,1,0.9970587032922137,True
1731,1731,869,0,sty+bert,2,0,0.018115482067528783,True
1732,1732,869,1,sty+bert,2,1,0.9820594380843828,True
1733,1733,870,0,sty+bert,2,0,0.020314827392769654,True
1734,1734,870,1,sty+bert,2,1,0.9803907476552831,True
1735,1735,871,0,sty+bert,2,0,0.0030818875998133784,True
1736,1736,871,1,sty+bert,2,1,0.999269066618018,True
1737,1737,872,0,sty+bert,2,0,0.07425835606268912,True
1738,1738,872,1,sty+bert,2,1,0.999003585461992,True
1739,1739,873,0,sty+bert,2,0,0.0021149180227953935,True
1740,1740,873,1,sty+bert,2,1,0.9974364927922811,True
1741,1741,874,0,sty+bert,2,0,0.001074066115368984,True
1742,1742,874,1,sty+bert,2,1,0.9702233916994496,True
1743,1743,875,0,sty+bert,2,0,0.0006333749307488476,True
1744,1744,875,1,sty+bert,2,1,0.9997541083727642,True
1745,1745,876,0,sty+bert,2,0,0.0025117360791266,True
1746,1746,876,1,sty+bert,2,1,0.9968486837091304,True
1747,1747,877,0,sty+bert,2,0,0.004453174167630214,True
1748,1748,877,1,sty+bert,2,1,0.9998556349577435,True
1749,1749,878,0,sty+bert,2,0,0.004550416258809483,True
1750,1750,878,1,sty+bert,2,1,0.9976569752789688,True
1751,1751,879,0,sty+bert,2,0,0.09971738023592595,True
1752,1752,879,1,sty+bert,2,1,0.9963220727040495,True
1753,1753,880,0,sty+bert,2,0,0.0014513147798972967,True
1754,1754,880,1,sty+bert,2,1,0.9988115441852248,True
1755,1755,881,0,sty+bert,2,0,0.0007791740831346868,True
1756,1756,881,1,sty+bert,2,1,0.9762291262737891,True
1757,1757,882,0,sty+bert,2,0,0.0037948096167929185,True
1758,1758,882,1,sty+bert,2,1,0.9981590635092209,True
1759,1759,883,0,sty+bert,2,0,0.00423908032707595,True
1760,1760,883,1,sty+bert,2,1,0.9837654509722387,True
1761,1761,884,0,sty+bert,2,0,0.0010595844180687863,True
1762,1762,884,1,sty+bert,2,1,0.9979427222346154,True
1763,1763,885,0,sty+bert,2,0,0.000353886072993982,True
1764,1764,885,1,sty+bert,2,1,0.9989402365355315,True
1765,1765,886,0,sty+bert,2,0,0.04016241221186698,True
1766,1766,886,1,sty+bert,2,1,0.999649522422579,True
1767,1767,887,0,sty+bert,2,0,0.003865448192634803,True
1768,1768,887,1,sty+bert,2,1,0.5914784535312638,True
1769,1769,888,0,sty+bert,2,0,0.00798149375606466,True
1770,1770,888,1,sty+bert,2,1,0.9996798228887878,True
1771,1771,889,0,sty+bert,2,0,0.011041874953312469,True
1772,1772,889,1,sty+bert,2,1,0.9996116042306877,True
1773,1773,890,0,sty+bert,2,0,4.1154454008782574e-05,True
1774,1774,890,1,sty+bert,2,1,0.9831688713276188,True
1775,1775,891,0,sty+bert,2,1,0.7224028957965747,False
1776,1776,891,1,sty+bert,2,1,0.9909340412991192,True
1777,1777,892,0,sty+bert,2,0,0.0010898372534703057,True
1778,1778,892,1,sty+bert,2,1,0.9997707518992953,True
1779,1779,893,0,sty+bert,2,0,0.012340627468259558,True
1780,1780,893,1,sty+bert,2,1,0.9988082468009005,True
1781,1781,894,0,sty+bert,2,0,9.637279476085074e-05,True
1782,1782,894,1,sty+bert,2,1,0.9938693541945134,True
1783,1783,895,0,sty+bert,2,0,0.00019661453276281863,True
1784,1784,895,1,sty+bert,2,1,0.8301459369760411,True
1785,1785,896,0,sty+bert,2,0,0.15067573027096834,True
1786,1786,896,1,sty+bert,2,1,0.9675862286259612,True
1787,1787,897,0,sty+bert,2,0,0.0014280059491986671,True
1788,1788,897,1,sty+bert,2,1,0.9994364233449944,True
1789,1789,898,0,sty+bert,2,0,0.0008661282541120706,True
1790,1790,898,1,sty+bert,2,1,0.9993450562306859,True
1791,1791,899,0,sty+bert,2,0,0.00555537433225882,True
1792,1792,899,1,sty+bert,2,1,0.9940256447342017,True
1793,1793,900,0,sty+bert,2,0,0.01690977791430699,True
1794,1794,900,1,sty+bert,2,1,0.9936245294972202,True
1795,1795,901,0,sty+bert,2,0,0.0018028856609442717,True
1796,1796,901,1,sty+bert,2,1,0.9981173058748779,True
1797,1797,902,0,sty+bert,2,0,0.008752379285277246,True
1798,1798,902,1,sty+bert,2,1,0.9961563605590669,True
1799,1799,903,0,sty+bert,2,0,0.002028880810296069,True
1800,1800,903,1,sty+bert,2,1,0.9983911140712736,True
1801,1801,904,0,sty+bert,2,0,0.013424507703370626,True
1802,1802,904,1,sty+bert,2,1,0.9974322930593713,True
1803,1803,905,0,sty+bert,2,0,0.001374382029048448,True
1804,1804,905,1,sty+bert,2,1,0.9994788134977401,True
1805,1805,906,0,sty+bert,2,0,0.0007525230626707643,True
1806,1806,906,1,sty+bert,2,1,0.9948355595651089,True
1807,1807,907,0,sty+bert,2,0,0.0009034658510503899,True
1808,1808,907,1,sty+bert,2,1,0.9997751886288075,True
1809,1809,908,0,sty+bert,2,0,0.0027151609891754506,True
1810,1810,908,1,sty+bert,2,0,0.08042380287562323,False
1811,1811,909,0,sty+bert,2,0,0.00046122856555831377,True
1812,1812,909,1,sty+bert,2,1,0.9943690992474943,True
1813,1813,910,0,sty+bert,2,0,0.026086971843720917,True
1814,1814,910,1,sty+bert,2,1,0.7644276451628229,True
1815,1815,911,0,sty+bert,2,1,0.7397764922064543,False
1816,1816,911,1,sty+bert,2,1,0.9648742259709548,True
1817,1817,912,0,sty+bert,2,0,0.024674564352097514,True
1818,1818,912,1,sty+bert,2,1,0.9980130348358354,True
1819,1819,913,0,sty+bert,2,0,0.005075688124774502,True
1820,1820,913,1,sty+bert,2,1,0.9983180963130239,True
1821,1821,914,0,sty+bert,2,0,0.12854509390038696,True
1822,1822,914,1,sty+bert,2,1,0.9998532840827986,True
1823,1823,915,0,sty+bert,2,0,0.004226545502676363,True
1824,1824,915,1,sty+bert,2,1,0.9621493360450072,True
1825,1825,916,0,sty+bert,2,0,0.10570888192516253,True
1826,1826,916,1,sty+bert,2,1,0.9971227819644238,True
1827,1827,917,0,sty+bert,2,0,0.002087350995683779,True
1828,1828,917,1,sty+bert,2,1,0.9993368693399721,True
1829,1829,918,0,sty+bert,2,0,0.0019768183793125666,True
1830,1830,918,1,sty+bert,2,1,0.999483024109686,True
1831,1831,919,0,sty+bert,2,0,0.14422559176517258,True
1832,1832,919,1,sty+bert,2,1,0.998071166667452,True
1833,1833,920,0,sty+bert,2,0,0.005082616722798153,True
1834,1834,920,1,sty+bert,2,1,0.9979410165138305,True
1835,1835,921,0,sty+bert,2,0,0.1455852584395495,True
1836,1836,921,1,sty+bert,2,1,0.998240874418875,True
1837,1837,922,0,sty+bert,2,0,0.005899221069845779,True
1838,1838,922,1,sty+bert,2,1,0.9996939245175853,True
1839,1839,923,0,sty+bert,2,0,0.2117372791324372,True
1840,1840,923,1,sty+bert,2,1,0.9996493651759284,True
1841,1841,924,0,sty+bert,2,0,0.0004589460739440678,True
1842,1842,924,1,sty+bert,2,1,0.581849101656656,True
1843,1843,925,0,sty+bert,2,0,0.00028345954818158813,True
1844,1844,925,1,sty+bert,2,1,0.9968374667881357,True
1845,1845,926,0,sty+bert,2,0,0.001382381037137122,True
1846,1846,926,1,sty+bert,2,1,0.9969432811811315,True
1847,1847,927,0,sty+bert,2,0,0.0004749419210457111,True
1848,1848,927,1,sty+bert,2,1,0.9993042923269291,True
1849,1849,928,0,sty+bert,2,0,0.0024141384486814706,True
1850,1850,928,1,sty+bert,2,1,0.9980450607731038,True
1851,1851,929,0,sty+bert,2,0,0.0027036391916275423,True
1852,1852,929,1,sty+bert,2,1,0.9990780161602866,True
1853,1853,930,0,sty+bert,2,0,0.013604028149829212,True
1854,1854,930,1,sty+bert,2,1,0.9982140573650254,True
1855,1855,931,0,sty+bert,2,1,0.9369923732763071,False
1856,1856,931,1,sty+bert,2,1,0.9632864485431292,True
1857,1857,932,0,sty+bert,2,0,0.026018562634285543,True
1858,1858,932,1,sty+bert,2,1,0.9972271726266652,True
1859,1859,933,0,sty+bert,2,0,0.0007634619187172123,True
1860,1860,933,1,sty+bert,2,1,0.9990123388812349,True
1861,1861,934,0,sty+bert,2,0,0.08480682663060211,True
1862,1862,934,1,sty+bert,2,1,0.977143558333287,True
1863,1863,935,0,sty+bert,2,0,0.019731503639816926,True
1864,1864,935,1,sty+bert,2,1,0.999130635080641,True
1865,1865,936,0,sty+bert,2,0,0.021262205079301686,True
1866,1866,936,1,sty+bert,2,1,0.9960027196763721,True
1867,1867,937,0,sty+bert,2,0,0.006931486544429952,True
1868,1868,937,1,sty+bert,2,1,0.9976190175439588,True
1869,1869,938,0,sty+bert,2,0,0.08308438929439442,True
1870,1870,938,1,sty+bert,2,1,0.9696724470302747,True
1871,1871,939,0,sty+bert,2,0,0.03908208001428973,True
1872,1872,939,1,sty+bert,2,1,0.9024607467975359,True
1873,1873,940,0,sty+bert,2,0,0.001316717554387408,True
1874,1874,940,1,sty+bert,2,1,0.9014224040569463,True
1875,1875,941,0,sty+bert,2,0,0.006305328840668619,True
1876,1876,941,1,sty+bert,2,1,0.9734758071902095,True
1877,1877,942,0,sty+bert,2,0,0.00035508786671066957,True
1878,1878,942,1,sty+bert,2,1,0.9992523944110889,True
1879,1879,943,0,sty+bert,2,0,0.0072609056590286205,True
1880,1880,943,1,sty+bert,2,1,0.9827897346060337,True
1881,1881,944,0,sty+bert,2,0,0.0005317578617471816,True
1882,1882,944,1,sty+bert,2,1,0.998645961624833,True
1883,1883,945,0,sty+bert,2,0,0.004111600889915162,True
1884,1884,945,1,sty+bert,2,1,0.9763764684494567,True
1885,1885,946,0,sty+bert,2,0,0.0009374561914624705,True
1886,1886,946,1,sty+bert,2,1,0.9899606024100306,True
1887,1887,947,0,sty+bert,2,0,0.25382917378113334,True
1888,1888,947,1,sty+bert,2,1,0.9994985997018044,True
1889,1889,948,0,sty+bert,2,0,0.013715295148524462,True
1890,1890,948,1,sty+bert,2,1,0.9922294175928806,True
1891,1891,949,0,sty+bert,2,0,0.0033470407830359468,True
1892,1892,949,1,sty+bert,2,1,0.9973873284486131,True
1893,1893,950,0,sty+bert,2,0,0.3088728726278184,True
1894,1894,950,1,sty+bert,2,1,0.950252430361052,True
1895,1895,951,0,sty+bert,2,0,0.00330296397254783,True
1896,1896,951,1,sty+bert,2,1,0.9983989126097522,True
1897,1897,952,0,sty+bert,2,0,0.004405851583144909,True
1898,1898,952,1,sty+bert,2,1,0.976944945624274,True
1899,1899,953,0,sty+bert,2,0,0.005861407509605933,True
1900,1900,953,1,sty+bert,2,1,0.9971634132406225,True
1901,1901,954,0,sty+bert,2,0,0.03150347907941386,True
1902,1902,954,1,sty+bert,2,1,0.9889014407102076,True
1903,1903,955,0,sty+bert,2,0,0.017240130998666857,True
1904,1904,955,1,sty+bert,2,1,0.9821115245395055,True
1905,1905,956,0,sty+bert,2,0,0.0014138527333109276,True
1906,1906,956,1,sty+bert,2,1,0.999463500129307,True
1907,1907,957,0,sty+bert,2,0,0.15355347365717958,True
1908,1908,957,1,sty+bert,2,1,0.9986378333348149,True
1909,1909,958,0,sty+bert,2,0,0.013584780723842657,True
1910,1910,958,1,sty+bert,2,1,0.9979905839901544,True
1911,1911,959,0,sty+bert,2,0,0.0002926520925953961,True
1912,1912,959,1,sty+bert,2,1,0.6520843101021099,True
1913,1913,960,0,sty+bert,2,0,0.008457738537466397,True
1914,1914,960,1,sty+bert,2,1,0.9968810900628416,True
1915,1915,961,0,sty+bert,2,0,0.00015030464139823628,True
1916,1916,961,1,sty+bert,2,1,0.7759720104232382,True
1917,1917,962,0,sty+bert,2,0,0.022705693338683802,True
1918,1918,962,1,sty+bert,2,1,0.9991627197925229,True
1919,1919,963,0,sty+bert,2,0,0.0027139710629470524,True
1920,1920,963,1,sty+bert,2,1,0.9982803951696982,True
1921,1921,964,0,sty+bert,2,0,0.36178392128096587,True
1922,1922,964,1,sty+bert,2,1,0.9995261171180462,True
1923,1923,965,0,sty+bert,2,0,0.00017023096802779364,True
1924,1924,965,1,sty+bert,2,1,0.9989926884736668,True
1925,1925,966,0,sty+bert,2,0,0.004537451921869233,True
1926,1926,966,1,sty+bert,2,1,0.987135933922156,True
1927,1927,967,0,sty+bert,2,1,0.5975575489873713,False
1928,1928,967,1,sty+bert,2,1,0.9977345046330935,True
1929,1929,968,0,sty+bert,2,0,0.0001303645250453969,True
1930,1930,968,1,sty+bert,2,1,0.999124426572158,True
1931,1931,969,0,sty+bert,2,0,0.0742601604326141,True
1932,1932,969,1,sty+bert,2,1,0.9447726864650638,True
1933,1933,970,0,sty+bert,2,0,0.039094833867782196,True
1934,1934,970,1,sty+bert,2,1,0.9975358968027725,True
1935,1935,971,1,sty+bert,2,1,0.9980916348683796,True
1936,1936,972,0,sty+bert,2,0,0.002023617093755601,True
1937,1937,972,1,sty+bert,2,1,0.9979365739680224,True
1938,1938,973,0,sty+bert,2,0,0.0007913295971565751,True
1939,1939,973,1,sty+bert,2,1,0.9834157208371337,True
1940,1940,974,0,sty+bert,2,0,0.00063453464042905,True
1941,1941,974,1,sty+bert,2,1,0.9862928593608862,True
1942,1942,975,0,sty+bert,2,0,0.0020055248387468795,True
1943,1943,975,1,sty+bert,2,1,0.9924063195373234,True
1944,1944,976,0,sty+bert,2,0,6.913833587395902e-05,True
1945,1945,976,1,sty+bert,2,1,0.9628815090698312,True
1946,1946,977,0,sty+bert,2,0,0.0007903282038399176,True
1947,1947,977,1,sty+bert,2,1,0.9095190855201024,True
1948,1948,978,0,sty+bert,2,0,0.0005930571325805102,True
1949,1949,978,1,sty+bert,2,1,0.9918682001485771,True
1950,1950,979,0,sty+bert,2,0,0.00016584239839398596,True
1951,1951,979,1,sty+bert,2,1,0.9988118888740739,True
1952,1952,980,0,sty+bert,2,0,0.00033271863354226446,True
1953,1953,980,1,sty+bert,2,0,0.49598321603857565,False
1954,1954,981,0,sty+bert,2,0,0.0036981651409676687,True
1955,1955,981,1,sty+bert,2,1,0.9961031018847408,True
1956,1956,982,0,sty+bert,2,0,0.008699691802905266,True
1957,1957,982,1,sty+bert,2,1,0.9705710608387941,True
1958,1958,983,0,sty+bert,2,0,0.0008767866377133928,True
1959,1959,983,1,sty+bert,2,1,0.9987765848537539,True
1960,1960,984,0,sty+bert,2,0,9.965096321906154e-05,True
1961,1961,984,1,sty+bert,2,1,0.9986124999176886,True
1962,1962,985,0,sty+bert,2,0,0.0011031192492899056,True
1963,1963,985,1,sty+bert,2,1,0.9970272662823123,True
1964,1964,986,0,sty+bert,2,0,0.006041922497003521,True
1965,1965,986,1,sty+bert,2,1,0.9918430103082329,True
1966,1966,987,0,sty+bert,2,0,0.020807437306805864,True
1967,1967,987,1,sty+bert,2,1,0.9695760969546001,True
1968,1968,988,0,sty+bert,2,0,0.00011769952040418997,True
1969,1969,988,1,sty+bert,2,1,0.8304194960547878,True
1970,1970,989,0,sty+bert,2,0,4.3162044909867706e-05,True
1971,1971,989,1,sty+bert,2,1,0.8999637313923746,True
1972,1972,990,0,sty+bert,2,0,0.0021990577331163458,True
1973,1973,990,1,sty+bert,2,1,0.9838487125319757,True
1974,1974,991,0,sty+bert,2,0,0.0032943054720079717,True
1975,1975,991,1,sty+bert,2,1,0.9958363262521909,True
1976,1976,992,0,sty+bert,2,0,0.13084872904755923,True
1977,1977,992,1,sty+bert,2,1,0.9232820262625479,True
1978,1978,993,0,sty+bert,2,0,0.00019863712334277625,True
1979,1979,993,1,sty+bert,2,1,0.9972534578330063,True
1980,1980,994,0,sty+bert,2,0,0.004232112181777787,True
1981,1981,994,1,sty+bert,2,1,0.9508763402297544,True
1982,1982,995,0,sty+bert,2,0,0.0020675477708896653,True
1983,1983,995,1,sty+bert,2,1,0.9051172517002719,True
1984,1984,996,0,sty+bert,2,0,0.0012643188841988454,True
1985,1985,996,1,sty+bert,2,1,0.830674904977528,True
1986,1986,997,0,sty+bert,2,0,0.005416274863551655,True
1987,1987,997,1,sty+bert,2,1,0.9994565148725465,True
1988,1988,998,0,sty+bert,2,0,0.013261160799041709,True
1989,1989,998,1,sty+bert,2,1,0.9981855645178502,True
1990,1990,999,0,sty+bert,2,0,0.0006459244336072061,True
1991,1991,999,1,sty+bert,2,1,0.9979156855928827,True
1992,1992,1000,0,sty+bert,2,0,0.0031041120938746663,True
1993,1993,1000,1,sty+bert,2,1,0.8708105024912013,True
1994,1994,1001,0,sty+bert,2,1,0.8017719896818433,False
1995,1995,1001,1,sty+bert,2,1,0.9803233868474838,True
1996,1996,1002,0,sty+bert,2,0,0.0013209055366285162,True
1997,1997,1002,1,sty+bert,2,1,0.9954333666079935,True
1998,1998,1003,0,sty+bert,2,0,0.003989785928695665,True
1999,1999,1003,1,sty+bert,2,1,0.9993318064603014,True
2000,2000,1004,0,sty+bert,2,0,0.00467279770104685,True
2001,2001,1004,1,sty+bert,2,1,0.9978452860601271,True
2002,2002,1005,0,sty+bert,2,0,0.0010028643944477935,True
2003,2003,1005,1,sty+bert,2,1,0.9968396536365051,True
2004,2004,1006,0,sty+bert,2,0,0.050255473513861997,True
2005,2005,1006,1,sty+bert,2,1,0.996535811220442,True
2006,2006,1007,0,sty+bert,2,0,0.08413815653767956,True
2007,2007,1007,1,sty+bert,2,1,0.8445243920090202,True
2008,2008,1008,0,sty+bert,2,0,0.003400512333851472,True
2009,2009,1008,1,sty+bert,2,1,0.9996054927532404,True
2010,2010,1009,0,sty+bert,2,0,0.37077785995794255,True
2011,2011,1009,1,sty+bert,2,1,0.9945054086835063,True
2012,2012,1010,0,sty+bert,2,0,0.20307394118790853,True
2013,2013,1010,1,sty+bert,2,1,0.9420322577450632,True
2014,2014,1011,0,sty+bert,2,0,0.00046454108758374463,True
2015,2015,1011,1,sty+bert,2,1,0.998897251988098,True
2016,2016,1012,0,sty+bert,2,0,0.005593960074306273,True
2017,2017,1012,1,sty+bert,2,1,0.8616815252187449,True
2018,2018,1013,0,sty+bert,2,0,0.004564234065085735,True
2019,2019,1013,1,sty+bert,2,1,0.9946446671078617,True
2020,2020,1014,0,sty+bert,2,0,0.00017436700335967976,True
2021,2021,1014,1,sty+bert,2,1,0.9999530631235022,True
2022,2022,1015,0,sty+bert,2,0,0.019862962722486603,True
2023,2023,1015,1,sty+bert,2,1,0.8156020813775883,True
2024,2024,1016,0,sty+bert,2,0,0.0008351897594124546,True
2025,2025,1016,1,sty+bert,2,1,0.9984676185955341,True
2026,2026,1017,0,sty+bert,2,0,0.00035919033678718436,True
2027,2027,1017,1,sty+bert,2,1,0.9908847502728508,True
2028,2028,1018,0,sty+bert,2,0,0.0002106305087690329,True
2029,2029,1018,1,sty+bert,2,1,0.9878375400577258,True
2030,2030,1019,0,sty+bert,2,0,0.0004620588518656367,True
2031,2031,1019,1,sty+bert,2,1,0.9811849679007226,True
2032,2032,1020,0,sty+bert,2,0,0.004384295115809681,True
2033,2033,1020,1,sty+bert,2,1,0.9930083127374186,True
2034,2034,1021,0,sty+bert,2,0,0.0008061290168358327,True
2035,2035,1021,1,sty+bert,2,1,0.9981934235061038,True
2036,2036,1022,0,sty+bert,2,0,0.001148396230337481,True
2037,2037,1022,1,sty+bert,2,1,0.9977099530692071,True
2038,2038,1023,0,sty+bert,2,0,0.00868010629296263,True
2039,2039,1023,1,sty+bert,2,1,0.9409505190442167,True
2040,2040,1024,0,sty+bert,2,0,0.0003704569325757361,True
2041,2041,1024,1,sty+bert,2,1,0.9991601987854536,True
2042,2042,1025,0,sty+bert,2,0,0.01758701351844703,True
2043,2043,1025,1,sty+bert,2,0,0.1880162777354263,False
2044,2044,1026,0,sty+bert,2,0,0.008245803942575616,True
2045,2045,1026,1,sty+bert,2,1,0.9974557792125881,True
2046,2046,1027,0,sty+bert,2,0,0.0003061276497812931,True
2047,2047,1027,1,sty+bert,2,1,0.9992440470766828,True
2048,2048,1028,0,sty+bert,2,0,0.45243773377444185,True
2049,2049,1028,1,sty+bert,2,1,0.9995859899295675,True
2050,2050,1029,0,sty+bert,2,0,0.001700335101378899,True
2051,2051,1029,1,sty+bert,2,1,0.9977404542618609,True
2052,2052,1030,0,sty+bert,2,0,0.0010121441470589273,True
2053,2053,1030,1,sty+bert,2,1,0.9998474689693916,True
2054,2054,1031,0,sty+bert,2,0,0.0036540355317030535,True
2055,2055,1031,1,sty+bert,2,1,0.9595034672436513,True
2056,2056,1032,0,sty+bert,2,0,0.002441581754392403,True
2057,2057,1032,1,sty+bert,2,1,0.9992668987777358,True
2058,2058,1033,0,sty+bert,2,0,0.020872398221411768,True
2059,2059,1033,1,sty+bert,2,1,0.9996514572269696,True
2060,2060,1034,0,sty+bert,2,0,0.0030873407890649627,True
2061,2061,1034,1,sty+bert,2,1,0.9129720626730302,True
2062,2062,1035,0,sty+bert,2,0,3.0184544436428836e-05,True
2063,2063,1035,1,sty+bert,2,1,0.9929687293982457,True
2064,2064,1036,0,sty+bert,2,0,0.038855223149707706,True
2065,2065,1036,1,sty+bert,2,1,0.8600917210715676,True
2066,2066,1037,0,sty+bert,2,0,0.0034631878348684872,True
2067,2067,1037,1,sty+bert,2,1,0.9117331981046328,True
2068,2068,1038,0,sty+bert,2,0,0.01700818109323175,True
2069,2069,1038,1,sty+bert,2,1,0.9846082220984707,True
2070,2070,1039,0,sty+bert,2,0,0.05434286201117944,True
2071,2071,1039,1,sty+bert,2,1,0.9894221440987637,True
2072,2072,1040,0,sty+bert,2,0,0.00021426684865237828,True
2073,2073,1040,1,sty+bert,2,1,0.9964556114892403,True
2074,2074,1041,0,sty+bert,2,0,0.0004659724735913767,True
2075,2075,1041,1,sty+bert,2,1,0.9995729159040314,True
2076,2076,1042,0,sty+bert,2,1,0.7301619182636397,False
2077,2077,1042,1,sty+bert,2,1,0.9990544086784164,True
2078,2078,1043,0,sty+bert,2,0,0.009981517293504922,True
2079,2079,1043,1,sty+bert,2,1,0.9797909295122853,True
2080,2080,1044,0,sty+bert,2,0,0.10428011945696943,True
2081,2081,1044,1,sty+bert,2,1,0.997018405270363,True
2082,2082,1045,0,sty+bert,2,0,0.08439003529929838,True
2083,2083,1045,1,sty+bert,2,1,0.9976091958816967,True
2084,2084,1046,0,sty+bert,2,0,0.0001504639556676785,True
2085,2085,1046,1,sty+bert,2,1,0.9872187594039231,True
2086,2086,1047,0,sty+bert,2,0,0.002195888872408843,True
2087,2087,1047,1,sty+bert,2,1,0.9993048059682227,True
2088,2088,1048,0,sty+bert,2,0,0.14013428248228973,True
2089,2089,1048,1,sty+bert,2,1,0.9993131914599335,True
2090,2090,1049,0,sty+bert,2,0,0.003946795392849647,True
2091,2091,1049,1,sty+bert,2,1,0.9999165212485718,True
2092,2092,1050,0,sty+bert,2,0,0.01982286790629392,True
2093,2093,1050,1,sty+bert,2,1,0.6082943771702236,True
2094,2094,1051,0,sty+bert,2,0,0.3124913031576349,True
2095,2095,1051,1,sty+bert,2,1,0.9994684030049562,True
2096,2096,1052,0,sty+bert,2,0,0.009851805071865647,True
2097,2097,1052,1,sty+bert,2,1,0.7511050718758485,True
2098,2098,1053,0,sty+bert,2,0,0.00017460594078007492,True
2099,2099,1053,1,sty+bert,2,1,0.5680810291855937,True
2100,2100,1054,0,sty+bert,2,0,0.0017374943761888865,True
2101,2101,1054,1,sty+bert,2,1,0.9414477204969749,True
2102,2102,1055,0,sty+bert,2,1,0.5564573873014795,False
2103,2103,1055,1,sty+bert,2,1,0.8367759212872642,True
2104,2104,1056,0,sty+bert,2,0,0.0011114929824281399,True
2105,2105,1056,1,sty+bert,2,1,0.9987322594558128,True
2106,2106,1057,0,sty+bert,2,0,0.00037184247514479227,True
2107,2107,1057,1,sty+bert,2,1,0.9948996136020813,True
2108,2108,1058,0,sty+bert,2,0,0.29159273142385855,True
2109,2109,1058,1,sty+bert,2,1,0.9997083616180338,True
2110,2110,1059,0,sty+bert,2,0,0.0029272767061202833,True
2111,2111,1059,1,sty+bert,2,1,0.9918255306148933,True
2112,2112,1060,0,sty+bert,2,0,0.0028533557169085136,True
2113,2113,1060,1,sty+bert,2,1,0.9984278391275686,True
2114,2114,1061,0,sty+bert,2,0,0.0008735748942627974,True
2115,2115,1061,1,sty+bert,2,1,0.9978949406502448,True
2116,2116,1062,0,sty+bert,2,0,0.0017073258479023497,True
2117,2117,1062,1,sty+bert,2,1,0.9912763207781783,True
2118,2118,1063,0,sty+bert,2,0,0.010030114382876137,True
2119,2119,1063,1,sty+bert,2,1,0.7171722557239268,True
2120,2120,1064,0,sty+bert,2,0,0.000304906788434517,True
2121,2121,1064,1,sty+bert,2,1,0.999776242917651,True
2122,2122,1065,0,sty+bert,2,0,0.0003279314416922893,True
2123,2123,1065,1,sty+bert,2,1,0.9764039034015204,True
2124,2124,1066,0,sty+bert,2,0,8.14808407546611e-05,True
2125,2125,1066,1,sty+bert,2,1,0.9818406829027152,True
2126,2126,1067,0,sty+bert,2,0,0.00016255185769832714,True
2127,2127,1067,1,sty+bert,2,1,0.9992838327820333,True
2128,2128,1068,0,sty+bert,2,0,0.00039806015361924406,True
2129,2129,1068,1,sty+bert,2,1,0.999227375526271,True
2130,2130,1069,0,sty+bert,2,0,0.00016643176767139407,True
2131,2131,1069,1,sty+bert,2,1,0.5501618828874066,True
2132,2132,1070,0,sty+bert,2,0,0.00314646637098702,True
2133,2133,1070,1,sty+bert,2,1,0.9670629654867264,True
2134,2134,1071,0,sty+bert,2,0,0.03573596152824064,True
2135,2135,1071,1,sty+bert,2,1,0.995375015023693,True
2136,2136,1072,0,sty+bert,2,0,0.010564395113531527,True
2137,2137,1072,1,sty+bert,2,1,0.9928289348531859,True
2138,2138,1073,0,sty+bert,2,0,0.000285224367127588,True
2139,2139,1073,1,sty+bert,2,1,0.9975577750749252,True
2140,2140,1074,0,sty+bert,2,0,0.011748242180722806,True
2141,2141,1074,1,sty+bert,2,1,0.9953434638425627,True
2142,2142,1075,0,sty+bert,2,0,0.0022282688975879556,True
2143,2143,1075,1,sty+bert,2,1,0.998524821629279,True
2144,2144,1076,0,sty+bert,2,0,0.0734734921325166,True
2145,2145,1076,1,sty+bert,2,1,0.9926343193244278,True
2146,2146,1077,0,sty+bert,2,0,0.0018500190554384356,True
2147,2147,1077,1,sty+bert,2,1,0.9991331059044378,True
2148,2148,1078,0,sty+bert,2,0,0.008699632604303432,True
2149,2149,1078,1,sty+bert,2,1,0.9994421010722477,True
2150,2150,1079,0,sty+bert,2,0,0.004115676794161692,True
2151,2151,1079,1,sty+bert,2,1,0.998887649801924,True
2152,2152,1080,0,sty+bert,2,0,0.2601573016696141,True
2153,2153,1080,1,sty+bert,2,1,0.9978684789801873,True
2154,2154,1081,0,sty+bert,2,0,0.005105704277275252,True
2155,2155,1081,1,sty+bert,2,1,0.9766325547454622,True
2156,2156,1082,0,sty+bert,2,0,0.00045741686256132313,True
2157,2157,1082,1,sty+bert,2,1,0.9984779713930065,True
2158,2158,1083,0,sty+bert,2,0,0.1674789743028214,True
2159,2159,1083,1,sty+bert,2,1,0.7676149616905944,True
2160,2160,1084,0,sty+bert,2,0,0.001867932845577164,True
2161,2161,1084,1,sty+bert,2,1,0.9986511772821217,True
2162,2162,1085,0,sty+bert,2,0,0.04891653642766405,True
2163,2163,1085,1,sty+bert,2,1,0.997100864462656,True
2164,2164,1086,0,sty+bert,2,0,0.021672075157677585,True
2165,2165,1086,1,sty+bert,2,1,0.9937447705299755,True
2166,2166,1087,0,sty+bert,2,0,0.0004403528556480419,True
2167,2167,1087,1,sty+bert,2,1,0.9998122076726798,True
2168,2168,1088,0,sty+bert,2,0,0.024757064298718226,True
2169,2169,1088,1,sty+bert,2,1,0.9732381014267024,True
2170,2170,1089,0,sty+bert,2,0,0.0004604810459166117,True
2171,2171,1089,1,sty+bert,2,1,0.995258954236936,True
2172,2172,1090,0,sty+bert,2,0,0.019740082100003237,True
2173,2173,1090,1,sty+bert,2,1,0.9981229654385404,True
2174,2174,1091,0,sty+bert,2,0,0.005269027599026819,True
2175,2175,1091,1,sty+bert,2,1,0.8309816723647304,True
2176,2176,1092,0,sty+bert,2,0,0.07494204117306337,True
2177,2177,1092,1,sty+bert,2,1,0.961882932906754,True
2178,2178,1093,0,sty+bert,2,0,0.03614586423567367,True
2179,2179,1093,1,sty+bert,2,1,0.9973558556498947,True
2180,2180,1094,0,sty+bert,2,0,0.01397880137159332,True
2181,2181,1094,1,sty+bert,2,1,0.9998510954506132,True
2182,2182,1095,0,sty+bert,2,0,0.0005666609772256499,True
2183,2183,1095,1,sty+bert,2,1,0.9997352449039534,True
2184,2184,1096,0,sty+bert,2,0,0.12106641347767229,True
2185,2185,1096,1,sty+bert,2,1,0.9960791461635298,True
2186,2186,1097,0,sty+bert,2,0,0.0076304424116998655,True
2187,2187,1097,1,sty+bert,2,1,0.9996346058216267,True
2188,2188,1098,0,sty+bert,2,0,0.0020838269912367337,True
2189,2189,1098,1,sty+bert,2,1,0.9959307060734209,True
2190,2190,1099,0,sty+bert,2,0,0.0007092599737410118,True
2191,2191,1099,1,sty+bert,2,1,0.9962207156908058,True
2192,2192,1100,0,sty+bert,2,0,0.010946924737167898,True
2193,2193,1100,1,sty+bert,2,1,0.8518863982728838,True
2194,2194,1101,0,sty+bert,2,0,0.0019392879229185847,True
2195,2195,1101,1,sty+bert,2,1,0.9895053317501062,True
2196,2196,1102,0,sty+bert,2,0,0.004340358122416531,True
2197,2197,1102,1,sty+bert,2,1,0.9847015113559795,True
2198,2198,1103,0,sty+bert,2,0,0.004106355148616822,True
2199,2199,1103,1,sty+bert,2,1,0.9577603028008443,True
2200,2200,1104,0,sty+bert,2,0,0.0004564261342073152,True
2201,2201,1104,1,sty+bert,2,1,0.9848253856149293,True
2202,2202,1105,0,sty+bert,2,0,0.08059893550177652,True
2203,2203,1105,1,sty+bert,2,1,0.9976813045777946,True
2204,2204,1106,0,sty+bert,2,0,0.000697084245700897,True
2205,2205,1106,1,sty+bert,2,1,0.9978372177922069,True
2206,2206,1107,0,sty+bert,2,0,0.0062879929496684065,True
2207,2207,1107,1,sty+bert,2,1,0.9991715156382334,True
2208,2208,1108,0,sty+bert,2,0,0.297482967461602,True
2209,2209,1108,1,sty+bert,2,1,0.9964830289097139,True
2210,2210,1109,0,sty+bert,2,0,0.006139701412708798,True
2211,2211,1109,1,sty+bert,2,1,0.9966363869415087,True
2212,2212,1110,0,sty+bert,2,0,0.0008399694624175838,True
2213,2213,1110,1,sty+bert,2,1,0.990836661551078,True
2214,2214,1111,0,sty+bert,2,0,0.000528537624674107,True
2215,2215,1111,1,sty+bert,2,1,0.9919629838259312,True
2216,2216,1112,0,sty+bert,2,0,0.0008501441565025477,True
2217,2217,1112,1,sty+bert,2,1,0.9855951786585261,True
2218,2218,1113,0,sty+bert,2,0,0.10978565774275433,True
2219,2219,1113,1,sty+bert,2,1,0.9930410998690301,True
2220,2220,1114,0,sty+bert,2,0,0.018711249002704804,True
2221,2221,1114,1,sty+bert,2,1,0.9541746242297666,True
2222,2222,1115,0,sty+bert,2,0,0.00024220197863378254,True
2223,2223,1115,1,sty+bert,2,1,0.9991812526026834,True
2224,2224,1116,0,sty+bert,2,0,0.002442370949522126,True
2225,2225,1116,1,sty+bert,2,1,0.9958080738374057,True
2226,2226,1117,0,sty+bert,2,0,0.036155253991285614,True
2227,2227,1117,1,sty+bert,2,1,0.9978585551061067,True
2228,2228,1118,0,sty+bert,2,0,0.0008281061591229278,True
2229,2229,1118,1,sty+bert,2,1,0.9994898563355029,True
2230,2230,1119,0,sty+bert,2,0,0.002089717937133327,True
2231,2231,1119,1,sty+bert,2,1,0.9794748705415439,True
2232,2232,1120,0,sty+bert,2,0,0.0160630617896891,True
2233,2233,1120,1,sty+bert,2,1,0.993668293816553,True
2234,2234,1121,0,sty+bert,2,0,0.03937992413336365,True
2235,2235,1121,1,sty+bert,2,1,0.9750188859954456,True
2236,2236,1122,0,sty+bert,2,0,4.618012622471527e-05,True
2237,2237,1122,1,sty+bert,2,1,0.9981389582004926,True
2238,2238,1123,0,sty+bert,2,0,0.001088231740383615,True
2239,2239,1123,1,sty+bert,2,1,0.9989974499692895,True
2240,2240,1124,0,sty+bert,2,0,0.001126327795091709,True
2241,2241,1124,1,sty+bert,2,1,0.9958711199827219,True
2242,2242,1125,0,sty+bert,2,0,0.012008295050888648,True
2243,2243,1125,1,sty+bert,2,1,0.9994630930147532,True
2244,2244,1126,0,sty+bert,2,0,0.0013741006525895653,True
2245,2245,1126,1,sty+bert,2,1,0.9596517845577082,True
2246,2246,1127,0,sty+bert,2,0,0.0006642856474761192,True
2247,2247,1127,1,sty+bert,2,1,0.999605805793509,True
2248,2248,1128,0,sty+bert,2,0,0.0011317138138437369,True
2249,2249,1128,1,sty+bert,2,1,0.999235525333704,True
2250,2250,1129,0,sty+bert,2,0,0.2540400118571386,True
2251,2251,1129,1,sty+bert,2,1,0.8809404596614141,True
2252,2252,1130,0,sty+bert,2,0,0.07955740534774908,True
2253,2253,1130,1,sty+bert,2,1,0.9977977825985969,True
2254,2254,1131,0,sty+bert,2,0,0.0014894112769281637,True
2255,2255,1131,1,sty+bert,2,1,0.9908713734051824,True
2256,2256,1132,0,sty+bert,2,0,0.33530522510247407,True
2257,2257,1132,1,sty+bert,2,1,0.9765050274409307,True
2258,2258,1133,0,sty+bert,2,0,0.005144218304274687,True
2259,2259,1133,1,sty+bert,2,1,0.9995609756442702,True
2260,2260,1134,0,sty+bert,2,0,0.01146783076127575,True
2261,2261,1134,1,sty+bert,2,1,0.9971795750655663,True
2262,2262,1135,0,sty+bert,2,0,0.00047983079043085563,True
2263,2263,1135,1,sty+bert,2,1,0.9993165943035252,True
2264,2264,1136,0,sty+bert,2,0,0.0003602817139270379,True
2265,2265,1136,1,sty+bert,2,1,0.9945594036949491,True
2266,2266,1137,0,sty+bert,2,0,0.003621048498218039,True
2267,2267,1137,1,sty+bert,2,1,0.9996516006808146,True
2268,2268,1138,0,sty+bert,2,0,0.0005296687166657621,True
2269,2269,1138,1,sty+bert,2,1,0.9963150798519596,True
2270,2270,1139,0,sty+bert,2,0,0.06238624601319276,True
2271,2271,1139,1,sty+bert,2,1,0.9959998847802752,True
2272,2272,1140,0,sty+bert,2,0,0.4578754989726426,True
2273,2273,1140,1,sty+bert,2,1,0.9689425490506257,True
2274,2274,1141,0,sty+bert,2,0,0.0004300037246065017,True
2275,2275,1141,1,sty+bert,2,1,0.999752392755859,True
2276,2276,1142,0,sty+bert,2,0,0.1881669901167207,True
2277,2277,1142,1,sty+bert,2,1,0.9975155924352194,True
2278,2278,1143,0,sty+bert,2,0,0.0002999578980366732,True
2279,2279,1143,1,sty+bert,2,1,0.9962733189011461,True
2280,2280,1144,0,sty+bert,2,0,0.019961790786584367,True
2281,2281,1144,1,sty+bert,2,1,0.9980052836162746,True
2282,2282,1145,0,sty+bert,2,0,0.34146938834550594,True
2283,2283,1145,1,sty+bert,2,1,0.9995665198690606,True
2284,2284,1146,0,sty+bert,2,0,0.006786564339016529,True
2285,2285,1146,1,sty+bert,2,1,0.9888496505483901,True
2286,2286,1147,0,sty+bert,2,0,0.01806098054392305,True
2287,2287,1147,1,sty+bert,2,1,0.9953124225518936,True
2288,2288,1148,0,sty+bert,2,0,0.0018127290657183393,True
2289,2289,1148,1,sty+bert,2,1,0.9966534774603129,True
2290,2290,1149,0,sty+bert,2,0,0.0014512486256125674,True
2291,2291,1149,1,sty+bert,2,1,0.995453514976524,True
2292,2292,1150,0,sty+bert,2,0,0.23687734790716902,True
2293,2293,1150,1,sty+bert,2,1,0.9984469569740752,True
2294,2294,1151,0,sty+bert,2,0,0.004275095794446141,True
2295,2295,1151,1,sty+bert,2,1,0.998927183797545,True
2296,2296,1152,0,sty+bert,2,0,0.007816449618842092,True
2297,2297,1152,1,sty+bert,2,1,0.9942999431000299,True
2298,2298,1153,0,sty+bert,2,0,0.07741767177964844,True
2299,2299,1153,1,sty+bert,2,1,0.9996849911515873,True
2300,2300,1154,0,sty+bert,2,1,0.5991883713938206,False
2301,2301,1154,1,sty+bert,2,1,0.9969095472603459,True
2302,2302,1155,0,sty+bert,2,0,0.0004682435794141713,True
2303,2303,1155,1,sty+bert,2,1,0.9958872715596606,True
2304,2304,1156,0,sty+bert,2,0,0.00013533946593228936,True
2305,2305,1156,1,sty+bert,2,1,0.9982837639110349,True
2306,2306,1157,0,sty+bert,2,0,0.0004554923195955267,True
2307,2307,1157,1,sty+bert,2,1,0.9682928152709036,True
2308,2308,1158,0,sty+bert,2,0,0.00289884084365799,True
2309,2309,1158,1,sty+bert,2,1,0.9801992593459558,True
2310,2310,1159,0,sty+bert,2,0,0.0012383738854472898,True
2311,2311,1159,1,sty+bert,2,1,0.9997589740151471,True
2312,2312,1160,0,sty+bert,2,0,0.012131274426166159,True
2313,2313,1160,1,sty+bert,2,1,0.9587787093788711,True
2314,2314,1161,0,sty+bert,2,0,0.002794743293471208,True
2315,2315,1161,1,sty+bert,2,1,0.9988383969881914,True
2316,2316,1162,0,sty+bert,2,1,0.6416398060844124,False
2317,2317,1162,1,sty+bert,2,1,0.9977201129419832,True
2318,2318,1163,0,sty+bert,2,0,0.08265019853591914,True
2319,2319,1163,1,sty+bert,2,1,0.9778875285665843,True
2320,2320,1164,0,sty+bert,2,0,0.1267901032928075,True
2321,2321,1164,1,sty+bert,2,1,0.9979037927554526,True
2322,2322,1165,0,sty+bert,2,0,0.0002929743352184246,True
2323,2323,1165,1,sty+bert,2,1,0.9989894395687408,True
2324,2324,1166,0,sty+bert,2,0,4.453548425803881e-05,True
2325,2325,1166,1,sty+bert,2,1,0.999728234672967,True
2326,2326,1167,0,sty+bert,2,1,0.8755276008980525,False
2327,2327,1167,1,sty+bert,2,1,0.9828202727860933,True
2328,2328,1168,0,sty+bert,2,0,0.0005556026138467588,True
2329,2329,1168,1,sty+bert,2,1,0.9996996214780536,True
2330,2330,1169,0,sty+bert,2,0,0.00043432785623853773,True
2331,2331,1169,1,sty+bert,2,1,0.7371043267537887,True
2332,2332,1170,0,sty+bert,2,0,0.014935683284630406,True
2333,2333,1170,1,sty+bert,2,1,0.9992534079590546,True
2334,2334,1171,0,sty+bert,2,0,0.014863982113796836,True
2335,2335,1171,1,sty+bert,2,1,0.9995309247332738,True
2336,2336,1172,0,sty+bert,2,0,0.00040947306116579936,True
2337,2337,1172,1,sty+bert,2,1,0.9994395477721751,True
2338,2338,1173,0,sty+bert,2,0,0.17680594349628673,True
2339,2339,1173,1,sty+bert,2,1,0.9947585279520718,True
2340,2340,1174,0,sty+bert,2,0,0.00013830117021446594,True
2341,2341,1174,1,sty+bert,2,1,0.9990904608531135,True
2342,2342,1175,0,sty+bert,2,0,0.00030208117038025146,True
2343,2343,1175,1,sty+bert,2,1,0.9993432187635467,True
2344,2344,1176,0,sty+bert,2,0,0.26108071491334955,True
2345,2345,1176,1,sty+bert,2,1,0.5811471900192122,True
2346,2346,1177,0,sty+bert,2,0,0.003949036738464907,True
2347,2347,1177,1,sty+bert,2,1,0.999305453868618,True
2348,2348,1178,0,sty+bert,2,0,0.0022389489506132545,True
2349,2349,1178,1,sty+bert,2,1,0.9980815429839079,True
2350,2350,1179,0,sty+bert,2,0,0.1445500047848531,True
2351,2351,1179,1,sty+bert,2,1,0.9704663888026546,True
2352,2352,1180,0,sty+bert,2,0,0.005441534035867267,True
2353,2353,1180,1,sty+bert,2,1,0.9960846129964199,True
2354,2354,1181,1,sty+bert,2,1,0.9952665999339075,True
2355,2355,1182,0,sty+bert,2,0,0.0002973425060397143,True
2356,2356,1182,1,sty+bert,2,1,0.9995006203863126,True
2357,2357,1183,0,sty+bert,2,0,0.0011519612352992722,True
2358,2358,1183,1,sty+bert,2,1,0.9994886876354064,True
2359,2359,1184,0,sty+bert,2,0,0.02400109867986439,True
2360,2360,1184,1,sty+bert,2,1,0.9977352766445776,True
2361,2361,1185,0,sty+bert,2,0,0.0011124999760711164,True
2362,2362,1185,1,sty+bert,2,1,0.9248402340981233,True
2363,2363,1186,0,sty+bert,2,0,0.0020633685278772015,True
2364,2364,1186,1,sty+bert,2,1,0.9282918287737195,True
2365,2365,1187,0,sty+bert,2,0,0.003396711887487494,True
2366,2366,1187,1,sty+bert,2,1,0.99959131909939,True
2367,2367,1188,0,sty+bert,2,0,0.008504593804170138,True
2368,2368,1188,1,sty+bert,2,1,0.9960103839134475,True
2369,2369,1189,0,sty+bert,2,0,0.002567109828671171,True
2370,2370,1189,1,sty+bert,2,1,0.9951933916019952,True
2371,2371,1190,0,sty+bert,2,0,0.13053323033710063,True
2372,2372,1190,1,sty+bert,2,1,0.9961674052343051,True
2373,2373,1191,0,sty+bert,2,0,9.655887749314827e-05,True
2374,2374,1191,1,sty+bert,2,1,0.999806822528563,True
2375,2375,1192,0,sty+bert,2,0,0.0005828632961841357,True
2376,2376,1192,1,sty+bert,2,1,0.9864427781449336,True
2377,2377,1193,0,sty+bert,2,0,0.3329722210057263,True
2378,2378,1193,1,sty+bert,2,1,0.9643363894237376,True
2379,2379,1194,0,sty+bert,2,0,0.003452474790847032,True
2380,2380,1194,1,sty+bert,2,1,0.999682279184704,True
2381,2381,1195,0,sty+bert,2,0,0.00040407842799956335,True
2382,2382,1195,1,sty+bert,2,1,0.9548752909601067,True
2383,2383,1196,0,sty+bert,2,0,0.00222288013202509,True
2384,2384,1196,1,sty+bert,2,1,0.9988433885824899,True
2385,2385,1197,0,sty+bert,2,0,0.0011189050529065406,True
2386,2386,1197,1,sty+bert,2,1,0.9944137443275832,True
2387,2387,1198,0,sty+bert,2,0,0.008200062679773173,True
2388,2388,1198,1,sty+bert,2,1,0.9988699231167433,True
2389,2389,1199,0,sty+bert,2,0,0.006436406659357633,True
2390,2390,1199,1,sty+bert,2,1,0.9994130191507226,True
2391,2391,1200,0,sty+bert,2,0,0.0031510148297387137,True
2392,2392,1200,1,sty+bert,2,1,0.9994190581298719,True
2393,2393,1201,0,sty+bert,2,0,0.02209505184100744,True
2394,2394,1201,1,sty+bert,2,1,0.9997430668618753,True
2395,2395,1202,0,sty+bert,2,0,0.02369744666690377,True
2396,2396,1202,1,sty+bert,2,1,0.9849992665974351,True
2397,2397,1203,0,sty+bert,2,0,0.005030838147226623,True
2398,2398,1203,1,sty+bert,2,1,0.9995269324478862,True
2399,2399,1204,0,sty+bert,2,0,0.23551874393893263,True
2400,2400,1204,1,sty+bert,2,1,0.9064837390894788,True
2401,2401,1205,0,sty+bert,2,0,0.23472549547391475,True
2402,2402,1205,1,sty+bert,2,1,0.9996088914302768,True
2403,2403,1206,0,sty+bert,2,0,0.0028317904550842965,True
2404,2404,1206,1,sty+bert,2,1,0.9791674084704575,True
2405,2405,1207,0,sty+bert,2,1,0.5545728768114137,False
2406,2406,1207,1,sty+bert,2,1,0.9728066888275618,True
2407,2407,1208,0,sty+bert,2,0,0.07783578430063322,True
2408,2408,1208,1,sty+bert,2,1,0.9987538025610393,True
2409,2409,1209,0,sty+bert,2,0,7.631399931217847e-05,True
2410,2410,1209,1,sty+bert,2,1,0.9988202739955059,True
2411,2411,1210,0,sty+bert,2,0,0.008063593341600672,True
2412,2412,1210,1,sty+bert,2,1,0.9994792024049008,True
2413,2413,1211,0,sty+bert,2,0,0.0006625096458528271,True
2414,2414,1211,1,sty+bert,2,1,0.9694438401948704,True
2415,2415,1212,0,sty+bert,2,0,0.0005544308502252003,True
2416,2416,1212,1,sty+bert,2,1,0.9979262262225733,True
2417,2417,1213,0,sty+bert,2,0,0.015670970490889554,True
2418,2418,1213,1,sty+bert,2,1,0.9933261876634116,True
2419,2419,1214,0,sty+bert,2,0,0.024796940526870623,True
2420,2420,1214,1,sty+bert,2,1,0.9603214656133796,True
2421,2421,1215,0,sty+bert,2,0,0.00022037243371406023,True
2422,2422,1215,1,sty+bert,2,1,0.993671716583065,True
2423,2423,1216,0,sty+bert,2,0,0.0002639384134368437,True
2424,2424,1216,1,sty+bert,2,1,0.9990415628677262,True
2425,2425,1217,0,sty+bert,2,0,0.0007307467196379239,True
2426,2426,1217,1,sty+bert,2,0,0.1544069779722033,False
2427,2427,1218,0,sty+bert,2,1,0.9307537069673999,False
2428,2428,1218,1,sty+bert,2,1,0.9971157880650132,True
2429,2429,1219,0,sty+bert,2,0,0.2487461572583229,True
2430,2430,1219,1,sty+bert,2,1,0.8401181890883974,True
2431,2431,1220,0,sty+bert,2,0,0.20822869876870478,True
2432,2432,1220,1,sty+bert,2,1,0.9953740802512173,True
2433,2433,1221,0,sty+bert,2,0,0.004248120100187422,True
2434,2434,1221,1,sty+bert,2,1,0.9995703841723427,True
2435,2435,1222,0,sty+bert,2,0,0.003678767626581968,True
2436,2436,1222,1,sty+bert,2,1,0.9817718312674585,True
2437,2437,1223,0,sty+bert,2,0,0.0008842894842862349,True
2438,2438,1223,1,sty+bert,2,1,0.9927572572252187,True
2439,2439,1224,0,sty+bert,2,0,0.020185548760465036,True
2440,2440,1224,1,sty+bert,2,1,0.9992414686340682,True
2441,2441,1225,0,sty+bert,2,0,0.0006439960123272147,True
2442,2442,1225,1,sty+bert,2,1,0.9963320575932301,True
2443,2443,1226,0,sty+bert,2,0,0.0002191931442413033,True
2444,2444,1226,1,sty+bert,2,1,0.998598578785214,True
2445,2445,1227,0,sty+bert,2,0,0.0012851893255087917,True
2446,2446,1227,1,sty+bert,2,1,0.9993960904753032,True
2447,2447,1228,0,sty+bert,2,0,0.01039502376071321,True
2448,2448,1228,1,sty+bert,2,1,0.9990624247522388,True
2449,2449,1229,0,sty+bert,2,0,0.00016310417768050173,True
2450,2450,1229,1,sty+bert,2,1,0.9863789899763156,True
2451,2451,1230,0,sty+bert,2,0,0.3647139093507717,True
2452,2452,1230,1,sty+bert,2,1,0.938742998080774,True
2453,2453,1231,0,sty+bert,2,0,0.2043541969950005,True
2454,2454,1231,1,sty+bert,2,1,0.9382307364057527,True
2455,2455,1232,0,sty+bert,2,0,0.10412146798351549,True
2456,2456,1232,1,sty+bert,2,1,0.9993956932737194,True
2457,2457,1233,0,sty+bert,2,0,3.5879374455415304e-05,True
2458,2458,1233,1,sty+bert,2,1,0.9916982612944562,True
2459,2459,1234,0,sty+bert,2,0,0.002705218584396851,True
2460,2460,1234,1,sty+bert,2,1,0.9906954158347369,True
2461,2461,1235,0,sty+bert,2,0,0.0006390381302385543,True
2462,2462,1235,1,sty+bert,2,0,0.021677586494704238,False
2463,2463,1236,0,sty+bert,2,0,0.0001514292944540577,True
2464,2464,1236,1,sty+bert,2,1,0.9856035675493159,True
2465,2465,1237,0,sty+bert,2,0,0.0009091554263638683,True
2466,2466,1237,1,sty+bert,2,1,0.9992984175888583,True
2467,2467,1238,0,sty+bert,2,0,0.0044041469410293155,True
2468,2468,1238,1,sty+bert,2,1,0.8891439914514421,True
2469,2469,1239,0,sty+bert,2,0,0.008418967532624212,True
2470,2470,1239,1,sty+bert,2,1,0.9995207820775543,True
2471,2471,1240,0,sty+bert,2,0,0.0023774936694303805,True
2472,2472,1240,1,sty+bert,2,1,0.9957517140855066,True
2473,2473,1241,0,sty+bert,2,0,0.049007517257783226,True
2474,2474,1241,1,sty+bert,2,1,0.9973528839747918,True
2475,2475,1242,0,sty+bert,2,0,0.018848393967999224,True
2476,2476,1242,1,sty+bert,2,1,0.9995739526118002,True
2477,2477,1243,0,sty+bert,2,0,6.178676403579555e-05,True
2478,2478,1243,1,sty+bert,2,1,0.9959491977476135,True
2479,2479,1244,0,sty+bert,2,0,0.01998686926614085,True
2480,2480,1244,1,sty+bert,2,1,0.590209237566591,True
2481,2481,1245,0,sty+bert,2,0,0.0008704983925215925,True
2482,2482,1245,1,sty+bert,2,1,0.9954153248014052,True
2483,2483,1246,0,sty+bert,2,0,0.006375109291746038,True
2484,2484,1246,1,sty+bert,2,1,0.9955548456108834,True
2485,2485,1247,0,sty+bert,2,0,0.0011097299136339509,True
2486,2486,1247,1,sty+bert,2,0,0.07912979198906406,False
2487,2487,1248,0,sty+bert,2,0,0.0001822871480998197,True
2488,2488,1248,1,sty+bert,2,1,0.9987067011800953,True
2489,2489,1249,0,sty+bert,2,0,0.012565677161500102,True
2490,2490,1249,1,sty+bert,2,1,0.9979689140035289,True
2491,2491,1250,0,sty+bert,2,0,0.008656614592123142,True
2492,2492,1250,1,sty+bert,2,1,0.9966394155884977,True
2493,2493,1251,0,sty+bert,2,0,0.00456680933635463,True
2494,2494,1251,1,sty+bert,2,1,0.9916496672474817,True
2495,2495,1252,0,sty+bert,2,1,0.5663327132833356,False
2496,2496,1252,1,sty+bert,2,1,0.9595715569359841,True
2497,2497,1253,0,sty+bert,2,0,0.0031405031998325253,True
2498,2498,1253,1,sty+bert,2,1,0.9993202755333935,True
2499,2499,1254,0,sty+bert,2,0,0.4339158437802645,True
2500,2500,1254,1,sty+bert,2,1,0.9991269156375377,True
2501,2501,1255,0,sty+bert,2,0,0.00487946261143917,True
2502,2502,1255,1,sty+bert,2,1,0.9900449165777954,True
2503,2503,1256,0,sty+bert,2,0,0.0010071775239311994,True
2504,2504,1256,1,sty+bert,2,1,0.9913992626951247,True
2505,2505,1257,0,sty+bert,2,0,0.010386811718860182,True
2506,2506,1257,1,sty+bert,2,1,0.9445341996826926,True
2507,2507,1258,0,sty+bert,2,0,0.012827456871664556,True
2508,2508,1258,1,sty+bert,2,1,0.9961540453478632,True
2509,2509,1259,0,sty+bert,2,0,0.0054567766936937205,True
2510,2510,1259,1,sty+bert,2,1,0.8551168209615219,True
2511,2511,1260,0,sty+bert,2,0,0.0003778605856728293,True
2512,2512,1260,1,sty+bert,2,1,0.9504643028301313,True
2513,2513,1261,0,sty+bert,2,0,0.004140894865438926,True
2514,2514,1261,1,sty+bert,2,1,0.9991542198505038,True
2515,2515,1262,0,sty+bert,2,0,0.09620375561883476,True
2516,2516,1262,1,sty+bert,2,1,0.8311828880607661,True
2517,2517,1263,0,sty+bert,2,0,0.0049167330321188115,True
2518,2518,1263,1,sty+bert,2,1,0.8743475533768029,True
2519,2519,1264,0,sty+bert,2,0,0.008983372583356389,True
2520,2520,1264,1,sty+bert,2,1,0.999047578022635,True
2521,2521,1265,0,sty+bert,2,0,7.8859375510528e-05,True
2522,2522,1265,1,sty+bert,2,1,0.9981353435331225,True
2523,2523,1266,0,sty+bert,2,0,0.0005478381281826707,True
2524,2524,1266,1,sty+bert,2,1,0.9154123275608361,True
2525,2525,1267,0,sty+bert,2,0,0.0034973488883807457,True
2526,2526,1267,1,sty+bert,2,1,0.9927894319523697,True
2527,2527,1268,1,sty+bert,2,1,0.9518131971903401,True
2528,2528,1269,0,sty+bert,2,0,1.868936870246469e-05,True
2529,2529,1269,1,sty+bert,2,1,0.9527865640370233,True
2530,2530,1270,0,sty+bert,2,0,0.0015177934980561967,True
2531,2531,1270,1,sty+bert,2,1,0.999377624557911,True
2532,2532,1271,0,sty+bert,2,0,0.007419039353939615,True
2533,2533,1271,1,sty+bert,2,0,0.07900144902947782,False
2534,2534,1272,0,sty+bert,2,0,0.018832784365640842,True
2535,2535,1272,1,sty+bert,2,1,0.9995351339020542,True
2536,2536,1273,0,sty+bert,2,0,0.0005581442555918316,True
2537,2537,1273,1,sty+bert,2,1,0.988632164419552,True
2538,2538,1274,0,sty+bert,2,0,0.0021519190574844434,True
2539,2539,1274,1,sty+bert,2,1,0.9831016980217403,True
2540,2540,1275,0,sty+bert,2,0,0.0032735266456674957,True
2541,2541,1275,1,sty+bert,2,1,0.8883171356543939,True
2542,2542,1276,0,sty+bert,2,0,0.003287014990861279,True
2543,2543,1276,1,sty+bert,2,1,0.9983033482961565,True
2544,2544,1277,0,sty+bert,2,0,0.06098344590377552,True
2545,2545,1277,1,sty+bert,2,1,0.9901587175129293,True
2546,2546,1278,0,sty+bert,2,0,0.0003088976086044601,True
2547,2547,1278,1,sty+bert,2,1,0.9894590259220989,True
2548,2548,1279,0,sty+bert,2,0,0.022015626824939658,True
2549,2549,1279,1,sty+bert,2,1,0.999429481410208,True
2550,2550,1280,0,sty+bert,2,0,0.0014391182435504692,True
2551,2551,1280,1,sty+bert,2,1,0.9997861945528433,True
2552,2552,1281,0,sty+bert,2,0,0.006493253167934086,True
2553,2553,1281,1,sty+bert,2,1,0.9994228259176092,True
2554,2554,1282,0,sty+bert,2,0,0.004522837729933378,True
2555,2555,1282,1,sty+bert,2,1,0.9933629715812977,True
2556,2556,1283,0,sty+bert,2,1,0.7935033762461973,False
2557,2557,1283,1,sty+bert,2,1,0.9991426329908485,True
2558,2558,1284,0,sty+bert,2,0,0.004172008148113036,True
2559,2559,1284,1,sty+bert,2,1,0.9980798265572083,True
2560,2560,1285,0,sty+bert,2,0,0.002427212534060726,True
2561,2561,1285,1,sty+bert,2,1,0.9974068872086179,True
2562,2562,1286,0,sty+bert,2,0,0.0015527264003244946,True
2563,2563,1286,1,sty+bert,2,1,0.9993703960074023,True
2564,2564,1287,0,sty+bert,2,0,0.0023682478951030845,True
2565,2565,1287,1,sty+bert,2,1,0.9180545052764589,True
2566,2566,1288,0,sty+bert,2,0,0.005195613560561904,True
2567,2567,1288,1,sty+bert,2,1,0.9739812175606568,True
2568,2568,1289,0,sty+bert,2,0,0.0016845224204911301,True
2569,2569,1289,1,sty+bert,2,1,0.9978372927267897,True
2570,2570,1290,0,sty+bert,2,0,0.000552657082197428,True
2571,2571,1290,1,sty+bert,2,1,0.9996561528490904,True
2572,2572,1291,0,sty+bert,2,0,0.00989478179623629,True
2573,2573,1291,1,sty+bert,2,1,0.9995121636524373,True
2574,2574,1292,0,sty+bert,2,0,0.00015960409152251506,True
2575,2575,1292,1,sty+bert,2,1,0.99936075146887,True
2576,2576,1293,0,sty+bert,2,0,0.054094078872323315,True
2577,2577,1293,1,sty+bert,2,1,0.9921791126778261,True
2578,2578,1294,0,sty+bert,2,0,0.009800694973399693,True
2579,2579,1294,1,sty+bert,2,1,0.5572587227124899,True
2580,2580,1295,0,sty+bert,2,0,0.00021596841217112498,True
2581,2581,1295,1,sty+bert,2,1,0.9961954506400028,True
2582,2582,1296,0,sty+bert,2,0,0.000995486992731054,True
2583,2583,1296,1,sty+bert,2,1,0.9946576685496693,True
2584,2584,1297,0,sty+bert,2,0,0.03900136028376418,True
2585,2585,1297,1,sty+bert,2,1,0.989828356016497,True
2586,2586,1298,0,sty+bert,2,0,0.0022001619165653487,True
2587,2587,1298,1,sty+bert,2,1,0.9758609605123073,True
2588,2588,1299,0,sty+bert,2,0,0.0022481119417548526,True
2589,2589,1299,1,sty+bert,2,1,0.9948159672247968,True
2590,2590,1300,0,sty+bert,2,0,0.0007206285515181342,True
2591,2591,1300,1,sty+bert,2,1,0.9991810978497153,True
2592,2592,1301,0,sty+bert,2,0,0.0011398829192284545,True
2593,2593,1301,1,sty+bert,2,1,0.9983061461992714,True
2594,2594,1302,0,sty+bert,2,0,0.00974858643758131,True
2595,2595,1302,1,sty+bert,2,1,0.9793236778218747,True
2596,2596,1303,0,sty+bert,2,0,0.0021592624554722228,True
2597,2597,1303,1,sty+bert,2,1,0.9986810004672741,True
2598,2598,1304,0,sty+bert,2,0,0.0006394607045660098,True
2599,2599,1304,1,sty+bert,2,1,0.9997425114076072,True
2600,2600,1305,0,sty+bert,2,0,0.01177765620990535,True
2601,2601,1305,1,sty+bert,2,1,0.9974440542578288,True
2602,2602,1306,0,sty+bert,2,0,0.0035430022580226588,True
2603,2603,1306,1,sty+bert,2,1,0.9979704395423388,True
2604,2604,1307,0,sty+bert,2,0,0.015211157550239707,True
2605,2605,1307,1,sty+bert,2,1,0.9985828326678525,True
2606,2606,1308,0,sty+bert,2,0,0.002703318445113713,True
2607,2607,1308,1,sty+bert,2,1,0.9986587807930508,True
2608,2608,1309,0,sty+bert,2,0,0.0014219116105229322,True
2609,2609,1309,1,sty+bert,2,1,0.9920036445660884,True
2610,2610,1310,0,sty+bert,2,0,6.733353253472099e-05,True
2611,2611,1310,1,sty+bert,2,1,0.9974865841894476,True
2612,2612,1311,0,sty+bert,2,0,0.00026415482208839124,True
2613,2613,1311,1,sty+bert,2,1,0.9983139183844042,True
2614,2614,1312,0,sty+bert,2,0,0.0012889358218625573,True
2615,2615,1312,1,sty+bert,2,1,0.9946421580963186,True
2616,2616,1313,0,sty+bert,2,0,0.00013775221322089444,True
2617,2617,1313,1,sty+bert,2,1,0.9996116931965873,True
2618,2618,1314,0,sty+bert,2,1,0.5014041509721554,False
2619,2619,1314,1,sty+bert,2,1,0.9988169388055433,True
2620,2620,1315,0,sty+bert,2,0,0.0003246233819434606,True
2621,2621,1315,1,sty+bert,2,1,0.9994123521611075,True
2622,2622,1316,0,sty+bert,2,0,0.0027552651831649426,True
2623,2623,1316,1,sty+bert,2,1,0.9987282820910459,True
2624,2624,1317,0,sty+bert,2,0,0.007314710262183634,True
2625,2625,1317,1,sty+bert,2,1,0.9996908593732525,True
2626,2626,1318,0,sty+bert,2,1,0.9591408104673955,False
2627,2627,1318,1,sty+bert,2,1,0.9996282704973972,True
2628,2628,1319,0,sty+bert,2,0,0.0017154364858586433,True
2629,2629,1319,1,sty+bert,2,1,0.9998525695768885,True
2630,2630,1320,0,sty+bert,2,0,0.015325070209555258,True
2631,2631,1320,1,sty+bert,2,1,0.9986753319642475,True
2632,2632,1321,0,sty+bert,2,0,0.006706504085374532,True
2633,2633,1321,1,sty+bert,2,1,0.9855310384034142,True
2634,2634,1322,0,sty+bert,2,0,0.0008424988604483159,True
2635,2635,1322,1,sty+bert,2,1,0.9982080241625201,True
2636,2636,1323,0,sty+bert,2,0,7.242437152540259e-05,True
2637,2637,1323,1,sty+bert,2,1,0.9988043000062786,True
2638,2638,1324,0,sty+bert,2,0,0.005811960127469934,True
2639,2639,1324,1,sty+bert,2,1,0.9991335902696726,True
2640,2640,1325,0,sty+bert,2,0,0.12225777638151036,True
2641,2641,1325,1,sty+bert,2,1,0.9905398994608777,True
2642,2642,1326,0,sty+bert,2,0,0.0001563664686951975,True
2643,2643,1326,1,sty+bert,2,1,0.9975472769657506,True
2644,2644,1327,0,sty+bert,2,0,7.458921112687641e-05,True
2645,2645,1327,1,sty+bert,2,1,0.7756898073746332,True
2646,2646,1328,0,sty+bert,2,0,0.00040896121309028674,True
2647,2647,1328,1,sty+bert,2,1,0.8687964030312592,True
2648,2648,1329,0,sty+bert,2,0,0.00034860864713192843,True
2649,2649,1329,1,sty+bert,2,1,0.9980443538515671,True
2650,2650,1330,0,sty+bert,2,0,0.0025042896731066067,True
2651,2651,1330,1,sty+bert,2,1,0.9733545197798984,True
2652,2652,1331,0,sty+bert,2,0,0.0040596203788365445,True
2653,2653,1331,1,sty+bert,2,1,0.9970123488133474,True
2654,2654,1332,0,sty+bert,2,0,0.00414699540891664,True
2655,2655,1332,1,sty+bert,2,1,0.9995235983195038,True
2656,2656,1333,0,sty+bert,2,0,0.008470833129652274,True
2657,2657,1333,1,sty+bert,2,1,0.9978065061625946,True
2658,2658,1334,0,sty+bert,2,0,0.01492143284985641,True
2659,2659,1334,1,sty+bert,2,1,0.9976842717305607,True
2660,2660,1335,0,sty+bert,2,0,0.004254754784669378,True
2661,2661,1335,1,sty+bert,2,1,0.9996247840400125,True
2662,2662,1336,0,sty+bert,2,0,0.036582957218528805,True
2663,2663,1336,1,sty+bert,2,1,0.9985646486008569,True
2664,2664,1337,0,sty+bert,2,0,0.011280276284240859,True
2665,2665,1337,1,sty+bert,2,1,0.9991686627139352,True
2666,2666,1338,0,sty+bert,2,0,0.0001394517259761363,True
2667,2667,1338,1,sty+bert,2,1,0.9664351253349103,True
2668,2668,1339,0,sty+bert,2,0,0.00017046976921245276,True
2669,2669,1339,1,sty+bert,2,1,0.9993524472620391,True
2670,2670,1340,0,sty+bert,2,0,0.005988903445195782,True
2671,2671,1340,1,sty+bert,2,1,0.988903237800781,True
2672,2672,1341,0,sty+bert,2,0,0.012851482017831579,True
2673,2673,1341,1,sty+bert,2,1,0.948525065303798,True
2674,2674,1342,0,sty+bert,2,0,0.0008046808043965087,True
2675,2675,1342,1,sty+bert,2,1,0.9981876009155762,True
2676,2676,1343,0,sty+bert,2,0,0.14597398508858475,True
2677,2677,1343,1,sty+bert,2,1,0.9999504256342793,True
2678,2678,1344,0,sty+bert,2,1,0.7769858740889705,False
2679,2679,1344,1,sty+bert,2,0,0.14788453635080753,False
2680,2680,1345,0,sty+bert,2,0,0.0006464655628480573,True
2681,2681,1345,1,sty+bert,2,1,0.9258770716331453,True
2682,2682,1346,0,sty+bert,2,0,0.007704897801044733,True
2683,2683,1346,1,sty+bert,2,1,0.9997385143170637,True
2684,2684,1347,0,sty+bert,2,0,6.116791384091721e-05,True
2685,2685,1347,1,sty+bert,2,1,0.9825694998890786,True
2686,2686,1348,0,sty+bert,2,0,0.0002757405797857398,True
2687,2687,1348,1,sty+bert,2,1,0.9984865945652079,True
2688,2688,1349,0,sty+bert,2,0,0.00016871728874436347,True
2689,2689,1349,1,sty+bert,2,1,0.9803590989671145,True
2690,2690,1350,0,sty+bert,2,0,0.006298238364367428,True
2691,2691,1350,1,sty+bert,2,1,0.9964500228052982,True
2692,2692,1351,0,sty+bert,2,0,0.0012119640559614484,True
2693,2693,1351,1,sty+bert,2,1,0.9976267711204106,True
2694,2694,1352,0,sty+bert,2,0,0.22189128478859288,True
2695,2695,1352,1,sty+bert,2,1,0.9841550292822593,True
2696,2696,1353,0,sty+bert,2,0,0.0028377762271660405,True
2697,2697,1353,1,sty+bert,2,1,0.9970433261911188,True
2698,2698,1354,0,sty+bert,2,0,0.22159890621616404,True
2699,2699,1354,1,sty+bert,2,1,0.9991088336937846,True
2700,2700,1355,0,sty+bert,2,0,0.13237056150608464,True
2701,2701,1355,1,sty+bert,2,1,0.9795295875465736,True
2702,2702,1356,0,sty+bert,2,0,0.3170474407147087,True
2703,2703,1356,1,sty+bert,2,1,0.9979454306175718,True
2704,2704,1357,0,sty+bert,2,0,0.0017239967520012733,True
2705,2705,1357,1,sty+bert,2,1,0.9980346194741396,True
2706,2706,1358,0,sty+bert,2,0,0.021410839773725276,True
2707,2707,1358,1,sty+bert,2,0,0.25097624083939535,False
2708,2708,1359,0,sty+bert,2,0,0.0024031218507882548,True
2709,2709,1359,1,sty+bert,2,1,0.9666734159112321,True
2710,2710,1360,0,sty+bert,2,0,0.0005501278418895816,True
2711,2711,1360,1,sty+bert,2,1,0.9877559198743844,True
2712,2712,1361,0,sty+bert,2,0,0.0028160493175777563,True
2713,2713,1361,1,sty+bert,2,1,0.9902987820704964,True
2714,2714,1362,0,sty+bert,2,0,0.0014622752286836225,True
2715,2715,1362,1,sty+bert,2,1,0.9957915953253542,True
2716,2716,1363,0,sty+bert,2,0,0.005292947836201566,True
2717,2717,1363,1,sty+bert,2,1,0.9940008505418458,True
2718,2718,1364,0,sty+bert,2,0,0.01649409198321873,True
2719,2719,1364,1,sty+bert,2,1,0.9996768439143942,True
2720,2720,1365,0,sty+bert,2,0,0.001790292693882201,True
2721,2721,1365,1,sty+bert,2,1,0.9972318742764388,True
2722,2722,1366,0,sty+bert,2,0,0.028301990900352084,True
2723,2723,1366,1,sty+bert,2,1,0.994824913890038,True
2724,2724,1367,0,sty+bert,2,0,0.006706231825017101,True
2725,2725,1367,1,sty+bert,2,1,0.9993031175572873,True
2726,2726,1368,0,sty+bert,2,0,0.0006949181181197209,True
2727,2727,1368,1,sty+bert,2,1,0.5315621199643171,True
2728,2728,1369,0,sty+bert,2,0,0.0010946508294892236,True
2729,2729,1369,1,sty+bert,2,1,0.9666905239288476,True
2730,2730,1370,0,sty+bert,2,0,0.0023241226038828973,True
2731,2731,1370,1,sty+bert,2,1,0.9992997262722388,True
2732,2732,1371,0,sty+bert,2,0,0.0002613111285269161,True
2733,2733,1371,1,sty+bert,2,1,0.9979132692768511,True
2734,2734,1372,0,sty+bert,2,0,0.06337504051879334,True
2735,2735,1372,1,sty+bert,2,1,0.9940555994817779,True
2736,2736,1373,0,sty+bert,2,0,0.0018980909958103186,True
2737,2737,1373,1,sty+bert,2,1,0.9771398599606348,True
2738,2738,1374,0,sty+bert,2,0,0.00016322484503978222,True
2739,2739,1374,1,sty+bert,2,1,0.9943322565425737,True
2740,2740,1375,0,sty+bert,2,0,0.030871688186080205,True
2741,2741,1375,1,sty+bert,2,1,0.9996936389278679,True
2742,2742,1376,0,sty+bert,2,0,0.0015768673054180054,True
2743,2743,1376,1,sty+bert,2,1,0.9778856217184191,True
2744,2744,1377,0,sty+bert,2,0,0.2146549458034034,True
2745,2745,1377,1,sty+bert,2,1,0.9987310755375217,True
2746,2746,1378,0,sty+bert,2,0,0.0005597673190461398,True
2747,2747,1378,1,sty+bert,2,1,0.9983795357139803,True
2748,2748,1379,0,sty+bert,2,0,8.13329889072242e-05,True
2749,2749,1379,1,sty+bert,2,1,0.9848172507864119,True
2750,2750,1380,0,sty+bert,2,0,0.4230966966208499,True
2751,2751,1380,1,sty+bert,2,1,0.9890529671285248,True
2752,2752,1381,0,sty+bert,2,0,0.00750028000727799,True
2753,2753,1381,1,sty+bert,2,1,0.9864445794806136,True
2754,2754,1382,0,sty+bert,2,0,0.00032052901648986596,True
2755,2755,1382,1,sty+bert,2,1,0.9997031764358344,True
2756,2756,1383,0,sty+bert,2,0,0.007900920561122116,True
2757,2757,1383,1,sty+bert,2,1,0.999506273525409,True
2758,2758,1384,0,sty+bert,2,0,0.0005003278305144805,True
2759,2759,1384,1,sty+bert,2,1,0.8249077829913193,True
2760,2760,1385,0,sty+bert,2,0,0.000998616470695061,True
2761,2761,1385,1,sty+bert,2,1,0.6894783290155215,True
2762,2762,1386,0,sty+bert,2,0,0.0032830138215972056,True
2763,2763,1386,1,sty+bert,2,1,0.9994592657169822,True
2764,2764,1387,0,sty+bert,2,0,0.00019726792614154398,True
2765,2765,1387,1,sty+bert,2,1,0.9219483269045442,True
2766,2766,1388,0,sty+bert,2,0,0.0003511092350442526,True
2767,2767,1388,1,sty+bert,2,1,0.996588751022005,True
2768,2768,1389,0,sty+bert,2,0,0.009625172759852888,True
2769,2769,1389,1,sty+bert,2,1,0.998771792664223,True
2770,2770,1390,0,sty+bert,2,0,0.0051134879675604865,True
2771,2771,1390,1,sty+bert,2,1,0.9915557201517197,True
2772,2772,1391,0,sty+bert,2,0,0.0006330992939537967,True
2773,2773,1391,1,sty+bert,2,1,0.9992350083518969,True
2774,2774,1392,0,sty+bert,2,0,0.00025485953947827257,True
2775,2775,1392,1,sty+bert,2,1,0.9018266379157249,True
2776,2776,1393,0,sty+bert,2,0,0.0017532263690064778,True
2777,2777,1393,1,sty+bert,2,1,0.5449390973925125,True
2778,2778,1394,0,sty+bert,2,1,0.6499001478358638,False
2779,2779,1394,1,sty+bert,2,1,0.9871499417412264,True
2780,2780,1395,0,sty+bert,2,0,0.03659449345802033,True
2781,2781,1395,1,sty+bert,2,1,0.9267613230940975,True
2782,2782,1396,0,sty+bert,2,0,0.0009289081421965442,True
2783,2783,1396,1,sty+bert,2,1,0.9979472810977065,True
2784,2784,1397,0,sty+bert,2,0,0.030557560354040184,True
2785,2785,1397,1,sty+bert,2,1,0.9853409970255443,True
2786,2786,1398,0,sty+bert,2,0,0.09931178111479962,True
2787,2787,1398,1,sty+bert,2,1,0.9996108841578344,True
2788,2788,1399,0,sty+bert,2,0,0.0016001370134131568,True
2789,2789,1399,1,sty+bert,2,1,0.9788583705420806,True
2790,2790,1400,0,sty+bert,2,0,0.011880703011503178,True
2791,2791,1400,1,sty+bert,2,1,0.9998108416738926,True
2792,2792,1401,0,sty+bert,2,0,0.0006474600062442467,True
2793,2793,1401,1,sty+bert,2,1,0.9633379153483649,True
2794,2794,1402,0,sty+bert,2,0,0.00936953502081793,True
2795,2795,1402,1,sty+bert,2,1,0.9977589087598755,True
2796,2796,1403,0,sty+bert,2,0,0.021836511463109193,True
2797,2797,1403,1,sty+bert,2,1,0.9966550750558599,True
2798,2798,1404,0,sty+bert,2,0,0.02293072209814393,True
2799,2799,1404,1,sty+bert,2,1,0.9578182737971404,True
2800,2800,1405,0,sty+bert,2,0,0.004216980881027767,True
2801,2801,1405,1,sty+bert,2,1,0.9972357072259737,True
2802,2802,1406,0,sty+bert,2,0,0.008254069898611426,True
2803,2803,1406,1,sty+bert,2,1,0.9946068451672477,True
2804,2804,1407,0,sty+bert,2,0,0.06629382663683699,True
2805,2805,1407,1,sty+bert,2,1,0.9731545702663448,True
2806,2806,1408,0,sty+bert,2,0,0.025894050238073153,True
2807,2807,1408,1,sty+bert,2,1,0.9911725585267342,True
2808,2808,1409,0,sty+bert,2,0,0.001827610649274922,True
2809,2809,1409,1,sty+bert,2,1,0.9644815521707107,True
2810,2810,1410,0,sty+bert,2,0,0.0004059044564371827,True
2811,2811,1410,1,sty+bert,2,1,0.9998435928403222,True
2812,2812,1411,0,sty+bert,2,0,0.01232297479351003,True
2813,2813,1411,1,sty+bert,2,1,0.9965586124734042,True
2814,2814,1412,0,sty+bert,2,0,0.10306072547017922,True
2815,2815,1412,1,sty+bert,2,1,0.9947708293520848,True
2816,2816,1413,0,sty+bert,2,0,0.0007720892933714001,True
2817,2817,1413,1,sty+bert,2,1,0.9681284551040975,True
2818,2818,1414,0,sty+bert,2,0,2.2571462290591012e-05,True
2819,2819,1414,1,sty+bert,2,1,0.999572516086592,True
2820,2820,1415,0,sty+bert,2,0,0.22969102266335115,True
2821,2821,1415,1,sty+bert,2,1,0.9999149868730975,True
2822,2822,1416,0,sty+bert,2,0,0.3399944649263079,True
2823,2823,1416,1,sty+bert,2,1,0.9972150473715056,True
2824,2824,1417,0,sty+bert,2,0,0.00015738891511735234,True
2825,2825,1417,1,sty+bert,2,1,0.8818197578684481,True
2826,2826,1418,0,sty+bert,2,0,0.0002451439248391051,True
2827,2827,1418,1,sty+bert,2,0,0.365926723458326,False
2828,2828,1419,0,sty+bert,2,0,0.0004132586062782659,True
2829,2829,1419,1,sty+bert,2,1,0.9975492555177109,True
2830,2830,1420,0,sty+bert,2,0,0.01859731210048239,True
2831,2831,1420,1,sty+bert,2,1,0.9990716678900549,True
2832,2832,1421,0,sty+bert,2,0,0.140145675102368,True
2833,2833,1421,1,sty+bert,2,1,0.9998809842594736,True
2834,2834,1422,0,sty+bert,2,0,0.020690082380349792,True
2835,2835,1422,1,sty+bert,2,1,0.9697988580513978,True
2836,2836,1423,0,sty+bert,2,0,0.008247606052511925,True
2837,2837,1423,1,sty+bert,2,1,0.9994355385528435,True
2838,2838,1424,0,sty+bert,2,0,0.0009297656614464607,True
2839,2839,1424,1,sty+bert,2,1,0.9973258405042484,True
2840,2840,1425,0,sty+bert,2,0,0.0003712301530334691,True
2841,2841,1425,1,sty+bert,2,1,0.9940181829160523,True
2842,2842,1426,0,sty+bert,2,1,0.8987652071671778,False
2843,2843,1426,1,sty+bert,2,1,0.9308649984721102,True
2844,2844,1427,0,sty+bert,2,0,0.00012826525503049994,True
2845,2845,1427,1,sty+bert,2,1,0.9998022381960061,True
2846,2846,1428,0,sty+bert,2,0,0.006788871052018133,True
2847,2847,1428,1,sty+bert,2,1,0.9962661022402365,True
2848,2848,1429,0,sty+bert,2,0,0.005033931493075539,True
2849,2849,1429,1,sty+bert,2,1,0.9930154172392458,True
2850,2850,1430,0,sty+bert,2,0,0.0010398076521028927,True
2851,2851,1430,1,sty+bert,2,1,0.998052568215379,True
2852,2852,1431,0,sty+bert,2,0,0.053293950994138105,True
2853,2853,1431,1,sty+bert,2,1,0.879215423603209,True
2854,2854,1432,0,sty+bert,2,0,0.01927151836000375,True
2855,2855,1432,1,sty+bert,2,1,0.9978304285621327,True
2856,2856,1433,0,sty+bert,2,0,0.0030014913599995877,True
2857,2857,1433,1,sty+bert,2,1,0.8327311406106116,True
2858,2858,1434,0,sty+bert,2,0,0.011065415379167096,True
2859,2859,1434,1,sty+bert,2,1,0.8495280500173116,True
2860,2860,1435,0,sty+bert,2,0,0.38374126108422074,True
2861,2861,1435,1,sty+bert,2,1,0.9997477311735842,True
2862,2862,1436,0,sty+bert,2,0,0.0250610242045548,True
2863,2863,1436,1,sty+bert,2,1,0.9960076380796873,True
2864,2864,1437,0,sty+bert,2,0,0.047877402497402084,True
2865,2865,1437,1,sty+bert,2,1,0.9978522496111624,True
2866,2866,1438,0,sty+bert,2,0,0.02863740127305765,True
2867,2867,1438,1,sty+bert,2,1,0.9980811470087079,True
2868,2868,1439,0,sty+bert,2,0,0.0005430963629994024,True
2869,2869,1439,1,sty+bert,2,1,0.9060091158948385,True
2870,2870,1440,0,sty+bert,2,0,0.0030584876143268983,True
2871,2871,1440,1,sty+bert,2,1,0.9991503629424718,True
2872,2872,1441,0,sty+bert,2,0,0.006767568096157031,True
2873,2873,1441,1,sty+bert,2,1,0.9952350365034413,True
2874,2874,1442,0,sty+bert,2,0,0.00012463015088539682,True
2875,2875,1442,1,sty+bert,2,1,0.9979429726828188,True
2876,2876,1443,0,sty+bert,2,0,0.0005624331254787722,True
2877,2877,1443,1,sty+bert,2,0,0.3629525826779413,False
2878,2878,1444,0,sty+bert,2,0,0.0008672108200579309,True
2879,2879,1444,1,sty+bert,2,1,0.9956692077270938,True
2880,2880,1445,0,sty+bert,2,0,0.03513471918317745,True
2881,2881,1445,1,sty+bert,2,1,0.9998457667358742,True
2882,2882,1446,0,sty+bert,2,0,0.007122329907802909,True
2883,2883,1446,1,sty+bert,2,1,0.9976893580241214,True
2884,2884,1447,0,sty+bert,2,0,0.0005319047426907717,True
2885,2885,1447,1,sty+bert,2,1,0.9984720948115829,True
2886,2886,1448,0,sty+bert,2,0,0.00048219932161522175,True
2887,2887,1448,1,sty+bert,2,1,0.9966814339277895,True
2888,2888,1449,0,sty+bert,2,0,0.00298823430483438,True
2889,2889,1449,1,sty+bert,2,1,0.9927292952774938,True
2890,2890,1450,0,sty+bert,2,0,0.0014588180872335734,True
2891,2891,1450,1,sty+bert,2,0,0.3328798151384272,False
2892,2892,1451,0,sty+bert,2,0,0.004994002823759207,True
2893,2893,1451,1,sty+bert,2,1,0.9934172157169555,True
2894,2894,1452,0,sty+bert,2,0,0.012102426600135937,True
2895,2895,1452,1,sty+bert,2,1,0.9957227498360877,True
2896,2896,1453,0,sty+bert,2,0,0.00013786110174463884,True
2897,2897,1453,1,sty+bert,2,1,0.9957667560380986,True
2898,2898,1454,0,sty+bert,2,1,0.5462607882417175,False
2899,2899,1454,1,sty+bert,2,1,0.9989856188917643,True
2900,2900,1455,0,sty+bert,2,0,0.003472578111520195,True
2901,2901,1455,1,sty+bert,2,1,0.9984000400574191,True
2902,2902,1456,0,sty+bert,2,0,0.0016340769365272517,True
2903,2903,1456,1,sty+bert,2,1,0.9968778033559383,True
2904,2904,1457,0,sty+bert,2,0,0.00449983074742802,True
2905,2905,1457,1,sty+bert,2,1,0.9930069515661194,True
2906,2906,1458,0,sty+bert,2,0,0.0008347871871814992,True
2907,2907,1458,1,sty+bert,2,1,0.9784753105342576,True
2908,2908,1459,0,sty+bert,2,0,0.038098525357087805,True
2909,2909,1459,1,sty+bert,2,1,0.9968686929695295,True
2910,2910,1460,0,sty+bert,2,0,0.002441220501515082,True
2911,2911,1460,1,sty+bert,2,1,0.99967681977276,True
2912,2912,1461,0,sty+bert,2,0,0.024645654829908412,True
2913,2913,1461,1,sty+bert,2,1,0.9998812921269495,True
2914,2914,1462,0,sty+bert,2,0,0.0002774844434470429,True
2915,2915,1462,1,sty+bert,2,1,0.9675538909053244,True
2916,2916,1463,1,sty+bert,2,1,0.9926156636848986,True
2917,2917,1464,0,sty+bert,2,0,0.0003822501080537091,True
2918,2918,1464,1,sty+bert,2,1,0.9980685488737551,True
2919,2919,1465,0,sty+bert,2,0,0.002305011031309088,True
2920,2920,1465,1,sty+bert,2,1,0.9940638272830917,True
2921,2921,1466,0,sty+bert,2,0,0.007503507080199833,True
2922,2922,1466,1,sty+bert,2,1,0.994192296481558,True
2923,2923,1467,0,sty+bert,2,0,0.00044357142645252355,True
2924,2924,1467,1,sty+bert,2,1,0.990472061753493,True
2925,2925,1468,0,sty+bert,2,0,0.0007669488006402302,True
2926,2926,1468,1,sty+bert,2,1,0.9996695997209959,True
2927,2927,1469,0,sty+bert,2,0,3.441185957816253e-05,True
2928,2928,1469,1,sty+bert,2,1,0.9971861485111684,True
2929,2929,1470,0,sty+bert,2,0,0.00014056589952679942,True
2930,2930,1470,1,sty+bert,2,1,0.9946240804205193,True
2931,2931,1471,0,sty+bert,2,0,0.40358776105692806,True
2932,2932,1471,1,sty+bert,2,1,0.9910291819481579,True
2933,2933,1472,0,sty+bert,2,0,0.04811395449211128,True
2934,2934,1472,1,sty+bert,2,1,0.9992111595363782,True
2935,2935,1473,0,sty+bert,2,0,0.0003525434235478459,True
2936,2936,1473,1,sty+bert,2,1,0.9677905012904652,True
2937,2937,1474,0,sty+bert,2,0,0.0006505266582693721,True
2938,2938,1474,1,sty+bert,2,1,0.9982052786713468,True
2939,2939,1475,0,sty+bert,2,0,0.0006023108384722688,True
2940,2940,1475,1,sty+bert,2,1,0.9940966233975309,True
2941,2941,1476,0,sty+bert,2,0,0.002681308082704725,True
2942,2942,1476,1,sty+bert,2,1,0.5476590388393086,True
2943,2943,1477,0,sty+bert,2,0,0.029711882138332178,True
2944,2944,1477,1,sty+bert,2,1,0.992049520033281,True
2945,2945,1478,0,sty+bert,2,0,0.012704296831644514,True
2946,2946,1478,1,sty+bert,2,1,0.9993684044918293,True
2947,2947,1479,0,sty+bert,2,0,0.0016689966023086622,True
2948,2948,1479,1,sty+bert,2,1,0.999875282336974,True
2949,2949,1480,0,sty+bert,2,0,0.005324243085208143,True
2950,2950,1480,1,sty+bert,2,1,0.9996942249330604,True
2951,2951,1481,0,sty+bert,2,0,0.022012430987547845,True
2952,2952,1481,1,sty+bert,2,1,0.5013624417504596,True
2953,2953,1482,0,sty+bert,2,0,0.0011783643312989736,True
2954,2954,1482,1,sty+bert,2,1,0.9805518325557159,True
2955,2955,1483,0,sty+bert,2,0,0.0003214863753877307,True
2956,2956,1483,1,sty+bert,2,1,0.9967704221107911,True
2957,2957,1484,0,sty+bert,2,0,0.0002631503463287025,True
2958,2958,1484,1,sty+bert,2,1,0.9942187138950996,True
2959,2959,1485,0,sty+bert,2,0,0.000878634089401623,True
2960,2960,1485,1,sty+bert,2,1,0.9978711145297039,True
2961,2961,1486,0,sty+bert,2,0,0.0027003050236504766,True
2962,2962,1486,1,sty+bert,2,1,0.9851290067595679,True
2963,2963,1487,0,sty+bert,2,0,0.014190977524581861,True
2964,2964,1487,1,sty+bert,2,1,0.9960615835104022,True
2965,2965,1488,0,sty+bert,2,0,0.00656284901896636,True
2966,2966,1488,1,sty+bert,2,0,0.45708851727843064,False
2967,2967,1489,0,sty+bert,2,0,0.0016633640579608853,True
2968,2968,1489,1,sty+bert,2,1,0.7328810756201044,True
2969,2969,1490,0,sty+bert,2,0,0.23753379868066005,True
2970,2970,1490,1,sty+bert,2,0,0.4290624861802863,False
2971,2971,1491,0,sty+bert,2,0,0.027519073999749018,True
2972,2972,1491,1,sty+bert,2,1,0.6091204365730956,True
2973,2973,1492,0,sty+bert,2,0,0.0001980289303901432,True
2974,2974,1492,1,sty+bert,2,1,0.9965305603269747,True
2975,2975,1493,0,sty+bert,2,0,0.00022054855779544237,True
2976,2976,1493,1,sty+bert,2,1,0.9949985360499447,True
2977,2977,1494,0,sty+bert,2,0,0.00037128340072016097,True
2978,2978,1494,1,sty+bert,2,1,0.9953816959391069,True
2979,2979,1495,0,sty+bert,2,0,0.0015136317284677116,True
2980,2980,1495,1,sty+bert,2,1,0.99900682771928,True
2981,2981,1496,0,sty+bert,2,0,0.21838379065569533,True
2982,2982,1496,1,sty+bert,2,1,0.9978909418298039,True
2983,2983,1497,0,sty+bert,2,0,0.0013737008828806445,True
2984,2984,1497,1,sty+bert,2,1,0.999768460923668,True
2985,2985,1498,0,sty+bert,2,0,0.002388878335339125,True
2986,2986,1498,1,sty+bert,2,0,0.03266094044754887,False
2987,2987,1499,0,sty+bert,2,1,0.950263046581351,False
2988,2988,1499,1,sty+bert,2,1,0.9738986328729647,True
2989,2989,1500,0,sty+bert,2,0,0.011736560155682314,True
2990,2990,1500,1,sty+bert,2,1,0.9898391123474594,True
2991,2991,1501,0,sty+bert,2,0,0.00011909716870776273,True
2992,2992,1501,1,sty+bert,2,1,0.9634531270807031,True
2993,2993,1502,0,sty+bert,2,0,0.01224608581628883,True
2994,2994,1502,1,sty+bert,2,1,0.9897803051719855,True
2995,2995,1503,0,sty+bert,2,0,0.045417987764352,True
2996,2996,1503,1,sty+bert,2,1,0.9456342848976829,True
2997,2997,1504,0,sty+bert,2,0,0.0003592371648831386,True
2998,2998,1504,1,sty+bert,2,1,0.719280106383161,True
2999,2999,1505,0,sty+bert,2,0,0.000678332815997309,True
3000,3000,1505,1,sty+bert,2,1,0.9965529125866843,True
3001,3001,1506,0,sty+bert,2,0,0.004761829486147951,True
3002,3002,1506,1,sty+bert,2,1,0.9995697353584629,True
3003,3003,1507,0,sty+bert,2,0,0.0004597001567512027,True
3004,3004,1507,1,sty+bert,2,1,0.989485920043063,True
3005,3005,1508,0,sty+bert,2,0,0.01311936134601487,True
3006,3006,1508,1,sty+bert,2,1,0.9959248395695347,True
3007,3007,1509,0,sty+bert,2,0,0.0006611678562792332,True
3008,3008,1509,1,sty+bert,2,1,0.999696953603016,True
3009,3009,1510,0,sty+bert,2,0,0.0001773798208208697,True
3010,3010,1510,1,sty+bert,2,1,0.910251657558835,True
3011,3011,1511,0,sty+bert,2,0,0.0020149767671820743,True
3012,3012,1511,1,sty+bert,2,1,0.9966573304110139,True
3013,3013,1512,0,sty+bert,2,0,0.018473792211441627,True
3014,3014,1512,1,sty+bert,2,1,0.531723612457272,True
3015,3015,1513,0,sty+bert,2,0,0.020999092376576156,True
3016,3016,1513,1,sty+bert,2,1,0.9969610046150195,True
3017,3017,1514,0,sty+bert,2,0,0.003110066286728454,True
3018,3018,1514,1,sty+bert,2,1,0.9281074054015805,True
3019,3019,1515,0,sty+bert,2,0,0.000954568587966187,True
3020,3020,1515,1,sty+bert,2,1,0.993756787407517,True
3021,3021,1516,0,sty+bert,2,1,0.5789455096875482,False
3022,3022,1516,1,sty+bert,2,1,0.9872113807821862,True
3023,3023,1517,0,sty+bert,2,0,0.001765120958504705,True
3024,3024,1517,1,sty+bert,2,1,0.9995280251463686,True
3025,3025,1518,0,sty+bert,2,0,0.012122013035977205,True
3026,3026,1518,1,sty+bert,2,1,0.9994976270909232,True
3027,3027,1519,0,sty+bert,2,0,0.05550697995959743,True
3028,3028,1519,1,sty+bert,2,1,0.9974393991818611,True
3029,3029,1520,0,sty+bert,2,0,0.00020013239297570336,True
3030,3030,1520,1,sty+bert,2,1,0.9568113104272877,True
3031,3031,1521,0,sty+bert,2,0,0.45137788817674185,True
3032,3032,1521,1,sty+bert,2,1,0.9984861060901481,True
3033,3033,1522,0,sty+bert,2,0,0.007943687370512662,True
3034,3034,1522,1,sty+bert,2,1,0.9736634545543696,True
3035,3035,1523,0,sty+bert,2,0,0.00022034766208352155,True
3036,3036,1523,1,sty+bert,2,1,0.9433501968637398,True
3037,3037,1524,0,sty+bert,2,0,0.002214794557701699,True
3038,3038,1524,1,sty+bert,2,1,0.8353298334607527,True
3039,3039,1525,0,sty+bert,2,0,0.004464938569938945,True
3040,3040,1525,1,sty+bert,2,1,0.9907531516537172,True
3041,3041,1526,0,sty+bert,2,0,0.05933972625844231,True
3042,3042,1526,1,sty+bert,2,1,0.9577883083375515,True
3043,3043,1527,0,sty+bert,2,0,0.004610419509484741,True
3044,3044,1527,1,sty+bert,2,1,0.9979576617989283,True
3045,3045,1528,0,sty+bert,2,0,0.0014359082881144495,True
3046,3046,1528,1,sty+bert,2,1,0.9952015835584527,True
3047,3047,1529,0,sty+bert,2,0,0.06468782577310807,True
3048,3048,1529,1,sty+bert,2,1,0.9997018807964215,True
3049,3049,1530,0,sty+bert,2,0,6.236363816919186e-05,True
3050,3050,1530,1,sty+bert,2,0,0.10584071070354671,False
3051,3051,1531,0,sty+bert,2,0,0.001007066035094129,True
3052,3052,1531,1,sty+bert,2,1,0.884432808399089,True
3053,3053,1532,0,sty+bert,2,0,0.002652005020341517,True
3054,3054,1532,1,sty+bert,2,1,0.5185409743262821,True
3055,3055,1533,0,sty+bert,2,0,0.02947803852442568,True
3056,3056,1533,1,sty+bert,2,1,0.999355878414638,True
3057,3057,1534,0,sty+bert,2,0,0.0007327563473023793,True
3058,3058,1534,1,sty+bert,2,1,0.9995476502255934,True
3059,3059,1535,0,sty+bert,2,0,0.010800000158448984,True
3060,3060,1535,1,sty+bert,2,1,0.9974912283016437,True
3061,3061,1536,0,sty+bert,2,0,0.07922866936900688,True
3062,3062,1536,1,sty+bert,2,1,0.9928465233791859,True
3063,3063,1537,0,sty+bert,2,1,0.9521830614733542,False
3064,3064,1537,1,sty+bert,2,1,0.8748416252026812,True
3065,3065,1538,0,sty+bert,2,0,0.0021303914151398467,True
3066,3066,1538,1,sty+bert,2,1,0.9985988780482238,True
3067,3067,1539,0,sty+bert,2,0,0.025767648506823056,True
3068,3068,1539,1,sty+bert,2,1,0.9907921366833453,True
3069,3069,1540,0,sty+bert,2,0,0.11417290483878523,True
3070,3070,1540,1,sty+bert,2,1,0.9998240317026676,True
3071,3071,1541,0,sty+bert,2,0,0.0010427975419779842,True
3072,3072,1541,1,sty+bert,2,1,0.9892544676542462,True
3073,3073,1542,0,sty+bert,2,0,0.06786106311012392,True
3074,3074,1542,1,sty+bert,2,1,0.9988132187409432,True
3075,3075,1543,0,sty+bert,2,0,0.391459383279563,True
3076,3076,1543,1,sty+bert,2,1,0.9982172959030167,True
3077,3077,1544,0,sty+bert,2,0,0.002363606024786702,True
3078,3078,1544,1,sty+bert,2,1,0.9954783906433655,True
3079,3079,1545,0,sty+bert,2,0,0.005157897833475035,True
3080,3080,1545,1,sty+bert,2,1,0.9993825133948341,True
3081,3081,1546,0,sty+bert,2,0,0.000981895405604083,True
3082,3082,1546,1,sty+bert,2,1,0.9954875624886418,True
3083,3083,1547,0,sty+bert,2,0,0.0015611772300991118,True
3084,3084,1547,1,sty+bert,2,1,0.9996586151708868,True
3085,3085,1548,0,sty+bert,2,0,0.00045963155077175677,True
3086,3086,1548,1,sty+bert,2,0,0.166997575004504,False
3087,3087,1549,0,sty+bert,2,0,0.1849703181088577,True
3088,3088,1549,1,sty+bert,2,1,0.9995353903041936,True
3089,3089,1550,0,sty+bert,2,0,0.0031199488241812076,True
3090,3090,1550,1,sty+bert,2,1,0.5120740926217406,True
3091,3091,1551,0,sty+bert,2,0,7.143905810727303e-05,True
3092,3092,1551,1,sty+bert,2,1,0.9977109597004606,True
3093,3093,1552,0,sty+bert,2,0,0.006210460268336658,True
3094,3094,1552,1,sty+bert,2,1,0.998482580199109,True
3095,3095,1553,0,sty+bert,2,0,0.04032174729534815,True
3096,3096,1553,1,sty+bert,2,1,0.9443006353282107,True
3097,3097,1554,0,sty+bert,2,0,0.1616247775174623,True
3098,3098,1554,1,sty+bert,2,1,0.9951049321177591,True
3099,3099,1555,0,sty+bert,2,0,0.0007783714831421907,True
3100,3100,1555,1,sty+bert,2,1,0.9795264581174804,True
3101,3101,1556,0,sty+bert,2,0,0.013060615031988293,True
3102,3102,1556,1,sty+bert,2,1,0.9971853858317647,True
3103,3103,1557,0,sty+bert,2,0,0.024132882055325024,True
3104,3104,1557,1,sty+bert,2,1,0.9989610558037496,True
3105,3105,1558,0,sty+bert,2,0,0.0002566278772705356,True
3106,3106,1558,1,sty+bert,2,1,0.9747511030128306,True
3107,3107,1559,0,sty+bert,2,0,0.0123712956419358,True
3108,3108,1559,1,sty+bert,2,1,0.9989487821628954,True
3109,3109,1560,0,sty+bert,2,0,0.0003518364540128629,True
3110,3110,1560,1,sty+bert,2,1,0.9918377508878611,True
3111,3111,1561,0,sty+bert,2,0,0.08204077189761709,True
3112,3112,1561,1,sty+bert,2,1,0.8881004559670276,True
3113,3113,1562,0,sty+bert,2,0,0.14305798099852157,True
3114,3114,1562,1,sty+bert,2,1,0.9865838203181195,True
3115,3115,1563,0,sty+bert,2,0,0.0010720200124120784,True
3116,3116,1563,1,sty+bert,2,1,0.998305558347759,True
3117,3117,1564,0,sty+bert,2,0,0.010775430490755836,True
3118,3118,1564,1,sty+bert,2,1,0.9996072877497751,True
3119,3119,1565,0,sty+bert,2,0,0.19521681630451843,True
3120,3120,1565,1,sty+bert,2,1,0.9778909384859096,True
3121,3121,1566,0,sty+bert,2,0,0.004139631679418718,True
3122,3122,1566,1,sty+bert,2,1,0.9879504673083868,True
3123,3123,1567,0,sty+bert,2,0,0.009435395586448026,True
3124,3124,1567,1,sty+bert,2,1,0.9972987155254901,True
3125,3125,1568,0,sty+bert,2,0,0.15395904256724274,True
3126,3126,1568,1,sty+bert,2,1,0.99782499749903,True
3127,3127,1569,0,sty+bert,2,0,0.0007784910835049188,True
3128,3128,1569,1,sty+bert,2,1,0.9880189105047965,True
3129,3129,1570,0,sty+bert,2,0,0.0006344603333950848,True
3130,3130,1570,1,sty+bert,2,1,0.9982631287590731,True
3131,3131,1571,0,sty+bert,2,0,0.0034576153038446086,True
3132,3132,1571,1,sty+bert,2,1,0.9990218585664543,True
3133,3133,1572,0,sty+bert,2,1,0.9684502814305069,False
3134,3134,1572,1,sty+bert,2,1,0.600423380090479,True
3135,3135,1573,0,sty+bert,2,0,0.0017057990005331209,True
3136,3136,1573,1,sty+bert,2,0,0.4948129634526056,False
3137,3137,1574,0,sty+bert,2,0,0.006021549948568636,True
3138,3138,1574,1,sty+bert,2,1,0.9964360763436412,True
3139,3139,1575,0,sty+bert,2,0,0.006288055364781064,True
3140,3140,1575,1,sty+bert,2,1,0.5212001846416373,True
3141,3141,1576,0,sty+bert,2,0,0.0019655626703263653,True
3142,3142,1576,1,sty+bert,2,1,0.9993303784698582,True
3143,3143,1577,0,sty+bert,2,0,0.0005570749488211987,True
3144,3144,1577,1,sty+bert,2,1,0.9897219994424967,True
3145,3145,1578,0,sty+bert,2,0,0.12373027263528855,True
3146,3146,1578,1,sty+bert,2,1,0.99814036572184,True
3147,3147,1579,0,sty+bert,2,0,0.0035596609701039,True
3148,3148,1579,1,sty+bert,2,1,0.9942254118218017,True
3149,3149,1580,0,sty+bert,2,0,0.0012914392361294815,True
3150,3150,1580,1,sty+bert,2,1,0.9946284218392978,True
3151,3151,1581,0,sty+bert,2,0,0.0019702845396647978,True
3152,3152,1581,1,sty+bert,2,1,0.9994959318154114,True
3153,3153,1582,0,sty+bert,2,0,0.013374424966645912,True
3154,3154,1582,1,sty+bert,2,1,0.9996943688925033,True
3155,3155,1583,0,sty+bert,2,0,0.075953984374794,True
3156,3156,1583,1,sty+bert,2,1,0.99778625033207,True
3157,3157,1584,0,sty+bert,2,0,0.019320761615087213,True
3158,3158,1584,1,sty+bert,2,1,0.9998557758635438,True
3159,3159,1585,0,sty+bert,2,0,0.4184809597744847,True
3160,3160,1585,1,sty+bert,2,1,0.9649077671460993,True
3161,3161,1586,0,sty+bert,2,0,0.05129765922834794,True
3162,3162,1586,1,sty+bert,2,1,0.9979964519174797,True
3163,3163,1587,0,sty+bert,2,0,0.24394738635992064,True
3164,3164,1587,1,sty+bert,2,1,0.9996945686653846,True
3165,3165,1588,0,sty+bert,2,0,0.018874408640749542,True
3166,3166,1588,1,sty+bert,2,1,0.9925825729196958,True
3167,3167,1589,0,sty+bert,2,0,0.00035137510396261864,True
3168,3168,1589,1,sty+bert,2,1,0.9997894970955307,True
3169,3169,1590,0,sty+bert,2,0,0.08476413423275096,True
3170,3170,1590,1,sty+bert,2,1,0.9992985010677449,True
3171,3171,1591,0,sty+bert,2,0,0.004156706673839725,True
3172,3172,1591,1,sty+bert,2,1,0.9184397841445041,True
3173,3173,1592,0,sty+bert,2,0,0.00044018053933393063,True
3174,3174,1592,1,sty+bert,2,1,0.9787373535739237,True
3175,3175,1593,0,sty+bert,2,0,0.06195366941020734,True
3176,3176,1593,1,sty+bert,2,1,0.9879367033503388,True
3177,3177,1594,0,sty+bert,2,0,0.0006008828391687435,True
3178,3178,1594,1,sty+bert,2,1,0.9994828390149534,True
3179,3179,1595,0,sty+bert,2,0,0.0005216439960256578,True
3180,3180,1595,1,sty+bert,2,1,0.7945815377976745,True
3181,3181,1596,0,sty+bert,2,0,0.0006783651748684726,True
3182,3182,1596,1,sty+bert,2,1,0.9995415660392202,True
3183,3183,1597,0,sty+bert,2,0,0.00020799028863772052,True
3184,3184,1597,1,sty+bert,2,1,0.9912343447933776,True
3185,3185,1598,0,sty+bert,2,0,0.0008343554624726151,True
3186,3186,1598,1,sty+bert,2,1,0.9991267387067,True
3187,3187,1599,0,sty+bert,2,0,0.008044618600377463,True
3188,3188,1599,1,sty+bert,2,1,0.763014765495801,True
3189,3189,1600,0,sty+bert,2,0,0.16712893223332306,True
3190,3190,1600,1,sty+bert,2,1,0.9967841925274795,True
3191,3191,1601,0,sty+bert,2,0,0.027494377703706344,True
3192,3192,1601,1,sty+bert,2,1,0.994909353124488,True
3193,3193,1602,0,sty+bert,2,0,0.01178198855138124,True
3194,3194,1602,1,sty+bert,2,1,0.9996101983102098,True
3195,3195,1603,0,sty+bert,2,0,5.192727593567738e-05,True
3196,3196,1603,1,sty+bert,2,1,0.9956953907463282,True
3197,3197,1604,0,sty+bert,2,0,0.03642021886643842,True
3198,3198,1604,1,sty+bert,2,1,0.996850317658463,True
3199,3199,1605,0,sty+bert,2,0,0.0009967958099323959,True
3200,3200,1605,1,sty+bert,2,1,0.9532687476737423,True
3201,3201,1606,0,sty+bert,2,0,0.00017268053221542392,True
3202,3202,1606,1,sty+bert,2,1,0.8318818757193417,True
3203,3203,1607,0,sty+bert,2,0,0.006693850930596259,True
3204,3204,1607,1,sty+bert,2,1,0.9979449756403935,True
3205,3205,1608,0,sty+bert,2,0,0.025341202319027097,True
3206,3206,1608,1,sty+bert,2,1,0.9994760844996436,True
3207,3207,1609,0,sty+bert,2,1,0.926237902635123,False
3208,3208,1609,1,sty+bert,2,1,0.9878198283332555,True
3209,3209,1610,0,sty+bert,2,0,0.01537701371582041,True
3210,3210,1610,1,sty+bert,2,1,0.9993929005359703,True
3211,3211,1611,0,sty+bert,2,0,0.009617426050985216,True
3212,3212,1611,1,sty+bert,2,1,0.9989961275687714,True
3213,3213,1612,1,sty+bert,2,1,0.998574743899331,True
3214,3214,1613,0,sty+bert,2,0,0.009950169729239115,True
3215,3215,1613,1,sty+bert,2,1,0.9438537890040387,True
3216,3216,1614,0,sty+bert,2,0,0.007730803994339794,True
3217,3217,1614,1,sty+bert,2,1,0.9486875757057217,True
3218,3218,1615,0,sty+bert,2,0,0.004294650188889342,True
3219,3219,1615,1,sty+bert,2,1,0.9036647406402231,True
3220,3220,1616,0,sty+bert,2,0,0.0002745386589123128,True
3221,3221,1616,1,sty+bert,2,1,0.9982243790472975,True
3222,3222,1617,0,sty+bert,2,0,0.0006713895636992973,True
3223,3223,1617,1,sty+bert,2,1,0.990041729191965,True
3224,3224,1618,0,sty+bert,2,0,0.005652872023235098,True
3225,3225,1618,1,sty+bert,2,1,0.9942734248859284,True
3226,3226,1619,0,sty+bert,2,0,0.0006016785913396821,True
3227,3227,1619,1,sty+bert,2,1,0.9969499936151696,True
3228,3228,1620,0,sty+bert,2,0,0.23877623294093542,True
3229,3229,1620,1,sty+bert,2,1,0.9970988001363991,True
3230,3230,1621,0,sty+bert,2,0,0.0009835881264238537,True
3231,3231,1621,1,sty+bert,2,1,0.9985992723458273,True
3232,3232,1622,0,sty+bert,2,0,0.0031986167732630795,True
3233,3233,1622,1,sty+bert,2,1,0.9990458873414282,True
3234,3234,1623,0,sty+bert,2,0,0.01862330363964284,True
3235,3235,1623,1,sty+bert,2,1,0.9884890020089137,True
3236,3236,1624,0,sty+bert,2,0,0.18573261579123712,True
3237,3237,1624,1,sty+bert,2,1,0.9767907668573287,True
3238,3238,1625,0,sty+bert,2,0,0.03939866431666341,True
3239,3239,1625,1,sty+bert,2,1,0.9997909976926269,True
3240,3240,1626,0,sty+bert,2,0,0.00039386292974759096,True
3241,3241,1626,1,sty+bert,2,1,0.998297610767566,True
3242,3242,1627,0,sty+bert,2,0,0.21216514219626686,True
3243,3243,1627,1,sty+bert,2,1,0.978952442478697,True
3244,3244,1628,0,sty+bert,2,0,0.001639061619768615,True
3245,3245,1628,1,sty+bert,2,0,0.02407997166874448,False
3246,3246,1629,0,sty+bert,2,0,0.08054481232420165,True
3247,3247,1629,1,sty+bert,2,1,0.9386723274928229,True
3248,3248,1630,0,sty+bert,2,0,0.06593471896174219,True
3249,3249,1630,1,sty+bert,2,1,0.9974148854327413,True
3250,3250,1631,0,sty+bert,2,0,0.04537702037890409,True
3251,3251,1631,1,sty+bert,2,1,0.9947187763767046,True
3252,3252,1632,0,sty+bert,2,0,0.003127692527448745,True
3253,3253,1632,1,sty+bert,2,1,0.9975356878167085,True
3254,3254,1633,0,sty+bert,2,0,0.0029936309930500625,True
3255,3255,1633,1,sty+bert,2,1,0.9953520008998223,True
3256,3256,1634,0,sty+bert,2,0,0.00025091497195985676,True
3257,3257,1634,1,sty+bert,2,0,0.3546945957889679,False
3258,3258,1635,0,sty+bert,2,0,0.005520062090603529,True
3259,3259,1635,1,sty+bert,2,1,0.9881165073065918,True
3260,3260,1636,0,sty+bert,2,0,0.07974209252102164,True
3261,3261,1636,1,sty+bert,2,1,0.9997751908631023,True
3262,3262,1637,0,sty+bert,2,1,0.8021114325412614,False
3263,3263,1637,1,sty+bert,2,1,0.999641179546167,True
3264,3264,1638,0,sty+bert,2,0,0.00015590146733072486,True
3265,3265,1638,1,sty+bert,2,1,0.999149500847566,True
3266,3266,1639,0,sty+bert,2,0,0.0004219645705902054,True
3267,3267,1639,1,sty+bert,2,1,0.9977938102821897,True
3268,3268,1640,0,sty+bert,2,0,6.769289177254862e-05,True
3269,3269,1640,1,sty+bert,2,1,0.9560916308222076,True
3270,3270,1641,0,sty+bert,2,0,0.0005014579890395974,True
3271,3271,1641,1,sty+bert,2,1,0.7654204302883039,True
3272,3272,1642,0,sty+bert,2,0,0.0003979715534848848,True
3273,3273,1642,1,sty+bert,2,1,0.820026238976687,True
3274,3274,1643,0,sty+bert,2,0,0.00031875188061558,True
3275,3275,1643,1,sty+bert,2,1,0.9982755556045431,True
3276,3276,1644,0,sty+bert,2,0,0.05939872574638981,True
3277,3277,1644,1,sty+bert,2,1,0.9984516963338297,True
3278,3278,1645,0,sty+bert,2,0,0.1677188821680841,True
3279,3279,1645,1,sty+bert,2,1,0.9833306107763675,True
3280,3280,1646,0,sty+bert,2,0,0.009478391915081368,True
3281,3281,1646,1,sty+bert,2,1,0.9991658942904877,True
3282,3282,1647,0,sty+bert,2,0,0.008915049390727346,True
3283,3283,1647,1,sty+bert,2,1,0.9995640307691974,True
3284,3284,1648,0,sty+bert,2,0,0.00016327147469334931,True
3285,3285,1648,1,sty+bert,2,1,0.999573318873966,True
3286,3286,1649,0,sty+bert,2,0,0.012545826561527513,True
3287,3287,1649,1,sty+bert,2,1,0.9850895665243247,True
3288,3288,1650,0,sty+bert,2,0,0.004835375855922318,True
3289,3289,1650,1,sty+bert,2,1,0.9643932487666955,True
3290,3290,1651,0,sty+bert,2,0,0.0019149237210516455,True
3291,3291,1651,1,sty+bert,2,1,0.9992292211928437,True
3292,3292,1652,0,sty+bert,2,0,0.0015268794211395708,True
3293,3293,1652,1,sty+bert,2,1,0.9739073576551173,True
3294,3294,1653,0,sty+bert,2,0,0.002656149755201575,True
3295,3295,1653,1,sty+bert,2,1,0.99970130076706,True
3296,3296,1654,0,sty+bert,2,0,0.00028279051072436763,True
3297,3297,1654,1,sty+bert,2,1,0.5973933703375864,True
3298,3298,1655,0,sty+bert,2,0,0.0015863973167902568,True
3299,3299,1655,1,sty+bert,2,1,0.9849052918230268,True
3300,3300,1656,0,sty+bert,2,0,0.0034994385459159315,True
3301,3301,1656,1,sty+bert,2,1,0.9926282656641211,True
3302,3302,1657,0,sty+bert,2,0,0.03725423784261894,True
3303,3303,1657,1,sty+bert,2,1,0.9997354307425022,True
3304,3304,1658,0,sty+bert,2,0,0.2695563536104973,True
3305,3305,1658,1,sty+bert,2,1,0.9982010090113531,True
3306,3306,1659,0,sty+bert,2,0,0.0068164179182040475,True
3307,3307,1659,1,sty+bert,2,1,0.9954057753159022,True
3308,3308,1660,0,sty+bert,2,0,0.00042798041924844293,True
3309,3309,1660,1,sty+bert,2,1,0.9996366137245082,True
3310,3310,1661,0,sty+bert,2,0,0.0013588396420494571,True
3311,3311,1661,1,sty+bert,2,1,0.9940295493226479,True
3312,3312,1662,0,sty+bert,2,0,0.016354696753434424,True
3313,3313,1662,1,sty+bert,2,1,0.9991093729478743,True
3314,3314,1663,0,sty+bert,2,0,0.00013093660146964564,True
3315,3315,1663,1,sty+bert,2,1,0.9989686260182155,True
3316,3316,1664,0,sty+bert,2,0,0.15573075754529006,True
3317,3317,1664,1,sty+bert,2,1,0.9972993767107285,True
3318,3318,1665,0,sty+bert,2,0,0.025483035141416758,True
3319,3319,1665,1,sty+bert,2,1,0.9992852432543133,True
3320,3320,1666,0,sty+bert,2,0,0.0008983768096755437,True
3321,3321,1666,1,sty+bert,2,1,0.9846514518494272,True
3322,3322,1667,0,sty+bert,2,0,0.155502520908447,True
3323,3323,1667,1,sty+bert,2,0,0.21354427867595047,False
3324,3324,1668,0,sty+bert,2,0,0.009216862581931898,True
3325,3325,1668,1,sty+bert,2,1,0.9870230638200177,True
3326,3326,1669,0,sty+bert,2,0,0.008441248580417091,True
3327,3327,1669,1,sty+bert,2,1,0.9925423383510439,True
3328,3328,1670,0,sty+bert,2,0,0.004289336926184505,True
3329,3329,1670,1,sty+bert,2,1,0.9871880388184004,True
3330,3330,1671,0,sty+bert,2,0,0.09995524300092717,True
3331,3331,1671,1,sty+bert,2,1,0.9941471223596212,True
3332,3332,1672,0,sty+bert,2,0,0.00040523243338203534,True
3333,3333,1672,1,sty+bert,2,1,0.9992697193088708,True
3334,3334,1673,0,sty+bert,2,0,0.014302372329594734,True
3335,3335,1673,1,sty+bert,2,1,0.8720272104720683,True
3336,3336,1674,0,sty+bert,2,0,0.00028628684331160134,True
3337,3337,1674,1,sty+bert,2,1,0.9997254836135304,True
3338,3338,1675,0,sty+bert,2,0,0.0018946939579696546,True
3339,3339,1675,1,sty+bert,2,1,0.996257721392502,True
3340,3340,1676,0,sty+bert,2,0,0.043132987646804344,True
3341,3341,1676,1,sty+bert,2,0,0.2947786325100093,False
3342,3342,1677,0,sty+bert,2,0,0.004482172711383523,True
3343,3343,1677,1,sty+bert,2,1,0.9864872702430577,True
3344,3344,1678,0,sty+bert,2,0,0.0006537484158530141,True
3345,3345,1678,1,sty+bert,2,1,0.987895549421573,True
3346,3346,1679,0,sty+bert,2,0,0.019844518306810527,True
3347,3347,1679,1,sty+bert,2,1,0.9988997406322808,True
3348,3348,1680,0,sty+bert,2,0,0.0016998320390495597,True
3349,3349,1680,1,sty+bert,2,1,0.9995623666526867,True
3350,3350,1681,0,sty+bert,2,0,0.12773517608731344,True
3351,3351,1681,1,sty+bert,2,0,0.09521468699539311,False
3352,3352,1682,0,sty+bert,2,0,0.005279145455480107,True
3353,3353,1682,1,sty+bert,2,1,0.9923898590840766,True
3354,3354,1683,0,sty+bert,2,0,0.009138108818116664,True
3355,3355,1683,1,sty+bert,2,1,0.9718591163677591,True
3356,3356,1684,0,sty+bert,2,0,0.10809668083806072,True
3357,3357,1684,1,sty+bert,2,1,0.9998208510687853,True
3358,3358,1685,0,sty+bert,2,0,0.009013691342939195,True
3359,3359,1685,1,sty+bert,2,1,0.8813788560857782,True
3360,3360,1686,1,sty+bert,2,1,0.9400762006881934,True
3361,3361,1687,0,sty+bert,2,0,0.20440816842719428,True
3362,3362,1687,1,sty+bert,2,1,0.9974166955479226,True
3363,3363,1688,0,sty+bert,2,0,0.011806689067212163,True
3364,3364,1688,1,sty+bert,2,1,0.9972107857629811,True
3365,3365,1689,0,sty+bert,2,0,0.00024537768757771364,True
3366,3366,1689,1,sty+bert,2,1,0.99734322156748,True
3367,3367,1690,0,sty+bert,2,0,0.01430048610697144,True
3368,3368,1690,1,sty+bert,2,1,0.9890486855075757,True
3369,3369,1691,0,sty+bert,2,0,0.010344518990744293,True
3370,3370,1691,1,sty+bert,2,1,0.9964222741268784,True
3371,3371,1692,0,sty+bert,2,0,0.0008362496991436834,True
3372,3372,1692,1,sty+bert,2,0,0.2963393096286701,False
3373,3373,1693,0,sty+bert,2,0,0.0037291436557535416,True
3374,3374,1693,1,sty+bert,2,1,0.9971471754083432,True
3375,3375,1694,0,sty+bert,2,0,0.005087454886955389,True
3376,3376,1694,1,sty+bert,2,1,0.9989869561030363,True
3377,3377,1695,0,sty+bert,2,0,0.0030230014030409556,True
3378,3378,1695,1,sty+bert,2,1,0.9996137734817722,True
3379,3379,1696,0,sty+bert,2,0,0.0008365633749398878,True
3380,3380,1696,1,sty+bert,2,1,0.8306010241488793,True
3381,3381,1697,0,sty+bert,2,0,0.027660276414199804,True
3382,3382,1697,1,sty+bert,2,1,0.9992821647999998,True
3383,3383,1698,0,sty+bert,2,0,0.005730080732463249,True
3384,3384,1698,1,sty+bert,2,1,0.9953110724469203,True
3385,3385,1699,0,sty+bert,2,0,0.013665576485718554,True
3386,3386,1699,1,sty+bert,2,1,0.9744146650107733,True
3387,3387,1700,0,sty+bert,2,0,0.0002026281107419486,True
3388,3388,1700,1,sty+bert,2,1,0.9992456491723009,True
3389,3389,1701,0,sty+bert,2,0,0.019997539075482584,True
3390,3390,1701,1,sty+bert,2,1,0.894021085144681,True
3391,3391,1702,0,sty+bert,2,0,0.028240789635841514,True
3392,3392,1702,1,sty+bert,2,1,0.9859940493548985,True
3393,3393,1703,0,sty+bert,2,0,0.001354680271433152,True
3394,3394,1703,1,sty+bert,2,1,0.9750293356082363,True
3395,3395,1704,0,sty+bert,2,0,0.00398111249004397,True
3396,3396,1704,1,sty+bert,2,1,0.9995540347310311,True
3397,3397,1705,0,sty+bert,2,0,0.02484744352920077,True
3398,3398,1705,1,sty+bert,2,1,0.5106569446788726,True
3399,3399,1706,0,sty+bert,2,0,0.0036877001535225045,True
3400,3400,1706,1,sty+bert,2,1,0.9981691104677733,True
3401,3401,1707,0,sty+bert,2,0,0.01454394534922189,True
3402,3402,1707,1,sty+bert,2,1,0.9985037073298402,True
3403,3403,1708,0,sty+bert,2,0,0.005860267140935738,True
3404,3404,1708,1,sty+bert,2,1,0.9975498853913791,True
3405,3405,1709,0,sty+bert,2,0,0.044233997998337625,True
3406,3406,1709,1,sty+bert,2,1,0.6153834420894935,True
3407,3407,1710,0,sty+bert,2,0,0.004272445209280398,True
3408,3408,1710,1,sty+bert,2,1,0.9910013626298599,True
3409,3409,1711,0,sty+bert,2,0,0.003480691929896714,True
3410,3410,1711,1,sty+bert,2,1,0.9960231646212798,True
3411,3411,1712,0,sty+bert,2,1,0.5943995354205813,False
3412,3412,1712,1,sty+bert,2,1,0.9988799456547485,True
3413,3413,1713,0,sty+bert,2,0,0.004606257221454446,True
3414,3414,1713,1,sty+bert,2,1,0.9994577609653424,True
3415,3415,1714,0,sty+bert,2,1,0.6861536495409362,False
3416,3416,1714,1,sty+bert,2,1,0.9768597279143161,True
3417,3417,1715,0,sty+bert,2,0,0.01260964598968945,True
3418,3418,1715,1,sty+bert,2,1,0.9873618602379839,True
3419,3419,1716,0,sty+bert,2,0,0.0009393025029317272,True
3420,3420,1716,1,sty+bert,2,1,0.924191582016364,True
3421,3421,1717,0,sty+bert,2,0,0.0005539593665538597,True
3422,3422,1717,1,sty+bert,2,1,0.6854237739470074,True
3423,3423,1718,0,sty+bert,2,0,0.008737164217526227,True
3424,3424,1718,1,sty+bert,2,1,0.9962305879728229,True
3425,3425,1719,0,sty+bert,2,0,0.20550776120815661,True
3426,3426,1719,1,sty+bert,2,1,0.9957757428913442,True
3427,3427,1720,0,sty+bert,2,0,0.008649596044427258,True
3428,3428,1720,1,sty+bert,2,1,0.9575815286518401,True
3429,3429,1721,0,sty+bert,2,0,0.0015218955921297824,True
3430,3430,1721,1,sty+bert,2,1,0.9953537240140755,True
3431,3431,1722,0,sty+bert,2,0,0.015421767350932833,True
3432,3432,1722,1,sty+bert,2,1,0.9954641364292462,True
3433,3433,1723,0,sty+bert,2,0,0.0010906743372117132,True
3434,3434,1723,1,sty+bert,2,1,0.9988965061829935,True
3435,3435,1724,0,sty+bert,2,0,0.008362450612005527,True
3436,3436,1724,1,sty+bert,2,1,0.9991655073882711,True
3437,3437,1725,0,sty+bert,2,0,0.0025256001196490825,True
3438,3438,1725,1,sty+bert,2,1,0.9996684199777618,True
3439,3439,1726,0,sty+bert,2,0,0.001210787199555369,True
3440,3440,1726,1,sty+bert,2,0,0.044051476455619104,False
3441,3441,1727,0,sty+bert,2,0,0.015764536257568018,True
3442,3442,1727,1,sty+bert,2,1,0.9992728977641213,True
3443,3443,1728,0,sty+bert,2,0,0.0012818635252642037,True
3444,3444,1728,1,sty+bert,2,1,0.9927347340671231,True
3445,3445,1729,0,sty+bert,2,0,0.0012694576760596279,True
3446,3446,1729,1,sty+bert,2,1,0.9594892435395292,True
3447,3447,1730,0,sty+bert,2,0,0.0026622810504629223,True
3448,3448,1730,1,sty+bert,2,1,0.9986023569053819,True
3449,3449,1731,0,sty+bert,2,0,0.03073350487232457,True
3450,3450,1731,1,sty+bert,2,1,0.9794435946843579,True
3451,3451,1732,0,sty+bert,2,0,0.0052426066510187636,True
3452,3452,1732,1,sty+bert,2,0,0.35504696086352755,False
3453,3453,1733,0,sty+bert,2,0,0.002197971613598643,True
3454,3454,1733,1,sty+bert,2,1,0.9995993242366445,True
3455,3455,1734,0,sty+bert,2,0,0.0006969826860642112,True
3456,3456,1734,1,sty+bert,2,1,0.9864348576841777,True
3457,3457,1735,0,sty+bert,2,0,0.0002961298658060896,True
3458,3458,1735,1,sty+bert,2,1,0.5199439358392299,True
3459,3459,1736,0,sty+bert,2,0,0.004101949734648934,True
3460,3460,1736,1,sty+bert,2,0,0.3746855007867462,False
3461,3461,1737,0,sty+bert,2,0,0.00042147883770051695,True
3462,3462,1737,1,sty+bert,2,1,0.8112090210011055,True
3463,3463,1738,0,sty+bert,2,0,0.09114472911389056,True
3464,3464,1738,1,sty+bert,2,1,0.9995803853542372,True
3465,3465,1739,0,sty+bert,2,0,0.02680933422301168,True
3466,3466,1739,1,sty+bert,2,1,0.9162436371796254,True
3467,3467,1740,0,sty+bert,2,0,0.0002679318120005731,True
3468,3468,1740,1,sty+bert,2,1,0.9998772653601485,True
3469,3469,1741,0,sty+bert,2,0,0.0061907027754798056,True
3470,3470,1741,1,sty+bert,2,1,0.9937599508120841,True
3471,3471,1742,0,sty+bert,2,0,0.001458903912122672,True
3472,3472,1742,1,sty+bert,2,1,0.9911964400418183,True
3473,3473,1743,0,sty+bert,2,0,0.001035756457183575,True
3474,3474,1743,1,sty+bert,2,1,0.9997358871620117,True
3475,3475,1744,0,sty+bert,2,0,0.04002729816257416,True
3476,3476,1744,1,sty+bert,2,1,0.9973994373164375,True
3477,3477,1745,0,sty+bert,2,0,6.871217485285897e-05,True
3478,3478,1745,1,sty+bert,2,1,0.968403145530964,True
3479,3479,1746,0,sty+bert,2,0,0.004206071108400663,True
3480,3480,1746,1,sty+bert,2,1,0.9888044128820599,True
3481,3481,1747,0,sty+bert,2,0,0.4965295406142747,True
3482,3482,1747,1,sty+bert,2,1,0.976279697955452,True
3483,3483,1748,0,sty+bert,2,0,0.13550230039519956,True
3484,3484,1748,1,sty+bert,2,1,0.9985290740954704,True
3485,3485,1749,0,sty+bert,2,0,0.002178335582466462,True
3486,3486,1749,1,sty+bert,2,1,0.9901011438910999,True
3487,3487,1750,0,sty+bert,2,0,0.012766296513529117,True
3488,3488,1750,1,sty+bert,2,1,0.9876580142909592,True
3489,3489,1751,0,sty+bert,2,0,0.028476830025155348,True
3490,3490,1751,1,sty+bert,2,1,0.9915794360184647,True
3491,3491,1752,0,sty+bert,2,0,0.004635887592157063,True
3492,3492,1752,1,sty+bert,2,1,0.9893336717850266,True
3493,3493,1753,0,sty+bert,2,0,0.0020212597941288014,True
3494,3494,1753,1,sty+bert,2,1,0.9997922375627964,True
3495,3495,1754,1,sty+bert,2,1,0.9991975666215495,True
3496,3496,1755,0,sty+bert,2,0,0.0019899303501267843,True
3497,3497,1755,1,sty+bert,2,1,0.9153131167097568,True
3498,3498,1756,0,sty+bert,2,0,0.008264247737529892,True
3499,3499,1756,1,sty+bert,2,1,0.999316268190785,True
3500,3500,1757,0,sty+bert,2,0,0.13197908436667974,True
3501,3501,1757,1,sty+bert,2,1,0.9984970312645476,True
3502,3502,1758,0,sty+bert,2,0,0.0024783392388230607,True
3503,3503,1758,1,sty+bert,2,1,0.9916870413196566,True
3504,3504,1759,0,sty+bert,2,0,0.015027893692559169,True
3505,3505,1759,1,sty+bert,2,1,0.9971423616418,True
3506,3506,1760,0,sty+bert,2,0,0.005581691596204461,True
3507,3507,1760,1,sty+bert,2,1,0.9873804033637238,True
3508,3508,1761,0,sty+bert,2,0,0.11021578169672798,True
3509,3509,1761,1,sty+bert,2,1,0.9968456254989388,True
3510,3510,1762,0,sty+bert,2,0,0.0057842092688396105,True
3511,3511,1762,1,sty+bert,2,1,0.9954930711216754,True
3512,3512,1763,0,sty+bert,2,0,0.031396207056248966,True
3513,3513,1763,1,sty+bert,2,1,0.9808946124790371,True
3514,3514,1764,0,sty+bert,2,0,0.006675873166175305,True
3515,3515,1764,1,sty+bert,2,1,0.9180109951918548,True
3516,3516,1765,0,sty+bert,2,0,0.012511144444643733,True
3517,3517,1765,1,sty+bert,2,1,0.9988711337606327,True
3518,3518,1766,0,sty+bert,2,0,0.01102538591141521,True
3519,3519,1766,1,sty+bert,2,1,0.9947074969308196,True
3520,3520,1767,0,sty+bert,2,0,0.008806803698642576,True
3521,3521,1767,1,sty+bert,2,1,0.9984892413560452,True
3522,3522,1768,0,sty+bert,2,0,0.00029482701000839,True
3523,3523,1768,1,sty+bert,2,1,0.9840652117557218,True
3524,3524,1769,0,sty+bert,2,0,0.003183405536297824,True
3525,3525,1769,1,sty+bert,2,1,0.9837339735383317,True
3526,3526,1770,0,sty+bert,2,0,0.0029373003750904595,True
3527,3527,1770,1,sty+bert,2,1,0.9998033446990413,True
3528,3528,1771,0,sty+bert,2,0,0.001986132562950938,True
3529,3529,1771,1,sty+bert,2,1,0.9997234962894831,True
3530,3530,1772,0,sty+bert,2,0,0.006444736362916162,True
3531,3531,1772,1,sty+bert,2,1,0.9982890482892778,True
3532,3532,1773,0,sty+bert,2,0,0.006798317345181131,True
3533,3533,1773,1,sty+bert,2,1,0.9948345364798576,True
3534,3534,1774,0,sty+bert,2,0,0.07133923609478585,True
3535,3535,1774,1,sty+bert,2,1,0.9862991663439233,True
3536,3536,1775,0,sty+bert,2,0,0.001179630664040611,True
3537,3537,1775,1,sty+bert,2,1,0.9968400114134349,True
3538,3538,1776,0,sty+bert,2,0,0.0012725279728050091,True
3539,3539,1776,1,sty+bert,2,1,0.9410020620673993,True
3540,3540,1777,0,sty+bert,2,0,0.0006302423087935609,True
3541,3541,1777,1,sty+bert,2,1,0.9992102194732926,True
3542,3542,1778,0,sty+bert,2,0,0.00042280701029173137,True
3543,3543,1778,1,sty+bert,2,1,0.6363340407909669,True
3544,3544,1779,0,sty+bert,2,0,0.0007567035559176646,True
3545,3545,1779,1,sty+bert,2,1,0.9991501794804455,True
3546,3546,1780,0,sty+bert,2,0,0.0006156443669029763,True
3547,3547,1780,1,sty+bert,2,1,0.9993789205778827,True
3548,3548,1781,0,sty+bert,2,0,0.0016297916738426596,True
3549,3549,1781,1,sty+bert,2,1,0.996210440056107,True
3550,3550,1782,0,sty+bert,2,0,0.0027285619129761994,True
3551,3551,1782,1,sty+bert,2,1,0.9940292413350656,True
3552,3552,1783,0,sty+bert,2,0,0.0031326955544075815,True
3553,3553,1783,1,sty+bert,2,1,0.8808049775423279,True
3554,3554,1784,0,sty+bert,2,0,0.40070710340468835,True
3555,3555,1784,1,sty+bert,2,1,0.9889760126940236,True
3556,3556,1785,0,sty+bert,2,0,0.0002076222937597758,True
3557,3557,1785,1,sty+bert,2,1,0.9445493916874818,True
3558,3558,1786,0,sty+bert,2,0,0.03672155362034434,True
3559,3559,1786,1,sty+bert,2,1,0.9979484761613496,True
3560,3560,1787,0,sty+bert,2,0,7.807886152554672e-05,True
3561,3561,1787,1,sty+bert,2,1,0.9785485273165297,True
3562,3562,1788,0,sty+bert,2,0,0.3327884645950037,True
3563,3563,1788,1,sty+bert,2,1,0.9974120167733518,True
3564,3564,1789,0,sty+bert,2,0,0.0020595609414994173,True
3565,3565,1789,1,sty+bert,2,1,0.9973363212644254,True
3566,3566,1790,0,sty+bert,2,0,0.01436819186142608,True
3567,3567,1790,1,sty+bert,2,1,0.9997868960279228,True
3568,3568,1791,0,sty+bert,2,0,0.00021601230363365654,True
3569,3569,1791,1,sty+bert,2,1,0.9993286279029737,True
3570,3570,1792,0,sty+bert,2,0,0.004137240515443589,True
3571,3571,1792,1,sty+bert,2,1,0.9994378306088304,True
3572,3572,1793,0,sty+bert,2,0,0.08738335487117728,True
3573,3573,1793,1,sty+bert,2,1,0.9920717442919523,True
3574,3574,1794,0,sty+bert,2,0,0.00013192819061987523,True
3575,3575,1794,1,sty+bert,2,1,0.6906428438710775,True
3576,3576,1795,0,sty+bert,2,0,0.006092428641302254,True
3577,3577,1795,1,sty+bert,2,1,0.9755789717024629,True
3578,3578,1796,0,sty+bert,2,0,0.005312886376429383,True
3579,3579,1796,1,sty+bert,2,1,0.9923716915075719,True
3580,3580,1797,0,sty+bert,2,0,0.0038094788847284223,True
3581,3581,1797,1,sty+bert,2,1,0.9964939599545535,True
3582,3582,1798,0,sty+bert,2,0,0.02928630102155397,True
3583,3583,1798,1,sty+bert,2,1,0.9986398014885106,True
3584,3584,1799,0,sty+bert,2,0,0.0006213113257617777,True
3585,3585,1799,1,sty+bert,2,1,0.9996749355494142,True
3586,3586,1800,0,sty+bert,2,0,0.08310253515395546,True
3587,3587,1800,1,sty+bert,2,1,0.9996552480280021,True
3588,3588,1801,0,sty+bert,2,0,0.016653108228444336,True
3589,3589,1801,1,sty+bert,2,1,0.9837288825432648,True
3590,3590,1802,0,sty+bert,2,0,0.007347218447788915,True
3591,3591,1802,1,sty+bert,2,1,0.998867093652524,True
3592,3592,1803,0,sty+bert,2,0,0.0002761276776435436,True
3593,3593,1803,1,sty+bert,2,1,0.9986947376436998,True
3594,3594,1804,0,sty+bert,2,0,0.04743576785927575,True
3595,3595,1804,1,sty+bert,2,1,0.9993883164624827,True
3596,3596,1805,0,sty+bert,2,0,0.15512503622492788,True
3597,3597,1805,1,sty+bert,2,1,0.999612280380366,True
3598,3598,1806,0,sty+bert,2,0,0.013574913263518909,True
3599,3599,1806,1,sty+bert,2,1,0.9933155041652879,True
3600,3600,1807,0,sty+bert,2,0,0.05130355192746465,True
3601,3601,1807,1,sty+bert,2,1,0.9960296862364468,True
3602,3602,1808,0,sty+bert,2,0,0.013337891592315387,True
3603,3603,1808,1,sty+bert,2,1,0.9992501105293332,True
3604,3604,1809,0,sty+bert,2,0,0.017964176011204484,True
3605,3605,1809,1,sty+bert,2,0,0.3257623557059182,False
3606,3606,1810,0,sty+bert,2,0,0.006278485457676323,True
3607,3607,1810,1,sty+bert,2,1,0.9996691752621405,True
3608,3608,1811,0,sty+bert,2,0,0.008306065725493564,True
3609,3609,1811,1,sty+bert,2,1,0.9988424461317053,True
3610,3610,1812,0,sty+bert,2,0,0.0017483427505714446,True
3611,3611,1812,1,sty+bert,2,1,0.9996937759306669,True
3612,3612,1813,0,sty+bert,2,0,0.1846388978671679,True
3613,3613,1813,1,sty+bert,2,1,0.9997407711697964,True
3614,3614,1814,0,sty+bert,2,0,0.0007650950317076506,True
3615,3615,1814,1,sty+bert,2,1,0.9558305850595056,True
3616,3616,1815,0,sty+bert,2,0,0.0005748673781155395,True
3617,3617,1815,1,sty+bert,2,1,0.9986957846445416,True
3618,3618,1816,0,sty+bert,2,0,0.04490157332580848,True
3619,3619,1816,1,sty+bert,2,1,0.9991095306286996,True
3620,3620,1817,0,sty+bert,2,0,0.0002702162575440347,True
3621,3621,1817,1,sty+bert,2,1,0.9979035887010033,True
3622,3622,1818,0,sty+bert,2,0,0.013066102700883726,True
3623,3623,1818,1,sty+bert,2,1,0.9996776669792519,True
3624,3624,1819,0,sty+bert,2,0,0.08963244109845164,True
3625,3625,1819,1,sty+bert,2,1,0.9976041933968254,True
3626,3626,1820,0,sty+bert,2,0,0.08569429482160744,True
3627,3627,1820,1,sty+bert,2,1,0.9967175889238756,True
3628,3628,1821,0,sty+bert,2,0,0.4013130891873185,True
3629,3629,1821,1,sty+bert,2,1,0.985393078506663,True
3630,3630,1822,0,sty+bert,2,0,0.0014578765352648514,True
3631,3631,1822,1,sty+bert,2,1,0.9889277506933819,True
3632,3632,1823,0,sty+bert,2,0,0.00015558047836532895,True
3633,3633,1823,1,sty+bert,2,1,0.9438072831146762,True
3634,3634,1824,0,sty+bert,2,0,0.08048068797463595,True
3635,3635,1824,1,sty+bert,2,1,0.9995846914587136,True
3636,3636,1825,0,sty+bert,2,0,0.018673750898417777,True
3637,3637,1825,1,sty+bert,2,1,0.9900138437124687,True
3638,3638,1826,0,sty+bert,2,0,0.002657505203002179,True
3639,3639,1826,1,sty+bert,2,1,0.9977158869752494,True
3640,3640,1827,0,sty+bert,2,0,0.0005849266755118144,True
3641,3641,1827,1,sty+bert,2,0,0.05228405918847965,False
3642,3642,1828,0,sty+bert,2,0,0.24155201977696564,True
3643,3643,1828,1,sty+bert,2,1,0.9987617049867996,True
3644,3644,1829,0,sty+bert,2,0,0.0006902465884375311,True
3645,3645,1829,1,sty+bert,2,1,0.9992149023979716,True
3646,3646,1830,0,sty+bert,2,0,0.0011275910279960025,True
3647,3647,1830,1,sty+bert,2,1,0.9856680946131093,True
3648,3648,1831,0,sty+bert,2,0,0.0005530915930206883,True
3649,3649,1831,1,sty+bert,2,1,0.9968934277726055,True
3650,3650,1832,0,sty+bert,2,0,0.006751786552711003,True
3651,3651,1832,1,sty+bert,2,1,0.9964209989435188,True
3652,3652,1833,0,sty+bert,2,0,0.0006941792764278058,True
3653,3653,1833,1,sty+bert,2,1,0.995006036607087,True
3654,3654,1834,0,sty+bert,2,0,0.004744179824321098,True
3655,3655,1834,1,sty+bert,2,1,0.9837220463627752,True
3656,3656,1835,0,sty+bert,2,0,0.0011674453010116575,True
3657,3657,1835,1,sty+bert,2,1,0.9967045922582543,True
3658,3658,1836,0,sty+bert,2,0,0.0007720657819565354,True
3659,3659,1836,1,sty+bert,2,1,0.9931711017156389,True
3660,3660,1837,0,sty+bert,2,0,0.3109035241913954,True
3661,3661,1837,1,sty+bert,2,1,0.9989098012965502,True
3662,3662,1838,0,sty+bert,2,0,0.0028861153525319887,True
3663,3663,1838,1,sty+bert,2,1,0.9995117027388903,True
3664,3664,1839,0,sty+bert,2,0,0.22811807564984454,True
3665,3665,1839,1,sty+bert,2,1,0.9949869149369506,True
3666,3666,1840,0,sty+bert,2,0,0.004439353293158978,True
3667,3667,1840,1,sty+bert,2,1,0.9106324887429647,True
3668,3668,1841,0,sty+bert,2,0,0.0016983166303129254,True
3669,3669,1841,1,sty+bert,2,1,0.9977890780482148,True
3670,3670,1842,0,sty+bert,2,0,0.0007214582922476623,True
3671,3671,1842,1,sty+bert,2,1,0.9962112244879494,True
3672,3672,1843,0,sty+bert,2,0,0.017010046490999256,True
3673,3673,1843,1,sty+bert,2,1,0.9996200071222491,True
3674,3674,1844,0,sty+bert,2,0,0.003906980836063116,True
3675,3675,1844,1,sty+bert,2,1,0.9701446506403792,True
3676,3676,1845,0,sty+bert,2,0,0.0011415654850582284,True
3677,3677,1845,1,sty+bert,2,1,0.9996491997190529,True
3678,3678,1846,0,sty+bert,2,0,0.49418703471651565,True
3679,3679,1846,1,sty+bert,2,1,0.9980875222697608,True
3680,3680,1847,0,sty+bert,2,0,0.19116917108643325,True
3681,3681,1847,1,sty+bert,2,1,0.9982480254088022,True
3682,3682,1848,0,sty+bert,2,0,0.0015914695730894297,True
3683,3683,1848,1,sty+bert,2,1,0.9959177050324144,True
3684,3684,1849,0,sty+bert,2,0,0.016115538769773473,True
3685,3685,1849,1,sty+bert,2,1,0.9988395102125559,True
3686,3686,1850,0,sty+bert,2,0,0.0033423975715905115,True
3687,3687,1850,1,sty+bert,2,0,0.3319847989236067,False
3688,3688,1851,0,sty+bert,2,0,0.0005318414388834021,True
3689,3689,1851,1,sty+bert,2,1,0.9854415185108392,True
3690,3690,1852,0,sty+bert,2,0,0.0020414264871112405,True
3691,3691,1852,1,sty+bert,2,1,0.9976558994143965,True
3692,3692,1853,0,sty+bert,2,0,0.009332367553833758,True
3693,3693,1853,1,sty+bert,2,1,0.9565644708523979,True
3694,3694,1854,0,sty+bert,2,0,0.002883067518288554,True
3695,3695,1854,1,sty+bert,2,1,0.9701734459051391,True
3696,3696,1855,0,sty+bert,2,0,0.0005062422233583891,True
3697,3697,1855,1,sty+bert,2,1,0.999553300741651,True
3698,3698,1856,0,sty+bert,2,0,0.001752433097354727,True
3699,3699,1856,1,sty+bert,2,1,0.9953681936518967,True
3700,3700,1857,0,sty+bert,2,0,0.07900682195061758,True
3701,3701,1857,1,sty+bert,2,1,0.9996098751471357,True
3702,3702,1858,0,sty+bert,2,0,0.01078961671244857,True
3703,3703,1858,1,sty+bert,2,1,0.9979723083399942,True
3704,3704,1859,0,sty+bert,2,0,0.027238101965030095,True
3705,3705,1859,1,sty+bert,2,1,0.9997837410705492,True
3706,3706,1860,0,sty+bert,2,0,0.0013410425346963293,True
3707,3707,1860,1,sty+bert,2,0,0.010331612898641072,False
3708,3708,1861,0,sty+bert,2,0,3.910988791004506e-05,True
3709,3709,1861,1,sty+bert,2,1,0.9608333888738867,True
3710,3710,1862,0,sty+bert,2,0,0.0007392414691558802,True
3711,3711,1862,1,sty+bert,2,1,0.9994606843955658,True
3712,3712,1863,0,sty+bert,2,0,0.0808116145053804,True
3713,3713,1863,1,sty+bert,2,1,0.9997103084091049,True
3714,3714,1864,0,sty+bert,2,0,0.0017215273160681827,True
3715,3715,1864,1,sty+bert,2,1,0.999375030694498,True
3716,3716,1865,0,sty+bert,2,0,0.014264128228575514,True
3717,3717,1865,1,sty+bert,2,1,0.9988724746228919,True
3718,3718,1866,0,sty+bert,2,0,0.0004993269548660486,True
3719,3719,1866,1,sty+bert,2,1,0.9717067625039942,True
3720,3720,1867,0,sty+bert,2,0,0.006006041162137428,True
3721,3721,1867,1,sty+bert,2,0,0.45301077799081835,False
3722,3722,1868,0,sty+bert,2,0,0.01576325789677619,True
3723,3723,1868,1,sty+bert,2,1,0.9995297995086101,True
3724,3724,1869,0,sty+bert,2,0,0.04608567699354263,True
3725,3725,1869,1,sty+bert,2,1,0.9837212852779151,True
3726,3726,1870,0,sty+bert,2,0,0.0004049032204022178,True
3727,3727,1870,1,sty+bert,2,1,0.9632485975687748,True
3728,3728,1871,0,sty+bert,2,0,0.0038302616789612125,True
3729,3729,1871,1,sty+bert,2,1,0.9982632143268538,True
3730,3730,1872,0,sty+bert,2,0,0.008947983260801547,True
3731,3731,1872,1,sty+bert,2,1,0.9952076036402475,True
3732,3732,1873,0,sty+bert,2,0,0.00015111469802761286,True
3733,3733,1873,1,sty+bert,2,1,0.9986697298905584,True
3734,3734,1874,0,sty+bert,2,0,0.00023125522273749675,True
3735,3735,1874,1,sty+bert,2,1,0.9985920972927934,True
3736,3736,1875,0,sty+bert,2,0,0.0004751567791354587,True
3737,3737,1875,1,sty+bert,2,1,0.9991829101701013,True
3738,3738,1876,0,sty+bert,2,0,0.002120002288391583,True
3739,3739,1876,1,sty+bert,2,1,0.9975336770803563,True
3740,3740,1877,0,sty+bert,2,0,0.0028681569414863574,True
3741,3741,1877,1,sty+bert,2,1,0.9991865671589358,True
3742,3742,1878,0,sty+bert,2,0,0.0002636136675172254,True
3743,3743,1878,1,sty+bert,2,1,0.9955444817316768,True
3744,3744,1879,0,sty+bert,2,0,0.007605036792254233,True
3745,3745,1879,1,sty+bert,2,1,0.9716191626550598,True
3746,3746,1880,0,sty+bert,2,0,0.00011446209098199146,True
3747,3747,1880,1,sty+bert,2,1,0.9498646352855893,True
3748,3748,1881,0,sty+bert,2,0,0.0036650478332458988,True
3749,3749,1881,1,sty+bert,2,1,0.9963766190494019,True
3750,3750,1882,0,sty+bert,2,0,0.009066391661196964,True
3751,3751,1882,1,sty+bert,2,1,0.9994757242038874,True
3752,3752,1883,0,sty+bert,2,0,0.002045245895903375,True
3753,3753,1883,1,sty+bert,2,1,0.9984198834269509,True
3754,3754,1884,0,sty+bert,2,0,0.009483411874786733,True
3755,3755,1884,1,sty+bert,2,1,0.9994053504268372,True
3756,3756,1885,0,sty+bert,2,0,0.0008897605372096705,True
3757,3757,1885,1,sty+bert,2,1,0.9994468062345394,True
3758,3758,1886,0,sty+bert,2,0,0.00024899179188379904,True
3759,3759,1886,1,sty+bert,2,0,0.06779788766369042,False
3760,3760,1887,0,sty+bert,2,0,0.0030284836977626777,True
3761,3761,1887,1,sty+bert,2,1,0.997232421701826,True
3762,3762,1888,0,sty+bert,2,0,0.0735959183599155,True
3763,3763,1888,1,sty+bert,2,1,0.9996122907472084,True
3764,3764,1889,0,sty+bert,2,0,0.006985959799489354,True
3765,3765,1889,1,sty+bert,2,1,0.9997081320052399,True
3766,3766,1890,0,sty+bert,2,0,0.0003558334959427595,True
3767,3767,1890,1,sty+bert,2,1,0.9994407488468473,True
3768,3768,1891,0,sty+bert,2,0,0.030977378376169918,True
3769,3769,1891,1,sty+bert,2,1,0.9938931826312987,True
3770,3770,1892,0,sty+bert,2,0,0.0014421655715471026,True
3771,3771,1892,1,sty+bert,2,1,0.9978989634764803,True
3772,3772,1893,0,sty+bert,2,0,0.0012259134300717093,True
3773,3773,1893,1,sty+bert,2,1,0.999311616046573,True
3774,3774,1894,0,sty+bert,2,0,0.0003222518218468987,True
3775,3775,1894,1,sty+bert,2,1,0.9917142300416388,True
3776,3776,1895,0,sty+bert,2,0,0.00017585885080194412,True
3777,3777,1895,1,sty+bert,2,1,0.9232045780456907,True
3778,3778,1896,0,sty+bert,2,1,0.5756064583291548,False
3779,3779,1896,1,sty+bert,2,1,0.9981341623060059,True
3780,3780,1897,0,sty+bert,2,0,0.05812307241019202,True
3781,3781,1897,1,sty+bert,2,1,0.9844236794018928,True
3782,3782,1898,0,sty+bert,2,0,0.45438821012834296,True
3783,3783,1898,1,sty+bert,2,1,0.98959231395164,True
3784,3784,1899,0,sty+bert,2,0,0.007441103154789486,True
3785,3785,1899,1,sty+bert,2,1,0.9956954099636379,True
3786,3786,1900,0,sty+bert,2,0,0.13970803076694122,True
3787,3787,1900,1,sty+bert,2,1,0.9986421301259916,True
3788,3788,1901,0,sty+bert,2,0,0.0009753862811531597,True
3789,3789,1901,1,sty+bert,2,1,0.9962785761881181,True
3790,3790,1902,0,sty+bert,2,0,0.04169610360278691,True
3791,3791,1902,1,sty+bert,2,1,0.998902534959302,True
3792,3792,1903,0,sty+bert,2,0,0.12734161844863454,True
3793,3793,1903,1,sty+bert,2,1,0.9577799901683559,True
3794,3794,1904,0,sty+bert,2,0,0.01440652632156341,True
3795,3795,1904,1,sty+bert,2,0,0.21569592773134502,False
3796,3796,1905,0,sty+bert,2,0,0.0010415282093191793,True
3797,3797,1905,1,sty+bert,2,1,0.968563671631938,True
3798,3798,1906,1,sty+bert,2,1,0.9515683843004298,True
3799,3799,1907,0,sty+bert,2,0,0.0013309305705652085,True
3800,3800,1907,1,sty+bert,2,1,0.9983024315660769,True
3801,3801,1908,0,sty+bert,2,0,0.01734966222586046,True
3802,3802,1908,1,sty+bert,2,1,0.9986576459090322,True
3803,3803,1909,0,sty+bert,2,0,0.0012121842383758376,True
3804,3804,1909,1,sty+bert,2,1,0.7268658524760866,True
3805,3805,1910,0,sty+bert,2,0,0.01994939420735392,True
3806,3806,1910,1,sty+bert,2,1,0.9994404237026099,True
3807,3807,1911,0,sty+bert,2,0,0.061006944916024694,True
3808,3808,1911,1,sty+bert,2,1,0.9746307159861749,True
3809,3809,1912,0,sty+bert,2,0,0.00033392362458190325,True
3810,3810,1912,1,sty+bert,2,1,0.930321982923676,True
3811,3811,1913,0,sty+bert,2,0,0.001220377474879726,True
3812,3812,1913,1,sty+bert,2,1,0.997301803050066,True
3813,3813,1914,0,sty+bert,2,0,0.0011537710795855183,True
3814,3814,1914,1,sty+bert,2,1,0.9982007219411234,True
3815,3815,1915,0,sty+bert,2,0,0.0014963914868671004,True
3816,3816,1915,1,sty+bert,2,1,0.9944832318112734,True
3817,3817,1916,0,sty+bert,2,0,0.0001546955847323349,True
3818,3818,1916,1,sty+bert,2,1,0.9990030038536851,True
3819,3819,1917,0,sty+bert,2,0,0.0036538669088748868,True
3820,3820,1917,1,sty+bert,2,1,0.9914638731088655,True
3821,3821,1918,0,sty+bert,2,0,3.3769883622610826e-05,True
3822,3822,1918,1,sty+bert,2,1,0.9970825190114209,True
3823,3823,1919,0,sty+bert,2,0,0.0007872942008846903,True
3824,3824,1919,1,sty+bert,2,1,0.998316866270437,True
3825,3825,1920,0,sty+bert,2,0,0.0005859687270102829,True
3826,3826,1920,1,sty+bert,2,1,0.9994021168586779,True
3827,3827,1921,0,sty+bert,2,0,0.004714938383866638,True
3828,3828,1921,1,sty+bert,2,1,0.9981475997007694,True
3829,3829,1922,0,sty+bert,2,0,0.0005804617619159791,True
3830,3830,1922,1,sty+bert,2,1,0.9982743967875675,True
3831,3831,1923,0,sty+bert,2,0,0.00035337492699684094,True
3832,3832,1923,1,sty+bert,2,1,0.995168103846114,True
3833,3833,1924,0,sty+bert,2,0,0.02269483087514135,True
3834,3834,1924,1,sty+bert,2,1,0.9983746390790598,True
3835,3835,1925,0,sty+bert,2,0,0.011840065547014098,True
3836,3836,1925,1,sty+bert,2,1,0.9997888720832767,True
3837,3837,1926,0,sty+bert,2,0,9.481186537656522e-05,True
3838,3838,1926,1,sty+bert,2,0,0.4978879625760775,False
3839,3839,1927,0,sty+bert,2,0,0.011079451882760659,True
3840,3840,1927,1,sty+bert,2,1,0.9988839396444861,True
3841,3841,1928,0,sty+bert,2,0,0.0008599137238279028,True
3842,3842,1928,1,sty+bert,2,1,0.6505644505389933,True
3843,3843,1929,0,sty+bert,2,0,0.003986939748483188,True
3844,3844,1929,1,sty+bert,2,1,0.999866923730903,True
3845,3845,1930,0,sty+bert,2,0,0.000989269420104983,True
3846,3846,1930,1,sty+bert,2,1,0.9727024857064303,True
3847,3847,1931,0,sty+bert,2,0,8.629684137634567e-05,True
3848,3848,1931,1,sty+bert,2,1,0.9163769178907958,True
3849,3849,1932,0,sty+bert,2,0,0.03941730071172855,True
3850,3850,1932,1,sty+bert,2,1,0.9959630179482114,True
3851,3851,1933,0,sty+bert,2,0,0.00046248718214819847,True
3852,3852,1933,1,sty+bert,2,1,0.9869805733014224,True
3853,3853,1934,0,sty+bert,2,0,0.009554751941348045,True
3854,3854,1934,1,sty+bert,2,1,0.996835835333273,True
3855,3855,1935,0,sty+bert,2,0,0.12813191305341798,True
3856,3856,1935,1,sty+bert,2,1,0.999199801723385,True
3857,3857,1936,0,sty+bert,2,1,0.6785912694494334,False
3858,3858,1936,1,sty+bert,2,1,0.9998864240390003,True
3859,3859,1937,0,sty+bert,2,0,0.0342651057698127,True
3860,3860,1937,1,sty+bert,2,1,0.9781511451519351,True
3861,3861,1938,0,sty+bert,2,1,0.5294487678957995,False
3862,3862,1938,1,sty+bert,2,1,0.9925454580541622,True
3863,3863,1939,0,sty+bert,2,0,0.0010111356032050987,True
3864,3864,1939,1,sty+bert,2,0,0.2733519034040563,False
3865,3865,1940,0,sty+bert,2,1,0.9103382353039606,False
3866,3866,1940,1,sty+bert,2,1,0.9946528187382238,True
3867,3867,1941,0,sty+bert,2,0,0.25757725915880425,True
3868,3868,1941,1,sty+bert,2,1,0.9573024221782317,True
3869,3869,1942,0,sty+bert,2,0,0.0022273386680275605,True
3870,3870,1942,1,sty+bert,2,1,0.7353285852059305,True
3871,3871,1943,0,sty+bert,2,0,0.0001578363035446163,True
3872,3872,1943,1,sty+bert,2,1,0.9639823761873786,True
3873,3873,1944,0,sty+bert,2,0,0.00044631682371093587,True
3874,3874,1944,1,sty+bert,2,1,0.9978097583004606,True
3875,3875,1945,0,sty+bert,2,0,0.0023145101066682585,True
3876,3876,1945,1,sty+bert,2,1,0.9829117500621629,True
3877,3877,1946,0,sty+bert,2,0,0.00020769535038239964,True
3878,3878,1946,1,sty+bert,2,1,0.9991119574173242,True
3879,3879,1947,0,sty+bert,2,0,0.009266261221499232,True
3880,3880,1947,1,sty+bert,2,1,0.9992987259181654,True
3881,3881,1948,0,sty+bert,2,0,0.00020477473941551516,True
3882,3882,1948,1,sty+bert,2,1,0.993916201142751,True
3883,3883,1949,0,sty+bert,2,0,0.0006715975231893941,True
3884,3884,1949,1,sty+bert,2,1,0.9992927514192187,True
3885,3885,1950,0,sty+bert,2,0,0.00012247762146695408,True
3886,3886,1950,1,sty+bert,2,1,0.9986064824910014,True
3887,3887,1951,0,sty+bert,2,0,0.0021453762275966573,True
3888,3888,1951,1,sty+bert,2,1,0.9957697182591699,True
3889,3889,1952,0,sty+bert,2,0,0.0031743321298180562,True
3890,3890,1952,1,sty+bert,2,1,0.9877479024873204,True
3891,3891,1953,0,sty+bert,2,0,0.003261858272341083,True
3892,3892,1953,1,sty+bert,2,1,0.9860904748559198,True
3893,3893,1954,0,sty+bert,2,0,0.0005862690061501954,True
3894,3894,1954,1,sty+bert,2,1,0.9904403230927434,True
3895,3895,1955,0,sty+bert,2,0,0.0009983669713078177,True
3896,3896,1955,1,sty+bert,2,1,0.725657981006274,True
3897,3897,1956,0,sty+bert,2,0,0.01402056987236388,True
3898,3898,1956,1,sty+bert,2,1,0.9976831726633311,True
3899,3899,1957,0,sty+bert,2,0,0.0005531016933844192,True
3900,3900,1957,1,sty+bert,2,1,0.9544343956548373,True
3901,3901,1958,0,sty+bert,2,0,0.008651347517445946,True
3902,3902,1958,1,sty+bert,2,1,0.9926860757458773,True
3903,3903,1959,0,sty+bert,2,0,0.001831157027372424,True
3904,3904,1959,1,sty+bert,2,1,0.6425378882468339,True
3905,3905,1960,0,sty+bert,2,0,0.00046191622995761983,True
3906,3906,1960,1,sty+bert,2,1,0.9846367064934147,True
3907,3907,1961,0,sty+bert,2,0,0.0005994526129235533,True
3908,3908,1961,1,sty+bert,2,1,0.9993222717563083,True
3909,3909,1962,0,sty+bert,2,0,0.0025752878966013608,True
3910,3910,1962,1,sty+bert,2,1,0.9733591047597855,True
3911,3911,1963,0,sty+bert,2,0,0.000838462118483191,True
3912,3912,1963,1,sty+bert,2,1,0.9992364317872202,True
3913,3913,1964,0,sty+bert,2,0,0.0008319831341683638,True
3914,3914,1964,1,sty+bert,2,1,0.9987681563574088,True
3915,3915,1965,0,sty+bert,2,0,0.089833767918276,True
3916,3916,1965,1,sty+bert,2,1,0.9690149134900843,True
3917,3917,1966,0,sty+bert,2,0,0.0002241599089462168,True
3918,3918,1966,1,sty+bert,2,1,0.9997936544314107,True
3919,3919,1967,0,sty+bert,2,0,0.018249992498827333,True
3920,3920,1967,1,sty+bert,2,1,0.9980204278076857,True
3921,3921,1968,0,sty+bert,2,0,0.0002601125438513681,True
3922,3922,1968,1,sty+bert,2,1,0.9862067813414773,True
3923,3923,1969,0,sty+bert,2,0,0.00028533576613197655,True
3924,3924,1969,1,sty+bert,2,1,0.9982546005645203,True
3925,3925,1970,0,sty+bert,2,0,0.011456425506407759,True
3926,3926,1970,1,sty+bert,2,1,0.9915537849593566,True
3927,3927,1971,0,sty+bert,2,0,7.717461132604991e-05,True
3928,3928,1971,1,sty+bert,2,0,0.2817638641010711,False
3929,3929,1972,0,sty+bert,2,0,0.003267350181709285,True
3930,3930,1972,1,sty+bert,2,1,0.997405092287703,True
3931,3931,1973,0,sty+bert,2,0,0.0009898754099289047,True
3932,3932,1973,1,sty+bert,2,1,0.9965935514242834,True
3933,3933,1974,0,sty+bert,2,0,0.00046479834656424593,True
3934,3934,1974,1,sty+bert,2,1,0.8221437591376554,True
3935,3935,1975,0,sty+bert,2,0,0.000780135291304679,True
3936,3936,1975,1,sty+bert,2,1,0.918283787159201,True
3937,3937,1976,0,sty+bert,2,0,0.00010599114222620284,True
3938,3938,1976,1,sty+bert,2,1,0.998275217488258,True
3939,3939,1977,0,sty+bert,2,0,0.00038152024205946583,True
3940,3940,1977,1,sty+bert,2,1,0.9924975479017364,True
3941,3941,1978,0,sty+bert,2,0,0.011827054813349301,True
3942,3942,1978,1,sty+bert,2,1,0.9944192336552152,True
3943,3943,1979,0,sty+bert,2,0,0.0004590091008191638,True
3944,3944,1979,1,sty+bert,2,1,0.9998546907415797,True
3945,3945,1980,0,sty+bert,2,1,0.5945119021822679,False
3946,3946,1980,1,sty+bert,2,1,0.9994230424510551,True
3947,3947,1981,0,sty+bert,2,0,0.007432367381942231,True
3948,3948,1981,1,sty+bert,2,1,0.9996416505951858,True
3949,3949,1982,0,sty+bert,2,0,0.026510471096241973,True
3950,3950,1982,1,sty+bert,2,1,0.9957581225461959,True
3951,3951,1983,0,sty+bert,2,0,0.00015776344604477967,True
3952,3952,1983,1,sty+bert,2,1,0.9983742410796854,True
3953,3953,1984,0,sty+bert,2,0,0.002191352766911711,True
3954,3954,1984,1,sty+bert,2,1,0.9790773269651589,True
3955,3955,1985,0,sty+bert,2,0,0.013362378054631571,True
3956,3956,1985,1,sty+bert,2,1,0.9974282728286799,True
3957,3957,1986,0,sty+bert,2,0,0.0005431901367884972,True
3958,3958,1986,1,sty+bert,2,1,0.9865698930305841,True
3959,3959,1987,0,sty+bert,2,0,0.0005978301057666752,True
3960,3960,1987,1,sty+bert,2,1,0.9860671865070153,True
3961,3961,1988,0,sty+bert,2,0,0.0006679658876928315,True
3962,3962,1988,1,sty+bert,2,1,0.9957720417052935,True
3963,3963,1989,0,sty+bert,2,0,0.04960912361204796,True
3964,3964,1989,1,sty+bert,2,1,0.9989436294144364,True
3965,3965,1990,0,sty+bert,2,0,0.060755795767494555,True
3966,3966,1990,1,sty+bert,2,1,0.9816552740528296,True
3967,3967,1991,0,sty+bert,2,0,0.009857325020619045,True
3968,3968,1991,1,sty+bert,2,1,0.9979087917931977,True
3969,3969,1992,0,sty+bert,2,0,0.04201270029547779,True
3970,3970,1992,1,sty+bert,2,1,0.9957906545633587,True
3971,3971,1993,0,sty+bert,2,0,0.00038847514222089505,True
3972,3972,1993,1,sty+bert,2,1,0.9114683618154326,True
3973,3973,1994,0,sty+bert,2,0,0.0002436425391878883,True
3974,3974,1994,1,sty+bert,2,0,0.30959219340240723,False
3975,3975,1995,0,sty+bert,2,0,0.005871181882863031,True
3976,3976,1995,1,sty+bert,2,1,0.9324121006613335,True
3977,3977,1996,0,sty+bert,2,0,0.001571898188864756,True
3978,3978,1996,1,sty+bert,2,1,0.9995295730473209,True
3979,3979,1997,0,sty+bert,2,0,0.004574169482566501,True
3980,3980,1997,1,sty+bert,2,1,0.998705562037349,True
3981,3981,1998,0,sty+bert,2,0,0.0014912625513602358,True
3982,3982,1998,1,sty+bert,2,1,0.9968535773854207,True
3983,3983,1999,0,sty+bert,2,0,0.0007925860037142097,True
3984,3984,1999,1,sty+bert,2,1,0.9990001561905825,True
3985,3985,2000,0,sty+bert,2,0,0.001361308281033781,True
3986,3986,2000,1,sty+bert,2,1,0.999465339136387,True
3987,3987,2001,0,sty+bert,2,0,0.3476137375470452,True
3988,3988,2001,1,sty+bert,2,0,0.4673301139164856,False
3989,3989,2002,0,sty+bert,2,0,0.0014830588319490771,True
3990,3990,2002,1,sty+bert,2,1,0.9975358914055807,True
3991,3991,2003,0,sty+bert,2,0,0.015540099388397352,True
3992,3992,2003,1,sty+bert,2,1,0.9994843687602247,True
3993,3993,2004,0,sty+bert,2,0,0.0017340287936923435,True
3994,3994,2004,1,sty+bert,2,1,0.9981624277347317,True
3995,3995,2005,0,sty+bert,2,0,0.00014440409131036183,True
3996,3996,2005,1,sty+bert,2,1,0.9967505855716422,True
3997,3997,2006,0,sty+bert,2,0,0.015294316138331166,True
3998,3998,2006,1,sty+bert,2,1,0.998765599405084,True
3999,3999,2007,0,sty+bert,2,0,0.012800554353041086,True
4000,4000,2007,1,sty+bert,2,1,0.9946228327995649,True
4001,4001,2008,0,sty+bert,2,0,0.0002805625307688811,True
4002,4002,2008,1,sty+bert,2,1,0.9887916319148864,True
4003,4003,2009,0,sty+bert,2,0,0.003482817084084897,True
4004,4004,2009,1,sty+bert,2,1,0.9996958837003954,True
4005,4005,2010,0,sty+bert,2,0,0.008627096825904861,True
4006,4006,2010,1,sty+bert,2,1,0.9985393815969876,True
4007,4007,2011,0,sty+bert,2,0,0.0008598884941764452,True
4008,4008,2011,1,sty+bert,2,1,0.9479187498085189,True
4009,4009,2012,0,sty+bert,2,0,0.2127232015983101,True
4010,4010,2012,1,sty+bert,2,1,0.9993888654491099,True
4011,4011,2013,0,sty+bert,2,0,0.0003853102027819569,True
4012,4012,2013,1,sty+bert,2,1,0.9956566082374931,True
4013,4013,2014,0,sty+bert,2,0,0.0028570728920757574,True
4014,4014,2014,1,sty+bert,2,1,0.9998630818313905,True
4015,4015,2015,0,sty+bert,2,0,0.06221475328776527,True
4016,4016,2015,1,sty+bert,2,1,0.997045226478965,True
4017,4017,2016,0,sty+bert,2,0,0.0005537711310693068,True
4018,4018,2016,1,sty+bert,2,0,0.32382195209577236,False
4019,4019,2017,0,sty+bert,2,0,0.004857971636612404,True
4020,4020,2017,1,sty+bert,2,1,0.9844373895773576,True
4021,4021,2018,0,sty+bert,2,0,0.004204569030555833,True
4022,4022,2018,1,sty+bert,2,1,0.9574498198182411,True
4023,4023,2019,0,sty+bert,2,0,0.0017891999843996456,True
4024,4024,2019,1,sty+bert,2,1,0.9873570701619839,True
4025,4025,2020,0,sty+bert,2,0,0.010478795671556303,True
4026,4026,2020,1,sty+bert,2,1,0.97425356518615,True
4027,4027,2021,0,sty+bert,2,0,0.01374524726673142,True
4028,4028,2021,1,sty+bert,2,1,0.6447966764905583,True
4029,4029,2022,0,sty+bert,2,0,0.00047289850848898076,True
4030,4030,2022,1,sty+bert,2,1,0.9998645376246447,True
4031,4031,2023,0,sty+bert,2,0,0.005510159172882196,True
4032,4032,2023,1,sty+bert,2,1,0.9985834334505014,True
4033,4033,2024,0,sty+bert,2,0,0.002199374630106213,True
4034,4034,2024,1,sty+bert,2,1,0.9998562568904698,True
4035,4035,2025,0,sty+bert,2,0,0.035056203062449075,True
4036,4036,2025,1,sty+bert,2,1,0.7826681060729721,True
4037,4037,2026,0,sty+bert,2,0,0.06068563616295885,True
4038,4038,2026,1,sty+bert,2,1,0.9727233418716859,True
4039,4039,2027,0,sty+bert,2,0,0.0035798108128782314,True
4040,4040,2027,1,sty+bert,2,1,0.9997187853685479,True
4041,4041,2028,0,sty+bert,2,0,0.0016082352302973276,True
4042,4042,2028,1,sty+bert,2,1,0.9999122738163517,True
4043,4043,2029,0,sty+bert,2,0,0.0003347560808919966,True
4044,4044,2029,1,sty+bert,2,1,0.9905769019262242,True
4045,4045,2030,0,sty+bert,2,0,0.12707695785396758,True
4046,4046,2030,1,sty+bert,2,1,0.9379979722446806,True
4047,4047,2031,0,sty+bert,2,0,0.0027171411594079623,True
4048,4048,2031,1,sty+bert,2,1,0.999812985075072,True
4049,4049,2032,0,sty+bert,2,0,6.784121759419248e-05,True
4050,4050,2032,1,sty+bert,2,1,0.9580269822898397,True
4051,4051,2033,0,sty+bert,2,0,0.005577167894495358,True
4052,4052,2033,1,sty+bert,2,1,0.9997628865983961,True
4053,4053,2034,0,sty+bert,2,0,0.002264546094997308,True
4054,4054,2034,1,sty+bert,2,1,0.9953106917074462,True
4055,4055,2035,0,sty+bert,2,0,0.0015161454587736833,True
4056,4056,2035,1,sty+bert,2,1,0.9989780040108819,True
4057,4057,2036,0,sty+bert,2,0,0.0703994451325719,True
4058,4058,2036,1,sty+bert,2,1,0.9993049945420339,True
4059,4059,2037,0,sty+bert,2,0,0.008095943856802318,True
4060,4060,2037,1,sty+bert,2,1,0.9979596946279519,True
4061,4061,2038,0,sty+bert,2,1,0.5819634781590615,False
4062,4062,2038,1,sty+bert,2,1,0.9554199855735785,True
4063,4063,2039,0,sty+bert,2,0,0.00011378692749639697,True
4064,4064,2039,1,sty+bert,2,1,0.9908622725252527,True
4065,4065,2040,0,sty+bert,2,0,0.020934245594426394,True
4066,4066,2040,1,sty+bert,2,1,0.9999407526300212,True
4067,4067,2041,0,sty+bert,2,0,0.0007678343663755218,True
4068,4068,2041,1,sty+bert,2,1,0.979964209940858,True
4069,4069,2042,0,sty+bert,2,0,0.0002173516061699776,True
4070,4070,2042,1,sty+bert,2,1,0.9997507378658123,True
4071,4071,2043,0,sty+bert,2,1,0.7106963821743004,False
4072,4072,2043,1,sty+bert,2,1,0.999546081259774,True
4073,4073,2044,0,sty+bert,2,0,0.010014102931884586,True
4074,4074,2044,1,sty+bert,2,1,0.9090036900868519,True
4075,4075,2045,0,sty+bert,2,0,0.24328971454890913,True
4076,4076,2045,1,sty+bert,2,1,0.9975889551851742,True
4077,4077,2046,0,sty+bert,2,0,0.00047912817227349543,True
4078,4078,2046,1,sty+bert,2,1,0.9654662648131039,True
4079,4079,2047,0,sty+bert,2,0,0.0012498790249661875,True
4080,4080,2047,1,sty+bert,2,1,0.9998629913844238,True
4081,4081,2048,0,sty+bert,2,0,0.0028576147024664345,True
4082,4082,2048,1,sty+bert,2,1,0.9963043287708686,True
4083,4083,2049,0,sty+bert,2,0,0.0001553909623509357,True
4084,4084,2049,1,sty+bert,2,1,0.9962853788476526,True
4085,4085,2050,0,sty+bert,2,0,0.0020462897294172564,True
4086,4086,2050,1,sty+bert,2,1,0.994999907044079,True
4087,4087,2051,0,sty+bert,2,0,0.0022581878238071714,True
4088,4088,2051,1,sty+bert,2,1,0.9991199370616063,True
4089,4089,2052,0,sty+bert,2,0,0.0025977515542738743,True
4090,4090,2052,1,sty+bert,2,1,0.9886163888556071,True
4091,4091,2053,0,sty+bert,2,0,0.16885609789409023,True
4092,4092,2053,1,sty+bert,2,1,0.9947635697354497,True
4093,4093,2054,0,sty+bert,2,1,0.6841528010394818,False
4094,4094,2054,1,sty+bert,2,1,0.983919886656193,True
4095,4095,2055,0,sty+bert,2,0,0.0017025734626472074,True
4096,4096,2055,1,sty+bert,2,1,0.9991922849824985,True
4097,4097,2056,0,sty+bert,2,0,0.0019340996316110338,True
4098,4098,2056,1,sty+bert,2,1,0.9994496702868444,True
4099,4099,2057,0,sty+bert,2,0,0.014324305505725941,True
4100,4100,2057,1,sty+bert,2,1,0.9998616709116626,True
4101,4101,2058,0,sty+bert,2,0,0.001228968091135459,True
4102,4102,2058,1,sty+bert,2,1,0.9992336063837809,True
4103,4103,2059,0,sty+bert,2,0,0.001367230259487817,True
4104,4104,2059,1,sty+bert,2,1,0.8477363083707579,True
4105,4105,2060,0,sty+bert,2,0,0.0007527721099083959,True
4106,4106,2060,1,sty+bert,2,1,0.9968581550586385,True
4107,4107,2061,0,sty+bert,2,0,0.0126803613081117,True
4108,4108,2061,1,sty+bert,2,1,0.6442584453333534,True
4109,4109,2062,0,sty+bert,2,0,0.00291510135261029,True
4110,4110,2062,1,sty+bert,2,1,0.9994077155922835,True
4111,4111,2063,0,sty+bert,2,0,0.0005851066925633438,True
4112,4112,2063,1,sty+bert,2,1,0.9966081062317929,True
4113,4113,2064,0,sty+bert,2,0,0.0003756717537812276,True
4114,4114,2064,1,sty+bert,2,1,0.684046678194854,True
4115,4115,2065,0,sty+bert,2,1,0.8344670277973562,False
4116,4116,2065,1,sty+bert,2,1,0.9955285503068667,True
4117,4117,2066,0,sty+bert,2,0,0.0013423521904445195,True
4118,4118,2066,1,sty+bert,2,1,0.9841715370224657,True
4119,4119,2067,0,sty+bert,2,0,0.005528884205173346,True
4120,4120,2067,1,sty+bert,2,1,0.8673225610729561,True
4121,4121,2068,0,sty+bert,2,0,0.004977349473457273,True
4122,4122,2068,1,sty+bert,2,1,0.999352969362785,True
4123,4123,2069,0,sty+bert,2,0,0.24098251353565361,True
4124,4124,2069,1,sty+bert,2,1,0.9968450635695124,True
4125,4125,2070,0,sty+bert,2,0,0.04228627646048765,True
4126,4126,2070,1,sty+bert,2,1,0.9967180146444823,True
4127,4127,2071,0,sty+bert,2,0,0.10452161641037687,True
4128,4128,2071,1,sty+bert,2,1,0.9996164657544351,True
4129,4129,2072,0,sty+bert,2,0,0.0012089925921800714,True
4130,4130,2072,1,sty+bert,2,1,0.9468631666328593,True
4131,4131,2073,0,sty+bert,2,0,0.0009072295815442019,True
4132,4132,2073,1,sty+bert,2,1,0.970417177531287,True
4133,4133,2074,0,sty+bert,2,1,0.591441205618062,False
4134,4134,2074,1,sty+bert,2,1,0.9767277694737424,True
4135,4135,2075,0,sty+bert,2,0,0.0005034606375438543,True
4136,4136,2075,1,sty+bert,2,1,0.9940021296519208,True
4137,4137,2076,0,sty+bert,2,0,0.0014880400180780238,True
4138,4138,2076,1,sty+bert,2,1,0.9977744148845623,True
4139,4139,2077,0,sty+bert,2,0,0.0666213209180768,True
4140,4140,2077,1,sty+bert,2,1,0.9777540347603284,True
4141,4141,2078,0,sty+bert,2,0,0.0015054522075355918,True
4142,4142,2078,1,sty+bert,2,1,0.99769877696643,True
4143,4143,2079,0,sty+bert,2,0,0.004622897418601351,True
4144,4144,2079,1,sty+bert,2,1,0.9969856278387091,True
4145,4145,2080,0,sty+bert,2,0,0.0007850679734499612,True
4146,4146,2080,1,sty+bert,2,1,0.5862834952417686,True
4147,4147,2081,0,sty+bert,2,0,0.028000053295130323,True
4148,4148,2081,1,sty+bert,2,1,0.9869978595304768,True
4149,4149,2082,0,sty+bert,2,0,0.07231785871045032,True
4150,4150,2082,1,sty+bert,2,1,0.9589362180574713,True
4151,4151,2083,0,sty+bert,2,0,0.0008498739154670205,True
4152,4152,2083,1,sty+bert,2,1,0.9940335919347854,True
4153,4153,2084,0,sty+bert,2,0,0.0013064081276993626,True
4154,4154,2084,1,sty+bert,2,1,0.9980275491361215,True
4155,4155,2085,0,sty+bert,2,0,0.004703515483590371,True
4156,4156,2085,1,sty+bert,2,1,0.9980154986586178,True
4157,4157,2086,0,sty+bert,2,0,0.0014291606447178115,True
4158,4158,2086,1,sty+bert,2,1,0.9996944694717698,True
4159,4159,2087,0,sty+bert,2,0,0.020902324181189206,True
4160,4160,2087,1,sty+bert,2,1,0.777300622551588,True
4161,4161,2088,0,sty+bert,2,0,0.001631272968160688,True
4162,4162,2088,1,sty+bert,2,1,0.9996123194066975,True
4163,4163,2089,0,sty+bert,2,0,0.0008538675503543405,True
4164,4164,2089,1,sty+bert,2,1,0.9822426122142356,True
4165,4165,2090,0,sty+bert,2,0,0.0011385952314464007,True
4166,4166,2090,1,sty+bert,2,1,0.9642236097633472,True
4167,4167,2091,0,sty+bert,2,0,0.016118606013645145,True
4168,4168,2091,1,sty+bert,2,1,0.9975238510622076,True
4169,4169,2092,0,sty+bert,2,0,0.01261669967656281,True
4170,4170,2092,1,sty+bert,2,1,0.9825926179803613,True
4171,4171,2093,0,sty+bert,2,0,0.050250282488733165,True
4172,4172,2093,1,sty+bert,2,1,0.9998141100725143,True
4173,4173,2094,0,sty+bert,2,0,0.002089516607125666,True
4174,4174,2094,1,sty+bert,2,1,0.9999219091808289,True
4175,4175,2095,0,sty+bert,2,0,0.0008850911959808888,True
4176,4176,2095,1,sty+bert,2,1,0.9546098447991611,True
4177,4177,2096,0,sty+bert,2,0,0.0010559692591953337,True
4178,4178,2096,1,sty+bert,2,1,0.9993615482562648,True
4179,4179,2097,0,sty+bert,2,0,0.00034692617231888226,True
4180,4180,2097,1,sty+bert,2,1,0.9981379360406042,True
4181,4181,2098,0,sty+bert,2,0,0.0046587141949508745,True
4182,4182,2098,1,sty+bert,2,1,0.986912099069485,True
4183,4183,2099,0,sty+bert,2,0,0.0006346167262080136,True
4184,4184,2099,1,sty+bert,2,1,0.9911421695631704,True
4185,4185,2100,0,sty+bert,2,0,0.0009376336364912979,True
4186,4186,2100,1,sty+bert,2,1,0.9926986210534949,True
4187,4187,2101,0,sty+bert,2,0,0.0034263329269784274,True
4188,4188,2101,1,sty+bert,2,1,0.999409052265833,True
4189,4189,2102,0,sty+bert,2,0,0.004556976170363935,True
4190,4190,2102,1,sty+bert,2,1,0.8873631124438991,True
4191,4191,2103,0,sty+bert,2,0,0.0027991816456585206,True
4192,4192,2103,1,sty+bert,2,1,0.6826618001424489,True
4193,4193,2104,0,sty+bert,2,0,0.00027431328714709645,True
4194,4194,2104,1,sty+bert,2,1,0.9961249743936283,True
4195,4195,2105,0,sty+bert,2,0,0.0003321743764062063,True
4196,4196,2105,1,sty+bert,2,1,0.999282386689282,True
4197,4197,2106,0,sty+bert,2,0,0.0006207387856240504,True
4198,4198,2106,1,sty+bert,2,1,0.9728027916049001,True
4199,4199,2107,0,sty+bert,2,0,0.0005451446443452523,True
4200,4200,2107,1,sty+bert,2,0,0.2901544827031593,False
4201,4201,2108,0,sty+bert,2,0,0.00013705787878527756,True
4202,4202,2108,1,sty+bert,2,1,0.6629718483597671,True
4203,4203,2109,0,sty+bert,2,0,0.002345256066628314,True
4204,4204,2109,1,sty+bert,2,1,0.9807717769980095,True
4205,4205,2110,0,sty+bert,2,0,0.006565269571115188,True
4206,4206,2110,1,sty+bert,2,1,0.9928444427850498,True
4207,4207,2111,0,sty+bert,2,0,0.005937271506291489,True
4208,4208,2111,1,sty+bert,2,1,0.9956909127827082,True
4209,4209,2112,0,sty+bert,2,0,0.00018793887428392248,True
4210,4210,2112,1,sty+bert,2,1,0.998469076445728,True
4211,4211,2113,0,sty+bert,2,0,0.07650527827669958,True
4212,4212,2113,1,sty+bert,2,1,0.9893608200896841,True
4213,4213,2114,0,sty+bert,2,0,0.0013340054564009672,True
4214,4214,2114,1,sty+bert,2,0,0.18374551411238513,False
4215,4215,2115,0,sty+bert,2,0,0.00048394882817130274,True
4216,4216,2115,1,sty+bert,2,1,0.9985406249508744,True
4217,4217,2116,0,sty+bert,2,0,0.00035690756849322326,True
4218,4218,2116,1,sty+bert,2,1,0.9993441451494341,True
4219,4219,2117,0,sty+bert,2,0,0.001346482432400157,True
4220,4220,2117,1,sty+bert,2,1,0.9975316434079216,True
4221,4221,2118,0,sty+bert,2,0,0.000911994823887341,True
4222,4222,2118,1,sty+bert,2,1,0.9914679280473911,True
4223,4223,2119,0,sty+bert,2,1,0.8736309746261397,False
4224,4224,2119,1,sty+bert,2,1,0.9995662332653962,True
4225,4225,2120,0,sty+bert,2,0,0.0033335255991426534,True
4226,4226,2120,1,sty+bert,2,1,0.9984482128908025,True
4227,4227,2121,0,sty+bert,2,0,0.007626072160479659,True
4228,4228,2121,1,sty+bert,2,1,0.9996167579393547,True
4229,4229,2122,0,sty+bert,2,0,0.013728378294817377,True
4230,4230,2122,1,sty+bert,2,1,0.9988725721119516,True
4231,4231,2123,0,sty+bert,2,0,0.0013995325666036475,True
4232,4232,2123,1,sty+bert,2,1,0.960960879710582,True
4233,4233,2124,0,sty+bert,2,0,0.2631789095858274,True
4234,4234,2124,1,sty+bert,2,1,0.9986022678449039,True
4235,4235,2125,0,sty+bert,2,0,0.00728693695804861,True
4236,4236,2125,1,sty+bert,2,1,0.9894308453422097,True
4237,4237,2126,0,sty+bert,2,0,0.005231822223463741,True
4238,4238,2126,1,sty+bert,2,1,0.9987379622488538,True
4239,4239,2127,0,sty+bert,2,0,0.025660127336551864,True
4240,4240,2127,1,sty+bert,2,1,0.9200964768873773,True
4241,4241,2128,0,sty+bert,2,1,0.858805522267704,False
4242,4242,2128,1,sty+bert,2,1,0.9027570241825483,True
4243,4243,2129,0,sty+bert,2,0,0.0022054551682706147,True
4244,4244,2129,1,sty+bert,2,1,0.9314687160630462,True
4245,4245,2130,0,sty+bert,2,0,0.001165298879766227,True
4246,4246,2130,1,sty+bert,2,1,0.9950800517256515,True
4247,4247,2131,0,sty+bert,2,0,0.11162895875557946,True
4248,4248,2131,1,sty+bert,2,1,0.9594919931899334,True
4249,4249,2132,0,sty+bert,2,0,0.00012361358708516025,True
4250,4250,2132,1,sty+bert,2,1,0.9997433870712498,True
4251,4251,2133,0,sty+bert,2,0,0.010309352878678879,True
4252,4252,2133,1,sty+bert,2,1,0.9976144380636841,True
4253,4253,2134,0,sty+bert,2,0,0.00021580946069033123,True
4254,4254,2134,1,sty+bert,2,1,0.9946507282676376,True
4255,4255,2135,0,sty+bert,2,0,0.001364689743077366,True
4256,4256,2135,1,sty+bert,2,1,0.9994482346381187,True
4257,4257,2136,0,sty+bert,2,0,0.16680587759746274,True
4258,4258,2136,1,sty+bert,2,1,0.9998696531802413,True
4259,4259,2137,0,sty+bert,2,0,0.0020231934845747965,True
4260,4260,2137,1,sty+bert,2,1,0.9968510747555165,True
4261,4261,2138,0,sty+bert,2,0,0.08389145486797019,True
4262,4262,2138,1,sty+bert,2,1,0.9655032313869927,True
4263,4263,2139,0,sty+bert,2,0,0.3077977902851488,True
4264,4264,2139,1,sty+bert,2,1,0.9998386713821913,True
4265,4265,2140,0,sty+bert,2,0,0.001267625166371175,True
4266,4266,2140,1,sty+bert,2,1,0.9992250234902125,True
4267,4267,2141,0,sty+bert,2,0,7.796989984103209e-05,True
4268,4268,2141,1,sty+bert,2,1,0.9990843051969042,True
4269,4269,2142,0,sty+bert,2,1,0.9048241769549574,False
4270,4270,2142,1,sty+bert,2,1,0.9987903581640222,True
4271,4271,2143,0,sty+bert,2,0,0.03434777877631247,True
4272,4272,2143,1,sty+bert,2,1,0.9956552438675506,True
4273,4273,2144,0,sty+bert,2,0,0.0009073347971409363,True
4274,4274,2144,1,sty+bert,2,1,0.9979668332268385,True
4275,4275,2145,0,sty+bert,2,0,0.00031798733388030555,True
4276,4276,2145,1,sty+bert,2,1,0.9983827716090972,True
4277,4277,2146,0,sty+bert,2,1,0.875503642849653,False
4278,4278,2146,1,sty+bert,2,1,0.999432486578033,True
4279,4279,2147,0,sty+bert,2,0,0.0018934208515557914,True
4280,4280,2147,1,sty+bert,2,1,0.9998588139270297,True
4281,4281,2148,0,sty+bert,2,0,0.02201987578746324,True
4282,4282,2148,1,sty+bert,2,1,0.982508823899716,True
4283,4283,2149,0,sty+bert,2,0,0.042427696244653965,True
4284,4284,2149,1,sty+bert,2,1,0.9979984694849157,True
4285,4285,2150,0,sty+bert,2,0,0.00033875153145129566,True
4286,4286,2150,1,sty+bert,2,1,0.9988142665193642,True
4287,4287,2151,0,sty+bert,2,0,0.10404548239070427,True
4288,4288,2151,1,sty+bert,2,1,0.9950182700897446,True
4289,4289,2152,0,sty+bert,2,0,0.00026338172799436784,True
4290,4290,2152,1,sty+bert,2,1,0.9299281967288796,True
4291,4291,2153,0,sty+bert,2,1,0.5921640273597532,False
4292,4292,2153,1,sty+bert,2,1,0.9992375784210333,True
4293,4293,2154,0,sty+bert,2,0,0.004203288545544874,True
4294,4294,2154,1,sty+bert,2,1,0.9997801795415535,True
4295,4295,2155,0,sty+bert,2,0,0.14133867245611403,True
4296,4296,2155,1,sty+bert,2,1,0.9948137833785456,True
4297,4297,2156,0,sty+bert,2,0,0.011321538875867726,True
4298,4298,2156,1,sty+bert,2,1,0.5665978025254303,True
4299,4299,2157,0,sty+bert,2,0,0.03636324670338856,True
4300,4300,2157,1,sty+bert,2,1,0.9986312495639854,True
4301,4301,2158,0,sty+bert,2,0,0.0016186949116319752,True
4302,4302,2158,1,sty+bert,2,1,0.9979569867463959,True
4303,4303,2159,0,sty+bert,2,0,4.3396167699740334e-05,True
4304,4304,2159,1,sty+bert,2,1,0.999615613097396,True
4305,4305,2160,0,sty+bert,2,0,0.009236194283699931,True
4306,4306,2160,1,sty+bert,2,1,0.9992554655997455,True
4307,4307,2161,0,sty+bert,2,0,0.002843443828398061,True
4308,4308,2161,1,sty+bert,2,1,0.9998340153097085,True
4309,4309,2162,0,sty+bert,2,0,0.198110249516236,True
4310,4310,2162,1,sty+bert,2,1,0.9985444753724121,True
4311,4311,2163,0,sty+bert,2,0,0.0014634675643581962,True
4312,4312,2163,1,sty+bert,2,1,0.9995972146268336,True
4313,4313,2164,0,sty+bert,2,0,0.0011463193068512953,True
4314,4314,2164,1,sty+bert,2,1,0.804145989805374,True
4315,4315,2165,0,sty+bert,2,0,0.010125785537202267,True
4316,4316,2165,1,sty+bert,2,1,0.9990258702081377,True
4317,4317,2166,0,sty+bert,2,0,0.00046159362164259054,True
4318,4318,2166,1,sty+bert,2,1,0.9994060307775778,True
4319,4319,2167,0,sty+bert,2,1,0.5799251890592112,False
4320,4320,2167,1,sty+bert,2,1,0.9997830404275093,True
4321,4321,2168,0,sty+bert,2,0,0.062421329436408296,True
4322,4322,2168,1,sty+bert,2,1,0.9928345036417188,True
4323,4323,2169,0,sty+bert,2,0,0.0001923405613908033,True
4324,4324,2169,1,sty+bert,2,1,0.9993559847482334,True
4325,4325,2170,0,sty+bert,2,0,0.000926987891829616,True
4326,4326,2170,1,sty+bert,2,1,0.9995573515770876,True
4327,4327,2171,0,sty+bert,2,0,0.06611716385720827,True
4328,4328,2171,1,sty+bert,2,1,0.9993236682822866,True
4329,4329,2172,0,sty+bert,2,0,0.0014018148442415728,True
4330,4330,2172,1,sty+bert,2,1,0.9957597150910144,True
4331,4331,2173,0,sty+bert,2,0,0.001094318778044602,True
4332,4332,2173,1,sty+bert,2,1,0.9905853866943355,True
4333,4333,2174,0,sty+bert,2,0,0.3476507266637722,True
4334,4334,2174,1,sty+bert,2,1,0.9997076636167395,True
4335,4335,2175,0,sty+bert,2,0,0.0023879116956168553,True
4336,4336,2175,1,sty+bert,2,1,0.9916462066890864,True
4337,4337,2176,0,sty+bert,2,0,0.003504217507298777,True
4338,4338,2176,1,sty+bert,2,1,0.9984918753930841,True
4339,4339,2177,0,sty+bert,2,0,0.014029544820714453,True
4340,4340,2177,1,sty+bert,2,1,0.8059053583062452,True
4341,4341,2178,0,sty+bert,2,0,0.014114656662101953,True
4342,4342,2178,1,sty+bert,2,1,0.9984437968936374,True
4343,4343,2179,0,sty+bert,2,0,0.04359940874350363,True
4344,4344,2179,1,sty+bert,2,1,0.9995123507554247,True
4345,4345,2180,0,sty+bert,2,0,0.04729064303590707,True
4346,4346,2180,1,sty+bert,2,1,0.9892434581432858,True
4347,4347,2181,0,sty+bert,2,1,0.531416198660351,False
4348,4348,2181,1,sty+bert,2,1,0.9834893517583843,True
4349,4349,2182,0,sty+bert,2,1,0.7718245456023621,False
4350,4350,2182,1,sty+bert,2,1,0.8710772408189642,True
4351,4351,2183,0,sty+bert,2,1,0.6262109026726492,False
4352,4352,2183,1,sty+bert,2,1,0.9994447590439568,True
4353,4353,2184,0,sty+bert,2,0,0.0014923101543703073,True
4354,4354,2184,1,sty+bert,2,1,0.999178922179143,True
4355,4355,2185,0,sty+bert,2,0,0.0005918894613120964,True
4356,4356,2185,1,sty+bert,2,1,0.9976706822417082,True
4357,4357,2186,0,sty+bert,2,0,0.00016298704444865463,True
4358,4358,2186,1,sty+bert,2,1,0.9007562268150063,True
4359,4359,2187,0,sty+bert,2,0,0.001384429500561325,True
4360,4360,2187,1,sty+bert,2,1,0.998461943238668,True
4361,4361,2188,0,sty+bert,2,0,0.022471344314747302,True
4362,4362,2188,1,sty+bert,2,1,0.8410207836389872,True
4363,4363,2189,0,sty+bert,2,0,0.004114900608815076,True
4364,4364,2189,1,sty+bert,2,1,0.984549899266623,True
4365,4365,2190,0,sty+bert,2,0,0.0012693901559159401,True
4366,4366,2190,1,sty+bert,2,1,0.644557368427847,True
4367,4367,2191,0,sty+bert,2,0,0.0017559928950437263,True
4368,4368,2191,1,sty+bert,2,1,0.997526793821103,True
4369,4369,2192,0,sty+bert,2,0,0.22658708079097337,True
4370,4370,2192,1,sty+bert,2,1,0.9970728414671687,True
4371,4371,2193,0,sty+bert,2,0,0.030349987550144925,True
4372,4372,2193,1,sty+bert,2,1,0.9989125925403373,True
4373,4373,2194,1,sty+bert,2,1,0.8105533181381346,True
4374,4374,2195,0,sty+bert,2,0,0.005227553625899248,True
4375,4375,2195,1,sty+bert,2,1,0.9927655695304731,True
4376,4376,2196,0,sty+bert,2,0,0.004297540876305659,True
4377,4377,2196,1,sty+bert,2,1,0.991325789485751,True
4378,4378,2197,0,sty+bert,2,0,0.00018223676635795058,True
4379,4379,2197,1,sty+bert,2,1,0.9977197443152754,True
4380,4380,2198,0,sty+bert,2,0,0.006749222992258534,True
4381,4381,2198,1,sty+bert,2,1,0.9509855154399255,True
4382,4382,2199,0,sty+bert,2,0,0.06977969750519031,True
4383,4383,2199,1,sty+bert,2,1,0.9996805301404598,True
4384,4384,2200,0,sty+bert,2,0,0.017083796557260392,True
4385,4385,2200,1,sty+bert,2,1,0.9993827267841419,True
4386,4386,2201,0,sty+bert,2,0,0.0001338931950267949,True
4387,4387,2201,1,sty+bert,2,1,0.9998191419642922,True
4388,4388,2202,0,sty+bert,2,0,0.0004531279936925663,True
4389,4389,2202,1,sty+bert,2,1,0.9983008147223487,True
4390,4390,2203,0,sty+bert,2,0,0.0026324189664443335,True
4391,4391,2203,1,sty+bert,2,1,0.9939584913189795,True
4392,4392,2204,0,sty+bert,2,0,0.28969715824696923,True
4393,4393,2204,1,sty+bert,2,1,0.9964932907629783,True
4394,4394,2205,0,sty+bert,2,0,0.0031804627294593733,True
4395,4395,2205,1,sty+bert,2,1,0.9998270894853641,True
4396,4396,2206,0,sty+bert,2,0,0.0007706195185542366,True
4397,4397,2206,1,sty+bert,2,1,0.9956494261844678,True
4398,4398,2207,0,sty+bert,2,0,0.13921316920752613,True
4399,4399,2207,1,sty+bert,2,1,0.9540237751338865,True
4400,4400,2208,0,sty+bert,2,0,0.001292326883046797,True
4401,4401,2208,1,sty+bert,2,1,0.9993919698500334,True
4402,4402,2209,0,sty+bert,2,0,0.0006398112615265424,True
4403,4403,2209,1,sty+bert,2,1,0.8614792905681204,True
4404,4404,2210,0,sty+bert,2,0,0.005771043995178865,True
4405,4405,2210,1,sty+bert,2,1,0.9971997597087578,True
4406,4406,2211,0,sty+bert,2,0,0.000568570925739469,True
4407,4407,2211,1,sty+bert,2,1,0.9942855604342983,True
4408,4408,2212,0,sty+bert,2,0,0.03845938855775705,True
4409,4409,2212,1,sty+bert,2,1,0.8948097762465052,True
4410,4410,2213,0,sty+bert,2,0,0.0006745027506392595,True
4411,4411,2213,1,sty+bert,2,1,0.9981455111077308,True
4412,4412,2214,0,sty+bert,2,0,0.13779890695124705,True
4413,4413,2214,1,sty+bert,2,1,0.9994937969153285,True
4414,4414,2215,0,sty+bert,2,0,0.045749300157805706,True
4415,4415,2215,1,sty+bert,2,1,0.9977273757573999,True
4416,4416,2216,0,sty+bert,2,0,0.004438265392363905,True
4417,4417,2216,1,sty+bert,2,1,0.9992953349806836,True
4418,4418,2217,0,sty+bert,2,0,6.067280794509372e-05,True
4419,4419,2217,1,sty+bert,2,1,0.9994352229351613,True
4420,4420,2218,0,sty+bert,2,0,0.00098329974666624,True
4421,4421,2218,1,sty+bert,2,1,0.9944187373624066,True
4422,4422,2219,0,sty+bert,2,0,0.001126718908328512,True
4423,4423,2219,1,sty+bert,2,1,0.8646525065914579,True
4424,4424,2220,0,sty+bert,2,0,0.00691937009889322,True
4425,4425,2220,1,sty+bert,2,1,0.9955681413395006,True
4426,4426,2221,0,sty+bert,2,0,0.11813832059424045,True
4427,4427,2221,1,sty+bert,2,1,0.9449502419657501,True
4428,4428,2222,0,sty+bert,2,0,0.0019535561230263837,True
4429,4429,2222,1,sty+bert,2,1,0.9872685263701445,True
4430,4430,2223,0,sty+bert,2,0,0.003076670367458366,True
4431,4431,2223,1,sty+bert,2,1,0.9995264187340627,True
4432,4432,2224,0,sty+bert,2,0,0.014614207285809025,True
4433,4433,2224,1,sty+bert,2,1,0.9972859267778283,True
4434,4434,2225,0,sty+bert,2,0,0.09081015202404653,True
4435,4435,2225,1,sty+bert,2,1,0.9960432580664518,True
4436,4436,2226,0,sty+bert,2,1,0.6814640930587826,False
4437,4437,2226,1,sty+bert,2,1,0.999291092893422,True
4438,4438,2227,0,sty+bert,2,0,0.0006865679715561871,True
4439,4439,2227,1,sty+bert,2,1,0.9997216647689255,True
4440,4440,2228,0,sty+bert,2,0,0.0014870404726753344,True
4441,4441,2228,1,sty+bert,2,1,0.9991490708524109,True
4442,4442,2229,0,sty+bert,2,0,0.002029454496420626,True
4443,4443,2229,1,sty+bert,2,1,0.9996466369336101,True
4444,4444,2230,0,sty+bert,2,0,0.005330177265853598,True
4445,4445,2230,1,sty+bert,2,1,0.9938256286248728,True
4446,4446,2231,0,sty+bert,2,0,0.00878842197914781,True
4447,4447,2231,1,sty+bert,2,0,0.4470404548725422,False
4448,4448,2232,0,sty+bert,2,0,0.00017338853800943858,True
4449,4449,2232,1,sty+bert,2,0,0.0294595471286528,False
4450,4450,2233,0,sty+bert,2,1,0.5254555206596143,False
4451,4451,2233,1,sty+bert,2,0,0.26409089427372967,False
4452,4452,2234,0,sty+bert,2,0,0.006570539483338874,True
4453,4453,2234,1,sty+bert,2,1,0.9962097491037436,True
4454,4454,2235,0,sty+bert,2,0,0.06003169130051987,True
4455,4455,2235,1,sty+bert,2,1,0.9950882149542857,True
4456,4456,2236,0,sty+bert,2,0,0.3840738057985557,True
4457,4457,2236,1,sty+bert,2,1,0.9777766389726575,True
4458,4458,2237,0,sty+bert,2,0,0.0015745395570994276,True
4459,4459,2237,1,sty+bert,2,1,0.9942979964872194,True
4460,4460,2238,0,sty+bert,2,0,0.007272109339078366,True
4461,4461,2238,1,sty+bert,2,1,0.9982554342203869,True
4462,4462,2239,0,sty+bert,2,0,0.0007857615248361059,True
4463,4463,2239,1,sty+bert,2,1,0.9946620658556515,True
4464,4464,2240,0,sty+bert,2,0,0.00565944118832687,True
4465,4465,2240,1,sty+bert,2,1,0.9995459655752114,True
4466,4466,2241,0,sty+bert,2,0,0.0130106367255237,True
4467,4467,2241,1,sty+bert,2,1,0.9729642849784302,True
4468,4468,2242,0,sty+bert,2,0,0.02318107611955153,True
4469,4469,2242,1,sty+bert,2,1,0.8452096670158974,True
4470,4470,2243,0,sty+bert,2,0,0.0008116964682771926,True
4471,4471,2243,1,sty+bert,2,1,0.9498465933839088,True
4472,4472,2244,0,sty+bert,2,0,0.02347130641540469,True
4473,4473,2244,1,sty+bert,2,1,0.9968818002301024,True
4474,4474,2245,0,sty+bert,2,0,0.0018192751853745434,True
4475,4475,2245,1,sty+bert,2,1,0.9997792811949207,True
4476,4476,2246,0,sty+bert,2,0,0.03301852030942616,True
4477,4477,2246,1,sty+bert,2,1,0.9966823836556457,True
4478,4478,2247,0,sty+bert,2,0,0.00624123913043793,True
4479,4479,2247,1,sty+bert,2,1,0.9962545631766713,True
4480,4480,2248,0,sty+bert,2,0,0.0003688971778338336,True
4481,4481,2248,1,sty+bert,2,1,0.9690570603450389,True
4482,4482,2249,0,sty+bert,2,0,0.00711834759794956,True
4483,4483,2249,1,sty+bert,2,1,0.9987079932867865,True
4484,4484,2250,0,sty+bert,2,0,0.031217586373257212,True
4485,4485,2250,1,sty+bert,2,1,0.9989382574132941,True
4486,4486,2251,0,sty+bert,2,0,0.00042878475066602373,True
4487,4487,2251,1,sty+bert,2,1,0.999804993487141,True
4488,4488,2252,0,sty+bert,2,0,0.05356130053190045,True
4489,4489,2252,1,sty+bert,2,1,0.9994565498280201,True
4490,4490,2253,0,sty+bert,2,0,0.23191525130241428,True
4491,4491,2253,1,sty+bert,2,1,0.9986787296035033,True
4492,4492,2254,0,sty+bert,2,0,0.01363673638140832,True
4493,4493,2254,1,sty+bert,2,1,0.9992816677246125,True
4494,4494,2255,0,sty+bert,2,0,0.018855706714064346,True
4495,4495,2255,1,sty+bert,2,1,0.9970604944713348,True
4496,4496,2256,0,sty+bert,2,0,0.012871340750313593,True
4497,4497,2256,1,sty+bert,2,1,0.9975902439229122,True
4498,4498,2257,0,sty+bert,2,0,0.001292056517656123,True
4499,4499,2257,1,sty+bert,2,1,0.9867193746698143,True
4500,4500,2258,0,sty+bert,2,0,0.0009513402860029986,True
4501,4501,2258,1,sty+bert,2,1,0.9996848041363892,True
4502,4502,2259,0,sty+bert,2,0,0.03150817533399899,True
4503,4503,2259,1,sty+bert,2,1,0.9980165200391404,True
4504,4504,2260,0,sty+bert,2,0,0.0007012397213918073,True
4505,4505,2260,1,sty+bert,2,1,0.8869321676113583,True
4506,4506,2261,0,sty+bert,2,0,0.019123982254069884,True
4507,4507,2261,1,sty+bert,2,1,0.9984890937650475,True
4508,4508,2262,0,sty+bert,2,0,0.0025977678896225557,True
4509,4509,2262,1,sty+bert,2,1,0.9984661562265688,True
4510,4510,2263,0,sty+bert,2,0,0.0014731364859759577,True
4511,4511,2263,1,sty+bert,2,1,0.9978362864974522,True
4512,4512,2264,0,sty+bert,2,0,0.1272631983793178,True
4513,4513,2264,1,sty+bert,2,0,0.2497095863590646,False
4514,4514,2265,0,sty+bert,2,0,0.0002518470400749294,True
4515,4515,2265,1,sty+bert,2,1,0.9443635230274431,True
4516,4516,2266,0,sty+bert,2,0,0.006953459775465624,True
4517,4517,2266,1,sty+bert,2,1,0.9958555033393874,True
4518,4518,2267,0,sty+bert,2,0,0.2093456356614602,True
4519,4519,2267,1,sty+bert,2,1,0.9986851792264401,True
4520,4520,2268,0,sty+bert,2,0,0.17960528175689935,True
4521,4521,2268,1,sty+bert,2,1,0.9705156849802233,True
4522,4522,2269,0,sty+bert,2,0,0.001973042025525678,True
4523,4523,2269,1,sty+bert,2,1,0.9970323997912172,True
4524,4524,2270,0,sty+bert,2,0,0.0020286034253423654,True
4525,4525,2270,1,sty+bert,2,1,0.999317512903766,True
4526,4526,2271,0,sty+bert,2,0,0.00033612940664976774,True
4527,4527,2271,1,sty+bert,2,1,0.9989335802186025,True
4528,4528,2272,0,sty+bert,2,0,0.0014258396308545272,True
4529,4529,2272,1,sty+bert,2,1,0.9986117615179939,True
4530,4530,2273,0,sty+bert,2,0,0.00025191337137866647,True
4531,4531,2273,1,sty+bert,2,1,0.9998126535662891,True
4532,4532,2274,0,sty+bert,2,0,0.00077289802874708,True
4533,4533,2274,1,sty+bert,2,1,0.9947723244771204,True
4534,4534,2275,0,sty+bert,2,0,0.030814089690533644,True
4535,4535,2275,1,sty+bert,2,1,0.9974779499694019,True
4536,4536,2276,0,sty+bert,2,0,0.01781903899373246,True
4537,4537,2276,1,sty+bert,2,1,0.8461426817085351,True
4538,4538,2277,0,sty+bert,2,0,0.0004046794077248117,True
4539,4539,2277,1,sty+bert,2,1,0.9931553793094727,True
4540,4540,2278,0,sty+bert,2,0,0.026995802618629466,True
4541,4541,2278,1,sty+bert,2,1,0.9986709934837569,True
4542,4542,2279,0,sty+bert,2,0,0.03619937588849236,True
4543,4543,2279,1,sty+bert,2,1,0.9938608511413384,True
4544,4544,2280,0,sty+bert,2,0,0.0005134694882777372,True
4545,4545,2280,1,sty+bert,2,1,0.9969553998035842,True
4546,4546,2281,0,sty+bert,2,0,0.0010594475519101526,True
4547,4547,2281,1,sty+bert,2,1,0.8927399692036004,True
4548,4548,2282,0,sty+bert,2,0,0.015057206897102337,True
4549,4549,2282,1,sty+bert,2,1,0.9997286533338056,True
4550,4550,2283,0,sty+bert,2,0,0.000787443609609862,True
4551,4551,2283,1,sty+bert,2,1,0.9995191596737043,True
4552,4552,2284,0,sty+bert,2,0,0.04389216456562955,True
4553,4553,2284,1,sty+bert,2,1,0.998125901512538,True
4554,4554,2285,0,sty+bert,2,1,0.6665915192309976,False
4555,4555,2285,1,sty+bert,2,1,0.9963649895764733,True
4556,4556,2286,0,sty+bert,2,0,0.0011531284555426904,True
4557,4557,2286,1,sty+bert,2,1,0.994621417438305,True
4558,4558,2287,0,sty+bert,2,0,0.007667526144097299,True
4559,4559,2287,1,sty+bert,2,1,0.9996129516399103,True
4560,4560,2288,0,sty+bert,2,0,0.010828914035641709,True
4561,4561,2288,1,sty+bert,2,1,0.9968832013785534,True
4562,4562,2289,0,sty+bert,2,0,0.010666491898190507,True
4563,4563,2289,1,sty+bert,2,1,0.9823330158078984,True
4564,4564,2290,0,sty+bert,2,1,0.8365045855761297,False
4565,4565,2290,1,sty+bert,2,1,0.9942924209530205,True
4566,4566,2291,0,sty+bert,2,0,0.0006297988185295681,True
4567,4567,2291,1,sty+bert,2,1,0.9985548991139581,True
4568,4568,2292,0,sty+bert,2,0,0.00037270083260133467,True
4569,4569,2292,1,sty+bert,2,1,0.9421918992592103,True
4570,4570,2293,0,sty+bert,2,0,0.0006414527128512682,True
4571,4571,2293,1,sty+bert,2,1,0.9976951747971815,True
4572,4572,2294,0,sty+bert,2,0,0.010531979843755628,True
4573,4573,2294,1,sty+bert,2,1,0.9714160917537364,True
4574,4574,2295,0,sty+bert,2,0,0.0003360564578625446,True
4575,4575,2295,1,sty+bert,2,1,0.9993014353251135,True
4576,4576,2296,0,sty+bert,2,0,0.3177354848143132,True
4577,4577,2296,1,sty+bert,2,1,0.998620945506429,True
4578,4578,2297,0,sty+bert,2,0,0.47698968744685666,True
4579,4579,2297,1,sty+bert,2,1,0.9983333694704387,True
4580,4580,2298,0,sty+bert,2,0,0.00032833849187273575,True
4581,4581,2298,1,sty+bert,2,1,0.9872227526398497,True
4582,4582,2299,0,sty+bert,2,0,0.028564457288634826,True
4583,4583,2299,1,sty+bert,2,1,0.9998501119013256,True
4584,4584,2300,0,sty+bert,2,0,0.024219100160125195,True
4585,4585,2300,1,sty+bert,2,1,0.9998332389087174,True
4586,4586,2301,0,sty+bert,2,0,0.00047771082265037296,True
4587,4587,2301,1,sty+bert,2,1,0.9974256535124907,True
4588,4588,2302,0,sty+bert,2,0,0.0003960512906209894,True
4589,4589,2302,1,sty+bert,2,1,0.9998601174184713,True
4590,4590,2303,0,sty+bert,2,0,0.015237727810649433,True
4591,4591,2303,1,sty+bert,2,1,0.9992338727477965,True
4592,4592,2304,0,sty+bert,2,0,0.04826236571385037,True
4593,4593,2304,1,sty+bert,2,1,0.9860385453929136,True
4594,4594,2305,0,sty+bert,2,0,0.005654251510239881,True
4595,4595,2305,1,sty+bert,2,1,0.9981084718088756,True
4596,4596,2306,0,sty+bert,2,0,0.005405524530912457,True
4597,4597,2306,1,sty+bert,2,1,0.9993804425097391,True
4598,4598,2307,0,sty+bert,2,0,0.0016133772402070052,True
4599,4599,2307,1,sty+bert,2,1,0.9747279792267476,True
4600,4600,2308,0,sty+bert,2,0,0.00040846226100147245,True
4601,4601,2308,1,sty+bert,2,1,0.9898712854030057,True
4602,4602,2309,0,sty+bert,2,0,0.10293785453557362,True
4603,4603,2309,1,sty+bert,2,1,0.996490310394477,True
4604,4604,2310,0,sty+bert,2,0,0.0021327500536736928,True
4605,4605,2310,1,sty+bert,2,1,0.9958088914498922,True
4606,4606,2311,0,sty+bert,2,0,0.003199414889526487,True
4607,4607,2311,1,sty+bert,2,1,0.9995589170176534,True
4608,4608,2312,0,sty+bert,2,0,0.00035085382195969343,True
4609,4609,2312,1,sty+bert,2,1,0.6606507475615907,True
4610,4610,2313,0,sty+bert,2,0,0.07845714027300212,True
4611,4611,2313,1,sty+bert,2,1,0.9976391043160481,True
4612,4612,2314,0,sty+bert,2,0,0.0004617454913632044,True
4613,4613,2314,1,sty+bert,2,1,0.9558923477951394,True
4614,4614,2315,0,sty+bert,2,0,0.007837335405261919,True
4615,4615,2315,1,sty+bert,2,1,0.9397690519611047,True
4616,4616,2316,0,sty+bert,2,0,0.16578593113641124,True
4617,4617,2316,1,sty+bert,2,1,0.999290868676442,True
4618,4618,2317,0,sty+bert,2,0,0.00010710412011440076,True
4619,4619,2317,1,sty+bert,2,1,0.9949645839547839,True
4620,4620,2318,0,sty+bert,2,0,0.056346575094159725,True
4621,4621,2318,1,sty+bert,2,1,0.9756457821907093,True
4622,4622,2319,0,sty+bert,2,0,0.00014366213885978082,True
4623,4623,2319,1,sty+bert,2,1,0.9971226138856965,True
4624,4624,2320,0,sty+bert,2,0,0.0035502705207886543,True
4625,4625,2320,1,sty+bert,2,1,0.6115887204076162,True
4626,4626,2321,0,sty+bert,2,0,0.4154330576947954,True
4627,4627,2321,1,sty+bert,2,1,0.9921019846634145,True
4628,4628,2322,0,sty+bert,2,0,0.0008983470049879309,True
4629,4629,2322,1,sty+bert,2,1,0.9959638114391605,True
4630,4630,2323,0,sty+bert,2,0,0.00016592411876596252,True
4631,4631,2323,1,sty+bert,2,1,0.9993860264508045,True
4632,4632,2324,0,sty+bert,2,0,9.006197006440207e-05,True
4633,4633,2324,1,sty+bert,2,1,0.9993329917138932,True
4634,4634,2325,0,sty+bert,2,0,0.0014998217769202266,True
4635,4635,2325,1,sty+bert,2,1,0.9998502175545065,True
4636,4636,2326,0,sty+bert,2,0,0.00023241116576513084,True
4637,4637,2326,1,sty+bert,2,1,0.9934530924850662,True
4638,4638,2327,0,sty+bert,2,0,0.0003476587107429794,True
4639,4639,2327,1,sty+bert,2,1,0.9612455936438601,True
4640,4640,2328,0,sty+bert,2,0,0.020178576458575858,True
4641,4641,2328,1,sty+bert,2,1,0.9991653167252292,True
4642,4642,2329,0,sty+bert,2,1,0.821725557046879,False
4643,4643,2329,1,sty+bert,2,1,0.9968091841324518,True
4644,4644,2330,0,sty+bert,2,0,0.004212523749183258,True
4645,4645,2330,1,sty+bert,2,1,0.9976767331359646,True
4646,4646,2331,0,sty+bert,2,0,0.005098562558308783,True
4647,4647,2331,1,sty+bert,2,1,0.9970766379278777,True
4648,4648,2332,0,sty+bert,2,0,0.0036816325101056984,True
4649,4649,2332,1,sty+bert,2,1,0.9806318644383814,True
4650,4650,2333,0,sty+bert,2,0,0.1341011237740496,True
4651,4651,2333,1,sty+bert,2,1,0.999504970528644,True
4652,4652,2334,0,sty+bert,2,0,0.10195003073062389,True
4653,4653,2334,1,sty+bert,2,1,0.9462890210970689,True
4654,4654,2335,0,sty+bert,2,0,0.0033162632719852033,True
4655,4655,2335,1,sty+bert,2,1,0.9997043411903039,True
4656,4656,2336,0,sty+bert,2,0,0.00039076671063278614,True
4657,4657,2336,1,sty+bert,2,1,0.9774864241091893,True
4658,4658,2337,0,sty+bert,2,0,0.001350019850238494,True
4659,4659,2337,1,sty+bert,2,1,0.9823337746826982,True
4660,4660,2338,0,sty+bert,2,0,0.002716631931717827,True
4661,4661,2338,1,sty+bert,2,1,0.9552559898441046,True
4662,4662,2339,0,sty+bert,2,0,0.01592900317630304,True
4663,4663,2339,1,sty+bert,2,1,0.9983874457739973,True
4664,4664,2340,0,sty+bert,2,0,0.00023983066706011435,True
4665,4665,2340,1,sty+bert,2,1,0.9873950099733002,True
4666,4666,2341,0,sty+bert,2,0,0.3088915168442158,True
4667,4667,2341,1,sty+bert,2,1,0.9932643259472095,True
4668,4668,2342,0,sty+bert,2,0,0.10014159702984227,True
4669,4669,2342,1,sty+bert,2,1,0.9829290992863339,True
4670,4670,2343,0,sty+bert,2,0,0.00037467753740040767,True
4671,4671,2343,1,sty+bert,2,1,0.9252551281053097,True
4672,4672,2344,0,sty+bert,2,0,0.004356041759884601,True
4673,4673,2344,1,sty+bert,2,1,0.9993385671266581,True
4674,4674,2345,0,sty+bert,2,0,0.0058825386707931,True
4675,4675,2345,1,sty+bert,2,1,0.998769649837695,True
4676,4676,2346,0,sty+bert,2,0,0.16122507368752706,True
4677,4677,2346,1,sty+bert,2,1,0.9994072907769632,True
4678,4678,2347,0,sty+bert,2,0,0.00018032146726302832,True
4679,4679,2347,1,sty+bert,2,1,0.9198319372571581,True
4680,4680,2348,0,sty+bert,2,0,0.0018883359212184315,True
4681,4681,2348,1,sty+bert,2,1,0.9703311795571467,True
4682,4682,2349,0,sty+bert,2,0,0.0038878039368758044,True
4683,4683,2349,1,sty+bert,2,1,0.9203259548857887,True
4684,4684,2350,0,sty+bert,2,0,0.008922491850810017,True
4685,4685,2350,1,sty+bert,2,1,0.9981113419635909,True
4686,4686,2351,0,sty+bert,2,0,0.3956398949275323,True
4687,4687,2351,1,sty+bert,2,1,0.9966761903092112,True
4688,4688,2352,0,sty+bert,2,0,0.012253249134645974,True
4689,4689,2352,1,sty+bert,2,0,0.10306739727728413,False
4690,4690,2353,0,sty+bert,2,0,0.0005594891706714813,True
4691,4691,2353,1,sty+bert,2,1,0.9981712125644299,True
4692,4692,2354,0,sty+bert,2,0,0.0001730705581090466,True
4693,4693,2354,1,sty+bert,2,1,0.9983662195102833,True
4694,4694,2355,0,sty+bert,2,0,0.000543151319959379,True
4695,4695,2355,1,sty+bert,2,1,0.996918475744717,True
4696,4696,2356,0,sty+bert,2,0,0.32607081742638666,True
4697,4697,2356,1,sty+bert,2,1,0.9986247609802138,True
4698,4698,2357,0,sty+bert,2,0,0.4829466745087094,True
4699,4699,2357,1,sty+bert,2,1,0.9971721904693152,True
4700,4700,2358,0,sty+bert,2,0,0.0018393432814183474,True
4701,4701,2358,1,sty+bert,2,1,0.9989421470917145,True
4702,4702,2359,0,sty+bert,2,0,0.0009595957271423456,True
4703,4703,2359,1,sty+bert,2,1,0.9983456526142035,True
4704,4704,2360,0,sty+bert,2,1,0.9136585965165288,False
4705,4705,2360,1,sty+bert,2,1,0.9946389935522698,True
4706,4706,2361,0,sty+bert,2,0,0.0062388471191054265,True
4707,4707,2361,1,sty+bert,2,1,0.882220299395075,True
4708,4708,2362,0,sty+bert,2,0,0.0026139900237151545,True
4709,4709,2362,1,sty+bert,2,1,0.9975597081603226,True
4710,4710,2363,0,sty+bert,2,0,0.2529858090119401,True
4711,4711,2363,1,sty+bert,2,1,0.995143121375751,True
4712,4712,2364,0,sty+bert,2,0,0.134926503424244,True
4713,4713,2364,1,sty+bert,2,1,0.9975589118645096,True
4714,4714,2365,0,sty+bert,2,0,0.4915748053505576,True
4715,4715,2365,1,sty+bert,2,1,0.9992253096389959,True
4716,4716,2366,0,sty+bert,2,0,0.0023828430356476315,True
4717,4717,2366,1,sty+bert,2,1,0.9731210105287671,True
4718,4718,2367,0,sty+bert,2,0,0.003926723907279995,True
4719,4719,2367,1,sty+bert,2,1,0.9898495873648241,True
4720,4720,2368,0,sty+bert,2,0,0.002396698462009955,True
4721,4721,2368,1,sty+bert,2,1,0.9998635408220338,True
4722,4722,2369,0,sty+bert,2,0,0.019870699188540192,True
4723,4723,2369,1,sty+bert,2,1,0.9787345564580593,True
4724,4724,2370,0,sty+bert,2,0,0.01163565220948808,True
4725,4725,2370,1,sty+bert,2,1,0.9827666991748295,True
4726,4726,2371,0,sty+bert,2,0,0.025732122562871596,True
4727,4727,2371,1,sty+bert,2,1,0.9972533657164134,True
4728,4728,2372,0,sty+bert,2,0,0.005819804786543723,True
4729,4729,2372,1,sty+bert,2,1,0.5021169900819564,True
4730,4730,2373,0,sty+bert,2,0,0.003368473964655632,True
4731,4731,2373,1,sty+bert,2,1,0.9961645672491479,True
4732,4732,2374,0,sty+bert,2,0,0.005521062064419419,True
4733,4733,2374,1,sty+bert,2,1,0.7166616391243875,True
4734,4734,2375,0,sty+bert,2,0,0.0008492856659966162,True
4735,4735,2375,1,sty+bert,2,1,0.9357696755866077,True
4736,4736,2376,0,sty+bert,2,1,0.902990429182623,False
4737,4737,2376,1,sty+bert,2,1,0.9997854633432589,True
4738,4738,2377,0,sty+bert,2,0,0.02795315680056124,True
4739,4739,2377,1,sty+bert,2,1,0.9994979307544538,True
4740,4740,2378,0,sty+bert,2,0,0.0029322406372647857,True
4741,4741,2378,1,sty+bert,2,1,0.937117339540624,True
4742,4742,2379,0,sty+bert,2,0,0.14076745616412778,True
4743,4743,2379,1,sty+bert,2,1,0.9996886875450214,True
4744,4744,2380,0,sty+bert,2,0,0.0014731487641764431,True
4745,4745,2380,1,sty+bert,2,1,0.9986641642500225,True
4746,4746,2381,0,sty+bert,2,0,0.0010503818007760513,True
4747,4747,2381,1,sty+bert,2,1,0.9500780499451968,True
4748,4748,2382,0,sty+bert,2,0,0.013085227268342029,True
4749,4749,2382,1,sty+bert,2,1,0.9959692780759531,True
4750,4750,2383,0,sty+bert,2,0,0.00020648948186919325,True
4751,4751,2383,1,sty+bert,2,1,0.9823078810899634,True
4752,4752,2384,0,sty+bert,2,0,0.00030062476594171076,True
4753,4753,2384,1,sty+bert,2,1,0.9971994189162243,True
4754,4754,2385,0,sty+bert,2,0,0.006226252574718994,True
4755,4755,2385,1,sty+bert,2,0,0.2510546865806498,False
4756,4756,2386,0,sty+bert,2,0,0.022772307991522082,True
4757,4757,2386,1,sty+bert,2,1,0.996530503071007,True
4758,4758,2387,0,sty+bert,2,0,0.00028751558704868306,True
4759,4759,2387,1,sty+bert,2,1,0.999896194232576,True
4760,4760,2388,0,sty+bert,2,0,0.30173610169961596,True
4761,4761,2388,1,sty+bert,2,1,0.9835034808257627,True
4762,4762,2389,0,sty+bert,2,0,0.00675971127453779,True
4763,4763,2389,1,sty+bert,2,1,0.9550271442910944,True
4764,4764,2390,0,sty+bert,2,0,0.004263965609196628,True
4765,4765,2390,1,sty+bert,2,1,0.9890015059486781,True
4766,4766,2391,0,sty+bert,2,0,0.21016915219557405,True
4767,4767,2391,1,sty+bert,2,1,0.9930297261511416,True
4768,4768,2392,0,sty+bert,2,0,0.0006026648160025917,True
4769,4769,2392,1,sty+bert,2,1,0.749964109164027,True
4770,4770,2393,0,sty+bert,2,0,0.0019398597043720671,True
4771,4771,2393,1,sty+bert,2,1,0.9971255023339406,True
4772,4772,2394,0,sty+bert,2,0,0.0005799033069939842,True
4773,4773,2394,1,sty+bert,2,1,0.9922668614664595,True
4774,4774,2395,0,sty+bert,2,0,0.189044823581567,True
4775,4775,2395,1,sty+bert,2,0,0.22153295795733022,False
4776,4776,2396,0,sty+bert,2,0,0.08142233204911994,True
4777,4777,2396,1,sty+bert,2,1,0.9991666940746908,True
4778,4778,2397,0,sty+bert,2,0,0.003182237394214737,True
4779,4779,2397,1,sty+bert,2,1,0.9369879102750934,True
4780,4780,2398,0,sty+bert,2,0,0.0022960532965144065,True
4781,4781,2398,1,sty+bert,2,1,0.9990489002532744,True
4782,4782,2399,0,sty+bert,2,0,0.0423394034173212,True
4783,4783,2399,1,sty+bert,2,1,0.9966533306825188,True
4784,4784,2400,0,sty+bert,2,0,0.0014101110743633147,True
4785,4785,2400,1,sty+bert,2,1,0.9906020085115216,True
4786,4786,2401,0,sty+bert,2,0,0.0037260830046540725,True
4787,4787,2401,1,sty+bert,2,1,0.9902993422191623,True
4788,4788,2402,0,sty+bert,2,0,0.0033845821086017575,True
4789,4789,2402,1,sty+bert,2,1,0.998870564448174,True
4790,4790,2403,0,sty+bert,2,0,0.0012730878191183083,True
4791,4791,2403,1,sty+bert,2,1,0.9996388404453849,True
4792,4792,2404,0,sty+bert,2,0,0.23000108848635292,True
4793,4793,2404,1,sty+bert,2,1,0.9940089211280816,True
4794,4794,2405,0,sty+bert,2,0,0.0019374103544855664,True
4795,4795,2405,1,sty+bert,2,1,0.9844650226750212,True
4796,4796,2406,0,sty+bert,2,0,0.003961487826682596,True
4797,4797,2406,1,sty+bert,2,1,0.7458510615181819,True
4798,4798,2407,0,sty+bert,2,0,0.01527083812148927,True
4799,4799,2407,1,sty+bert,2,1,0.9993038001347541,True
4800,4800,2408,0,sty+bert,2,0,0.011997725113950928,True
4801,4801,2408,1,sty+bert,2,1,0.992765998418748,True
4802,4802,2409,0,sty+bert,2,0,0.060191732474608094,True
4803,4803,2409,1,sty+bert,2,1,0.9822930301394409,True
4804,4804,2410,0,sty+bert,2,0,0.0906952739204592,True
4805,4805,2410,1,sty+bert,2,1,0.996606194222922,True
4806,4806,2411,0,sty+bert,2,0,0.03245290194207269,True
4807,4807,2411,1,sty+bert,2,1,0.9983646344837621,True
4808,4808,2412,0,sty+bert,2,0,0.00041563055366384584,True
4809,4809,2412,1,sty+bert,2,1,0.9573214509201997,True
4810,4810,2413,0,sty+bert,2,0,0.000905542063765735,True
4811,4811,2413,1,sty+bert,2,1,0.977850429507611,True
4812,4812,2414,0,sty+bert,2,0,0.0007552503298607152,True
4813,4813,2414,1,sty+bert,2,1,0.9977096683871888,True
4814,4814,2415,0,sty+bert,2,0,0.00022350332718498001,True
4815,4815,2415,1,sty+bert,2,1,0.9793860872028695,True
4816,4816,2416,0,sty+bert,2,0,0.07324139039424424,True
4817,4817,2416,1,sty+bert,2,1,0.913744415590476,True
4818,4818,2417,0,sty+bert,2,0,0.00016969426757876903,True
4819,4819,2417,1,sty+bert,2,1,0.9919023081885261,True
4820,4820,2418,0,sty+bert,2,0,0.0009452420371835447,True
4821,4821,2418,1,sty+bert,2,1,0.9969901098706765,True
4822,4822,2419,0,sty+bert,2,0,0.0003867817129587983,True
4823,4823,2419,1,sty+bert,2,1,0.9353284994383186,True
4824,4824,2420,0,sty+bert,2,0,0.0009616186733189723,True
4825,4825,2420,1,sty+bert,2,1,0.9379740520735873,True
4826,4826,2421,0,sty+bert,2,0,0.054354501827957626,True
4827,4827,2421,1,sty+bert,2,1,0.568108843511357,True
4828,4828,2422,0,sty+bert,2,0,0.007922256774642129,True
4829,4829,2422,1,sty+bert,2,1,0.9997087210842394,True
4830,4830,2423,0,sty+bert,2,0,0.00892995523787498,True
4831,4831,2423,1,sty+bert,2,1,0.9998392069595563,True
4832,4832,2424,0,sty+bert,2,0,0.0013165505391359053,True
4833,4833,2424,1,sty+bert,2,1,0.996949024737077,True
4834,4834,2425,0,sty+bert,2,0,0.0016764613180554548,True
4835,4835,2425,1,sty+bert,2,1,0.9980566777613229,True
4836,4836,2426,0,sty+bert,2,0,0.005650720911363495,True
4837,4837,2426,1,sty+bert,2,1,0.9513670431995641,True
4838,4838,2427,1,sty+bert,2,1,0.9989266249080371,True
4839,4839,2428,0,sty+bert,2,0,0.021508309189418567,True
4840,4840,2428,1,sty+bert,2,1,0.999285154263979,True
4841,4841,2429,0,sty+bert,2,0,0.0005798239396288157,True
4842,4842,2429,1,sty+bert,2,1,0.9995654757055128,True
4843,4843,2430,0,sty+bert,2,0,0.0960850708907865,True
4844,4844,2430,1,sty+bert,2,1,0.9985045710036766,True
4845,4845,2431,0,sty+bert,2,0,0.05653698575690682,True
4846,4846,2431,1,sty+bert,2,1,0.69745673868624,True
4847,4847,2432,0,sty+bert,2,0,0.3738224360012503,True
4848,4848,2432,1,sty+bert,2,1,0.9920281987722487,True
4849,4849,2433,0,sty+bert,2,0,0.21589924986335282,True
4850,4850,2433,1,sty+bert,2,1,0.9741888822116915,True
4851,4851,2434,0,sty+bert,2,0,9.431387210872798e-05,True
4852,4852,2434,1,sty+bert,2,1,0.9981448614108681,True
4853,4853,2435,0,sty+bert,2,0,0.00012884106098515612,True
4854,4854,2435,1,sty+bert,2,1,0.9982766092407099,True
4855,4855,2436,0,sty+bert,2,0,0.001885588149792443,True
4856,4856,2436,1,sty+bert,2,1,0.997935447480508,True
4857,4857,2437,0,sty+bert,2,0,0.01289833207505323,True
4858,4858,2437,1,sty+bert,2,1,0.9998081343807997,True
4859,4859,2438,0,sty+bert,2,0,0.012391945405427977,True
4860,4860,2438,1,sty+bert,2,1,0.9988707951072147,True
4861,4861,2439,0,sty+bert,2,0,0.0021798698013730067,True
4862,4862,2439,1,sty+bert,2,1,0.9964457089660398,True
4863,4863,2440,0,sty+bert,2,0,0.0006779190128096258,True
4864,4864,2440,1,sty+bert,2,1,0.9893259667610975,True
4865,4865,2441,0,sty+bert,2,0,0.17123284115299786,True
4866,4866,2441,1,sty+bert,2,1,0.9979459721392459,True
4867,4867,2442,0,sty+bert,2,0,0.0006564091679946445,True
4868,4868,2442,1,sty+bert,2,1,0.9963118842002914,True
4869,4869,2443,0,sty+bert,2,0,0.0005615288874252555,True
4870,4870,2443,1,sty+bert,2,1,0.998795552767446,True
4871,4871,2444,0,sty+bert,2,0,0.00784639390325548,True
4872,4872,2444,1,sty+bert,2,1,0.9999366661769447,True
4873,4873,2445,0,sty+bert,2,0,0.10515133092943796,True
4874,4874,2445,1,sty+bert,2,1,0.9964538007168691,True
4875,4875,2446,0,sty+bert,2,0,0.001249598583980496,True
4876,4876,2446,1,sty+bert,2,1,0.999849764587307,True
4877,4877,2447,0,sty+bert,2,0,0.004043975963381006,True
4878,4878,2447,1,sty+bert,2,1,0.9987876414726758,True
4879,4879,2448,0,sty+bert,2,0,0.00011351734054335199,True
4880,4880,2448,1,sty+bert,2,1,0.9974415347252206,True
4881,4881,2449,0,sty+bert,2,0,0.00013174687481787254,True
4882,4882,2449,1,sty+bert,2,1,0.9728025961267789,True
4883,4883,2450,0,sty+bert,2,0,0.005220409186160534,True
4884,4884,2450,1,sty+bert,2,1,0.9996439106122889,True
4885,4885,2451,0,sty+bert,2,0,0.002125340782864007,True
4886,4886,2451,1,sty+bert,2,1,0.999798059521757,True
4887,4887,2452,0,sty+bert,2,0,0.4328073628212135,True
4888,4888,2452,1,sty+bert,2,1,0.9984816642182062,True
4889,4889,2453,0,sty+bert,2,0,0.005373122674186323,True
4890,4890,2453,1,sty+bert,2,1,0.9835369622369031,True
4891,4891,2454,0,sty+bert,2,0,0.3876955101165687,True
4892,4892,2454,1,sty+bert,2,1,0.9996210051210905,True
4893,4893,2455,1,sty+bert,2,1,0.990073915916223,True
4894,4894,2456,0,sty+bert,2,0,0.0006629800302182099,True
4895,4895,2456,1,sty+bert,2,1,0.9977751952444909,True
4896,4896,2457,0,sty+bert,2,0,0.05536031284891434,True
4897,4897,2457,1,sty+bert,2,1,0.531081461077026,True
4898,4898,2458,0,sty+bert,2,0,0.005171953084609425,True
4899,4899,2458,1,sty+bert,2,1,0.9941296770032154,True
4900,4900,2459,0,sty+bert,2,0,0.001484713035670027,True
4901,4901,2459,1,sty+bert,2,1,0.9962976084617239,True
4902,4902,2460,0,sty+bert,2,0,0.1278029429982677,True
4903,4903,2460,1,sty+bert,2,1,0.9858885521091246,True
4904,4904,2461,0,sty+bert,2,0,0.003319224537033624,True
4905,4905,2461,1,sty+bert,2,1,0.9997975413458079,True
4906,4906,2462,0,sty+bert,2,0,0.0007247973785491591,True
4907,4907,2462,1,sty+bert,2,1,0.8340726543771145,True
4908,4908,2463,0,sty+bert,2,0,0.0003529463550089717,True
4909,4909,2463,1,sty+bert,2,1,0.9965314277516735,True
4910,4910,2464,0,sty+bert,2,0,0.018020478501509087,True
4911,4911,2464,1,sty+bert,2,1,0.9914845453529615,True
4912,4912,2465,0,sty+bert,2,0,0.0009055455677205312,True
4913,4913,2465,1,sty+bert,2,1,0.9991197559157169,True
4914,4914,2466,0,sty+bert,2,0,8.075603242451443e-05,True
4915,4915,2466,1,sty+bert,2,1,0.6528977643134236,True
4916,4916,2467,0,sty+bert,2,0,0.0031181618390764567,True
4917,4917,2467,1,sty+bert,2,1,0.9946139055832662,True
4918,4918,2468,0,sty+bert,2,0,0.001103668348900174,True
4919,4919,2468,1,sty+bert,2,1,0.9989458623677723,True
4920,4920,2469,0,sty+bert,2,0,0.000644186583037466,True
4921,4921,2469,1,sty+bert,2,1,0.8558495887713907,True
4922,4922,2470,0,sty+bert,2,0,0.008251023157242104,True
4923,4923,2470,1,sty+bert,2,1,0.9977822208801655,True
4924,4924,2471,0,sty+bert,2,0,0.0013744761095685469,True
4925,4925,2471,1,sty+bert,2,1,0.9997590796686759,True
4926,4926,2472,0,sty+bert,2,0,0.001435078584621217,True
4927,4927,2472,1,sty+bert,2,1,0.9950861404074214,True
4928,4928,2473,0,sty+bert,2,0,0.11864402855805763,True
4929,4929,2473,1,sty+bert,2,1,0.8379579992444602,True
4930,4930,2474,0,sty+bert,2,0,0.000835666276770347,True
4931,4931,2474,1,sty+bert,2,1,0.9556873298277756,True
4932,4932,2475,0,sty+bert,2,0,9.206841174774545e-05,True
4933,4933,2475,1,sty+bert,2,1,0.9954887591216794,True
4934,4934,2476,0,sty+bert,2,0,0.0008818819473845078,True
4935,4935,2476,1,sty+bert,2,1,0.9880635952581341,True
4936,4936,2477,0,sty+bert,2,0,0.03319382920342312,True
4937,4937,2477,1,sty+bert,2,1,0.9868601247973612,True
4938,4938,2478,0,sty+bert,2,0,0.030544316250950276,True
4939,4939,2478,1,sty+bert,2,1,0.9969063156908979,True
4940,4940,2479,0,sty+bert,2,0,0.0017940404134580929,True
4941,4941,2479,1,sty+bert,2,1,0.999116473210241,True
4942,4942,2480,0,sty+bert,2,0,0.001968693706566094,True
4943,4943,2480,1,sty+bert,2,1,0.9976767044565115,True
4944,4944,2481,0,sty+bert,2,0,0.001471670485020425,True
4945,4945,2481,1,sty+bert,2,1,0.991458177744446,True
4946,4946,2482,0,sty+bert,2,0,0.00034471060864342426,True
4947,4947,2482,1,sty+bert,2,1,0.9946825522072422,True
4948,4948,2483,0,sty+bert,2,0,0.002370283437860803,True
4949,4949,2483,1,sty+bert,2,1,0.9982133738405111,True
4950,4950,2484,0,sty+bert,2,0,0.00037165205548737314,True
4951,4951,2484,1,sty+bert,2,1,0.9959203742004814,True
4952,4952,2485,0,sty+bert,2,0,0.0013627793728219631,True
4953,4953,2485,1,sty+bert,2,1,0.9993763010679297,True
4954,4954,2486,0,sty+bert,2,0,0.00031799448871831055,True
4955,4955,2486,1,sty+bert,2,1,0.9979981766013201,True
4956,4956,2487,0,sty+bert,2,1,0.6724276531374447,False
4957,4957,2487,1,sty+bert,2,1,0.9996534086486835,True
4958,4958,2488,0,sty+bert,2,0,0.4754817919405253,True
4959,4959,2488,1,sty+bert,2,1,0.9953795156045478,True
4960,4960,2489,0,sty+bert,2,0,0.0005414860110615799,True
4961,4961,2489,1,sty+bert,2,1,0.9998173037021949,True
4962,4962,2490,0,sty+bert,2,0,0.003714208904986599,True
4963,4963,2490,1,sty+bert,2,1,0.9997600143033398,True
4964,4964,2491,0,sty+bert,2,0,0.056176209399510964,True
4965,4965,2491,1,sty+bert,2,1,0.9374190917561256,True
4966,4966,2492,0,sty+bert,2,0,0.0010244774075596882,True
4967,4967,2492,1,sty+bert,2,1,0.9996947003399398,True
4968,4968,2493,0,sty+bert,2,0,0.10327243909323039,True
4969,4969,2493,1,sty+bert,2,1,0.999389161759063,True
4970,4970,2494,0,sty+bert,2,0,0.0055823267707733664,True
4971,4971,2494,1,sty+bert,2,1,0.9998000759824943,True
4972,4972,2495,0,sty+bert,2,0,0.0002901380397924542,True
4973,4973,2495,1,sty+bert,2,1,0.9969425653900653,True
4974,4974,2496,0,sty+bert,2,0,0.054718005362406126,True
4975,4975,2496,1,sty+bert,2,1,0.9994328095369652,True
4976,4976,2497,0,sty+bert,2,0,0.27257481428879793,True
4977,4977,2497,1,sty+bert,2,1,0.9985225188876197,True
4978,4978,2498,0,sty+bert,2,0,0.027340055617192563,True
4979,4979,2498,1,sty+bert,2,1,0.8783136687152859,True
4980,4980,2499,0,sty+bert,2,0,0.016109248930698962,True
4981,4981,2499,1,sty+bert,2,1,0.9981451501523758,True
4982,4982,2500,0,sty+bert,2,0,0.0006749791750170323,True
4983,4983,2500,1,sty+bert,2,1,0.8428537506313435,True
4984,4984,2501,0,sty+bert,2,0,0.006511318576140601,True
4985,4985,2501,1,sty+bert,2,1,0.9995209374957661,True
4986,4986,2502,0,sty+bert,2,0,0.0012675719438872625,True
4987,4987,2502,1,sty+bert,2,1,0.9921513563203417,True
4988,4988,2503,0,sty+bert,2,0,0.00019862175555619024,True
4989,4989,2503,1,sty+bert,2,1,0.9976646913075897,True
4990,4990,2504,0,sty+bert,2,0,0.0011847848527393812,True
4991,4991,2504,1,sty+bert,2,1,0.9715017139746197,True
4992,4992,2505,0,sty+bert,2,0,0.009769505990002487,True
4993,4993,2505,1,sty+bert,2,1,0.9963855701227977,True
4994,4994,2506,0,sty+bert,2,0,0.04586492553437846,True
4995,4995,2506,1,sty+bert,2,1,0.999813769458773,True
4996,4996,2507,0,sty+bert,2,0,0.046588112653541965,True
4997,4997,2507,1,sty+bert,2,1,0.7684870977376855,True
4998,4998,2508,0,sty+bert,2,0,0.04037415704580177,True
4999,4999,2508,1,sty+bert,2,1,0.9980479067108019,True
5000,5000,2509,0,sty+bert,2,0,0.008880981929019541,True
5001,5001,2509,1,sty+bert,2,1,0.6216651879655313,True
5002,5002,2510,0,sty+bert,2,0,0.01386839746939567,True
5003,5003,2510,1,sty+bert,2,1,0.9815434690447595,True
5004,5004,2511,0,sty+bert,2,0,0.0014908646466956458,True
5005,5005,2511,1,sty+bert,2,1,0.9982144792556628,True
5006,5006,2512,0,sty+bert,2,0,0.002974903689391753,True
5007,5007,2512,1,sty+bert,2,1,0.9972016301570804,True
5008,5008,2513,0,sty+bert,2,0,0.0021602592475167223,True
5009,5009,2513,1,sty+bert,2,1,0.9972129164217207,True
5010,5010,2514,0,sty+bert,2,0,0.0023789572982083596,True
5011,5011,2514,1,sty+bert,2,1,0.9743035898504888,True
5012,5012,2515,0,sty+bert,2,0,0.005553726077012511,True
5013,5013,2515,1,sty+bert,2,1,0.9974395545553986,True
5014,5014,2516,0,sty+bert,2,0,0.10732050050946762,True
5015,5015,2516,1,sty+bert,2,1,0.9986444752761929,True
5016,5016,2517,0,sty+bert,2,0,0.00025757436559453826,True
5017,5017,2517,1,sty+bert,2,1,0.7177547949063489,True
5018,5018,2518,1,sty+bert,2,1,0.995909104788203,True
5019,5019,2519,0,sty+bert,2,0,0.0008097286493190833,True
5020,5020,2519,1,sty+bert,2,1,0.9987074985569381,True
5021,5021,2520,0,sty+bert,2,0,0.0036346418365627658,True
5022,5022,2520,1,sty+bert,2,1,0.9986482216406374,True
5023,5023,2521,0,sty+bert,2,0,0.00044999231595301356,True
5024,5024,2521,1,sty+bert,2,1,0.9993618734924034,True
5025,5025,2522,0,sty+bert,2,1,0.6927540666407721,False
5026,5026,2522,1,sty+bert,2,1,0.9393785624737739,True
5027,5027,2523,0,sty+bert,2,0,0.009575803599049724,True
5028,5028,2523,1,sty+bert,2,1,0.9984186319314426,True
5029,5029,2524,0,sty+bert,2,0,0.00028988737704949786,True
5030,5030,2524,1,sty+bert,2,1,0.9916489446220265,True
5031,5031,2525,0,sty+bert,2,0,0.004050711550716612,True
5032,5032,2525,1,sty+bert,2,1,0.9993941015439229,True
5033,5033,2526,0,sty+bert,2,0,0.0002532431006500435,True
5034,5034,2526,1,sty+bert,2,1,0.9996853017216709,True
5035,5035,2527,0,sty+bert,2,0,0.07286948377708465,True
5036,5036,2527,1,sty+bert,2,1,0.9973760772029171,True
5037,5037,2528,0,sty+bert,2,0,0.05733117217804549,True
5038,5038,2528,1,sty+bert,2,1,0.9876779093719433,True
5039,5039,2529,0,sty+bert,2,0,0.09990223563757827,True
5040,5040,2529,1,sty+bert,2,1,0.9996358976755115,True
5041,5041,2530,0,sty+bert,2,0,0.000303568902222689,True
5042,5042,2530,1,sty+bert,2,1,0.9979295271764757,True
5043,5043,2531,0,sty+bert,2,0,0.07445392270749669,True
5044,5044,2531,1,sty+bert,2,1,0.9998380676886821,True
5045,5045,2532,0,sty+bert,2,0,0.003242508055973753,True
5046,5046,2532,1,sty+bert,2,1,0.9980205027062174,True
5047,5047,2533,0,sty+bert,2,0,0.0029393021923200093,True
5048,5048,2533,1,sty+bert,2,1,0.9997842713469011,True
5049,5049,2534,0,sty+bert,2,0,0.27513550119780755,True
5050,5050,2534,1,sty+bert,2,1,0.9924571421240859,True
5051,5051,2535,0,sty+bert,2,0,0.0003833882158339025,True
5052,5052,2535,1,sty+bert,2,1,0.9980995020474072,True
5053,5053,2536,0,sty+bert,2,0,0.3753149875190469,True
5054,5054,2536,1,sty+bert,2,1,0.989427810416032,True
5055,5055,2537,0,sty+bert,2,0,0.005309984033348922,True
5056,5056,2537,1,sty+bert,2,1,0.9987702689635543,True
5057,5057,2538,0,sty+bert,2,0,0.06226305747277247,True
5058,5058,2538,1,sty+bert,2,1,0.9974373971210304,True
5059,5059,2539,0,sty+bert,2,0,0.016083007228032395,True
5060,5060,2539,1,sty+bert,2,1,0.9999459591811631,True
5061,5061,2540,0,sty+bert,2,0,0.0014654897634419118,True
5062,5062,2540,1,sty+bert,2,1,0.9747282515895086,True
5063,5063,2541,0,sty+bert,2,0,0.012863280308991795,True
5064,5064,2541,1,sty+bert,2,1,0.9961062469625976,True
5065,5065,2542,0,sty+bert,2,0,0.3587628263836719,True
5066,5066,2542,1,sty+bert,2,1,0.9358567541521448,True
5067,5067,2543,0,sty+bert,2,0,0.00521449688728611,True
5068,5068,2543,1,sty+bert,2,1,0.9994683570091925,True
5069,5069,2544,0,sty+bert,2,0,0.007023384779270135,True
5070,5070,2544,1,sty+bert,2,1,0.9930027634182153,True
5071,5071,2545,0,sty+bert,2,0,0.000525460953306951,True
5072,5072,2545,1,sty+bert,2,1,0.9916615308960145,True
5073,5073,2546,0,sty+bert,2,1,0.9752921899837789,False
5074,5074,2546,1,sty+bert,2,1,0.999949555213899,True
5075,5075,2547,0,sty+bert,2,0,0.005272886977443063,True
5076,5076,2547,1,sty+bert,2,1,0.9777311022513614,True
5077,5077,2548,0,sty+bert,2,0,0.014308913803113929,True
5078,5078,2548,1,sty+bert,2,1,0.9994263337285191,True
5079,5079,2549,0,sty+bert,2,0,0.00402581456551842,True
5080,5080,2549,1,sty+bert,2,1,0.9928388695269463,True
5081,5081,2550,0,sty+bert,2,0,0.16439277328927918,True
5082,5082,2550,1,sty+bert,2,1,0.9918157626369606,True
5083,5083,2551,0,sty+bert,2,0,0.0005834906522907316,True
5084,5084,2551,1,sty+bert,2,1,0.9926051322296737,True
5085,5085,2552,0,sty+bert,2,0,0.0050187958111018085,True
5086,5086,2552,1,sty+bert,2,0,0.36470463784825197,False
5087,5087,2553,0,sty+bert,2,0,0.023197149085889338,True
5088,5088,2553,1,sty+bert,2,1,0.9996946878962056,True
5089,5089,2554,0,sty+bert,2,0,0.0018374522807452697,True
5090,5090,2554,1,sty+bert,2,1,0.9788410085532258,True
5091,5091,2555,0,sty+bert,2,0,0.007159079044733433,True
5092,5092,2555,1,sty+bert,2,1,0.9944853016070644,True
5093,5093,2556,0,sty+bert,2,1,0.6875939362264532,False
5094,5094,2556,1,sty+bert,2,1,0.9998402656325821,True
5095,5095,2557,0,sty+bert,2,0,4.224338084758182e-05,True
5096,5096,2557,1,sty+bert,2,1,0.9937631796460609,True
5097,5097,2558,0,sty+bert,2,0,0.0009359739332887496,True
5098,5098,2558,1,sty+bert,2,1,0.8616015684812467,True
5099,5099,2559,0,sty+bert,2,0,0.0531408362909117,True
5100,5100,2559,1,sty+bert,2,1,0.8573258123118583,True
5101,5101,2560,0,sty+bert,2,0,0.031617286238642496,True
5102,5102,2560,1,sty+bert,2,1,0.9995666012957454,True
5103,5103,2561,0,sty+bert,2,0,0.015222781109658393,True
5104,5104,2561,1,sty+bert,2,1,0.6192450341552304,True
5105,5105,2562,0,sty+bert,2,0,0.04058684864254364,True
5106,5106,2562,1,sty+bert,2,1,0.997437562662058,True
5107,5107,2563,0,sty+bert,2,0,0.006900813178358318,True
5108,5108,2563,1,sty+bert,2,1,0.979762834825742,True
5109,5109,2564,0,sty+bert,2,0,0.000506732947683089,True
5110,5110,2564,1,sty+bert,2,1,0.9925292191309979,True
5111,5111,2565,0,sty+bert,2,0,0.000475947168563253,True
5112,5112,2565,1,sty+bert,2,1,0.9988614569209381,True
5113,5113,2566,0,sty+bert,2,0,0.0044343295689381924,True
5114,5114,2566,1,sty+bert,2,1,0.9877516238609413,True
5115,5115,2567,0,sty+bert,2,0,0.0013607087179996356,True
5116,5116,2567,1,sty+bert,2,1,0.9974823357236108,True
5117,5117,2568,0,sty+bert,2,0,0.05614230635480384,True
5118,5118,2568,1,sty+bert,2,1,0.9951961347104856,True
5119,5119,2569,0,sty+bert,2,0,0.006991115390980234,True
5120,5120,2569,1,sty+bert,2,1,0.7752599565547788,True
5121,5121,2570,0,sty+bert,2,0,0.004583968577707043,True
5122,5122,2570,1,sty+bert,2,1,0.9487605360656416,True
5123,5123,2571,0,sty+bert,2,1,0.8482063687910979,False
5124,5124,2571,1,sty+bert,2,1,0.9997037286246568,True
5125,5125,2572,0,sty+bert,2,0,0.00017725724382138826,True
5126,5126,2572,1,sty+bert,2,1,0.9981565222305345,True
5127,5127,2573,0,sty+bert,2,0,0.008108578126806914,True
5128,5128,2573,1,sty+bert,2,1,0.9986537066830213,True
5129,5129,2574,0,sty+bert,2,0,0.2731702321513534,True
5130,5130,2574,1,sty+bert,2,1,0.9978197241250636,True
5131,5131,2575,0,sty+bert,2,0,0.003271678564481588,True
5132,5132,2575,1,sty+bert,2,1,0.7807972007805289,True
5133,5133,2576,0,sty+bert,2,0,0.0018088830124239794,True
5134,5134,2576,1,sty+bert,2,1,0.9914578385872121,True
5135,5135,2577,0,sty+bert,2,0,0.009881155992535138,True
5136,5136,2577,1,sty+bert,2,1,0.8046890025846355,True
5137,5137,2578,0,sty+bert,2,0,0.007862183410657642,True
5138,5138,2578,1,sty+bert,2,1,0.9191447601151004,True
5139,5139,2579,0,sty+bert,2,0,0.00047532705232326323,True
5140,5140,2579,1,sty+bert,2,1,0.9993168881449683,True
5141,5141,2580,0,sty+bert,2,0,0.0025598871222059787,True
5142,5142,2580,1,sty+bert,2,1,0.9950083297643043,True
5143,5143,2581,0,sty+bert,2,0,0.0009819057009633138,True
5144,5144,2581,1,sty+bert,2,1,0.9938499708748115,True
5145,5145,2582,0,sty+bert,2,0,0.002785359252258176,True
5146,5146,2582,1,sty+bert,2,1,0.9691789596071354,True
5147,5147,2583,0,sty+bert,2,0,0.00023507705702923798,True
5148,5148,2583,1,sty+bert,2,1,0.9995746378735747,True
5149,5149,2584,0,sty+bert,2,0,0.0033626133656943762,True
5150,5150,2584,1,sty+bert,2,1,0.8837230315245329,True
5151,5151,2585,0,sty+bert,2,0,0.04015134440304131,True
5152,5152,2585,1,sty+bert,2,1,0.9983019696069811,True
5153,5153,2586,0,sty+bert,2,0,0.0009317423295854389,True
5154,5154,2586,1,sty+bert,2,1,0.9985555385263878,True
5155,5155,2587,0,sty+bert,2,0,0.002713210512942556,True
5156,5156,2587,1,sty+bert,2,1,0.9901231863255584,True
5157,5157,2588,0,sty+bert,2,0,0.00417819369505642,True
5158,5158,2588,1,sty+bert,2,1,0.9841424899126434,True
5159,5159,2589,0,sty+bert,2,0,0.004900038804104318,True
5160,5160,2589,1,sty+bert,2,1,0.9282810096214847,True
5161,5161,2590,0,sty+bert,2,0,0.014227555218289447,True
5162,5162,2590,1,sty+bert,2,1,0.9981696515932438,True
5163,5163,2591,0,sty+bert,2,0,0.00010051907859675645,True
5164,5164,2591,1,sty+bert,2,1,0.9992690681207724,True
5165,5165,2592,0,sty+bert,2,0,0.03130752837342333,True
5166,5166,2592,1,sty+bert,2,1,0.995755176849173,True
5167,5167,2593,0,sty+bert,2,0,0.000736518309062412,True
5168,5168,2593,1,sty+bert,2,1,0.971990215417358,True
5169,5169,2594,0,sty+bert,2,0,0.031332857165001164,True
5170,5170,2594,1,sty+bert,2,1,0.9980658246528549,True
5171,5171,2595,0,sty+bert,2,0,0.000560855835304133,True
5172,5172,2595,1,sty+bert,2,1,0.9993626463010675,True
5173,5173,2596,0,sty+bert,2,0,0.00042197314928652484,True
5174,5174,2596,1,sty+bert,2,1,0.9987081509852602,True
5175,5175,2597,0,sty+bert,2,0,0.01891117398142119,True
5176,5176,2597,1,sty+bert,2,1,0.8908511069935433,True
5177,5177,2598,0,sty+bert,2,0,0.00016124031846096316,True
5178,5178,2598,1,sty+bert,2,1,0.9983293746747675,True
5179,5179,2599,0,sty+bert,2,0,0.005729266405536447,True
5180,5180,2599,1,sty+bert,2,1,0.9994323968838392,True
5181,5181,2600,0,sty+bert,2,0,0.0006346716024975991,True
5182,5182,2600,1,sty+bert,2,1,0.996678539514773,True
5183,5183,2601,0,sty+bert,2,0,0.0023177634110934657,True
5184,5184,2601,1,sty+bert,2,1,0.9997600036610498,True
5185,5185,2602,0,sty+bert,2,0,0.47696566169427823,True
5186,5186,2602,1,sty+bert,2,1,0.9986556255883436,True
5187,5187,2603,0,sty+bert,2,0,0.0027086829591354685,True
5188,5188,2603,1,sty+bert,2,1,0.9953798126995178,True
5189,5189,2604,0,sty+bert,2,0,0.012212673294776656,True
5190,5190,2604,1,sty+bert,2,1,0.9942565130377632,True
5191,5191,2605,0,sty+bert,2,0,0.00024651620358181835,True
5192,5192,2605,1,sty+bert,2,1,0.6229762272984646,True
5193,5193,2606,0,sty+bert,2,0,0.0016147590816993557,True
5194,5194,2606,1,sty+bert,2,1,0.9970209642402055,True
5195,5195,2607,0,sty+bert,2,0,0.0008364596105841877,True
5196,5196,2607,1,sty+bert,2,1,0.9990796786580248,True
5197,5197,2608,0,sty+bert,2,0,0.0008494802734189,True
5198,5198,2608,1,sty+bert,2,1,0.9933762291779666,True
5199,5199,2609,0,sty+bert,2,0,0.014118479078102403,True
5200,5200,2609,1,sty+bert,2,1,0.9975627698473492,True
5201,5201,2610,0,sty+bert,2,1,0.7322466196489481,False
5202,5202,2610,1,sty+bert,2,1,0.9985041547409257,True
5203,5203,2611,0,sty+bert,2,0,0.0010888522733218289,True
5204,5204,2611,1,sty+bert,2,1,0.9977072588674026,True
5205,5205,2612,0,sty+bert,2,0,0.012252368258622266,True
5206,5206,2612,1,sty+bert,2,1,0.999563935235144,True
5207,5207,2613,0,sty+bert,2,0,0.0002123030267500447,True
5208,5208,2613,1,sty+bert,2,1,0.9984107135968134,True
5209,5209,2614,1,sty+bert,2,1,0.9963766737876486,True
5210,5210,2615,0,sty+bert,2,0,0.0012846832413390297,True
5211,5211,2615,1,sty+bert,2,1,0.9885203179221458,True
5212,5212,2616,0,sty+bert,2,0,0.00029386367754340284,True
5213,5213,2616,1,sty+bert,2,1,0.9998327846717958,True
5214,5214,2617,0,sty+bert,2,0,0.002048782904665105,True
5215,5215,2617,1,sty+bert,2,1,0.9278122628501044,True
5216,5216,2618,0,sty+bert,2,0,0.004290457553825973,True
5217,5217,2618,1,sty+bert,2,1,0.9993247582648696,True
5218,5218,2619,0,sty+bert,2,0,0.009118672832516566,True
5219,5219,2619,1,sty+bert,2,1,0.9942137792443098,True
5220,5220,2620,0,sty+bert,2,0,0.00011514028324565883,True
5221,5221,2620,1,sty+bert,2,1,0.9990392918029181,True
5222,5222,2621,0,sty+bert,2,0,0.003422273006476816,True
5223,5223,2621,1,sty+bert,2,1,0.9199656020335552,True
5224,5224,2622,0,sty+bert,2,0,0.017252375026514458,True
5225,5225,2622,1,sty+bert,2,1,0.9991057450000885,True
5226,5226,2623,0,sty+bert,2,0,0.011120797770136272,True
5227,5227,2623,1,sty+bert,2,1,0.9985857378548832,True
5228,5228,2624,0,sty+bert,2,0,0.0011743593506096416,True
5229,5229,2624,1,sty+bert,2,1,0.9827470491651386,True
5230,5230,2625,0,sty+bert,2,0,0.001973716223003296,True
5231,5231,2625,1,sty+bert,2,1,0.9994260258875514,True
5232,5232,2626,0,sty+bert,2,0,0.00023645663804597992,True
5233,5233,2626,1,sty+bert,2,1,0.998130622955332,True
5234,5234,2627,0,sty+bert,2,0,0.1112329442652745,True
5235,5235,2627,1,sty+bert,2,1,0.996767261483778,True
5236,5236,2628,0,sty+bert,2,1,0.602653498595962,False
5237,5237,2628,1,sty+bert,2,1,0.9990074406527187,True
5238,5238,2629,0,sty+bert,2,1,0.53237491661642,False
5239,5239,2629,1,sty+bert,2,1,0.8137609365397526,True
5240,5240,2630,0,sty+bert,2,0,0.0005010711222518172,True
5241,5241,2630,1,sty+bert,2,1,0.9875228430295933,True
5242,5242,2631,0,sty+bert,2,0,0.008857807583787448,True
5243,5243,2631,1,sty+bert,2,1,0.999599050351643,True
5244,5244,2632,0,sty+bert,2,0,0.00015770317637220618,True
5245,5245,2632,1,sty+bert,2,1,0.9991966383250587,True
5246,5246,2633,0,sty+bert,2,0,0.00025905217466935056,True
5247,5247,2633,1,sty+bert,2,1,0.9841395665010298,True
5248,5248,2634,0,sty+bert,2,0,0.1144334827337736,True
5249,5249,2634,1,sty+bert,2,1,0.986403417659522,True
5250,5250,2635,0,sty+bert,2,0,0.0007516200005096356,True
5251,5251,2635,1,sty+bert,2,1,0.9982478671220786,True
5252,5252,2636,0,sty+bert,2,1,0.5543893762023309,False
5253,5253,2636,1,sty+bert,2,1,0.9996522685998095,True
5254,5254,2637,0,sty+bert,2,0,0.02123520893430185,True
5255,5255,2637,1,sty+bert,2,1,0.9956158775518197,True
5256,5256,2638,0,sty+bert,2,0,0.0013543468205634583,True
5257,5257,2638,1,sty+bert,2,1,0.9996155949770399,True
5258,5258,2639,0,sty+bert,2,0,0.0001767250951293829,True
5259,5259,2639,1,sty+bert,2,1,0.994438858233517,True
5260,5260,2640,0,sty+bert,2,0,0.00044590497316592784,True
5261,5261,2640,1,sty+bert,2,1,0.9994381049676921,True
5262,5262,2641,0,sty+bert,2,0,0.0007144039654222548,True
5263,5263,2641,1,sty+bert,2,1,0.9994560896777431,True
5264,5264,2642,0,sty+bert,2,0,0.00035501684363988244,True
5265,5265,2642,1,sty+bert,2,1,0.9991513258473371,True
5266,5266,2643,0,sty+bert,2,0,6.174980034006089e-05,True
5267,5267,2643,1,sty+bert,2,1,0.9994354907855442,True
5268,5268,2644,0,sty+bert,2,0,0.0012411380003418224,True
5269,5269,2644,1,sty+bert,2,1,0.9691090031149426,True
5270,5270,2645,0,sty+bert,2,0,0.008038056332421648,True
5271,5271,2645,1,sty+bert,2,1,0.9950146294406125,True
5272,5272,2646,0,sty+bert,2,0,0.0007374358135115663,True
5273,5273,2646,1,sty+bert,2,0,0.3098811296433521,False
5274,5274,2647,0,sty+bert,2,0,0.006323768258502341,True
5275,5275,2647,1,sty+bert,2,1,0.9959941299074508,True
5276,5276,2648,0,sty+bert,2,0,0.0021382405166463815,True
5277,5277,2648,1,sty+bert,2,1,0.9952458953674383,True
5278,5278,2649,0,sty+bert,2,0,0.010764274676972765,True
5279,5279,2649,1,sty+bert,2,1,0.9989074520799812,True
5280,5280,2650,0,sty+bert,2,0,0.0007976744594676563,True
5281,5281,2650,1,sty+bert,2,1,0.9908056076175261,True
5282,5282,2651,0,sty+bert,2,0,0.004223765535993957,True
5283,5283,2651,1,sty+bert,2,1,0.9996469923908143,True
5284,5284,2652,0,sty+bert,2,0,0.010872676032294389,True
5285,5285,2652,1,sty+bert,2,1,0.9784567272366195,True
5286,5286,2653,0,sty+bert,2,0,0.0024936551598004225,True
5287,5287,2653,1,sty+bert,2,1,0.9961738535136307,True
5288,5288,2654,0,sty+bert,2,0,0.0003106875803240719,True
5289,5289,2654,1,sty+bert,2,1,0.996636992514852,True
5290,5290,2655,0,sty+bert,2,0,0.04746632427387914,True
5291,5291,2655,1,sty+bert,2,1,0.998741387583513,True
5292,5292,2656,0,sty+bert,2,0,0.00023827175262299935,True
5293,5293,2656,1,sty+bert,2,1,0.7166094676836181,True
5294,5294,2657,0,sty+bert,2,0,0.00710652824533219,True
5295,5295,2657,1,sty+bert,2,1,0.9986084062648259,True
5296,5296,2658,0,sty+bert,2,0,0.11255847547034847,True
5297,5297,2658,1,sty+bert,2,1,0.9991900097337123,True
5298,5298,2659,0,sty+bert,2,0,0.0004724957017513879,True
5299,5299,2659,1,sty+bert,2,1,0.9990228243917371,True
5300,5300,2660,0,sty+bert,2,0,0.015805096404326716,True
5301,5301,2660,1,sty+bert,2,1,0.9941009489409204,True
5302,5302,2661,0,sty+bert,2,0,0.013235145674791789,True
5303,5303,2661,1,sty+bert,2,1,0.992985919501279,True
5304,5304,2662,0,sty+bert,2,0,0.0008140542840574539,True
5305,5305,2662,1,sty+bert,2,1,0.9770071947934768,True
5306,5306,2663,0,sty+bert,2,0,0.0021080751709097946,True
5307,5307,2663,1,sty+bert,2,1,0.9996991596920545,True
5308,5308,2664,0,sty+bert,2,0,0.0007019255254165878,True
5309,5309,2664,1,sty+bert,2,1,0.9089907468094194,True
5310,5310,2665,0,sty+bert,2,0,0.006558289892667608,True
5311,5311,2665,1,sty+bert,2,1,0.9964576022553033,True
5312,5312,2666,0,sty+bert,2,0,0.0006284690612469167,True
5313,5313,2666,1,sty+bert,2,1,0.9996366763881911,True
5314,5314,2667,0,sty+bert,2,0,1.9585818792722296e-05,True
5315,5315,2667,1,sty+bert,2,1,0.9933578290407606,True
5316,5316,2668,0,sty+bert,2,0,0.009964883864992839,True
5317,5317,2668,1,sty+bert,2,1,0.9430936587236325,True
5318,5318,2669,0,sty+bert,2,0,0.0018183199615498988,True
5319,5319,2669,1,sty+bert,2,1,0.9993096857377031,True
5320,5320,2670,0,sty+bert,2,0,0.0001442616309756067,True
5321,5321,2670,1,sty+bert,2,1,0.9989836780689939,True
5322,5322,2671,0,sty+bert,2,0,0.0019948162149303174,True
5323,5323,2671,1,sty+bert,2,1,0.9838596870298175,True
5324,5324,2672,0,sty+bert,2,0,0.005408297395644933,True
5325,5325,2672,1,sty+bert,2,1,0.9992912652263194,True
5326,5326,2673,0,sty+bert,2,0,0.0005678063265207318,True
5327,5327,2673,1,sty+bert,2,1,0.9993919914705136,True
5328,5328,2674,0,sty+bert,2,0,0.00040021718576174444,True
5329,5329,2674,1,sty+bert,2,1,0.9895339700247622,True
5330,5330,2675,0,sty+bert,2,0,0.0007772586126932203,True
5331,5331,2675,1,sty+bert,2,1,0.8612087598496043,True
5332,5332,2676,0,sty+bert,2,0,8.84180755525358e-05,True
5333,5333,2676,1,sty+bert,2,1,0.9987246122738322,True
5334,5334,2677,0,sty+bert,2,0,0.0005378155744848307,True
5335,5335,2677,1,sty+bert,2,1,0.9984717186358751,True
5336,5336,2678,0,sty+bert,2,0,2.723906310980969e-05,True
5337,5337,2678,1,sty+bert,2,1,0.9941302415340103,True
5338,5338,2679,0,sty+bert,2,0,0.2511499916601154,True
5339,5339,2679,1,sty+bert,2,1,0.9968871352970423,True
5340,5340,2680,0,sty+bert,2,0,0.0505787084580583,True
5341,5341,2680,1,sty+bert,2,1,0.9995616316018838,True
5342,5342,2681,0,sty+bert,2,0,0.001490632949649261,True
5343,5343,2681,1,sty+bert,2,1,0.9983557745241205,True
5344,5344,2682,0,sty+bert,2,0,0.004043302716770092,True
5345,5345,2682,1,sty+bert,2,1,0.9988661937690557,True
5346,5346,2683,0,sty+bert,2,0,0.0017251772249862426,True
5347,5347,2683,1,sty+bert,2,1,0.9951124337677367,True
5348,5348,2684,0,sty+bert,2,0,0.011137564003075447,True
5349,5349,2684,1,sty+bert,2,1,0.9993057718544963,True
5350,5350,2685,0,sty+bert,2,0,0.01414507369652355,True
5351,5351,2685,1,sty+bert,2,1,0.9992106169901568,True
5352,5352,2686,0,sty+bert,2,0,0.0006912720937946112,True
5353,5353,2686,1,sty+bert,2,1,0.9113108162826319,True
5354,5354,2687,0,sty+bert,2,0,0.07852777763204496,True
5355,5355,2687,1,sty+bert,2,1,0.9979334649539291,True
5356,5356,2688,0,sty+bert,2,0,0.4341537054477645,True
5357,5357,2688,1,sty+bert,2,1,0.9950150591071958,True
5358,5358,2689,0,sty+bert,2,0,0.0023077432925535176,True
5359,5359,2689,1,sty+bert,2,1,0.9995567173149126,True
5360,5360,2690,0,sty+bert,2,1,0.9123023728481681,False
5361,5361,2690,1,sty+bert,2,1,0.9987086118429677,True
5362,5362,2691,0,sty+bert,2,0,0.0029802181111433872,True
5363,5363,2691,1,sty+bert,2,1,0.8525706705846223,True
5364,5364,2692,0,sty+bert,2,0,0.0013587563031107579,True
5365,5365,2692,1,sty+bert,2,1,0.9991952169455001,True
5366,5366,2693,0,sty+bert,2,0,0.0012934734891585761,True
5367,5367,2693,1,sty+bert,2,1,0.9968816378450591,True
5368,5368,2694,0,sty+bert,2,0,0.05968424471352371,True
5369,5369,2694,1,sty+bert,2,1,0.969147994254338,True
5370,5370,2695,0,sty+bert,2,1,0.6208233199589115,False
5371,5371,2695,1,sty+bert,2,1,0.9978457429283604,True
5372,5372,2696,0,sty+bert,2,0,0.08828029050142236,True
5373,5373,2696,1,sty+bert,2,1,0.9938860753820992,True
5374,5374,2697,0,sty+bert,2,0,0.00013851050480141974,True
5375,5375,2697,1,sty+bert,2,1,0.9996145713810112,True
5376,5376,2698,0,sty+bert,2,0,0.016601901211030716,True
5377,5377,2698,1,sty+bert,2,1,0.9979236579267896,True
5378,5378,2699,0,sty+bert,2,0,0.00034461705150578653,True
5379,5379,2699,1,sty+bert,2,1,0.998446640942672,True
5380,5380,2700,0,sty+bert,2,0,0.008460477410958038,True
5381,5381,2700,1,sty+bert,2,1,0.9989381568126755,True
5382,5382,2701,0,sty+bert,2,0,0.0016960988641607734,True
5383,5383,2701,1,sty+bert,2,1,0.632047031450014,True
5384,5384,2702,0,sty+bert,2,0,0.02475318854923993,True
5385,5385,2702,1,sty+bert,2,1,0.9993797208466435,True
5386,5386,2703,0,sty+bert,2,0,0.06472256282354123,True
5387,5387,2703,1,sty+bert,2,1,0.9994895341225293,True
5388,5388,2704,0,sty+bert,2,1,0.6543743602183354,False
5389,5389,2704,1,sty+bert,2,1,0.8162222493086222,True
5390,5390,2705,0,sty+bert,2,0,0.0006255322579871939,True
5391,5391,2705,1,sty+bert,2,1,0.9973953235637405,True
5392,5392,2706,0,sty+bert,2,0,0.03960160442912454,True
5393,5393,2706,1,sty+bert,2,1,0.9929814358751328,True
5394,5394,2707,0,sty+bert,2,0,0.04167176360601977,True
5395,5395,2707,1,sty+bert,2,1,0.9881899337493782,True
5396,5396,2708,0,sty+bert,2,0,0.007569819547477177,True
5397,5397,2708,1,sty+bert,2,1,0.9989964169520696,True
5398,5398,2709,0,sty+bert,2,0,0.005429949502271019,True
5399,5399,2709,1,sty+bert,2,1,0.9974895728743718,True
5400,5400,2710,0,sty+bert,2,0,0.00041855967574281515,True
5401,5401,2710,1,sty+bert,2,1,0.9990236166028771,True
5402,5402,2711,0,sty+bert,2,0,0.001812193498685566,True
5403,5403,2711,1,sty+bert,2,1,0.9896859112367942,True
5404,5404,2712,0,sty+bert,2,0,0.002997958872680286,True
5405,5405,2712,1,sty+bert,2,1,0.9971249840200987,True
5406,5406,2713,0,sty+bert,2,0,0.015629442462560903,True
5407,5407,2713,1,sty+bert,2,1,0.7762457985606841,True
5408,5408,2714,0,sty+bert,2,0,0.27353266646570606,True
5409,5409,2714,1,sty+bert,2,1,0.9988863771590901,True
5410,5410,2715,0,sty+bert,2,0,0.06371883030892249,True
5411,5411,2715,1,sty+bert,2,1,0.9993521251586097,True
5412,5412,2716,0,sty+bert,2,0,0.00539566964770955,True
5413,5413,2716,1,sty+bert,2,1,0.9565579363817684,True
5414,5414,2717,0,sty+bert,2,0,0.0008728121177937128,True
5415,5415,2717,1,sty+bert,2,1,0.9975198050983511,True
5416,5416,2718,0,sty+bert,2,0,0.11531618402895069,True
5417,5417,2718,1,sty+bert,2,1,0.9987380056054196,True
5418,5418,2719,0,sty+bert,2,0,0.0027630349663404843,True
5419,5419,2719,1,sty+bert,2,1,0.999152289106755,True
5420,5420,2720,0,sty+bert,2,1,0.6163135507916828,False
5421,5421,2720,1,sty+bert,2,1,0.999438425178736,True
5422,5422,2721,0,sty+bert,2,0,0.0012174722067731102,True
5423,5423,2721,1,sty+bert,2,1,0.9996041524921814,True
5424,5424,2722,0,sty+bert,2,0,0.002333210282620958,True
5425,5425,2722,1,sty+bert,2,1,0.9987572343460577,True
5426,5426,2723,0,sty+bert,2,0,0.017143510627010076,True
5427,5427,2723,1,sty+bert,2,1,0.97258372919891,True
5428,5428,2724,0,sty+bert,2,0,0.0012294658857951277,True
5429,5429,2724,1,sty+bert,2,1,0.97700710377562,True
5430,5430,2725,0,sty+bert,2,0,0.0024092389645906888,True
5431,5431,2725,1,sty+bert,2,1,0.9990832805917297,True
5432,5432,2726,0,sty+bert,2,0,0.0004991862556897285,True
5433,5433,2726,1,sty+bert,2,1,0.997357547789829,True
5434,5434,2727,0,sty+bert,2,0,0.09422117225329953,True
5435,5435,2727,1,sty+bert,2,1,0.9979978042685395,True
5436,5436,2728,0,sty+bert,2,0,0.002346645769389799,True
5437,5437,2728,1,sty+bert,2,1,0.9996577894192005,True
5438,5438,2729,0,sty+bert,2,0,0.0005296193658412321,True
5439,5439,2729,1,sty+bert,2,1,0.9585791993049235,True
5440,5440,2730,0,sty+bert,2,0,0.075110803350388,True
5441,5441,2730,1,sty+bert,2,1,0.8949085691445399,True
5442,5442,2731,0,sty+bert,2,0,0.0004493323528867661,True
5443,5443,2731,1,sty+bert,2,1,0.9925224615399606,True
5444,5444,2732,0,sty+bert,2,0,0.0004617224140014321,True
5445,5445,2732,1,sty+bert,2,1,0.9991551784515765,True
5446,5446,2733,0,sty+bert,2,1,0.92067157695371,False
5447,5447,2733,1,sty+bert,2,1,0.7955061541458778,True
5448,5448,2734,0,sty+bert,2,0,0.04725396505418595,True
5449,5449,2734,1,sty+bert,2,1,0.9992067442850232,True
5450,5450,2735,0,sty+bert,2,0,0.034194954156852836,True
5451,5451,2735,1,sty+bert,2,1,0.9508828971355422,True
5452,5452,2736,0,sty+bert,2,0,0.0004219259131942201,True
5453,5453,2736,1,sty+bert,2,1,0.9841783802135626,True
5454,5454,2737,0,sty+bert,2,0,0.0013321370481823602,True
5455,5455,2737,1,sty+bert,2,1,0.9993321182064212,True
5456,5456,2738,0,sty+bert,2,1,0.5214891178356466,False
5457,5457,2738,1,sty+bert,2,1,0.9990956187205049,True
5458,5458,2739,0,sty+bert,2,0,0.0021747059750471445,True
5459,5459,2739,1,sty+bert,2,1,0.9993861728602419,True
5460,5460,2740,0,sty+bert,2,0,0.042629006759161654,True
5461,5461,2740,1,sty+bert,2,1,0.9994757052390082,True
5462,5462,2741,0,sty+bert,2,0,0.006699663344272247,True
5463,5463,2741,1,sty+bert,2,1,0.9983773874102133,True
5464,5464,2742,0,sty+bert,2,0,0.0005414749385933969,True
5465,5465,2742,1,sty+bert,2,1,0.9967613111341411,True
5466,5466,2743,0,sty+bert,2,1,0.9326192142922345,False
5467,5467,2743,1,sty+bert,2,1,0.9955180441536818,True
5468,5468,2744,0,sty+bert,2,0,0.01632860837903018,True
5469,5469,2744,1,sty+bert,2,1,0.9977016823493317,True
5470,5470,2745,0,sty+bert,2,0,0.0006107302634914227,True
5471,5471,2745,1,sty+bert,2,1,0.9231074792949098,True
5472,5472,2746,0,sty+bert,2,0,0.0019140626094024252,True
5473,5473,2746,1,sty+bert,2,0,0.12140850993007385,False
5474,5474,2747,0,sty+bert,2,0,0.13031140465226268,True
5475,5475,2747,1,sty+bert,2,1,0.9990876624496937,True
5476,5476,2748,0,sty+bert,2,0,0.0014215866609762426,True
5477,5477,2748,1,sty+bert,2,1,0.9979714425178188,True
5478,5478,2749,0,sty+bert,2,0,0.014073950045802197,True
5479,5479,2749,1,sty+bert,2,1,0.777111696493601,True
5480,5480,2750,0,sty+bert,2,0,0.0006324561411677835,True
5481,5481,2750,1,sty+bert,2,1,0.9987846003578132,True
5482,5482,2751,0,sty+bert,2,0,0.0009636174908557742,True
5483,5483,2751,1,sty+bert,2,1,0.9841071224101638,True
5484,5484,2752,0,sty+bert,2,1,0.620341405955788,False
5485,5485,2752,1,sty+bert,2,1,0.9991871197239495,True
5486,5486,2753,0,sty+bert,2,0,0.06359991274001238,True
5487,5487,2753,1,sty+bert,2,1,0.9997845310072329,True
5488,5488,2754,0,sty+bert,2,0,0.015408430551677683,True
5489,5489,2754,1,sty+bert,2,1,0.9943835942032296,True
5490,5490,2755,0,sty+bert,2,0,0.011189458844261995,True
5491,5491,2755,1,sty+bert,2,1,0.9995186481787154,True
5492,5492,2756,0,sty+bert,2,0,0.026803164937445657,True
5493,5493,2756,1,sty+bert,2,1,0.997872108766461,True
5494,5494,2757,0,sty+bert,2,0,0.0004751004713825924,True
5495,5495,2757,1,sty+bert,2,1,0.9607634166617973,True
5496,5496,2758,0,sty+bert,2,0,0.01256453562886348,True
5497,5497,2758,1,sty+bert,2,1,0.9996286496884934,True
5498,5498,2759,0,sty+bert,2,0,0.015355444421346608,True
5499,5499,2759,1,sty+bert,2,1,0.8941760287101167,True
5500,5500,2760,0,sty+bert,2,0,0.00028888259975913387,True
5501,5501,2760,1,sty+bert,2,1,0.9546183835188947,True
5502,5502,2761,0,sty+bert,2,0,0.021162943085404978,True
5503,5503,2761,1,sty+bert,2,1,0.9987920402881324,True
5504,5504,2762,0,sty+bert,2,0,0.0003353567298006945,True
5505,5505,2762,1,sty+bert,2,1,0.9945840419543975,True
5506,5506,2763,0,sty+bert,2,0,0.0001655829878873742,True
5507,5507,2763,1,sty+bert,2,1,0.9983310006160881,True
5508,5508,2764,0,sty+bert,2,0,0.00035934605695732663,True
5509,5509,2764,1,sty+bert,2,1,0.5724047614124442,True
5510,5510,2765,0,sty+bert,2,0,0.012143432060762568,True
5511,5511,2765,1,sty+bert,2,1,0.9970008676937816,True
5512,5512,2766,0,sty+bert,2,0,0.010488502492017403,True
5513,5513,2766,1,sty+bert,2,1,0.999022410808047,True
5514,5514,2767,0,sty+bert,2,0,0.04255239030078407,True
5515,5515,2767,1,sty+bert,2,1,0.9890223679462022,True
5516,5516,2768,0,sty+bert,2,1,0.5629489169981655,False
5517,5517,2768,1,sty+bert,2,1,0.9991305164729039,True
5518,5518,2769,0,sty+bert,2,0,0.0062136336735292095,True
5519,5519,2769,1,sty+bert,2,1,0.9976150482396685,True
5520,5520,2770,0,sty+bert,2,0,0.004484041870164722,True
5521,5521,2770,1,sty+bert,2,1,0.999510649336301,True
5522,5522,2771,0,sty+bert,2,0,0.02182571489366119,True
5523,5523,2771,1,sty+bert,2,1,0.898664995952563,True
5524,5524,2772,0,sty+bert,2,0,0.021543779454221812,True
5525,5525,2772,1,sty+bert,2,1,0.9998617600105432,True
5526,5526,2773,0,sty+bert,2,0,0.006827271195476803,True
5527,5527,2773,1,sty+bert,2,1,0.9952969376780594,True
5528,5528,2774,0,sty+bert,2,0,0.00035614475467795036,True
5529,5529,2774,1,sty+bert,2,1,0.9975051637021523,True
5530,5530,2775,0,sty+bert,2,0,0.012983515677452826,True
5531,5531,2775,1,sty+bert,2,1,0.9969593355672197,True
5532,5532,2776,0,sty+bert,2,0,0.0007669262280416622,True
5533,5533,2776,1,sty+bert,2,1,0.9986942392400299,True
5534,5534,2777,0,sty+bert,2,0,0.001599617874884088,True
5535,5535,2777,1,sty+bert,2,1,0.989732958066884,True
5536,5536,2778,0,sty+bert,2,0,0.00022906996635310633,True
5537,5537,2778,1,sty+bert,2,1,0.9992693450178997,True
5538,5538,2779,0,sty+bert,2,0,0.0016155062971984933,True
5539,5539,2779,1,sty+bert,2,1,0.9986298824793735,True
5540,5540,2780,0,sty+bert,2,0,0.10506591045984716,True
5541,5541,2780,1,sty+bert,2,1,0.9982757844819743,True
5542,5542,2781,0,sty+bert,2,0,0.008934696342219956,True
5543,5543,2781,1,sty+bert,2,1,0.9987017892684077,True
5544,5544,2782,0,sty+bert,2,0,0.00035706171613975117,True
5545,5545,2782,1,sty+bert,2,1,0.9986159474625637,True
5546,5546,2783,0,sty+bert,2,0,0.0020482514860940353,True
5547,5547,2783,1,sty+bert,2,1,0.984562676518827,True
5548,5548,2784,0,sty+bert,2,0,0.009980724232748742,True
5549,5549,2784,1,sty+bert,2,1,0.9993062207516311,True
5550,5550,2785,0,sty+bert,2,0,0.0003124689371076562,True
5551,5551,2785,1,sty+bert,2,1,0.9180666281954776,True
5552,5552,2786,0,sty+bert,2,0,0.04830705773847866,True
5553,5553,2786,1,sty+bert,2,1,0.9887216662819559,True
5554,5554,2787,0,sty+bert,2,0,0.0021378627072554494,True
5555,5555,2787,1,sty+bert,2,1,0.9937833025253908,True
5556,5556,2788,0,sty+bert,2,0,0.11904922317227441,True
5557,5557,2788,1,sty+bert,2,1,0.990071820928271,True
5558,5558,2789,0,sty+bert,2,0,0.019506420634503637,True
5559,5559,2789,1,sty+bert,2,1,0.9391777519154303,True
5560,5560,2790,0,sty+bert,2,0,0.0025369829013993125,True
5561,5561,2790,1,sty+bert,2,1,0.997635076190015,True
5562,5562,2791,0,sty+bert,2,0,0.1582259683478026,True
5563,5563,2791,1,sty+bert,2,1,0.9981726696626947,True
5564,5564,2792,0,sty+bert,2,0,0.031662738343222294,True
5565,5565,2792,1,sty+bert,2,1,0.9981249050867264,True
5566,5566,2793,0,sty+bert,2,0,0.07649370835286513,True
5567,5567,2793,1,sty+bert,2,1,0.9980296346429804,True
5568,5568,2794,0,sty+bert,2,0,0.3244167322231662,True
5569,5569,2794,1,sty+bert,2,1,0.9845962926357754,True
5570,5570,2795,0,sty+bert,2,0,0.006982987244691197,True
5571,5571,2795,1,sty+bert,2,1,0.5118743047374837,True
5572,5572,2796,0,sty+bert,2,0,0.005332432679234856,True
5573,5573,2796,1,sty+bert,2,1,0.9923214421790211,True
5574,5574,2797,0,sty+bert,2,0,0.03714337983544177,True
5575,5575,2797,1,sty+bert,2,1,0.991681341484635,True
5576,5576,2798,0,sty+bert,2,0,0.0009843935609093358,True
5577,5577,2798,1,sty+bert,2,1,0.9478909496685867,True
5578,5578,2799,0,sty+bert,2,0,0.0071044655730826915,True
5579,5579,2799,1,sty+bert,2,1,0.9998655989383879,True
5580,5580,2800,0,sty+bert,2,0,0.0009144843721633295,True
5581,5581,2800,1,sty+bert,2,1,0.7324475678471399,True
5582,5582,2801,0,sty+bert,2,0,0.00013290862436840317,True
5583,5583,2801,1,sty+bert,2,1,0.8989957769733649,True
5584,5584,2802,0,sty+bert,2,0,0.001715663647874144,True
5585,5585,2802,1,sty+bert,2,1,0.9555772760013502,True
5586,5586,2803,0,sty+bert,2,0,0.018098467551547308,True
5587,5587,2803,1,sty+bert,2,1,0.9998869944422634,True
5588,5588,2804,0,sty+bert,2,0,0.00042821737202624043,True
5589,5589,2804,1,sty+bert,2,1,0.9981943242263953,True
5590,5590,2805,0,sty+bert,2,0,0.0009392418857265784,True
5591,5591,2805,1,sty+bert,2,1,0.999228971368864,True
5592,5592,2806,0,sty+bert,2,0,0.0012086917225888661,True
5593,5593,2806,1,sty+bert,2,1,0.7293299781769083,True
5594,5594,2807,0,sty+bert,2,0,7.889767102284525e-05,True
5595,5595,2807,1,sty+bert,2,1,0.9959957402905537,True
5596,5596,2808,0,sty+bert,2,0,0.0016953271885037718,True
5597,5597,2808,1,sty+bert,2,1,0.9926658679404217,True
5598,5598,2809,0,sty+bert,2,0,0.0004285022027712036,True
5599,5599,2809,1,sty+bert,2,1,0.9934066889983986,True
5600,5600,2810,0,sty+bert,2,0,0.0008694152998774103,True
5601,5601,2810,1,sty+bert,2,1,0.9997569575560443,True
5602,5602,2811,0,sty+bert,2,0,0.003649067588314008,True
5603,5603,2811,1,sty+bert,2,1,0.8439855091605167,True
5604,5604,2812,0,sty+bert,2,0,0.000942891660797708,True
5605,5605,2812,1,sty+bert,2,1,0.9998712783508481,True
5606,5606,2813,0,sty+bert,2,0,0.006958639841960885,True
5607,5607,2813,1,sty+bert,2,1,0.9991430786283051,True
5608,5608,2814,0,sty+bert,2,0,0.0031738370887137964,True
5609,5609,2814,1,sty+bert,2,1,0.9994416834639153,True
5610,5610,2815,0,sty+bert,2,0,0.013769330265402148,True
5611,5611,2815,1,sty+bert,2,1,0.9620264471506743,True
5612,5612,2816,0,sty+bert,2,0,0.0005732740760478807,True
5613,5613,2816,1,sty+bert,2,1,0.9994603082276292,True
5614,5614,2817,0,sty+bert,2,0,0.0011281072561685284,True
5615,5615,2817,1,sty+bert,2,1,0.9965193715224667,True
5616,5616,2818,0,sty+bert,2,0,0.0008196271793418934,True
5617,5617,2818,1,sty+bert,2,1,0.993459996085086,True
5618,5618,2819,0,sty+bert,2,0,0.03247474523094308,True
5619,5619,2819,1,sty+bert,2,1,0.9929730707380903,True
5620,5620,2820,0,sty+bert,2,0,0.022462099287700384,True
5621,5621,2820,1,sty+bert,2,1,0.9990480595650383,True
5622,5622,2821,0,sty+bert,2,0,0.02112763682501549,True
5623,5623,2821,1,sty+bert,2,1,0.9959856768765804,True
5624,5624,2822,0,sty+bert,2,0,0.002756421494327609,True
5625,5625,2822,1,sty+bert,2,1,0.9964553372587498,True
5626,5626,2823,0,sty+bert,2,0,0.09436095057431637,True
5627,5627,2823,1,sty+bert,2,1,0.9989583131744765,True
5628,5628,2824,0,sty+bert,2,0,0.0003202702970171776,True
5629,5629,2824,1,sty+bert,2,1,0.9989018923597341,True
5630,5630,2825,0,sty+bert,2,0,0.00038451272258195005,True
5631,5631,2825,1,sty+bert,2,1,0.9942436964006607,True
5632,5632,2826,0,sty+bert,2,0,0.0014301866823632956,True
5633,5633,2826,1,sty+bert,2,1,0.9955284563644284,True
5634,5634,2827,0,sty+bert,2,0,0.0005895184761113365,True
5635,5635,2827,1,sty+bert,2,1,0.9962792087776504,True
5636,5636,2828,0,sty+bert,2,0,0.006317085358271394,True
5637,5637,2828,1,sty+bert,2,1,0.9967285170354806,True
5638,5638,2829,0,sty+bert,2,0,0.1273641204466981,True
5639,5639,2829,1,sty+bert,2,1,0.9973671210027268,True
5640,5640,2830,0,sty+bert,2,0,0.0010940715032281636,True
5641,5641,2830,1,sty+bert,2,1,0.9914541989036761,True
5642,5642,2831,0,sty+bert,2,0,0.000370352988324636,True
5643,5643,2831,1,sty+bert,2,1,0.9983808561038323,True
5644,5644,2832,0,sty+bert,2,0,0.021789323219985068,True
5645,5645,2832,1,sty+bert,2,1,0.9992703346135082,True
5646,5646,2833,0,sty+bert,2,0,0.00025305733820347537,True
5647,5647,2833,1,sty+bert,2,1,0.5275535507936252,True
5648,5648,2834,0,sty+bert,2,0,7.353388154264439e-05,True
5649,5649,2834,1,sty+bert,2,1,0.9987800125919297,True
5650,5650,2835,0,sty+bert,2,0,0.003454886371831781,True
5651,5651,2835,1,sty+bert,2,1,0.9994436286409719,True
5652,5652,2836,0,sty+bert,2,0,0.08283543973574571,True
5653,5653,2836,1,sty+bert,2,1,0.9996920906142795,True
5654,5654,2837,0,sty+bert,2,0,0.029823692774881033,True
5655,5655,2837,1,sty+bert,2,1,0.998638551639014,True
5656,5656,2838,0,sty+bert,2,0,0.05070881148430632,True
5657,5657,2838,1,sty+bert,2,1,0.9980507864946788,True
5658,5658,2839,0,sty+bert,2,0,0.027476374371082038,True
5659,5659,2839,1,sty+bert,2,1,0.9985408985310001,True
5660,5660,2840,0,sty+bert,2,0,0.013875976419264269,True
5661,5661,2840,1,sty+bert,2,1,0.9868007943881915,True
5662,5662,2841,0,sty+bert,2,0,0.004048095886226384,True
5663,5663,2841,1,sty+bert,2,1,0.9996200381941042,True
5664,5664,2842,0,sty+bert,2,0,0.00018286133840089014,True
5665,5665,2842,1,sty+bert,2,1,0.5578712078710354,True
5666,5666,2843,0,sty+bert,2,0,0.05082880248029662,True
5667,5667,2843,1,sty+bert,2,1,0.9985447032226368,True
5668,5668,2844,0,sty+bert,2,0,0.00042574797780640803,True
5669,5669,2844,1,sty+bert,2,1,0.987197691602547,True
5670,5670,2845,0,sty+bert,2,0,0.0002737505498908767,True
5671,5671,2845,1,sty+bert,2,1,0.9981614827073105,True
5672,5672,2846,0,sty+bert,2,0,0.00990633628053404,True
5673,5673,2846,1,sty+bert,2,1,0.9886912579250506,True
5674,5674,2847,0,sty+bert,2,0,0.2885900896744805,True
5675,5675,2847,1,sty+bert,2,1,0.9923843394989607,True
5676,5676,2848,0,sty+bert,2,0,0.004218901954232354,True
5677,5677,2848,1,sty+bert,2,1,0.9891101587111997,True
5678,5678,2849,0,sty+bert,2,0,0.003946325597888193,True
5679,5679,2849,1,sty+bert,2,1,0.9988536733287714,True
5680,5680,2850,0,sty+bert,2,0,0.0063473016178241595,True
5681,5681,2850,1,sty+bert,2,1,0.9983847016116981,True
5682,5682,2851,0,sty+bert,2,0,0.0008013106911174361,True
5683,5683,2851,1,sty+bert,2,0,0.45556397450521047,False
5684,5684,2852,0,sty+bert,2,0,0.00018375547151868222,True
5685,5685,2852,1,sty+bert,2,1,0.9904375748694948,True
5686,5686,2853,0,sty+bert,2,0,0.006243466031734574,True
5687,5687,2853,1,sty+bert,2,1,0.9976240528058092,True
5688,5688,2854,0,sty+bert,2,0,0.0010058136235164615,True
5689,5689,2854,1,sty+bert,2,1,0.9963466973996322,True
5690,5690,2855,0,sty+bert,2,0,0.0010029152082429845,True
5691,5691,2855,1,sty+bert,2,1,0.9927314844262414,True
5692,5692,2856,0,sty+bert,2,0,0.05670300179840085,True
5693,5693,2856,1,sty+bert,2,1,0.996381113533732,True
5694,5694,2857,0,sty+bert,2,0,0.004715388492305705,True
5695,5695,2857,1,sty+bert,2,1,0.9987175093644367,True
5696,5696,2858,0,sty+bert,2,0,0.00026885060165891296,True
5697,5697,2858,1,sty+bert,2,1,0.9972580447677822,True
5698,5698,2859,0,sty+bert,2,0,0.0027882937265257383,True
5699,5699,2859,1,sty+bert,2,1,0.9981456784577883,True
5700,5700,2860,0,sty+bert,2,0,0.00041127884931897073,True
5701,5701,2860,1,sty+bert,2,1,0.8545037215826535,True
5702,5702,2861,0,sty+bert,2,0,0.002228798304891784,True
5703,5703,2861,1,sty+bert,2,0,0.015570811677635686,False
5704,5704,2862,0,sty+bert,2,0,0.0003090692790834731,True
5705,5705,2862,1,sty+bert,2,1,0.9659970688643499,True
5706,5706,2863,0,sty+bert,2,0,0.00785180436303865,True
5707,5707,2863,1,sty+bert,2,1,0.9952065594434668,True
5708,5708,2864,0,sty+bert,2,0,0.0028167815909848275,True
5709,5709,2864,1,sty+bert,2,1,0.9985498695062814,True
5710,5710,2865,0,sty+bert,2,0,0.0016874938772428693,True
5711,5711,2865,1,sty+bert,2,1,0.9994090174339014,True
5712,5712,2866,0,sty+bert,2,0,0.011866303767721898,True
5713,5713,2866,1,sty+bert,2,1,0.9993669727376455,True
5714,5714,2867,0,sty+bert,2,0,0.0002721862945100897,True
5715,5715,2867,1,sty+bert,2,1,0.9943544344197647,True
5716,5716,2868,0,sty+bert,2,0,0.0032313924488027563,True
5717,5717,2868,1,sty+bert,2,1,0.9745266921670148,True
5718,5718,2869,0,sty+bert,2,0,0.0014330788413775878,True
5719,5719,2869,1,sty+bert,2,1,0.9990346522877911,True
5720,5720,2870,0,sty+bert,2,0,0.017145423777405206,True
5721,5721,2870,1,sty+bert,2,1,0.9991464484632969,True
5722,5722,2871,0,sty+bert,2,0,0.007927348826240332,True
5723,5723,2871,1,sty+bert,2,1,0.9337639463242993,True
5724,5724,2872,0,sty+bert,2,0,0.002725637751126648,True
5725,5725,2872,1,sty+bert,2,1,0.9948168900246467,True
5726,5726,2873,0,sty+bert,2,0,0.003253079931064319,True
5727,5727,2873,1,sty+bert,2,1,0.9828790754019322,True
5728,5728,2874,0,sty+bert,2,0,0.004985254380699941,True
5729,5729,2874,1,sty+bert,2,1,0.821025274077331,True
5730,5730,2875,0,sty+bert,2,0,0.013884806888216993,True
5731,5731,2875,1,sty+bert,2,1,0.9978158182504872,True
5732,5732,2876,0,sty+bert,2,0,0.0008804759782457211,True
5733,5733,2876,1,sty+bert,2,1,0.9906814060040627,True
5734,5734,2877,0,sty+bert,2,0,0.03297767095280578,True
5735,5735,2877,1,sty+bert,2,1,0.7640367376673562,True
5736,5736,2878,0,sty+bert,2,0,0.0015517841681669366,True
5737,5737,2878,1,sty+bert,2,1,0.9896240366217176,True
5738,5738,2879,0,sty+bert,2,0,0.0015303797476308478,True
5739,5739,2879,1,sty+bert,2,1,0.9933251453824922,True
5740,5740,2880,0,sty+bert,2,0,0.0030022657488697224,True
5741,5741,2880,1,sty+bert,2,1,0.9930529424050717,True
5742,5742,2881,0,sty+bert,2,0,0.009055285337311366,True
5743,5743,2881,1,sty+bert,2,1,0.9803900030964255,True
5744,5744,2882,0,sty+bert,2,0,9.315923471543354e-05,True
5745,5745,2882,1,sty+bert,2,1,0.9990939330058344,True
5746,5746,2883,0,sty+bert,2,0,0.006217047158930623,True
5747,5747,2883,1,sty+bert,2,1,0.9989835044819223,True
5748,5748,2884,0,sty+bert,2,0,0.007165609783380844,True
5749,5749,2884,1,sty+bert,2,1,0.9992857155597226,True
5750,5750,2885,0,sty+bert,2,0,0.2513952219277444,True
5751,5751,2885,1,sty+bert,2,1,0.9980190014230372,True
5752,5752,2886,0,sty+bert,2,0,0.00031848135772298054,True
5753,5753,2886,1,sty+bert,2,1,0.9958571760181048,True
5754,5754,2887,0,sty+bert,2,0,0.009516707040716998,True
5755,5755,2887,1,sty+bert,2,1,0.9993567452409425,True
5756,5756,2888,0,sty+bert,2,0,0.010592857036036272,True
5757,5757,2888,1,sty+bert,2,1,0.9977870730146591,True
5758,5758,2889,0,sty+bert,2,0,0.08279684757453284,True
5759,5759,2889,1,sty+bert,2,1,0.9982337039049071,True
5760,5760,2890,0,sty+bert,2,0,0.001967983445468941,True
5761,5761,2890,1,sty+bert,2,1,0.9992718440710476,True
5762,5762,2891,0,sty+bert,2,0,0.024792261755302934,True
5763,5763,2891,1,sty+bert,2,1,0.9994985851112433,True
5764,5764,2892,0,sty+bert,2,0,0.04979934552490499,True
5765,5765,2892,1,sty+bert,2,1,0.9939542610219221,True
5766,5766,2893,0,sty+bert,2,0,0.00529780742068998,True
5767,5767,2893,1,sty+bert,2,1,0.9986424150617788,True
5768,5768,2894,0,sty+bert,2,0,0.0011295353236175328,True
5769,5769,2894,1,sty+bert,2,1,0.6091492043751057,True
5770,5770,2895,0,sty+bert,2,0,0.0049034479639714365,True
5771,5771,2895,1,sty+bert,2,1,0.996437998172345,True
5772,5772,2896,0,sty+bert,2,0,0.4047757403157595,True
5773,5773,2896,1,sty+bert,2,1,0.956918469964934,True
5774,5774,2897,0,sty+bert,2,0,0.059218852373185096,True
5775,5775,2897,1,sty+bert,2,1,0.9980359813903873,True
5776,5776,2898,0,sty+bert,2,0,0.005908873408025675,True
5777,5777,2898,1,sty+bert,2,1,0.9986712319126037,True
5778,5778,2899,0,sty+bert,2,0,0.006962081399176065,True
5779,5779,2899,1,sty+bert,2,1,0.9995072752446785,True
5780,5780,2900,0,sty+bert,2,0,0.014646938326795837,True
5781,5781,2900,1,sty+bert,2,1,0.6320298960014832,True
5782,5782,2901,0,sty+bert,2,0,0.0028549587269553244,True
5783,5783,2901,1,sty+bert,2,1,0.9943109564401469,True
5784,5784,2902,0,sty+bert,2,0,0.003717024609390134,True
5785,5785,2902,1,sty+bert,2,1,0.9673573163141068,True
5786,5786,2903,0,sty+bert,2,0,0.003433215088869931,True
5787,5787,2903,1,sty+bert,2,1,0.967951305090423,True
5788,5788,2904,0,sty+bert,2,0,0.0020477066925029784,True
5789,5789,2904,1,sty+bert,2,0,0.49680436309806,False
5790,5790,2905,0,sty+bert,2,0,0.0005700578542576743,True
5791,5791,2905,1,sty+bert,2,1,0.999899171874615,True
5792,5792,2906,0,sty+bert,2,0,0.04148971465316647,True
5793,5793,2906,1,sty+bert,2,1,0.9970455693491924,True
5794,5794,2907,0,sty+bert,2,0,0.0005252885161920496,True
5795,5795,2907,1,sty+bert,2,1,0.9994586506312474,True
5796,5796,2908,0,sty+bert,2,0,0.00032555038333747474,True
5797,5797,2908,1,sty+bert,2,1,0.9961051577587763,True
5798,5798,2909,0,sty+bert,2,0,0.0003259184024068262,True
5799,5799,2909,1,sty+bert,2,1,0.9987075461452205,True
5800,5800,2910,0,sty+bert,2,0,0.027544053773880528,True
5801,5801,2910,1,sty+bert,2,1,0.9987772277345469,True
5802,5802,2911,0,sty+bert,2,0,0.0006760136720540185,True
5803,5803,2911,1,sty+bert,2,1,0.9968324277741129,True
5804,5804,2912,0,sty+bert,2,0,0.00011354912391397323,True
5805,5805,2912,1,sty+bert,2,1,0.9998194568974449,True
5806,5806,2913,0,sty+bert,2,0,0.0007588850952104403,True
5807,5807,2913,1,sty+bert,2,1,0.9997494695224262,True
5808,5808,2914,0,sty+bert,2,0,0.020034150996813157,True
5809,5809,2914,1,sty+bert,2,1,0.9639058930164689,True
5810,5810,2915,0,sty+bert,2,0,0.0040442484945774895,True
5811,5811,2915,1,sty+bert,2,1,0.9993042307848259,True
5812,5812,2916,0,sty+bert,2,0,0.013656648306963575,True
5813,5813,2916,1,sty+bert,2,1,0.9984601006014108,True
5814,5814,2917,0,sty+bert,2,0,0.0002837333471778972,True
5815,5815,2917,1,sty+bert,2,1,0.9995754833830764,True
5816,5816,2918,0,sty+bert,2,0,0.0018507395633410723,True
5817,5817,2918,1,sty+bert,2,1,0.9977552440299663,True
5818,5818,2919,0,sty+bert,2,0,6.45131617950521e-05,True
5819,5819,2919,1,sty+bert,2,1,0.9900936961957607,True
5820,5820,2920,0,sty+bert,2,0,0.00044294625941293563,True
5821,5821,2920,1,sty+bert,2,1,0.9991581575683468,True
5822,5822,2921,0,sty+bert,2,0,0.0032033844537179153,True
5823,5823,2921,1,sty+bert,2,1,0.9977439972526835,True
5824,5824,2922,0,sty+bert,2,0,4.7106860305596957e-05,True
5825,5825,2922,1,sty+bert,2,1,0.8961121236846704,True
5826,5826,2923,0,sty+bert,2,0,0.0019533562871677087,True
5827,5827,2923,1,sty+bert,2,1,0.9982981695106282,True
5828,5828,2924,0,sty+bert,2,0,0.00018669330183417724,True
5829,5829,2924,1,sty+bert,2,1,0.9960919253191601,True
5830,5830,2925,0,sty+bert,2,0,0.0003032304477890949,True
5831,5831,2925,1,sty+bert,2,1,0.8361782054518777,True
5832,5832,2926,0,sty+bert,2,0,0.0030230911551279195,True
5833,5833,2926,1,sty+bert,2,1,0.999756998290141,True
5834,5834,2927,0,sty+bert,2,1,0.8354532029131839,False
5835,5835,2927,1,sty+bert,2,1,0.9990205844167195,True
5836,5836,2928,0,sty+bert,2,0,0.029842602012809968,True
5837,5837,2928,1,sty+bert,2,1,0.9982997878066362,True
5838,5838,2929,0,sty+bert,2,0,0.12524567178686022,True
5839,5839,2929,1,sty+bert,2,1,0.9996669449971074,True
5840,5840,2930,0,sty+bert,2,0,0.0004894747449554209,True
5841,5841,2930,1,sty+bert,2,1,0.999722056782774,True
5842,5842,2931,0,sty+bert,2,0,0.04743726703292066,True
5843,5843,2931,1,sty+bert,2,1,0.9882817714564686,True
5844,5844,2932,0,sty+bert,2,0,0.0009820687294501511,True
5845,5845,2932,1,sty+bert,2,1,0.9993421293985039,True
5846,5846,2933,0,sty+bert,2,0,0.0006270210361579796,True
5847,5847,2933,1,sty+bert,2,1,0.9996234129728647,True
5848,5848,2934,0,sty+bert,2,0,0.009791893488079491,True
5849,5849,2934,1,sty+bert,2,1,0.9974484684827296,True
5850,5850,2935,0,sty+bert,2,0,0.053097110729314494,True
5851,5851,2935,1,sty+bert,2,1,0.9985174041724973,True
5852,5852,2936,0,sty+bert,2,0,0.0015761657104249045,True
5853,5853,2936,1,sty+bert,2,1,0.815608728220946,True
5854,5854,2937,0,sty+bert,2,0,5.890950921880564e-05,True
5855,5855,2937,1,sty+bert,2,1,0.5368866888935615,True
5856,5856,2938,0,sty+bert,2,0,0.012890766567861008,True
5857,5857,2938,1,sty+bert,2,1,0.9967092386661042,True
5858,5858,2939,0,sty+bert,2,0,0.0035205865602044722,True
5859,5859,2939,1,sty+bert,2,1,0.9976131200270087,True
5860,5860,2940,0,sty+bert,2,0,0.0012898289414561247,True
5861,5861,2940,1,sty+bert,2,1,0.8998471686623774,True
5862,5862,2941,0,sty+bert,2,0,0.00018036925581386704,True
5863,5863,2941,1,sty+bert,2,1,0.9805170491265647,True
5864,5864,2942,0,sty+bert,2,0,0.31173151535279064,True
5865,5865,2942,1,sty+bert,2,1,0.9981872785087779,True
5866,5866,2943,0,sty+bert,2,0,0.002662488558013209,True
5867,5867,2943,1,sty+bert,2,1,0.9994792637089848,True
5868,5868,2944,0,sty+bert,2,0,0.0650310845692046,True
5869,5869,2944,1,sty+bert,2,1,0.9795165273934716,True
5870,5870,2945,0,sty+bert,2,0,0.17566688522687832,True
5871,5871,2945,1,sty+bert,2,1,0.9990574084220739,True
5872,5872,2946,0,sty+bert,2,0,0.0024565445704123794,True
5873,5873,2946,1,sty+bert,2,1,0.9969310462142096,True
5874,5874,2947,0,sty+bert,2,0,0.0009550653006655679,True
5875,5875,2947,1,sty+bert,2,1,0.9980867415779691,True
5876,5876,2948,0,sty+bert,2,0,0.010299660192761009,True
5877,5877,2948,1,sty+bert,2,1,0.9730816470701698,True
5878,5878,2949,0,sty+bert,2,0,0.0010846409307463853,True
5879,5879,2949,1,sty+bert,2,1,0.8836461755549251,True
5880,5880,2950,0,sty+bert,2,0,0.2911306287754156,True
5881,5881,2950,1,sty+bert,2,1,0.9993328211540305,True
5882,5882,2951,0,sty+bert,2,0,0.0003256700240271297,True
5883,5883,2951,1,sty+bert,2,1,0.9449540236811205,True
5884,5884,2952,0,sty+bert,2,0,0.000984059607820444,True
5885,5885,2952,1,sty+bert,2,1,0.9976230712821549,True
5886,5886,2953,0,sty+bert,2,0,0.010441635336478993,True
5887,5887,2953,1,sty+bert,2,1,0.9996075182690787,True
5888,5888,2954,0,sty+bert,2,0,0.018270897870833046,True
5889,5889,2954,1,sty+bert,2,1,0.9992007176510083,True
5890,5890,2955,0,sty+bert,2,1,0.9776922642934106,False
5891,5891,2955,1,sty+bert,2,1,0.9988518275730195,True
5892,5892,2956,0,sty+bert,2,0,0.0011320722895749732,True
5893,5893,2956,1,sty+bert,2,1,0.9986414604930146,True
5894,5894,2957,0,sty+bert,2,0,0.4191667538819963,True
5895,5895,2957,1,sty+bert,2,1,0.9979248606456006,True
5896,5896,2958,0,sty+bert,2,0,0.0003163383985704155,True
5897,5897,2958,1,sty+bert,2,1,0.9978520871126794,True
5898,5898,2959,0,sty+bert,2,0,0.002070978494868812,True
5899,5899,2959,1,sty+bert,2,1,0.9970949574408806,True
5900,5900,2960,0,sty+bert,2,0,0.0005126032111015562,True
5901,5901,2960,1,sty+bert,2,1,0.9990007799125171,True
5902,5902,2961,0,sty+bert,2,0,0.006994607180386133,True
5903,5903,2961,1,sty+bert,2,0,0.3852506226635718,False
5904,5904,2962,0,sty+bert,2,0,0.09656652182705117,True
5905,5905,2962,1,sty+bert,2,1,0.998990830083307,True
5906,5906,2963,0,sty+bert,2,0,0.0013448661192818053,True
5907,5907,2963,1,sty+bert,2,1,0.9908463391390361,True
5908,5908,2964,0,sty+bert,2,0,0.0031702881694431603,True
5909,5909,2964,1,sty+bert,2,1,0.9476803914885904,True
5910,5910,2965,0,sty+bert,2,0,0.0006003684857312501,True
5911,5911,2965,1,sty+bert,2,1,0.9955745434264313,True
5912,5912,2966,0,sty+bert,2,0,0.005346254980768253,True
5913,5913,2966,1,sty+bert,2,1,0.9919115378458928,True
5914,5914,2967,0,sty+bert,2,0,0.009561694051278576,True
5915,5915,2967,1,sty+bert,2,1,0.6006463708955361,True
5916,5916,2968,0,sty+bert,2,0,0.050926297426465074,True
5917,5917,2968,1,sty+bert,2,1,0.9904707461689177,True
5918,5918,2969,0,sty+bert,2,0,0.07342161927220482,True
5919,5919,2969,1,sty+bert,2,1,0.9902127218049404,True
5920,5920,2970,0,sty+bert,2,0,0.00023112865607413048,True
5921,5921,2970,1,sty+bert,2,1,0.9992821207569985,True
5922,5922,2971,0,sty+bert,2,0,0.0051971740569673255,True
5923,5923,2971,1,sty+bert,2,1,0.9904675160803298,True
5924,5924,2972,0,sty+bert,2,0,0.0062127142675339805,True
5925,5925,2972,1,sty+bert,2,1,0.9333524279329332,True
5926,5926,2973,1,sty+bert,2,1,0.9982630301893396,True
5927,5927,2974,0,sty+bert,2,0,0.00022013452431176146,True
5928,5928,2974,1,sty+bert,2,1,0.7376849996254079,True
5929,5929,2975,0,sty+bert,2,0,0.0006633233752725418,True
5930,5930,2975,1,sty+bert,2,1,0.9940020639516585,True
5931,5931,2976,0,sty+bert,2,0,0.0009375819705815657,True
5932,5932,2976,1,sty+bert,2,1,0.975732273726316,True
5933,5933,2977,0,sty+bert,2,0,0.0121546959306923,True
5934,5934,2977,1,sty+bert,2,1,0.9995822240459885,True
5935,5935,2978,0,sty+bert,2,0,0.004922144092162879,True
5936,5936,2978,1,sty+bert,2,1,0.9996263015847656,True
5937,5937,2979,0,sty+bert,2,0,0.00040978347245418286,True
5938,5938,2979,1,sty+bert,2,1,0.9884387383138787,True
5939,5939,2980,0,sty+bert,2,0,0.00027553341517940345,True
5940,5940,2980,1,sty+bert,2,1,0.9994810406146694,True
5941,5941,2981,0,sty+bert,2,0,0.0006771130937338296,True
5942,5942,2981,1,sty+bert,2,1,0.9889230662296032,True
5943,5943,2982,0,sty+bert,2,0,0.009803351871177653,True
5944,5944,2982,1,sty+bert,2,1,0.9667720548510734,True
5945,5945,2983,0,sty+bert,2,0,0.06898848128824372,True
5946,5946,2983,1,sty+bert,2,1,0.9984615730005254,True
5947,5947,2984,0,sty+bert,2,0,0.001370978636806409,True
5948,5948,2984,1,sty+bert,2,1,0.994557046040679,True
5949,5949,2985,0,sty+bert,2,0,0.0002624925477387492,True
5950,5950,2985,1,sty+bert,2,1,0.9991391479653576,True
5951,5951,2986,0,sty+bert,2,0,0.0019745430101199453,True
5952,5952,2986,1,sty+bert,2,1,0.996537407220136,True
5953,5953,2987,0,sty+bert,2,0,0.0010172126050348924,True
5954,5954,2987,1,sty+bert,2,1,0.9710310306473205,True
5955,5955,2988,0,sty+bert,2,0,0.056972183428971965,True
5956,5956,2988,1,sty+bert,2,1,0.9880788909967786,True
5957,5957,2989,0,sty+bert,2,0,0.002082387728036495,True
5958,5958,2989,1,sty+bert,2,1,0.9997832788882405,True
5959,5959,2990,0,sty+bert,2,0,0.0028505430223828513,True
5960,5960,2990,1,sty+bert,2,1,0.9978334009479375,True
5961,5961,2991,0,sty+bert,2,0,0.050051039361344925,True
5962,5962,2991,1,sty+bert,2,1,0.9992472956900879,True
5963,5963,2992,0,sty+bert,2,0,0.06397445681312161,True
5964,5964,2992,1,sty+bert,2,1,0.9986242555265711,True
5965,5965,2993,0,sty+bert,2,0,0.00034034919892137724,True
5966,5966,2993,1,sty+bert,2,1,0.9937737038016307,True
5967,5967,2994,0,sty+bert,2,0,0.13230285741132727,True
5968,5968,2994,1,sty+bert,2,1,0.9978208642171039,True
5969,5969,2995,0,sty+bert,2,0,0.001511665543171308,True
5970,5970,2995,1,sty+bert,2,1,0.999894060868323,True
5971,5971,2996,0,sty+bert,2,0,0.03944808737398534,True
5972,5972,2996,1,sty+bert,2,1,0.9986537347762239,True
5973,5973,2997,0,sty+bert,2,0,0.0002239675061939076,True
5974,5974,2997,1,sty+bert,2,1,0.9968675547971036,True
5975,5975,2998,0,sty+bert,2,0,0.048418366232188856,True
5976,5976,2998,1,sty+bert,2,1,0.8772171934219313,True
5977,5977,2999,0,sty+bert,2,0,0.06347924033966301,True
5978,5978,2999,1,sty+bert,2,1,0.9976631210400773,True
