row_index,doc_id,source_id,label_aktual,kombinasi,n_fitur,prediksi,probabilitas_AI,benar
0,0,0,0,sty+tfidf+bert+perp,4,0,0.08478204327972465,True
1,1,0,1,sty+tfidf+bert+perp,4,1,0.9993512438355475,True
2,2,1,0,sty+tfidf+bert+perp,4,0,0.0024036763703085464,True
3,3,1,1,sty+tfidf+bert+perp,4,1,0.99804767900883,True
4,4,2,0,sty+tfidf+bert+perp,4,0,0.009511692154868858,True
5,5,2,1,sty+tfidf+bert+perp,4,1,0.9956931502266181,True
6,6,3,0,sty+tfidf+bert+perp,4,0,0.001860795499831591,True
7,7,3,1,sty+tfidf+bert+perp,4,1,0.9998388125954085,True
8,8,4,0,sty+tfidf+bert+perp,4,0,0.0010444916663951628,True
9,9,4,1,sty+tfidf+bert+perp,4,1,0.9994636546638662,True
10,10,5,0,sty+tfidf+bert+perp,4,0,0.0011596029212713765,True
11,11,5,1,sty+tfidf+bert+perp,4,1,0.9798208414049392,True
12,12,6,0,sty+tfidf+bert+perp,4,0,0.0001699013561411232,True
13,13,6,1,sty+tfidf+bert+perp,4,1,0.9983657405859098,True
14,14,7,0,sty+tfidf+bert+perp,4,0,0.0005884419952442673,True
15,15,7,1,sty+tfidf+bert+perp,4,1,0.9989976788282812,True
16,16,8,0,sty+tfidf+bert+perp,4,0,0.0008795018073020675,True
17,17,8,1,sty+tfidf+bert+perp,4,1,0.9998499045962755,True
18,18,9,0,sty+tfidf+bert+perp,4,0,0.3951560689667874,True
19,19,9,1,sty+tfidf+bert+perp,4,1,0.9989784252996475,True
20,20,10,0,sty+tfidf+bert+perp,4,0,0.05274025174761555,True
21,21,10,1,sty+tfidf+bert+perp,4,1,0.9981327710065254,True
22,22,11,0,sty+tfidf+bert+perp,4,0,0.004000835093833932,True
23,23,11,1,sty+tfidf+bert+perp,4,1,0.9969308094038727,True
24,24,12,0,sty+tfidf+bert+perp,4,0,0.006726636792948067,True
25,25,12,1,sty+tfidf+bert+perp,4,1,0.9963313529503395,True
26,26,13,0,sty+tfidf+bert+perp,4,0,0.003322945268377688,True
27,27,13,1,sty+tfidf+bert+perp,4,1,0.9991241723063011,True
28,28,14,0,sty+tfidf+bert+perp,4,0,0.0002781158819991357,True
29,29,14,1,sty+tfidf+bert+perp,4,1,0.998978783850284,True
30,30,15,0,sty+tfidf+bert+perp,4,0,0.0024982437672891092,True
31,31,15,1,sty+tfidf+bert+perp,4,1,0.9995961274787114,True
32,32,16,0,sty+tfidf+bert+perp,4,0,0.029701975681574587,True
33,33,16,1,sty+tfidf+bert+perp,4,1,0.9974956043769693,True
34,34,17,0,sty+tfidf+bert+perp,4,0,0.0037687507125705993,True
35,35,17,1,sty+tfidf+bert+perp,4,1,0.9999281560092793,True
36,36,18,0,sty+tfidf+bert+perp,4,0,0.007281377821994483,True
37,37,18,1,sty+tfidf+bert+perp,4,1,0.9988136975898897,True
38,38,19,0,sty+tfidf+bert+perp,4,0,0.058009670372065066,True
39,39,19,1,sty+tfidf+bert+perp,4,1,0.9975189660165963,True
40,40,20,0,sty+tfidf+bert+perp,4,0,0.00036278690071504273,True
41,41,20,1,sty+tfidf+bert+perp,4,1,0.9948613525687008,True
42,42,21,0,sty+tfidf+bert+perp,4,0,0.006951586041414963,True
43,43,21,1,sty+tfidf+bert+perp,4,1,0.9892839098004034,True
44,44,22,0,sty+tfidf+bert+perp,4,0,0.006337569628412574,True
45,45,22,1,sty+tfidf+bert+perp,4,1,0.998938345298303,True
46,46,23,0,sty+tfidf+bert+perp,4,0,5.758698472375469e-05,True
47,47,23,1,sty+tfidf+bert+perp,4,1,0.9993972515881308,True
48,48,24,0,sty+tfidf+bert+perp,4,0,0.02460701698102686,True
49,49,24,1,sty+tfidf+bert+perp,4,1,0.9869256743034115,True
50,50,25,0,sty+tfidf+bert+perp,4,0,0.003895055118831921,True
51,51,25,1,sty+tfidf+bert+perp,4,1,0.9988585998906272,True
52,52,26,0,sty+tfidf+bert+perp,4,0,0.009947655527707155,True
53,53,26,1,sty+tfidf+bert+perp,4,1,0.9995945228103644,True
54,54,27,0,sty+tfidf+bert+perp,4,0,0.00039068805845763965,True
55,55,27,1,sty+tfidf+bert+perp,4,1,0.9892133077177699,True
56,56,28,0,sty+tfidf+bert+perp,4,1,0.9091280773315152,False
57,57,28,1,sty+tfidf+bert+perp,4,1,0.9997291287196737,True
58,58,29,0,sty+tfidf+bert+perp,4,0,0.007364692498584987,True
59,59,29,1,sty+tfidf+bert+perp,4,1,0.9997365935051161,True
60,60,30,0,sty+tfidf+bert+perp,4,0,0.0009927210639922139,True
61,61,30,1,sty+tfidf+bert+perp,4,1,0.9995843791970851,True
62,62,31,0,sty+tfidf+bert+perp,4,0,0.0006323403994207535,True
63,63,31,1,sty+tfidf+bert+perp,4,1,0.9770022516029994,True
64,64,32,0,sty+tfidf+bert+perp,4,0,0.007717808341560776,True
65,65,32,1,sty+tfidf+bert+perp,4,0,0.0007179125305954848,False
66,66,33,0,sty+tfidf+bert+perp,4,0,0.0004101154598371226,True
67,67,33,1,sty+tfidf+bert+perp,4,1,0.9988820219854422,True
68,68,34,0,sty+tfidf+bert+perp,4,0,0.0045300448183008424,True
69,69,34,1,sty+tfidf+bert+perp,4,1,0.9786994522493877,True
70,70,35,0,sty+tfidf+bert+perp,4,0,0.04884837638531847,True
71,71,35,1,sty+tfidf+bert+perp,4,1,0.9995486184243438,True
72,72,36,0,sty+tfidf+bert+perp,4,0,8.906552128772506e-05,True
73,73,36,1,sty+tfidf+bert+perp,4,1,0.9983841729460233,True
74,74,37,0,sty+tfidf+bert+perp,4,0,8.150539866682099e-05,True
75,75,37,1,sty+tfidf+bert+perp,4,1,0.9987208502954391,True
76,76,38,0,sty+tfidf+bert+perp,4,0,0.010630556053280114,True
77,77,38,1,sty+tfidf+bert+perp,4,1,0.9998485950823497,True
78,78,39,0,sty+tfidf+bert+perp,4,0,0.004783697232735887,True
79,79,39,1,sty+tfidf+bert+perp,4,1,0.9998032218063436,True
80,80,40,0,sty+tfidf+bert+perp,4,0,0.0012657192188075049,True
81,81,40,1,sty+tfidf+bert+perp,4,1,0.9933385054102486,True
82,82,41,0,sty+tfidf+bert+perp,4,0,0.0002933759774890187,True
83,83,41,1,sty+tfidf+bert+perp,4,1,0.9946473075904426,True
84,84,42,0,sty+tfidf+bert+perp,4,0,0.009014691939812134,True
85,85,42,1,sty+tfidf+bert+perp,4,1,0.9994253797222042,True
86,86,43,0,sty+tfidf+bert+perp,4,0,0.016850548322672302,True
87,87,43,1,sty+tfidf+bert+perp,4,1,0.9962178840394454,True
88,88,44,0,sty+tfidf+bert+perp,4,0,0.012302466759278046,True
89,89,44,1,sty+tfidf+bert+perp,4,1,0.847799765866605,True
90,90,45,0,sty+tfidf+bert+perp,4,0,0.05340605623135758,True
91,91,45,1,sty+tfidf+bert+perp,4,1,0.839564179537077,True
92,92,46,0,sty+tfidf+bert+perp,4,0,0.0011005393662731407,True
93,93,46,1,sty+tfidf+bert+perp,4,1,0.9999549752785905,True
94,94,47,0,sty+tfidf+bert+perp,4,0,0.003159095407465187,True
95,95,47,1,sty+tfidf+bert+perp,4,1,0.9984401252020065,True
96,96,48,0,sty+tfidf+bert+perp,4,0,0.0003359852342300535,True
97,97,48,1,sty+tfidf+bert+perp,4,1,0.8885542442395263,True
98,98,49,0,sty+tfidf+bert+perp,4,0,0.0009218930033738046,True
99,99,49,1,sty+tfidf+bert+perp,4,1,0.9994013680133773,True
100,100,50,0,sty+tfidf+bert+perp,4,0,0.038845414169137685,True
101,101,50,1,sty+tfidf+bert+perp,4,1,0.9997285522100152,True
102,102,51,0,sty+tfidf+bert+perp,4,0,0.004053743047776824,True
103,103,51,1,sty+tfidf+bert+perp,4,1,0.9999044491289806,True
104,104,52,0,sty+tfidf+bert+perp,4,0,0.0004687308395451206,True
105,105,52,1,sty+tfidf+bert+perp,4,1,0.9404334885714458,True
106,106,53,0,sty+tfidf+bert+perp,4,0,0.0010891811063406707,True
107,107,53,1,sty+tfidf+bert+perp,4,1,0.9987939366402901,True
108,108,54,0,sty+tfidf+bert+perp,4,0,0.00937889017812268,True
109,109,54,1,sty+tfidf+bert+perp,4,1,0.8757322337732588,True
110,110,55,0,sty+tfidf+bert+perp,4,0,0.008728614346591682,True
111,111,55,1,sty+tfidf+bert+perp,4,1,0.9991743515369487,True
112,112,56,0,sty+tfidf+bert+perp,4,0,0.0002005159973258174,True
113,113,56,1,sty+tfidf+bert+perp,4,1,0.999571773643279,True
114,114,57,0,sty+tfidf+bert+perp,4,0,0.0017587995631385166,True
115,115,57,1,sty+tfidf+bert+perp,4,1,0.9997705519759473,True
116,116,58,0,sty+tfidf+bert+perp,4,0,0.00787721624454019,True
117,117,58,1,sty+tfidf+bert+perp,4,1,0.9988406578553264,True
118,118,59,0,sty+tfidf+bert+perp,4,0,0.0007249153921931987,True
119,119,59,1,sty+tfidf+bert+perp,4,1,0.9999500305855412,True
120,120,60,0,sty+tfidf+bert+perp,4,0,0.0008004617226899245,True
121,121,60,1,sty+tfidf+bert+perp,4,1,0.9983232094940893,True
122,122,61,0,sty+tfidf+bert+perp,4,0,0.0029136136646531426,True
123,123,61,1,sty+tfidf+bert+perp,4,1,0.9976927315356124,True
124,124,62,0,sty+tfidf+bert+perp,4,0,0.007486851677766598,True
125,125,62,1,sty+tfidf+bert+perp,4,1,0.9976386713761898,True
126,126,63,0,sty+tfidf+bert+perp,4,0,0.003908497176770117,True
127,127,63,1,sty+tfidf+bert+perp,4,1,0.9804097818517123,True
128,128,64,0,sty+tfidf+bert+perp,4,0,0.0014122093703102826,True
129,129,64,1,sty+tfidf+bert+perp,4,1,0.9354825316077336,True
130,130,65,0,sty+tfidf+bert+perp,4,1,0.7377091649679676,False
131,131,65,1,sty+tfidf+bert+perp,4,1,0.9886192377308625,True
132,132,66,0,sty+tfidf+bert+perp,4,0,0.04335540275545803,True
133,133,66,1,sty+tfidf+bert+perp,4,1,0.9969658367816004,True
134,134,67,0,sty+tfidf+bert+perp,4,0,0.004741132900492355,True
135,135,67,1,sty+tfidf+bert+perp,4,1,0.9993884172130547,True
136,136,68,0,sty+tfidf+bert+perp,4,0,0.021152414827023437,True
137,137,68,1,sty+tfidf+bert+perp,4,1,0.9981105748023101,True
138,138,69,0,sty+tfidf+bert+perp,4,0,0.015098626340896835,True
139,139,69,1,sty+tfidf+bert+perp,4,1,0.9677752865986077,True
140,140,70,0,sty+tfidf+bert+perp,4,0,0.0033759982896066605,True
141,141,70,1,sty+tfidf+bert+perp,4,1,0.9951722000244982,True
142,142,71,0,sty+tfidf+bert+perp,4,0,0.00012395996012289616,True
143,143,71,1,sty+tfidf+bert+perp,4,1,0.9999172546945486,True
144,144,72,0,sty+tfidf+bert+perp,4,0,0.002087245165221127,True
145,145,72,1,sty+tfidf+bert+perp,4,1,0.9989888272210421,True
146,146,73,1,sty+tfidf+bert+perp,4,1,0.9998226112541536,True
147,147,74,0,sty+tfidf+bert+perp,4,0,0.00016598561739934303,True
148,148,74,1,sty+tfidf+bert+perp,4,1,0.9998656440104884,True
149,149,75,0,sty+tfidf+bert+perp,4,0,0.0013944575649978874,True
150,150,75,1,sty+tfidf+bert+perp,4,1,0.997926966002596,True
151,151,76,0,sty+tfidf+bert+perp,4,0,0.001334614671202345,True
152,152,76,1,sty+tfidf+bert+perp,4,1,0.9982914633267852,True
153,153,77,0,sty+tfidf+bert+perp,4,0,0.007237506384306839,True
154,154,77,1,sty+tfidf+bert+perp,4,1,0.9377812121222091,True
155,155,78,0,sty+tfidf+bert+perp,4,0,0.04362075797008782,True
156,156,78,1,sty+tfidf+bert+perp,4,0,0.07525059648139135,False
157,157,79,0,sty+tfidf+bert+perp,4,0,0.1640039751054455,True
158,158,79,1,sty+tfidf+bert+perp,4,1,0.5728993073378957,True
159,159,80,0,sty+tfidf+bert+perp,4,0,0.0027600285282472353,True
160,160,80,1,sty+tfidf+bert+perp,4,1,0.9040554020655164,True
161,161,81,0,sty+tfidf+bert+perp,4,0,0.0006908634008060816,True
162,162,81,1,sty+tfidf+bert+perp,4,1,0.9996346605155821,True
163,163,82,0,sty+tfidf+bert+perp,4,0,0.0003308433162607603,True
164,164,82,1,sty+tfidf+bert+perp,4,1,0.9994179565061924,True
165,165,83,0,sty+tfidf+bert+perp,4,0,0.0003517869169435257,True
166,166,83,1,sty+tfidf+bert+perp,4,1,0.9827629239383425,True
167,167,84,0,sty+tfidf+bert+perp,4,0,0.0006425931950144442,True
168,168,84,1,sty+tfidf+bert+perp,4,1,0.9992376654617329,True
169,169,85,0,sty+tfidf+bert+perp,4,0,0.0006667314170672516,True
170,170,85,1,sty+tfidf+bert+perp,4,1,0.9977132936900199,True
171,171,86,0,sty+tfidf+bert+perp,4,0,0.15368005802622217,True
172,172,86,1,sty+tfidf+bert+perp,4,1,0.9996426946208049,True
173,173,87,0,sty+tfidf+bert+perp,4,0,0.00027511963035138946,True
174,174,87,1,sty+tfidf+bert+perp,4,1,0.9995044273048245,True
175,175,88,0,sty+tfidf+bert+perp,4,0,0.2735996907113614,True
176,176,88,1,sty+tfidf+bert+perp,4,1,0.9914825125116392,True
177,177,89,0,sty+tfidf+bert+perp,4,0,0.0011893474641353932,True
178,178,89,1,sty+tfidf+bert+perp,4,1,0.9993580557529305,True
179,179,90,0,sty+tfidf+bert+perp,4,0,0.002024603392051423,True
180,180,90,1,sty+tfidf+bert+perp,4,1,0.9871917108172085,True
181,181,91,0,sty+tfidf+bert+perp,4,0,0.03286803611598723,True
182,182,91,1,sty+tfidf+bert+perp,4,1,0.999275862365553,True
183,183,92,0,sty+tfidf+bert+perp,4,0,0.0685160862660396,True
184,184,92,1,sty+tfidf+bert+perp,4,1,0.9999211207189344,True
185,185,93,0,sty+tfidf+bert+perp,4,0,0.0004439609543150984,True
186,186,93,1,sty+tfidf+bert+perp,4,1,0.9995105571653163,True
187,187,94,0,sty+tfidf+bert+perp,4,0,0.026668872085055438,True
188,188,94,1,sty+tfidf+bert+perp,4,1,0.9978138701256227,True
189,189,95,0,sty+tfidf+bert+perp,4,0,0.0003762382292320461,True
190,190,95,1,sty+tfidf+bert+perp,4,1,0.9518606115234785,True
191,191,96,0,sty+tfidf+bert+perp,4,0,0.00012871394951994666,True
192,192,96,1,sty+tfidf+bert+perp,4,1,0.9996434249691015,True
193,193,97,0,sty+tfidf+bert+perp,4,0,0.004360247798500166,True
194,194,97,1,sty+tfidf+bert+perp,4,1,0.999573750788005,True
195,195,98,0,sty+tfidf+bert+perp,4,0,0.0003344472597996834,True
196,196,98,1,sty+tfidf+bert+perp,4,1,0.9902801007650012,True
197,197,99,0,sty+tfidf+bert+perp,4,0,0.0007857452651654741,True
198,198,99,1,sty+tfidf+bert+perp,4,1,0.9997632945476326,True
199,199,100,0,sty+tfidf+bert+perp,4,0,5.0345063759199655e-05,True
200,200,100,1,sty+tfidf+bert+perp,4,1,0.9993786149002061,True
201,201,101,0,sty+tfidf+bert+perp,4,0,0.0004293655948625365,True
202,202,101,1,sty+tfidf+bert+perp,4,1,0.9985379269518893,True
203,203,102,0,sty+tfidf+bert+perp,4,0,0.00016930537217002938,True
204,204,102,1,sty+tfidf+bert+perp,4,1,0.9995562948994136,True
205,205,103,0,sty+tfidf+bert+perp,4,0,0.0006425574542412801,True
206,206,103,1,sty+tfidf+bert+perp,4,1,0.9991524884278175,True
207,207,104,0,sty+tfidf+bert+perp,4,0,0.01481468662089688,True
208,208,104,1,sty+tfidf+bert+perp,4,1,0.999687930305921,True
209,209,105,0,sty+tfidf+bert+perp,4,0,0.0021929004813023277,True
210,210,105,1,sty+tfidf+bert+perp,4,1,0.9996543692861727,True
211,211,106,0,sty+tfidf+bert+perp,4,0,0.00024894312693385764,True
212,212,106,1,sty+tfidf+bert+perp,4,1,0.9869029377463187,True
213,213,107,0,sty+tfidf+bert+perp,4,0,0.008932989608882417,True
214,214,107,1,sty+tfidf+bert+perp,4,1,0.9993770152499725,True
215,215,108,0,sty+tfidf+bert+perp,4,0,2.1730444686032375e-05,True
216,216,108,1,sty+tfidf+bert+perp,4,1,0.9897958017977361,True
217,217,109,0,sty+tfidf+bert+perp,4,0,0.0005330349193549796,True
218,218,109,1,sty+tfidf+bert+perp,4,0,0.10110823002949466,False
219,219,110,0,sty+tfidf+bert+perp,4,0,0.00044411503182122943,True
220,220,110,1,sty+tfidf+bert+perp,4,1,0.988087021613865,True
221,221,111,0,sty+tfidf+bert+perp,4,0,0.0018587796906830915,True
222,222,111,1,sty+tfidf+bert+perp,4,1,0.9975225720494065,True
223,223,112,0,sty+tfidf+bert+perp,4,0,4.43379931624493e-05,True
224,224,112,1,sty+tfidf+bert+perp,4,1,0.9996111370466894,True
225,225,113,0,sty+tfidf+bert+perp,4,0,9.496856076511276e-05,True
226,226,113,1,sty+tfidf+bert+perp,4,1,0.9827085764627624,True
227,227,114,0,sty+tfidf+bert+perp,4,0,0.0036396339249273302,True
228,228,114,1,sty+tfidf+bert+perp,4,1,0.9991160932361202,True
229,229,115,0,sty+tfidf+bert+perp,4,0,0.0018300371190588703,True
230,230,115,1,sty+tfidf+bert+perp,4,1,0.999635000123123,True
231,231,116,0,sty+tfidf+bert+perp,4,0,0.00015339330450837057,True
232,232,116,1,sty+tfidf+bert+perp,4,1,0.9997356072807511,True
233,233,117,0,sty+tfidf+bert+perp,4,0,0.0003225349311319516,True
234,234,117,1,sty+tfidf+bert+perp,4,1,0.996567405089228,True
235,235,118,0,sty+tfidf+bert+perp,4,0,0.06319517185255287,True
236,236,118,1,sty+tfidf+bert+perp,4,1,0.9999204647797674,True
237,237,119,0,sty+tfidf+bert+perp,4,0,0.0005100054305508226,True
238,238,119,1,sty+tfidf+bert+perp,4,1,0.9991406885066753,True
239,239,120,0,sty+tfidf+bert+perp,4,0,0.06521506402570956,True
240,240,120,1,sty+tfidf+bert+perp,4,1,0.9985029247886807,True
241,241,121,0,sty+tfidf+bert+perp,4,0,0.003749068178191433,True
242,242,121,1,sty+tfidf+bert+perp,4,1,0.9999138243526344,True
243,243,122,0,sty+tfidf+bert+perp,4,0,0.014892814113597688,True
244,244,122,1,sty+tfidf+bert+perp,4,1,0.999941559663351,True
245,245,123,0,sty+tfidf+bert+perp,4,0,0.1462728914486457,True
246,246,123,1,sty+tfidf+bert+perp,4,1,0.9992003546104337,True
247,247,124,0,sty+tfidf+bert+perp,4,0,0.0015515916102929793,True
248,248,124,1,sty+tfidf+bert+perp,4,1,0.9997522175949991,True
249,249,125,0,sty+tfidf+bert+perp,4,0,0.01113072612901237,True
250,250,125,1,sty+tfidf+bert+perp,4,1,0.8724343404762408,True
251,251,126,0,sty+tfidf+bert+perp,4,0,0.0004480278077322769,True
252,252,126,1,sty+tfidf+bert+perp,4,1,0.9991466519882275,True
253,253,127,0,sty+tfidf+bert+perp,4,0,0.0006456888181201502,True
254,254,127,1,sty+tfidf+bert+perp,4,1,0.9998160047665717,True
255,255,128,0,sty+tfidf+bert+perp,4,0,0.004215311319048469,True
256,256,128,1,sty+tfidf+bert+perp,4,1,0.9354314756581448,True
257,257,129,0,sty+tfidf+bert+perp,4,0,7.291233770366779e-05,True
258,258,129,1,sty+tfidf+bert+perp,4,1,0.9989169483067092,True
259,259,130,0,sty+tfidf+bert+perp,4,0,0.00023430173500911002,True
260,260,130,1,sty+tfidf+bert+perp,4,1,0.9916598153967601,True
261,261,131,0,sty+tfidf+bert+perp,4,0,0.00019126997287864943,True
262,262,131,1,sty+tfidf+bert+perp,4,1,0.9980054443418349,True
263,263,132,0,sty+tfidf+bert+perp,4,0,0.03650712804007041,True
264,264,132,1,sty+tfidf+bert+perp,4,1,0.9989694012598567,True
265,265,133,0,sty+tfidf+bert+perp,4,0,1.173409286469634e-05,True
266,266,133,1,sty+tfidf+bert+perp,4,1,0.999067134765743,True
267,267,134,0,sty+tfidf+bert+perp,4,0,0.0073391924642678226,True
268,268,134,1,sty+tfidf+bert+perp,4,0,0.31763543452830845,False
269,269,135,0,sty+tfidf+bert+perp,4,0,0.004800395719382066,True
270,270,135,1,sty+tfidf+bert+perp,4,1,0.9982096861041946,True
271,271,136,0,sty+tfidf+bert+perp,4,0,0.011875595342461005,True
272,272,136,1,sty+tfidf+bert+perp,4,1,0.9992670583892491,True
273,273,137,0,sty+tfidf+bert+perp,4,0,0.0006229674045526025,True
274,274,137,1,sty+tfidf+bert+perp,4,1,0.9996059411450643,True
275,275,138,0,sty+tfidf+bert+perp,4,0,0.0044019661884068285,True
276,276,138,1,sty+tfidf+bert+perp,4,1,0.9942153074636617,True
277,277,139,0,sty+tfidf+bert+perp,4,0,0.00023720537147240475,True
278,278,139,1,sty+tfidf+bert+perp,4,1,0.9898370223843678,True
279,279,140,0,sty+tfidf+bert+perp,4,0,0.006684306052462052,True
280,280,140,1,sty+tfidf+bert+perp,4,1,0.9958898636766281,True
281,281,141,0,sty+tfidf+bert+perp,4,0,0.00104555274441197,True
282,282,141,1,sty+tfidf+bert+perp,4,1,0.9978575833934875,True
283,283,142,0,sty+tfidf+bert+perp,4,0,0.0011338819277022893,True
284,284,142,1,sty+tfidf+bert+perp,4,1,0.9996930927318248,True
285,285,143,0,sty+tfidf+bert+perp,4,0,0.0002526353809392004,True
286,286,143,1,sty+tfidf+bert+perp,4,1,0.9994072352697003,True
287,287,144,0,sty+tfidf+bert+perp,4,0,0.0004713681337199253,True
288,288,144,1,sty+tfidf+bert+perp,4,1,0.998413045804657,True
289,289,145,0,sty+tfidf+bert+perp,4,0,0.017797734760192852,True
290,290,145,1,sty+tfidf+bert+perp,4,1,0.9950067207581791,True
291,291,146,0,sty+tfidf+bert+perp,4,0,0.18274388497700406,True
292,292,146,1,sty+tfidf+bert+perp,4,1,0.9984517887082693,True
293,293,147,0,sty+tfidf+bert+perp,4,0,0.13507623938144178,True
294,294,147,1,sty+tfidf+bert+perp,4,1,0.9841288365101796,True
295,295,148,0,sty+tfidf+bert+perp,4,0,0.00030958646338676335,True
296,296,148,1,sty+tfidf+bert+perp,4,1,0.9949235206929279,True
297,297,149,0,sty+tfidf+bert+perp,4,0,0.0021364477796444606,True
298,298,149,1,sty+tfidf+bert+perp,4,1,0.9972938331893741,True
299,299,150,0,sty+tfidf+bert+perp,4,0,0.0010233018414050844,True
300,300,150,1,sty+tfidf+bert+perp,4,1,0.9985276117681298,True
301,301,151,0,sty+tfidf+bert+perp,4,0,0.003560710089022411,True
302,302,151,1,sty+tfidf+bert+perp,4,1,0.9967023715797666,True
303,303,152,0,sty+tfidf+bert+perp,4,0,0.0005600237684583345,True
304,304,152,1,sty+tfidf+bert+perp,4,1,0.9434310539986053,True
305,305,153,0,sty+tfidf+bert+perp,4,0,0.000709790992149683,True
306,306,153,1,sty+tfidf+bert+perp,4,1,0.9607257313248904,True
307,307,154,0,sty+tfidf+bert+perp,4,0,0.006239358297574874,True
308,308,154,1,sty+tfidf+bert+perp,4,1,0.9991586493922677,True
309,309,155,0,sty+tfidf+bert+perp,4,0,0.0006806740686619082,True
310,310,155,1,sty+tfidf+bert+perp,4,1,0.9998063029169335,True
311,311,156,0,sty+tfidf+bert+perp,4,0,0.0011285339540518858,True
312,312,156,1,sty+tfidf+bert+perp,4,1,0.9999126248779474,True
313,313,157,0,sty+tfidf+bert+perp,4,0,7.037869339152167e-05,True
314,314,157,1,sty+tfidf+bert+perp,4,1,0.9992068404550168,True
315,315,158,0,sty+tfidf+bert+perp,4,0,3.954115072971334e-05,True
316,316,158,1,sty+tfidf+bert+perp,4,1,0.9993909409676832,True
317,317,159,0,sty+tfidf+bert+perp,4,0,0.00018412902433941625,True
318,318,159,1,sty+tfidf+bert+perp,4,1,0.9998754939962926,True
319,319,160,0,sty+tfidf+bert+perp,4,0,0.003035866794762746,True
320,320,160,1,sty+tfidf+bert+perp,4,1,0.9093894001887207,True
321,321,161,0,sty+tfidf+bert+perp,4,0,0.00014658234285827828,True
322,322,161,1,sty+tfidf+bert+perp,4,1,0.9998578588315784,True
323,323,162,0,sty+tfidf+bert+perp,4,0,0.0013334416440105238,True
324,324,162,1,sty+tfidf+bert+perp,4,1,0.9998741978097812,True
325,325,163,0,sty+tfidf+bert+perp,4,0,0.0006562445758797652,True
326,326,163,1,sty+tfidf+bert+perp,4,1,0.9978370477238088,True
327,327,164,0,sty+tfidf+bert+perp,4,0,0.00019918895752008415,True
328,328,164,1,sty+tfidf+bert+perp,4,1,0.9829578492687921,True
329,329,165,0,sty+tfidf+bert+perp,4,1,0.6459433574114288,False
330,330,165,1,sty+tfidf+bert+perp,4,1,0.9998067657420922,True
331,331,166,0,sty+tfidf+bert+perp,4,0,0.04029971525474647,True
332,332,166,1,sty+tfidf+bert+perp,4,1,0.9974082727097517,True
333,333,167,0,sty+tfidf+bert+perp,4,0,0.0010474780929793583,True
334,334,167,1,sty+tfidf+bert+perp,4,1,0.9180196112569413,True
335,335,168,0,sty+tfidf+bert+perp,4,0,0.029835436122289248,True
336,336,168,1,sty+tfidf+bert+perp,4,1,0.9996783033891098,True
337,337,169,0,sty+tfidf+bert+perp,4,0,0.00025561452198774793,True
338,338,169,1,sty+tfidf+bert+perp,4,1,0.9995885886310376,True
339,339,170,0,sty+tfidf+bert+perp,4,0,0.00029580055910862526,True
340,340,170,1,sty+tfidf+bert+perp,4,1,0.9996562548604501,True
341,341,171,0,sty+tfidf+bert+perp,4,0,0.00022136505132130073,True
342,342,171,1,sty+tfidf+bert+perp,4,1,0.9993762585557295,True
343,343,172,0,sty+tfidf+bert+perp,4,0,0.03908708132123488,True
344,344,172,1,sty+tfidf+bert+perp,4,1,0.9911056860095895,True
345,345,173,0,sty+tfidf+bert+perp,4,0,0.01797404631753403,True
346,346,173,1,sty+tfidf+bert+perp,4,1,0.9999190480896444,True
347,347,174,0,sty+tfidf+bert+perp,4,0,0.0003483136657454016,True
348,348,174,1,sty+tfidf+bert+perp,4,1,0.9992285046876833,True
349,349,175,0,sty+tfidf+bert+perp,4,0,0.0023218602205989035,True
350,350,175,1,sty+tfidf+bert+perp,4,1,0.9787178888068275,True
351,351,176,0,sty+tfidf+bert+perp,4,0,0.023203093708121625,True
352,352,176,1,sty+tfidf+bert+perp,4,1,0.9984476830815625,True
353,353,177,0,sty+tfidf+bert+perp,4,0,0.0004389849374310956,True
354,354,177,1,sty+tfidf+bert+perp,4,1,0.9813255766370066,True
355,355,178,0,sty+tfidf+bert+perp,4,0,0.003367350014697878,True
356,356,178,1,sty+tfidf+bert+perp,4,1,0.9991423707189085,True
357,357,179,0,sty+tfidf+bert+perp,4,0,0.005613974286962855,True
358,358,179,1,sty+tfidf+bert+perp,4,1,0.9991699022853633,True
359,359,180,0,sty+tfidf+bert+perp,4,0,0.0041349793846509365,True
360,360,180,1,sty+tfidf+bert+perp,4,1,0.9997058435539472,True
361,361,181,0,sty+tfidf+bert+perp,4,0,0.0001232652945619943,True
362,362,181,1,sty+tfidf+bert+perp,4,1,0.9993592711659113,True
363,363,182,0,sty+tfidf+bert+perp,4,0,1.8732940939746976e-05,True
364,364,182,1,sty+tfidf+bert+perp,4,1,0.9992072530442935,True
365,365,183,0,sty+tfidf+bert+perp,4,0,0.0001068446506730743,True
366,366,183,1,sty+tfidf+bert+perp,4,1,0.9261660085357711,True
367,367,184,0,sty+tfidf+bert+perp,4,0,0.006088761288003379,True
368,368,184,1,sty+tfidf+bert+perp,4,1,0.9971944869254075,True
369,369,185,0,sty+tfidf+bert+perp,4,0,0.004049656099319583,True
370,370,185,1,sty+tfidf+bert+perp,4,1,0.987702607864213,True
371,371,186,0,sty+tfidf+bert+perp,4,0,0.03791626371633777,True
372,372,186,1,sty+tfidf+bert+perp,4,1,0.9994491090441348,True
373,373,187,0,sty+tfidf+bert+perp,4,0,0.004153551264854774,True
374,374,187,1,sty+tfidf+bert+perp,4,1,0.9998997163879297,True
375,375,188,0,sty+tfidf+bert+perp,4,0,0.001211946914605504,True
376,376,188,1,sty+tfidf+bert+perp,4,1,0.9999530933009378,True
377,377,189,0,sty+tfidf+bert+perp,4,0,2.451434768899801e-05,True
378,378,189,1,sty+tfidf+bert+perp,4,1,0.9879078394105392,True
379,379,190,0,sty+tfidf+bert+perp,4,0,0.00012172545520713284,True
380,380,190,1,sty+tfidf+bert+perp,4,1,0.7900881029483818,True
381,381,191,0,sty+tfidf+bert+perp,4,0,0.0006981620459005811,True
382,382,191,1,sty+tfidf+bert+perp,4,1,0.9985850655544005,True
383,383,192,0,sty+tfidf+bert+perp,4,0,0.01723876348372875,True
384,384,192,1,sty+tfidf+bert+perp,4,1,0.9993762078770874,True
385,385,193,0,sty+tfidf+bert+perp,4,0,0.00257477396085199,True
386,386,193,1,sty+tfidf+bert+perp,4,1,0.9975800438995294,True
387,387,194,0,sty+tfidf+bert+perp,4,0,0.000842913882873483,True
388,388,194,1,sty+tfidf+bert+perp,4,1,0.9582545051286873,True
389,389,195,0,sty+tfidf+bert+perp,4,0,0.0002509765257156239,True
390,390,195,1,sty+tfidf+bert+perp,4,1,0.9654369587994235,True
391,391,196,0,sty+tfidf+bert+perp,4,0,0.006299814240295862,True
392,392,196,1,sty+tfidf+bert+perp,4,1,0.9992642534451258,True
393,393,197,0,sty+tfidf+bert+perp,4,0,0.03960276956198544,True
394,394,197,1,sty+tfidf+bert+perp,4,1,0.9997557445970682,True
395,395,198,0,sty+tfidf+bert+perp,4,0,0.00034034445535317077,True
396,396,198,1,sty+tfidf+bert+perp,4,1,0.9998685722518279,True
397,397,199,0,sty+tfidf+bert+perp,4,0,0.0028646201792530686,True
398,398,199,1,sty+tfidf+bert+perp,4,1,0.9593501988220698,True
399,399,200,0,sty+tfidf+bert+perp,4,0,0.0066747933960753,True
400,400,200,1,sty+tfidf+bert+perp,4,1,0.8720815428942071,True
401,401,201,0,sty+tfidf+bert+perp,4,0,0.016233884975386928,True
402,402,201,1,sty+tfidf+bert+perp,4,1,0.9987004651131134,True
403,403,202,0,sty+tfidf+bert+perp,4,0,9.888446604793699e-05,True
404,404,202,1,sty+tfidf+bert+perp,4,1,0.9664418833690233,True
405,405,203,0,sty+tfidf+bert+perp,4,0,0.002477040826839652,True
406,406,203,1,sty+tfidf+bert+perp,4,1,0.9841450568298808,True
407,407,204,0,sty+tfidf+bert+perp,4,0,0.14430926055404292,True
408,408,204,1,sty+tfidf+bert+perp,4,1,0.829005612161135,True
409,409,205,0,sty+tfidf+bert+perp,4,0,0.00018131198446660725,True
410,410,205,1,sty+tfidf+bert+perp,4,1,0.9906034629443782,True
411,411,206,0,sty+tfidf+bert+perp,4,0,0.18209348885771126,True
412,412,206,1,sty+tfidf+bert+perp,4,1,0.9992962068325082,True
413,413,207,0,sty+tfidf+bert+perp,4,0,0.00019219215810687494,True
414,414,207,1,sty+tfidf+bert+perp,4,1,0.9687877898186409,True
415,415,208,0,sty+tfidf+bert+perp,4,0,0.0025687485487274754,True
416,416,208,1,sty+tfidf+bert+perp,4,1,0.9634661277767136,True
417,417,209,0,sty+tfidf+bert+perp,4,0,0.00047395759824710626,True
418,418,209,1,sty+tfidf+bert+perp,4,1,0.9997523967491113,True
419,419,210,0,sty+tfidf+bert+perp,4,0,0.015823644613850024,True
420,420,210,1,sty+tfidf+bert+perp,4,1,0.9847157219802756,True
421,421,211,0,sty+tfidf+bert+perp,4,0,0.00038768750611041855,True
422,422,211,1,sty+tfidf+bert+perp,4,0,0.01317848275790763,False
423,423,212,0,sty+tfidf+bert+perp,4,0,0.0025755778558326555,True
424,424,212,1,sty+tfidf+bert+perp,4,1,0.9992035886335058,True
425,425,213,0,sty+tfidf+bert+perp,4,1,0.8354929832391312,False
426,426,213,1,sty+tfidf+bert+perp,4,1,0.9998643059156581,True
427,427,214,0,sty+tfidf+bert+perp,4,0,0.006866772260789711,True
428,428,214,1,sty+tfidf+bert+perp,4,1,0.9994506478910955,True
429,429,215,0,sty+tfidf+bert+perp,4,0,0.00025743804089279037,True
430,430,215,1,sty+tfidf+bert+perp,4,1,0.9903558137374663,True
431,431,216,0,sty+tfidf+bert+perp,4,0,0.0007925242514615348,True
432,432,216,1,sty+tfidf+bert+perp,4,1,0.9981960644705331,True
433,433,217,0,sty+tfidf+bert+perp,4,0,2.0871163691057325e-05,True
434,434,217,1,sty+tfidf+bert+perp,4,1,0.9967092961511573,True
435,435,218,0,sty+tfidf+bert+perp,4,0,0.00014856510453342198,True
436,436,218,1,sty+tfidf+bert+perp,4,1,0.99849109572247,True
437,437,219,0,sty+tfidf+bert+perp,4,0,0.00944335235026839,True
438,438,219,1,sty+tfidf+bert+perp,4,1,0.999219103979563,True
439,439,220,0,sty+tfidf+bert+perp,4,0,0.0014762924850079348,True
440,440,220,1,sty+tfidf+bert+perp,4,1,0.9996782921546427,True
441,441,221,0,sty+tfidf+bert+perp,4,0,0.005295463180335306,True
442,442,221,1,sty+tfidf+bert+perp,4,1,0.999577107934294,True
443,443,222,0,sty+tfidf+bert+perp,4,0,0.0010754817761183617,True
444,444,222,1,sty+tfidf+bert+perp,4,1,0.9998139688226396,True
445,445,223,0,sty+tfidf+bert+perp,4,0,0.0022532281887156134,True
446,446,223,1,sty+tfidf+bert+perp,4,1,0.9997964483561511,True
447,447,224,0,sty+tfidf+bert+perp,4,0,0.0007423037829682445,True
448,448,224,1,sty+tfidf+bert+perp,4,1,0.9997081781881284,True
449,449,225,0,sty+tfidf+bert+perp,4,0,2.1223040861333428e-05,True
450,450,225,1,sty+tfidf+bert+perp,4,1,0.9995565687235386,True
451,451,226,0,sty+tfidf+bert+perp,4,0,0.020126766970032548,True
452,452,226,1,sty+tfidf+bert+perp,4,1,0.7325719134758956,True
453,453,227,0,sty+tfidf+bert+perp,4,0,0.00010888909553438988,True
454,454,227,1,sty+tfidf+bert+perp,4,1,0.9963952923286689,True
455,455,228,0,sty+tfidf+bert+perp,4,0,0.0008656495413857947,True
456,456,228,1,sty+tfidf+bert+perp,4,1,0.9998017430429942,True
457,457,229,0,sty+tfidf+bert+perp,4,0,0.0012167950368712393,True
458,458,229,1,sty+tfidf+bert+perp,4,1,0.9993939089527276,True
459,459,230,0,sty+tfidf+bert+perp,4,0,0.0007076738858586408,True
460,460,230,1,sty+tfidf+bert+perp,4,0,0.4629010168110643,False
461,461,231,0,sty+tfidf+bert+perp,4,0,0.00015666456003097037,True
462,462,231,1,sty+tfidf+bert+perp,4,1,0.9992920294382538,True
463,463,232,0,sty+tfidf+bert+perp,4,1,0.9892135952270202,False
464,464,232,1,sty+tfidf+bert+perp,4,1,0.9995129628307029,True
465,465,233,0,sty+tfidf+bert+perp,4,0,7.558284224987464e-05,True
466,466,233,1,sty+tfidf+bert+perp,4,1,0.9967603925182038,True
467,467,234,0,sty+tfidf+bert+perp,4,0,0.0005396370877726047,True
468,468,234,1,sty+tfidf+bert+perp,4,1,0.9992166098444131,True
469,469,235,0,sty+tfidf+bert+perp,4,0,0.0005042162781974585,True
470,470,235,1,sty+tfidf+bert+perp,4,1,0.9930770469655429,True
471,471,236,0,sty+tfidf+bert+perp,4,0,0.04032462813792298,True
472,472,236,1,sty+tfidf+bert+perp,4,1,0.9732409036848829,True
473,473,237,0,sty+tfidf+bert+perp,4,0,0.0005570512251327492,True
474,474,237,1,sty+tfidf+bert+perp,4,1,0.9998855467252519,True
475,475,238,0,sty+tfidf+bert+perp,4,0,0.0001020117337864801,True
476,476,238,1,sty+tfidf+bert+perp,4,1,0.9963946997083709,True
477,477,239,0,sty+tfidf+bert+perp,4,0,0.001995733615400289,True
478,478,239,1,sty+tfidf+bert+perp,4,1,0.9998757218323714,True
479,479,240,0,sty+tfidf+bert+perp,4,0,0.0056269631176745095,True
480,480,240,1,sty+tfidf+bert+perp,4,1,0.9992707338512195,True
481,481,241,0,sty+tfidf+bert+perp,4,0,0.0417872267466153,True
482,482,241,1,sty+tfidf+bert+perp,4,1,0.9996633151070138,True
483,483,242,0,sty+tfidf+bert+perp,4,0,0.0008587323942889485,True
484,484,242,1,sty+tfidf+bert+perp,4,1,0.9999654636582427,True
485,485,243,0,sty+tfidf+bert+perp,4,0,0.003213732425738716,True
486,486,243,1,sty+tfidf+bert+perp,4,1,0.9998772422272053,True
487,487,244,0,sty+tfidf+bert+perp,4,0,0.0005147021644101813,True
488,488,244,1,sty+tfidf+bert+perp,4,1,0.9982253594472438,True
489,489,245,0,sty+tfidf+bert+perp,4,0,0.008733041779754744,True
490,490,245,1,sty+tfidf+bert+perp,4,1,0.9998354383078142,True
491,491,246,0,sty+tfidf+bert+perp,4,0,0.07490398925058252,True
492,492,246,1,sty+tfidf+bert+perp,4,1,0.9993879533898693,True
493,493,247,0,sty+tfidf+bert+perp,4,0,0.058030506949919444,True
494,494,247,1,sty+tfidf+bert+perp,4,1,0.9998904884798782,True
495,495,248,0,sty+tfidf+bert+perp,4,0,0.009504200176107615,True
496,496,248,1,sty+tfidf+bert+perp,4,1,0.997790034538295,True
497,497,249,0,sty+tfidf+bert+perp,4,0,0.002912442302980013,True
498,498,249,1,sty+tfidf+bert+perp,4,1,0.9517438604659126,True
499,499,250,0,sty+tfidf+bert+perp,4,0,0.004927500494601581,True
500,500,250,1,sty+tfidf+bert+perp,4,1,0.9988689406711216,True
501,501,251,0,sty+tfidf+bert+perp,4,0,0.0009792932341898797,True
502,502,251,1,sty+tfidf+bert+perp,4,1,0.9998063126911511,True
503,503,252,0,sty+tfidf+bert+perp,4,0,0.00023655248317028916,True
504,504,252,1,sty+tfidf+bert+perp,4,1,0.9999089669572994,True
505,505,253,0,sty+tfidf+bert+perp,4,0,8.630503148429646e-05,True
506,506,253,1,sty+tfidf+bert+perp,4,1,0.9996955943316812,True
507,507,254,0,sty+tfidf+bert+perp,4,0,0.0001613063083670984,True
508,508,254,1,sty+tfidf+bert+perp,4,1,0.9988159322915248,True
509,509,255,0,sty+tfidf+bert+perp,4,0,0.006574073726381495,True
510,510,255,1,sty+tfidf+bert+perp,4,1,0.9998519341642599,True
511,511,256,0,sty+tfidf+bert+perp,4,0,0.15832681484145372,True
512,512,256,1,sty+tfidf+bert+perp,4,1,0.9949289438506479,True
513,513,257,0,sty+tfidf+bert+perp,4,0,0.0016927970727595788,True
514,514,257,1,sty+tfidf+bert+perp,4,1,0.9982953896964887,True
515,515,258,0,sty+tfidf+bert+perp,4,0,0.011312447475097286,True
516,516,258,1,sty+tfidf+bert+perp,4,1,0.9998626110157125,True
517,517,259,0,sty+tfidf+bert+perp,4,0,0.0018844252779120663,True
518,518,259,1,sty+tfidf+bert+perp,4,1,0.999790256881843,True
519,519,260,0,sty+tfidf+bert+perp,4,0,0.0014571625624789357,True
520,520,260,1,sty+tfidf+bert+perp,4,1,0.9959447358428385,True
521,521,261,0,sty+tfidf+bert+perp,4,0,0.0027819396080711336,True
522,522,261,1,sty+tfidf+bert+perp,4,1,0.9993034916024731,True
523,523,262,0,sty+tfidf+bert+perp,4,0,0.010836912555744017,True
524,524,262,1,sty+tfidf+bert+perp,4,1,0.9995531840336228,True
525,525,263,0,sty+tfidf+bert+perp,4,0,0.00010915987876860662,True
526,526,263,1,sty+tfidf+bert+perp,4,1,0.9963038075539543,True
527,527,264,0,sty+tfidf+bert+perp,4,0,0.009162124959583563,True
528,528,264,1,sty+tfidf+bert+perp,4,1,0.9987436846569073,True
529,529,265,0,sty+tfidf+bert+perp,4,0,0.0010164559160526995,True
530,530,265,1,sty+tfidf+bert+perp,4,1,0.9933307290818085,True
531,531,266,0,sty+tfidf+bert+perp,4,0,0.00046680641478113425,True
532,532,266,1,sty+tfidf+bert+perp,4,1,0.9980816120266263,True
533,533,267,0,sty+tfidf+bert+perp,4,0,0.00023491762908740775,True
534,534,267,1,sty+tfidf+bert+perp,4,1,0.9897243694145995,True
535,535,268,0,sty+tfidf+bert+perp,4,0,0.0014736251559203048,True
536,536,268,1,sty+tfidf+bert+perp,4,1,0.9997527586139778,True
537,537,269,0,sty+tfidf+bert+perp,4,0,0.00045280453901040576,True
538,538,269,1,sty+tfidf+bert+perp,4,1,0.9992799617417091,True
539,539,270,0,sty+tfidf+bert+perp,4,0,0.0009730750960160574,True
540,540,270,1,sty+tfidf+bert+perp,4,1,0.9996536439122127,True
541,541,271,0,sty+tfidf+bert+perp,4,0,0.0035541584687555625,True
542,542,271,1,sty+tfidf+bert+perp,4,1,0.9987812910548896,True
543,543,272,0,sty+tfidf+bert+perp,4,0,0.006759886275948058,True
544,544,272,1,sty+tfidf+bert+perp,4,1,0.99929804953431,True
545,545,273,0,sty+tfidf+bert+perp,4,0,0.000713079436567378,True
546,546,273,1,sty+tfidf+bert+perp,4,1,0.9973170438825273,True
547,547,274,0,sty+tfidf+bert+perp,4,0,0.0004942484853891043,True
548,548,274,1,sty+tfidf+bert+perp,4,1,0.9997815184695786,True
549,549,275,0,sty+tfidf+bert+perp,4,0,0.0008675776552221392,True
550,550,275,1,sty+tfidf+bert+perp,4,1,0.9983165655659927,True
551,551,276,0,sty+tfidf+bert+perp,4,0,0.008064846509438377,True
552,552,276,1,sty+tfidf+bert+perp,4,0,0.3974610357107805,False
553,553,277,0,sty+tfidf+bert+perp,4,0,0.011716932727818527,True
554,554,277,1,sty+tfidf+bert+perp,4,1,0.9993381212909708,True
555,555,278,0,sty+tfidf+bert+perp,4,0,0.0007850326766271941,True
556,556,278,1,sty+tfidf+bert+perp,4,1,0.9997936742637258,True
557,557,279,0,sty+tfidf+bert+perp,4,0,0.0012782224718237926,True
558,558,279,1,sty+tfidf+bert+perp,4,1,0.9998681167948666,True
559,559,280,0,sty+tfidf+bert+perp,4,0,0.0024796250011949895,True
560,560,280,1,sty+tfidf+bert+perp,4,0,0.4515979758345772,False
561,561,281,0,sty+tfidf+bert+perp,4,0,0.0005697715422785497,True
562,562,281,1,sty+tfidf+bert+perp,4,1,0.9961221419234748,True
563,563,282,0,sty+tfidf+bert+perp,4,0,0.020455909857868108,True
564,564,282,1,sty+tfidf+bert+perp,4,1,0.9997919914307283,True
565,565,283,0,sty+tfidf+bert+perp,4,0,0.00032913467629940447,True
566,566,283,1,sty+tfidf+bert+perp,4,1,0.9998088806867171,True
567,567,284,0,sty+tfidf+bert+perp,4,0,0.013954236536441672,True
568,568,284,1,sty+tfidf+bert+perp,4,1,0.9996653584559868,True
569,569,285,0,sty+tfidf+bert+perp,4,0,0.003953061281605131,True
570,570,285,1,sty+tfidf+bert+perp,4,1,0.9998417522491696,True
571,571,286,0,sty+tfidf+bert+perp,4,0,0.05668047836529117,True
572,572,286,1,sty+tfidf+bert+perp,4,1,0.9932837473129839,True
573,573,287,0,sty+tfidf+bert+perp,4,0,0.14291711919324274,True
574,574,287,1,sty+tfidf+bert+perp,4,1,0.9994005271037116,True
575,575,288,0,sty+tfidf+bert+perp,4,0,0.0026108098456036908,True
576,576,288,1,sty+tfidf+bert+perp,4,1,0.9998681370019571,True
577,577,289,0,sty+tfidf+bert+perp,4,0,0.00047395691503422167,True
578,578,289,1,sty+tfidf+bert+perp,4,1,0.9998457389718752,True
579,579,290,0,sty+tfidf+bert+perp,4,0,0.0005835492789811366,True
580,580,290,1,sty+tfidf+bert+perp,4,1,0.9998804649062368,True
581,581,291,0,sty+tfidf+bert+perp,4,0,0.04390672108073831,True
582,582,291,1,sty+tfidf+bert+perp,4,1,0.9995805436731864,True
583,583,292,0,sty+tfidf+bert+perp,4,0,0.002687269452421135,True
584,584,292,1,sty+tfidf+bert+perp,4,1,0.9999685512143445,True
585,585,293,0,sty+tfidf+bert+perp,4,0,0.0007185399662660212,True
586,586,293,1,sty+tfidf+bert+perp,4,1,0.9998128084635979,True
587,587,294,0,sty+tfidf+bert+perp,4,0,0.0006180963420143996,True
588,588,294,1,sty+tfidf+bert+perp,4,0,0.35446785366574607,False
589,589,295,0,sty+tfidf+bert+perp,4,0,0.0002999339125357621,True
590,590,295,1,sty+tfidf+bert+perp,4,1,0.9821025783826711,True
591,591,296,0,sty+tfidf+bert+perp,4,0,0.003417984269219226,True
592,592,296,1,sty+tfidf+bert+perp,4,1,0.9993491781305206,True
593,593,297,0,sty+tfidf+bert+perp,4,0,0.0003429656540798698,True
594,594,297,1,sty+tfidf+bert+perp,4,1,0.9998559836581664,True
595,595,298,0,sty+tfidf+bert+perp,4,0,0.0009011134639313377,True
596,596,298,1,sty+tfidf+bert+perp,4,1,0.9988064114445172,True
597,597,299,0,sty+tfidf+bert+perp,4,0,0.0024452717441455288,True
598,598,299,1,sty+tfidf+bert+perp,4,1,0.999431453248193,True
599,599,300,0,sty+tfidf+bert+perp,4,0,0.0011247276057042026,True
600,600,300,1,sty+tfidf+bert+perp,4,1,0.9998278274292556,True
601,601,301,0,sty+tfidf+bert+perp,4,0,0.0005750495408716358,True
602,602,301,1,sty+tfidf+bert+perp,4,1,0.9915534227437999,True
603,603,302,0,sty+tfidf+bert+perp,4,0,0.0017314595539854789,True
604,604,302,1,sty+tfidf+bert+perp,4,1,0.9996197299600846,True
605,605,303,0,sty+tfidf+bert+perp,4,0,0.0022397141968010033,True
606,606,303,1,sty+tfidf+bert+perp,4,1,0.9999499659991087,True
607,607,304,0,sty+tfidf+bert+perp,4,0,0.01288086585174935,True
608,608,304,1,sty+tfidf+bert+perp,4,1,0.9998452499656285,True
609,609,305,0,sty+tfidf+bert+perp,4,0,0.00011106182045643878,True
610,610,305,1,sty+tfidf+bert+perp,4,1,0.98766805090859,True
611,611,306,0,sty+tfidf+bert+perp,4,0,7.682098751772594e-05,True
612,612,306,1,sty+tfidf+bert+perp,4,1,0.9986546726206276,True
613,613,307,0,sty+tfidf+bert+perp,4,0,0.0009304227320534598,True
614,614,307,1,sty+tfidf+bert+perp,4,1,0.9696423259763708,True
615,615,308,0,sty+tfidf+bert+perp,4,0,0.0005663738853383002,True
616,616,308,1,sty+tfidf+bert+perp,4,1,0.9999432855609267,True
617,617,309,0,sty+tfidf+bert+perp,4,0,0.002540330246508056,True
618,618,309,1,sty+tfidf+bert+perp,4,1,0.9998774286776948,True
619,619,310,0,sty+tfidf+bert+perp,4,0,0.0006621271209180042,True
620,620,310,1,sty+tfidf+bert+perp,4,1,0.9999654541078392,True
621,621,311,0,sty+tfidf+bert+perp,4,0,0.00036087550437796743,True
622,622,311,1,sty+tfidf+bert+perp,4,1,0.9061269377793768,True
623,623,312,0,sty+tfidf+bert+perp,4,0,0.0005965871057003886,True
624,624,312,1,sty+tfidf+bert+perp,4,1,0.9999431069472499,True
625,625,313,0,sty+tfidf+bert+perp,4,0,0.000344453549577315,True
626,626,313,1,sty+tfidf+bert+perp,4,1,0.9984452668982056,True
627,627,314,0,sty+tfidf+bert+perp,4,0,0.08331775847073179,True
628,628,314,1,sty+tfidf+bert+perp,4,1,0.9994993627121996,True
629,629,315,0,sty+tfidf+bert+perp,4,0,0.00016192648401787478,True
630,630,315,1,sty+tfidf+bert+perp,4,1,0.9987631463421602,True
631,631,316,0,sty+tfidf+bert+perp,4,0,0.008013104838226266,True
632,632,316,1,sty+tfidf+bert+perp,4,1,0.9903179904357859,True
633,633,317,0,sty+tfidf+bert+perp,4,0,9.60045662292219e-05,True
634,634,317,1,sty+tfidf+bert+perp,4,1,0.999815506732427,True
635,635,318,0,sty+tfidf+bert+perp,4,0,0.0001474671296966766,True
636,636,318,1,sty+tfidf+bert+perp,4,1,0.9938733996987924,True
637,637,319,0,sty+tfidf+bert+perp,4,0,0.00592343582360081,True
638,638,319,1,sty+tfidf+bert+perp,4,1,0.9793570639359436,True
639,639,320,0,sty+tfidf+bert+perp,4,0,0.0003093490730344293,True
640,640,320,1,sty+tfidf+bert+perp,4,1,0.9992999347574455,True
641,641,321,0,sty+tfidf+bert+perp,4,0,0.001593879185370797,True
642,642,321,1,sty+tfidf+bert+perp,4,1,0.9996618263571093,True
643,643,322,0,sty+tfidf+bert+perp,4,0,0.11412996130355944,True
644,644,322,1,sty+tfidf+bert+perp,4,1,0.9997590639629941,True
645,645,323,0,sty+tfidf+bert+perp,4,0,0.0025756888863222934,True
646,646,323,1,sty+tfidf+bert+perp,4,1,0.9923090604703284,True
647,647,324,0,sty+tfidf+bert+perp,4,0,0.008799146757224955,True
648,648,324,1,sty+tfidf+bert+perp,4,1,0.9997107247981246,True
649,649,325,0,sty+tfidf+bert+perp,4,0,0.0007934940871931016,True
650,650,325,1,sty+tfidf+bert+perp,4,1,0.9991007873056972,True
651,651,326,0,sty+tfidf+bert+perp,4,0,0.0004933173697858666,True
652,652,326,1,sty+tfidf+bert+perp,4,1,0.9993072483166087,True
653,653,327,0,sty+tfidf+bert+perp,4,0,0.008979020665557166,True
654,654,327,1,sty+tfidf+bert+perp,4,1,0.9349867425025089,True
655,655,328,0,sty+tfidf+bert+perp,4,0,0.01441659701385707,True
656,656,328,1,sty+tfidf+bert+perp,4,1,0.9997805727328571,True
657,657,329,0,sty+tfidf+bert+perp,4,0,0.0001416573097420055,True
658,658,329,1,sty+tfidf+bert+perp,4,1,0.9997467071108778,True
659,659,330,0,sty+tfidf+bert+perp,4,0,0.00014470367715711745,True
660,660,330,1,sty+tfidf+bert+perp,4,1,0.9858662861367056,True
661,661,331,0,sty+tfidf+bert+perp,4,0,0.002825434179333078,True
662,662,331,1,sty+tfidf+bert+perp,4,1,0.9974541150748425,True
663,663,332,0,sty+tfidf+bert+perp,4,0,0.025225014424797666,True
664,664,332,1,sty+tfidf+bert+perp,4,1,0.988356333129544,True
665,665,333,0,sty+tfidf+bert+perp,4,0,9.323557069867027e-05,True
666,666,333,1,sty+tfidf+bert+perp,4,0,0.04759848360118509,False
667,667,334,0,sty+tfidf+bert+perp,4,0,0.010580167834470187,True
668,668,334,1,sty+tfidf+bert+perp,4,1,0.9978492833542215,True
669,669,335,0,sty+tfidf+bert+perp,4,0,0.011440098681962465,True
670,670,335,1,sty+tfidf+bert+perp,4,1,0.9949510447395663,True
671,671,336,0,sty+tfidf+bert+perp,4,0,0.00035824331497799774,True
672,672,336,1,sty+tfidf+bert+perp,4,1,0.9989376328230745,True
673,673,337,0,sty+tfidf+bert+perp,4,0,0.006187221175989574,True
674,674,337,1,sty+tfidf+bert+perp,4,1,0.9996166397054711,True
675,675,338,0,sty+tfidf+bert+perp,4,0,0.030508880103165246,True
676,676,338,1,sty+tfidf+bert+perp,4,0,0.43492684122897746,False
677,677,339,0,sty+tfidf+bert+perp,4,0,0.0012077821797540408,True
678,678,339,1,sty+tfidf+bert+perp,4,1,0.9992892780640232,True
679,679,340,0,sty+tfidf+bert+perp,4,0,0.013348960292264898,True
680,680,340,1,sty+tfidf+bert+perp,4,1,0.9999540664660582,True
681,681,341,0,sty+tfidf+bert+perp,4,0,9.248265942550269e-05,True
682,682,341,1,sty+tfidf+bert+perp,4,1,0.9974391563660002,True
683,683,342,0,sty+tfidf+bert+perp,4,0,0.003091627221017041,True
684,684,342,1,sty+tfidf+bert+perp,4,1,0.9991027233896503,True
685,685,343,0,sty+tfidf+bert+perp,4,0,0.004649006698136505,True
686,686,343,1,sty+tfidf+bert+perp,4,1,0.99952902585534,True
687,687,344,0,sty+tfidf+bert+perp,4,0,0.011228487366290207,True
688,688,344,1,sty+tfidf+bert+perp,4,1,0.9994279708424438,True
689,689,345,0,sty+tfidf+bert+perp,4,0,0.0016626495441522818,True
690,690,345,1,sty+tfidf+bert+perp,4,1,0.9996194217875882,True
691,691,346,0,sty+tfidf+bert+perp,4,0,0.2734410215540758,True
692,692,346,1,sty+tfidf+bert+perp,4,1,0.9996502757060775,True
693,693,347,0,sty+tfidf+bert+perp,4,0,0.003946877830249123,True
694,694,347,1,sty+tfidf+bert+perp,4,1,0.9993168364912143,True
695,695,348,0,sty+tfidf+bert+perp,4,0,0.0011096860858202618,True
696,696,348,1,sty+tfidf+bert+perp,4,1,0.9998298123616091,True
697,697,349,0,sty+tfidf+bert+perp,4,0,0.0008641996432723626,True
698,698,349,1,sty+tfidf+bert+perp,4,1,0.995221648495533,True
699,699,350,0,sty+tfidf+bert+perp,4,0,0.0041855786429642146,True
700,700,350,1,sty+tfidf+bert+perp,4,0,0.2915610255562881,False
701,701,351,0,sty+tfidf+bert+perp,4,0,0.022277491211128278,True
702,702,351,1,sty+tfidf+bert+perp,4,1,0.9984803909039173,True
703,703,352,0,sty+tfidf+bert+perp,4,0,0.0022957269181335814,True
704,704,352,1,sty+tfidf+bert+perp,4,1,0.999881336745038,True
705,705,353,0,sty+tfidf+bert+perp,4,0,0.1303487364309312,True
706,706,353,1,sty+tfidf+bert+perp,4,1,0.9985274010071978,True
707,707,354,0,sty+tfidf+bert+perp,4,0,0.007032714040461719,True
708,708,354,1,sty+tfidf+bert+perp,4,1,0.6161062565182439,True
709,709,355,0,sty+tfidf+bert+perp,4,0,0.04000260253221762,True
710,710,355,1,sty+tfidf+bert+perp,4,1,0.9947286544359366,True
711,711,356,0,sty+tfidf+bert+perp,4,0,0.002634880015650421,True
712,712,356,1,sty+tfidf+bert+perp,4,1,0.9998706218018978,True
713,713,357,0,sty+tfidf+bert+perp,4,0,0.0006429267154350388,True
714,714,357,1,sty+tfidf+bert+perp,4,1,0.9998093262724322,True
715,715,358,0,sty+tfidf+bert+perp,4,0,0.0009355204963138004,True
716,716,358,1,sty+tfidf+bert+perp,4,1,0.9998948328518105,True
717,717,359,0,sty+tfidf+bert+perp,4,0,0.000387606031633925,True
718,718,359,1,sty+tfidf+bert+perp,4,1,0.9998890720575866,True
719,719,360,0,sty+tfidf+bert+perp,4,0,0.00015926277007861166,True
720,720,360,1,sty+tfidf+bert+perp,4,1,0.9998934085339438,True
721,721,361,0,sty+tfidf+bert+perp,4,0,0.0018852867839161877,True
722,722,361,1,sty+tfidf+bert+perp,4,0,0.11402537234420249,False
723,723,362,0,sty+tfidf+bert+perp,4,0,0.00028126582018505404,True
724,724,362,1,sty+tfidf+bert+perp,4,1,0.9994529399542534,True
725,725,363,0,sty+tfidf+bert+perp,4,0,4.004626584915281e-05,True
726,726,363,1,sty+tfidf+bert+perp,4,1,0.8955814683264492,True
727,727,364,0,sty+tfidf+bert+perp,4,0,0.0044159617538150064,True
728,728,364,1,sty+tfidf+bert+perp,4,1,0.9792128888910208,True
729,729,365,0,sty+tfidf+bert+perp,4,0,0.0034172337902857656,True
730,730,365,1,sty+tfidf+bert+perp,4,1,0.9994715632115466,True
731,731,366,0,sty+tfidf+bert+perp,4,0,7.012540049391292e-05,True
732,732,366,1,sty+tfidf+bert+perp,4,1,0.9681983565234492,True
733,733,367,0,sty+tfidf+bert+perp,4,0,0.0004482354097284444,True
734,734,367,1,sty+tfidf+bert+perp,4,1,0.9940061249264411,True
735,735,368,0,sty+tfidf+bert+perp,4,0,0.00045998499734291537,True
736,736,368,1,sty+tfidf+bert+perp,4,1,0.9994584883718476,True
737,737,369,0,sty+tfidf+bert+perp,4,0,0.016379614086713037,True
738,738,369,1,sty+tfidf+bert+perp,4,1,0.999355582303426,True
739,739,370,0,sty+tfidf+bert+perp,4,0,0.000984017152011266,True
740,740,370,1,sty+tfidf+bert+perp,4,1,0.9964642208455248,True
741,741,371,0,sty+tfidf+bert+perp,4,0,0.0005305221655806638,True
742,742,371,1,sty+tfidf+bert+perp,4,1,0.993797215512791,True
743,743,372,1,sty+tfidf+bert+perp,4,1,0.9855185506500334,True
744,744,373,0,sty+tfidf+bert+perp,4,0,0.003443937968432836,True
745,745,373,1,sty+tfidf+bert+perp,4,1,0.999033422684102,True
746,746,374,0,sty+tfidf+bert+perp,4,0,0.00044137462988525167,True
747,747,374,1,sty+tfidf+bert+perp,4,1,0.9959937694486242,True
748,748,375,0,sty+tfidf+bert+perp,4,0,0.19405519144084565,True
749,749,375,1,sty+tfidf+bert+perp,4,1,0.9977541994525373,True
750,750,376,0,sty+tfidf+bert+perp,4,0,0.00014497443133887315,True
751,751,376,1,sty+tfidf+bert+perp,4,1,0.9991017612624942,True
752,752,377,0,sty+tfidf+bert+perp,4,0,0.002894263219892943,True
753,753,377,1,sty+tfidf+bert+perp,4,1,0.9988966112723858,True
754,754,378,0,sty+tfidf+bert+perp,4,0,0.19263821840639075,True
755,755,378,1,sty+tfidf+bert+perp,4,1,0.9751999449474025,True
756,756,379,0,sty+tfidf+bert+perp,4,0,0.0008752323556258306,True
757,757,379,1,sty+tfidf+bert+perp,4,1,0.9999034547748457,True
758,758,380,0,sty+tfidf+bert+perp,4,0,0.05967778599573949,True
759,759,380,1,sty+tfidf+bert+perp,4,1,0.9998149224982447,True
760,760,381,0,sty+tfidf+bert+perp,4,0,0.22791032548100643,True
761,761,381,1,sty+tfidf+bert+perp,4,1,0.999771552154443,True
762,762,382,0,sty+tfidf+bert+perp,4,0,0.0007535606085428217,True
763,763,382,1,sty+tfidf+bert+perp,4,1,0.9997962462861175,True
764,764,383,0,sty+tfidf+bert+perp,4,0,0.0007423866444814287,True
765,765,383,1,sty+tfidf+bert+perp,4,1,0.9997288284732818,True
766,766,384,0,sty+tfidf+bert+perp,4,0,5.260417627668856e-05,True
767,767,384,1,sty+tfidf+bert+perp,4,1,0.9986931920848077,True
768,768,385,0,sty+tfidf+bert+perp,4,0,0.018077600766905698,True
769,769,385,1,sty+tfidf+bert+perp,4,1,0.9960870822442199,True
770,770,386,1,sty+tfidf+bert+perp,4,1,0.9997614772424045,True
771,771,387,0,sty+tfidf+bert+perp,4,0,0.24832000421450243,True
772,772,387,1,sty+tfidf+bert+perp,4,1,0.9891556833796908,True
773,773,388,0,sty+tfidf+bert+perp,4,0,0.0008920102225132454,True
774,774,388,1,sty+tfidf+bert+perp,4,1,0.9999019075755455,True
775,775,389,0,sty+tfidf+bert+perp,4,0,0.0019961992500996885,True
776,776,389,1,sty+tfidf+bert+perp,4,1,0.9999061610675672,True
777,777,390,0,sty+tfidf+bert+perp,4,0,3.727834627067365e-05,True
778,778,390,1,sty+tfidf+bert+perp,4,1,0.9996848806474246,True
779,779,391,0,sty+tfidf+bert+perp,4,0,0.00034845337092465685,True
780,780,391,1,sty+tfidf+bert+perp,4,1,0.9984483384706554,True
781,781,392,0,sty+tfidf+bert+perp,4,0,0.0010624932586131403,True
782,782,392,1,sty+tfidf+bert+perp,4,1,0.9997683467577316,True
783,783,393,0,sty+tfidf+bert+perp,4,0,0.0031165695187389754,True
784,784,393,1,sty+tfidf+bert+perp,4,1,0.9998722148979813,True
785,785,394,0,sty+tfidf+bert+perp,4,0,0.0026820709262704344,True
786,786,394,1,sty+tfidf+bert+perp,4,1,0.999925563833951,True
787,787,395,0,sty+tfidf+bert+perp,4,0,0.00011755569683799077,True
788,788,395,1,sty+tfidf+bert+perp,4,1,0.9684431545050789,True
789,789,396,0,sty+tfidf+bert+perp,4,1,0.6966879329688551,False
790,790,396,1,sty+tfidf+bert+perp,4,1,0.9996353077787945,True
791,791,397,0,sty+tfidf+bert+perp,4,0,0.00010600648127636524,True
792,792,397,1,sty+tfidf+bert+perp,4,1,0.9997385067031826,True
793,793,398,0,sty+tfidf+bert+perp,4,0,0.00046315486220534327,True
794,794,398,1,sty+tfidf+bert+perp,4,1,0.9973271091165499,True
795,795,399,0,sty+tfidf+bert+perp,4,0,0.06783393032001142,True
796,796,399,1,sty+tfidf+bert+perp,4,1,0.9999034049042198,True
797,797,400,0,sty+tfidf+bert+perp,4,0,0.03132789965406129,True
798,798,400,1,sty+tfidf+bert+perp,4,1,0.999797381633426,True
799,799,401,0,sty+tfidf+bert+perp,4,0,0.00023430330076759708,True
800,800,401,1,sty+tfidf+bert+perp,4,1,0.9998179776864503,True
801,801,402,0,sty+tfidf+bert+perp,4,0,2.5680038676142484e-05,True
802,802,402,1,sty+tfidf+bert+perp,4,1,0.6864469766320396,True
803,803,403,0,sty+tfidf+bert+perp,4,0,0.0006317666996387621,True
804,804,403,1,sty+tfidf+bert+perp,4,1,0.9928472527449366,True
805,805,404,0,sty+tfidf+bert+perp,4,0,0.0022514761607364663,True
806,806,404,1,sty+tfidf+bert+perp,4,1,0.9996056405328451,True
807,807,405,0,sty+tfidf+bert+perp,4,0,0.00021326418175816823,True
808,808,405,1,sty+tfidf+bert+perp,4,1,0.9997833889783294,True
809,809,406,0,sty+tfidf+bert+perp,4,0,0.051181902986356914,True
810,810,406,1,sty+tfidf+bert+perp,4,1,0.9992421155662701,True
811,811,407,0,sty+tfidf+bert+perp,4,0,0.00017127244896460354,True
812,812,407,1,sty+tfidf+bert+perp,4,1,0.9991414950858389,True
813,813,408,0,sty+tfidf+bert+perp,4,0,0.0013114915423341296,True
814,814,408,1,sty+tfidf+bert+perp,4,1,0.968661541474716,True
815,815,409,0,sty+tfidf+bert+perp,4,0,0.00010211526933591838,True
816,816,409,1,sty+tfidf+bert+perp,4,1,0.9994761882529715,True
817,817,410,0,sty+tfidf+bert+perp,4,0,0.0006257092779347263,True
818,818,410,1,sty+tfidf+bert+perp,4,1,0.9998905480202618,True
819,819,411,0,sty+tfidf+bert+perp,4,0,0.0011440241648292544,True
820,820,411,1,sty+tfidf+bert+perp,4,1,0.9998939875675329,True
821,821,412,0,sty+tfidf+bert+perp,4,0,9.301688609055335e-05,True
822,822,412,1,sty+tfidf+bert+perp,4,1,0.9939643998253823,True
823,823,413,0,sty+tfidf+bert+perp,4,0,0.00494574892402921,True
824,824,413,1,sty+tfidf+bert+perp,4,1,0.9998326529892884,True
825,825,414,0,sty+tfidf+bert+perp,4,0,0.10780609277292029,True
826,826,414,1,sty+tfidf+bert+perp,4,1,0.9666334750157862,True
827,827,415,0,sty+tfidf+bert+perp,4,0,0.012700378590460687,True
828,828,415,1,sty+tfidf+bert+perp,4,1,0.9366758808587611,True
829,829,416,0,sty+tfidf+bert+perp,4,0,0.000243524636239398,True
830,830,416,1,sty+tfidf+bert+perp,4,1,0.9900761570170958,True
831,831,417,0,sty+tfidf+bert+perp,4,0,0.02824675452319445,True
832,832,417,1,sty+tfidf+bert+perp,4,1,0.9992735283712019,True
833,833,418,0,sty+tfidf+bert+perp,4,0,0.001603993036101773,True
834,834,418,1,sty+tfidf+bert+perp,4,1,0.9998327765786919,True
835,835,419,0,sty+tfidf+bert+perp,4,1,0.9079297060405274,False
836,836,419,1,sty+tfidf+bert+perp,4,1,0.9998213824409332,True
837,837,420,0,sty+tfidf+bert+perp,4,0,0.028660140670145055,True
838,838,420,1,sty+tfidf+bert+perp,4,1,0.9974174139766891,True
839,839,421,0,sty+tfidf+bert+perp,4,0,0.00034428894655463686,True
840,840,421,1,sty+tfidf+bert+perp,4,1,0.9219751171385175,True
841,841,422,0,sty+tfidf+bert+perp,4,0,0.00037007739334042654,True
842,842,422,1,sty+tfidf+bert+perp,4,1,0.9994218291419313,True
843,843,423,0,sty+tfidf+bert+perp,4,0,0.00025517946453760523,True
844,844,423,1,sty+tfidf+bert+perp,4,1,0.9993707738007095,True
845,845,424,0,sty+tfidf+bert+perp,4,0,0.003469166027196432,True
846,846,424,1,sty+tfidf+bert+perp,4,1,0.9988796460815816,True
847,847,425,1,sty+tfidf+bert+perp,4,1,0.9991589106205614,True
848,848,426,1,sty+tfidf+bert+perp,4,1,0.9998602129361767,True
849,849,427,0,sty+tfidf+bert+perp,4,0,0.0010706731287569752,True
850,850,427,1,sty+tfidf+bert+perp,4,1,0.9997760670889831,True
851,851,428,0,sty+tfidf+bert+perp,4,0,0.0005531298959934585,True
852,852,428,1,sty+tfidf+bert+perp,4,1,0.9963068162175912,True
853,853,429,0,sty+tfidf+bert+perp,4,0,9.428334931514145e-05,True
854,854,429,1,sty+tfidf+bert+perp,4,1,0.9995379952934514,True
855,855,430,0,sty+tfidf+bert+perp,4,0,0.008165601522657932,True
856,856,430,1,sty+tfidf+bert+perp,4,1,0.9997496106985018,True
857,857,431,0,sty+tfidf+bert+perp,4,0,0.00014992832272276818,True
858,858,431,1,sty+tfidf+bert+perp,4,1,0.9999098578125587,True
859,859,432,0,sty+tfidf+bert+perp,4,0,7.717273496691075e-05,True
860,860,432,1,sty+tfidf+bert+perp,4,1,0.9984811877412874,True
861,861,433,0,sty+tfidf+bert+perp,4,0,0.00015021505385952766,True
862,862,433,1,sty+tfidf+bert+perp,4,1,0.9991249830432009,True
863,863,434,0,sty+tfidf+bert+perp,4,0,0.00018012991077141617,True
864,864,434,1,sty+tfidf+bert+perp,4,1,0.7601713222812264,True
865,865,435,0,sty+tfidf+bert+perp,4,0,0.2485894389264778,True
866,866,435,1,sty+tfidf+bert+perp,4,1,0.742920004028114,True
867,867,436,0,sty+tfidf+bert+perp,4,0,0.0001324502934074374,True
868,868,436,1,sty+tfidf+bert+perp,4,1,0.9983404621340618,True
869,869,437,0,sty+tfidf+bert+perp,4,0,0.0004235988725609156,True
870,870,437,1,sty+tfidf+bert+perp,4,1,0.9998161294801713,True
871,871,438,0,sty+tfidf+bert+perp,4,0,0.0073583690168376546,True
872,872,438,1,sty+tfidf+bert+perp,4,1,0.999750014095369,True
873,873,439,0,sty+tfidf+bert+perp,4,0,0.000832452604907127,True
874,874,439,1,sty+tfidf+bert+perp,4,1,0.9992622138870898,True
875,875,440,0,sty+tfidf+bert+perp,4,0,0.0016293691541320941,True
876,876,440,1,sty+tfidf+bert+perp,4,1,0.9989295662446765,True
877,877,441,0,sty+tfidf+bert+perp,4,0,3.433438281458143e-05,True
878,878,441,1,sty+tfidf+bert+perp,4,1,0.9999709940609062,True
879,879,442,0,sty+tfidf+bert+perp,4,0,0.0007047659661753466,True
880,880,442,1,sty+tfidf+bert+perp,4,1,0.9661522483749946,True
881,881,443,0,sty+tfidf+bert+perp,4,0,0.013564023835456462,True
882,882,443,1,sty+tfidf+bert+perp,4,1,0.9999356982147658,True
883,883,444,0,sty+tfidf+bert+perp,4,0,0.00015781949878666859,True
884,884,444,1,sty+tfidf+bert+perp,4,1,0.9948404195037422,True
885,885,445,0,sty+tfidf+bert+perp,4,0,0.0018579957306489611,True
886,886,445,1,sty+tfidf+bert+perp,4,1,0.9079526783036419,True
887,887,446,0,sty+tfidf+bert+perp,4,0,0.005923995284350198,True
888,888,446,1,sty+tfidf+bert+perp,4,1,0.9847154579058682,True
889,889,447,0,sty+tfidf+bert+perp,4,0,0.0007301460961727322,True
890,890,447,1,sty+tfidf+bert+perp,4,1,0.9994355929361988,True
891,891,448,0,sty+tfidf+bert+perp,4,0,0.0025295698641305603,True
892,892,448,1,sty+tfidf+bert+perp,4,1,0.9997513544236492,True
893,893,449,0,sty+tfidf+bert+perp,4,0,0.0008048791974147929,True
894,894,449,1,sty+tfidf+bert+perp,4,1,0.9938193016660318,True
895,895,450,0,sty+tfidf+bert+perp,4,0,0.00013483028561103388,True
896,896,450,1,sty+tfidf+bert+perp,4,1,0.9969709621671854,True
897,897,451,0,sty+tfidf+bert+perp,4,0,0.0712564057931288,True
898,898,451,1,sty+tfidf+bert+perp,4,1,0.984642076659845,True
899,899,452,0,sty+tfidf+bert+perp,4,0,0.002201534492707761,True
900,900,452,1,sty+tfidf+bert+perp,4,1,0.9920329283510606,True
901,901,453,0,sty+tfidf+bert+perp,4,0,0.0004829811228117156,True
902,902,453,1,sty+tfidf+bert+perp,4,1,0.999636072026756,True
903,903,454,0,sty+tfidf+bert+perp,4,1,0.5806544636088894,False
904,904,454,1,sty+tfidf+bert+perp,4,1,0.9993863549691737,True
905,905,455,0,sty+tfidf+bert+perp,4,0,0.007018405632911894,True
906,906,455,1,sty+tfidf+bert+perp,4,1,0.9978783315660718,True
907,907,456,0,sty+tfidf+bert+perp,4,0,5.139208162940239e-05,True
908,908,456,1,sty+tfidf+bert+perp,4,1,0.9999497022788788,True
909,909,457,0,sty+tfidf+bert+perp,4,0,0.0002914921108905514,True
910,910,457,1,sty+tfidf+bert+perp,4,1,0.9331032270454918,True
911,911,458,0,sty+tfidf+bert+perp,4,0,0.0007555730077952018,True
912,912,458,1,sty+tfidf+bert+perp,4,1,0.9991347318214603,True
913,913,459,0,sty+tfidf+bert+perp,4,0,0.02603340858138396,True
914,914,459,1,sty+tfidf+bert+perp,4,1,0.9997480598805053,True
915,915,460,0,sty+tfidf+bert+perp,4,0,0.0032920701890302587,True
916,916,460,1,sty+tfidf+bert+perp,4,1,0.9998084199147943,True
917,917,461,0,sty+tfidf+bert+perp,4,0,0.00014620712578565997,True
918,918,461,1,sty+tfidf+bert+perp,4,1,0.9999218620966881,True
919,919,462,0,sty+tfidf+bert+perp,4,0,0.0023828816910092926,True
920,920,462,1,sty+tfidf+bert+perp,4,1,0.9998037974448726,True
921,921,463,0,sty+tfidf+bert+perp,4,0,0.0017887775394925755,True
922,922,463,1,sty+tfidf+bert+perp,4,1,0.9930962107386679,True
923,923,464,0,sty+tfidf+bert+perp,4,0,0.003981743402004816,True
924,924,464,1,sty+tfidf+bert+perp,4,1,0.9998953176801358,True
925,925,465,0,sty+tfidf+bert+perp,4,0,0.00016208904830527729,True
926,926,465,1,sty+tfidf+bert+perp,4,1,0.9813644915718563,True
927,927,466,0,sty+tfidf+bert+perp,4,0,0.1215363221736158,True
928,928,466,1,sty+tfidf+bert+perp,4,1,0.969093243930725,True
929,929,467,0,sty+tfidf+bert+perp,4,0,0.0017686707022513157,True
930,930,467,1,sty+tfidf+bert+perp,4,1,0.9997649019979344,True
931,931,468,0,sty+tfidf+bert+perp,4,0,0.0005425389325863457,True
932,932,468,1,sty+tfidf+bert+perp,4,1,0.9877873797870912,True
933,933,469,0,sty+tfidf+bert+perp,4,0,0.007359286226398468,True
934,934,469,1,sty+tfidf+bert+perp,4,1,0.9998350525669276,True
935,935,470,0,sty+tfidf+bert+perp,4,0,0.00122085066510893,True
936,936,470,1,sty+tfidf+bert+perp,4,1,0.9993723214985643,True
937,937,471,0,sty+tfidf+bert+perp,4,0,0.0005710247423157162,True
938,938,471,1,sty+tfidf+bert+perp,4,1,0.9999153188711188,True
939,939,472,0,sty+tfidf+bert+perp,4,0,0.013019512040335308,True
940,940,472,1,sty+tfidf+bert+perp,4,1,0.9999143914704317,True
941,941,473,0,sty+tfidf+bert+perp,4,0,0.0014219884006482252,True
942,942,473,1,sty+tfidf+bert+perp,4,1,0.9985158238228748,True
943,943,474,0,sty+tfidf+bert+perp,4,0,0.0009919518469287375,True
944,944,474,1,sty+tfidf+bert+perp,4,1,0.9356066453577833,True
945,945,475,0,sty+tfidf+bert+perp,4,0,0.014266851312455451,True
946,946,475,1,sty+tfidf+bert+perp,4,1,0.9996844943121601,True
947,947,476,0,sty+tfidf+bert+perp,4,0,0.0010908168525853217,True
948,948,476,1,sty+tfidf+bert+perp,4,1,0.999568909651768,True
949,949,477,0,sty+tfidf+bert+perp,4,0,0.00023556671411558328,True
950,950,477,1,sty+tfidf+bert+perp,4,1,0.9996818400366491,True
951,951,478,0,sty+tfidf+bert+perp,4,0,0.3841911595410506,True
952,952,478,1,sty+tfidf+bert+perp,4,1,0.9972872701953813,True
953,953,479,0,sty+tfidf+bert+perp,4,0,0.00015318040484666915,True
954,954,479,1,sty+tfidf+bert+perp,4,1,0.9990272672695251,True
955,955,480,0,sty+tfidf+bert+perp,4,0,0.0009151495375087724,True
956,956,480,1,sty+tfidf+bert+perp,4,1,0.9992352092495385,True
957,957,481,0,sty+tfidf+bert+perp,4,0,0.0006348014707687034,True
958,958,481,1,sty+tfidf+bert+perp,4,1,0.971591189863841,True
959,959,482,0,sty+tfidf+bert+perp,4,0,0.015213594242457886,True
960,960,482,1,sty+tfidf+bert+perp,4,1,0.9998499282526923,True
961,961,483,0,sty+tfidf+bert+perp,4,0,0.0027053100007760384,True
962,962,483,1,sty+tfidf+bert+perp,4,1,0.9983558920129927,True
963,963,484,0,sty+tfidf+bert+perp,4,0,0.0012023823690031166,True
964,964,484,1,sty+tfidf+bert+perp,4,1,0.9998874249165353,True
965,965,485,0,sty+tfidf+bert+perp,4,0,0.0006915972434723092,True
966,966,485,1,sty+tfidf+bert+perp,4,1,0.9942155620089379,True
967,967,486,0,sty+tfidf+bert+perp,4,0,0.005817599011806401,True
968,968,486,1,sty+tfidf+bert+perp,4,1,0.9900298890504398,True
969,969,487,0,sty+tfidf+bert+perp,4,0,0.011270670947602854,True
970,970,487,1,sty+tfidf+bert+perp,4,1,0.9980359108689204,True
971,971,488,0,sty+tfidf+bert+perp,4,0,0.0009588809155180117,True
972,972,488,1,sty+tfidf+bert+perp,4,1,0.999730351147095,True
973,973,489,0,sty+tfidf+bert+perp,4,0,0.00045877628496141133,True
974,974,489,1,sty+tfidf+bert+perp,4,1,0.9983781348325917,True
975,975,490,0,sty+tfidf+bert+perp,4,0,0.06228860970834164,True
976,976,490,1,sty+tfidf+bert+perp,4,1,0.9993307208352379,True
977,977,491,0,sty+tfidf+bert+perp,4,0,0.00039560557409989197,True
978,978,491,1,sty+tfidf+bert+perp,4,1,0.9995905216042348,True
979,979,492,0,sty+tfidf+bert+perp,4,0,0.0002677605945223472,True
980,980,492,1,sty+tfidf+bert+perp,4,1,0.9889483126918158,True
981,981,493,0,sty+tfidf+bert+perp,4,0,0.010925269067831143,True
982,982,493,1,sty+tfidf+bert+perp,4,1,0.9947912984641949,True
983,983,494,0,sty+tfidf+bert+perp,4,0,0.0021731481181095705,True
984,984,494,1,sty+tfidf+bert+perp,4,1,0.9915901381215481,True
985,985,495,0,sty+tfidf+bert+perp,4,0,0.010782095126752305,True
986,986,495,1,sty+tfidf+bert+perp,4,1,0.9981825346806044,True
987,987,496,0,sty+tfidf+bert+perp,4,0,0.00010844823299299072,True
988,988,496,1,sty+tfidf+bert+perp,4,1,0.9992140926609806,True
989,989,497,0,sty+tfidf+bert+perp,4,0,0.0002522578185102621,True
990,990,497,1,sty+tfidf+bert+perp,4,1,0.999693081086708,True
991,991,498,0,sty+tfidf+bert+perp,4,0,0.00039129068921028555,True
992,992,498,1,sty+tfidf+bert+perp,4,1,0.995711133813282,True
993,993,499,0,sty+tfidf+bert+perp,4,0,0.00047416405981361766,True
994,994,499,1,sty+tfidf+bert+perp,4,1,0.917492437021879,True
995,995,500,0,sty+tfidf+bert+perp,4,0,0.00020436841771909176,True
996,996,500,1,sty+tfidf+bert+perp,4,1,0.9996806023634336,True
997,997,501,0,sty+tfidf+bert+perp,4,0,0.0005385742346102534,True
998,998,501,1,sty+tfidf+bert+perp,4,1,0.9999765607128356,True
999,999,502,0,sty+tfidf+bert+perp,4,0,0.0008987918209011701,True
1000,1000,502,1,sty+tfidf+bert+perp,4,1,0.9991270635588817,True
1001,1001,503,0,sty+tfidf+bert+perp,4,0,0.00028077421685752084,True
1002,1002,503,1,sty+tfidf+bert+perp,4,1,0.9998452949261561,True
1003,1003,504,0,sty+tfidf+bert+perp,4,0,0.0014826930624004663,True
1004,1004,504,1,sty+tfidf+bert+perp,4,1,0.9998827180912876,True
1005,1005,505,0,sty+tfidf+bert+perp,4,0,0.0023990984981626115,True
1006,1006,505,1,sty+tfidf+bert+perp,4,1,0.9967727714041151,True
1007,1007,506,0,sty+tfidf+bert+perp,4,0,0.03960070068504658,True
1008,1008,506,1,sty+tfidf+bert+perp,4,1,0.9910794339399764,True
1009,1009,507,0,sty+tfidf+bert+perp,4,0,0.029241639515677095,True
1010,1010,507,1,sty+tfidf+bert+perp,4,1,0.9997495549414629,True
1011,1011,508,0,sty+tfidf+bert+perp,4,0,0.004548964762924352,True
1012,1012,508,1,sty+tfidf+bert+perp,4,1,0.999209141466437,True
1013,1013,509,0,sty+tfidf+bert+perp,4,0,0.0008373139224007014,True
1014,1014,509,1,sty+tfidf+bert+perp,4,1,0.9993449445654748,True
1015,1015,510,0,sty+tfidf+bert+perp,4,0,0.001720553662742403,True
1016,1016,510,1,sty+tfidf+bert+perp,4,1,0.624877395653812,True
1017,1017,511,0,sty+tfidf+bert+perp,4,0,0.0001024481832433167,True
1018,1018,511,1,sty+tfidf+bert+perp,4,1,0.9996507401934172,True
1019,1019,512,0,sty+tfidf+bert+perp,4,0,0.0061160931616446625,True
1020,1020,512,1,sty+tfidf+bert+perp,4,1,0.9268211648956607,True
1021,1021,513,0,sty+tfidf+bert+perp,4,0,0.03607976670273563,True
1022,1022,513,1,sty+tfidf+bert+perp,4,1,0.9998515244866069,True
1023,1023,514,0,sty+tfidf+bert+perp,4,0,0.009438833368810285,True
1024,1024,514,1,sty+tfidf+bert+perp,4,1,0.9998714115257289,True
1025,1025,515,0,sty+tfidf+bert+perp,4,0,0.0020472209488772365,True
1026,1026,515,1,sty+tfidf+bert+perp,4,1,0.9629166693422649,True
1027,1027,516,0,sty+tfidf+bert+perp,4,0,0.0009689267878481236,True
1028,1028,516,1,sty+tfidf+bert+perp,4,1,0.9996021388783191,True
1029,1029,517,0,sty+tfidf+bert+perp,4,0,0.0012350980002832632,True
1030,1030,517,1,sty+tfidf+bert+perp,4,1,0.9997796859955778,True
1031,1031,518,0,sty+tfidf+bert+perp,4,0,0.0003222505229346399,True
1032,1032,518,1,sty+tfidf+bert+perp,4,1,0.9991141685329656,True
1033,1033,519,0,sty+tfidf+bert+perp,4,0,0.001540558790083748,True
1034,1034,519,1,sty+tfidf+bert+perp,4,1,0.9995494092064794,True
1035,1035,520,0,sty+tfidf+bert+perp,4,0,0.0020247092435037844,True
1036,1036,520,1,sty+tfidf+bert+perp,4,1,0.9994164905413755,True
1037,1037,521,0,sty+tfidf+bert+perp,4,0,7.47218861953545e-05,True
1038,1038,521,1,sty+tfidf+bert+perp,4,1,0.9998213303486051,True
1039,1039,522,0,sty+tfidf+bert+perp,4,0,0.006352897295639914,True
1040,1040,522,1,sty+tfidf+bert+perp,4,1,0.9982808365886133,True
1041,1041,523,0,sty+tfidf+bert+perp,4,0,0.0008885748720470998,True
1042,1042,523,1,sty+tfidf+bert+perp,4,1,0.9909682830357195,True
1043,1043,524,0,sty+tfidf+bert+perp,4,0,0.0005033492872715155,True
1044,1044,524,1,sty+tfidf+bert+perp,4,1,0.829224233771295,True
1045,1045,525,0,sty+tfidf+bert+perp,4,0,0.003011014525334019,True
1046,1046,525,1,sty+tfidf+bert+perp,4,1,0.9983260009706963,True
1047,1047,526,0,sty+tfidf+bert+perp,4,0,0.007623226205319622,True
1048,1048,526,1,sty+tfidf+bert+perp,4,1,0.9918642593254072,True
1049,1049,527,0,sty+tfidf+bert+perp,4,0,0.0002120562443593259,True
1050,1050,527,1,sty+tfidf+bert+perp,4,1,0.9998501445929755,True
1051,1051,528,0,sty+tfidf+bert+perp,4,0,0.0016173610299388484,True
1052,1052,528,1,sty+tfidf+bert+perp,4,1,0.9997578538024215,True
1053,1053,529,0,sty+tfidf+bert+perp,4,0,0.0007708143256872743,True
1054,1054,529,1,sty+tfidf+bert+perp,4,1,0.9988199958487778,True
1055,1055,530,0,sty+tfidf+bert+perp,4,0,0.0011094117693636852,True
1056,1056,530,1,sty+tfidf+bert+perp,4,1,0.9999022027458504,True
1057,1057,531,0,sty+tfidf+bert+perp,4,0,0.05357917251735849,True
1058,1058,531,1,sty+tfidf+bert+perp,4,1,0.9996495840155812,True
1059,1059,532,0,sty+tfidf+bert+perp,4,0,9.877796668515922e-06,True
1060,1060,532,1,sty+tfidf+bert+perp,4,1,0.9996348190101095,True
1061,1061,533,0,sty+tfidf+bert+perp,4,0,0.03879055750007156,True
1062,1062,533,1,sty+tfidf+bert+perp,4,1,0.9990597581009967,True
1063,1063,534,0,sty+tfidf+bert+perp,4,0,0.00010087272593519242,True
1064,1064,534,1,sty+tfidf+bert+perp,4,1,0.9580703625022661,True
1065,1065,535,0,sty+tfidf+bert+perp,4,0,0.052887655564962756,True
1066,1066,535,1,sty+tfidf+bert+perp,4,0,0.0345314682760354,False
1067,1067,536,0,sty+tfidf+bert+perp,4,0,0.00031823261363736065,True
1068,1068,536,1,sty+tfidf+bert+perp,4,1,0.9996469075540658,True
1069,1069,537,0,sty+tfidf+bert+perp,4,0,0.00037785739948120885,True
1070,1070,537,1,sty+tfidf+bert+perp,4,1,0.9994109316552771,True
1071,1071,538,0,sty+tfidf+bert+perp,4,0,0.0010349056374928298,True
1072,1072,538,1,sty+tfidf+bert+perp,4,1,0.9996305765200076,True
1073,1073,539,0,sty+tfidf+bert+perp,4,0,0.0011817474986515184,True
1074,1074,539,1,sty+tfidf+bert+perp,4,1,0.9963553845157872,True
1075,1075,540,0,sty+tfidf+bert+perp,4,0,0.00046491635172640875,True
1076,1076,540,1,sty+tfidf+bert+perp,4,1,0.9985364778966593,True
1077,1077,541,0,sty+tfidf+bert+perp,4,0,0.06616758206986868,True
1078,1078,541,1,sty+tfidf+bert+perp,4,1,0.9985386424951026,True
1079,1079,542,0,sty+tfidf+bert+perp,4,0,0.0017624957726806206,True
1080,1080,542,1,sty+tfidf+bert+perp,4,1,0.8616031331566821,True
1081,1081,543,0,sty+tfidf+bert+perp,4,0,0.0029605876614693253,True
1082,1082,543,1,sty+tfidf+bert+perp,4,1,0.9970888621817926,True
1083,1083,544,0,sty+tfidf+bert+perp,4,0,0.011172824487385519,True
1084,1084,544,1,sty+tfidf+bert+perp,4,1,0.9996679952385921,True
1085,1085,545,0,sty+tfidf+bert+perp,4,0,0.0013264784362905988,True
1086,1086,545,1,sty+tfidf+bert+perp,4,1,0.9996203549368023,True
1087,1087,546,0,sty+tfidf+bert+perp,4,0,9.417719497301552e-05,True
1088,1088,546,1,sty+tfidf+bert+perp,4,1,0.9145359064755291,True
1089,1089,547,0,sty+tfidf+bert+perp,4,0,0.0304156298391742,True
1090,1090,547,1,sty+tfidf+bert+perp,4,1,0.9883057730981233,True
1091,1091,548,0,sty+tfidf+bert+perp,4,0,0.0007211106448072886,True
1092,1092,548,1,sty+tfidf+bert+perp,4,1,0.7346018845805846,True
1093,1093,549,0,sty+tfidf+bert+perp,4,0,0.00015958974619115652,True
1094,1094,549,1,sty+tfidf+bert+perp,4,1,0.999119210819201,True
1095,1095,550,0,sty+tfidf+bert+perp,4,0,0.00464890091160934,True
1096,1096,550,1,sty+tfidf+bert+perp,4,1,0.9982187650552717,True
1097,1097,551,0,sty+tfidf+bert+perp,4,0,0.02562688033418486,True
1098,1098,551,1,sty+tfidf+bert+perp,4,1,0.9985133820920166,True
1099,1099,552,0,sty+tfidf+bert+perp,4,0,0.01244429849944324,True
1100,1100,552,1,sty+tfidf+bert+perp,4,1,0.9993660219247111,True
1101,1101,553,0,sty+tfidf+bert+perp,4,0,0.019688911902843272,True
1102,1102,553,1,sty+tfidf+bert+perp,4,1,0.9995878537265008,True
1103,1103,554,0,sty+tfidf+bert+perp,4,0,0.021330895208389065,True
1104,1104,554,1,sty+tfidf+bert+perp,4,1,0.9945481212481864,True
1105,1105,555,0,sty+tfidf+bert+perp,4,0,0.0021648949478792062,True
1106,1106,555,1,sty+tfidf+bert+perp,4,1,0.9997335720246154,True
1107,1107,556,0,sty+tfidf+bert+perp,4,0,0.002634486207278486,True
1108,1108,556,1,sty+tfidf+bert+perp,4,0,0.12436116721702718,False
1109,1109,557,0,sty+tfidf+bert+perp,4,0,0.006888378592466275,True
1110,1110,557,1,sty+tfidf+bert+perp,4,1,0.9964526315990642,True
1111,1111,558,0,sty+tfidf+bert+perp,4,0,0.012959027696176104,True
1112,1112,558,1,sty+tfidf+bert+perp,4,1,0.9997167957923802,True
1113,1113,559,0,sty+tfidf+bert+perp,4,0,0.0003408905489849885,True
1114,1114,559,1,sty+tfidf+bert+perp,4,1,0.9809530021342885,True
1115,1115,560,0,sty+tfidf+bert+perp,4,0,0.00023691187330424996,True
1116,1116,560,1,sty+tfidf+bert+perp,4,1,0.9961821871766512,True
1117,1117,561,0,sty+tfidf+bert+perp,4,0,0.4805356829789445,True
1118,1118,561,1,sty+tfidf+bert+perp,4,1,0.9244079063278253,True
1119,1119,562,0,sty+tfidf+bert+perp,4,0,0.0007299658614025464,True
1120,1120,562,1,sty+tfidf+bert+perp,4,1,0.5345347408389617,True
1121,1121,563,0,sty+tfidf+bert+perp,4,0,0.00031967202799312514,True
1122,1122,563,1,sty+tfidf+bert+perp,4,1,0.9994265025835253,True
1123,1123,564,0,sty+tfidf+bert+perp,4,0,0.0014624095626154445,True
1124,1124,564,1,sty+tfidf+bert+perp,4,1,0.7639257644713937,True
1125,1125,565,0,sty+tfidf+bert+perp,4,0,0.012517812105034713,True
1126,1126,565,1,sty+tfidf+bert+perp,4,1,0.999611436611841,True
1127,1127,566,0,sty+tfidf+bert+perp,4,0,0.0016686097594040136,True
1128,1128,566,1,sty+tfidf+bert+perp,4,1,0.9998222144734364,True
1129,1129,567,0,sty+tfidf+bert+perp,4,0,8.302592080506586e-05,True
1130,1130,567,1,sty+tfidf+bert+perp,4,1,0.9933723365951035,True
1131,1131,568,0,sty+tfidf+bert+perp,4,0,0.00014362563919697468,True
1132,1132,568,1,sty+tfidf+bert+perp,4,1,0.9993449237728855,True
1133,1133,569,0,sty+tfidf+bert+perp,4,0,0.00023145455034852356,True
1134,1134,569,1,sty+tfidf+bert+perp,4,1,0.9994266918835701,True
1135,1135,570,0,sty+tfidf+bert+perp,4,0,0.031019824959614875,True
1136,1136,570,1,sty+tfidf+bert+perp,4,1,0.9989213149949315,True
1137,1137,571,0,sty+tfidf+bert+perp,4,0,0.10109649291665132,True
1138,1138,571,1,sty+tfidf+bert+perp,4,1,0.9757037457970688,True
1139,1139,572,0,sty+tfidf+bert+perp,4,0,0.0013716483203273574,True
1140,1140,572,1,sty+tfidf+bert+perp,4,1,0.9960973982530698,True
1141,1141,573,0,sty+tfidf+bert+perp,4,0,0.004177045751791003,True
1142,1142,573,1,sty+tfidf+bert+perp,4,1,0.7023686468683581,True
1143,1143,574,0,sty+tfidf+bert+perp,4,0,0.00029535554712552416,True
1144,1144,574,1,sty+tfidf+bert+perp,4,1,0.9996672255780356,True
1145,1145,575,0,sty+tfidf+bert+perp,4,0,0.0010127834194414093,True
1146,1146,575,1,sty+tfidf+bert+perp,4,1,0.9998874811832068,True
1147,1147,576,0,sty+tfidf+bert+perp,4,0,2.675977007369099e-05,True
1148,1148,576,1,sty+tfidf+bert+perp,4,1,0.9771340637913252,True
1149,1149,577,0,sty+tfidf+bert+perp,4,0,0.17202137868741935,True
1150,1150,577,1,sty+tfidf+bert+perp,4,1,0.9995958054697726,True
1151,1151,578,0,sty+tfidf+bert+perp,4,0,0.00033465826127627844,True
1152,1152,578,1,sty+tfidf+bert+perp,4,1,0.9986747256648136,True
1153,1153,579,0,sty+tfidf+bert+perp,4,0,0.003483899858676679,True
1154,1154,579,1,sty+tfidf+bert+perp,4,1,0.9710874714732265,True
1155,1155,580,0,sty+tfidf+bert+perp,4,0,0.004676461621239612,True
1156,1156,580,1,sty+tfidf+bert+perp,4,1,0.9986676117176582,True
1157,1157,581,0,sty+tfidf+bert+perp,4,0,0.008819749266295049,True
1158,1158,581,1,sty+tfidf+bert+perp,4,1,0.9998375926022851,True
1159,1159,582,0,sty+tfidf+bert+perp,4,0,0.0009518413275412008,True
1160,1160,582,1,sty+tfidf+bert+perp,4,1,0.582320190848121,True
1161,1161,583,0,sty+tfidf+bert+perp,4,0,0.0021593336133942384,True
1162,1162,583,1,sty+tfidf+bert+perp,4,1,0.9978177868499102,True
1163,1163,584,0,sty+tfidf+bert+perp,4,0,0.00509789607352911,True
1164,1164,584,1,sty+tfidf+bert+perp,4,1,0.9969737569117777,True
1165,1165,585,0,sty+tfidf+bert+perp,4,0,0.00010107850631578309,True
1166,1166,585,1,sty+tfidf+bert+perp,4,1,0.9946111560332748,True
1167,1167,586,0,sty+tfidf+bert+perp,4,0,3.4355214802223764e-05,True
1168,1168,586,1,sty+tfidf+bert+perp,4,1,0.9998580938686887,True
1169,1169,587,0,sty+tfidf+bert+perp,4,0,0.0006427247780765402,True
1170,1170,587,1,sty+tfidf+bert+perp,4,1,0.9992066646153841,True
1171,1171,588,0,sty+tfidf+bert+perp,4,0,0.004015526550396328,True
1172,1172,588,1,sty+tfidf+bert+perp,4,1,0.9997149279615841,True
1173,1173,589,0,sty+tfidf+bert+perp,4,0,0.03432352456525069,True
1174,1174,589,1,sty+tfidf+bert+perp,4,1,0.9975819599461165,True
1175,1175,590,0,sty+tfidf+bert+perp,4,0,0.00041992306890415517,True
1176,1176,590,1,sty+tfidf+bert+perp,4,1,0.9988572305224146,True
1177,1177,591,0,sty+tfidf+bert+perp,4,0,0.003227087978044886,True
1178,1178,591,1,sty+tfidf+bert+perp,4,1,0.998045393726502,True
1179,1179,592,0,sty+tfidf+bert+perp,4,0,0.00191701431140054,True
1180,1180,592,1,sty+tfidf+bert+perp,4,1,0.9986826621471928,True
1181,1181,593,0,sty+tfidf+bert+perp,4,0,0.00016740394876108236,True
1182,1182,593,1,sty+tfidf+bert+perp,4,1,0.9988782827952661,True
1183,1183,594,0,sty+tfidf+bert+perp,4,0,0.0002427499430908666,True
1184,1184,594,1,sty+tfidf+bert+perp,4,1,0.999922647669913,True
1185,1185,595,0,sty+tfidf+bert+perp,4,0,0.00030725051607745146,True
1186,1186,595,1,sty+tfidf+bert+perp,4,1,0.9982650376466,True
1187,1187,596,0,sty+tfidf+bert+perp,4,0,0.03889297005232085,True
1188,1188,596,1,sty+tfidf+bert+perp,4,1,0.9998666425627006,True
1189,1189,597,0,sty+tfidf+bert+perp,4,0,0.007838419309293881,True
1190,1190,597,1,sty+tfidf+bert+perp,4,1,0.9939933541036052,True
1191,1191,598,0,sty+tfidf+bert+perp,4,0,0.0012239359680643264,True
1192,1192,598,1,sty+tfidf+bert+perp,4,1,0.9713486868154001,True
1193,1193,599,0,sty+tfidf+bert+perp,4,0,0.03296983865871495,True
1194,1194,599,1,sty+tfidf+bert+perp,4,1,0.9993206219361028,True
1195,1195,600,0,sty+tfidf+bert+perp,4,0,0.0027044564596922513,True
1196,1196,600,1,sty+tfidf+bert+perp,4,1,0.9993650445701153,True
1197,1197,601,0,sty+tfidf+bert+perp,4,0,0.08508809872576689,True
1198,1198,601,1,sty+tfidf+bert+perp,4,1,0.989713922317485,True
1199,1199,602,0,sty+tfidf+bert+perp,4,0,0.005603300443802997,True
1200,1200,602,1,sty+tfidf+bert+perp,4,1,0.9993115261222298,True
1201,1201,603,0,sty+tfidf+bert+perp,4,0,0.0001724744340435566,True
1202,1202,603,1,sty+tfidf+bert+perp,4,1,0.9973323220378593,True
1203,1203,604,0,sty+tfidf+bert+perp,4,0,0.000316420857009249,True
1204,1204,604,1,sty+tfidf+bert+perp,4,1,0.999945099370076,True
1205,1205,605,0,sty+tfidf+bert+perp,4,0,0.00827702773635672,True
1206,1206,605,1,sty+tfidf+bert+perp,4,1,0.9967499666343578,True
1207,1207,606,0,sty+tfidf+bert+perp,4,0,0.1762906392841142,True
1208,1208,606,1,sty+tfidf+bert+perp,4,1,0.9996012644279647,True
1209,1209,607,0,sty+tfidf+bert+perp,4,0,0.06531806638770823,True
1210,1210,607,1,sty+tfidf+bert+perp,4,1,0.9996008290258732,True
1211,1211,608,0,sty+tfidf+bert+perp,4,0,0.00015900984361043652,True
1212,1212,608,1,sty+tfidf+bert+perp,4,1,0.9999173145780222,True
1213,1213,609,0,sty+tfidf+bert+perp,4,0,0.0009087401728146492,True
1214,1214,609,1,sty+tfidf+bert+perp,4,1,0.9998117130778502,True
1215,1215,610,0,sty+tfidf+bert+perp,4,0,0.0019071230853893069,True
1216,1216,610,1,sty+tfidf+bert+perp,4,1,0.8708192809118297,True
1217,1217,611,0,sty+tfidf+bert+perp,4,0,0.00014968819784426428,True
1218,1218,611,1,sty+tfidf+bert+perp,4,1,0.9996483912789165,True
1219,1219,612,0,sty+tfidf+bert+perp,4,0,0.04710123504588043,True
1220,1220,612,1,sty+tfidf+bert+perp,4,1,0.9876802275104658,True
1221,1221,613,0,sty+tfidf+bert+perp,4,0,0.006989241121263417,True
1222,1222,613,1,sty+tfidf+bert+perp,4,1,0.9997539752374439,True
1223,1223,614,0,sty+tfidf+bert+perp,4,0,0.002865128355284527,True
1224,1224,614,1,sty+tfidf+bert+perp,4,1,0.9992492440236457,True
1225,1225,615,0,sty+tfidf+bert+perp,4,0,0.0006067654570000819,True
1226,1226,615,1,sty+tfidf+bert+perp,4,1,0.9985513461399192,True
1227,1227,616,0,sty+tfidf+bert+perp,4,0,0.05923560118538719,True
1228,1228,616,1,sty+tfidf+bert+perp,4,1,0.9882360810686609,True
1229,1229,617,0,sty+tfidf+bert+perp,4,0,0.0010498696058345374,True
1230,1230,617,1,sty+tfidf+bert+perp,4,1,0.9982320989221918,True
1231,1231,618,0,sty+tfidf+bert+perp,4,0,0.0008077812018232226,True
1232,1232,618,1,sty+tfidf+bert+perp,4,1,0.999614609217015,True
1233,1233,619,0,sty+tfidf+bert+perp,4,0,0.46495503323547116,True
1234,1234,619,1,sty+tfidf+bert+perp,4,1,0.9981450214123684,True
1235,1235,620,0,sty+tfidf+bert+perp,4,0,0.00010509299568164435,True
1236,1236,620,1,sty+tfidf+bert+perp,4,1,0.9972328126084429,True
1237,1237,621,0,sty+tfidf+bert+perp,4,0,0.0030282174387499953,True
1238,1238,621,1,sty+tfidf+bert+perp,4,1,0.997926167982795,True
1239,1239,622,0,sty+tfidf+bert+perp,4,0,0.004986098763076688,True
1240,1240,622,1,sty+tfidf+bert+perp,4,1,0.9997159198590173,True
1241,1241,623,0,sty+tfidf+bert+perp,4,0,0.05141960489889308,True
1242,1242,623,1,sty+tfidf+bert+perp,4,1,0.9908101782983135,True
1243,1243,624,0,sty+tfidf+bert+perp,4,0,0.0010443134405638094,True
1244,1244,624,1,sty+tfidf+bert+perp,4,1,0.998837143992179,True
1245,1245,625,0,sty+tfidf+bert+perp,4,0,0.00015379256983606723,True
1246,1246,625,1,sty+tfidf+bert+perp,4,1,0.9211730564422941,True
1247,1247,626,0,sty+tfidf+bert+perp,4,0,0.00016961682510959917,True
1248,1248,626,1,sty+tfidf+bert+perp,4,1,0.9996794241313619,True
1249,1249,627,0,sty+tfidf+bert+perp,4,0,0.00012176975066604195,True
1250,1250,627,1,sty+tfidf+bert+perp,4,1,0.9998251605703555,True
1251,1251,628,0,sty+tfidf+bert+perp,4,0,0.000790703386841023,True
1252,1252,628,1,sty+tfidf+bert+perp,4,1,0.9993356495057611,True
1253,1253,629,0,sty+tfidf+bert+perp,4,0,0.0005000101228534864,True
1254,1254,629,1,sty+tfidf+bert+perp,4,0,0.19742160300657688,False
1255,1255,630,0,sty+tfidf+bert+perp,4,0,0.00032864232543487726,True
1256,1256,630,1,sty+tfidf+bert+perp,4,1,0.9998984933512524,True
1257,1257,631,0,sty+tfidf+bert+perp,4,0,0.0005027205812257457,True
1258,1258,631,1,sty+tfidf+bert+perp,4,1,0.9523129914941953,True
1259,1259,632,0,sty+tfidf+bert+perp,4,0,0.0010848364601481087,True
1260,1260,632,1,sty+tfidf+bert+perp,4,1,0.9986852509862446,True
1261,1261,633,0,sty+tfidf+bert+perp,4,0,7.088290552018625e-05,True
1262,1262,633,1,sty+tfidf+bert+perp,4,1,0.9292557757387638,True
1263,1263,634,0,sty+tfidf+bert+perp,4,0,0.004644085147289559,True
1264,1264,634,1,sty+tfidf+bert+perp,4,1,0.9964629768917765,True
1265,1265,635,0,sty+tfidf+bert+perp,4,0,0.002886011438294912,True
1266,1266,635,1,sty+tfidf+bert+perp,4,1,0.9976387764532263,True
1267,1267,636,0,sty+tfidf+bert+perp,4,0,0.0014977516526407896,True
1268,1268,636,1,sty+tfidf+bert+perp,4,1,0.999809215581671,True
1269,1269,637,0,sty+tfidf+bert+perp,4,0,0.4365731950598329,True
1270,1270,637,1,sty+tfidf+bert+perp,4,1,0.9998694967181839,True
1271,1271,638,0,sty+tfidf+bert+perp,4,0,0.00025411795277258613,True
1272,1272,638,1,sty+tfidf+bert+perp,4,1,0.9986134985407165,True
1273,1273,639,0,sty+tfidf+bert+perp,4,0,0.0006617582064563126,True
1274,1274,639,1,sty+tfidf+bert+perp,4,1,0.9997462868035593,True
1275,1275,640,0,sty+tfidf+bert+perp,4,0,0.0010424200325626176,True
1276,1276,640,1,sty+tfidf+bert+perp,4,1,0.9994803527719263,True
1277,1277,641,0,sty+tfidf+bert+perp,4,0,0.02152740742318638,True
1278,1278,641,1,sty+tfidf+bert+perp,4,1,0.9985031019194713,True
1279,1279,642,0,sty+tfidf+bert+perp,4,0,0.00019496285960786234,True
1280,1280,642,1,sty+tfidf+bert+perp,4,1,0.992607285517214,True
1281,1281,643,0,sty+tfidf+bert+perp,4,0,0.0004049243735205252,True
1282,1282,643,1,sty+tfidf+bert+perp,4,1,0.9988009912299521,True
1283,1283,644,0,sty+tfidf+bert+perp,4,0,0.0011736030941254187,True
1284,1284,644,1,sty+tfidf+bert+perp,4,1,0.9998255004206614,True
1285,1285,645,0,sty+tfidf+bert+perp,4,0,0.003676208730052578,True
1286,1286,645,1,sty+tfidf+bert+perp,4,1,0.9997936693869335,True
1287,1287,646,0,sty+tfidf+bert+perp,4,0,0.0003263929173531231,True
1288,1288,646,1,sty+tfidf+bert+perp,4,1,0.9995478502910747,True
1289,1289,647,0,sty+tfidf+bert+perp,4,0,0.0003574846848847141,True
1290,1290,647,1,sty+tfidf+bert+perp,4,1,0.9999398756958635,True
1291,1291,648,0,sty+tfidf+bert+perp,4,0,0.007257225734998443,True
1292,1292,648,1,sty+tfidf+bert+perp,4,1,0.9988076147315283,True
1293,1293,649,0,sty+tfidf+bert+perp,4,0,2.9910622250993418e-05,True
1294,1294,649,1,sty+tfidf+bert+perp,4,1,0.9995449898719506,True
1295,1295,650,0,sty+tfidf+bert+perp,4,0,9.073550156877816e-05,True
1296,1296,650,1,sty+tfidf+bert+perp,4,1,0.9728199595008477,True
1297,1297,651,0,sty+tfidf+bert+perp,4,0,0.0005412832772112549,True
1298,1298,651,1,sty+tfidf+bert+perp,4,1,0.9977237290891929,True
1299,1299,652,0,sty+tfidf+bert+perp,4,0,0.0024854262525657762,True
1300,1300,652,1,sty+tfidf+bert+perp,4,1,0.9854888328202971,True
1301,1301,653,0,sty+tfidf+bert+perp,4,0,0.00018087427577304958,True
1302,1302,653,1,sty+tfidf+bert+perp,4,1,0.9974667541189418,True
1303,1303,654,0,sty+tfidf+bert+perp,4,0,0.010751430322174625,True
1304,1304,654,1,sty+tfidf+bert+perp,4,1,0.999258657495785,True
1305,1305,655,0,sty+tfidf+bert+perp,4,0,0.002718819071400474,True
1306,1306,655,1,sty+tfidf+bert+perp,4,1,0.9976296328662261,True
1307,1307,656,0,sty+tfidf+bert+perp,4,0,0.0023331191877729715,True
1308,1308,656,1,sty+tfidf+bert+perp,4,1,0.9974255134276065,True
1309,1309,657,0,sty+tfidf+bert+perp,4,0,0.0020654981273738136,True
1310,1310,657,1,sty+tfidf+bert+perp,4,1,0.9990625775981342,True
1311,1311,658,0,sty+tfidf+bert+perp,4,0,0.0002166880515964615,True
1312,1312,658,1,sty+tfidf+bert+perp,4,1,0.9968488165490482,True
1313,1313,659,0,sty+tfidf+bert+perp,4,0,0.0003434825577137291,True
1314,1314,659,1,sty+tfidf+bert+perp,4,1,0.9995367390243394,True
1315,1315,660,0,sty+tfidf+bert+perp,4,0,0.00039452656724003454,True
1316,1316,660,1,sty+tfidf+bert+perp,4,1,0.9578110518236532,True
1317,1317,661,0,sty+tfidf+bert+perp,4,0,0.0001679124358988086,True
1318,1318,661,1,sty+tfidf+bert+perp,4,1,0.9996756885226333,True
1319,1319,662,0,sty+tfidf+bert+perp,4,0,0.00018311351226585866,True
1320,1320,662,1,sty+tfidf+bert+perp,4,1,0.9998274041753032,True
1321,1321,663,0,sty+tfidf+bert+perp,4,0,0.0002538571522787649,True
1322,1322,663,1,sty+tfidf+bert+perp,4,1,0.9977443934116977,True
1323,1323,664,0,sty+tfidf+bert+perp,4,0,0.002621532129340573,True
1324,1324,664,1,sty+tfidf+bert+perp,4,1,0.9998548471000155,True
1325,1325,665,0,sty+tfidf+bert+perp,4,0,0.0014079686643363718,True
1326,1326,665,1,sty+tfidf+bert+perp,4,1,0.982509402587582,True
1327,1327,666,0,sty+tfidf+bert+perp,4,0,0.0006765191088015077,True
1328,1328,666,1,sty+tfidf+bert+perp,4,1,0.9484804362609575,True
1329,1329,667,0,sty+tfidf+bert+perp,4,0,5.481203899401499e-05,True
1330,1330,667,1,sty+tfidf+bert+perp,4,1,0.9995025048704755,True
1331,1331,668,0,sty+tfidf+bert+perp,4,0,0.04320534967465191,True
1332,1332,668,1,sty+tfidf+bert+perp,4,1,0.9317530411196633,True
1333,1333,669,0,sty+tfidf+bert+perp,4,0,7.62498333611489e-05,True
1334,1334,669,1,sty+tfidf+bert+perp,4,1,0.9970325308455421,True
1335,1335,670,0,sty+tfidf+bert+perp,4,0,0.0004967579670137671,True
1336,1336,670,1,sty+tfidf+bert+perp,4,1,0.9999057071404096,True
1337,1337,671,0,sty+tfidf+bert+perp,4,0,0.00036926677505591255,True
1338,1338,671,1,sty+tfidf+bert+perp,4,1,0.99746390542382,True
1339,1339,672,0,sty+tfidf+bert+perp,4,0,7.097600419773479e-05,True
1340,1340,672,1,sty+tfidf+bert+perp,4,1,0.9667828850228254,True
1341,1341,673,0,sty+tfidf+bert+perp,4,0,0.04194793010597853,True
1342,1342,673,1,sty+tfidf+bert+perp,4,1,0.9999197658168452,True
1343,1343,674,0,sty+tfidf+bert+perp,4,0,0.0032453578772678442,True
1344,1344,674,1,sty+tfidf+bert+perp,4,1,0.9590613683602935,True
1345,1345,675,0,sty+tfidf+bert+perp,4,0,0.0005331075218943358,True
1346,1346,675,1,sty+tfidf+bert+perp,4,1,0.9886625790468851,True
1347,1347,676,0,sty+tfidf+bert+perp,4,0,0.011690487663829135,True
1348,1348,676,1,sty+tfidf+bert+perp,4,1,0.9997346294745564,True
1349,1349,677,0,sty+tfidf+bert+perp,4,0,7.275846593410044e-05,True
1350,1350,677,1,sty+tfidf+bert+perp,4,1,0.9997999047759443,True
1351,1351,678,0,sty+tfidf+bert+perp,4,0,0.00034529243502233014,True
1352,1352,678,1,sty+tfidf+bert+perp,4,1,0.9967512187797322,True
1353,1353,679,0,sty+tfidf+bert+perp,4,0,0.0009232898688013452,True
1354,1354,679,1,sty+tfidf+bert+perp,4,1,0.9951538889761516,True
1355,1355,680,0,sty+tfidf+bert+perp,4,0,0.48686273881750014,True
1356,1356,680,1,sty+tfidf+bert+perp,4,1,0.9964505070568508,True
1357,1357,681,0,sty+tfidf+bert+perp,4,0,7.663127783941383e-05,True
1358,1358,681,1,sty+tfidf+bert+perp,4,1,0.998304570610479,True
1359,1359,682,0,sty+tfidf+bert+perp,4,0,4.954275340846151e-05,True
1360,1360,682,1,sty+tfidf+bert+perp,4,1,0.9994008310311788,True
1361,1361,683,0,sty+tfidf+bert+perp,4,0,0.00014124238763103716,True
1362,1362,683,1,sty+tfidf+bert+perp,4,1,0.9981542783739744,True
1363,1363,684,0,sty+tfidf+bert+perp,4,0,0.00019929512805172512,True
1364,1364,684,1,sty+tfidf+bert+perp,4,1,0.9997966367384805,True
1365,1365,685,0,sty+tfidf+bert+perp,4,0,0.038592688965827474,True
1366,1366,685,1,sty+tfidf+bert+perp,4,1,0.9993855526835289,True
1367,1367,686,0,sty+tfidf+bert+perp,4,0,0.00018126523725527563,True
1368,1368,686,1,sty+tfidf+bert+perp,4,1,0.9997916120706194,True
1369,1369,687,0,sty+tfidf+bert+perp,4,0,6.850737921430606e-05,True
1370,1370,687,1,sty+tfidf+bert+perp,4,1,0.9995527471627187,True
1371,1371,688,0,sty+tfidf+bert+perp,4,0,0.000139838354224809,True
1372,1372,688,1,sty+tfidf+bert+perp,4,1,0.9960333071484528,True
1373,1373,689,0,sty+tfidf+bert+perp,4,0,0.0010816740693823826,True
1374,1374,689,1,sty+tfidf+bert+perp,4,1,0.9992432144753474,True
1375,1375,690,0,sty+tfidf+bert+perp,4,0,0.0033271241358998524,True
1376,1376,690,1,sty+tfidf+bert+perp,4,1,0.9983915148952144,True
1377,1377,691,0,sty+tfidf+bert+perp,4,0,0.00447178999009751,True
1378,1378,691,1,sty+tfidf+bert+perp,4,1,0.7343512352522519,True
1379,1379,692,0,sty+tfidf+bert+perp,4,0,7.793929711870135e-05,True
1380,1380,692,1,sty+tfidf+bert+perp,4,1,0.9979854839092279,True
1381,1381,693,0,sty+tfidf+bert+perp,4,0,0.0031611847383028325,True
1382,1382,693,1,sty+tfidf+bert+perp,4,1,0.9966637384892882,True
1383,1383,694,0,sty+tfidf+bert+perp,4,0,7.855029549034748e-05,True
1384,1384,694,1,sty+tfidf+bert+perp,4,1,0.6926770771790334,True
1385,1385,695,0,sty+tfidf+bert+perp,4,0,0.009123865089250699,True
1386,1386,695,1,sty+tfidf+bert+perp,4,1,0.9995925689813384,True
1387,1387,696,0,sty+tfidf+bert+perp,4,0,0.0016716761644386033,True
1388,1388,696,1,sty+tfidf+bert+perp,4,1,0.9996347137912611,True
1389,1389,697,0,sty+tfidf+bert+perp,4,0,0.00018332514220881045,True
1390,1390,697,1,sty+tfidf+bert+perp,4,1,0.9988149359735013,True
1391,1391,698,0,sty+tfidf+bert+perp,4,0,0.00011259284549442119,True
1392,1392,698,1,sty+tfidf+bert+perp,4,1,0.9855825074793232,True
1393,1393,699,0,sty+tfidf+bert+perp,4,0,0.011621214088367105,True
1394,1394,699,1,sty+tfidf+bert+perp,4,1,0.999669523821065,True
1395,1395,700,0,sty+tfidf+bert+perp,4,0,0.0002038294422209794,True
1396,1396,700,1,sty+tfidf+bert+perp,4,1,0.9988914770147962,True
1397,1397,701,0,sty+tfidf+bert+perp,4,0,0.00037145386452277736,True
1398,1398,701,1,sty+tfidf+bert+perp,4,1,0.9997684547716936,True
1399,1399,702,0,sty+tfidf+bert+perp,4,0,0.0011949012717734598,True
1400,1400,702,1,sty+tfidf+bert+perp,4,1,0.9753085350129501,True
1401,1401,703,0,sty+tfidf+bert+perp,4,0,0.007353749285675265,True
1402,1402,703,1,sty+tfidf+bert+perp,4,1,0.9124221454710564,True
1403,1403,704,0,sty+tfidf+bert+perp,4,0,0.06895931907742592,True
1404,1404,704,1,sty+tfidf+bert+perp,4,1,0.9988379574866133,True
1405,1405,705,0,sty+tfidf+bert+perp,4,0,0.0005308988319322826,True
1406,1406,705,1,sty+tfidf+bert+perp,4,1,0.9997171318863158,True
1407,1407,706,0,sty+tfidf+bert+perp,4,0,0.0025406910181429293,True
1408,1408,706,1,sty+tfidf+bert+perp,4,1,0.9354690048643498,True
1409,1409,707,0,sty+tfidf+bert+perp,4,0,0.007798464716157821,True
1410,1410,707,1,sty+tfidf+bert+perp,4,1,0.9999443246991804,True
1411,1411,708,0,sty+tfidf+bert+perp,4,0,0.0012311022433334025,True
1412,1412,708,1,sty+tfidf+bert+perp,4,1,0.9500374714326345,True
1413,1413,709,0,sty+tfidf+bert+perp,4,0,0.001029976755951881,True
1414,1414,709,1,sty+tfidf+bert+perp,4,1,0.9993027127648316,True
1415,1415,710,0,sty+tfidf+bert+perp,4,0,4.943378757604669e-05,True
1416,1416,710,1,sty+tfidf+bert+perp,4,1,0.9998135803505797,True
1417,1417,711,0,sty+tfidf+bert+perp,4,0,0.00010376749014693036,True
1418,1418,711,1,sty+tfidf+bert+perp,4,1,0.9992551166544198,True
1419,1419,712,0,sty+tfidf+bert+perp,4,0,0.0022575295907805853,True
1420,1420,712,1,sty+tfidf+bert+perp,4,1,0.986464099385944,True
1421,1421,713,0,sty+tfidf+bert+perp,4,0,0.029701030391326804,True
1422,1422,713,1,sty+tfidf+bert+perp,4,1,0.9998398521333132,True
1423,1423,714,0,sty+tfidf+bert+perp,4,0,0.00037483559194209247,True
1424,1424,714,1,sty+tfidf+bert+perp,4,1,0.9953474987922442,True
1425,1425,715,0,sty+tfidf+bert+perp,4,0,9.573773196920535e-05,True
1426,1426,715,1,sty+tfidf+bert+perp,4,1,0.9958202080519657,True
1427,1427,716,0,sty+tfidf+bert+perp,4,0,0.001093086768781457,True
1428,1428,716,1,sty+tfidf+bert+perp,4,1,0.9998655987333667,True
1429,1429,717,0,sty+tfidf+bert+perp,4,0,0.006710807815560011,True
1430,1430,717,1,sty+tfidf+bert+perp,4,1,0.9945046071376653,True
1431,1431,718,0,sty+tfidf+bert+perp,4,0,0.0006513250005094964,True
1432,1432,718,1,sty+tfidf+bert+perp,4,1,0.9997530814989865,True
1433,1433,719,0,sty+tfidf+bert+perp,4,0,0.006085876807684576,True
1434,1434,719,1,sty+tfidf+bert+perp,4,1,0.9992279876641794,True
1435,1435,720,0,sty+tfidf+bert+perp,4,1,0.7260415010464809,False
1436,1436,720,1,sty+tfidf+bert+perp,4,1,0.9901844413944374,True
1437,1437,721,0,sty+tfidf+bert+perp,4,0,0.000486247041314713,True
1438,1438,721,1,sty+tfidf+bert+perp,4,1,0.9994402801507695,True
1439,1439,722,0,sty+tfidf+bert+perp,4,0,0.0011552893467273746,True
1440,1440,722,1,sty+tfidf+bert+perp,4,1,0.9988241078553174,True
1441,1441,723,0,sty+tfidf+bert+perp,4,0,0.014554744380926016,True
1442,1442,723,1,sty+tfidf+bert+perp,4,1,0.9996837454116289,True
1443,1443,724,0,sty+tfidf+bert+perp,4,0,0.0005173479296148132,True
1444,1444,724,1,sty+tfidf+bert+perp,4,1,0.9998636787034276,True
1445,1445,725,0,sty+tfidf+bert+perp,4,0,0.0013892506559794885,True
1446,1446,725,1,sty+tfidf+bert+perp,4,1,0.9991598149658184,True
1447,1447,726,0,sty+tfidf+bert+perp,4,0,0.00028598198834147023,True
1448,1448,726,1,sty+tfidf+bert+perp,4,1,0.9998472646675597,True
1449,1449,727,0,sty+tfidf+bert+perp,4,0,2.0783306595911664e-05,True
1450,1450,727,1,sty+tfidf+bert+perp,4,1,0.9599233721551037,True
1451,1451,728,0,sty+tfidf+bert+perp,4,0,0.0013935679660936997,True
1452,1452,728,1,sty+tfidf+bert+perp,4,1,0.9999499435812402,True
1453,1453,729,0,sty+tfidf+bert+perp,4,0,0.00015252877188818705,True
1454,1454,729,1,sty+tfidf+bert+perp,4,1,0.5494183784303935,True
1455,1455,730,0,sty+tfidf+bert+perp,4,0,0.0014427172860310721,True
1456,1456,730,1,sty+tfidf+bert+perp,4,1,0.9993296632018094,True
1457,1457,731,0,sty+tfidf+bert+perp,4,0,0.004860255904243257,True
1458,1458,731,1,sty+tfidf+bert+perp,4,1,0.9998635605347278,True
1459,1459,732,0,sty+tfidf+bert+perp,4,0,8.075809715909184e-05,True
1460,1460,732,1,sty+tfidf+bert+perp,4,1,0.9985581160374752,True
1461,1461,733,0,sty+tfidf+bert+perp,4,0,0.00010362542737124623,True
1462,1462,733,1,sty+tfidf+bert+perp,4,1,0.9996723765701003,True
1463,1463,734,0,sty+tfidf+bert+perp,4,0,0.005952588199150238,True
1464,1464,734,1,sty+tfidf+bert+perp,4,1,0.9971209820589991,True
1465,1465,735,0,sty+tfidf+bert+perp,4,0,0.000315333157097859,True
1466,1466,735,1,sty+tfidf+bert+perp,4,1,0.9947935633995639,True
1467,1467,736,0,sty+tfidf+bert+perp,4,0,0.0008061664291031063,True
1468,1468,736,1,sty+tfidf+bert+perp,4,1,0.9995678044914666,True
1469,1469,737,0,sty+tfidf+bert+perp,4,0,0.00015724418673843688,True
1470,1470,737,1,sty+tfidf+bert+perp,4,1,0.9959158148521366,True
1471,1471,738,0,sty+tfidf+bert+perp,4,0,0.005825445999581791,True
1472,1472,738,1,sty+tfidf+bert+perp,4,1,0.9995864194377674,True
1473,1473,739,0,sty+tfidf+bert+perp,4,0,0.0064367414838832765,True
1474,1474,739,1,sty+tfidf+bert+perp,4,1,0.9997089433787859,True
1475,1475,740,0,sty+tfidf+bert+perp,4,0,0.00041157869615728325,True
1476,1476,740,1,sty+tfidf+bert+perp,4,1,0.999916236894631,True
1477,1477,741,0,sty+tfidf+bert+perp,4,0,0.0007924989440113018,True
1478,1478,741,1,sty+tfidf+bert+perp,4,1,0.9969091292816626,True
1479,1479,742,0,sty+tfidf+bert+perp,4,0,0.00993071004388489,True
1480,1480,742,1,sty+tfidf+bert+perp,4,1,0.9933388234827282,True
1481,1481,743,0,sty+tfidf+bert+perp,4,0,0.003533094506158308,True
1482,1482,743,1,sty+tfidf+bert+perp,4,1,0.9987281916264753,True
1483,1483,744,0,sty+tfidf+bert+perp,4,0,0.00024266172341692386,True
1484,1484,744,1,sty+tfidf+bert+perp,4,1,0.9980410605122666,True
1485,1485,745,0,sty+tfidf+bert+perp,4,0,0.0012252379579235173,True
1486,1486,745,1,sty+tfidf+bert+perp,4,1,0.9995692176312744,True
1487,1487,746,0,sty+tfidf+bert+perp,4,0,7.988233821868188e-05,True
1488,1488,746,1,sty+tfidf+bert+perp,4,1,0.9998107038747852,True
1489,1489,747,0,sty+tfidf+bert+perp,4,0,0.0032773170365490846,True
1490,1490,747,1,sty+tfidf+bert+perp,4,1,0.9982751820801087,True
1491,1491,748,0,sty+tfidf+bert+perp,4,0,0.00018709661511806186,True
1492,1492,748,1,sty+tfidf+bert+perp,4,1,0.9981115546027616,True
1493,1493,749,0,sty+tfidf+bert+perp,4,0,0.007432892867473222,True
1494,1494,749,1,sty+tfidf+bert+perp,4,1,0.9010279196136161,True
1495,1495,750,0,sty+tfidf+bert+perp,4,0,9.32320555270329e-05,True
1496,1496,750,1,sty+tfidf+bert+perp,4,1,0.9997773658142529,True
1497,1497,751,0,sty+tfidf+bert+perp,4,0,0.1386310140895751,True
1498,1498,751,1,sty+tfidf+bert+perp,4,1,0.9996425010924473,True
1499,1499,752,0,sty+tfidf+bert+perp,4,0,0.00018322203741966616,True
1500,1500,752,1,sty+tfidf+bert+perp,4,1,0.9999124483358733,True
1501,1501,753,0,sty+tfidf+bert+perp,4,0,0.0004173699993179958,True
1502,1502,753,1,sty+tfidf+bert+perp,4,1,0.9979693428164007,True
1503,1503,754,0,sty+tfidf+bert+perp,4,0,0.0005148599431518089,True
1504,1504,754,1,sty+tfidf+bert+perp,4,1,0.9997854459938302,True
1505,1505,755,0,sty+tfidf+bert+perp,4,0,0.00013338789407976734,True
1506,1506,755,1,sty+tfidf+bert+perp,4,1,0.9991651656439741,True
1507,1507,756,0,sty+tfidf+bert+perp,4,0,0.00023828817289902227,True
1508,1508,756,1,sty+tfidf+bert+perp,4,1,0.9999047399490275,True
1509,1509,757,0,sty+tfidf+bert+perp,4,0,0.18542772543514036,True
1510,1510,757,1,sty+tfidf+bert+perp,4,1,0.9967906936241067,True
1511,1511,758,0,sty+tfidf+bert+perp,4,0,0.00033471317673018294,True
1512,1512,758,1,sty+tfidf+bert+perp,4,1,0.9870551665991172,True
1513,1513,759,0,sty+tfidf+bert+perp,4,0,0.0009409263468112164,True
1514,1514,759,1,sty+tfidf+bert+perp,4,1,0.9980883516377888,True
1515,1515,760,0,sty+tfidf+bert+perp,4,0,0.00033550592606447645,True
1516,1516,760,1,sty+tfidf+bert+perp,4,1,0.9982634123291025,True
1517,1517,761,0,sty+tfidf+bert+perp,4,0,0.00023738989209910063,True
1518,1518,761,1,sty+tfidf+bert+perp,4,1,0.9975662160836125,True
1519,1519,762,0,sty+tfidf+bert+perp,4,0,0.0038650046616579884,True
1520,1520,762,1,sty+tfidf+bert+perp,4,1,0.9997574705434548,True
1521,1521,763,0,sty+tfidf+bert+perp,4,0,0.0004177430329648947,True
1522,1522,763,1,sty+tfidf+bert+perp,4,1,0.6581869598235719,True
1523,1523,764,0,sty+tfidf+bert+perp,4,0,5.713841678920501e-05,True
1524,1524,764,1,sty+tfidf+bert+perp,4,1,0.999912048959842,True
1525,1525,765,0,sty+tfidf+bert+perp,4,0,0.0009179316171118398,True
1526,1526,765,1,sty+tfidf+bert+perp,4,1,0.993116957397452,True
1527,1527,766,0,sty+tfidf+bert+perp,4,0,0.00018093364032113876,True
1528,1528,766,1,sty+tfidf+bert+perp,4,1,0.9999234312334592,True
1529,1529,767,0,sty+tfidf+bert+perp,4,0,0.00856283317001351,True
1530,1530,767,1,sty+tfidf+bert+perp,4,1,0.9989667922568917,True
1531,1531,768,0,sty+tfidf+bert+perp,4,0,0.0003271774157315709,True
1532,1532,768,1,sty+tfidf+bert+perp,4,1,0.9997945155847179,True
1533,1533,769,0,sty+tfidf+bert+perp,4,0,0.0007599462488721585,True
1534,1534,769,1,sty+tfidf+bert+perp,4,1,0.999462443456512,True
1535,1535,770,0,sty+tfidf+bert+perp,4,0,0.0012942248140497645,True
1536,1536,770,1,sty+tfidf+bert+perp,4,1,0.9972704265385725,True
1537,1537,771,0,sty+tfidf+bert+perp,4,0,0.006663493816981,True
1538,1538,771,1,sty+tfidf+bert+perp,4,1,0.9996347928074318,True
1539,1539,772,0,sty+tfidf+bert+perp,4,0,0.004945914690211173,True
1540,1540,772,1,sty+tfidf+bert+perp,4,1,0.9997833210303929,True
1541,1541,773,0,sty+tfidf+bert+perp,4,0,0.01667531483313148,True
1542,1542,773,1,sty+tfidf+bert+perp,4,1,0.9974361541613684,True
1543,1543,774,0,sty+tfidf+bert+perp,4,0,0.013472095673333458,True
1544,1544,774,1,sty+tfidf+bert+perp,4,1,0.9829042095521161,True
1545,1545,775,0,sty+tfidf+bert+perp,4,0,0.19537339847394897,True
1546,1546,775,1,sty+tfidf+bert+perp,4,1,0.9991247428253813,True
1547,1547,776,0,sty+tfidf+bert+perp,4,0,0.0005304959728337914,True
1548,1548,776,1,sty+tfidf+bert+perp,4,1,0.9996818426681905,True
1549,1549,777,0,sty+tfidf+bert+perp,4,0,0.003073036216813841,True
1550,1550,777,1,sty+tfidf+bert+perp,4,1,0.9999541892157688,True
1551,1551,778,0,sty+tfidf+bert+perp,4,0,8.670722638287843e-05,True
1552,1552,778,1,sty+tfidf+bert+perp,4,1,0.9933062325841353,True
1553,1553,779,0,sty+tfidf+bert+perp,4,0,0.0015671921726055312,True
1554,1554,779,1,sty+tfidf+bert+perp,4,1,0.998395090236922,True
1555,1555,780,0,sty+tfidf+bert+perp,4,0,0.00010800104449648042,True
1556,1556,780,1,sty+tfidf+bert+perp,4,1,0.9994200671220234,True
1557,1557,781,0,sty+tfidf+bert+perp,4,0,0.00018409671644208848,True
1558,1558,781,1,sty+tfidf+bert+perp,4,1,0.9995212166169114,True
1559,1559,782,0,sty+tfidf+bert+perp,4,0,0.0001276705321076134,True
1560,1560,782,1,sty+tfidf+bert+perp,4,1,0.9998547367092875,True
1561,1561,783,0,sty+tfidf+bert+perp,4,0,0.00031918204095231114,True
1562,1562,783,1,sty+tfidf+bert+perp,4,1,0.9982751987710812,True
1563,1563,784,1,sty+tfidf+bert+perp,4,1,0.9994846668917597,True
1564,1564,785,0,sty+tfidf+bert+perp,4,0,0.4264861378373714,True
1565,1565,785,1,sty+tfidf+bert+perp,4,1,0.994165797782209,True
1566,1566,786,0,sty+tfidf+bert+perp,4,0,0.00024635004030562076,True
1567,1567,786,1,sty+tfidf+bert+perp,4,1,0.9999079231794212,True
1568,1568,787,0,sty+tfidf+bert+perp,4,0,0.003744603734586545,True
1569,1569,787,1,sty+tfidf+bert+perp,4,1,0.9997848358042465,True
1570,1570,788,0,sty+tfidf+bert+perp,4,0,0.0013120564205458918,True
1571,1571,788,1,sty+tfidf+bert+perp,4,1,0.9986171434042512,True
1572,1572,789,0,sty+tfidf+bert+perp,4,0,0.012037445125283566,True
1573,1573,789,1,sty+tfidf+bert+perp,4,1,0.9982547360232953,True
1574,1574,790,0,sty+tfidf+bert+perp,4,0,0.0024604863789056447,True
1575,1575,790,1,sty+tfidf+bert+perp,4,1,0.9991142628942693,True
1576,1576,791,0,sty+tfidf+bert+perp,4,0,0.019055024473152833,True
1577,1577,791,1,sty+tfidf+bert+perp,4,1,0.9993135300811493,True
1578,1578,792,0,sty+tfidf+bert+perp,4,0,0.003540582618515637,True
1579,1579,792,1,sty+tfidf+bert+perp,4,1,0.9998964536356589,True
1580,1580,793,0,sty+tfidf+bert+perp,4,0,0.0019233310577284697,True
1581,1581,793,1,sty+tfidf+bert+perp,4,1,0.998730817900242,True
1582,1582,794,0,sty+tfidf+bert+perp,4,0,0.004695730351265426,True
1583,1583,794,1,sty+tfidf+bert+perp,4,1,0.9878265333726691,True
1584,1584,795,0,sty+tfidf+bert+perp,4,0,0.008978978363792058,True
1585,1585,795,1,sty+tfidf+bert+perp,4,0,0.26087385233023497,False
1586,1586,796,0,sty+tfidf+bert+perp,4,0,0.000559082260104482,True
1587,1587,796,1,sty+tfidf+bert+perp,4,1,0.9992804072970981,True
1588,1588,797,0,sty+tfidf+bert+perp,4,0,0.003897327409403769,True
1589,1589,797,1,sty+tfidf+bert+perp,4,1,0.9432118854685143,True
1590,1590,798,0,sty+tfidf+bert+perp,4,0,0.000802102634448042,True
1591,1591,798,1,sty+tfidf+bert+perp,4,1,0.9992272873198382,True
1592,1592,799,0,sty+tfidf+bert+perp,4,0,0.005476090163905605,True
1593,1593,799,1,sty+tfidf+bert+perp,4,1,0.9979927462913883,True
1594,1594,800,0,sty+tfidf+bert+perp,4,0,0.0003865870566259955,True
1595,1595,800,1,sty+tfidf+bert+perp,4,1,0.9990872983663428,True
1596,1596,801,0,sty+tfidf+bert+perp,4,0,0.011825137673883363,True
1597,1597,801,1,sty+tfidf+bert+perp,4,1,0.9995113160418906,True
1598,1598,802,0,sty+tfidf+bert+perp,4,0,0.10081108786647022,True
1599,1599,802,1,sty+tfidf+bert+perp,4,1,0.9997490067417024,True
1600,1600,803,0,sty+tfidf+bert+perp,4,0,0.0014191644023975611,True
1601,1601,803,1,sty+tfidf+bert+perp,4,1,0.9998733493267996,True
1602,1602,804,0,sty+tfidf+bert+perp,4,0,0.003676357315784518,True
1603,1603,804,1,sty+tfidf+bert+perp,4,1,0.9921346403253256,True
1604,1604,805,0,sty+tfidf+bert+perp,4,0,0.0002663369408149193,True
1605,1605,805,1,sty+tfidf+bert+perp,4,1,0.9999481796897024,True
1606,1606,806,0,sty+tfidf+bert+perp,4,0,0.00032302435269999783,True
1607,1607,806,1,sty+tfidf+bert+perp,4,1,0.955909868267747,True
1608,1608,807,0,sty+tfidf+bert+perp,4,0,0.29784446156678523,True
1609,1609,807,1,sty+tfidf+bert+perp,4,1,0.9967146836126809,True
1610,1610,808,0,sty+tfidf+bert+perp,4,0,0.00026292641620788974,True
1611,1611,808,1,sty+tfidf+bert+perp,4,1,0.9953864875212918,True
1612,1612,809,0,sty+tfidf+bert+perp,4,0,0.00014251091713600174,True
1613,1613,809,1,sty+tfidf+bert+perp,4,1,0.9988344654566752,True
1614,1614,810,0,sty+tfidf+bert+perp,4,0,0.0006259419294861714,True
1615,1615,810,1,sty+tfidf+bert+perp,4,1,0.9989295613238176,True
1616,1616,811,0,sty+tfidf+bert+perp,4,0,0.0008144207468352103,True
1617,1617,811,1,sty+tfidf+bert+perp,4,1,0.9799366615189943,True
1618,1618,812,0,sty+tfidf+bert+perp,4,0,0.005257069243396519,True
1619,1619,812,1,sty+tfidf+bert+perp,4,1,0.9162421016354202,True
1620,1620,813,1,sty+tfidf+bert+perp,4,1,0.9569276489646218,True
1621,1621,814,0,sty+tfidf+bert+perp,4,0,0.11458215114524199,True
1622,1622,814,1,sty+tfidf+bert+perp,4,1,0.999975431466081,True
1623,1623,815,0,sty+tfidf+bert+perp,4,0,0.014996861210166234,True
1624,1624,815,1,sty+tfidf+bert+perp,4,1,0.9997841539937179,True
1625,1625,816,0,sty+tfidf+bert+perp,4,0,0.005825654018956633,True
1626,1626,816,1,sty+tfidf+bert+perp,4,1,0.9995415470176615,True
1627,1627,817,0,sty+tfidf+bert+perp,4,0,0.010678284803935224,True
1628,1628,817,1,sty+tfidf+bert+perp,4,1,0.999486247512374,True
1629,1629,818,0,sty+tfidf+bert+perp,4,0,4.834245729243701e-05,True
1630,1630,818,1,sty+tfidf+bert+perp,4,1,0.9972127938239805,True
1631,1631,819,0,sty+tfidf+bert+perp,4,0,4.3673872718336915e-05,True
1632,1632,819,1,sty+tfidf+bert+perp,4,1,0.9995697135657533,True
1633,1633,820,0,sty+tfidf+bert+perp,4,0,0.00345869272062042,True
1634,1634,820,1,sty+tfidf+bert+perp,4,1,0.9991691385062454,True
1635,1635,821,0,sty+tfidf+bert+perp,4,0,0.01981774449095138,True
1636,1636,821,1,sty+tfidf+bert+perp,4,1,0.9989018621862248,True
1637,1637,822,0,sty+tfidf+bert+perp,4,0,0.0010388666089334185,True
1638,1638,822,1,sty+tfidf+bert+perp,4,1,0.9997641474872726,True
1639,1639,823,0,sty+tfidf+bert+perp,4,0,0.00021369198464806912,True
1640,1640,823,1,sty+tfidf+bert+perp,4,1,0.9998905155520711,True
1641,1641,824,0,sty+tfidf+bert+perp,4,0,0.00037242957554046513,True
1642,1642,824,1,sty+tfidf+bert+perp,4,1,0.9997183308670045,True
1643,1643,825,0,sty+tfidf+bert+perp,4,0,0.0006228289660220272,True
1644,1644,825,1,sty+tfidf+bert+perp,4,1,0.9994680417566246,True
1645,1645,826,0,sty+tfidf+bert+perp,4,0,0.00015510801335447515,True
1646,1646,826,1,sty+tfidf+bert+perp,4,1,0.9906043934770733,True
1647,1647,827,0,sty+tfidf+bert+perp,4,0,0.00015689683731323026,True
1648,1648,827,1,sty+tfidf+bert+perp,4,1,0.9997843230920931,True
1649,1649,828,0,sty+tfidf+bert+perp,4,0,0.0015818876773787693,True
1650,1650,828,1,sty+tfidf+bert+perp,4,1,0.9996638759768053,True
1651,1651,829,0,sty+tfidf+bert+perp,4,1,0.53643263527641,False
1652,1652,829,1,sty+tfidf+bert+perp,4,1,0.9977280009240025,True
1653,1653,830,0,sty+tfidf+bert+perp,4,0,0.00196376350157055,True
1654,1654,830,1,sty+tfidf+bert+perp,4,1,0.9959879932760104,True
1655,1655,831,0,sty+tfidf+bert+perp,4,0,0.026225120245305884,True
1656,1656,831,1,sty+tfidf+bert+perp,4,1,0.9258999025761093,True
1657,1657,832,0,sty+tfidf+bert+perp,4,0,0.0041089684434585634,True
1658,1658,832,1,sty+tfidf+bert+perp,4,1,0.9997243330071259,True
1659,1659,833,0,sty+tfidf+bert+perp,4,0,0.04879022148750544,True
1660,1660,833,1,sty+tfidf+bert+perp,4,1,0.999953373240071,True
1661,1661,834,0,sty+tfidf+bert+perp,4,0,2.2201974141640183e-05,True
1662,1662,834,1,sty+tfidf+bert+perp,4,1,0.9985516921246337,True
1663,1663,835,0,sty+tfidf+bert+perp,4,0,0.00017578019588668,True
1664,1664,835,1,sty+tfidf+bert+perp,4,1,0.9994297050223956,True
1665,1665,836,0,sty+tfidf+bert+perp,4,0,0.0002216619898916728,True
1666,1666,836,1,sty+tfidf+bert+perp,4,1,0.9778309933925488,True
1667,1667,837,0,sty+tfidf+bert+perp,4,0,0.0012001143409036174,True
1668,1668,837,1,sty+tfidf+bert+perp,4,1,0.9917295358719397,True
1669,1669,838,0,sty+tfidf+bert+perp,4,0,8.822025223518607e-05,True
1670,1670,838,1,sty+tfidf+bert+perp,4,1,0.9972253353208913,True
1671,1671,839,0,sty+tfidf+bert+perp,4,0,2.8884959400802997e-05,True
1672,1672,839,1,sty+tfidf+bert+perp,4,1,0.9973400808711275,True
1673,1673,840,0,sty+tfidf+bert+perp,4,0,0.0014256092542477125,True
1674,1674,840,1,sty+tfidf+bert+perp,4,1,0.998523782289002,True
1675,1675,841,0,sty+tfidf+bert+perp,4,0,0.0001575030751198571,True
1676,1676,841,1,sty+tfidf+bert+perp,4,1,0.9923904640378356,True
1677,1677,842,0,sty+tfidf+bert+perp,4,0,0.0003759292570635454,True
1678,1678,842,1,sty+tfidf+bert+perp,4,1,0.9983630722064654,True
1679,1679,843,0,sty+tfidf+bert+perp,4,0,0.16209752374210448,True
1680,1680,843,1,sty+tfidf+bert+perp,4,1,0.9983861933485454,True
1681,1681,844,0,sty+tfidf+bert+perp,4,0,0.006505476245558581,True
1682,1682,844,1,sty+tfidf+bert+perp,4,1,0.9920216017773542,True
1683,1683,845,0,sty+tfidf+bert+perp,4,0,0.0005840466000350169,True
1684,1684,845,1,sty+tfidf+bert+perp,4,1,0.9998676872419484,True
1685,1685,846,0,sty+tfidf+bert+perp,4,0,0.31222463805104095,True
1686,1686,846,1,sty+tfidf+bert+perp,4,1,0.9993232656675954,True
1687,1687,847,0,sty+tfidf+bert+perp,4,0,0.0017306095431412717,True
1688,1688,847,1,sty+tfidf+bert+perp,4,1,0.9995248598818723,True
1689,1689,848,0,sty+tfidf+bert+perp,4,0,0.0003100377916899517,True
1690,1690,848,1,sty+tfidf+bert+perp,4,1,0.99991198174007,True
1691,1691,849,0,sty+tfidf+bert+perp,4,0,0.00022243166845593303,True
1692,1692,849,1,sty+tfidf+bert+perp,4,1,0.9998952545105679,True
1693,1693,850,0,sty+tfidf+bert+perp,4,0,0.00041827861503798203,True
1694,1694,850,1,sty+tfidf+bert+perp,4,1,0.999485411814215,True
1695,1695,851,0,sty+tfidf+bert+perp,4,0,0.0016677624141357812,True
1696,1696,851,1,sty+tfidf+bert+perp,4,1,0.9983821988540107,True
1697,1697,852,0,sty+tfidf+bert+perp,4,0,5.5281198090935875e-05,True
1698,1698,852,1,sty+tfidf+bert+perp,4,1,0.9985909823432636,True
1699,1699,853,0,sty+tfidf+bert+perp,4,0,0.0018695173606284971,True
1700,1700,853,1,sty+tfidf+bert+perp,4,1,0.9999193844533312,True
1701,1701,854,0,sty+tfidf+bert+perp,4,0,0.001022290277100802,True
1702,1702,854,1,sty+tfidf+bert+perp,4,1,0.9999024469604888,True
1703,1703,855,0,sty+tfidf+bert+perp,4,0,0.0013328692613135808,True
1704,1704,855,1,sty+tfidf+bert+perp,4,1,0.997733954445184,True
1705,1705,856,0,sty+tfidf+bert+perp,4,0,4.47581628519414e-05,True
1706,1706,856,1,sty+tfidf+bert+perp,4,1,0.9999090221181699,True
1707,1707,857,0,sty+tfidf+bert+perp,4,0,0.00018843040942788454,True
1708,1708,857,1,sty+tfidf+bert+perp,4,1,0.994564901964578,True
1709,1709,858,0,sty+tfidf+bert+perp,4,0,0.15021893657064073,True
1710,1710,858,1,sty+tfidf+bert+perp,4,1,0.99988274712512,True
1711,1711,859,0,sty+tfidf+bert+perp,4,0,0.0001527910798256492,True
1712,1712,859,1,sty+tfidf+bert+perp,4,1,0.9485061587323539,True
1713,1713,860,0,sty+tfidf+bert+perp,4,0,0.004285929208989126,True
1714,1714,860,1,sty+tfidf+bert+perp,4,1,0.9996216099059155,True
1715,1715,861,0,sty+tfidf+bert+perp,4,0,0.0025324295388197255,True
1716,1716,861,1,sty+tfidf+bert+perp,4,1,0.9824753701133117,True
1717,1717,862,0,sty+tfidf+bert+perp,4,0,0.020969736963831354,True
1718,1718,862,1,sty+tfidf+bert+perp,4,0,0.21373766277352102,False
1719,1719,863,0,sty+tfidf+bert+perp,4,0,0.015386572956185368,True
1720,1720,863,1,sty+tfidf+bert+perp,4,1,0.9994811128688145,True
1721,1721,864,0,sty+tfidf+bert+perp,4,0,0.05163112719939461,True
1722,1722,864,1,sty+tfidf+bert+perp,4,1,0.9980303268582761,True
1723,1723,865,0,sty+tfidf+bert+perp,4,0,0.0006219458123448076,True
1724,1724,865,1,sty+tfidf+bert+perp,4,1,0.989381611182872,True
1725,1725,866,0,sty+tfidf+bert+perp,4,0,0.000285286704691393,True
1726,1726,866,1,sty+tfidf+bert+perp,4,1,0.9997304867363193,True
1727,1727,867,0,sty+tfidf+bert+perp,4,0,0.0003880431584854067,True
1728,1728,867,1,sty+tfidf+bert+perp,4,1,0.9997542486481038,True
1729,1729,868,0,sty+tfidf+bert+perp,4,0,0.00043546503934160805,True
1730,1730,868,1,sty+tfidf+bert+perp,4,1,0.999696900618973,True
1731,1731,869,0,sty+tfidf+bert+perp,4,0,0.003704113548970803,True
1732,1732,869,1,sty+tfidf+bert+perp,4,1,0.9980774628087021,True
1733,1733,870,0,sty+tfidf+bert+perp,4,0,0.003691082584162148,True
1734,1734,870,1,sty+tfidf+bert+perp,4,1,0.9960361457929701,True
1735,1735,871,0,sty+tfidf+bert+perp,4,0,0.0014107391032918753,True
1736,1736,871,1,sty+tfidf+bert+perp,4,1,0.9998223422113074,True
1737,1737,872,0,sty+tfidf+bert+perp,4,0,0.008692444164514179,True
1738,1738,872,1,sty+tfidf+bert+perp,4,1,0.9998503211117051,True
1739,1739,873,0,sty+tfidf+bert+perp,4,0,0.000720853892240514,True
1740,1740,873,1,sty+tfidf+bert+perp,4,1,0.9993767216686326,True
1741,1741,874,0,sty+tfidf+bert+perp,4,0,0.0006042566499597793,True
1742,1742,874,1,sty+tfidf+bert+perp,4,1,0.9672591392991515,True
1743,1743,875,0,sty+tfidf+bert+perp,4,0,8.066252331028656e-05,True
1744,1744,875,1,sty+tfidf+bert+perp,4,1,0.9970140848765895,True
1745,1745,876,0,sty+tfidf+bert+perp,4,0,0.0006732159736837601,True
1746,1746,876,1,sty+tfidf+bert+perp,4,1,0.9978099940336165,True
1747,1747,877,0,sty+tfidf+bert+perp,4,0,0.0007498299295264957,True
1748,1748,877,1,sty+tfidf+bert+perp,4,1,0.9998515219350345,True
1749,1749,878,0,sty+tfidf+bert+perp,4,0,0.021551301123239924,True
1750,1750,878,1,sty+tfidf+bert+perp,4,1,0.9998577981394504,True
1751,1751,879,0,sty+tfidf+bert+perp,4,0,0.01605491811472224,True
1752,1752,879,1,sty+tfidf+bert+perp,4,1,0.9947430001378987,True
1753,1753,880,0,sty+tfidf+bert+perp,4,0,0.0048339105478709425,True
1754,1754,880,1,sty+tfidf+bert+perp,4,1,0.9992107106337825,True
1755,1755,881,0,sty+tfidf+bert+perp,4,0,0.00034123538004526117,True
1756,1756,881,1,sty+tfidf+bert+perp,4,1,0.9947102694768608,True
1757,1757,882,0,sty+tfidf+bert+perp,4,0,0.0005837068586088623,True
1758,1758,882,1,sty+tfidf+bert+perp,4,1,0.9990552341587737,True
1759,1759,883,0,sty+tfidf+bert+perp,4,0,0.0006650154057669715,True
1760,1760,883,1,sty+tfidf+bert+perp,4,1,0.9994527629822891,True
1761,1761,884,0,sty+tfidf+bert+perp,4,0,6.895228948975267e-05,True
1762,1762,884,1,sty+tfidf+bert+perp,4,1,0.9971681496219472,True
1763,1763,885,0,sty+tfidf+bert+perp,4,0,0.0005240633020649031,True
1764,1764,885,1,sty+tfidf+bert+perp,4,1,0.9988081289116907,True
1765,1765,886,0,sty+tfidf+bert+perp,4,0,0.004909525585560424,True
1766,1766,886,1,sty+tfidf+bert+perp,4,1,0.9996865718103666,True
1767,1767,887,0,sty+tfidf+bert+perp,4,0,0.0005308995832240401,True
1768,1768,887,1,sty+tfidf+bert+perp,4,1,0.6283985429243095,True
1769,1769,888,0,sty+tfidf+bert+perp,4,0,0.0005812533045695304,True
1770,1770,888,1,sty+tfidf+bert+perp,4,1,0.9999066316538977,True
1771,1771,889,0,sty+tfidf+bert+perp,4,0,0.023232272272118347,True
1772,1772,889,1,sty+tfidf+bert+perp,4,1,0.999866321465733,True
1773,1773,890,0,sty+tfidf+bert+perp,4,0,0.00032020880189682953,True
1774,1774,890,1,sty+tfidf+bert+perp,4,1,0.9989044328567145,True
1775,1775,891,0,sty+tfidf+bert+perp,4,1,0.7954781356801576,False
1776,1776,891,1,sty+tfidf+bert+perp,4,1,0.9847232792740098,True
1777,1777,892,0,sty+tfidf+bert+perp,4,0,0.0008604551003353749,True
1778,1778,892,1,sty+tfidf+bert+perp,4,1,0.9999551370709873,True
1779,1779,893,0,sty+tfidf+bert+perp,4,0,0.0010428319773605479,True
1780,1780,893,1,sty+tfidf+bert+perp,4,1,0.9994452854924294,True
1781,1781,894,0,sty+tfidf+bert+perp,4,0,0.0001581652999226117,True
1782,1782,894,1,sty+tfidf+bert+perp,4,1,0.9989827765419576,True
1783,1783,895,0,sty+tfidf+bert+perp,4,0,0.00018364595280183005,True
1784,1784,895,1,sty+tfidf+bert+perp,4,1,0.9605759755823392,True
1785,1785,896,0,sty+tfidf+bert+perp,4,0,0.018733517773976707,True
1786,1786,896,1,sty+tfidf+bert+perp,4,1,0.9973323101649677,True
1787,1787,897,0,sty+tfidf+bert+perp,4,0,0.0013005894269153737,True
1788,1788,897,1,sty+tfidf+bert+perp,4,1,0.9998611206571398,True
1789,1789,898,0,sty+tfidf+bert+perp,4,0,0.008213061315804801,True
1790,1790,898,1,sty+tfidf+bert+perp,4,1,0.9995254237390027,True
1791,1791,899,0,sty+tfidf+bert+perp,4,0,0.0009079441327017196,True
1792,1792,899,1,sty+tfidf+bert+perp,4,1,0.9994166851235784,True
1793,1793,900,0,sty+tfidf+bert+perp,4,0,0.0018925378771657217,True
1794,1794,900,1,sty+tfidf+bert+perp,4,1,0.9652830030187948,True
1795,1795,901,0,sty+tfidf+bert+perp,4,0,0.02432327562607131,True
1796,1796,901,1,sty+tfidf+bert+perp,4,1,0.9996193473119652,True
1797,1797,902,0,sty+tfidf+bert+perp,4,0,0.004469227141744896,True
1798,1798,902,1,sty+tfidf+bert+perp,4,1,0.997783147690303,True
1799,1799,903,0,sty+tfidf+bert+perp,4,0,0.0001077258045682395,True
1800,1800,903,1,sty+tfidf+bert+perp,4,1,0.9999471424045924,True
1801,1801,904,0,sty+tfidf+bert+perp,4,0,0.00828503845854103,True
1802,1802,904,1,sty+tfidf+bert+perp,4,1,0.9992473611943027,True
1803,1803,905,0,sty+tfidf+bert+perp,4,0,0.0009444863438754236,True
1804,1804,905,1,sty+tfidf+bert+perp,4,1,0.9996957134919398,True
1805,1805,906,0,sty+tfidf+bert+perp,4,0,0.00030070930559336227,True
1806,1806,906,1,sty+tfidf+bert+perp,4,1,0.9990720972161693,True
1807,1807,907,0,sty+tfidf+bert+perp,4,0,0.00035786402747570433,True
1808,1808,907,1,sty+tfidf+bert+perp,4,1,0.9992822442542589,True
1809,1809,908,0,sty+tfidf+bert+perp,4,0,0.0014308569077611465,True
1810,1810,908,1,sty+tfidf+bert+perp,4,0,0.0310628855458201,False
1811,1811,909,0,sty+tfidf+bert+perp,4,0,0.0003746743656357969,True
1812,1812,909,1,sty+tfidf+bert+perp,4,1,0.9978665116426172,True
1813,1813,910,0,sty+tfidf+bert+perp,4,0,0.005905035519857277,True
1814,1814,910,1,sty+tfidf+bert+perp,4,1,0.8747692484793931,True
1815,1815,911,0,sty+tfidf+bert+perp,4,0,0.1273876994144622,True
1816,1816,911,1,sty+tfidf+bert+perp,4,1,0.9897983790201011,True
1817,1817,912,0,sty+tfidf+bert+perp,4,0,0.01410504289975678,True
1818,1818,912,1,sty+tfidf+bert+perp,4,1,0.9998382955080478,True
1819,1819,913,0,sty+tfidf+bert+perp,4,0,0.0006370944277156407,True
1820,1820,913,1,sty+tfidf+bert+perp,4,1,0.9997375371787104,True
1821,1821,914,0,sty+tfidf+bert+perp,4,0,0.024199436464202435,True
1822,1822,914,1,sty+tfidf+bert+perp,4,1,0.999900771990073,True
1823,1823,915,0,sty+tfidf+bert+perp,4,0,0.000245660593615603,True
1824,1824,915,1,sty+tfidf+bert+perp,4,1,0.9542682051029601,True
1825,1825,916,0,sty+tfidf+bert+perp,4,0,0.022058202444100682,True
1826,1826,916,1,sty+tfidf+bert+perp,4,1,0.9992265744396047,True
1827,1827,917,0,sty+tfidf+bert+perp,4,0,0.0002128351067336462,True
1828,1828,917,1,sty+tfidf+bert+perp,4,1,0.9996928147334143,True
1829,1829,918,0,sty+tfidf+bert+perp,4,0,0.0005106526216045444,True
1830,1830,918,1,sty+tfidf+bert+perp,4,1,0.9998981285620853,True
1831,1831,919,0,sty+tfidf+bert+perp,4,0,0.003827447722850996,True
1832,1832,919,1,sty+tfidf+bert+perp,4,1,0.9998309425187187,True
1833,1833,920,0,sty+tfidf+bert+perp,4,0,0.015829561256932148,True
1834,1834,920,1,sty+tfidf+bert+perp,4,1,0.9997042052753939,True
1835,1835,921,0,sty+tfidf+bert+perp,4,0,0.00985236350768059,True
1836,1836,921,1,sty+tfidf+bert+perp,4,1,0.9991875001824613,True
1837,1837,922,0,sty+tfidf+bert+perp,4,0,0.0008123089899256516,True
1838,1838,922,1,sty+tfidf+bert+perp,4,1,0.9997541042909759,True
1839,1839,923,0,sty+tfidf+bert+perp,4,0,0.004953511650667408,True
1840,1840,923,1,sty+tfidf+bert+perp,4,1,0.9999366521405932,True
1841,1841,924,0,sty+tfidf+bert+perp,4,0,0.0004039847117537277,True
1842,1842,924,1,sty+tfidf+bert+perp,4,1,0.9691996961591516,True
1843,1843,925,0,sty+tfidf+bert+perp,4,0,0.0003340856233082414,True
1844,1844,925,1,sty+tfidf+bert+perp,4,1,0.9985885984699973,True
1845,1845,926,0,sty+tfidf+bert+perp,4,0,0.002164033566751734,True
1846,1846,926,1,sty+tfidf+bert+perp,4,1,0.9991668053688787,True
1847,1847,927,0,sty+tfidf+bert+perp,4,0,0.001433453538678736,True
1848,1848,927,1,sty+tfidf+bert+perp,4,1,0.9992299811608252,True
1849,1849,928,0,sty+tfidf+bert+perp,4,0,0.002226048002145431,True
1850,1850,928,1,sty+tfidf+bert+perp,4,1,0.9998020219612914,True
1851,1851,929,0,sty+tfidf+bert+perp,4,0,0.0005725665716825556,True
1852,1852,929,1,sty+tfidf+bert+perp,4,1,0.9994992791474588,True
1853,1853,930,0,sty+tfidf+bert+perp,4,0,0.007035020512770847,True
1854,1854,930,1,sty+tfidf+bert+perp,4,1,0.9999034634118049,True
1855,1855,931,0,sty+tfidf+bert+perp,4,0,0.3613044250713151,True
1856,1856,931,1,sty+tfidf+bert+perp,4,1,0.9732143110345945,True
1857,1857,932,0,sty+tfidf+bert+perp,4,0,0.005368230809555016,True
1858,1858,932,1,sty+tfidf+bert+perp,4,1,0.9996133467491184,True
1859,1859,933,0,sty+tfidf+bert+perp,4,0,0.00045772109292246016,True
1860,1860,933,1,sty+tfidf+bert+perp,4,1,0.9996547811018535,True
1861,1861,934,0,sty+tfidf+bert+perp,4,0,0.0006032046112978401,True
1862,1862,934,1,sty+tfidf+bert+perp,4,1,0.9982592616467025,True
1863,1863,935,0,sty+tfidf+bert+perp,4,0,0.018127243700840477,True
1864,1864,935,1,sty+tfidf+bert+perp,4,1,0.9987251726244502,True
1865,1865,936,0,sty+tfidf+bert+perp,4,0,0.011924800048747275,True
1866,1866,936,1,sty+tfidf+bert+perp,4,1,0.9963854600096499,True
1867,1867,937,0,sty+tfidf+bert+perp,4,0,0.0006681646799903135,True
1868,1868,937,1,sty+tfidf+bert+perp,4,1,0.9977423757293219,True
1869,1869,938,0,sty+tfidf+bert+perp,4,0,0.009039574471003406,True
1870,1870,938,1,sty+tfidf+bert+perp,4,1,0.9693079040446476,True
1871,1871,939,0,sty+tfidf+bert+perp,4,0,0.006141887611493386,True
1872,1872,939,1,sty+tfidf+bert+perp,4,1,0.9982802186324186,True
1873,1873,940,0,sty+tfidf+bert+perp,4,0,0.00022255992645402428,True
1874,1874,940,1,sty+tfidf+bert+perp,4,1,0.9981842216183774,True
1875,1875,941,0,sty+tfidf+bert+perp,4,0,0.0002546925295243538,True
1876,1876,941,1,sty+tfidf+bert+perp,4,1,0.9885948152569123,True
1877,1877,942,0,sty+tfidf+bert+perp,4,0,0.0013135788513741694,True
1878,1878,942,1,sty+tfidf+bert+perp,4,1,0.999921647669859,True
1879,1879,943,0,sty+tfidf+bert+perp,4,0,0.0011688579053548902,True
1880,1880,943,1,sty+tfidf+bert+perp,4,1,0.999636038462878,True
1881,1881,944,0,sty+tfidf+bert+perp,4,0,0.00022745345940136362,True
1882,1882,944,1,sty+tfidf+bert+perp,4,1,0.9996684254809992,True
1883,1883,945,0,sty+tfidf+bert+perp,4,0,0.0003157307653476448,True
1884,1884,945,1,sty+tfidf+bert+perp,4,1,0.9956224805195224,True
1885,1885,946,0,sty+tfidf+bert+perp,4,0,5.092765539461088e-05,True
1886,1886,946,1,sty+tfidf+bert+perp,4,1,0.9974593146853591,True
1887,1887,947,0,sty+tfidf+bert+perp,4,0,0.06106546289807174,True
1888,1888,947,1,sty+tfidf+bert+perp,4,1,0.9998363023889565,True
1889,1889,948,0,sty+tfidf+bert+perp,4,0,0.0013539392830540491,True
1890,1890,948,1,sty+tfidf+bert+perp,4,1,0.9993155145902128,True
1891,1891,949,0,sty+tfidf+bert+perp,4,0,0.0012695551123390867,True
1892,1892,949,1,sty+tfidf+bert+perp,4,1,0.9967250176203551,True
1893,1893,950,0,sty+tfidf+bert+perp,4,0,0.006131188529696824,True
1894,1894,950,1,sty+tfidf+bert+perp,4,1,0.9945652866550095,True
1895,1895,951,0,sty+tfidf+bert+perp,4,0,0.00044609095328056067,True
1896,1896,951,1,sty+tfidf+bert+perp,4,1,0.9998699079526634,True
1897,1897,952,0,sty+tfidf+bert+perp,4,0,0.003379844133661969,True
1898,1898,952,1,sty+tfidf+bert+perp,4,1,0.6457105533291516,True
1899,1899,953,0,sty+tfidf+bert+perp,4,0,0.000755953693837424,True
1900,1900,953,1,sty+tfidf+bert+perp,4,1,0.9981277764019617,True
1901,1901,954,0,sty+tfidf+bert+perp,4,0,0.2674534501742629,True
1902,1902,954,1,sty+tfidf+bert+perp,4,1,0.9992240652924239,True
1903,1903,955,0,sty+tfidf+bert+perp,4,0,0.005082413064203431,True
1904,1904,955,1,sty+tfidf+bert+perp,4,1,0.9967476924842387,True
1905,1905,956,0,sty+tfidf+bert+perp,4,0,0.00012246610666504773,True
1906,1906,956,1,sty+tfidf+bert+perp,4,1,0.9998151903700601,True
1907,1907,957,0,sty+tfidf+bert+perp,4,0,0.013455743198152445,True
1908,1908,957,1,sty+tfidf+bert+perp,4,1,0.999864647492493,True
1909,1909,958,0,sty+tfidf+bert+perp,4,0,0.0019200957784528984,True
1910,1910,958,1,sty+tfidf+bert+perp,4,1,0.9986020018410852,True
1911,1911,959,0,sty+tfidf+bert+perp,4,0,5.7625567717868096e-05,True
1912,1912,959,1,sty+tfidf+bert+perp,4,1,0.975780505705724,True
1913,1913,960,0,sty+tfidf+bert+perp,4,0,0.0011930611546801429,True
1914,1914,960,1,sty+tfidf+bert+perp,4,1,0.9983928792763939,True
1915,1915,961,0,sty+tfidf+bert+perp,4,0,0.00021211408209845933,True
1916,1916,961,1,sty+tfidf+bert+perp,4,1,0.9982274518530382,True
1917,1917,962,0,sty+tfidf+bert+perp,4,0,0.050785128766654926,True
1918,1918,962,1,sty+tfidf+bert+perp,4,1,0.9996040932007144,True
1919,1919,963,0,sty+tfidf+bert+perp,4,0,0.00020915998938424363,True
1920,1920,963,1,sty+tfidf+bert+perp,4,1,0.9989176138352909,True
1921,1921,964,0,sty+tfidf+bert+perp,4,0,0.4151933804708298,True
1922,1922,964,1,sty+tfidf+bert+perp,4,1,0.9993014967461885,True
1923,1923,965,0,sty+tfidf+bert+perp,4,0,0.00011216427369213644,True
1924,1924,965,1,sty+tfidf+bert+perp,4,1,0.9998754371647519,True
1925,1925,966,0,sty+tfidf+bert+perp,4,0,0.008404947551896856,True
1926,1926,966,1,sty+tfidf+bert+perp,4,1,0.9851575281847912,True
1927,1927,967,0,sty+tfidf+bert+perp,4,0,0.053153000244574755,True
1928,1928,967,1,sty+tfidf+bert+perp,4,1,0.9699160038754095,True
1929,1929,968,0,sty+tfidf+bert+perp,4,0,0.0007785804005691373,True
1930,1930,968,1,sty+tfidf+bert+perp,4,1,0.9998760014873052,True
1931,1931,969,0,sty+tfidf+bert+perp,4,0,0.001769441583822299,True
1932,1932,969,1,sty+tfidf+bert+perp,4,1,0.998341503317592,True
1933,1933,970,0,sty+tfidf+bert+perp,4,0,0.08358993816575054,True
1934,1934,970,1,sty+tfidf+bert+perp,4,1,0.9993639346782874,True
1935,1935,971,1,sty+tfidf+bert+perp,4,1,0.9991696970929166,True
1936,1936,972,0,sty+tfidf+bert+perp,4,0,0.0008419043296959395,True
1937,1937,972,1,sty+tfidf+bert+perp,4,1,0.9812623696509822,True
1938,1938,973,0,sty+tfidf+bert+perp,4,0,0.00020038054098550154,True
1939,1939,973,1,sty+tfidf+bert+perp,4,1,0.9989940773057845,True
1940,1940,974,0,sty+tfidf+bert+perp,4,0,0.0002485556776971423,True
1941,1941,974,1,sty+tfidf+bert+perp,4,1,0.999137979850239,True
1942,1942,975,0,sty+tfidf+bert+perp,4,0,0.001296557596501908,True
1943,1943,975,1,sty+tfidf+bert+perp,4,1,0.9993434386504896,True
1944,1944,976,0,sty+tfidf+bert+perp,4,0,7.513783649208145e-05,True
1945,1945,976,1,sty+tfidf+bert+perp,4,1,0.9988285666615676,True
1946,1946,977,0,sty+tfidf+bert+perp,4,0,0.0012837768475000369,True
1947,1947,977,1,sty+tfidf+bert+perp,4,1,0.9950851576725204,True
1948,1948,978,0,sty+tfidf+bert+perp,4,0,0.0005761099855586734,True
1949,1949,978,1,sty+tfidf+bert+perp,4,1,0.9977823194966214,True
1950,1950,979,0,sty+tfidf+bert+perp,4,0,0.0001911043594809088,True
1951,1951,979,1,sty+tfidf+bert+perp,4,1,0.9998871945395421,True
1952,1952,980,0,sty+tfidf+bert+perp,4,0,0.0012113644867305375,True
1953,1953,980,1,sty+tfidf+bert+perp,4,1,0.7651636677126543,True
1954,1954,981,0,sty+tfidf+bert+perp,4,0,0.0018238974660442814,True
1955,1955,981,1,sty+tfidf+bert+perp,4,1,0.99855183981594,True
1956,1956,982,0,sty+tfidf+bert+perp,4,0,0.0015131302402010994,True
1957,1957,982,1,sty+tfidf+bert+perp,4,1,0.7739732480930044,True
1958,1958,983,0,sty+tfidf+bert+perp,4,0,0.020062485235308448,True
1959,1959,983,1,sty+tfidf+bert+perp,4,1,0.999607710858941,True
1960,1960,984,0,sty+tfidf+bert+perp,4,0,0.001830894888733824,True
1961,1961,984,1,sty+tfidf+bert+perp,4,1,0.9985859373458278,True
1962,1962,985,0,sty+tfidf+bert+perp,4,0,0.006346329100252207,True
1963,1963,985,1,sty+tfidf+bert+perp,4,1,0.9998690106645652,True
1964,1964,986,0,sty+tfidf+bert+perp,4,0,0.0013653287764045813,True
1965,1965,986,1,sty+tfidf+bert+perp,4,1,0.9995093421739917,True
1966,1966,987,0,sty+tfidf+bert+perp,4,0,0.0028484186732926266,True
1967,1967,987,1,sty+tfidf+bert+perp,4,1,0.9996977859162379,True
1968,1968,988,0,sty+tfidf+bert+perp,4,0,4.129057717864224e-05,True
1969,1969,988,1,sty+tfidf+bert+perp,4,1,0.9750570461539562,True
1970,1970,989,0,sty+tfidf+bert+perp,4,0,3.13587878543051e-05,True
1971,1971,989,1,sty+tfidf+bert+perp,4,1,0.9979441084650892,True
1972,1972,990,0,sty+tfidf+bert+perp,4,0,0.0016791432285685238,True
1973,1973,990,1,sty+tfidf+bert+perp,4,1,0.9980686273271611,True
1974,1974,991,0,sty+tfidf+bert+perp,4,0,0.0004642612412601312,True
1975,1975,991,1,sty+tfidf+bert+perp,4,1,0.9969158265535036,True
1976,1976,992,0,sty+tfidf+bert+perp,4,0,0.030292202954765944,True
1977,1977,992,1,sty+tfidf+bert+perp,4,1,0.9598129299336075,True
1978,1978,993,0,sty+tfidf+bert+perp,4,0,0.00021974339979012868,True
1979,1979,993,1,sty+tfidf+bert+perp,4,1,0.9999393187375591,True
1980,1980,994,0,sty+tfidf+bert+perp,4,0,0.0007185550477442841,True
1981,1981,994,1,sty+tfidf+bert+perp,4,1,0.9951033236607029,True
1982,1982,995,0,sty+tfidf+bert+perp,4,0,0.007064887647379853,True
1983,1983,995,1,sty+tfidf+bert+perp,4,1,0.994665207244371,True
1984,1984,996,0,sty+tfidf+bert+perp,4,0,0.02174392797442386,True
1985,1985,996,1,sty+tfidf+bert+perp,4,1,0.9609491212507161,True
1986,1986,997,0,sty+tfidf+bert+perp,4,0,0.00031578102451838727,True
1987,1987,997,1,sty+tfidf+bert+perp,4,1,0.9997793092287287,True
1988,1988,998,0,sty+tfidf+bert+perp,4,0,0.005531455952792646,True
1989,1989,998,1,sty+tfidf+bert+perp,4,1,0.9990856826196732,True
1990,1990,999,0,sty+tfidf+bert+perp,4,0,0.0012279794786291829,True
1991,1991,999,1,sty+tfidf+bert+perp,4,1,0.9986746020818105,True
1992,1992,1000,0,sty+tfidf+bert+perp,4,0,0.002433762379276643,True
1993,1993,1000,1,sty+tfidf+bert+perp,4,1,0.9955476249856889,True
1994,1994,1001,0,sty+tfidf+bert+perp,4,1,0.9805195570285239,False
1995,1995,1001,1,sty+tfidf+bert+perp,4,1,0.9978321678541595,True
1996,1996,1002,0,sty+tfidf+bert+perp,4,0,0.0003041871783193609,True
1997,1997,1002,1,sty+tfidf+bert+perp,4,1,0.9994350286001078,True
1998,1998,1003,0,sty+tfidf+bert+perp,4,0,0.008134466295011984,True
1999,1999,1003,1,sty+tfidf+bert+perp,4,1,0.9998191049385681,True
2000,2000,1004,0,sty+tfidf+bert+perp,4,0,0.005416869506854377,True
2001,2001,1004,1,sty+tfidf+bert+perp,4,1,0.9998995232962042,True
2002,2002,1005,0,sty+tfidf+bert+perp,4,0,0.00013056325473426872,True
2003,2003,1005,1,sty+tfidf+bert+perp,4,1,0.999186103307616,True
2004,2004,1006,0,sty+tfidf+bert+perp,4,0,0.010220313750560553,True
2005,2005,1006,1,sty+tfidf+bert+perp,4,1,0.999162821045926,True
2006,2006,1007,0,sty+tfidf+bert+perp,4,0,0.006464167122161945,True
2007,2007,1007,1,sty+tfidf+bert+perp,4,1,0.8269934360935167,True
2008,2008,1008,0,sty+tfidf+bert+perp,4,0,0.000916145467644641,True
2009,2009,1008,1,sty+tfidf+bert+perp,4,1,0.9997803939668772,True
2010,2010,1009,0,sty+tfidf+bert+perp,4,0,0.03321553581979248,True
2011,2011,1009,1,sty+tfidf+bert+perp,4,1,0.9967240266152352,True
2012,2012,1010,0,sty+tfidf+bert+perp,4,0,0.03248260887629501,True
2013,2013,1010,1,sty+tfidf+bert+perp,4,1,0.9968175879734101,True
2014,2014,1011,0,sty+tfidf+bert+perp,4,0,0.0001902482632001574,True
2015,2015,1011,1,sty+tfidf+bert+perp,4,1,0.9990282273917012,True
2016,2016,1012,0,sty+tfidf+bert+perp,4,0,0.00029701888342408147,True
2017,2017,1012,1,sty+tfidf+bert+perp,4,1,0.9668415607879443,True
2018,2018,1013,0,sty+tfidf+bert+perp,4,0,0.001519857738632933,True
2019,2019,1013,1,sty+tfidf+bert+perp,4,1,0.9990625795539567,True
2020,2020,1014,0,sty+tfidf+bert+perp,4,0,0.00047554086821992054,True
2021,2021,1014,1,sty+tfidf+bert+perp,4,1,0.99989506932694,True
2022,2022,1015,0,sty+tfidf+bert+perp,4,0,0.0016896064738800756,True
2023,2023,1015,1,sty+tfidf+bert+perp,4,1,0.589282998428828,True
2024,2024,1016,0,sty+tfidf+bert+perp,4,0,0.0001284803890661279,True
2025,2025,1016,1,sty+tfidf+bert+perp,4,1,0.9932306840054561,True
2026,2026,1017,0,sty+tfidf+bert+perp,4,0,0.0001583316848013928,True
2027,2027,1017,1,sty+tfidf+bert+perp,4,1,0.9959825230821672,True
2028,2028,1018,0,sty+tfidf+bert+perp,4,0,0.0003268396767863533,True
2029,2029,1018,1,sty+tfidf+bert+perp,4,1,0.9960088377036959,True
2030,2030,1019,0,sty+tfidf+bert+perp,4,0,0.0002785041302594544,True
2031,2031,1019,1,sty+tfidf+bert+perp,4,1,0.7761176239723672,True
2032,2032,1020,0,sty+tfidf+bert+perp,4,0,0.0032822378474891526,True
2033,2033,1020,1,sty+tfidf+bert+perp,4,1,0.9898026735610604,True
2034,2034,1021,0,sty+tfidf+bert+perp,4,0,0.0009507516453558946,True
2035,2035,1021,1,sty+tfidf+bert+perp,4,1,0.9987252024956625,True
2036,2036,1022,0,sty+tfidf+bert+perp,4,0,6.727336540667224e-05,True
2037,2037,1022,1,sty+tfidf+bert+perp,4,1,0.9986215658245893,True
2038,2038,1023,0,sty+tfidf+bert+perp,4,0,0.0007821257972958545,True
2039,2039,1023,1,sty+tfidf+bert+perp,4,1,0.9672996161203881,True
2040,2040,1024,0,sty+tfidf+bert+perp,4,0,0.0002467773573429745,True
2041,2041,1024,1,sty+tfidf+bert+perp,4,1,0.999891430513384,True
2042,2042,1025,0,sty+tfidf+bert+perp,4,0,0.004267648858128076,True
2043,2043,1025,1,sty+tfidf+bert+perp,4,1,0.5778279459267199,True
2044,2044,1026,0,sty+tfidf+bert+perp,4,0,0.041549788761362096,True
2045,2045,1026,1,sty+tfidf+bert+perp,4,1,0.999608294840409,True
2046,2046,1027,0,sty+tfidf+bert+perp,4,0,0.00031081229364280445,True
2047,2047,1027,1,sty+tfidf+bert+perp,4,1,0.9998274848067811,True
2048,2048,1028,0,sty+tfidf+bert+perp,4,0,0.014115497667003082,True
2049,2049,1028,1,sty+tfidf+bert+perp,4,1,0.998919237818926,True
2050,2050,1029,0,sty+tfidf+bert+perp,4,0,0.004916155386376759,True
2051,2051,1029,1,sty+tfidf+bert+perp,4,1,0.9996298041038179,True
2052,2052,1030,0,sty+tfidf+bert+perp,4,0,0.00024590630530952294,True
2053,2053,1030,1,sty+tfidf+bert+perp,4,1,0.9999461571688023,True
2054,2054,1031,0,sty+tfidf+bert+perp,4,0,0.0006854955363840275,True
2055,2055,1031,1,sty+tfidf+bert+perp,4,1,0.9904953427912901,True
2056,2056,1032,0,sty+tfidf+bert+perp,4,0,0.00020147968321886415,True
2057,2057,1032,1,sty+tfidf+bert+perp,4,1,0.9998585319652776,True
2058,2058,1033,0,sty+tfidf+bert+perp,4,0,0.008388187587615907,True
2059,2059,1033,1,sty+tfidf+bert+perp,4,1,0.9996553419146704,True
2060,2060,1034,0,sty+tfidf+bert+perp,4,0,0.0008069090909268718,True
2061,2061,1034,1,sty+tfidf+bert+perp,4,1,0.7514614223398621,True
2062,2062,1035,0,sty+tfidf+bert+perp,4,0,0.0007216810133602189,True
2063,2063,1035,1,sty+tfidf+bert+perp,4,1,0.9977094999728311,True
2064,2064,1036,0,sty+tfidf+bert+perp,4,0,0.0038810529568272718,True
2065,2065,1036,1,sty+tfidf+bert+perp,4,1,0.9898651561545339,True
2066,2066,1037,0,sty+tfidf+bert+perp,4,0,0.0008831538409901568,True
2067,2067,1037,1,sty+tfidf+bert+perp,4,1,0.9464155219113431,True
2068,2068,1038,0,sty+tfidf+bert+perp,4,0,0.006094965679128347,True
2069,2069,1038,1,sty+tfidf+bert+perp,4,1,0.999353044691993,True
2070,2070,1039,0,sty+tfidf+bert+perp,4,0,0.013605249375853551,True
2071,2071,1039,1,sty+tfidf+bert+perp,4,1,0.7284024313697897,True
2072,2072,1040,0,sty+tfidf+bert+perp,4,0,9.141448528190375e-05,True
2073,2073,1040,1,sty+tfidf+bert+perp,4,1,0.9998377102981002,True
2074,2074,1041,0,sty+tfidf+bert+perp,4,0,0.0004327231832780227,True
2075,2075,1041,1,sty+tfidf+bert+perp,4,1,0.9995459117419594,True
2076,2076,1042,0,sty+tfidf+bert+perp,4,0,0.4812229330139178,True
2077,2077,1042,1,sty+tfidf+bert+perp,4,1,0.9998918011498229,True
2078,2078,1043,0,sty+tfidf+bert+perp,4,0,0.04086874527035444,True
2079,2079,1043,1,sty+tfidf+bert+perp,4,1,0.999812101697491,True
2080,2080,1044,0,sty+tfidf+bert+perp,4,0,0.01761051648760759,True
2081,2081,1044,1,sty+tfidf+bert+perp,4,1,0.9998622559584768,True
2082,2082,1045,0,sty+tfidf+bert+perp,4,0,0.0020093025807377926,True
2083,2083,1045,1,sty+tfidf+bert+perp,4,1,0.9986995801011144,True
2084,2084,1046,0,sty+tfidf+bert+perp,4,0,0.0001425417478740509,True
2085,2085,1046,1,sty+tfidf+bert+perp,4,1,0.9964425444249918,True
2086,2086,1047,0,sty+tfidf+bert+perp,4,0,0.00024747848848891135,True
2087,2087,1047,1,sty+tfidf+bert+perp,4,1,0.9997579466626296,True
2088,2088,1048,0,sty+tfidf+bert+perp,4,0,0.0639455853741325,True
2089,2089,1048,1,sty+tfidf+bert+perp,4,1,0.9900588023137334,True
2090,2090,1049,0,sty+tfidf+bert+perp,4,0,0.01827021163913264,True
2091,2091,1049,1,sty+tfidf+bert+perp,4,1,0.9998383688525052,True
2092,2092,1050,0,sty+tfidf+bert+perp,4,0,0.0010510878566345491,True
2093,2093,1050,1,sty+tfidf+bert+perp,4,1,0.9876166806860953,True
2094,2094,1051,0,sty+tfidf+bert+perp,4,0,0.056826689902005095,True
2095,2095,1051,1,sty+tfidf+bert+perp,4,1,0.9997395829532575,True
2096,2096,1052,0,sty+tfidf+bert+perp,4,0,0.26223902828783574,True
2097,2097,1052,1,sty+tfidf+bert+perp,4,1,0.9501382715463218,True
2098,2098,1053,0,sty+tfidf+bert+perp,4,0,0.00014494278952814383,True
2099,2099,1053,1,sty+tfidf+bert+perp,4,1,0.8958303390013405,True
2100,2100,1054,0,sty+tfidf+bert+perp,4,0,0.0002699644316187079,True
2101,2101,1054,1,sty+tfidf+bert+perp,4,1,0.9965965024828495,True
2102,2102,1055,0,sty+tfidf+bert+perp,4,1,0.5632325904687773,False
2103,2103,1055,1,sty+tfidf+bert+perp,4,1,0.9922571428113477,True
2104,2104,1056,0,sty+tfidf+bert+perp,4,0,0.0016094841785460282,True
2105,2105,1056,1,sty+tfidf+bert+perp,4,1,0.9997829624489649,True
2106,2106,1057,0,sty+tfidf+bert+perp,4,0,8.874504010155222e-05,True
2107,2107,1057,1,sty+tfidf+bert+perp,4,1,0.9977449461384426,True
2108,2108,1058,0,sty+tfidf+bert+perp,4,0,0.0924906419390933,True
2109,2109,1058,1,sty+tfidf+bert+perp,4,1,0.9996923183060565,True
2110,2110,1059,0,sty+tfidf+bert+perp,4,0,0.0007098528783204182,True
2111,2111,1059,1,sty+tfidf+bert+perp,4,1,0.9960063734347325,True
2112,2112,1060,0,sty+tfidf+bert+perp,4,0,0.0006362983143970956,True
2113,2113,1060,1,sty+tfidf+bert+perp,4,1,0.9991592992649527,True
2114,2114,1061,0,sty+tfidf+bert+perp,4,0,0.05272702170785683,True
2115,2115,1061,1,sty+tfidf+bert+perp,4,1,0.9988925777809117,True
2116,2116,1062,0,sty+tfidf+bert+perp,4,0,0.0005558613825859869,True
2117,2117,1062,1,sty+tfidf+bert+perp,4,1,0.9996373932889769,True
2118,2118,1063,0,sty+tfidf+bert+perp,4,0,0.0009648105049439554,True
2119,2119,1063,1,sty+tfidf+bert+perp,4,1,0.9600869069372663,True
2120,2120,1064,0,sty+tfidf+bert+perp,4,0,8.668080463554525e-05,True
2121,2121,1064,1,sty+tfidf+bert+perp,4,1,0.9998432163441814,True
2122,2122,1065,0,sty+tfidf+bert+perp,4,0,7.411000089265458e-05,True
2123,2123,1065,1,sty+tfidf+bert+perp,4,1,0.9910826175749372,True
2124,2124,1066,0,sty+tfidf+bert+perp,4,0,4.816802056045167e-05,True
2125,2125,1066,1,sty+tfidf+bert+perp,4,1,0.995492513076522,True
2126,2126,1067,0,sty+tfidf+bert+perp,4,0,4.571903145074033e-05,True
2127,2127,1067,1,sty+tfidf+bert+perp,4,1,0.9995202625872732,True
2128,2128,1068,0,sty+tfidf+bert+perp,4,0,0.00019520709422855676,True
2129,2129,1068,1,sty+tfidf+bert+perp,4,1,0.9998867028137461,True
2130,2130,1069,0,sty+tfidf+bert+perp,4,0,5.944670551628017e-05,True
2131,2131,1069,1,sty+tfidf+bert+perp,4,1,0.8372573005423977,True
2132,2132,1070,0,sty+tfidf+bert+perp,4,0,0.023039395426169184,True
2133,2133,1070,1,sty+tfidf+bert+perp,4,1,0.9836738655960828,True
2134,2134,1071,0,sty+tfidf+bert+perp,4,0,0.0034653622425037368,True
2135,2135,1071,1,sty+tfidf+bert+perp,4,1,0.9998690719288467,True
2136,2136,1072,0,sty+tfidf+bert+perp,4,0,0.02205547289498499,True
2137,2137,1072,1,sty+tfidf+bert+perp,4,1,0.9852075209049685,True
2138,2138,1073,0,sty+tfidf+bert+perp,4,0,0.0014905822900302599,True
2139,2139,1073,1,sty+tfidf+bert+perp,4,1,0.9993591004227158,True
2140,2140,1074,0,sty+tfidf+bert+perp,4,0,0.008446611862971404,True
2141,2141,1074,1,sty+tfidf+bert+perp,4,1,0.9993306700743204,True
2142,2142,1075,0,sty+tfidf+bert+perp,4,0,0.013207756241783003,True
2143,2143,1075,1,sty+tfidf+bert+perp,4,1,0.9995712729976959,True
2144,2144,1076,0,sty+tfidf+bert+perp,4,0,0.0018592484251895426,True
2145,2145,1076,1,sty+tfidf+bert+perp,4,1,0.948879342336388,True
2146,2146,1077,0,sty+tfidf+bert+perp,4,0,0.0005255787479234809,True
2147,2147,1077,1,sty+tfidf+bert+perp,4,1,0.9998124531302253,True
2148,2148,1078,0,sty+tfidf+bert+perp,4,0,0.06111161606552973,True
2149,2149,1078,1,sty+tfidf+bert+perp,4,1,0.9994474486014996,True
2150,2150,1079,0,sty+tfidf+bert+perp,4,0,0.0006191992798050097,True
2151,2151,1079,1,sty+tfidf+bert+perp,4,1,0.999722097417108,True
2152,2152,1080,0,sty+tfidf+bert+perp,4,0,0.005864923914444421,True
2153,2153,1080,1,sty+tfidf+bert+perp,4,1,0.9993257962755201,True
2154,2154,1081,0,sty+tfidf+bert+perp,4,0,0.012812391879342576,True
2155,2155,1081,1,sty+tfidf+bert+perp,4,1,0.9982784380224023,True
2156,2156,1082,0,sty+tfidf+bert+perp,4,0,0.000242151082890583,True
2157,2157,1082,1,sty+tfidf+bert+perp,4,1,0.9994478817852892,True
2158,2158,1083,0,sty+tfidf+bert+perp,4,0,0.020236005717664995,True
2159,2159,1083,1,sty+tfidf+bert+perp,4,1,0.9985183720164412,True
2160,2160,1084,0,sty+tfidf+bert+perp,4,0,0.0002929961630174312,True
2161,2161,1084,1,sty+tfidf+bert+perp,4,1,0.9997987293563106,True
2162,2162,1085,0,sty+tfidf+bert+perp,4,0,0.007135920472362126,True
2163,2163,1085,1,sty+tfidf+bert+perp,4,1,0.9991810675965594,True
2164,2164,1086,0,sty+tfidf+bert+perp,4,0,0.00028232382486017936,True
2165,2165,1086,1,sty+tfidf+bert+perp,4,1,0.9992871734171005,True
2166,2166,1087,0,sty+tfidf+bert+perp,4,0,0.004315087566887149,True
2167,2167,1087,1,sty+tfidf+bert+perp,4,1,0.9999108870115093,True
2168,2168,1088,0,sty+tfidf+bert+perp,4,0,0.004272320400231134,True
2169,2169,1088,1,sty+tfidf+bert+perp,4,1,0.9538759678994999,True
2170,2170,1089,0,sty+tfidf+bert+perp,4,0,2.4679637097150967e-05,True
2171,2171,1089,1,sty+tfidf+bert+perp,4,1,0.9995965625384727,True
2172,2172,1090,0,sty+tfidf+bert+perp,4,0,0.001541419448960657,True
2173,2173,1090,1,sty+tfidf+bert+perp,4,1,0.9957317824875376,True
2174,2174,1091,0,sty+tfidf+bert+perp,4,0,0.0003364869764753639,True
2175,2175,1091,1,sty+tfidf+bert+perp,4,1,0.9721483751026369,True
2176,2176,1092,0,sty+tfidf+bert+perp,4,0,0.0012609102651899486,True
2177,2177,1092,1,sty+tfidf+bert+perp,4,1,0.9392163190580446,True
2178,2178,1093,0,sty+tfidf+bert+perp,4,0,0.03173284417924126,True
2179,2179,1093,1,sty+tfidf+bert+perp,4,1,0.9996423347466428,True
2180,2180,1094,0,sty+tfidf+bert+perp,4,0,0.009368190381106816,True
2181,2181,1094,1,sty+tfidf+bert+perp,4,1,0.9999461802785842,True
2182,2182,1095,0,sty+tfidf+bert+perp,4,0,0.00031643400430615655,True
2183,2183,1095,1,sty+tfidf+bert+perp,4,1,0.9997971572070607,True
2184,2184,1096,0,sty+tfidf+bert+perp,4,0,0.18373410700035597,True
2185,2185,1096,1,sty+tfidf+bert+perp,4,1,0.9978795270939115,True
2186,2186,1097,0,sty+tfidf+bert+perp,4,0,0.0008407785965748555,True
2187,2187,1097,1,sty+tfidf+bert+perp,4,1,0.9994252324732209,True
2188,2188,1098,0,sty+tfidf+bert+perp,4,0,0.005910196822372844,True
2189,2189,1098,1,sty+tfidf+bert+perp,4,1,0.9990111485715949,True
2190,2190,1099,0,sty+tfidf+bert+perp,4,0,0.001039892743751669,True
2191,2191,1099,1,sty+tfidf+bert+perp,4,1,0.9992839377055921,True
2192,2192,1100,0,sty+tfidf+bert+perp,4,0,0.01215037747975635,True
2193,2193,1100,1,sty+tfidf+bert+perp,4,1,0.8782719634560441,True
2194,2194,1101,0,sty+tfidf+bert+perp,4,0,0.0005318845597675783,True
2195,2195,1101,1,sty+tfidf+bert+perp,4,1,0.999702907711983,True
2196,2196,1102,0,sty+tfidf+bert+perp,4,0,0.0006655802802008568,True
2197,2197,1102,1,sty+tfidf+bert+perp,4,1,0.9984297426404958,True
2198,2198,1103,0,sty+tfidf+bert+perp,4,0,0.0011208057577082342,True
2199,2199,1103,1,sty+tfidf+bert+perp,4,1,0.939327483528379,True
2200,2200,1104,0,sty+tfidf+bert+perp,4,0,0.0009286947515805244,True
2201,2201,1104,1,sty+tfidf+bert+perp,4,1,0.9953485029624735,True
2202,2202,1105,0,sty+tfidf+bert+perp,4,0,0.010952098424882118,True
2203,2203,1105,1,sty+tfidf+bert+perp,4,1,0.9997844420048856,True
2204,2204,1106,0,sty+tfidf+bert+perp,4,0,0.0003849143325886874,True
2205,2205,1106,1,sty+tfidf+bert+perp,4,1,0.999452696386355,True
2206,2206,1107,0,sty+tfidf+bert+perp,4,0,0.0008735160617536,True
2207,2207,1107,1,sty+tfidf+bert+perp,4,1,0.999785442363675,True
2208,2208,1108,0,sty+tfidf+bert+perp,4,0,0.009810882303177637,True
2209,2209,1108,1,sty+tfidf+bert+perp,4,1,0.9960173975800116,True
2210,2210,1109,0,sty+tfidf+bert+perp,4,0,0.1352318907173833,True
2211,2211,1109,1,sty+tfidf+bert+perp,4,1,0.9997629369870881,True
2212,2212,1110,0,sty+tfidf+bert+perp,4,0,0.0007177243380965283,True
2213,2213,1110,1,sty+tfidf+bert+perp,4,1,0.9635804553916084,True
2214,2214,1111,0,sty+tfidf+bert+perp,4,0,0.00093773600207802,True
2215,2215,1111,1,sty+tfidf+bert+perp,4,1,0.9011902803696219,True
2216,2216,1112,0,sty+tfidf+bert+perp,4,0,2.9139212059030197e-05,True
2217,2217,1112,1,sty+tfidf+bert+perp,4,1,0.9976124595009205,True
2218,2218,1113,0,sty+tfidf+bert+perp,4,0,0.01299601808756253,True
2219,2219,1113,1,sty+tfidf+bert+perp,4,1,0.9993729745362051,True
2220,2220,1114,0,sty+tfidf+bert+perp,4,0,0.009016492854016723,True
2221,2221,1114,1,sty+tfidf+bert+perp,4,1,0.9995945607645461,True
2222,2222,1115,0,sty+tfidf+bert+perp,4,0,9.277557065894683e-05,True
2223,2223,1115,1,sty+tfidf+bert+perp,4,1,0.9998289902756842,True
2224,2224,1116,0,sty+tfidf+bert+perp,4,0,0.002470920289121424,True
2225,2225,1116,1,sty+tfidf+bert+perp,4,1,0.9994159042556888,True
2226,2226,1117,0,sty+tfidf+bert+perp,4,0,0.013751841642462008,True
2227,2227,1117,1,sty+tfidf+bert+perp,4,1,0.9989700039344612,True
2228,2228,1118,0,sty+tfidf+bert+perp,4,0,0.00024204611767114536,True
2229,2229,1118,1,sty+tfidf+bert+perp,4,1,0.999325845878283,True
2230,2230,1119,0,sty+tfidf+bert+perp,4,0,0.0012962852845722138,True
2231,2231,1119,1,sty+tfidf+bert+perp,4,1,0.9998189041175999,True
2232,2232,1120,0,sty+tfidf+bert+perp,4,0,0.009190189654780674,True
2233,2233,1120,1,sty+tfidf+bert+perp,4,1,0.9984697903625005,True
2234,2234,1121,0,sty+tfidf+bert+perp,4,0,0.003409536124440514,True
2235,2235,1121,1,sty+tfidf+bert+perp,4,1,0.6065593188873267,True
2236,2236,1122,0,sty+tfidf+bert+perp,4,0,3.789246204042459e-05,True
2237,2237,1122,1,sty+tfidf+bert+perp,4,1,0.9992155142491376,True
2238,2238,1123,0,sty+tfidf+bert+perp,4,0,0.00032402718557832593,True
2239,2239,1123,1,sty+tfidf+bert+perp,4,1,0.9996035511940644,True
2240,2240,1124,0,sty+tfidf+bert+perp,4,0,0.0005792727653744847,True
2241,2241,1124,1,sty+tfidf+bert+perp,4,1,0.9998846130220919,True
2242,2242,1125,0,sty+tfidf+bert+perp,4,0,0.0047574298443856244,True
2243,2243,1125,1,sty+tfidf+bert+perp,4,1,0.99989564557063,True
2244,2244,1126,0,sty+tfidf+bert+perp,4,0,0.0009859467129215923,True
2245,2245,1126,1,sty+tfidf+bert+perp,4,1,0.9798892907856888,True
2246,2246,1127,0,sty+tfidf+bert+perp,4,0,0.0005118185019962079,True
2247,2247,1127,1,sty+tfidf+bert+perp,4,1,0.9998021423356742,True
2248,2248,1128,0,sty+tfidf+bert+perp,4,0,0.012505164244965191,True
2249,2249,1128,1,sty+tfidf+bert+perp,4,1,0.9998736782910544,True
2250,2250,1129,0,sty+tfidf+bert+perp,4,0,0.0035509560153761336,True
2251,2251,1129,1,sty+tfidf+bert+perp,4,1,0.9911022795775721,True
2252,2252,1130,0,sty+tfidf+bert+perp,4,0,0.12534577576650532,True
2253,2253,1130,1,sty+tfidf+bert+perp,4,1,0.9985261903862042,True
2254,2254,1131,0,sty+tfidf+bert+perp,4,0,0.0011697448801930319,True
2255,2255,1131,1,sty+tfidf+bert+perp,4,1,0.9976164468512067,True
2256,2256,1132,0,sty+tfidf+bert+perp,4,0,0.09369766542819404,True
2257,2257,1132,1,sty+tfidf+bert+perp,4,1,0.9989381718912594,True
2258,2258,1133,0,sty+tfidf+bert+perp,4,0,0.020908920874174116,True
2259,2259,1133,1,sty+tfidf+bert+perp,4,1,0.9992113878631719,True
2260,2260,1134,0,sty+tfidf+bert+perp,4,0,0.0017586904210591188,True
2261,2261,1134,1,sty+tfidf+bert+perp,4,1,0.9998641286256577,True
2262,2262,1135,0,sty+tfidf+bert+perp,4,0,0.00016189764328372185,True
2263,2263,1135,1,sty+tfidf+bert+perp,4,1,0.9999317912370161,True
2264,2264,1136,0,sty+tfidf+bert+perp,4,0,0.0005692241568600184,True
2265,2265,1136,1,sty+tfidf+bert+perp,4,1,0.9997757642982203,True
2266,2266,1137,0,sty+tfidf+bert+perp,4,0,0.0008549047807855568,True
2267,2267,1137,1,sty+tfidf+bert+perp,4,1,0.9998258434443402,True
2268,2268,1138,0,sty+tfidf+bert+perp,4,0,0.00022004154529121274,True
2269,2269,1138,1,sty+tfidf+bert+perp,4,1,0.99934447819083,True
2270,2270,1139,0,sty+tfidf+bert+perp,4,0,0.0008565171639771582,True
2271,2271,1139,1,sty+tfidf+bert+perp,4,1,0.9947424153770484,True
2272,2272,1140,0,sty+tfidf+bert+perp,4,0,0.0425412452590795,True
2273,2273,1140,1,sty+tfidf+bert+perp,4,1,0.9992341160287718,True
2274,2274,1141,0,sty+tfidf+bert+perp,4,0,0.00022747400890311143,True
2275,2275,1141,1,sty+tfidf+bert+perp,4,1,0.9984532309166848,True
2276,2276,1142,0,sty+tfidf+bert+perp,4,0,0.08341398638250941,True
2277,2277,1142,1,sty+tfidf+bert+perp,4,1,0.999701280793671,True
2278,2278,1143,0,sty+tfidf+bert+perp,4,0,8.426406385534039e-05,True
2279,2279,1143,1,sty+tfidf+bert+perp,4,1,0.9790390550710715,True
2280,2280,1144,0,sty+tfidf+bert+perp,4,0,0.0017180036973968012,True
2281,2281,1144,1,sty+tfidf+bert+perp,4,1,0.9998074964296042,True
2282,2282,1145,0,sty+tfidf+bert+perp,4,0,0.051305796051499576,True
2283,2283,1145,1,sty+tfidf+bert+perp,4,1,0.9995080578001201,True
2284,2284,1146,0,sty+tfidf+bert+perp,4,0,0.012179477495102871,True
2285,2285,1146,1,sty+tfidf+bert+perp,4,1,0.9985402613568917,True
2286,2286,1147,0,sty+tfidf+bert+perp,4,0,0.022830475869065673,True
2287,2287,1147,1,sty+tfidf+bert+perp,4,1,0.9995648093522036,True
2288,2288,1148,0,sty+tfidf+bert+perp,4,0,0.000809044532045756,True
2289,2289,1148,1,sty+tfidf+bert+perp,4,1,0.9983367468898027,True
2290,2290,1149,0,sty+tfidf+bert+perp,4,0,0.0018814993798150922,True
2291,2291,1149,1,sty+tfidf+bert+perp,4,1,0.9932980732552291,True
2292,2292,1150,0,sty+tfidf+bert+perp,4,0,0.053487400872459685,True
2293,2293,1150,1,sty+tfidf+bert+perp,4,1,0.9990000044436244,True
2294,2294,1151,0,sty+tfidf+bert+perp,4,0,0.0012403767591277369,True
2295,2295,1151,1,sty+tfidf+bert+perp,4,1,0.999814906486405,True
2296,2296,1152,0,sty+tfidf+bert+perp,4,0,0.008881894085473171,True
2297,2297,1152,1,sty+tfidf+bert+perp,4,1,0.998988185548518,True
2298,2298,1153,0,sty+tfidf+bert+perp,4,0,0.00393885141318564,True
2299,2299,1153,1,sty+tfidf+bert+perp,4,1,0.9998821927327239,True
2300,2300,1154,0,sty+tfidf+bert+perp,4,0,0.1349801455252442,True
2301,2301,1154,1,sty+tfidf+bert+perp,4,1,0.9981261954132973,True
2302,2302,1155,0,sty+tfidf+bert+perp,4,0,0.0002062909849541767,True
2303,2303,1155,1,sty+tfidf+bert+perp,4,1,0.9996826626099355,True
2304,2304,1156,0,sty+tfidf+bert+perp,4,0,6.661920451302566e-05,True
2305,2305,1156,1,sty+tfidf+bert+perp,4,1,0.988916937628603,True
2306,2306,1157,0,sty+tfidf+bert+perp,4,0,6.857154921503093e-05,True
2307,2307,1157,1,sty+tfidf+bert+perp,4,1,0.9899397642352932,True
2308,2308,1158,0,sty+tfidf+bert+perp,4,0,0.0004709427915766155,True
2309,2309,1158,1,sty+tfidf+bert+perp,4,1,0.9952351110471829,True
2310,2310,1159,0,sty+tfidf+bert+perp,4,0,0.010031163949149914,True
2311,2311,1159,1,sty+tfidf+bert+perp,4,1,0.9999467851106077,True
2312,2312,1160,0,sty+tfidf+bert+perp,4,0,0.001486085803085436,True
2313,2313,1160,1,sty+tfidf+bert+perp,4,1,0.9755423525625488,True
2314,2314,1161,0,sty+tfidf+bert+perp,4,0,0.0022373030205898392,True
2315,2315,1161,1,sty+tfidf+bert+perp,4,1,0.9992066967673392,True
2316,2316,1162,0,sty+tfidf+bert+perp,4,0,0.01274411558169795,True
2317,2317,1162,1,sty+tfidf+bert+perp,4,1,0.9655725586280105,True
2318,2318,1163,0,sty+tfidf+bert+perp,4,1,0.5380446691124963,False
2319,2319,1163,1,sty+tfidf+bert+perp,4,1,0.9976647835947865,True
2320,2320,1164,0,sty+tfidf+bert+perp,4,0,0.014458382378812954,True
2321,2321,1164,1,sty+tfidf+bert+perp,4,1,0.9992229473932445,True
2322,2322,1165,0,sty+tfidf+bert+perp,4,0,0.0004031676847023076,True
2323,2323,1165,1,sty+tfidf+bert+perp,4,1,0.9995273683703093,True
2324,2324,1166,0,sty+tfidf+bert+perp,4,0,0.0001514317598967636,True
2325,2325,1166,1,sty+tfidf+bert+perp,4,1,0.9535392963875988,True
2326,2326,1167,0,sty+tfidf+bert+perp,4,1,0.6313334805836128,False
2327,2327,1167,1,sty+tfidf+bert+perp,4,1,0.9989650892537497,True
2328,2328,1168,0,sty+tfidf+bert+perp,4,0,0.000327756953587505,True
2329,2329,1168,1,sty+tfidf+bert+perp,4,1,0.999823292020387,True
2330,2330,1169,0,sty+tfidf+bert+perp,4,0,0.010211178563708378,True
2331,2331,1169,1,sty+tfidf+bert+perp,4,1,0.7177534143878664,True
2332,2332,1170,0,sty+tfidf+bert+perp,4,0,0.006352579547010986,True
2333,2333,1170,1,sty+tfidf+bert+perp,4,1,0.9989028053056674,True
2334,2334,1171,0,sty+tfidf+bert+perp,4,0,0.10799730333219948,True
2335,2335,1171,1,sty+tfidf+bert+perp,4,1,0.9996561957232541,True
2336,2336,1172,0,sty+tfidf+bert+perp,4,0,0.0007184847051258502,True
2337,2337,1172,1,sty+tfidf+bert+perp,4,1,0.9998439636336098,True
2338,2338,1173,0,sty+tfidf+bert+perp,4,0,0.0026429908650075795,True
2339,2339,1173,1,sty+tfidf+bert+perp,4,1,0.9989739169241805,True
2340,2340,1174,0,sty+tfidf+bert+perp,4,0,7.065273539607941e-05,True
2341,2341,1174,1,sty+tfidf+bert+perp,4,1,0.9998093480621925,True
2342,2342,1175,0,sty+tfidf+bert+perp,4,0,0.00014309903138520408,True
2343,2343,1175,1,sty+tfidf+bert+perp,4,1,0.9998403273912185,True
2344,2344,1176,0,sty+tfidf+bert+perp,4,1,0.8662285734076938,False
2345,2345,1176,1,sty+tfidf+bert+perp,4,1,0.8597926104002857,True
2346,2346,1177,0,sty+tfidf+bert+perp,4,0,0.0012879844453425205,True
2347,2347,1177,1,sty+tfidf+bert+perp,4,1,0.9989466348304138,True
2348,2348,1178,0,sty+tfidf+bert+perp,4,0,0.0005234685264611835,True
2349,2349,1178,1,sty+tfidf+bert+perp,4,1,0.9987249513956558,True
2350,2350,1179,0,sty+tfidf+bert+perp,4,1,0.6704313406865688,False
2351,2351,1179,1,sty+tfidf+bert+perp,4,1,0.9987775776659167,True
2352,2352,1180,0,sty+tfidf+bert+perp,4,0,0.0027934373022512862,True
2353,2353,1180,1,sty+tfidf+bert+perp,4,1,0.9993388638361951,True
2354,2354,1181,1,sty+tfidf+bert+perp,4,1,0.9997609661346276,True
2355,2355,1182,0,sty+tfidf+bert+perp,4,0,0.00090290967423732,True
2356,2356,1182,1,sty+tfidf+bert+perp,4,1,0.999595992972246,True
2357,2357,1183,0,sty+tfidf+bert+perp,4,0,0.001086656010790518,True
2358,2358,1183,1,sty+tfidf+bert+perp,4,1,0.9992866594102053,True
2359,2359,1184,0,sty+tfidf+bert+perp,4,0,0.008772005232448074,True
2360,2360,1184,1,sty+tfidf+bert+perp,4,1,0.9981731998115925,True
2361,2361,1185,0,sty+tfidf+bert+perp,4,0,0.0014287884200354759,True
2362,2362,1185,1,sty+tfidf+bert+perp,4,1,0.9655382159434288,True
2363,2363,1186,0,sty+tfidf+bert+perp,4,0,0.0005562788076846658,True
2364,2364,1186,1,sty+tfidf+bert+perp,4,1,0.9941243025365979,True
2365,2365,1187,0,sty+tfidf+bert+perp,4,0,0.00165257133274942,True
2366,2366,1187,1,sty+tfidf+bert+perp,4,1,0.9997717705287129,True
2367,2367,1188,0,sty+tfidf+bert+perp,4,0,0.01977471974696147,True
2368,2368,1188,1,sty+tfidf+bert+perp,4,1,0.9994536342653254,True
2369,2369,1189,0,sty+tfidf+bert+perp,4,0,0.0001893734324627553,True
2370,2370,1189,1,sty+tfidf+bert+perp,4,1,0.9987786814869802,True
2371,2371,1190,0,sty+tfidf+bert+perp,4,0,0.011459889008817689,True
2372,2372,1190,1,sty+tfidf+bert+perp,4,1,0.9993121609372924,True
2373,2373,1191,0,sty+tfidf+bert+perp,4,0,5.0614389746115935e-05,True
2374,2374,1191,1,sty+tfidf+bert+perp,4,1,0.999785940652795,True
2375,2375,1192,0,sty+tfidf+bert+perp,4,0,0.000208126721049481,True
2376,2376,1192,1,sty+tfidf+bert+perp,4,1,0.999745944641405,True
2377,2377,1193,0,sty+tfidf+bert+perp,4,0,0.071910037182734,True
2378,2378,1193,1,sty+tfidf+bert+perp,4,1,0.999234453848637,True
2379,2379,1194,0,sty+tfidf+bert+perp,4,0,0.0012792556435117473,True
2380,2380,1194,1,sty+tfidf+bert+perp,4,1,0.9998286631910204,True
2381,2381,1195,0,sty+tfidf+bert+perp,4,0,6.561830082730882e-05,True
2382,2382,1195,1,sty+tfidf+bert+perp,4,1,0.9782252096623475,True
2383,2383,1196,0,sty+tfidf+bert+perp,4,0,0.0083611328095741,True
2384,2384,1196,1,sty+tfidf+bert+perp,4,1,0.9975866224750004,True
2385,2385,1197,0,sty+tfidf+bert+perp,4,0,0.00031474586046126036,True
2386,2386,1197,1,sty+tfidf+bert+perp,4,1,0.9974550053570913,True
2387,2387,1198,0,sty+tfidf+bert+perp,4,0,0.23198606474929356,True
2388,2388,1198,1,sty+tfidf+bert+perp,4,1,0.9993351560974192,True
2389,2389,1199,0,sty+tfidf+bert+perp,4,0,0.0017799948141025898,True
2390,2390,1199,1,sty+tfidf+bert+perp,4,1,0.9993867365366335,True
2391,2391,1200,0,sty+tfidf+bert+perp,4,0,0.003320521888245883,True
2392,2392,1200,1,sty+tfidf+bert+perp,4,1,0.9999567829355099,True
2393,2393,1201,0,sty+tfidf+bert+perp,4,0,0.04094492587699709,True
2394,2394,1201,1,sty+tfidf+bert+perp,4,1,0.9998789664382595,True
2395,2395,1202,0,sty+tfidf+bert+perp,4,0,0.003015319106406703,True
2396,2396,1202,1,sty+tfidf+bert+perp,4,1,0.99780303516924,True
2397,2397,1203,0,sty+tfidf+bert+perp,4,0,0.0003228664149326662,True
2398,2398,1203,1,sty+tfidf+bert+perp,4,1,0.9996861043219375,True
2399,2399,1204,0,sty+tfidf+bert+perp,4,0,0.44499682464552087,True
2400,2400,1204,1,sty+tfidf+bert+perp,4,1,0.9958937310440809,True
2401,2401,1205,0,sty+tfidf+bert+perp,4,0,0.3807224916656061,True
2402,2402,1205,1,sty+tfidf+bert+perp,4,1,0.9998878962250447,True
2403,2403,1206,0,sty+tfidf+bert+perp,4,0,0.000492230074285284,True
2404,2404,1206,1,sty+tfidf+bert+perp,4,1,0.991787945770944,True
2405,2405,1207,0,sty+tfidf+bert+perp,4,0,0.11490959141998365,True
2406,2406,1207,1,sty+tfidf+bert+perp,4,1,0.9924298814088466,True
2407,2407,1208,0,sty+tfidf+bert+perp,4,0,0.022206048808166717,True
2408,2408,1208,1,sty+tfidf+bert+perp,4,1,0.9996103086056687,True
2409,2409,1209,0,sty+tfidf+bert+perp,4,0,0.0007888115205178267,True
2410,2410,1209,1,sty+tfidf+bert+perp,4,1,0.9988178566832734,True
2411,2411,1210,0,sty+tfidf+bert+perp,4,0,0.012657267813170284,True
2412,2412,1210,1,sty+tfidf+bert+perp,4,1,0.9997531733503237,True
2413,2413,1211,0,sty+tfidf+bert+perp,4,0,0.004462805775432908,True
2414,2414,1211,1,sty+tfidf+bert+perp,4,1,0.997093283696976,True
2415,2415,1212,0,sty+tfidf+bert+perp,4,0,0.01102688040247843,True
2416,2416,1212,1,sty+tfidf+bert+perp,4,1,0.9984368983758559,True
2417,2417,1213,0,sty+tfidf+bert+perp,4,0,0.0008983852870673194,True
2418,2418,1213,1,sty+tfidf+bert+perp,4,1,0.9992644169860344,True
2419,2419,1214,0,sty+tfidf+bert+perp,4,0,0.005180466118065889,True
2420,2420,1214,1,sty+tfidf+bert+perp,4,1,0.938500736401644,True
2421,2421,1215,0,sty+tfidf+bert+perp,4,0,0.0005660412309891024,True
2422,2422,1215,1,sty+tfidf+bert+perp,4,1,0.9986293826409904,True
2423,2423,1216,0,sty+tfidf+bert+perp,4,0,5.144667109273619e-05,True
2424,2424,1216,1,sty+tfidf+bert+perp,4,1,0.9996807595047179,True
2425,2425,1217,0,sty+tfidf+bert+perp,4,0,0.0006015094188676352,True
2426,2426,1217,1,sty+tfidf+bert+perp,4,1,0.8017325435746996,True
2427,2427,1218,0,sty+tfidf+bert+perp,4,0,0.16908891379749405,True
2428,2428,1218,1,sty+tfidf+bert+perp,4,1,0.9908675561962188,True
2429,2429,1219,0,sty+tfidf+bert+perp,4,1,0.8122864340814098,False
2430,2430,1219,1,sty+tfidf+bert+perp,4,1,0.9979931906749909,True
2431,2431,1220,0,sty+tfidf+bert+perp,4,0,0.014328320175150202,True
2432,2432,1220,1,sty+tfidf+bert+perp,4,1,0.9968641962574708,True
2433,2433,1221,0,sty+tfidf+bert+perp,4,0,0.012616953268187642,True
2434,2434,1221,1,sty+tfidf+bert+perp,4,1,0.9999278017905104,True
2435,2435,1222,0,sty+tfidf+bert+perp,4,0,0.007310316158756335,True
2436,2436,1222,1,sty+tfidf+bert+perp,4,1,0.9839320099005066,True
2437,2437,1223,0,sty+tfidf+bert+perp,4,0,0.011651240621277021,True
2438,2438,1223,1,sty+tfidf+bert+perp,4,1,0.9912970060073947,True
2439,2439,1224,0,sty+tfidf+bert+perp,4,0,0.030279304191259286,True
2440,2440,1224,1,sty+tfidf+bert+perp,4,1,0.9998333977713078,True
2441,2441,1225,0,sty+tfidf+bert+perp,4,0,0.0035541223339429274,True
2442,2442,1225,1,sty+tfidf+bert+perp,4,1,0.9982330976914776,True
2443,2443,1226,0,sty+tfidf+bert+perp,4,0,0.00015617150810635013,True
2444,2444,1226,1,sty+tfidf+bert+perp,4,1,0.9995168704016923,True
2445,2445,1227,0,sty+tfidf+bert+perp,4,0,0.0002820405985028076,True
2446,2446,1227,1,sty+tfidf+bert+perp,4,1,0.9997553756204016,True
2447,2447,1228,0,sty+tfidf+bert+perp,4,0,0.00069220822143891,True
2448,2448,1228,1,sty+tfidf+bert+perp,4,1,0.9998789608403706,True
2449,2449,1229,0,sty+tfidf+bert+perp,4,0,0.0002922367917371964,True
2450,2450,1229,1,sty+tfidf+bert+perp,4,1,0.9943871186625152,True
2451,2451,1230,0,sty+tfidf+bert+perp,4,0,0.08133951775702328,True
2452,2452,1230,1,sty+tfidf+bert+perp,4,1,0.9981890876843238,True
2453,2453,1231,0,sty+tfidf+bert+perp,4,0,0.0218837049432209,True
2454,2454,1231,1,sty+tfidf+bert+perp,4,1,0.9744929160319661,True
2455,2455,1232,0,sty+tfidf+bert+perp,4,0,0.00273827617517757,True
2456,2456,1232,1,sty+tfidf+bert+perp,4,1,0.9992045934559635,True
2457,2457,1233,0,sty+tfidf+bert+perp,4,0,1.0284701082445011e-05,True
2458,2458,1233,1,sty+tfidf+bert+perp,4,1,0.9992913818858182,True
2459,2459,1234,0,sty+tfidf+bert+perp,4,0,0.0003981997277413777,True
2460,2460,1234,1,sty+tfidf+bert+perp,4,1,0.9932018470463767,True
2461,2461,1235,0,sty+tfidf+bert+perp,4,0,2.822203726761567e-05,True
2462,2462,1235,1,sty+tfidf+bert+perp,4,0,0.003974574759966338,False
2463,2463,1236,0,sty+tfidf+bert+perp,4,0,0.007485657966963611,True
2464,2464,1236,1,sty+tfidf+bert+perp,4,1,0.9995815385729979,True
2465,2465,1237,0,sty+tfidf+bert+perp,4,0,0.010882784673157453,True
2466,2466,1237,1,sty+tfidf+bert+perp,4,1,0.9993442123417831,True
2467,2467,1238,0,sty+tfidf+bert+perp,4,0,0.0007424195628835439,True
2468,2468,1238,1,sty+tfidf+bert+perp,4,1,0.9923691122626567,True
2469,2469,1239,0,sty+tfidf+bert+perp,4,0,0.00032894093382953367,True
2470,2470,1239,1,sty+tfidf+bert+perp,4,1,0.9994771386889161,True
2471,2471,1240,0,sty+tfidf+bert+perp,4,0,0.00023011666479106664,True
2472,2472,1240,1,sty+tfidf+bert+perp,4,1,0.9978377411994817,True
2473,2473,1241,0,sty+tfidf+bert+perp,4,0,0.1823130407160184,True
2474,2474,1241,1,sty+tfidf+bert+perp,4,1,0.9975598377586974,True
2475,2475,1242,0,sty+tfidf+bert+perp,4,0,0.008857883140688092,True
2476,2476,1242,1,sty+tfidf+bert+perp,4,1,0.9998248892879572,True
2477,2477,1243,0,sty+tfidf+bert+perp,4,0,2.6580447785581916e-05,True
2478,2478,1243,1,sty+tfidf+bert+perp,4,1,0.9997460898022856,True
2479,2479,1244,0,sty+tfidf+bert+perp,4,0,0.0006613190584661367,True
2480,2480,1244,1,sty+tfidf+bert+perp,4,1,0.987509373584464,True
2481,2481,1245,0,sty+tfidf+bert+perp,4,0,0.003403240690682304,True
2482,2482,1245,1,sty+tfidf+bert+perp,4,1,0.9988398016683178,True
2483,2483,1246,0,sty+tfidf+bert+perp,4,0,0.02245660870705299,True
2484,2484,1246,1,sty+tfidf+bert+perp,4,1,0.999345435678071,True
2485,2485,1247,0,sty+tfidf+bert+perp,4,0,0.008873167076640686,True
2486,2486,1247,1,sty+tfidf+bert+perp,4,1,0.7527680928261782,True
2487,2487,1248,0,sty+tfidf+bert+perp,4,0,9.378545142349668e-05,True
2488,2488,1248,1,sty+tfidf+bert+perp,4,1,0.9990451555517512,True
2489,2489,1249,0,sty+tfidf+bert+perp,4,0,0.0008661749913815813,True
2490,2490,1249,1,sty+tfidf+bert+perp,4,1,0.999019614725914,True
2491,2491,1250,0,sty+tfidf+bert+perp,4,0,0.0008929191486738187,True
2492,2492,1250,1,sty+tfidf+bert+perp,4,1,0.9991305377096246,True
2493,2493,1251,0,sty+tfidf+bert+perp,4,0,0.0011431286581253973,True
2494,2494,1251,1,sty+tfidf+bert+perp,4,1,0.7154469189171027,True
2495,2495,1252,0,sty+tfidf+bert+perp,4,0,0.07274324202020048,True
2496,2496,1252,1,sty+tfidf+bert+perp,4,1,0.9984605133832194,True
2497,2497,1253,0,sty+tfidf+bert+perp,4,0,0.0008928088349156091,True
2498,2498,1253,1,sty+tfidf+bert+perp,4,1,0.9995576255901852,True
2499,2499,1254,0,sty+tfidf+bert+perp,4,0,0.02956420590831592,True
2500,2500,1254,1,sty+tfidf+bert+perp,4,1,0.9986980852609665,True
2501,2501,1255,0,sty+tfidf+bert+perp,4,0,0.0034140810530766913,True
2502,2502,1255,1,sty+tfidf+bert+perp,4,1,0.9995415346176746,True
2503,2503,1256,0,sty+tfidf+bert+perp,4,0,0.0010938765045819766,True
2504,2504,1256,1,sty+tfidf+bert+perp,4,1,0.9990942773573098,True
2505,2505,1257,0,sty+tfidf+bert+perp,4,0,0.005685118780547779,True
2506,2506,1257,1,sty+tfidf+bert+perp,4,1,0.5177528677796662,True
2507,2507,1258,0,sty+tfidf+bert+perp,4,0,0.001317853412778429,True
2508,2508,1258,1,sty+tfidf+bert+perp,4,1,0.9982584990481376,True
2509,2509,1259,0,sty+tfidf+bert+perp,4,0,0.00030453646088889915,True
2510,2510,1259,1,sty+tfidf+bert+perp,4,1,0.9932731854884107,True
2511,2511,1260,0,sty+tfidf+bert+perp,4,0,0.002935330928829048,True
2512,2512,1260,1,sty+tfidf+bert+perp,4,1,0.9966704316703887,True
2513,2513,1261,0,sty+tfidf+bert+perp,4,0,0.0014079298092233641,True
2514,2514,1261,1,sty+tfidf+bert+perp,4,1,0.9997616177603773,True
2515,2515,1262,0,sty+tfidf+bert+perp,4,0,0.16665989621919436,True
2516,2516,1262,1,sty+tfidf+bert+perp,4,1,0.8959936108276072,True
2517,2517,1263,0,sty+tfidf+bert+perp,4,0,0.001800938175846998,True
2518,2518,1263,1,sty+tfidf+bert+perp,4,1,0.9918111989249996,True
2519,2519,1264,0,sty+tfidf+bert+perp,4,0,0.0024599840450502232,True
2520,2520,1264,1,sty+tfidf+bert+perp,4,1,0.9949008535636117,True
2521,2521,1265,0,sty+tfidf+bert+perp,4,0,7.265302053921272e-05,True
2522,2522,1265,1,sty+tfidf+bert+perp,4,1,0.9996757785110556,True
2523,2523,1266,0,sty+tfidf+bert+perp,4,0,0.00010940684014463702,True
2524,2524,1266,1,sty+tfidf+bert+perp,4,1,0.9671545342844897,True
2525,2525,1267,0,sty+tfidf+bert+perp,4,0,0.0060922903729884155,True
2526,2526,1267,1,sty+tfidf+bert+perp,4,1,0.9975191254483309,True
2527,2527,1268,1,sty+tfidf+bert+perp,4,1,0.9962578587105053,True
2528,2528,1269,0,sty+tfidf+bert+perp,4,0,8.156501789785801e-05,True
2529,2529,1269,1,sty+tfidf+bert+perp,4,1,0.991929881840278,True
2530,2530,1270,0,sty+tfidf+bert+perp,4,0,0.0003223499281209732,True
2531,2531,1270,1,sty+tfidf+bert+perp,4,1,0.999960262357088,True
2532,2532,1271,0,sty+tfidf+bert+perp,4,0,0.000695589409521707,True
2533,2533,1271,1,sty+tfidf+bert+perp,4,0,0.11525067395241013,False
2534,2534,1272,0,sty+tfidf+bert+perp,4,0,0.001992767689274364,True
2535,2535,1272,1,sty+tfidf+bert+perp,4,1,0.9999544411998466,True
2536,2536,1273,0,sty+tfidf+bert+perp,4,0,0.0009651307945608117,True
2537,2537,1273,1,sty+tfidf+bert+perp,4,1,0.999058254704862,True
2538,2538,1274,0,sty+tfidf+bert+perp,4,0,0.0008339846844988231,True
2539,2539,1274,1,sty+tfidf+bert+perp,4,1,0.9964679778673622,True
2540,2540,1275,0,sty+tfidf+bert+perp,4,0,0.0011718929085598876,True
2541,2541,1275,1,sty+tfidf+bert+perp,4,1,0.9644770813219843,True
2542,2542,1276,0,sty+tfidf+bert+perp,4,0,0.00048144579752459725,True
2543,2543,1276,1,sty+tfidf+bert+perp,4,1,0.9987698922568726,True
2544,2544,1277,0,sty+tfidf+bert+perp,4,0,0.002834005841076069,True
2545,2545,1277,1,sty+tfidf+bert+perp,4,1,0.9993030589522112,True
2546,2546,1278,0,sty+tfidf+bert+perp,4,0,0.053412017534775084,True
2547,2547,1278,1,sty+tfidf+bert+perp,4,1,0.998376332061405,True
2548,2548,1279,0,sty+tfidf+bert+perp,4,0,0.001872524454636531,True
2549,2549,1279,1,sty+tfidf+bert+perp,4,1,0.9994075568530868,True
2550,2550,1280,0,sty+tfidf+bert+perp,4,0,0.0016464924128098005,True
2551,2551,1280,1,sty+tfidf+bert+perp,4,1,0.9997650354731469,True
2552,2552,1281,0,sty+tfidf+bert+perp,4,0,0.0030188522220099814,True
2553,2553,1281,1,sty+tfidf+bert+perp,4,1,0.9999623152830518,True
2554,2554,1282,0,sty+tfidf+bert+perp,4,0,0.001909913241460895,True
2555,2555,1282,1,sty+tfidf+bert+perp,4,1,0.9983208110304087,True
2556,2556,1283,0,sty+tfidf+bert+perp,4,0,0.10894087107318477,True
2557,2557,1283,1,sty+tfidf+bert+perp,4,1,0.9989960722189748,True
2558,2558,1284,0,sty+tfidf+bert+perp,4,0,0.004652980180200543,True
2559,2559,1284,1,sty+tfidf+bert+perp,4,1,0.9998257097558629,True
2560,2560,1285,0,sty+tfidf+bert+perp,4,0,0.005640711505563769,True
2561,2561,1285,1,sty+tfidf+bert+perp,4,1,0.99842007419231,True
2562,2562,1286,0,sty+tfidf+bert+perp,4,0,0.00010854214438212742,True
2563,2563,1286,1,sty+tfidf+bert+perp,4,1,0.9983389816136031,True
2564,2564,1287,0,sty+tfidf+bert+perp,4,0,0.0005265029287980768,True
2565,2565,1287,1,sty+tfidf+bert+perp,4,1,0.9897340490610362,True
2566,2566,1288,0,sty+tfidf+bert+perp,4,0,0.0005992855862153012,True
2567,2567,1288,1,sty+tfidf+bert+perp,4,1,0.9329372089191579,True
2568,2568,1289,0,sty+tfidf+bert+perp,4,0,0.0006163635690620109,True
2569,2569,1289,1,sty+tfidf+bert+perp,4,1,0.999373433538877,True
2570,2570,1290,0,sty+tfidf+bert+perp,4,0,0.00016090837613423045,True
2571,2571,1290,1,sty+tfidf+bert+perp,4,1,0.9996064734092058,True
2572,2572,1291,0,sty+tfidf+bert+perp,4,0,0.08313556091790082,True
2573,2573,1291,1,sty+tfidf+bert+perp,4,1,0.9994351798450396,True
2574,2574,1292,0,sty+tfidf+bert+perp,4,0,0.00018442324736962372,True
2575,2575,1292,1,sty+tfidf+bert+perp,4,1,0.9997510526841092,True
2576,2576,1293,0,sty+tfidf+bert+perp,4,0,0.24032693372180242,True
2577,2577,1293,1,sty+tfidf+bert+perp,4,1,0.9958579296173022,True
2578,2578,1294,0,sty+tfidf+bert+perp,4,0,0.0005428474558208031,True
2579,2579,1294,1,sty+tfidf+bert+perp,4,1,0.6592339361143745,True
2580,2580,1295,0,sty+tfidf+bert+perp,4,0,0.0002767380873356553,True
2581,2581,1295,1,sty+tfidf+bert+perp,4,1,0.9988386226962873,True
2582,2582,1296,0,sty+tfidf+bert+perp,4,0,0.0025197056942899186,True
2583,2583,1296,1,sty+tfidf+bert+perp,4,1,0.9987370687819532,True
2584,2584,1297,0,sty+tfidf+bert+perp,4,0,0.024261443224997875,True
2585,2585,1297,1,sty+tfidf+bert+perp,4,1,0.9970369144186276,True
2586,2586,1298,0,sty+tfidf+bert+perp,4,0,0.0005565382823764837,True
2587,2587,1298,1,sty+tfidf+bert+perp,4,1,0.9918435793586364,True
2588,2588,1299,0,sty+tfidf+bert+perp,4,0,0.0010768021609308402,True
2589,2589,1299,1,sty+tfidf+bert+perp,4,1,0.999781162915366,True
2590,2590,1300,0,sty+tfidf+bert+perp,4,0,0.0001261505818870165,True
2591,2591,1300,1,sty+tfidf+bert+perp,4,1,0.9996736355614951,True
2592,2592,1301,0,sty+tfidf+bert+perp,4,0,0.0003029750462971048,True
2593,2593,1301,1,sty+tfidf+bert+perp,4,1,0.9990434216174595,True
2594,2594,1302,0,sty+tfidf+bert+perp,4,0,0.0039558976847646225,True
2595,2595,1302,1,sty+tfidf+bert+perp,4,1,0.9989877164848331,True
2596,2596,1303,0,sty+tfidf+bert+perp,4,0,0.0005169499060836269,True
2597,2597,1303,1,sty+tfidf+bert+perp,4,1,0.9941030001241686,True
2598,2598,1304,0,sty+tfidf+bert+perp,4,0,0.00017925371052957624,True
2599,2599,1304,1,sty+tfidf+bert+perp,4,1,0.9998655794647183,True
2600,2600,1305,0,sty+tfidf+bert+perp,4,0,0.0034534585244781696,True
2601,2601,1305,1,sty+tfidf+bert+perp,4,1,0.9995762457736557,True
2602,2602,1306,0,sty+tfidf+bert+perp,4,0,6.273471973461458e-05,True
2603,2603,1306,1,sty+tfidf+bert+perp,4,1,0.9962021612460378,True
2604,2604,1307,0,sty+tfidf+bert+perp,4,0,0.01612621772005882,True
2605,2605,1307,1,sty+tfidf+bert+perp,4,1,0.9997244370158761,True
2606,2606,1308,0,sty+tfidf+bert+perp,4,0,0.0003199699686213604,True
2607,2607,1308,1,sty+tfidf+bert+perp,4,1,0.9998150827950443,True
2608,2608,1309,0,sty+tfidf+bert+perp,4,0,0.00034139888655909884,True
2609,2609,1309,1,sty+tfidf+bert+perp,4,1,0.9766113122062536,True
2610,2610,1310,0,sty+tfidf+bert+perp,4,0,7.363517870076947e-05,True
2611,2611,1310,1,sty+tfidf+bert+perp,4,1,0.9984272499708792,True
2612,2612,1311,0,sty+tfidf+bert+perp,4,0,0.00016222312928891795,True
2613,2613,1311,1,sty+tfidf+bert+perp,4,1,0.9983231007517884,True
2614,2614,1312,0,sty+tfidf+bert+perp,4,0,0.0007173503930376026,True
2615,2615,1312,1,sty+tfidf+bert+perp,4,1,0.9955430881713846,True
2616,2616,1313,0,sty+tfidf+bert+perp,4,0,0.00011143374795980745,True
2617,2617,1313,1,sty+tfidf+bert+perp,4,1,0.9998410357538794,True
2618,2618,1314,0,sty+tfidf+bert+perp,4,0,0.2509785494954519,True
2619,2619,1314,1,sty+tfidf+bert+perp,4,1,0.9992812343880405,True
2620,2620,1315,0,sty+tfidf+bert+perp,4,0,0.00011144386108960644,True
2621,2621,1315,1,sty+tfidf+bert+perp,4,1,0.9997634089352198,True
2622,2622,1316,0,sty+tfidf+bert+perp,4,0,0.00044250691095156386,True
2623,2623,1316,1,sty+tfidf+bert+perp,4,1,0.9990273697136965,True
2624,2624,1317,0,sty+tfidf+bert+perp,4,0,0.004321669978545343,True
2625,2625,1317,1,sty+tfidf+bert+perp,4,1,0.999950667268183,True
2626,2626,1318,0,sty+tfidf+bert+perp,4,1,0.5061647860173893,False
2627,2627,1318,1,sty+tfidf+bert+perp,4,1,0.9999020647374467,True
2628,2628,1319,0,sty+tfidf+bert+perp,4,0,0.00016637445913531717,True
2629,2629,1319,1,sty+tfidf+bert+perp,4,1,0.9998851907400076,True
2630,2630,1320,0,sty+tfidf+bert+perp,4,0,0.0019370260186387885,True
2631,2631,1320,1,sty+tfidf+bert+perp,4,1,0.9991153129914007,True
2632,2632,1321,0,sty+tfidf+bert+perp,4,0,0.008985232316026166,True
2633,2633,1321,1,sty+tfidf+bert+perp,4,1,0.998465641087919,True
2634,2634,1322,0,sty+tfidf+bert+perp,4,0,0.0013234960397353742,True
2635,2635,1322,1,sty+tfidf+bert+perp,4,1,0.9994961193433832,True
2636,2636,1323,0,sty+tfidf+bert+perp,4,0,0.00014137492725980317,True
2637,2637,1323,1,sty+tfidf+bert+perp,4,1,0.9990457367734284,True
2638,2638,1324,0,sty+tfidf+bert+perp,4,0,0.03722497092019275,True
2639,2639,1324,1,sty+tfidf+bert+perp,4,1,0.9996568170604138,True
2640,2640,1325,0,sty+tfidf+bert+perp,4,0,0.03804223552610888,True
2641,2641,1325,1,sty+tfidf+bert+perp,4,1,0.9239867974534277,True
2642,2642,1326,0,sty+tfidf+bert+perp,4,0,0.00022882268399850353,True
2643,2643,1326,1,sty+tfidf+bert+perp,4,1,0.9429925366969633,True
2644,2644,1327,0,sty+tfidf+bert+perp,4,0,1.710857816934405e-05,True
2645,2645,1327,1,sty+tfidf+bert+perp,4,1,0.7557419923032457,True
2646,2646,1328,0,sty+tfidf+bert+perp,4,0,0.0011190756666027445,True
2647,2647,1328,1,sty+tfidf+bert+perp,4,1,0.8545614612013533,True
2648,2648,1329,0,sty+tfidf+bert+perp,4,0,0.0005937531087228266,True
2649,2649,1329,1,sty+tfidf+bert+perp,4,1,0.9991633051522747,True
2650,2650,1330,0,sty+tfidf+bert+perp,4,0,0.0015878581915040354,True
2651,2651,1330,1,sty+tfidf+bert+perp,4,1,0.9987661230271784,True
2652,2652,1331,0,sty+tfidf+bert+perp,4,0,0.0005778572637427248,True
2653,2653,1331,1,sty+tfidf+bert+perp,4,1,0.999590760656306,True
2654,2654,1332,0,sty+tfidf+bert+perp,4,0,0.002432706397643142,True
2655,2655,1332,1,sty+tfidf+bert+perp,4,1,0.9998280688391127,True
2656,2656,1333,0,sty+tfidf+bert+perp,4,0,0.0018258298815769204,True
2657,2657,1333,1,sty+tfidf+bert+perp,4,1,0.9965157182378046,True
2658,2658,1334,0,sty+tfidf+bert+perp,4,0,0.0041485337450672555,True
2659,2659,1334,1,sty+tfidf+bert+perp,4,1,0.9973404470137326,True
2660,2660,1335,0,sty+tfidf+bert+perp,4,0,0.0009784195606210952,True
2661,2661,1335,1,sty+tfidf+bert+perp,4,1,0.999694235255512,True
2662,2662,1336,0,sty+tfidf+bert+perp,4,0,0.03253394762746116,True
2663,2663,1336,1,sty+tfidf+bert+perp,4,1,0.9994922754724253,True
2664,2664,1337,0,sty+tfidf+bert+perp,4,0,0.11988876235167464,True
2665,2665,1337,1,sty+tfidf+bert+perp,4,1,0.9993284048558717,True
2666,2666,1338,0,sty+tfidf+bert+perp,4,0,0.0004565086963381867,True
2667,2667,1338,1,sty+tfidf+bert+perp,4,1,0.9994048723980574,True
2668,2668,1339,0,sty+tfidf+bert+perp,4,0,9.526115537692912e-05,True
2669,2669,1339,1,sty+tfidf+bert+perp,4,1,0.9998549074967666,True
2670,2670,1340,0,sty+tfidf+bert+perp,4,0,0.004589682439716488,True
2671,2671,1340,1,sty+tfidf+bert+perp,4,1,0.9995479645392155,True
2672,2672,1341,0,sty+tfidf+bert+perp,4,0,0.03831071442946891,True
2673,2673,1341,1,sty+tfidf+bert+perp,4,1,0.999140527635663,True
2674,2674,1342,0,sty+tfidf+bert+perp,4,0,0.00014512052196509866,True
2675,2675,1342,1,sty+tfidf+bert+perp,4,1,0.9876813418870294,True
2676,2676,1343,0,sty+tfidf+bert+perp,4,0,0.08835634070665341,True
2677,2677,1343,1,sty+tfidf+bert+perp,4,1,0.9999262611436776,True
2678,2678,1344,0,sty+tfidf+bert+perp,4,0,0.014646093561213441,True
2679,2679,1344,1,sty+tfidf+bert+perp,4,0,0.02540960481248039,False
2680,2680,1345,0,sty+tfidf+bert+perp,4,0,0.0003220009899174375,True
2681,2681,1345,1,sty+tfidf+bert+perp,4,1,0.9748595881664861,True
2682,2682,1346,0,sty+tfidf+bert+perp,4,0,0.004490287932284127,True
2683,2683,1346,1,sty+tfidf+bert+perp,4,1,0.9998730339663326,True
2684,2684,1347,0,sty+tfidf+bert+perp,4,0,0.00034341575567498425,True
2685,2685,1347,1,sty+tfidf+bert+perp,4,1,0.995276462808103,True
2686,2686,1348,0,sty+tfidf+bert+perp,4,0,0.00020561347939812205,True
2687,2687,1348,1,sty+tfidf+bert+perp,4,1,0.9997190410587814,True
2688,2688,1349,0,sty+tfidf+bert+perp,4,0,8.336348059150661e-05,True
2689,2689,1349,1,sty+tfidf+bert+perp,4,1,0.9655903019160443,True
2690,2690,1350,0,sty+tfidf+bert+perp,4,0,0.0644510847913142,True
2691,2691,1350,1,sty+tfidf+bert+perp,4,1,0.8596135520043796,True
2692,2692,1351,0,sty+tfidf+bert+perp,4,0,3.933795948657956e-05,True
2693,2693,1351,1,sty+tfidf+bert+perp,4,1,0.9998079787838177,True
2694,2694,1352,0,sty+tfidf+bert+perp,4,0,0.021027170239169782,True
2695,2695,1352,1,sty+tfidf+bert+perp,4,1,0.9994289744299139,True
2696,2696,1353,0,sty+tfidf+bert+perp,4,0,0.0008928067138919404,True
2697,2697,1353,1,sty+tfidf+bert+perp,4,1,0.9854493771402275,True
2698,2698,1354,0,sty+tfidf+bert+perp,4,0,0.002230265257475336,True
2699,2699,1354,1,sty+tfidf+bert+perp,4,1,0.9991596078165295,True
2700,2700,1355,0,sty+tfidf+bert+perp,4,0,0.03971779100223595,True
2701,2701,1355,1,sty+tfidf+bert+perp,4,1,0.9981594668889167,True
2702,2702,1356,0,sty+tfidf+bert+perp,4,1,0.9811066108164762,False
2703,2703,1356,1,sty+tfidf+bert+perp,4,1,0.9998866604260276,True
2704,2704,1357,0,sty+tfidf+bert+perp,4,0,0.00725582799873249,True
2705,2705,1357,1,sty+tfidf+bert+perp,4,1,0.9960150414887191,True
2706,2706,1358,0,sty+tfidf+bert+perp,4,0,0.005275936534097012,True
2707,2707,1358,1,sty+tfidf+bert+perp,4,1,0.7654672062026718,True
2708,2708,1359,0,sty+tfidf+bert+perp,4,0,0.0016337264464933074,True
2709,2709,1359,1,sty+tfidf+bert+perp,4,1,0.9993204318723632,True
2710,2710,1360,0,sty+tfidf+bert+perp,4,0,0.0006892291362379654,True
2711,2711,1360,1,sty+tfidf+bert+perp,4,1,0.9981785402358929,True
2712,2712,1361,0,sty+tfidf+bert+perp,4,0,0.002333145235620027,True
2713,2713,1361,1,sty+tfidf+bert+perp,4,1,0.9960629327753003,True
2714,2714,1362,0,sty+tfidf+bert+perp,4,0,0.0005631829850483119,True
2715,2715,1362,1,sty+tfidf+bert+perp,4,1,0.9988747143993463,True
2716,2716,1363,0,sty+tfidf+bert+perp,4,0,0.0024977313903730793,True
2717,2717,1363,1,sty+tfidf+bert+perp,4,1,0.9991078317109102,True
2718,2718,1364,0,sty+tfidf+bert+perp,4,0,0.004605090519241726,True
2719,2719,1364,1,sty+tfidf+bert+perp,4,1,0.99988418325197,True
2720,2720,1365,0,sty+tfidf+bert+perp,4,0,0.0003404142227820141,True
2721,2721,1365,1,sty+tfidf+bert+perp,4,1,0.9981289860622619,True
2722,2722,1366,0,sty+tfidf+bert+perp,4,0,0.0010965402038813164,True
2723,2723,1366,1,sty+tfidf+bert+perp,4,1,0.9989693568412903,True
2724,2724,1367,0,sty+tfidf+bert+perp,4,0,0.04336246305797767,True
2725,2725,1367,1,sty+tfidf+bert+perp,4,1,0.9992583251228305,True
2726,2726,1368,0,sty+tfidf+bert+perp,4,0,0.006054451132084883,True
2727,2727,1368,1,sty+tfidf+bert+perp,4,1,0.9816813832914392,True
2728,2728,1369,0,sty+tfidf+bert+perp,4,0,0.0014529784443303394,True
2729,2729,1369,1,sty+tfidf+bert+perp,4,1,0.9888788354607062,True
2730,2730,1370,0,sty+tfidf+bert+perp,4,0,0.0003584764630882051,True
2731,2731,1370,1,sty+tfidf+bert+perp,4,1,0.99904159629229,True
2732,2732,1371,0,sty+tfidf+bert+perp,4,0,0.00013178294121444432,True
2733,2733,1371,1,sty+tfidf+bert+perp,4,1,0.9996251455231392,True
2734,2734,1372,0,sty+tfidf+bert+perp,4,0,0.2222869052820495,True
2735,2735,1372,1,sty+tfidf+bert+perp,4,1,0.9873082699530946,True
2736,2736,1373,0,sty+tfidf+bert+perp,4,0,0.0009820805051799168,True
2737,2737,1373,1,sty+tfidf+bert+perp,4,1,0.9989376108971881,True
2738,2738,1374,0,sty+tfidf+bert+perp,4,0,0.0003069834070685832,True
2739,2739,1374,1,sty+tfidf+bert+perp,4,1,0.9974463462981342,True
2740,2740,1375,0,sty+tfidf+bert+perp,4,0,0.05899578146791944,True
2741,2741,1375,1,sty+tfidf+bert+perp,4,1,0.9999503706215223,True
2742,2742,1376,0,sty+tfidf+bert+perp,4,0,0.0001856084407751516,True
2743,2743,1376,1,sty+tfidf+bert+perp,4,1,0.9993417807626739,True
2744,2744,1377,0,sty+tfidf+bert+perp,4,0,0.02681069704335453,True
2745,2745,1377,1,sty+tfidf+bert+perp,4,1,0.9992962300394875,True
2746,2746,1378,0,sty+tfidf+bert+perp,4,0,8.100232472875008e-05,True
2747,2747,1378,1,sty+tfidf+bert+perp,4,1,0.9967511031692229,True
2748,2748,1379,0,sty+tfidf+bert+perp,4,0,2.8066234226557876e-05,True
2749,2749,1379,1,sty+tfidf+bert+perp,4,1,0.9991815626501985,True
2750,2750,1380,0,sty+tfidf+bert+perp,4,0,0.0058230275478426555,True
2751,2751,1380,1,sty+tfidf+bert+perp,4,1,0.9860975472658411,True
2752,2752,1381,0,sty+tfidf+bert+perp,4,0,0.27912747930355625,True
2753,2753,1381,1,sty+tfidf+bert+perp,4,1,0.9948348716569934,True
2754,2754,1382,0,sty+tfidf+bert+perp,4,0,0.00011845280725609358,True
2755,2755,1382,1,sty+tfidf+bert+perp,4,1,0.9993673134329981,True
2756,2756,1383,0,sty+tfidf+bert+perp,4,0,0.0015124949147657413,True
2757,2757,1383,1,sty+tfidf+bert+perp,4,1,0.9993274086217372,True
2758,2758,1384,0,sty+tfidf+bert+perp,4,0,0.0010862634007958781,True
2759,2759,1384,1,sty+tfidf+bert+perp,4,1,0.8120926640322619,True
2760,2760,1385,0,sty+tfidf+bert+perp,4,0,0.00011799198139061133,True
2761,2761,1385,1,sty+tfidf+bert+perp,4,1,0.7671824515015608,True
2762,2762,1386,0,sty+tfidf+bert+perp,4,0,0.0029727647840851836,True
2763,2763,1386,1,sty+tfidf+bert+perp,4,1,0.9999473821058107,True
2764,2764,1387,0,sty+tfidf+bert+perp,4,0,7.760829506552543e-05,True
2765,2765,1387,1,sty+tfidf+bert+perp,4,1,0.9931406347093662,True
2766,2766,1388,0,sty+tfidf+bert+perp,4,0,0.0004125933205590976,True
2767,2767,1388,1,sty+tfidf+bert+perp,4,1,0.9978979298028583,True
2768,2768,1389,0,sty+tfidf+bert+perp,4,0,0.003139709704213001,True
2769,2769,1389,1,sty+tfidf+bert+perp,4,1,0.9993254381955801,True
2770,2770,1390,0,sty+tfidf+bert+perp,4,0,0.00044900799736341784,True
2771,2771,1390,1,sty+tfidf+bert+perp,4,1,0.999395106199748,True
2772,2772,1391,0,sty+tfidf+bert+perp,4,0,0.002826338384283855,True
2773,2773,1391,1,sty+tfidf+bert+perp,4,1,0.9993637059860729,True
2774,2774,1392,0,sty+tfidf+bert+perp,4,0,0.005321590831234437,True
2775,2775,1392,1,sty+tfidf+bert+perp,4,0,0.22785668158899747,False
2776,2776,1393,0,sty+tfidf+bert+perp,4,0,0.0003886488567555521,True
2777,2777,1393,1,sty+tfidf+bert+perp,4,1,0.9306930319628548,True
2778,2778,1394,0,sty+tfidf+bert+perp,4,0,0.07800565966312653,True
2779,2779,1394,1,sty+tfidf+bert+perp,4,1,0.9956635002812573,True
2780,2780,1395,0,sty+tfidf+bert+perp,4,0,0.004870992035002598,True
2781,2781,1395,1,sty+tfidf+bert+perp,4,0,0.09090880116302265,False
2782,2782,1396,0,sty+tfidf+bert+perp,4,0,9.145364976742157e-05,True
2783,2783,1396,1,sty+tfidf+bert+perp,4,1,0.9998568161266083,True
2784,2784,1397,0,sty+tfidf+bert+perp,4,0,0.005056384067430217,True
2785,2785,1397,1,sty+tfidf+bert+perp,4,1,0.999463384434847,True
2786,2786,1398,0,sty+tfidf+bert+perp,4,0,0.0007060191843479187,True
2787,2787,1398,1,sty+tfidf+bert+perp,4,1,0.9995509961463251,True
2788,2788,1399,0,sty+tfidf+bert+perp,4,0,9.426666997711114e-05,True
2789,2789,1399,1,sty+tfidf+bert+perp,4,1,0.994252470016635,True
2790,2790,1400,0,sty+tfidf+bert+perp,4,0,0.02186624890827846,True
2791,2791,1400,1,sty+tfidf+bert+perp,4,1,0.99988607542746,True
2792,2792,1401,0,sty+tfidf+bert+perp,4,0,0.00016442984294703323,True
2793,2793,1401,1,sty+tfidf+bert+perp,4,1,0.9930477666640557,True
2794,2794,1402,0,sty+tfidf+bert+perp,4,0,0.023879788091952497,True
2795,2795,1402,1,sty+tfidf+bert+perp,4,1,0.9993822333327341,True
2796,2796,1403,0,sty+tfidf+bert+perp,4,0,0.046943974116867064,True
2797,2797,1403,1,sty+tfidf+bert+perp,4,1,0.9979242224160471,True
2798,2798,1404,0,sty+tfidf+bert+perp,4,0,0.005294396871550738,True
2799,2799,1404,1,sty+tfidf+bert+perp,4,1,0.984777457506642,True
2800,2800,1405,0,sty+tfidf+bert+perp,4,0,0.000307183045599826,True
2801,2801,1405,1,sty+tfidf+bert+perp,4,1,0.9929915792446778,True
2802,2802,1406,0,sty+tfidf+bert+perp,4,0,0.002336444724419151,True
2803,2803,1406,1,sty+tfidf+bert+perp,4,1,0.9996253657888013,True
2804,2804,1407,0,sty+tfidf+bert+perp,4,0,0.006987155087246658,True
2805,2805,1407,1,sty+tfidf+bert+perp,4,1,0.9987055185958095,True
2806,2806,1408,0,sty+tfidf+bert+perp,4,0,0.0017060967999003387,True
2807,2807,1408,1,sty+tfidf+bert+perp,4,1,0.9991185074166837,True
2808,2808,1409,0,sty+tfidf+bert+perp,4,0,0.00016582899650878334,True
2809,2809,1409,1,sty+tfidf+bert+perp,4,1,0.9615712349914823,True
2810,2810,1410,0,sty+tfidf+bert+perp,4,0,0.00023813480263615435,True
2811,2811,1410,1,sty+tfidf+bert+perp,4,1,0.9999316326568225,True
2812,2812,1411,0,sty+tfidf+bert+perp,4,0,0.0021486036372359053,True
2813,2813,1411,1,sty+tfidf+bert+perp,4,1,0.9995837743232612,True
2814,2814,1412,0,sty+tfidf+bert+perp,4,0,0.25975037326385214,True
2815,2815,1412,1,sty+tfidf+bert+perp,4,1,0.9988817256091552,True
2816,2816,1413,0,sty+tfidf+bert+perp,4,0,0.000733416868147195,True
2817,2817,1413,1,sty+tfidf+bert+perp,4,1,0.9993942102628458,True
2818,2818,1414,0,sty+tfidf+bert+perp,4,0,6.670913743441937e-05,True
2819,2819,1414,1,sty+tfidf+bert+perp,4,1,0.9998170277133879,True
2820,2820,1415,0,sty+tfidf+bert+perp,4,0,0.009248620880442981,True
2821,2821,1415,1,sty+tfidf+bert+perp,4,1,0.9999342904212921,True
2822,2822,1416,0,sty+tfidf+bert+perp,4,0,0.04651688239771446,True
2823,2823,1416,1,sty+tfidf+bert+perp,4,1,0.9993294807035425,True
2824,2824,1417,0,sty+tfidf+bert+perp,4,0,6.954870482623928e-05,True
2825,2825,1417,1,sty+tfidf+bert+perp,4,1,0.9859105892634609,True
2826,2826,1418,0,sty+tfidf+bert+perp,4,0,0.011476541665440055,True
2827,2827,1418,1,sty+tfidf+bert+perp,4,1,0.8406174578056279,True
2828,2828,1419,0,sty+tfidf+bert+perp,4,0,0.00020791575423301388,True
2829,2829,1419,1,sty+tfidf+bert+perp,4,1,0.9992660891484234,True
2830,2830,1420,0,sty+tfidf+bert+perp,4,0,0.0018872595969045413,True
2831,2831,1420,1,sty+tfidf+bert+perp,4,1,0.9997541825069775,True
2832,2832,1421,0,sty+tfidf+bert+perp,4,0,0.08971920862741387,True
2833,2833,1421,1,sty+tfidf+bert+perp,4,1,0.9999566426267501,True
2834,2834,1422,0,sty+tfidf+bert+perp,4,0,0.0008692869903422107,True
2835,2835,1422,1,sty+tfidf+bert+perp,4,1,0.9993028535859045,True
2836,2836,1423,0,sty+tfidf+bert+perp,4,0,0.025568546898704785,True
2837,2837,1423,1,sty+tfidf+bert+perp,4,1,0.999688553678232,True
2838,2838,1424,0,sty+tfidf+bert+perp,4,0,0.0001494987117727645,True
2839,2839,1424,1,sty+tfidf+bert+perp,4,1,0.9860450912171084,True
2840,2840,1425,0,sty+tfidf+bert+perp,4,0,0.007476433434942288,True
2841,2841,1425,1,sty+tfidf+bert+perp,4,1,0.99854430505788,True
2842,2842,1426,0,sty+tfidf+bert+perp,4,0,0.2508744340628955,True
2843,2843,1426,1,sty+tfidf+bert+perp,4,1,0.9985401546736733,True
2844,2844,1427,0,sty+tfidf+bert+perp,4,0,9.610835350481844e-05,True
2845,2845,1427,1,sty+tfidf+bert+perp,4,1,0.9999121601821288,True
2846,2846,1428,0,sty+tfidf+bert+perp,4,0,0.002374809288401698,True
2847,2847,1428,1,sty+tfidf+bert+perp,4,1,0.9995067512111048,True
2848,2848,1429,0,sty+tfidf+bert+perp,4,0,0.0003568769596611022,True
2849,2849,1429,1,sty+tfidf+bert+perp,4,1,0.996319774105687,True
2850,2850,1430,0,sty+tfidf+bert+perp,4,0,0.0006433576413358118,True
2851,2851,1430,1,sty+tfidf+bert+perp,4,1,0.998622913648629,True
2852,2852,1431,0,sty+tfidf+bert+perp,4,0,0.007555257713093623,True
2853,2853,1431,1,sty+tfidf+bert+perp,4,1,0.9973585476079327,True
2854,2854,1432,0,sty+tfidf+bert+perp,4,0,0.017176346863169767,True
2855,2855,1432,1,sty+tfidf+bert+perp,4,1,0.9879057309802036,True
2856,2856,1433,0,sty+tfidf+bert+perp,4,0,0.003286148927502118,True
2857,2857,1433,1,sty+tfidf+bert+perp,4,1,0.914862449977953,True
2858,2858,1434,0,sty+tfidf+bert+perp,4,0,0.0003996383521984893,True
2859,2859,1434,1,sty+tfidf+bert+perp,4,1,0.9847495558174868,True
2860,2860,1435,0,sty+tfidf+bert+perp,4,0,0.06052617479612636,True
2861,2861,1435,1,sty+tfidf+bert+perp,4,1,0.9998965855979065,True
2862,2862,1436,0,sty+tfidf+bert+perp,4,0,0.04803864394370609,True
2863,2863,1436,1,sty+tfidf+bert+perp,4,1,0.9996586548076963,True
2864,2864,1437,0,sty+tfidf+bert+perp,4,0,0.006614589683624865,True
2865,2865,1437,1,sty+tfidf+bert+perp,4,1,0.9885420305049026,True
2866,2866,1438,0,sty+tfidf+bert+perp,4,0,0.010038823356329055,True
2867,2867,1438,1,sty+tfidf+bert+perp,4,1,0.9982410503748451,True
2868,2868,1439,0,sty+tfidf+bert+perp,4,0,0.007108134552812471,True
2869,2869,1439,1,sty+tfidf+bert+perp,4,1,0.8596674125528816,True
2870,2870,1440,0,sty+tfidf+bert+perp,4,0,0.0020529325224163775,True
2871,2871,1440,1,sty+tfidf+bert+perp,4,1,0.999821664151258,True
2872,2872,1441,0,sty+tfidf+bert+perp,4,0,0.04075090269539571,True
2873,2873,1441,1,sty+tfidf+bert+perp,4,1,0.9995648936112534,True
2874,2874,1442,0,sty+tfidf+bert+perp,4,0,0.00016908548468436304,True
2875,2875,1442,1,sty+tfidf+bert+perp,4,1,0.9999531096583903,True
2876,2876,1443,0,sty+tfidf+bert+perp,4,0,0.00021766657049431594,True
2877,2877,1443,1,sty+tfidf+bert+perp,4,1,0.8644103982403268,True
2878,2878,1444,0,sty+tfidf+bert+perp,4,0,0.0011031413334025278,True
2879,2879,1444,1,sty+tfidf+bert+perp,4,1,0.9991917396121612,True
2880,2880,1445,0,sty+tfidf+bert+perp,4,0,0.0036685955088387305,True
2881,2881,1445,1,sty+tfidf+bert+perp,4,1,0.9989581557260827,True
2882,2882,1446,0,sty+tfidf+bert+perp,4,0,0.0033643600640946955,True
2883,2883,1446,1,sty+tfidf+bert+perp,4,1,0.9990210647775823,True
2884,2884,1447,0,sty+tfidf+bert+perp,4,0,7.646970722228727e-05,True
2885,2885,1447,1,sty+tfidf+bert+perp,4,1,0.9997631572746133,True
2886,2886,1448,0,sty+tfidf+bert+perp,4,0,0.00026523574044685563,True
2887,2887,1448,1,sty+tfidf+bert+perp,4,1,0.9982364532101088,True
2888,2888,1449,0,sty+tfidf+bert+perp,4,0,0.00042433120078646104,True
2889,2889,1449,1,sty+tfidf+bert+perp,4,1,0.9996442029072358,True
2890,2890,1450,0,sty+tfidf+bert+perp,4,0,0.016997692887725485,True
2891,2891,1450,1,sty+tfidf+bert+perp,4,1,0.8331588875050786,True
2892,2892,1451,0,sty+tfidf+bert+perp,4,0,0.0002068399224605288,True
2893,2893,1451,1,sty+tfidf+bert+perp,4,1,0.9909641740987228,True
2894,2894,1452,0,sty+tfidf+bert+perp,4,0,0.004050822647388908,True
2895,2895,1452,1,sty+tfidf+bert+perp,4,1,0.999218691405933,True
2896,2896,1453,0,sty+tfidf+bert+perp,4,0,0.00666265391215906,True
2897,2897,1453,1,sty+tfidf+bert+perp,4,1,0.9994548173583926,True
2898,2898,1454,0,sty+tfidf+bert+perp,4,0,0.008515709083164312,True
2899,2899,1454,1,sty+tfidf+bert+perp,4,1,0.999558938586801,True
2900,2900,1455,0,sty+tfidf+bert+perp,4,0,0.0006235800320769556,True
2901,2901,1455,1,sty+tfidf+bert+perp,4,1,0.999743727533927,True
2902,2902,1456,0,sty+tfidf+bert+perp,4,0,0.0004243934700779815,True
2903,2903,1456,1,sty+tfidf+bert+perp,4,1,0.9997319954687286,True
2904,2904,1457,0,sty+tfidf+bert+perp,4,0,0.0005655833448037521,True
2905,2905,1457,1,sty+tfidf+bert+perp,4,1,0.999530042379158,True
2906,2906,1458,0,sty+tfidf+bert+perp,4,0,0.0006209854210266887,True
2907,2907,1458,1,sty+tfidf+bert+perp,4,1,0.9993491847270612,True
2908,2908,1459,0,sty+tfidf+bert+perp,4,0,0.0025932221173097904,True
2909,2909,1459,1,sty+tfidf+bert+perp,4,1,0.998938363274383,True
2910,2910,1460,0,sty+tfidf+bert+perp,4,0,0.0011181589690063363,True
2911,2911,1460,1,sty+tfidf+bert+perp,4,1,0.9981190850953666,True
2912,2912,1461,0,sty+tfidf+bert+perp,4,0,0.005217069892488699,True
2913,2913,1461,1,sty+tfidf+bert+perp,4,1,0.999953239163868,True
2914,2914,1462,0,sty+tfidf+bert+perp,4,0,0.0019591775403964336,True
2915,2915,1462,1,sty+tfidf+bert+perp,4,1,0.9966855687126245,True
2916,2916,1463,1,sty+tfidf+bert+perp,4,1,0.9994231436018743,True
2917,2917,1464,0,sty+tfidf+bert+perp,4,0,0.0005469164580759958,True
2918,2918,1464,1,sty+tfidf+bert+perp,4,1,0.9994259715521214,True
2919,2919,1465,0,sty+tfidf+bert+perp,4,0,0.007465836507060575,True
2920,2920,1465,1,sty+tfidf+bert+perp,4,1,0.9992444997193557,True
2921,2921,1466,0,sty+tfidf+bert+perp,4,0,0.0005774379688373194,True
2922,2922,1466,1,sty+tfidf+bert+perp,4,1,0.9971775566007565,True
2923,2923,1467,0,sty+tfidf+bert+perp,4,0,5.276114761970189e-05,True
2924,2924,1467,1,sty+tfidf+bert+perp,4,1,0.9973212727931595,True
2925,2925,1468,0,sty+tfidf+bert+perp,4,0,0.001247523778019011,True
2926,2926,1468,1,sty+tfidf+bert+perp,4,1,0.999903891903353,True
2927,2927,1469,0,sty+tfidf+bert+perp,4,0,8.035192375253574e-05,True
2928,2928,1469,1,sty+tfidf+bert+perp,4,1,0.9993784225858844,True
2929,2929,1470,0,sty+tfidf+bert+perp,4,0,0.0002376547996068289,True
2930,2930,1470,1,sty+tfidf+bert+perp,4,1,0.9997759959247448,True
2931,2931,1471,0,sty+tfidf+bert+perp,4,0,0.3881110019010558,True
2932,2932,1471,1,sty+tfidf+bert+perp,4,1,0.9992934759846281,True
2933,2933,1472,0,sty+tfidf+bert+perp,4,0,0.01563908132715525,True
2934,2934,1472,1,sty+tfidf+bert+perp,4,1,0.9998512884372895,True
2935,2935,1473,0,sty+tfidf+bert+perp,4,0,0.0003143047337901511,True
2936,2936,1473,1,sty+tfidf+bert+perp,4,1,0.9977331354962522,True
2937,2937,1474,0,sty+tfidf+bert+perp,4,0,0.0006086503338759544,True
2938,2938,1474,1,sty+tfidf+bert+perp,4,1,0.9993452734060164,True
2939,2939,1475,0,sty+tfidf+bert+perp,4,0,0.00011811576359121085,True
2940,2940,1475,1,sty+tfidf+bert+perp,4,1,0.9998424395158152,True
2941,2941,1476,0,sty+tfidf+bert+perp,4,0,0.00020436841771909176,True
2942,2942,1476,1,sty+tfidf+bert+perp,4,1,0.9814558542767411,True
2943,2943,1477,0,sty+tfidf+bert+perp,4,0,0.07730581342643991,True
2944,2944,1477,1,sty+tfidf+bert+perp,4,1,0.9846100373371056,True
2945,2945,1478,0,sty+tfidf+bert+perp,4,0,0.0002330684480385308,True
2946,2946,1478,1,sty+tfidf+bert+perp,4,1,0.9997910225816383,True
2947,2947,1479,0,sty+tfidf+bert+perp,4,0,0.0007865052036339052,True
2948,2948,1479,1,sty+tfidf+bert+perp,4,1,0.9999152014439266,True
2949,2949,1480,0,sty+tfidf+bert+perp,4,0,0.02011762014130057,True
2950,2950,1480,1,sty+tfidf+bert+perp,4,1,0.9996645837321899,True
2951,2951,1481,0,sty+tfidf+bert+perp,4,0,0.008701132988700488,True
2952,2952,1481,1,sty+tfidf+bert+perp,4,1,0.8171105918536135,True
2953,2953,1482,0,sty+tfidf+bert+perp,4,0,0.002036346331535408,True
2954,2954,1482,1,sty+tfidf+bert+perp,4,1,0.9996579095568975,True
2955,2955,1483,0,sty+tfidf+bert+perp,4,0,0.00010244932430129607,True
2956,2956,1483,1,sty+tfidf+bert+perp,4,1,0.9997675185693345,True
2957,2957,1484,0,sty+tfidf+bert+perp,4,0,0.00433027843950959,True
2958,2958,1484,1,sty+tfidf+bert+perp,4,1,0.9993662754250782,True
2959,2959,1485,0,sty+tfidf+bert+perp,4,0,0.00022525733955246425,True
2960,2960,1485,1,sty+tfidf+bert+perp,4,1,0.9996273140042083,True
2961,2961,1486,0,sty+tfidf+bert+perp,4,0,0.005956353404515124,True
2962,2962,1486,1,sty+tfidf+bert+perp,4,1,0.9970167868524517,True
2963,2963,1487,0,sty+tfidf+bert+perp,4,0,0.001172783955001575,True
2964,2964,1487,1,sty+tfidf+bert+perp,4,1,0.999399483293496,True
2965,2965,1488,0,sty+tfidf+bert+perp,4,0,0.0003109618496305133,True
2966,2966,1488,1,sty+tfidf+bert+perp,4,0,0.4697944916432507,False
2967,2967,1489,0,sty+tfidf+bert+perp,4,0,0.0016754506192032022,True
2968,2968,1489,1,sty+tfidf+bert+perp,4,1,0.8031030800583089,True
2969,2969,1490,0,sty+tfidf+bert+perp,4,0,0.20591522015904548,True
2970,2970,1490,1,sty+tfidf+bert+perp,4,1,0.5908745729192632,True
2971,2971,1491,0,sty+tfidf+bert+perp,4,0,0.006157265181021661,True
2972,2972,1491,1,sty+tfidf+bert+perp,4,1,0.5265877800929029,True
2973,2973,1492,0,sty+tfidf+bert+perp,4,0,0.00010704320073796551,True
2974,2974,1492,1,sty+tfidf+bert+perp,4,1,0.9379875189095432,True
2975,2975,1493,0,sty+tfidf+bert+perp,4,0,0.0013266375182953048,True
2976,2976,1493,1,sty+tfidf+bert+perp,4,1,0.9974308465107441,True
2977,2977,1494,0,sty+tfidf+bert+perp,4,0,0.0008711874728105597,True
2978,2978,1494,1,sty+tfidf+bert+perp,4,1,0.9995034115221748,True
2979,2979,1495,0,sty+tfidf+bert+perp,4,0,0.0013531642699618827,True
2980,2980,1495,1,sty+tfidf+bert+perp,4,1,0.9996474340097032,True
2981,2981,1496,0,sty+tfidf+bert+perp,4,0,0.0367150521405567,True
2982,2982,1496,1,sty+tfidf+bert+perp,4,1,0.9977676788595164,True
2983,2983,1497,0,sty+tfidf+bert+perp,4,0,0.00022076066468749989,True
2984,2984,1497,1,sty+tfidf+bert+perp,4,1,0.9998060978521981,True
2985,2985,1498,0,sty+tfidf+bert+perp,4,0,0.008599108005143862,True
2986,2986,1498,1,sty+tfidf+bert+perp,4,0,0.4117255380498745,False
2987,2987,1499,0,sty+tfidf+bert+perp,4,0,0.2818342204350064,True
2988,2988,1499,1,sty+tfidf+bert+perp,4,1,0.9520354453970796,True
2989,2989,1500,0,sty+tfidf+bert+perp,4,0,0.00045597040293090006,True
2990,2990,1500,1,sty+tfidf+bert+perp,4,1,0.9972563232604043,True
2991,2991,1501,0,sty+tfidf+bert+perp,4,0,5.5979292524875966e-05,True
2992,2992,1501,1,sty+tfidf+bert+perp,4,1,0.9972162024737437,True
2993,2993,1502,0,sty+tfidf+bert+perp,4,0,0.004830673563082131,True
2994,2994,1502,1,sty+tfidf+bert+perp,4,1,0.9993675011810315,True
2995,2995,1503,0,sty+tfidf+bert+perp,4,0,0.03382734037758615,True
2996,2996,1503,1,sty+tfidf+bert+perp,4,1,0.9982401243767824,True
2997,2997,1504,0,sty+tfidf+bert+perp,4,0,0.001523639553911065,True
2998,2998,1504,1,sty+tfidf+bert+perp,4,0,0.4386442523348031,False
2999,2999,1505,0,sty+tfidf+bert+perp,4,0,0.00011266945780218952,True
3000,3000,1505,1,sty+tfidf+bert+perp,4,1,0.9913986306331088,True
3001,3001,1506,0,sty+tfidf+bert+perp,4,0,0.000964823068991005,True
3002,3002,1506,1,sty+tfidf+bert+perp,4,1,0.9999191942111477,True
3003,3003,1507,0,sty+tfidf+bert+perp,4,0,0.0005525316538117754,True
3004,3004,1507,1,sty+tfidf+bert+perp,4,1,0.9942210886351724,True
3005,3005,1508,0,sty+tfidf+bert+perp,4,0,0.0013365763792312503,True
3006,3006,1508,1,sty+tfidf+bert+perp,4,1,0.9996639616391357,True
3007,3007,1509,0,sty+tfidf+bert+perp,4,0,0.00010447115695731037,True
3008,3008,1509,1,sty+tfidf+bert+perp,4,1,0.999404271293001,True
3009,3009,1510,0,sty+tfidf+bert+perp,4,0,0.0009764794006813584,True
3010,3010,1510,1,sty+tfidf+bert+perp,4,1,0.8999448865231852,True
3011,3011,1511,0,sty+tfidf+bert+perp,4,0,0.0005294993670999916,True
3012,3012,1511,1,sty+tfidf+bert+perp,4,0,0.19155490785168813,False
3013,3013,1512,0,sty+tfidf+bert+perp,4,0,0.0009906518522456004,True
3014,3014,1512,1,sty+tfidf+bert+perp,4,0,0.3340459042455315,False
3015,3015,1513,0,sty+tfidf+bert+perp,4,0,0.002606901980916845,True
3016,3016,1513,1,sty+tfidf+bert+perp,4,1,0.9995108264727757,True
3017,3017,1514,0,sty+tfidf+bert+perp,4,0,0.0012901944451023824,True
3018,3018,1514,1,sty+tfidf+bert+perp,4,1,0.9984796483098625,True
3019,3019,1515,0,sty+tfidf+bert+perp,4,0,0.0019441116127101496,True
3020,3020,1515,1,sty+tfidf+bert+perp,4,1,0.9981333161775423,True
3021,3021,1516,0,sty+tfidf+bert+perp,4,0,0.1245301954273171,True
3022,3022,1516,1,sty+tfidf+bert+perp,4,1,0.9906600662431028,True
3023,3023,1517,0,sty+tfidf+bert+perp,4,0,0.0007473709658614469,True
3024,3024,1517,1,sty+tfidf+bert+perp,4,1,0.9998286251767439,True
3025,3025,1518,0,sty+tfidf+bert+perp,4,0,0.0019590844392759544,True
3026,3026,1518,1,sty+tfidf+bert+perp,4,1,0.9992874456541351,True
3027,3027,1519,0,sty+tfidf+bert+perp,4,0,0.010639290335930078,True
3028,3028,1519,1,sty+tfidf+bert+perp,4,1,0.9984861956956087,True
3029,3029,1520,0,sty+tfidf+bert+perp,4,0,3.8504775675412704e-05,True
3030,3030,1520,1,sty+tfidf+bert+perp,4,1,0.9772840238490924,True
3031,3031,1521,0,sty+tfidf+bert+perp,4,0,0.04017060213920345,True
3032,3032,1521,1,sty+tfidf+bert+perp,4,1,0.9998262895560298,True
3033,3033,1522,0,sty+tfidf+bert+perp,4,1,0.587606072267194,False
3034,3034,1522,1,sty+tfidf+bert+perp,4,1,0.9994085007870895,True
3035,3035,1523,0,sty+tfidf+bert+perp,4,0,0.0003912211229730263,True
3036,3036,1523,1,sty+tfidf+bert+perp,4,1,0.9947158867545944,True
3037,3037,1524,0,sty+tfidf+bert+perp,4,0,0.0010640235924347728,True
3038,3038,1524,1,sty+tfidf+bert+perp,4,1,0.9013602180941418,True
3039,3039,1525,0,sty+tfidf+bert+perp,4,0,0.00028633810955459404,True
3040,3040,1525,1,sty+tfidf+bert+perp,4,1,0.9692847875988606,True
3041,3041,1526,0,sty+tfidf+bert+perp,4,0,0.017007109680505325,True
3042,3042,1526,1,sty+tfidf+bert+perp,4,1,0.962632581462306,True
3043,3043,1527,0,sty+tfidf+bert+perp,4,0,0.0011692913577291547,True
3044,3044,1527,1,sty+tfidf+bert+perp,4,1,0.9997788605949073,True
3045,3045,1528,0,sty+tfidf+bert+perp,4,0,0.002296343878490573,True
3046,3046,1528,1,sty+tfidf+bert+perp,4,1,0.9986852105398363,True
3047,3047,1529,0,sty+tfidf+bert+perp,4,0,0.3734963862152704,True
3048,3048,1529,1,sty+tfidf+bert+perp,4,1,0.9997572891380213,True
3049,3049,1530,0,sty+tfidf+bert+perp,4,0,0.0008855928205266929,True
3050,3050,1530,1,sty+tfidf+bert+perp,4,1,0.8643499948320459,True
3051,3051,1531,0,sty+tfidf+bert+perp,4,0,0.000760404899264051,True
3052,3052,1531,1,sty+tfidf+bert+perp,4,1,0.9721043800183203,True
3053,3053,1532,0,sty+tfidf+bert+perp,4,0,0.0007439414695185224,True
3054,3054,1532,1,sty+tfidf+bert+perp,4,1,0.9873311208128132,True
3055,3055,1533,0,sty+tfidf+bert+perp,4,0,0.009788420048013564,True
3056,3056,1533,1,sty+tfidf+bert+perp,4,1,0.9997078359296199,True
3057,3057,1534,0,sty+tfidf+bert+perp,4,0,0.0005283203807668784,True
3058,3058,1534,1,sty+tfidf+bert+perp,4,1,0.9997160436904732,True
3059,3059,1535,0,sty+tfidf+bert+perp,4,0,0.0015157670691877815,True
3060,3060,1535,1,sty+tfidf+bert+perp,4,1,0.9996166678784171,True
3061,3061,1536,0,sty+tfidf+bert+perp,4,0,0.02185240244798804,True
3062,3062,1536,1,sty+tfidf+bert+perp,4,1,0.9992279203593347,True
3063,3063,1537,0,sty+tfidf+bert+perp,4,0,0.1733524129766507,True
3064,3064,1537,1,sty+tfidf+bert+perp,4,1,0.8728568539819229,True
3065,3065,1538,0,sty+tfidf+bert+perp,4,0,0.0009905792824295768,True
3066,3066,1538,1,sty+tfidf+bert+perp,4,1,0.9996354087150746,True
3067,3067,1539,0,sty+tfidf+bert+perp,4,0,0.00621011493242307,True
3068,3068,1539,1,sty+tfidf+bert+perp,4,1,0.9969946939024471,True
3069,3069,1540,0,sty+tfidf+bert+perp,4,0,0.019777156839552487,True
3070,3070,1540,1,sty+tfidf+bert+perp,4,1,0.999680656089106,True
3071,3071,1541,0,sty+tfidf+bert+perp,4,0,0.00040156874458803797,True
3072,3072,1541,1,sty+tfidf+bert+perp,4,1,0.999229213207288,True
3073,3073,1542,0,sty+tfidf+bert+perp,4,0,0.024403632993678034,True
3074,3074,1542,1,sty+tfidf+bert+perp,4,1,0.9958980679391319,True
3075,3075,1543,0,sty+tfidf+bert+perp,4,0,0.0036912484729470776,True
3076,3076,1543,1,sty+tfidf+bert+perp,4,1,0.9997670785644264,True
3077,3077,1544,0,sty+tfidf+bert+perp,4,0,0.0013211980270675249,True
3078,3078,1544,1,sty+tfidf+bert+perp,4,1,0.9968587632097377,True
3079,3079,1545,0,sty+tfidf+bert+perp,4,0,0.0024238390611771667,True
3080,3080,1545,1,sty+tfidf+bert+perp,4,1,0.9998026447718963,True
3081,3081,1546,0,sty+tfidf+bert+perp,4,0,0.002392287444508235,True
3082,3082,1546,1,sty+tfidf+bert+perp,4,1,0.9924233008600212,True
3083,3083,1547,0,sty+tfidf+bert+perp,4,0,0.0001934097956584189,True
3084,3084,1547,1,sty+tfidf+bert+perp,4,1,0.999901102202774,True
3085,3085,1548,0,sty+tfidf+bert+perp,4,0,2.9715335060944084e-05,True
3086,3086,1548,1,sty+tfidf+bert+perp,4,1,0.7984917163475321,True
3087,3087,1549,0,sty+tfidf+bert+perp,4,0,0.1692606303767028,True
3088,3088,1549,1,sty+tfidf+bert+perp,4,1,0.9989356975197116,True
3089,3089,1550,0,sty+tfidf+bert+perp,4,0,0.00021575552013295397,True
3090,3090,1550,1,sty+tfidf+bert+perp,4,1,0.751388622071366,True
3091,3091,1551,0,sty+tfidf+bert+perp,4,0,4.132530948375935e-05,True
3092,3092,1551,1,sty+tfidf+bert+perp,4,1,0.9988467550997243,True
3093,3093,1552,0,sty+tfidf+bert+perp,4,0,0.00046650012187300015,True
3094,3094,1552,1,sty+tfidf+bert+perp,4,1,0.9999127511074991,True
3095,3095,1553,0,sty+tfidf+bert+perp,4,0,0.0005568186685840825,True
3096,3096,1553,1,sty+tfidf+bert+perp,4,1,0.9594564887576295,True
3097,3097,1554,0,sty+tfidf+bert+perp,4,0,0.020193977449309987,True
3098,3098,1554,1,sty+tfidf+bert+perp,4,1,0.9997194331699991,True
3099,3099,1555,0,sty+tfidf+bert+perp,4,0,0.0010407531846885019,True
3100,3100,1555,1,sty+tfidf+bert+perp,4,1,0.9959777507095618,True
3101,3101,1556,0,sty+tfidf+bert+perp,4,0,0.0010966406532324923,True
3102,3102,1556,1,sty+tfidf+bert+perp,4,1,0.9997461742830352,True
3103,3103,1557,0,sty+tfidf+bert+perp,4,0,0.007031693625026992,True
3104,3104,1557,1,sty+tfidf+bert+perp,4,1,0.9978127953612227,True
3105,3105,1558,0,sty+tfidf+bert+perp,4,0,0.00012204024399352031,True
3106,3106,1558,1,sty+tfidf+bert+perp,4,1,0.9876823970126211,True
3107,3107,1559,0,sty+tfidf+bert+perp,4,0,0.030801619835719777,True
3108,3108,1559,1,sty+tfidf+bert+perp,4,1,0.9996054015735047,True
3109,3109,1560,0,sty+tfidf+bert+perp,4,0,0.010993512423768082,True
3110,3110,1560,1,sty+tfidf+bert+perp,4,1,0.999147054626289,True
3111,3111,1561,0,sty+tfidf+bert+perp,4,0,0.025613023718821275,True
3112,3112,1561,1,sty+tfidf+bert+perp,4,1,0.9611194586132822,True
3113,3113,1562,0,sty+tfidf+bert+perp,4,0,0.007265932809975869,True
3114,3114,1562,1,sty+tfidf+bert+perp,4,1,0.9945799035698536,True
3115,3115,1563,0,sty+tfidf+bert+perp,4,0,0.00019592141937854437,True
3116,3116,1563,1,sty+tfidf+bert+perp,4,1,0.9996395192380229,True
3117,3117,1564,0,sty+tfidf+bert+perp,4,0,0.029006834244988,True
3118,3118,1564,1,sty+tfidf+bert+perp,4,1,0.9996097541035285,True
3119,3119,1565,0,sty+tfidf+bert+perp,4,0,0.44395207494882033,True
3120,3120,1565,1,sty+tfidf+bert+perp,4,1,0.9977257058762965,True
3121,3121,1566,0,sty+tfidf+bert+perp,4,0,0.0013654390037284498,True
3122,3122,1566,1,sty+tfidf+bert+perp,4,1,0.9941707997190371,True
3123,3123,1567,0,sty+tfidf+bert+perp,4,0,0.0007027778139168457,True
3124,3124,1567,1,sty+tfidf+bert+perp,4,1,0.9998954604881962,True
3125,3125,1568,0,sty+tfidf+bert+perp,4,0,0.10279117550407081,True
3126,3126,1568,1,sty+tfidf+bert+perp,4,1,0.9998048591258969,True
3127,3127,1569,0,sty+tfidf+bert+perp,4,0,9.796710851803339e-05,True
3128,3128,1569,1,sty+tfidf+bert+perp,4,1,0.9986398419899789,True
3129,3129,1570,0,sty+tfidf+bert+perp,4,0,0.00014941043601262736,True
3130,3130,1570,1,sty+tfidf+bert+perp,4,1,0.9995993159224864,True
3131,3131,1571,0,sty+tfidf+bert+perp,4,0,0.0034956910220078617,True
3132,3132,1571,1,sty+tfidf+bert+perp,4,1,0.9991711342950149,True
3133,3133,1572,0,sty+tfidf+bert+perp,4,1,0.9414016660271968,False
3134,3134,1572,1,sty+tfidf+bert+perp,4,1,0.9755875977024386,True
3135,3135,1573,0,sty+tfidf+bert+perp,4,0,0.000197997005806846,True
3136,3136,1573,1,sty+tfidf+bert+perp,4,0,0.23276459465692584,False
3137,3137,1574,0,sty+tfidf+bert+perp,4,0,0.005501178062225503,True
3138,3138,1574,1,sty+tfidf+bert+perp,4,1,0.9998933105955218,True
3139,3139,1575,0,sty+tfidf+bert+perp,4,0,0.006752801813294862,True
3140,3140,1575,1,sty+tfidf+bert+perp,4,1,0.9784103063977334,True
3141,3141,1576,0,sty+tfidf+bert+perp,4,0,0.0005357621822972111,True
3142,3142,1576,1,sty+tfidf+bert+perp,4,1,0.9998062580825674,True
3143,3143,1577,0,sty+tfidf+bert+perp,4,0,0.002598149488751945,True
3144,3144,1577,1,sty+tfidf+bert+perp,4,1,0.9968534905101061,True
3145,3145,1578,0,sty+tfidf+bert+perp,4,0,0.002917465078693012,True
3146,3146,1578,1,sty+tfidf+bert+perp,4,1,0.9997845357329872,True
3147,3147,1579,0,sty+tfidf+bert+perp,4,0,0.0013265742804791085,True
3148,3148,1579,1,sty+tfidf+bert+perp,4,1,0.9972341533257206,True
3149,3149,1580,0,sty+tfidf+bert+perp,4,0,0.0015324176536141555,True
3150,3150,1580,1,sty+tfidf+bert+perp,4,1,0.9969907271783653,True
3151,3151,1581,0,sty+tfidf+bert+perp,4,0,0.0171094453923534,True
3152,3152,1581,1,sty+tfidf+bert+perp,4,1,0.999572434319847,True
3153,3153,1582,0,sty+tfidf+bert+perp,4,0,0.00915722188939981,True
3154,3154,1582,1,sty+tfidf+bert+perp,4,1,0.999350992946092,True
3155,3155,1583,0,sty+tfidf+bert+perp,4,0,0.18964795816702182,True
3156,3156,1583,1,sty+tfidf+bert+perp,4,1,0.9994197373483057,True
3157,3157,1584,0,sty+tfidf+bert+perp,4,0,0.3279784126948674,True
3158,3158,1584,1,sty+tfidf+bert+perp,4,1,0.999913269166394,True
3159,3159,1585,0,sty+tfidf+bert+perp,4,0,0.19307801844104627,True
3160,3160,1585,1,sty+tfidf+bert+perp,4,1,0.9979330629915976,True
3161,3161,1586,0,sty+tfidf+bert+perp,4,0,0.05459441017643013,True
3162,3162,1586,1,sty+tfidf+bert+perp,4,1,0.9996657118265995,True
3163,3163,1587,0,sty+tfidf+bert+perp,4,0,0.024293783781827085,True
3164,3164,1587,1,sty+tfidf+bert+perp,4,1,0.9999122137391515,True
3165,3165,1588,0,sty+tfidf+bert+perp,4,0,0.0022251836733364586,True
3166,3166,1588,1,sty+tfidf+bert+perp,4,1,0.99860235355138,True
3167,3167,1589,0,sty+tfidf+bert+perp,4,0,0.0005386558146057403,True
3168,3168,1589,1,sty+tfidf+bert+perp,4,1,0.9999072187446613,True
3169,3169,1590,0,sty+tfidf+bert+perp,4,0,0.07952379603176585,True
3170,3170,1590,1,sty+tfidf+bert+perp,4,1,0.9994192286260197,True
3171,3171,1591,0,sty+tfidf+bert+perp,4,0,0.0006071574653342902,True
3172,3172,1591,1,sty+tfidf+bert+perp,4,1,0.9888119804859764,True
3173,3173,1592,0,sty+tfidf+bert+perp,4,0,0.00018359655351262395,True
3174,3174,1592,1,sty+tfidf+bert+perp,4,1,0.9965850745740248,True
3175,3175,1593,0,sty+tfidf+bert+perp,4,0,0.0010647747613879467,True
3176,3176,1593,1,sty+tfidf+bert+perp,4,1,0.9956464508011267,True
3177,3177,1594,0,sty+tfidf+bert+perp,4,0,0.000287324168324449,True
3178,3178,1594,1,sty+tfidf+bert+perp,4,1,0.9998034549731722,True
3179,3179,1595,0,sty+tfidf+bert+perp,4,0,0.0015904211967052659,True
3180,3180,1595,1,sty+tfidf+bert+perp,4,0,0.21559612034790168,False
3181,3181,1596,0,sty+tfidf+bert+perp,4,0,0.0003330992100965231,True
3182,3182,1596,1,sty+tfidf+bert+perp,4,1,0.9998104895566228,True
3183,3183,1597,0,sty+tfidf+bert+perp,4,0,1.9100192634916106e-05,True
3184,3184,1597,1,sty+tfidf+bert+perp,4,1,0.9957608643677853,True
3185,3185,1598,0,sty+tfidf+bert+perp,4,0,0.00036527831797026006,True
3186,3186,1598,1,sty+tfidf+bert+perp,4,1,0.9998966004168358,True
3187,3187,1599,0,sty+tfidf+bert+perp,4,0,0.004383931690648362,True
3188,3188,1599,1,sty+tfidf+bert+perp,4,1,0.8993124986683037,True
3189,3189,1600,0,sty+tfidf+bert+perp,4,0,0.022260596432682474,True
3190,3190,1600,1,sty+tfidf+bert+perp,4,1,0.9964227073623458,True
3191,3191,1601,0,sty+tfidf+bert+perp,4,0,0.0026854112586240375,True
3192,3192,1601,1,sty+tfidf+bert+perp,4,1,0.9968261415007638,True
3193,3193,1602,0,sty+tfidf+bert+perp,4,0,0.0017876077413282007,True
3194,3194,1602,1,sty+tfidf+bert+perp,4,1,0.999812605225087,True
3195,3195,1603,0,sty+tfidf+bert+perp,4,0,0.00015072843495082127,True
3196,3196,1603,1,sty+tfidf+bert+perp,4,1,0.9995892182180629,True
3197,3197,1604,0,sty+tfidf+bert+perp,4,0,0.02762558112417385,True
3198,3198,1604,1,sty+tfidf+bert+perp,4,1,0.9979828081387108,True
3199,3199,1605,0,sty+tfidf+bert+perp,4,0,0.0005752939602991831,True
3200,3200,1605,1,sty+tfidf+bert+perp,4,1,0.9840655109483369,True
3201,3201,1606,0,sty+tfidf+bert+perp,4,0,0.00029484562816504343,True
3202,3202,1606,1,sty+tfidf+bert+perp,4,1,0.9831092944036826,True
3203,3203,1607,0,sty+tfidf+bert+perp,4,0,0.00825257910998204,True
3204,3204,1607,1,sty+tfidf+bert+perp,4,1,0.9998833332336214,True
3205,3205,1608,0,sty+tfidf+bert+perp,4,0,0.0023712103858059353,True
3206,3206,1608,1,sty+tfidf+bert+perp,4,1,0.9999672105214553,True
3207,3207,1609,0,sty+tfidf+bert+perp,4,0,0.0077471605329645825,True
3208,3208,1609,1,sty+tfidf+bert+perp,4,1,0.6430286413769317,True
3209,3209,1610,0,sty+tfidf+bert+perp,4,0,0.0006917094537596765,True
3210,3210,1610,1,sty+tfidf+bert+perp,4,1,0.9992912886498092,True
3211,3211,1611,0,sty+tfidf+bert+perp,4,0,0.0026573876493509005,True
3212,3212,1611,1,sty+tfidf+bert+perp,4,1,0.9985399714427692,True
3213,3213,1612,1,sty+tfidf+bert+perp,4,1,0.9990227265726526,True
3214,3214,1613,0,sty+tfidf+bert+perp,4,0,0.00761928212901589,True
3215,3215,1613,1,sty+tfidf+bert+perp,4,1,0.9993780345936275,True
3216,3216,1614,0,sty+tfidf+bert+perp,4,0,0.012587949787994143,True
3217,3217,1614,1,sty+tfidf+bert+perp,4,1,0.9916927216812802,True
3218,3218,1615,0,sty+tfidf+bert+perp,4,0,0.003112301597183249,True
3219,3219,1615,1,sty+tfidf+bert+perp,4,1,0.7761301522367365,True
3220,3220,1616,0,sty+tfidf+bert+perp,4,0,0.0037785082364111874,True
3221,3221,1616,1,sty+tfidf+bert+perp,4,1,0.9995195317142085,True
3222,3222,1617,0,sty+tfidf+bert+perp,4,0,0.00016276024843674507,True
3223,3223,1617,1,sty+tfidf+bert+perp,4,1,0.9926103896637033,True
3224,3224,1618,0,sty+tfidf+bert+perp,4,0,0.002199073400853967,True
3225,3225,1618,1,sty+tfidf+bert+perp,4,1,0.9977142758224916,True
3226,3226,1619,0,sty+tfidf+bert+perp,4,0,0.0004851854745768212,True
3227,3227,1619,1,sty+tfidf+bert+perp,4,1,0.9996577658765514,True
3228,3228,1620,0,sty+tfidf+bert+perp,4,0,0.009176122864194529,True
3229,3229,1620,1,sty+tfidf+bert+perp,4,1,0.99947048369013,True
3230,3230,1621,0,sty+tfidf+bert+perp,4,0,0.002597525598434223,True
3231,3231,1621,1,sty+tfidf+bert+perp,4,1,0.9992886080399515,True
3232,3232,1622,0,sty+tfidf+bert+perp,4,0,0.0018999341714916848,True
3233,3233,1622,1,sty+tfidf+bert+perp,4,1,0.9998855467923954,True
3234,3234,1623,0,sty+tfidf+bert+perp,4,0,0.00015196792141739665,True
3235,3235,1623,1,sty+tfidf+bert+perp,4,1,0.9992600307207471,True
3236,3236,1624,0,sty+tfidf+bert+perp,4,0,0.015435604166254387,True
3237,3237,1624,1,sty+tfidf+bert+perp,4,1,0.996114603928317,True
3238,3238,1625,0,sty+tfidf+bert+perp,4,0,0.0011520970981771994,True
3239,3239,1625,1,sty+tfidf+bert+perp,4,1,0.9998527172160848,True
3240,3240,1626,0,sty+tfidf+bert+perp,4,0,0.0007096759873133599,True
3241,3241,1626,1,sty+tfidf+bert+perp,4,1,0.9982151544044926,True
3242,3242,1627,0,sty+tfidf+bert+perp,4,0,0.0794965188387067,True
3243,3243,1627,1,sty+tfidf+bert+perp,4,1,0.9880454275471893,True
3244,3244,1628,0,sty+tfidf+bert+perp,4,0,0.0003727155264451422,True
3245,3245,1628,1,sty+tfidf+bert+perp,4,0,0.4477397535731741,False
3246,3246,1629,0,sty+tfidf+bert+perp,4,0,0.0036616076876945297,True
3247,3247,1629,1,sty+tfidf+bert+perp,4,1,0.992372045506209,True
3248,3248,1630,0,sty+tfidf+bert+perp,4,0,0.12754353707114321,True
3249,3249,1630,1,sty+tfidf+bert+perp,4,1,0.9996613129395323,True
3250,3250,1631,0,sty+tfidf+bert+perp,4,0,0.0043050324882194365,True
3251,3251,1631,1,sty+tfidf+bert+perp,4,1,0.999525713403324,True
3252,3252,1632,0,sty+tfidf+bert+perp,4,0,0.05009399168432741,True
3253,3253,1632,1,sty+tfidf+bert+perp,4,1,0.9989894701235272,True
3254,3254,1633,0,sty+tfidf+bert+perp,4,0,0.0011870677776890859,True
3255,3255,1633,1,sty+tfidf+bert+perp,4,1,0.9999096236113724,True
3256,3256,1634,0,sty+tfidf+bert+perp,4,0,0.0004910666940763309,True
3257,3257,1634,1,sty+tfidf+bert+perp,4,0,0.03491342819200859,False
3258,3258,1635,0,sty+tfidf+bert+perp,4,0,0.0004976117158225025,True
3259,3259,1635,1,sty+tfidf+bert+perp,4,1,0.9993548887543707,True
3260,3260,1636,0,sty+tfidf+bert+perp,4,0,0.012921449676695172,True
3261,3261,1636,1,sty+tfidf+bert+perp,4,1,0.9999405523161017,True
3262,3262,1637,0,sty+tfidf+bert+perp,4,0,0.08611324039802158,True
3263,3263,1637,1,sty+tfidf+bert+perp,4,1,0.9998725995788453,True
3264,3264,1638,0,sty+tfidf+bert+perp,4,0,7.394807633216154e-05,True
3265,3265,1638,1,sty+tfidf+bert+perp,4,1,0.9997760668050555,True
3266,3266,1639,0,sty+tfidf+bert+perp,4,0,0.000336723572975842,True
3267,3267,1639,1,sty+tfidf+bert+perp,4,1,0.9984337363670682,True
3268,3268,1640,0,sty+tfidf+bert+perp,4,0,4.174105851437329e-05,True
3269,3269,1640,1,sty+tfidf+bert+perp,4,1,0.9796325817772317,True
3270,3270,1641,0,sty+tfidf+bert+perp,4,0,0.0007641350465608479,True
3271,3271,1641,1,sty+tfidf+bert+perp,4,1,0.9581901430578809,True
3272,3272,1642,0,sty+tfidf+bert+perp,4,0,0.00011641218924062077,True
3273,3273,1642,1,sty+tfidf+bert+perp,4,1,0.9940978241385624,True
3274,3274,1643,0,sty+tfidf+bert+perp,4,0,0.00019894495451759742,True
3275,3275,1643,1,sty+tfidf+bert+perp,4,1,0.9998260104642863,True
3276,3276,1644,0,sty+tfidf+bert+perp,4,0,0.0034443047719198584,True
3277,3277,1644,1,sty+tfidf+bert+perp,4,1,0.9997409252019152,True
3278,3278,1645,0,sty+tfidf+bert+perp,4,1,0.8809107868316317,False
3279,3279,1645,1,sty+tfidf+bert+perp,4,1,0.9880884636622392,True
3280,3280,1646,0,sty+tfidf+bert+perp,4,0,0.01390527146351032,True
3281,3281,1646,1,sty+tfidf+bert+perp,4,1,0.9998468261340537,True
3282,3282,1647,0,sty+tfidf+bert+perp,4,0,0.008354010607866351,True
3283,3283,1647,1,sty+tfidf+bert+perp,4,1,0.9993215014392346,True
3284,3284,1648,0,sty+tfidf+bert+perp,4,0,4.692552303242051e-05,True
3285,3285,1648,1,sty+tfidf+bert+perp,4,1,0.9998788963417226,True
3286,3286,1649,0,sty+tfidf+bert+perp,4,0,0.0006093624490536315,True
3287,3287,1649,1,sty+tfidf+bert+perp,4,1,0.9974075563578197,True
3288,3288,1650,0,sty+tfidf+bert+perp,4,0,0.0016533168936023817,True
3289,3289,1650,1,sty+tfidf+bert+perp,4,1,0.8317424236369688,True
3290,3290,1651,0,sty+tfidf+bert+perp,4,0,0.0009358183066037816,True
3291,3291,1651,1,sty+tfidf+bert+perp,4,1,0.9999286414790151,True
3292,3292,1652,0,sty+tfidf+bert+perp,4,0,0.00012402468241845977,True
3293,3293,1652,1,sty+tfidf+bert+perp,4,1,0.992548390477846,True
3294,3294,1653,0,sty+tfidf+bert+perp,4,0,0.003545383570833553,True
3295,3295,1653,1,sty+tfidf+bert+perp,4,1,0.9996831763931817,True
3296,3296,1654,0,sty+tfidf+bert+perp,4,0,7.91513122806571e-05,True
3297,3297,1654,1,sty+tfidf+bert+perp,4,1,0.9458725042764708,True
3298,3298,1655,0,sty+tfidf+bert+perp,4,0,0.00025483959975334196,True
3299,3299,1655,1,sty+tfidf+bert+perp,4,1,0.9994685408514044,True
3300,3300,1656,0,sty+tfidf+bert+perp,4,0,0.0005830789965996351,True
3301,3301,1656,1,sty+tfidf+bert+perp,4,1,0.9160859269476148,True
3302,3302,1657,0,sty+tfidf+bert+perp,4,0,0.0032036808186898373,True
3303,3303,1657,1,sty+tfidf+bert+perp,4,1,0.9997855274553994,True
3304,3304,1658,0,sty+tfidf+bert+perp,4,0,0.208302282247891,True
3305,3305,1658,1,sty+tfidf+bert+perp,4,1,0.9990590797926864,True
3306,3306,1659,0,sty+tfidf+bert+perp,4,0,0.0013805214368068674,True
3307,3307,1659,1,sty+tfidf+bert+perp,4,1,0.9997113514272523,True
3308,3308,1660,0,sty+tfidf+bert+perp,4,0,0.005826308682320129,True
3309,3309,1660,1,sty+tfidf+bert+perp,4,1,0.9998853313637022,True
3310,3310,1661,0,sty+tfidf+bert+perp,4,0,0.00020244270891878172,True
3311,3311,1661,1,sty+tfidf+bert+perp,4,1,0.9987971139809717,True
3312,3312,1662,0,sty+tfidf+bert+perp,4,0,0.04503721738393054,True
3313,3313,1662,1,sty+tfidf+bert+perp,4,1,0.9994377889727817,True
3314,3314,1663,0,sty+tfidf+bert+perp,4,0,0.00023995361295765948,True
3315,3315,1663,1,sty+tfidf+bert+perp,4,1,0.9999057194343997,True
3316,3316,1664,0,sty+tfidf+bert+perp,4,0,0.014310019485693286,True
3317,3317,1664,1,sty+tfidf+bert+perp,4,1,0.9939492762379188,True
3318,3318,1665,0,sty+tfidf+bert+perp,4,0,0.010063157958741168,True
3319,3319,1665,1,sty+tfidf+bert+perp,4,1,0.9995846233438126,True
3320,3320,1666,0,sty+tfidf+bert+perp,4,0,0.0004704367383931164,True
3321,3321,1666,1,sty+tfidf+bert+perp,4,1,0.9835156227612072,True
3322,3322,1667,0,sty+tfidf+bert+perp,4,0,0.3099954417416113,True
3323,3323,1667,1,sty+tfidf+bert+perp,4,1,0.9509772226088501,True
3324,3324,1668,0,sty+tfidf+bert+perp,4,0,0.004453342907461176,True
3325,3325,1668,1,sty+tfidf+bert+perp,4,1,0.9978157404371103,True
3326,3326,1669,0,sty+tfidf+bert+perp,4,0,0.005658869456262564,True
3327,3327,1669,1,sty+tfidf+bert+perp,4,1,0.9993922409456305,True
3328,3328,1670,0,sty+tfidf+bert+perp,4,0,0.0007555825504560662,True
3329,3329,1670,1,sty+tfidf+bert+perp,4,1,0.9932608387579013,True
3330,3330,1671,0,sty+tfidf+bert+perp,4,0,0.003268073589876089,True
3331,3331,1671,1,sty+tfidf+bert+perp,4,1,0.999465317908486,True
3332,3332,1672,0,sty+tfidf+bert+perp,4,0,4.0873492100873885e-05,True
3333,3333,1672,1,sty+tfidf+bert+perp,4,1,0.9996338883116632,True
3334,3334,1673,0,sty+tfidf+bert+perp,4,0,0.006668790560404969,True
3335,3335,1673,1,sty+tfidf+bert+perp,4,1,0.9900917690316924,True
3336,3336,1674,0,sty+tfidf+bert+perp,4,0,0.002889897769246084,True
3337,3337,1674,1,sty+tfidf+bert+perp,4,1,0.9997796278812177,True
3338,3338,1675,0,sty+tfidf+bert+perp,4,0,0.0007638985009850854,True
3339,3339,1675,1,sty+tfidf+bert+perp,4,1,0.9982141746452415,True
3340,3340,1676,0,sty+tfidf+bert+perp,4,0,0.011595750614167136,True
3341,3341,1676,1,sty+tfidf+bert+perp,4,1,0.9481541053920645,True
3342,3342,1677,0,sty+tfidf+bert+perp,4,0,0.013004540011947063,True
3343,3343,1677,1,sty+tfidf+bert+perp,4,1,0.986343951841649,True
3344,3344,1678,0,sty+tfidf+bert+perp,4,0,0.00024260075088159948,True
3345,3345,1678,1,sty+tfidf+bert+perp,4,1,0.9990277504138294,True
3346,3346,1679,0,sty+tfidf+bert+perp,4,0,0.0005688903777991787,True
3347,3347,1679,1,sty+tfidf+bert+perp,4,1,0.9998471533672122,True
3348,3348,1680,0,sty+tfidf+bert+perp,4,0,0.0009075388182607509,True
3349,3349,1680,1,sty+tfidf+bert+perp,4,1,0.9998187051955101,True
3350,3350,1681,0,sty+tfidf+bert+perp,4,0,0.15473108615690037,True
3351,3351,1681,1,sty+tfidf+bert+perp,4,0,0.3477562435269922,False
3352,3352,1682,0,sty+tfidf+bert+perp,4,0,0.0003930641436088269,True
3353,3353,1682,1,sty+tfidf+bert+perp,4,1,0.9992433713636055,True
3354,3354,1683,0,sty+tfidf+bert+perp,4,0,0.001335039620158265,True
3355,3355,1683,1,sty+tfidf+bert+perp,4,1,0.9696343795626036,True
3356,3356,1684,0,sty+tfidf+bert+perp,4,0,0.008010547339434095,True
3357,3357,1684,1,sty+tfidf+bert+perp,4,1,0.9998364351197014,True
3358,3358,1685,0,sty+tfidf+bert+perp,4,0,0.002824001223572166,True
3359,3359,1685,1,sty+tfidf+bert+perp,4,1,0.9672488041483361,True
3360,3360,1686,1,sty+tfidf+bert+perp,4,1,0.9865018601437496,True
3361,3361,1687,0,sty+tfidf+bert+perp,4,0,0.03364443813996595,True
3362,3362,1687,1,sty+tfidf+bert+perp,4,1,0.9971703537224079,True
3363,3363,1688,0,sty+tfidf+bert+perp,4,0,0.12365067257957275,True
3364,3364,1688,1,sty+tfidf+bert+perp,4,1,0.9941500496442071,True
3365,3365,1689,0,sty+tfidf+bert+perp,4,0,0.009778196872919337,True
3366,3366,1689,1,sty+tfidf+bert+perp,4,1,0.9996910560884185,True
3367,3367,1690,0,sty+tfidf+bert+perp,4,0,0.004095605791333376,True
3368,3368,1690,1,sty+tfidf+bert+perp,4,1,0.997655577691602,True
3369,3369,1691,0,sty+tfidf+bert+perp,4,0,0.008337205880567878,True
3370,3370,1691,1,sty+tfidf+bert+perp,4,1,0.9994377471121265,True
3371,3371,1692,0,sty+tfidf+bert+perp,4,0,0.00028227352479037374,True
3372,3372,1692,1,sty+tfidf+bert+perp,4,1,0.8971151266131225,True
3373,3373,1693,0,sty+tfidf+bert+perp,4,0,0.0022635093616356896,True
3374,3374,1693,1,sty+tfidf+bert+perp,4,1,0.9973191826649721,True
3375,3375,1694,0,sty+tfidf+bert+perp,4,0,0.0042204824234122855,True
3376,3376,1694,1,sty+tfidf+bert+perp,4,1,0.9997185654381988,True
3377,3377,1695,0,sty+tfidf+bert+perp,4,0,0.05628966088736004,True
3378,3378,1695,1,sty+tfidf+bert+perp,4,1,0.999867689322876,True
3379,3379,1696,0,sty+tfidf+bert+perp,4,0,0.0005698581832655053,True
3380,3380,1696,1,sty+tfidf+bert+perp,4,1,0.998547164298175,True
3381,3381,1697,0,sty+tfidf+bert+perp,4,0,0.0016020133621597258,True
3382,3382,1697,1,sty+tfidf+bert+perp,4,1,0.9998364585495221,True
3383,3383,1698,0,sty+tfidf+bert+perp,4,0,0.011368326180656033,True
3384,3384,1698,1,sty+tfidf+bert+perp,4,1,0.9994367071046292,True
3385,3385,1699,0,sty+tfidf+bert+perp,4,0,0.006198909060049555,True
3386,3386,1699,1,sty+tfidf+bert+perp,4,1,0.9949827256841094,True
3387,3387,1700,0,sty+tfidf+bert+perp,4,0,0.0003191987334325229,True
3388,3388,1700,1,sty+tfidf+bert+perp,4,1,0.9994609909190644,True
3389,3389,1701,0,sty+tfidf+bert+perp,4,0,0.001181714591309914,True
3390,3390,1701,1,sty+tfidf+bert+perp,4,1,0.9743719236243986,True
3391,3391,1702,0,sty+tfidf+bert+perp,4,0,0.004752764774606785,True
3392,3392,1702,1,sty+tfidf+bert+perp,4,1,0.9987451881276772,True
3393,3393,1703,0,sty+tfidf+bert+perp,4,0,0.0315119400729415,True
3394,3394,1703,1,sty+tfidf+bert+perp,4,1,0.9885687921006475,True
3395,3395,1704,0,sty+tfidf+bert+perp,4,0,0.0006625046522359598,True
3396,3396,1704,1,sty+tfidf+bert+perp,4,1,0.9998684109594216,True
3397,3397,1705,0,sty+tfidf+bert+perp,4,0,0.019948512216034213,True
3398,3398,1705,1,sty+tfidf+bert+perp,4,0,0.36182151718145933,False
3399,3399,1706,0,sty+tfidf+bert+perp,4,0,0.0012618476433810975,True
3400,3400,1706,1,sty+tfidf+bert+perp,4,1,0.9998440766205999,True
3401,3401,1707,0,sty+tfidf+bert+perp,4,0,0.13115409397254368,True
3402,3402,1707,1,sty+tfidf+bert+perp,4,1,0.9999456742589782,True
3403,3403,1708,0,sty+tfidf+bert+perp,4,0,0.0926074136007351,True
3404,3404,1708,1,sty+tfidf+bert+perp,4,1,0.9983176391669702,True
3405,3405,1709,0,sty+tfidf+bert+perp,4,0,0.005387408100826994,True
3406,3406,1709,1,sty+tfidf+bert+perp,4,1,0.8239757515292782,True
3407,3407,1710,0,sty+tfidf+bert+perp,4,0,0.0003999860949809835,True
3408,3408,1710,1,sty+tfidf+bert+perp,4,1,0.849346404238637,True
3409,3409,1711,0,sty+tfidf+bert+perp,4,0,0.0002997499109427211,True
3410,3410,1711,1,sty+tfidf+bert+perp,4,1,0.9995941181840752,True
3411,3411,1712,0,sty+tfidf+bert+perp,4,0,0.020066143717782797,True
3412,3412,1712,1,sty+tfidf+bert+perp,4,1,0.9995288275135654,True
3413,3413,1713,0,sty+tfidf+bert+perp,4,0,0.0004210575085869481,True
3414,3414,1713,1,sty+tfidf+bert+perp,4,1,0.9998295914648819,True
3415,3415,1714,0,sty+tfidf+bert+perp,4,0,0.03381439095212949,True
3416,3416,1714,1,sty+tfidf+bert+perp,4,1,0.9961064542657112,True
3417,3417,1715,0,sty+tfidf+bert+perp,4,0,0.006273962594519312,True
3418,3418,1715,1,sty+tfidf+bert+perp,4,1,0.9993322780929613,True
3419,3419,1716,0,sty+tfidf+bert+perp,4,0,0.00022958257382717475,True
3420,3420,1716,1,sty+tfidf+bert+perp,4,1,0.9985431143903168,True
3421,3421,1717,0,sty+tfidf+bert+perp,4,0,9.772840059873756e-05,True
3422,3422,1717,1,sty+tfidf+bert+perp,4,1,0.8965411259812213,True
3423,3423,1718,0,sty+tfidf+bert+perp,4,0,0.0012197417205191165,True
3424,3424,1718,1,sty+tfidf+bert+perp,4,1,0.9996088509370898,True
3425,3425,1719,0,sty+tfidf+bert+perp,4,0,0.02912183467753665,True
3426,3426,1719,1,sty+tfidf+bert+perp,4,1,0.9998136140338947,True
3427,3427,1720,0,sty+tfidf+bert+perp,4,0,0.010568497337416426,True
3428,3428,1720,1,sty+tfidf+bert+perp,4,1,0.9986649688623609,True
3429,3429,1721,0,sty+tfidf+bert+perp,4,0,0.0320621788515115,True
3430,3430,1721,1,sty+tfidf+bert+perp,4,1,0.9966081106448774,True
3431,3431,1722,0,sty+tfidf+bert+perp,4,0,0.00054517448070458,True
3432,3432,1722,1,sty+tfidf+bert+perp,4,1,0.9873625301804124,True
3433,3433,1723,0,sty+tfidf+bert+perp,4,0,0.0004351939729240644,True
3434,3434,1723,1,sty+tfidf+bert+perp,4,1,0.9998905835937865,True
3435,3435,1724,0,sty+tfidf+bert+perp,4,0,0.01050969168128509,True
3436,3436,1724,1,sty+tfidf+bert+perp,4,1,0.9998529649568455,True
3437,3437,1725,0,sty+tfidf+bert+perp,4,0,0.023507149243334226,True
3438,3438,1725,1,sty+tfidf+bert+perp,4,1,0.9998074937019736,True
3439,3439,1726,0,sty+tfidf+bert+perp,4,0,0.0006746695992333269,True
3440,3440,1726,1,sty+tfidf+bert+perp,4,0,0.07467413604145706,False
3441,3441,1727,0,sty+tfidf+bert+perp,4,0,0.004120563730111706,True
3442,3442,1727,1,sty+tfidf+bert+perp,4,1,0.9997061789238194,True
3443,3443,1728,0,sty+tfidf+bert+perp,4,0,0.0005565833422947839,True
3444,3444,1728,1,sty+tfidf+bert+perp,4,1,0.9964983988947812,True
3445,3445,1729,0,sty+tfidf+bert+perp,4,0,0.0002856968391693119,True
3446,3446,1729,1,sty+tfidf+bert+perp,4,1,0.8240434337060422,True
3447,3447,1730,0,sty+tfidf+bert+perp,4,0,0.0002705369549420258,True
3448,3448,1730,1,sty+tfidf+bert+perp,4,1,0.9983262204997458,True
3449,3449,1731,0,sty+tfidf+bert+perp,4,0,0.002245334301143,True
3450,3450,1731,1,sty+tfidf+bert+perp,4,1,0.9985598686509956,True
3451,3451,1732,0,sty+tfidf+bert+perp,4,0,0.006950031929501867,True
3452,3452,1732,1,sty+tfidf+bert+perp,4,1,0.7129463383927618,True
3453,3453,1733,0,sty+tfidf+bert+perp,4,0,0.0006578729614848248,True
3454,3454,1733,1,sty+tfidf+bert+perp,4,1,0.9998664059604877,True
3455,3455,1734,0,sty+tfidf+bert+perp,4,0,0.000797302376513705,True
3456,3456,1734,1,sty+tfidf+bert+perp,4,1,0.9962992458444587,True
3457,3457,1735,0,sty+tfidf+bert+perp,4,0,3.2570905768279683e-05,True
3458,3458,1735,1,sty+tfidf+bert+perp,4,1,0.8418075369679493,True
3459,3459,1736,0,sty+tfidf+bert+perp,4,0,0.000538091262329439,True
3460,3460,1736,1,sty+tfidf+bert+perp,4,1,0.8107812746603301,True
3461,3461,1737,0,sty+tfidf+bert+perp,4,0,0.00016275961905307319,True
3462,3462,1737,1,sty+tfidf+bert+perp,4,1,0.9880495574503989,True
3463,3463,1738,0,sty+tfidf+bert+perp,4,0,0.06730929711794965,True
3464,3464,1738,1,sty+tfidf+bert+perp,4,1,0.9998568432207099,True
3465,3465,1739,0,sty+tfidf+bert+perp,4,0,0.05318945052133644,True
3466,3466,1739,1,sty+tfidf+bert+perp,4,1,0.9947805228416096,True
3467,3467,1740,0,sty+tfidf+bert+perp,4,0,0.0002129223636956029,True
3468,3468,1740,1,sty+tfidf+bert+perp,4,1,0.9999576882284656,True
3469,3469,1741,0,sty+tfidf+bert+perp,4,0,0.04967575503448661,True
3470,3470,1741,1,sty+tfidf+bert+perp,4,1,0.999757648830223,True
3471,3471,1742,0,sty+tfidf+bert+perp,4,0,9.931766432702098e-05,True
3472,3472,1742,1,sty+tfidf+bert+perp,4,1,0.9952173784718452,True
3473,3473,1743,0,sty+tfidf+bert+perp,4,0,0.002154235958862439,True
3474,3474,1743,1,sty+tfidf+bert+perp,4,1,0.9994828136866721,True
3475,3475,1744,0,sty+tfidf+bert+perp,4,0,0.0007952962980392769,True
3476,3476,1744,1,sty+tfidf+bert+perp,4,1,0.9988663686444204,True
3477,3477,1745,0,sty+tfidf+bert+perp,4,0,7.471664228633269e-05,True
3478,3478,1745,1,sty+tfidf+bert+perp,4,1,0.9741839752351517,True
3479,3479,1746,0,sty+tfidf+bert+perp,4,0,0.0009555901912821699,True
3480,3480,1746,1,sty+tfidf+bert+perp,4,1,0.9868536676254993,True
3481,3481,1747,0,sty+tfidf+bert+perp,4,0,0.17502197529586452,True
3482,3482,1747,1,sty+tfidf+bert+perp,4,1,0.9979661937243373,True
3483,3483,1748,0,sty+tfidf+bert+perp,4,0,0.008353719273998743,True
3484,3484,1748,1,sty+tfidf+bert+perp,4,1,0.9996644199363529,True
3485,3485,1749,0,sty+tfidf+bert+perp,4,0,0.00021501106473233408,True
3486,3486,1749,1,sty+tfidf+bert+perp,4,1,0.9987657575422707,True
3487,3487,1750,0,sty+tfidf+bert+perp,4,0,0.003712879058739923,True
3488,3488,1750,1,sty+tfidf+bert+perp,4,1,0.9991353972930223,True
3489,3489,1751,0,sty+tfidf+bert+perp,4,0,0.020520059668440428,True
3490,3490,1751,1,sty+tfidf+bert+perp,4,1,0.9992267252638621,True
3491,3491,1752,0,sty+tfidf+bert+perp,4,0,0.0006542105649859797,True
3492,3492,1752,1,sty+tfidf+bert+perp,4,1,0.94226118164613,True
3493,3493,1753,0,sty+tfidf+bert+perp,4,0,0.0013636958309597375,True
3494,3494,1753,1,sty+tfidf+bert+perp,4,1,0.9997926176222222,True
3495,3495,1754,1,sty+tfidf+bert+perp,4,1,0.9998457407010987,True
3496,3496,1755,0,sty+tfidf+bert+perp,4,0,0.00022686987589449952,True
3497,3497,1755,1,sty+tfidf+bert+perp,4,0,0.2132784447971718,False
3498,3498,1756,0,sty+tfidf+bert+perp,4,0,0.0004712861526825943,True
3499,3499,1756,1,sty+tfidf+bert+perp,4,1,0.9996890901094357,True
3500,3500,1757,0,sty+tfidf+bert+perp,4,1,0.7759439424972302,False
3501,3501,1757,1,sty+tfidf+bert+perp,4,1,0.9622564016302732,True
3502,3502,1758,0,sty+tfidf+bert+perp,4,0,0.0016282399982196943,True
3503,3503,1758,1,sty+tfidf+bert+perp,4,1,0.9988946078938812,True
3504,3504,1759,0,sty+tfidf+bert+perp,4,0,0.001323502281975671,True
3505,3505,1759,1,sty+tfidf+bert+perp,4,1,0.9990386838303585,True
3506,3506,1760,0,sty+tfidf+bert+perp,4,0,0.0003811841502419782,True
3507,3507,1760,1,sty+tfidf+bert+perp,4,1,0.9991813394710732,True
3508,3508,1761,0,sty+tfidf+bert+perp,4,0,0.20989563990571242,True
3509,3509,1761,1,sty+tfidf+bert+perp,4,1,0.99923436047368,True
3510,3510,1762,0,sty+tfidf+bert+perp,4,0,0.0004712261037250328,True
3511,3511,1762,1,sty+tfidf+bert+perp,4,1,0.985157759735054,True
3512,3512,1763,0,sty+tfidf+bert+perp,4,0,0.0018925348000073865,True
3513,3513,1763,1,sty+tfidf+bert+perp,4,1,0.9974778921987922,True
3514,3514,1764,0,sty+tfidf+bert+perp,4,0,0.07752994208504373,True
3515,3515,1764,1,sty+tfidf+bert+perp,4,1,0.9857087642487146,True
3516,3516,1765,0,sty+tfidf+bert+perp,4,0,0.0019642684761047207,True
3517,3517,1765,1,sty+tfidf+bert+perp,4,1,0.99951557464112,True
3518,3518,1766,0,sty+tfidf+bert+perp,4,0,0.008062035669176553,True
3519,3519,1766,1,sty+tfidf+bert+perp,4,1,0.9997279539686786,True
3520,3520,1767,0,sty+tfidf+bert+perp,4,0,0.1697913040707824,True
3521,3521,1767,1,sty+tfidf+bert+perp,4,1,0.9997613879944631,True
3522,3522,1768,0,sty+tfidf+bert+perp,4,0,0.005545089345585709,True
3523,3523,1768,1,sty+tfidf+bert+perp,4,1,0.9961629784213414,True
3524,3524,1769,0,sty+tfidf+bert+perp,4,0,0.0005793109887573202,True
3525,3525,1769,1,sty+tfidf+bert+perp,4,1,0.9988889586855787,True
3526,3526,1770,0,sty+tfidf+bert+perp,4,0,0.00010960011365419643,True
3527,3527,1770,1,sty+tfidf+bert+perp,4,1,0.9999283580624538,True
3528,3528,1771,0,sty+tfidf+bert+perp,4,0,0.00014950789825045967,True
3529,3529,1771,1,sty+tfidf+bert+perp,4,1,0.9994103533928713,True
3530,3530,1772,0,sty+tfidf+bert+perp,4,0,0.004483692897669149,True
3531,3531,1772,1,sty+tfidf+bert+perp,4,1,0.9998017322431422,True
3532,3532,1773,0,sty+tfidf+bert+perp,4,0,0.00782625711671263,True
3533,3533,1773,1,sty+tfidf+bert+perp,4,1,0.8939534830069056,True
3534,3534,1774,0,sty+tfidf+bert+perp,4,0,0.00725278160929905,True
3535,3535,1774,1,sty+tfidf+bert+perp,4,1,0.9973898751569958,True
3536,3536,1775,0,sty+tfidf+bert+perp,4,0,0.00012150006076924853,True
3537,3537,1775,1,sty+tfidf+bert+perp,4,1,0.9972244685586654,True
3538,3538,1776,0,sty+tfidf+bert+perp,4,0,0.0024995534090494305,True
3539,3539,1776,1,sty+tfidf+bert+perp,4,1,0.9877309341822075,True
3540,3540,1777,0,sty+tfidf+bert+perp,4,0,0.00017385120443717182,True
3541,3541,1777,1,sty+tfidf+bert+perp,4,1,0.9998468077278291,True
3542,3542,1778,0,sty+tfidf+bert+perp,4,0,0.00014884455778677082,True
3543,3543,1778,1,sty+tfidf+bert+perp,4,0,0.15352652931632405,False
3544,3544,1779,0,sty+tfidf+bert+perp,4,0,0.00015881039644207457,True
3545,3545,1779,1,sty+tfidf+bert+perp,4,1,0.9995492346886571,True
3546,3546,1780,0,sty+tfidf+bert+perp,4,0,5.631688636108247e-05,True
3547,3547,1780,1,sty+tfidf+bert+perp,4,1,0.9997271626381011,True
3548,3548,1781,0,sty+tfidf+bert+perp,4,0,0.0004579154965871836,True
3549,3549,1781,1,sty+tfidf+bert+perp,4,1,0.9987449190125679,True
3550,3550,1782,0,sty+tfidf+bert+perp,4,0,0.0032579834951701504,True
3551,3551,1782,1,sty+tfidf+bert+perp,4,1,0.9988870964337704,True
3552,3552,1783,0,sty+tfidf+bert+perp,4,0,0.0018062315727622633,True
3553,3553,1783,1,sty+tfidf+bert+perp,4,1,0.9885667143768201,True
3554,3554,1784,0,sty+tfidf+bert+perp,4,0,0.042826756961508394,True
3555,3555,1784,1,sty+tfidf+bert+perp,4,1,0.910574483193228,True
3556,3556,1785,0,sty+tfidf+bert+perp,4,0,0.0014029146031726795,True
3557,3557,1785,1,sty+tfidf+bert+perp,4,1,0.99947592466786,True
3558,3558,1786,0,sty+tfidf+bert+perp,4,0,0.002146943792482392,True
3559,3559,1786,1,sty+tfidf+bert+perp,4,1,0.9997820219406669,True
3560,3560,1787,0,sty+tfidf+bert+perp,4,0,0.0026452216973512147,True
3561,3561,1787,1,sty+tfidf+bert+perp,4,1,0.9963683292511293,True
3562,3562,1788,0,sty+tfidf+bert+perp,4,0,0.04177939405540693,True
3563,3563,1788,1,sty+tfidf+bert+perp,4,1,0.9990475717123131,True
3564,3564,1789,0,sty+tfidf+bert+perp,4,0,0.004215607462369619,True
3565,3565,1789,1,sty+tfidf+bert+perp,4,1,0.9974953461935464,True
3566,3566,1790,0,sty+tfidf+bert+perp,4,0,0.012108985446474365,True
3567,3567,1790,1,sty+tfidf+bert+perp,4,1,0.9999167137655505,True
3568,3568,1791,0,sty+tfidf+bert+perp,4,0,6.295212366037015e-05,True
3569,3569,1791,1,sty+tfidf+bert+perp,4,1,0.9997601893065915,True
3570,3570,1792,0,sty+tfidf+bert+perp,4,0,0.030153900132555148,True
3571,3571,1792,1,sty+tfidf+bert+perp,4,1,0.9991663480966636,True
3572,3572,1793,0,sty+tfidf+bert+perp,4,0,0.016285991585102938,True
3573,3573,1793,1,sty+tfidf+bert+perp,4,1,0.9998448937536162,True
3574,3574,1794,0,sty+tfidf+bert+perp,4,0,0.00011303993780156008,True
3575,3575,1794,1,sty+tfidf+bert+perp,4,1,0.9330663173438947,True
3576,3576,1795,0,sty+tfidf+bert+perp,4,0,0.0009517957049164999,True
3577,3577,1795,1,sty+tfidf+bert+perp,4,1,0.9995374388575347,True
3578,3578,1796,0,sty+tfidf+bert+perp,4,0,0.0007934220647376851,True
3579,3579,1796,1,sty+tfidf+bert+perp,4,1,0.9982479601020463,True
3580,3580,1797,0,sty+tfidf+bert+perp,4,0,0.000300435218540314,True
3581,3581,1797,1,sty+tfidf+bert+perp,4,1,0.9940834016291681,True
3582,3582,1798,0,sty+tfidf+bert+perp,4,0,0.15660141673374328,True
3583,3583,1798,1,sty+tfidf+bert+perp,4,1,0.9993748763139293,True
3584,3584,1799,0,sty+tfidf+bert+perp,4,0,0.00030049626144979875,True
3585,3585,1799,1,sty+tfidf+bert+perp,4,1,0.9988382610517507,True
3586,3586,1800,0,sty+tfidf+bert+perp,4,0,0.004057321093478856,True
3587,3587,1800,1,sty+tfidf+bert+perp,4,1,0.9997738156029617,True
3588,3588,1801,0,sty+tfidf+bert+perp,4,0,0.2544529783379857,True
3589,3589,1801,1,sty+tfidf+bert+perp,4,1,0.9825951060291896,True
3590,3590,1802,0,sty+tfidf+bert+perp,4,0,0.002425918613923461,True
3591,3591,1802,1,sty+tfidf+bert+perp,4,1,0.9993418814927532,True
3592,3592,1803,0,sty+tfidf+bert+perp,4,0,0.00022070673911929337,True
3593,3593,1803,1,sty+tfidf+bert+perp,4,1,0.9999002069791632,True
3594,3594,1804,0,sty+tfidf+bert+perp,4,0,0.0056073907589067155,True
3595,3595,1804,1,sty+tfidf+bert+perp,4,1,0.9996752693368955,True
3596,3596,1805,0,sty+tfidf+bert+perp,4,0,0.18811591786332255,True
3597,3597,1805,1,sty+tfidf+bert+perp,4,1,0.999952836395385,True
3598,3598,1806,0,sty+tfidf+bert+perp,4,0,0.022577712595140246,True
3599,3599,1806,1,sty+tfidf+bert+perp,4,1,0.9985484373446318,True
3600,3600,1807,0,sty+tfidf+bert+perp,4,0,0.0073395796400164415,True
3601,3601,1807,1,sty+tfidf+bert+perp,4,1,0.9981131400236436,True
3602,3602,1808,0,sty+tfidf+bert+perp,4,0,0.013174527311426966,True
3603,3603,1808,1,sty+tfidf+bert+perp,4,1,0.999699231407835,True
3604,3604,1809,0,sty+tfidf+bert+perp,4,0,0.0022329412205300495,True
3605,3605,1809,1,sty+tfidf+bert+perp,4,1,0.8474416296368812,True
3606,3606,1810,0,sty+tfidf+bert+perp,4,0,0.008163365994368336,True
3607,3607,1810,1,sty+tfidf+bert+perp,4,1,0.9997971913406253,True
3608,3608,1811,0,sty+tfidf+bert+perp,4,0,0.32625043980308366,True
3609,3609,1811,1,sty+tfidf+bert+perp,4,1,0.9999023812217601,True
3610,3610,1812,0,sty+tfidf+bert+perp,4,0,0.0010436404502210132,True
3611,3611,1812,1,sty+tfidf+bert+perp,4,1,0.9997737088402279,True
3612,3612,1813,0,sty+tfidf+bert+perp,4,0,0.02476082847537073,True
3613,3613,1813,1,sty+tfidf+bert+perp,4,1,0.9999560526943316,True
3614,3614,1814,0,sty+tfidf+bert+perp,4,0,0.004515087828592923,True
3615,3615,1814,1,sty+tfidf+bert+perp,4,1,0.9954319198292985,True
3616,3616,1815,0,sty+tfidf+bert+perp,4,0,9.04165219606289e-05,True
3617,3617,1815,1,sty+tfidf+bert+perp,4,1,0.9996638340589971,True
3618,3618,1816,0,sty+tfidf+bert+perp,4,0,0.0007469799486183351,True
3619,3619,1816,1,sty+tfidf+bert+perp,4,1,0.9982762351207856,True
3620,3620,1817,0,sty+tfidf+bert+perp,4,0,0.00010677433449720963,True
3621,3621,1817,1,sty+tfidf+bert+perp,4,1,0.9979318025198383,True
3622,3622,1818,0,sty+tfidf+bert+perp,4,0,0.0017413942548955006,True
3623,3623,1818,1,sty+tfidf+bert+perp,4,1,0.9997574755433357,True
3624,3624,1819,0,sty+tfidf+bert+perp,4,0,0.016817412096728025,True
3625,3625,1819,1,sty+tfidf+bert+perp,4,1,0.999655368084844,True
3626,3626,1820,0,sty+tfidf+bert+perp,4,0,0.0043196926568371844,True
3627,3627,1820,1,sty+tfidf+bert+perp,4,1,0.9995909587307732,True
3628,3628,1821,0,sty+tfidf+bert+perp,4,0,0.015982948693849013,True
3629,3629,1821,1,sty+tfidf+bert+perp,4,1,0.9942886151870783,True
3630,3630,1822,0,sty+tfidf+bert+perp,4,0,0.0014175077988090906,True
3631,3631,1822,1,sty+tfidf+bert+perp,4,1,0.9585945270329858,True
3632,3632,1823,0,sty+tfidf+bert+perp,4,0,9.649896056384794e-05,True
3633,3633,1823,1,sty+tfidf+bert+perp,4,1,0.9922115198000283,True
3634,3634,1824,0,sty+tfidf+bert+perp,4,0,0.008853535269889815,True
3635,3635,1824,1,sty+tfidf+bert+perp,4,1,0.9998458166192759,True
3636,3636,1825,0,sty+tfidf+bert+perp,4,0,0.0019832888640982462,True
3637,3637,1825,1,sty+tfidf+bert+perp,4,1,0.9996572999816888,True
3638,3638,1826,0,sty+tfidf+bert+perp,4,0,0.00012374325599140564,True
3639,3639,1826,1,sty+tfidf+bert+perp,4,1,0.99853497297845,True
3640,3640,1827,0,sty+tfidf+bert+perp,4,0,0.00024133586300583942,True
3641,3641,1827,1,sty+tfidf+bert+perp,4,0,0.1242787006275825,False
3642,3642,1828,0,sty+tfidf+bert+perp,4,0,0.02302421494946875,True
3643,3643,1828,1,sty+tfidf+bert+perp,4,1,0.9959325948848656,True
3644,3644,1829,0,sty+tfidf+bert+perp,4,0,0.0006550222129324523,True
3645,3645,1829,1,sty+tfidf+bert+perp,4,1,0.999823399245989,True
3646,3646,1830,0,sty+tfidf+bert+perp,4,0,0.004757841991736129,True
3647,3647,1830,1,sty+tfidf+bert+perp,4,1,0.9990333885591846,True
3648,3648,1831,0,sty+tfidf+bert+perp,4,0,0.0019484136680913634,True
3649,3649,1831,1,sty+tfidf+bert+perp,4,1,0.9993937424118263,True
3650,3650,1832,0,sty+tfidf+bert+perp,4,0,0.0014465021221254858,True
3651,3651,1832,1,sty+tfidf+bert+perp,4,1,0.9940377942801821,True
3652,3652,1833,0,sty+tfidf+bert+perp,4,0,0.007191490830763336,True
3653,3653,1833,1,sty+tfidf+bert+perp,4,1,0.998255713342536,True
3654,3654,1834,0,sty+tfidf+bert+perp,4,0,0.0016937396652183206,True
3655,3655,1834,1,sty+tfidf+bert+perp,4,1,0.9979663646382091,True
3656,3656,1835,0,sty+tfidf+bert+perp,4,0,0.0019349449851129867,True
3657,3657,1835,1,sty+tfidf+bert+perp,4,1,0.9996939135232226,True
3658,3658,1836,0,sty+tfidf+bert+perp,4,0,7.728818287406365e-05,True
3659,3659,1836,1,sty+tfidf+bert+perp,4,1,0.9991117646852768,True
3660,3660,1837,0,sty+tfidf+bert+perp,4,0,0.14976611794269568,True
3661,3661,1837,1,sty+tfidf+bert+perp,4,1,0.9993165851781596,True
3662,3662,1838,0,sty+tfidf+bert+perp,4,0,0.0001199342319823071,True
3663,3663,1838,1,sty+tfidf+bert+perp,4,1,0.9998703143218148,True
3664,3664,1839,0,sty+tfidf+bert+perp,4,0,0.006546222077559463,True
3665,3665,1839,1,sty+tfidf+bert+perp,4,0,0.4674139844400797,False
3666,3666,1840,0,sty+tfidf+bert+perp,4,0,0.09006874743251414,True
3667,3667,1840,1,sty+tfidf+bert+perp,4,1,0.9940349060852894,True
3668,3668,1841,0,sty+tfidf+bert+perp,4,0,0.00026465520889578384,True
3669,3669,1841,1,sty+tfidf+bert+perp,4,1,0.9996630205443566,True
3670,3670,1842,0,sty+tfidf+bert+perp,4,0,8.937871082023242e-05,True
3671,3671,1842,1,sty+tfidf+bert+perp,4,1,0.9978737974061472,True
3672,3672,1843,0,sty+tfidf+bert+perp,4,0,0.002178477469143504,True
3673,3673,1843,1,sty+tfidf+bert+perp,4,1,0.9996089851242776,True
3674,3674,1844,0,sty+tfidf+bert+perp,4,0,0.0005253699016373737,True
3675,3675,1844,1,sty+tfidf+bert+perp,4,1,0.9986866152116499,True
3676,3676,1845,0,sty+tfidf+bert+perp,4,0,0.0003362765712214242,True
3677,3677,1845,1,sty+tfidf+bert+perp,4,1,0.9998955044762461,True
3678,3678,1846,0,sty+tfidf+bert+perp,4,0,0.01887364446424804,True
3679,3679,1846,1,sty+tfidf+bert+perp,4,1,0.9995579851423629,True
3680,3680,1847,0,sty+tfidf+bert+perp,4,0,0.010788996108143304,True
3681,3681,1847,1,sty+tfidf+bert+perp,4,1,0.9984362820783694,True
3682,3682,1848,0,sty+tfidf+bert+perp,4,0,0.001717854617628393,True
3683,3683,1848,1,sty+tfidf+bert+perp,4,1,0.996333245080534,True
3684,3684,1849,0,sty+tfidf+bert+perp,4,0,0.008235145311809546,True
3685,3685,1849,1,sty+tfidf+bert+perp,4,1,0.9990989201427412,True
3686,3686,1850,0,sty+tfidf+bert+perp,4,0,0.029579638341103498,True
3687,3687,1850,1,sty+tfidf+bert+perp,4,0,0.04107021532768663,False
3688,3688,1851,0,sty+tfidf+bert+perp,4,0,0.0006441065383825157,True
3689,3689,1851,1,sty+tfidf+bert+perp,4,1,0.991453871434093,True
3690,3690,1852,0,sty+tfidf+bert+perp,4,0,0.0008037123672505745,True
3691,3691,1852,1,sty+tfidf+bert+perp,4,1,0.9995821988833388,True
3692,3692,1853,0,sty+tfidf+bert+perp,4,0,0.008507712646920672,True
3693,3693,1853,1,sty+tfidf+bert+perp,4,1,0.9169498093947317,True
3694,3694,1854,0,sty+tfidf+bert+perp,4,0,0.000781842354984306,True
3695,3695,1854,1,sty+tfidf+bert+perp,4,1,0.997183400531135,True
3696,3696,1855,0,sty+tfidf+bert+perp,4,0,0.0001511311706255973,True
3697,3697,1855,1,sty+tfidf+bert+perp,4,1,0.9997849467395462,True
3698,3698,1856,0,sty+tfidf+bert+perp,4,0,0.0005559798058433684,True
3699,3699,1856,1,sty+tfidf+bert+perp,4,1,0.9994028924185234,True
3700,3700,1857,0,sty+tfidf+bert+perp,4,0,0.0012418004179956751,True
3701,3701,1857,1,sty+tfidf+bert+perp,4,1,0.9996033765569067,True
3702,3702,1858,0,sty+tfidf+bert+perp,4,0,0.028567048236798953,True
3703,3703,1858,1,sty+tfidf+bert+perp,4,1,0.9991537167795248,True
3704,3704,1859,0,sty+tfidf+bert+perp,4,0,0.008721673600153787,True
3705,3705,1859,1,sty+tfidf+bert+perp,4,1,0.9997668983695821,True
3706,3706,1860,0,sty+tfidf+bert+perp,4,0,0.0004023668991161164,True
3707,3707,1860,1,sty+tfidf+bert+perp,4,0,0.04072617791960603,False
3708,3708,1861,0,sty+tfidf+bert+perp,4,0,4.5062016894823976e-05,True
3709,3709,1861,1,sty+tfidf+bert+perp,4,1,0.6889817544142256,True
3710,3710,1862,0,sty+tfidf+bert+perp,4,0,0.00035633010077765507,True
3711,3711,1862,1,sty+tfidf+bert+perp,4,1,0.9997971978773995,True
3712,3712,1863,0,sty+tfidf+bert+perp,4,0,0.04293532936675071,True
3713,3713,1863,1,sty+tfidf+bert+perp,4,1,0.9995568458338758,True
3714,3714,1864,0,sty+tfidf+bert+perp,4,0,0.001048974321339499,True
3715,3715,1864,1,sty+tfidf+bert+perp,4,1,0.9996303671860491,True
3716,3716,1865,0,sty+tfidf+bert+perp,4,0,0.008695390871816325,True
3717,3717,1865,1,sty+tfidf+bert+perp,4,1,0.9998479703741904,True
3718,3718,1866,0,sty+tfidf+bert+perp,4,0,0.01608438210422735,True
3719,3719,1866,1,sty+tfidf+bert+perp,4,1,0.9951346325533921,True
3720,3720,1867,0,sty+tfidf+bert+perp,4,0,0.001910790340606402,True
3721,3721,1867,1,sty+tfidf+bert+perp,4,1,0.5238662155537044,True
3722,3722,1868,0,sty+tfidf+bert+perp,4,0,0.001561848547598234,True
3723,3723,1868,1,sty+tfidf+bert+perp,4,1,0.9998595083225259,True
3724,3724,1869,0,sty+tfidf+bert+perp,4,0,0.017280870826162177,True
3725,3725,1869,1,sty+tfidf+bert+perp,4,1,0.9974809306155156,True
3726,3726,1870,0,sty+tfidf+bert+perp,4,0,3.13197620371859e-05,True
3727,3727,1870,1,sty+tfidf+bert+perp,4,1,0.9969482448242034,True
3728,3728,1871,0,sty+tfidf+bert+perp,4,0,0.0010265260183423696,True
3729,3729,1871,1,sty+tfidf+bert+perp,4,1,0.9992877353454428,True
3730,3730,1872,0,sty+tfidf+bert+perp,4,0,0.02468453441819152,True
3731,3731,1872,1,sty+tfidf+bert+perp,4,1,0.9987918227023048,True
3732,3732,1873,0,sty+tfidf+bert+perp,4,0,9.223874286034658e-05,True
3733,3733,1873,1,sty+tfidf+bert+perp,4,1,0.997678066120594,True
3734,3734,1874,0,sty+tfidf+bert+perp,4,0,0.00019698821570130647,True
3735,3735,1874,1,sty+tfidf+bert+perp,4,1,0.9981174034787016,True
3736,3736,1875,0,sty+tfidf+bert+perp,4,0,0.0006068171893394092,True
3737,3737,1875,1,sty+tfidf+bert+perp,4,1,0.9995261111898672,True
3738,3738,1876,0,sty+tfidf+bert+perp,4,0,0.001407550753677585,True
3739,3739,1876,1,sty+tfidf+bert+perp,4,1,0.9976890108819679,True
3740,3740,1877,0,sty+tfidf+bert+perp,4,0,0.0003519345218894268,True
3741,3741,1877,1,sty+tfidf+bert+perp,4,1,0.9993450565391845,True
3742,3742,1878,0,sty+tfidf+bert+perp,4,0,4.682821662300656e-05,True
3743,3743,1878,1,sty+tfidf+bert+perp,4,1,0.9981591042785168,True
3744,3744,1879,0,sty+tfidf+bert+perp,4,0,0.005337039717269509,True
3745,3745,1879,1,sty+tfidf+bert+perp,4,1,0.9507950463427852,True
3746,3746,1880,0,sty+tfidf+bert+perp,4,0,0.0005090670402219359,True
3747,3747,1880,1,sty+tfidf+bert+perp,4,1,0.8228977402085391,True
3748,3748,1881,0,sty+tfidf+bert+perp,4,0,0.002038225169399756,True
3749,3749,1881,1,sty+tfidf+bert+perp,4,1,0.9899226530937917,True
3750,3750,1882,0,sty+tfidf+bert+perp,4,0,0.12245007687938016,True
3751,3751,1882,1,sty+tfidf+bert+perp,4,1,0.999909723916965,True
3752,3752,1883,0,sty+tfidf+bert+perp,4,0,0.00016857548626800169,True
3753,3753,1883,1,sty+tfidf+bert+perp,4,1,0.9994727622907134,True
3754,3754,1884,0,sty+tfidf+bert+perp,4,0,0.03264695996015864,True
3755,3755,1884,1,sty+tfidf+bert+perp,4,1,0.9978597875326236,True
3756,3756,1885,0,sty+tfidf+bert+perp,4,0,0.003011130935585699,True
3757,3757,1885,1,sty+tfidf+bert+perp,4,1,0.9998432795919281,True
3758,3758,1886,0,sty+tfidf+bert+perp,4,0,0.00011532422161410265,True
3759,3759,1886,1,sty+tfidf+bert+perp,4,0,0.10884164577512342,False
3760,3760,1887,0,sty+tfidf+bert+perp,4,0,0.00022483083031336082,True
3761,3761,1887,1,sty+tfidf+bert+perp,4,1,0.9997868626876478,True
3762,3762,1888,0,sty+tfidf+bert+perp,4,0,0.006412193128649688,True
3763,3763,1888,1,sty+tfidf+bert+perp,4,1,0.9999000128095538,True
3764,3764,1889,0,sty+tfidf+bert+perp,4,0,0.09205093268344172,True
3765,3765,1889,1,sty+tfidf+bert+perp,4,1,0.999912670028151,True
3766,3766,1890,0,sty+tfidf+bert+perp,4,0,0.00025842252748236395,True
3767,3767,1890,1,sty+tfidf+bert+perp,4,1,0.9997304314680235,True
3768,3768,1891,0,sty+tfidf+bert+perp,4,0,0.008795276905805213,True
3769,3769,1891,1,sty+tfidf+bert+perp,4,1,0.9978563426542105,True
3770,3770,1892,0,sty+tfidf+bert+perp,4,0,0.041589951017320624,True
3771,3771,1892,1,sty+tfidf+bert+perp,4,1,0.999722619656811,True
3772,3772,1893,0,sty+tfidf+bert+perp,4,0,0.0006378553703156402,True
3773,3773,1893,1,sty+tfidf+bert+perp,4,1,0.9987460706118353,True
3774,3774,1894,0,sty+tfidf+bert+perp,4,0,0.002147925074903563,True
3775,3775,1894,1,sty+tfidf+bert+perp,4,1,0.9987760465005747,True
3776,3776,1895,0,sty+tfidf+bert+perp,4,0,7.6463159605439e-05,True
3777,3777,1895,1,sty+tfidf+bert+perp,4,1,0.9984716950715281,True
3778,3778,1896,0,sty+tfidf+bert+perp,4,0,0.01398606750376558,True
3779,3779,1896,1,sty+tfidf+bert+perp,4,1,0.9996898057213304,True
3780,3780,1897,0,sty+tfidf+bert+perp,4,0,0.23213145358102746,True
3781,3781,1897,1,sty+tfidf+bert+perp,4,1,0.9990825972520062,True
3782,3782,1898,0,sty+tfidf+bert+perp,4,0,0.37866853121769445,True
3783,3783,1898,1,sty+tfidf+bert+perp,4,1,0.9867052642170443,True
3784,3784,1899,0,sty+tfidf+bert+perp,4,0,0.003822961859321646,True
3785,3785,1899,1,sty+tfidf+bert+perp,4,1,0.9968096184368647,True
3786,3786,1900,0,sty+tfidf+bert+perp,4,0,0.24464903778665897,True
3787,3787,1900,1,sty+tfidf+bert+perp,4,1,0.9998068348052632,True
3788,3788,1901,0,sty+tfidf+bert+perp,4,0,0.0006318579367957511,True
3789,3789,1901,1,sty+tfidf+bert+perp,4,1,0.9938113882107612,True
3790,3790,1902,0,sty+tfidf+bert+perp,4,0,0.0015373523720893084,True
3791,3791,1902,1,sty+tfidf+bert+perp,4,1,0.9991604750633545,True
3792,3792,1903,0,sty+tfidf+bert+perp,4,0,0.008747336245874012,True
3793,3793,1903,1,sty+tfidf+bert+perp,4,0,0.35915788265021703,False
3794,3794,1904,0,sty+tfidf+bert+perp,4,0,0.0034237659106306365,True
3795,3795,1904,1,sty+tfidf+bert+perp,4,1,0.6809145711177801,True
3796,3796,1905,0,sty+tfidf+bert+perp,4,0,3.282946402730148e-05,True
3797,3797,1905,1,sty+tfidf+bert+perp,4,1,0.9815230060688486,True
3798,3798,1906,1,sty+tfidf+bert+perp,4,1,0.9977179126603399,True
3799,3799,1907,0,sty+tfidf+bert+perp,4,0,0.018462308672146564,True
3800,3800,1907,1,sty+tfidf+bert+perp,4,1,0.9989960003973919,True
3801,3801,1908,0,sty+tfidf+bert+perp,4,0,0.07248727679055612,True
3802,3802,1908,1,sty+tfidf+bert+perp,4,1,0.9996996347197084,True
3803,3803,1909,0,sty+tfidf+bert+perp,4,0,0.0002435939165389058,True
3804,3804,1909,1,sty+tfidf+bert+perp,4,1,0.9857792583977791,True
3805,3805,1910,0,sty+tfidf+bert+perp,4,0,0.044885046685461887,True
3806,3806,1910,1,sty+tfidf+bert+perp,4,1,0.9997808767246774,True
3807,3807,1911,0,sty+tfidf+bert+perp,4,0,0.042503850522430574,True
3808,3808,1911,1,sty+tfidf+bert+perp,4,1,0.9972155926767775,True
3809,3809,1912,0,sty+tfidf+bert+perp,4,0,8.609488198984014e-05,True
3810,3810,1912,1,sty+tfidf+bert+perp,4,1,0.6423396934921355,True
3811,3811,1913,0,sty+tfidf+bert+perp,4,0,0.004423732847451927,True
3812,3812,1913,1,sty+tfidf+bert+perp,4,1,0.9983823712402422,True
3813,3813,1914,0,sty+tfidf+bert+perp,4,0,0.0001327056895976153,True
3814,3814,1914,1,sty+tfidf+bert+perp,4,1,0.9984176225663774,True
3815,3815,1915,0,sty+tfidf+bert+perp,4,0,0.010370267118985536,True
3816,3816,1915,1,sty+tfidf+bert+perp,4,1,0.9997845685890816,True
3817,3817,1916,0,sty+tfidf+bert+perp,4,0,0.003171837083502015,True
3818,3818,1916,1,sty+tfidf+bert+perp,4,1,0.9996689171298152,True
3819,3819,1917,0,sty+tfidf+bert+perp,4,0,0.001919127653405438,True
3820,3820,1917,1,sty+tfidf+bert+perp,4,1,0.9827201709592761,True
3821,3821,1918,0,sty+tfidf+bert+perp,4,0,6.045368075243771e-05,True
3822,3822,1918,1,sty+tfidf+bert+perp,4,1,0.9822723453716946,True
3823,3823,1919,0,sty+tfidf+bert+perp,4,0,0.0003970210227849514,True
3824,3824,1919,1,sty+tfidf+bert+perp,4,1,0.9996245723826348,True
3825,3825,1920,0,sty+tfidf+bert+perp,4,0,0.012611774294577372,True
3826,3826,1920,1,sty+tfidf+bert+perp,4,1,0.9999043852303232,True
3827,3827,1921,0,sty+tfidf+bert+perp,4,0,0.00026694743828492703,True
3828,3828,1921,1,sty+tfidf+bert+perp,4,1,0.9991947534938879,True
3829,3829,1922,0,sty+tfidf+bert+perp,4,0,0.00034618780359420737,True
3830,3830,1922,1,sty+tfidf+bert+perp,4,1,0.9998249554795912,True
3831,3831,1923,0,sty+tfidf+bert+perp,4,0,0.00029558022692122995,True
3832,3832,1923,1,sty+tfidf+bert+perp,4,1,0.9990443702358481,True
3833,3833,1924,0,sty+tfidf+bert+perp,4,0,0.031250863306688394,True
3834,3834,1924,1,sty+tfidf+bert+perp,4,1,0.9998508748375755,True
3835,3835,1925,0,sty+tfidf+bert+perp,4,0,0.0017465909454630426,True
3836,3836,1925,1,sty+tfidf+bert+perp,4,1,0.9999333430220596,True
3837,3837,1926,0,sty+tfidf+bert+perp,4,0,0.0007394887830113326,True
3838,3838,1926,1,sty+tfidf+bert+perp,4,1,0.9797213136265642,True
3839,3839,1927,0,sty+tfidf+bert+perp,4,0,0.0006457516319176576,True
3840,3840,1927,1,sty+tfidf+bert+perp,4,1,0.9998243935126637,True
3841,3841,1928,0,sty+tfidf+bert+perp,4,0,0.00016617826706857887,True
3842,3842,1928,1,sty+tfidf+bert+perp,4,1,0.5486788046365905,True
3843,3843,1929,0,sty+tfidf+bert+perp,4,0,0.001307259736040813,True
3844,3844,1929,1,sty+tfidf+bert+perp,4,1,0.9998966479537426,True
3845,3845,1930,0,sty+tfidf+bert+perp,4,0,0.00010064998766119672,True
3846,3846,1930,1,sty+tfidf+bert+perp,4,1,0.9910684259161565,True
3847,3847,1931,0,sty+tfidf+bert+perp,4,0,0.0011299602422365736,True
3848,3848,1931,1,sty+tfidf+bert+perp,4,1,0.9907995899047689,True
3849,3849,1932,0,sty+tfidf+bert+perp,4,0,0.14428168301879288,True
3850,3850,1932,1,sty+tfidf+bert+perp,4,1,0.999452530138613,True
3851,3851,1933,0,sty+tfidf+bert+perp,4,0,0.00011283221010116592,True
3852,3852,1933,1,sty+tfidf+bert+perp,4,1,0.9990021923012943,True
3853,3853,1934,0,sty+tfidf+bert+perp,4,0,0.002803763556377669,True
3854,3854,1934,1,sty+tfidf+bert+perp,4,1,0.9997958319373218,True
3855,3855,1935,0,sty+tfidf+bert+perp,4,0,0.021570511066553333,True
3856,3856,1935,1,sty+tfidf+bert+perp,4,1,0.9988669320865208,True
3857,3857,1936,0,sty+tfidf+bert+perp,4,0,0.05509950554083538,True
3858,3858,1936,1,sty+tfidf+bert+perp,4,1,0.9999489433689672,True
3859,3859,1937,0,sty+tfidf+bert+perp,4,0,0.002592637869516372,True
3860,3860,1937,1,sty+tfidf+bert+perp,4,1,0.9971750429405302,True
3861,3861,1938,0,sty+tfidf+bert+perp,4,0,0.07950534336502789,True
3862,3862,1938,1,sty+tfidf+bert+perp,4,1,0.9993832886609445,True
3863,3863,1939,0,sty+tfidf+bert+perp,4,0,8.444419832849968e-05,True
3864,3864,1939,1,sty+tfidf+bert+perp,4,1,0.5041815045269642,True
3865,3865,1940,0,sty+tfidf+bert+perp,4,0,0.23883402728342476,True
3866,3866,1940,1,sty+tfidf+bert+perp,4,1,0.99892796483959,True
3867,3867,1941,0,sty+tfidf+bert+perp,4,0,0.0639762534998135,True
3868,3868,1941,1,sty+tfidf+bert+perp,4,1,0.9999161222412325,True
3869,3869,1942,0,sty+tfidf+bert+perp,4,0,0.0006263028700223146,True
3870,3870,1942,1,sty+tfidf+bert+perp,4,1,0.9640072309224176,True
3871,3871,1943,0,sty+tfidf+bert+perp,4,0,7.682434985963796e-05,True
3872,3872,1943,1,sty+tfidf+bert+perp,4,1,0.997620584642386,True
3873,3873,1944,0,sty+tfidf+bert+perp,4,0,0.0008570680477690166,True
3874,3874,1944,1,sty+tfidf+bert+perp,4,1,0.9995959867882958,True
3875,3875,1945,0,sty+tfidf+bert+perp,4,0,0.0002940805169913102,True
3876,3876,1945,1,sty+tfidf+bert+perp,4,1,0.99551512644439,True
3877,3877,1946,0,sty+tfidf+bert+perp,4,0,7.520221001114876e-05,True
3878,3878,1946,1,sty+tfidf+bert+perp,4,1,0.9984264424985586,True
3879,3879,1947,0,sty+tfidf+bert+perp,4,0,0.010437298593471154,True
3880,3880,1947,1,sty+tfidf+bert+perp,4,1,0.9999591429499072,True
3881,3881,1948,0,sty+tfidf+bert+perp,4,0,5.6505207608152866e-05,True
3882,3882,1948,1,sty+tfidf+bert+perp,4,1,0.9996333494665399,True
3883,3883,1949,0,sty+tfidf+bert+perp,4,0,0.003470267832710872,True
3884,3884,1949,1,sty+tfidf+bert+perp,4,1,0.9993362147682555,True
3885,3885,1950,0,sty+tfidf+bert+perp,4,0,8.473087737427012e-05,True
3886,3886,1950,1,sty+tfidf+bert+perp,4,1,0.999115457814935,True
3887,3887,1951,0,sty+tfidf+bert+perp,4,0,0.0005112862807782193,True
3888,3888,1951,1,sty+tfidf+bert+perp,4,1,0.9998768871752818,True
3889,3889,1952,0,sty+tfidf+bert+perp,4,0,0.001932314123855082,True
3890,3890,1952,1,sty+tfidf+bert+perp,4,1,0.9811014938978911,True
3891,3891,1953,0,sty+tfidf+bert+perp,4,0,0.021076374059370746,True
3892,3892,1953,1,sty+tfidf+bert+perp,4,1,0.9973534702563105,True
3893,3893,1954,0,sty+tfidf+bert+perp,4,0,0.0025586328177430915,True
3894,3894,1954,1,sty+tfidf+bert+perp,4,1,0.9949359395042949,True
3895,3895,1955,0,sty+tfidf+bert+perp,4,0,8.144977984716308e-05,True
3896,3896,1955,1,sty+tfidf+bert+perp,4,1,0.9934548338865283,True
3897,3897,1956,0,sty+tfidf+bert+perp,4,0,0.009311247039168745,True
3898,3898,1956,1,sty+tfidf+bert+perp,4,1,0.9992308607513478,True
3899,3899,1957,0,sty+tfidf+bert+perp,4,0,0.00010283657128197855,True
3900,3900,1957,1,sty+tfidf+bert+perp,4,1,0.9627569538811039,True
3901,3901,1958,0,sty+tfidf+bert+perp,4,0,0.0006950062615646058,True
3902,3902,1958,1,sty+tfidf+bert+perp,4,1,0.999841204717763,True
3903,3903,1959,0,sty+tfidf+bert+perp,4,0,0.005791587684574882,True
3904,3904,1959,1,sty+tfidf+bert+perp,4,1,0.9820717320059981,True
3905,3905,1960,0,sty+tfidf+bert+perp,4,0,0.0067283699756950375,True
3906,3906,1960,1,sty+tfidf+bert+perp,4,1,0.9842014666823228,True
3907,3907,1961,0,sty+tfidf+bert+perp,4,0,0.00011978084389059675,True
3908,3908,1961,1,sty+tfidf+bert+perp,4,1,0.9998361426580271,True
3909,3909,1962,0,sty+tfidf+bert+perp,4,0,0.0005088682721448531,True
3910,3910,1962,1,sty+tfidf+bert+perp,4,1,0.9982642405681269,True
3911,3911,1963,0,sty+tfidf+bert+perp,4,0,0.00017194925761801938,True
3912,3912,1963,1,sty+tfidf+bert+perp,4,1,0.9959855336104791,True
3913,3913,1964,0,sty+tfidf+bert+perp,4,0,0.000873680321295691,True
3914,3914,1964,1,sty+tfidf+bert+perp,4,1,0.9997114173065004,True
3915,3915,1965,0,sty+tfidf+bert+perp,4,0,0.027972947498669153,True
3916,3916,1965,1,sty+tfidf+bert+perp,4,1,0.9991892269812245,True
3917,3917,1966,0,sty+tfidf+bert+perp,4,0,0.00027718779056749426,True
3918,3918,1966,1,sty+tfidf+bert+perp,4,1,0.9999787148553977,True
3919,3919,1967,0,sty+tfidf+bert+perp,4,0,0.006699616028511094,True
3920,3920,1967,1,sty+tfidf+bert+perp,4,1,0.9997346567189439,True
3921,3921,1968,0,sty+tfidf+bert+perp,4,0,0.0031033702205669777,True
3922,3922,1968,1,sty+tfidf+bert+perp,4,1,0.9833650006647549,True
3923,3923,1969,0,sty+tfidf+bert+perp,4,0,0.00011561013655431012,True
3924,3924,1969,1,sty+tfidf+bert+perp,4,1,0.9977497241337208,True
3925,3925,1970,0,sty+tfidf+bert+perp,4,0,0.0019792103228866115,True
3926,3926,1970,1,sty+tfidf+bert+perp,4,1,0.9850370652049915,True
3927,3927,1971,0,sty+tfidf+bert+perp,4,0,3.4303818594244134e-05,True
3928,3928,1971,1,sty+tfidf+bert+perp,4,1,0.5228289929132653,True
3929,3929,1972,0,sty+tfidf+bert+perp,4,0,0.007153405728174821,True
3930,3930,1972,1,sty+tfidf+bert+perp,4,1,0.9998921943893566,True
3931,3931,1973,0,sty+tfidf+bert+perp,4,0,0.00044796699059708727,True
3932,3932,1973,1,sty+tfidf+bert+perp,4,1,0.9991026924388569,True
3933,3933,1974,0,sty+tfidf+bert+perp,4,0,0.0002469037620876312,True
3934,3934,1974,1,sty+tfidf+bert+perp,4,0,0.2037885505647459,False
3935,3935,1975,0,sty+tfidf+bert+perp,4,0,0.00017108349742037032,True
3936,3936,1975,1,sty+tfidf+bert+perp,4,0,0.3713817786128527,False
3937,3937,1976,0,sty+tfidf+bert+perp,4,0,0.00043837241327128256,True
3938,3938,1976,1,sty+tfidf+bert+perp,4,1,0.9997093512869878,True
3939,3939,1977,0,sty+tfidf+bert+perp,4,0,0.000475491222088654,True
3940,3940,1977,1,sty+tfidf+bert+perp,4,1,0.9967758643880216,True
3941,3941,1978,0,sty+tfidf+bert+perp,4,0,0.0734411609152084,True
3942,3942,1978,1,sty+tfidf+bert+perp,4,1,0.9992265177598119,True
3943,3943,1979,0,sty+tfidf+bert+perp,4,0,0.00021506825783719336,True
3944,3944,1979,1,sty+tfidf+bert+perp,4,1,0.9997454339112759,True
3945,3945,1980,0,sty+tfidf+bert+perp,4,0,0.07061872985720095,True
3946,3946,1980,1,sty+tfidf+bert+perp,4,1,0.9996656445378519,True
3947,3947,1981,0,sty+tfidf+bert+perp,4,0,0.0021605326733619766,True
3948,3948,1981,1,sty+tfidf+bert+perp,4,1,0.9998404462973716,True
3949,3949,1982,0,sty+tfidf+bert+perp,4,0,0.00861781890350911,True
3950,3950,1982,1,sty+tfidf+bert+perp,4,1,0.9982276084206979,True
3951,3951,1983,0,sty+tfidf+bert+perp,4,0,7.991991314684008e-05,True
3952,3952,1983,1,sty+tfidf+bert+perp,4,1,0.9982478299229091,True
3953,3953,1984,0,sty+tfidf+bert+perp,4,0,0.00017600432499752884,True
3954,3954,1984,1,sty+tfidf+bert+perp,4,1,0.989715731848984,True
3955,3955,1985,0,sty+tfidf+bert+perp,4,0,0.0002107764498308426,True
3956,3956,1985,1,sty+tfidf+bert+perp,4,1,0.9992573498041714,True
3957,3957,1986,0,sty+tfidf+bert+perp,4,0,0.00013485038634074637,True
3958,3958,1986,1,sty+tfidf+bert+perp,4,1,0.9960741769730496,True
3959,3959,1987,0,sty+tfidf+bert+perp,4,0,0.00011097188401446225,True
3960,3960,1987,1,sty+tfidf+bert+perp,4,1,0.9991735801648481,True
3961,3961,1988,0,sty+tfidf+bert+perp,4,0,0.00029965539558353876,True
3962,3962,1988,1,sty+tfidf+bert+perp,4,1,0.9996594529217948,True
3963,3963,1989,0,sty+tfidf+bert+perp,4,0,0.08410074862245809,True
3964,3964,1989,1,sty+tfidf+bert+perp,4,1,0.9996852802114761,True
3965,3965,1990,0,sty+tfidf+bert+perp,4,0,0.008413799700013465,True
3966,3966,1990,1,sty+tfidf+bert+perp,4,1,0.9977927240872728,True
3967,3967,1991,0,sty+tfidf+bert+perp,4,0,0.0026057222649139354,True
3968,3968,1991,1,sty+tfidf+bert+perp,4,1,0.9997313050047887,True
3969,3969,1992,0,sty+tfidf+bert+perp,4,0,0.0011559208606938282,True
3970,3970,1992,1,sty+tfidf+bert+perp,4,1,0.9988883307706304,True
3971,3971,1993,0,sty+tfidf+bert+perp,4,0,0.000840021397651962,True
3972,3972,1993,1,sty+tfidf+bert+perp,4,1,0.9884571140637585,True
3973,3973,1994,0,sty+tfidf+bert+perp,4,0,0.00023988004906409457,True
3974,3974,1994,1,sty+tfidf+bert+perp,4,0,0.14879040534583446,False
3975,3975,1995,0,sty+tfidf+bert+perp,4,0,0.004034494160549082,True
3976,3976,1995,1,sty+tfidf+bert+perp,4,1,0.9885267274720397,True
3977,3977,1996,0,sty+tfidf+bert+perp,4,0,0.00021421304986483195,True
3978,3978,1996,1,sty+tfidf+bert+perp,4,1,0.9998795814607796,True
3979,3979,1997,0,sty+tfidf+bert+perp,4,0,0.0024878310202585134,True
3980,3980,1997,1,sty+tfidf+bert+perp,4,1,0.9998384015784624,True
3981,3981,1998,0,sty+tfidf+bert+perp,4,0,0.0006045241102476273,True
3982,3982,1998,1,sty+tfidf+bert+perp,4,1,0.9987849849968317,True
3983,3983,1999,0,sty+tfidf+bert+perp,4,0,0.0025400170872050894,True
3984,3984,1999,1,sty+tfidf+bert+perp,4,1,0.9968832871081514,True
3985,3985,2000,0,sty+tfidf+bert+perp,4,0,0.0009551541685225366,True
3986,3986,2000,1,sty+tfidf+bert+perp,4,1,0.9994555484566862,True
3987,3987,2001,0,sty+tfidf+bert+perp,4,0,0.013792802593163789,True
3988,3988,2001,1,sty+tfidf+bert+perp,4,1,0.891402126856052,True
3989,3989,2002,0,sty+tfidf+bert+perp,4,0,0.01185235081942019,True
3990,3990,2002,1,sty+tfidf+bert+perp,4,1,0.9994321655520156,True
3991,3991,2003,0,sty+tfidf+bert+perp,4,0,0.0022792463838861286,True
3992,3992,2003,1,sty+tfidf+bert+perp,4,1,0.9999186060175722,True
3993,3993,2004,0,sty+tfidf+bert+perp,4,0,0.0012972070208920282,True
3994,3994,2004,1,sty+tfidf+bert+perp,4,1,0.9993385773581855,True
3995,3995,2005,0,sty+tfidf+bert+perp,4,0,3.512581286553611e-05,True
3996,3996,2005,1,sty+tfidf+bert+perp,4,1,0.9994806135857733,True
3997,3997,2006,0,sty+tfidf+bert+perp,4,0,0.004793122600598659,True
3998,3998,2006,1,sty+tfidf+bert+perp,4,1,0.9998658317473463,True
3999,3999,2007,0,sty+tfidf+bert+perp,4,0,0.021460287441554784,True
4000,4000,2007,1,sty+tfidf+bert+perp,4,1,0.9972701908136722,True
4001,4001,2008,0,sty+tfidf+bert+perp,4,0,0.00014946042395833355,True
4002,4002,2008,1,sty+tfidf+bert+perp,4,1,0.9938587277435003,True
4003,4003,2009,0,sty+tfidf+bert+perp,4,0,0.0009067094271995384,True
4004,4004,2009,1,sty+tfidf+bert+perp,4,1,0.9998428831537113,True
4005,4005,2010,0,sty+tfidf+bert+perp,4,0,0.018798572008031984,True
4006,4006,2010,1,sty+tfidf+bert+perp,4,1,0.9992684060908474,True
4007,4007,2011,0,sty+tfidf+bert+perp,4,0,0.0005377427683677358,True
4008,4008,2011,1,sty+tfidf+bert+perp,4,1,0.9892423300310347,True
4009,4009,2012,0,sty+tfidf+bert+perp,4,0,0.2499090690822236,True
4010,4010,2012,1,sty+tfidf+bert+perp,4,1,0.9999063230036231,True
4011,4011,2013,0,sty+tfidf+bert+perp,4,0,0.0001404025750308564,True
4012,4012,2013,1,sty+tfidf+bert+perp,4,1,0.9980317269057863,True
4013,4013,2014,0,sty+tfidf+bert+perp,4,0,0.005973347033568702,True
4014,4014,2014,1,sty+tfidf+bert+perp,4,1,0.9999223272386054,True
4015,4015,2015,0,sty+tfidf+bert+perp,4,0,0.2720617993013419,True
4016,4016,2015,1,sty+tfidf+bert+perp,4,1,0.9998561664761507,True
4017,4017,2016,0,sty+tfidf+bert+perp,4,0,0.00048616023731726444,True
4018,4018,2016,1,sty+tfidf+bert+perp,4,0,0.31309339369569333,False
4019,4019,2017,0,sty+tfidf+bert+perp,4,0,0.00033696169454064314,True
4020,4020,2017,1,sty+tfidf+bert+perp,4,1,0.9978036542702058,True
4021,4021,2018,0,sty+tfidf+bert+perp,4,0,0.005890379268432761,True
4022,4022,2018,1,sty+tfidf+bert+perp,4,1,0.9869651580370815,True
4023,4023,2019,0,sty+tfidf+bert+perp,4,0,0.002527550133606642,True
4024,4024,2019,1,sty+tfidf+bert+perp,4,1,0.9973053700604521,True
4025,4025,2020,0,sty+tfidf+bert+perp,4,0,0.0006872201495249351,True
4026,4026,2020,1,sty+tfidf+bert+perp,4,1,0.9968236165963509,True
4027,4027,2021,0,sty+tfidf+bert+perp,4,0,0.001412772959912592,True
4028,4028,2021,1,sty+tfidf+bert+perp,4,1,0.9981951512505515,True
4029,4029,2022,0,sty+tfidf+bert+perp,4,0,2.9601914123641376e-05,True
4030,4030,2022,1,sty+tfidf+bert+perp,4,1,0.9999312531230377,True
4031,4031,2023,0,sty+tfidf+bert+perp,4,0,0.040662519982548835,True
4032,4032,2023,1,sty+tfidf+bert+perp,4,1,0.9986023719698063,True
4033,4033,2024,0,sty+tfidf+bert+perp,4,0,0.0031327688764957386,True
4034,4034,2024,1,sty+tfidf+bert+perp,4,1,0.9999020586288694,True
4035,4035,2025,0,sty+tfidf+bert+perp,4,0,0.016274044553404754,True
4036,4036,2025,1,sty+tfidf+bert+perp,4,1,0.8133469693993906,True
4037,4037,2026,0,sty+tfidf+bert+perp,4,0,0.009161167036663842,True
4038,4038,2026,1,sty+tfidf+bert+perp,4,1,0.9991388887846806,True
4039,4039,2027,0,sty+tfidf+bert+perp,4,0,0.002898435541681636,True
4040,4040,2027,1,sty+tfidf+bert+perp,4,1,0.9997216057464535,True
4041,4041,2028,0,sty+tfidf+bert+perp,4,0,0.0020464347081218114,True
4042,4042,2028,1,sty+tfidf+bert+perp,4,1,0.9999295866702536,True
4043,4043,2029,0,sty+tfidf+bert+perp,4,0,6.905570667454105e-05,True
4044,4044,2029,1,sty+tfidf+bert+perp,4,1,0.9995621287636931,True
4045,4045,2030,0,sty+tfidf+bert+perp,4,0,0.41752548168438014,True
4046,4046,2030,1,sty+tfidf+bert+perp,4,1,0.9963631456207657,True
4047,4047,2031,0,sty+tfidf+bert+perp,4,0,0.0013664504672682891,True
4048,4048,2031,1,sty+tfidf+bert+perp,4,1,0.9999623521725823,True
4049,4049,2032,0,sty+tfidf+bert+perp,4,0,0.0005176332598354541,True
4050,4050,2032,1,sty+tfidf+bert+perp,4,1,0.9905931961312048,True
4051,4051,2033,0,sty+tfidf+bert+perp,4,0,0.0019407021925418244,True
4052,4052,2033,1,sty+tfidf+bert+perp,4,1,0.9997636368410149,True
4053,4053,2034,0,sty+tfidf+bert+perp,4,0,0.001081637101217552,True
4054,4054,2034,1,sty+tfidf+bert+perp,4,1,0.9997019604203427,True
4055,4055,2035,0,sty+tfidf+bert+perp,4,0,0.00012527616494124484,True
4056,4056,2035,1,sty+tfidf+bert+perp,4,1,0.9976454572678675,True
4057,4057,2036,0,sty+tfidf+bert+perp,4,0,0.02844404066222342,True
4058,4058,2036,1,sty+tfidf+bert+perp,4,1,0.9999274394784193,True
4059,4059,2037,0,sty+tfidf+bert+perp,4,0,0.0029572563713938377,True
4060,4060,2037,1,sty+tfidf+bert+perp,4,1,0.9994102982392447,True
4061,4061,2038,0,sty+tfidf+bert+perp,4,0,0.04531052575459543,True
4062,4062,2038,1,sty+tfidf+bert+perp,4,1,0.9854355681013481,True
4063,4063,2039,0,sty+tfidf+bert+perp,4,0,4.306650979469306e-05,True
4064,4064,2039,1,sty+tfidf+bert+perp,4,1,0.9993064301501671,True
4065,4065,2040,0,sty+tfidf+bert+perp,4,0,0.008127150000307623,True
4066,4066,2040,1,sty+tfidf+bert+perp,4,1,0.9999201908081924,True
4067,4067,2041,0,sty+tfidf+bert+perp,4,0,0.0009564230656178036,True
4068,4068,2041,1,sty+tfidf+bert+perp,4,1,0.9974420197533899,True
4069,4069,2042,0,sty+tfidf+bert+perp,4,0,3.08587863168031e-05,True
4070,4070,2042,1,sty+tfidf+bert+perp,4,1,0.9997948614267765,True
4071,4071,2043,0,sty+tfidf+bert+perp,4,0,0.1671100400916455,True
4072,4072,2043,1,sty+tfidf+bert+perp,4,1,0.9998926762493449,True
4073,4073,2044,0,sty+tfidf+bert+perp,4,0,0.005259295565203316,True
4074,4074,2044,1,sty+tfidf+bert+perp,4,1,0.9732791514509063,True
4075,4075,2045,0,sty+tfidf+bert+perp,4,0,0.23703482987544983,True
4076,4076,2045,1,sty+tfidf+bert+perp,4,1,0.9998998582113023,True
4077,4077,2046,0,sty+tfidf+bert+perp,4,0,0.0007370464395366458,True
4078,4078,2046,1,sty+tfidf+bert+perp,4,1,0.9977610644675432,True
4079,4079,2047,0,sty+tfidf+bert+perp,4,0,0.00016269123089558864,True
4080,4080,2047,1,sty+tfidf+bert+perp,4,1,0.9999365075901968,True
4081,4081,2048,0,sty+tfidf+bert+perp,4,0,0.00044416846741745575,True
4082,4082,2048,1,sty+tfidf+bert+perp,4,1,0.9996585423464672,True
4083,4083,2049,0,sty+tfidf+bert+perp,4,0,0.00014198483198478985,True
4084,4084,2049,1,sty+tfidf+bert+perp,4,1,0.9988080009087148,True
4085,4085,2050,0,sty+tfidf+bert+perp,4,0,0.0004860449026710729,True
4086,4086,2050,1,sty+tfidf+bert+perp,4,1,0.9997652236377484,True
4087,4087,2051,0,sty+tfidf+bert+perp,4,0,0.018170624027796598,True
4088,4088,2051,1,sty+tfidf+bert+perp,4,1,0.9993148648594213,True
4089,4089,2052,0,sty+tfidf+bert+perp,4,0,0.0004096135411580567,True
4090,4090,2052,1,sty+tfidf+bert+perp,4,1,0.9912349918915678,True
4091,4091,2053,0,sty+tfidf+bert+perp,4,0,0.02041188619161115,True
4092,4092,2053,1,sty+tfidf+bert+perp,4,1,0.9997081096613509,True
4093,4093,2054,0,sty+tfidf+bert+perp,4,0,0.04498319825066599,True
4094,4094,2054,1,sty+tfidf+bert+perp,4,1,0.9977504427603192,True
4095,4095,2055,0,sty+tfidf+bert+perp,4,0,0.0006723546434856271,True
4096,4096,2055,1,sty+tfidf+bert+perp,4,1,0.9998146323569868,True
4097,4097,2056,0,sty+tfidf+bert+perp,4,0,0.0007128785685552022,True
4098,4098,2056,1,sty+tfidf+bert+perp,4,1,0.9999321731269096,True
4099,4099,2057,0,sty+tfidf+bert+perp,4,0,0.0013482412858505705,True
4100,4100,2057,1,sty+tfidf+bert+perp,4,1,0.9998823328383069,True
4101,4101,2058,0,sty+tfidf+bert+perp,4,0,0.0004307893261067774,True
4102,4102,2058,1,sty+tfidf+bert+perp,4,1,0.9997707531300449,True
4103,4103,2059,0,sty+tfidf+bert+perp,4,0,0.00033186098140645183,True
4104,4104,2059,1,sty+tfidf+bert+perp,4,1,0.9913857114597509,True
4105,4105,2060,0,sty+tfidf+bert+perp,4,0,0.005212926795207306,True
4106,4106,2060,1,sty+tfidf+bert+perp,4,1,0.9993461730052176,True
4107,4107,2061,0,sty+tfidf+bert+perp,4,0,0.0011622894120892724,True
4108,4108,2061,1,sty+tfidf+bert+perp,4,1,0.9164821751878441,True
4109,4109,2062,0,sty+tfidf+bert+perp,4,0,0.023316524962089715,True
4110,4110,2062,1,sty+tfidf+bert+perp,4,1,0.9996224227634469,True
4111,4111,2063,0,sty+tfidf+bert+perp,4,0,0.000591584125923538,True
4112,4112,2063,1,sty+tfidf+bert+perp,4,1,0.9993141469918136,True
4113,4113,2064,0,sty+tfidf+bert+perp,4,0,0.0037662032817882495,True
4114,4114,2064,1,sty+tfidf+bert+perp,4,1,0.9613688923200807,True
4115,4115,2065,0,sty+tfidf+bert+perp,4,1,0.8898075087871906,False
4116,4116,2065,1,sty+tfidf+bert+perp,4,1,0.9983153242567147,True
4117,4117,2066,0,sty+tfidf+bert+perp,4,0,0.0003264791912173855,True
4118,4118,2066,1,sty+tfidf+bert+perp,4,1,0.9812000066240218,True
4119,4119,2067,0,sty+tfidf+bert+perp,4,0,0.003211884978754472,True
4120,4120,2067,1,sty+tfidf+bert+perp,4,1,0.9823805568225327,True
4121,4121,2068,0,sty+tfidf+bert+perp,4,0,0.0003365820908225999,True
4122,4122,2068,1,sty+tfidf+bert+perp,4,1,0.9998511239531471,True
4123,4123,2069,0,sty+tfidf+bert+perp,4,0,0.021951976191162778,True
4124,4124,2069,1,sty+tfidf+bert+perp,4,1,0.9985685743521246,True
4125,4125,2070,0,sty+tfidf+bert+perp,4,0,0.009795895563372202,True
4126,4126,2070,1,sty+tfidf+bert+perp,4,1,0.9984746903974357,True
4127,4127,2071,0,sty+tfidf+bert+perp,4,0,0.0030205655075752533,True
4128,4128,2071,1,sty+tfidf+bert+perp,4,1,0.9999576879133335,True
4129,4129,2072,0,sty+tfidf+bert+perp,4,0,0.0013027516627815555,True
4130,4130,2072,1,sty+tfidf+bert+perp,4,1,0.9683109023841134,True
4131,4131,2073,0,sty+tfidf+bert+perp,4,0,0.001150658746222815,True
4132,4132,2073,1,sty+tfidf+bert+perp,4,1,0.9976628455321457,True
4133,4133,2074,0,sty+tfidf+bert+perp,4,0,0.016391088511689123,True
4134,4134,2074,1,sty+tfidf+bert+perp,4,1,0.999037500075593,True
4135,4135,2075,0,sty+tfidf+bert+perp,4,0,0.000565993729920082,True
4136,4136,2075,1,sty+tfidf+bert+perp,4,1,0.9998001852092857,True
4137,4137,2076,0,sty+tfidf+bert+perp,4,0,0.0004870893802909211,True
4138,4138,2076,1,sty+tfidf+bert+perp,4,1,0.9995618869494381,True
4139,4139,2077,0,sty+tfidf+bert+perp,4,0,0.017388436233136968,True
4140,4140,2077,1,sty+tfidf+bert+perp,4,1,0.9987030723693927,True
4141,4141,2078,0,sty+tfidf+bert+perp,4,0,0.0009113416174424901,True
4142,4142,2078,1,sty+tfidf+bert+perp,4,1,0.9997065314346961,True
4143,4143,2079,0,sty+tfidf+bert+perp,4,0,0.0008327515015952322,True
4144,4144,2079,1,sty+tfidf+bert+perp,4,1,0.9991057046454551,True
4145,4145,2080,0,sty+tfidf+bert+perp,4,0,0.0005457169972515514,True
4146,4146,2080,1,sty+tfidf+bert+perp,4,1,0.8853818541001461,True
4147,4147,2081,0,sty+tfidf+bert+perp,4,0,0.005535050310666904,True
4148,4148,2081,1,sty+tfidf+bert+perp,4,1,0.9740826131958208,True
4149,4149,2082,0,sty+tfidf+bert+perp,4,0,0.02643647125690733,True
4150,4150,2082,1,sty+tfidf+bert+perp,4,1,0.9595077114342866,True
4151,4151,2083,0,sty+tfidf+bert+perp,4,0,0.0011654348757956824,True
4152,4152,2083,1,sty+tfidf+bert+perp,4,1,0.9990047522659634,True
4153,4153,2084,0,sty+tfidf+bert+perp,4,0,0.0015168599494547975,True
4154,4154,2084,1,sty+tfidf+bert+perp,4,1,0.9417269756554318,True
4155,4155,2085,0,sty+tfidf+bert+perp,4,0,0.00026491161665727884,True
4156,4156,2085,1,sty+tfidf+bert+perp,4,1,0.9936034824240892,True
4157,4157,2086,0,sty+tfidf+bert+perp,4,0,0.0011753792571127398,True
4158,4158,2086,1,sty+tfidf+bert+perp,4,1,0.9999336169228545,True
4159,4159,2087,0,sty+tfidf+bert+perp,4,0,0.006725670680605551,True
4160,4160,2087,1,sty+tfidf+bert+perp,4,1,0.7048867302275673,True
4161,4161,2088,0,sty+tfidf+bert+perp,4,0,0.0018571838808046574,True
4162,4162,2088,1,sty+tfidf+bert+perp,4,1,0.9995594353240508,True
4163,4163,2089,0,sty+tfidf+bert+perp,4,0,0.00048768188488984863,True
4164,4164,2089,1,sty+tfidf+bert+perp,4,1,0.9997459472409906,True
4165,4165,2090,0,sty+tfidf+bert+perp,4,0,0.01968516985497764,True
4166,4166,2090,1,sty+tfidf+bert+perp,4,1,0.9956170406292809,True
4167,4167,2091,0,sty+tfidf+bert+perp,4,0,0.0021165350086944077,True
4168,4168,2091,1,sty+tfidf+bert+perp,4,1,0.9990194255313971,True
4169,4169,2092,0,sty+tfidf+bert+perp,4,0,0.003726861070642523,True
4170,4170,2092,1,sty+tfidf+bert+perp,4,1,0.9996325331197998,True
4171,4171,2093,0,sty+tfidf+bert+perp,4,0,0.09065361052896743,True
4172,4172,2093,1,sty+tfidf+bert+perp,4,1,0.9991554560113476,True
4173,4173,2094,0,sty+tfidf+bert+perp,4,0,0.0010300854966566987,True
4174,4174,2094,1,sty+tfidf+bert+perp,4,1,0.9998922731571165,True
4175,4175,2095,0,sty+tfidf+bert+perp,4,0,0.00011981624943585089,True
4176,4176,2095,1,sty+tfidf+bert+perp,4,1,0.9862729314229138,True
4177,4177,2096,0,sty+tfidf+bert+perp,4,0,0.0003481894955154144,True
4178,4178,2096,1,sty+tfidf+bert+perp,4,1,0.9999074231750383,True
4179,4179,2097,0,sty+tfidf+bert+perp,4,0,0.00015851579721662024,True
4180,4180,2097,1,sty+tfidf+bert+perp,4,1,0.9983635596963535,True
4181,4181,2098,0,sty+tfidf+bert+perp,4,0,0.011970412987808201,True
4182,4182,2098,1,sty+tfidf+bert+perp,4,1,0.9989202525698012,True
4183,4183,2099,0,sty+tfidf+bert+perp,4,0,3.490688342991463e-05,True
4184,4184,2099,1,sty+tfidf+bert+perp,4,1,0.999267010290287,True
4185,4185,2100,0,sty+tfidf+bert+perp,4,0,0.0006053850876153214,True
4186,4186,2100,1,sty+tfidf+bert+perp,4,1,0.9953850537683929,True
4187,4187,2101,0,sty+tfidf+bert+perp,4,0,0.0005841663802787049,True
4188,4188,2101,1,sty+tfidf+bert+perp,4,1,0.9997162169672366,True
4189,4189,2102,0,sty+tfidf+bert+perp,4,0,0.013030695986206441,True
4190,4190,2102,1,sty+tfidf+bert+perp,4,1,0.998142719561365,True
4191,4191,2103,0,sty+tfidf+bert+perp,4,0,0.0003451195614655428,True
4192,4192,2103,1,sty+tfidf+bert+perp,4,1,0.9396485857832071,True
4193,4193,2104,0,sty+tfidf+bert+perp,4,0,0.001415856674475309,True
4194,4194,2104,1,sty+tfidf+bert+perp,4,1,0.990029563633751,True
4195,4195,2105,0,sty+tfidf+bert+perp,4,0,0.00026425354933571764,True
4196,4196,2105,1,sty+tfidf+bert+perp,4,1,0.999833782940589,True
4197,4197,2106,0,sty+tfidf+bert+perp,4,0,0.00011998978801580924,True
4198,4198,2106,1,sty+tfidf+bert+perp,4,1,0.99297108013154,True
4199,4199,2107,0,sty+tfidf+bert+perp,4,0,0.00030170959650656793,True
4200,4200,2107,1,sty+tfidf+bert+perp,4,1,0.8394785572155373,True
4201,4201,2108,0,sty+tfidf+bert+perp,4,0,0.00021662508589562662,True
4202,4202,2108,1,sty+tfidf+bert+perp,4,1,0.9649368931885347,True
4203,4203,2109,0,sty+tfidf+bert+perp,4,0,0.0006864035540582621,True
4204,4204,2109,1,sty+tfidf+bert+perp,4,1,0.9705460660388773,True
4205,4205,2110,0,sty+tfidf+bert+perp,4,0,0.002833651104472297,True
4206,4206,2110,1,sty+tfidf+bert+perp,4,1,0.9996268020445344,True
4207,4207,2111,0,sty+tfidf+bert+perp,4,0,0.005845107630164554,True
4208,4208,2111,1,sty+tfidf+bert+perp,4,1,0.9991600354264609,True
4209,4209,2112,0,sty+tfidf+bert+perp,4,0,0.00017287476629067433,True
4210,4210,2112,1,sty+tfidf+bert+perp,4,1,0.9994176118385641,True
4211,4211,2113,0,sty+tfidf+bert+perp,4,0,0.04419930660584976,True
4212,4212,2113,1,sty+tfidf+bert+perp,4,1,0.9988436338470758,True
4213,4213,2114,0,sty+tfidf+bert+perp,4,0,9.69535537678362e-05,True
4214,4214,2114,1,sty+tfidf+bert+perp,4,1,0.956313055416019,True
4215,4215,2115,0,sty+tfidf+bert+perp,4,0,0.00020712382931022645,True
4216,4216,2115,1,sty+tfidf+bert+perp,4,1,0.9954808286122353,True
4217,4217,2116,0,sty+tfidf+bert+perp,4,0,0.0004640786284502368,True
4218,4218,2116,1,sty+tfidf+bert+perp,4,1,0.9998871395325653,True
4219,4219,2117,0,sty+tfidf+bert+perp,4,0,0.00296289345371688,True
4220,4220,2117,1,sty+tfidf+bert+perp,4,1,0.9999197609329776,True
4221,4221,2118,0,sty+tfidf+bert+perp,4,0,0.00030632540343368883,True
4222,4222,2118,1,sty+tfidf+bert+perp,4,1,0.9994751025469177,True
4223,4223,2119,0,sty+tfidf+bert+perp,4,1,0.662988429639232,False
4224,4224,2119,1,sty+tfidf+bert+perp,4,1,0.9999264729220716,True
4225,4225,2120,0,sty+tfidf+bert+perp,4,0,0.0017680343974823055,True
4226,4226,2120,1,sty+tfidf+bert+perp,4,1,0.9989115412160771,True
4227,4227,2121,0,sty+tfidf+bert+perp,4,0,0.0006113578624260052,True
4228,4228,2121,1,sty+tfidf+bert+perp,4,1,0.9983750855204748,True
4229,4229,2122,0,sty+tfidf+bert+perp,4,0,0.002310791472891852,True
4230,4230,2122,1,sty+tfidf+bert+perp,4,1,0.9998420545173907,True
4231,4231,2123,0,sty+tfidf+bert+perp,4,0,0.000791754696335591,True
4232,4232,2123,1,sty+tfidf+bert+perp,4,1,0.9962728966897171,True
4233,4233,2124,0,sty+tfidf+bert+perp,4,0,0.018865983552136024,True
4234,4234,2124,1,sty+tfidf+bert+perp,4,1,0.9987979903462637,True
4235,4235,2125,0,sty+tfidf+bert+perp,4,0,0.0009486187772195462,True
4236,4236,2125,1,sty+tfidf+bert+perp,4,1,0.9883289682210493,True
4237,4237,2126,0,sty+tfidf+bert+perp,4,0,0.006669113192965054,True
4238,4238,2126,1,sty+tfidf+bert+perp,4,1,0.9990807279614542,True
4239,4239,2127,0,sty+tfidf+bert+perp,4,0,0.0856476800001101,True
4240,4240,2127,1,sty+tfidf+bert+perp,4,1,0.8496892553706141,True
4241,4241,2128,0,sty+tfidf+bert+perp,4,1,0.9745561681375801,False
4242,4242,2128,1,sty+tfidf+bert+perp,4,1,0.9949743412398186,True
4243,4243,2129,0,sty+tfidf+bert+perp,4,0,0.00025299195387947036,True
4244,4244,2129,1,sty+tfidf+bert+perp,4,1,0.9929089364167748,True
4245,4245,2130,0,sty+tfidf+bert+perp,4,0,0.00526348835760781,True
4246,4246,2130,1,sty+tfidf+bert+perp,4,1,0.9977106645453788,True
4247,4247,2131,0,sty+tfidf+bert+perp,4,0,0.32584177238910605,True
4248,4248,2131,1,sty+tfidf+bert+perp,4,1,0.9922766137986995,True
4249,4249,2132,0,sty+tfidf+bert+perp,4,0,9.693860460609784e-05,True
4250,4250,2132,1,sty+tfidf+bert+perp,4,1,0.9998430335670461,True
4251,4251,2133,0,sty+tfidf+bert+perp,4,0,0.0007244214475767791,True
4252,4252,2133,1,sty+tfidf+bert+perp,4,1,0.9850473639129419,True
4253,4253,2134,0,sty+tfidf+bert+perp,4,0,0.00015213083459906428,True
4254,4254,2134,1,sty+tfidf+bert+perp,4,1,0.9976943384560256,True
4255,4255,2135,0,sty+tfidf+bert+perp,4,0,0.00032118609581835287,True
4256,4256,2135,1,sty+tfidf+bert+perp,4,1,0.9991012108402806,True
4257,4257,2136,0,sty+tfidf+bert+perp,4,0,0.01215342025988724,True
4258,4258,2136,1,sty+tfidf+bert+perp,4,1,0.999903282331875,True
4259,4259,2137,0,sty+tfidf+bert+perp,4,0,0.00022269000137079887,True
4260,4260,2137,1,sty+tfidf+bert+perp,4,1,0.9076578195641575,True
4261,4261,2138,0,sty+tfidf+bert+perp,4,0,0.17089502175544777,True
4262,4262,2138,1,sty+tfidf+bert+perp,4,1,0.9876621848743797,True
4263,4263,2139,0,sty+tfidf+bert+perp,4,0,0.010908273136681383,True
4264,4264,2139,1,sty+tfidf+bert+perp,4,1,0.996789955786368,True
4265,4265,2140,0,sty+tfidf+bert+perp,4,0,0.04067663324061243,True
4266,4266,2140,1,sty+tfidf+bert+perp,4,1,0.9998518635461421,True
4267,4267,2141,0,sty+tfidf+bert+perp,4,0,6.332802674845366e-05,True
4268,4268,2141,1,sty+tfidf+bert+perp,4,1,0.9999172056449768,True
4269,4269,2142,0,sty+tfidf+bert+perp,4,0,0.23673542938367304,True
4270,4270,2142,1,sty+tfidf+bert+perp,4,1,0.9998833505798916,True
4271,4271,2143,0,sty+tfidf+bert+perp,4,0,0.007154713117992733,True
4272,4272,2143,1,sty+tfidf+bert+perp,4,1,0.9996968080707742,True
4273,4273,2144,0,sty+tfidf+bert+perp,4,0,0.00038270029738710434,True
4274,4274,2144,1,sty+tfidf+bert+perp,4,1,0.9995845755966389,True
4275,4275,2145,0,sty+tfidf+bert+perp,4,0,0.00019844380131649048,True
4276,4276,2145,1,sty+tfidf+bert+perp,4,1,0.9993512389893364,True
4277,4277,2146,0,sty+tfidf+bert+perp,4,1,0.6820890551651632,False
4278,4278,2146,1,sty+tfidf+bert+perp,4,1,0.9978676355219459,True
4279,4279,2147,0,sty+tfidf+bert+perp,4,0,0.00036469214514454353,True
4280,4280,2147,1,sty+tfidf+bert+perp,4,1,0.9998654700639275,True
4281,4281,2148,0,sty+tfidf+bert+perp,4,0,0.0022391914466327687,True
4282,4282,2148,1,sty+tfidf+bert+perp,4,1,0.9989340611556071,True
4283,4283,2149,0,sty+tfidf+bert+perp,4,0,0.17311504740370343,True
4284,4284,2149,1,sty+tfidf+bert+perp,4,1,0.9997360536539045,True
4285,4285,2150,0,sty+tfidf+bert+perp,4,0,0.00019882935640719047,True
4286,4286,2150,1,sty+tfidf+bert+perp,4,1,0.9995241281393648,True
4287,4287,2151,0,sty+tfidf+bert+perp,4,0,0.004569899452493536,True
4288,4288,2151,1,sty+tfidf+bert+perp,4,1,0.9992238498853888,True
4289,4289,2152,0,sty+tfidf+bert+perp,4,0,0.00031252116523536983,True
4290,4290,2152,1,sty+tfidf+bert+perp,4,1,0.9935446589337114,True
4291,4291,2153,0,sty+tfidf+bert+perp,4,0,0.10412825240909061,True
4292,4292,2153,1,sty+tfidf+bert+perp,4,1,0.9995552598048462,True
4293,4293,2154,0,sty+tfidf+bert+perp,4,0,0.0017422988233815472,True
4294,4294,2154,1,sty+tfidf+bert+perp,4,1,0.9992047491729805,True
4295,4295,2155,0,sty+tfidf+bert+perp,4,0,0.09003036584050571,True
4296,4296,2155,1,sty+tfidf+bert+perp,4,1,0.9989437730849926,True
4297,4297,2156,0,sty+tfidf+bert+perp,4,0,0.006583993964387095,True
4298,4298,2156,1,sty+tfidf+bert+perp,4,1,0.9705772249740908,True
4299,4299,2157,0,sty+tfidf+bert+perp,4,0,0.14855378747704498,True
4300,4300,2157,1,sty+tfidf+bert+perp,4,1,0.9995125391543127,True
4301,4301,2158,0,sty+tfidf+bert+perp,4,0,0.00031213484948829377,True
4302,4302,2158,1,sty+tfidf+bert+perp,4,1,0.9992183244972641,True
4303,4303,2159,0,sty+tfidf+bert+perp,4,0,7.391123453610114e-05,True
4304,4304,2159,1,sty+tfidf+bert+perp,4,1,0.9923268256484477,True
4305,4305,2160,0,sty+tfidf+bert+perp,4,0,0.0010725113552672559,True
4306,4306,2160,1,sty+tfidf+bert+perp,4,1,0.9994489279436289,True
4307,4307,2161,0,sty+tfidf+bert+perp,4,0,0.0009012061851210895,True
4308,4308,2161,1,sty+tfidf+bert+perp,4,1,0.9999111005335433,True
4309,4309,2162,0,sty+tfidf+bert+perp,4,0,0.004216328955769577,True
4310,4310,2162,1,sty+tfidf+bert+perp,4,1,0.9995859589198626,True
4311,4311,2163,0,sty+tfidf+bert+perp,4,0,0.0012620194768891346,True
4312,4312,2163,1,sty+tfidf+bert+perp,4,1,0.9999052173062946,True
4313,4313,2164,0,sty+tfidf+bert+perp,4,0,0.005418810237598622,True
4314,4314,2164,1,sty+tfidf+bert+perp,4,1,0.9790053709736544,True
4315,4315,2165,0,sty+tfidf+bert+perp,4,0,0.0006370349746444891,True
4316,4316,2165,1,sty+tfidf+bert+perp,4,1,0.9996522787624057,True
4317,4317,2166,0,sty+tfidf+bert+perp,4,0,0.0053166520800241425,True
4318,4318,2166,1,sty+tfidf+bert+perp,4,1,0.9995418986877005,True
4319,4319,2167,0,sty+tfidf+bert+perp,4,0,0.05541160763017287,True
4320,4320,2167,1,sty+tfidf+bert+perp,4,1,0.9998615154307698,True
4321,4321,2168,0,sty+tfidf+bert+perp,4,0,0.0018376285692384892,True
4322,4322,2168,1,sty+tfidf+bert+perp,4,1,0.969402729984774,True
4323,4323,2169,0,sty+tfidf+bert+perp,4,0,0.00024195271283792774,True
4324,4324,2169,1,sty+tfidf+bert+perp,4,1,0.9997298708070782,True
4325,4325,2170,0,sty+tfidf+bert+perp,4,0,0.00023047978488290665,True
4326,4326,2170,1,sty+tfidf+bert+perp,4,1,0.9996435649122427,True
4327,4327,2171,0,sty+tfidf+bert+perp,4,0,0.010895817465957861,True
4328,4328,2171,1,sty+tfidf+bert+perp,4,1,0.9998767699630805,True
4329,4329,2172,0,sty+tfidf+bert+perp,4,0,0.000977498640468683,True
4330,4330,2172,1,sty+tfidf+bert+perp,4,1,0.9983707644364054,True
4331,4331,2173,0,sty+tfidf+bert+perp,4,0,0.0002524279418508654,True
4332,4332,2173,1,sty+tfidf+bert+perp,4,1,0.9510545192046127,True
4333,4333,2174,0,sty+tfidf+bert+perp,4,0,0.03131120001213532,True
4334,4334,2174,1,sty+tfidf+bert+perp,4,1,0.9996595823641313,True
4335,4335,2175,0,sty+tfidf+bert+perp,4,0,0.0006046089224867628,True
4336,4336,2175,1,sty+tfidf+bert+perp,4,1,0.9990759943840619,True
4337,4337,2176,0,sty+tfidf+bert+perp,4,0,0.001503633576173748,True
4338,4338,2176,1,sty+tfidf+bert+perp,4,1,0.9979544223067583,True
4339,4339,2177,0,sty+tfidf+bert+perp,4,0,0.022833406873901868,True
4340,4340,2177,1,sty+tfidf+bert+perp,4,1,0.9705698238870863,True
4341,4341,2178,0,sty+tfidf+bert+perp,4,0,0.002176622652709189,True
4342,4342,2178,1,sty+tfidf+bert+perp,4,1,0.9985837725010507,True
4343,4343,2179,0,sty+tfidf+bert+perp,4,0,0.0028851997560782766,True
4344,4344,2179,1,sty+tfidf+bert+perp,4,1,0.9998581441922312,True
4345,4345,2180,0,sty+tfidf+bert+perp,4,0,0.012699849523875942,True
4346,4346,2180,1,sty+tfidf+bert+perp,4,1,0.9986633183429531,True
4347,4347,2181,0,sty+tfidf+bert+perp,4,0,0.04526835966556641,True
4348,4348,2181,1,sty+tfidf+bert+perp,4,1,0.9968328665226344,True
4349,4349,2182,0,sty+tfidf+bert+perp,4,0,0.2613692412387006,True
4350,4350,2182,1,sty+tfidf+bert+perp,4,1,0.9864680197991141,True
4351,4351,2183,0,sty+tfidf+bert+perp,4,0,0.17730812106527746,True
4352,4352,2183,1,sty+tfidf+bert+perp,4,1,0.9997672307827754,True
4353,4353,2184,0,sty+tfidf+bert+perp,4,0,0.013326281681044928,True
4354,4354,2184,1,sty+tfidf+bert+perp,4,1,0.9998469246447702,True
4355,4355,2185,0,sty+tfidf+bert+perp,4,0,0.0005601500913041751,True
4356,4356,2185,1,sty+tfidf+bert+perp,4,1,0.9920672646796773,True
4357,4357,2186,0,sty+tfidf+bert+perp,4,0,5.889972633567435e-05,True
4358,4358,2186,1,sty+tfidf+bert+perp,4,0,0.23532935962317192,False
4359,4359,2187,0,sty+tfidf+bert+perp,4,0,0.0001572086305299934,True
4360,4360,2187,1,sty+tfidf+bert+perp,4,1,0.9991049507566762,True
4361,4361,2188,0,sty+tfidf+bert+perp,4,0,0.0010998022965091202,True
4362,4362,2188,1,sty+tfidf+bert+perp,4,1,0.9951684944464918,True
4363,4363,2189,0,sty+tfidf+bert+perp,4,0,0.011510812832369575,True
4364,4364,2189,1,sty+tfidf+bert+perp,4,1,0.9968996193872115,True
4365,4365,2190,0,sty+tfidf+bert+perp,4,0,0.006357597295419988,True
4366,4366,2190,1,sty+tfidf+bert+perp,4,1,0.9893396275003751,True
4367,4367,2191,0,sty+tfidf+bert+perp,4,0,0.0018897306699227935,True
4368,4368,2191,1,sty+tfidf+bert+perp,4,1,0.9993238681348132,True
4369,4369,2192,0,sty+tfidf+bert+perp,4,0,0.009443140440823766,True
4370,4370,2192,1,sty+tfidf+bert+perp,4,1,0.9998327699827386,True
4371,4371,2193,0,sty+tfidf+bert+perp,4,0,0.04286380079433546,True
4372,4372,2193,1,sty+tfidf+bert+perp,4,1,0.999536355079413,True
4373,4373,2194,1,sty+tfidf+bert+perp,4,1,0.8891648227420301,True
4374,4374,2195,0,sty+tfidf+bert+perp,4,0,0.0009705626915919355,True
4375,4375,2195,1,sty+tfidf+bert+perp,4,1,0.6635064954638389,True
4376,4376,2196,0,sty+tfidf+bert+perp,4,0,0.0011391673020733665,True
4377,4377,2196,1,sty+tfidf+bert+perp,4,1,0.9993214682937615,True
4378,4378,2197,0,sty+tfidf+bert+perp,4,0,5.9849607197152336e-05,True
4379,4379,2197,1,sty+tfidf+bert+perp,4,1,0.9965418789816849,True
4380,4380,2198,0,sty+tfidf+bert+perp,4,0,0.0022630965547057636,True
4381,4381,2198,1,sty+tfidf+bert+perp,4,1,0.981136343470777,True
4382,4382,2199,0,sty+tfidf+bert+perp,4,0,0.0022202079830994253,True
4383,4383,2199,1,sty+tfidf+bert+perp,4,1,0.9992739643909725,True
4384,4384,2200,0,sty+tfidf+bert+perp,4,0,0.008802759770855099,True
4385,4385,2200,1,sty+tfidf+bert+perp,4,1,0.9997599617164005,True
4386,4386,2201,0,sty+tfidf+bert+perp,4,0,0.00546472426337967,True
4387,4387,2201,1,sty+tfidf+bert+perp,4,1,0.9997892856938783,True
4388,4388,2202,0,sty+tfidf+bert+perp,4,0,0.00024266204222405207,True
4389,4389,2202,1,sty+tfidf+bert+perp,4,1,0.9998281849668762,True
4390,4390,2203,0,sty+tfidf+bert+perp,4,0,0.001135149579177571,True
4391,4391,2203,1,sty+tfidf+bert+perp,4,1,0.9993200026490887,True
4392,4392,2204,0,sty+tfidf+bert+perp,4,0,0.01498210472031586,True
4393,4393,2204,1,sty+tfidf+bert+perp,4,1,0.9987081853476395,True
4394,4394,2205,0,sty+tfidf+bert+perp,4,0,0.000610210864497399,True
4395,4395,2205,1,sty+tfidf+bert+perp,4,1,0.9998305706178074,True
4396,4396,2206,0,sty+tfidf+bert+perp,4,0,0.00023039743554064405,True
4397,4397,2206,1,sty+tfidf+bert+perp,4,1,0.9898994815129805,True
4398,4398,2207,0,sty+tfidf+bert+perp,4,0,0.016099310145746292,True
4399,4399,2207,1,sty+tfidf+bert+perp,4,1,0.9965361694879846,True
4400,4400,2208,0,sty+tfidf+bert+perp,4,0,0.00043546534783523653,True
4401,4401,2208,1,sty+tfidf+bert+perp,4,1,0.9998278941101961,True
4402,4402,2209,0,sty+tfidf+bert+perp,4,0,0.0002457781939942124,True
4403,4403,2209,1,sty+tfidf+bert+perp,4,1,0.9736180564100283,True
4404,4404,2210,0,sty+tfidf+bert+perp,4,0,0.005205431056459644,True
4405,4405,2210,1,sty+tfidf+bert+perp,4,1,0.9981803538998798,True
4406,4406,2211,0,sty+tfidf+bert+perp,4,0,0.00021256649292372386,True
4407,4407,2211,1,sty+tfidf+bert+perp,4,1,0.9979810938175843,True
4408,4408,2212,0,sty+tfidf+bert+perp,4,0,0.0055983332599335855,True
4409,4409,2212,1,sty+tfidf+bert+perp,4,1,0.9886839638021795,True
4410,4410,2213,0,sty+tfidf+bert+perp,4,0,0.00010064709437903222,True
4411,4411,2213,1,sty+tfidf+bert+perp,4,1,0.9997154022706398,True
4412,4412,2214,0,sty+tfidf+bert+perp,4,0,0.0018666678775362173,True
4413,4413,2214,1,sty+tfidf+bert+perp,4,1,0.9998006499994052,True
4414,4414,2215,0,sty+tfidf+bert+perp,4,0,0.07831297727007516,True
4415,4415,2215,1,sty+tfidf+bert+perp,4,1,0.9988969810606433,True
4416,4416,2216,0,sty+tfidf+bert+perp,4,0,0.0006409866519503289,True
4417,4417,2216,1,sty+tfidf+bert+perp,4,1,0.9998459384787004,True
4418,4418,2217,0,sty+tfidf+bert+perp,4,0,1.066123026252954e-05,True
4419,4419,2217,1,sty+tfidf+bert+perp,4,1,0.9998819221690953,True
4420,4420,2218,0,sty+tfidf+bert+perp,4,0,0.002057719921123618,True
4421,4421,2218,1,sty+tfidf+bert+perp,4,1,0.9970275195453634,True
4422,4422,2219,0,sty+tfidf+bert+perp,4,0,0.0035434165706509633,True
4423,4423,2219,1,sty+tfidf+bert+perp,4,1,0.9961863807131799,True
4424,4424,2220,0,sty+tfidf+bert+perp,4,0,0.0001921096488801327,True
4425,4425,2220,1,sty+tfidf+bert+perp,4,1,0.9965594394517044,True
4426,4426,2221,0,sty+tfidf+bert+perp,4,0,0.020716470823384816,True
4427,4427,2221,1,sty+tfidf+bert+perp,4,1,0.9924586599357461,True
4428,4428,2222,0,sty+tfidf+bert+perp,4,0,0.00042416907395689563,True
4429,4429,2222,1,sty+tfidf+bert+perp,4,1,0.9989130739369579,True
4430,4430,2223,0,sty+tfidf+bert+perp,4,0,0.052593149784221305,True
4431,4431,2223,1,sty+tfidf+bert+perp,4,1,0.9998578595125597,True
4432,4432,2224,0,sty+tfidf+bert+perp,4,0,0.005726075304766153,True
4433,4433,2224,1,sty+tfidf+bert+perp,4,1,0.9994319973873841,True
4434,4434,2225,0,sty+tfidf+bert+perp,4,0,0.01648549082385329,True
4435,4435,2225,1,sty+tfidf+bert+perp,4,1,0.9984441450107007,True
4436,4436,2226,0,sty+tfidf+bert+perp,4,0,0.0327795816796764,True
4437,4437,2226,1,sty+tfidf+bert+perp,4,1,0.9995931293290283,True
4438,4438,2227,0,sty+tfidf+bert+perp,4,0,0.00011929605884888475,True
4439,4439,2227,1,sty+tfidf+bert+perp,4,1,0.9990831188316521,True
4440,4440,2228,0,sty+tfidf+bert+perp,4,0,0.00019745255636666794,True
4441,4441,2228,1,sty+tfidf+bert+perp,4,1,0.9996988340419289,True
4442,4442,2229,0,sty+tfidf+bert+perp,4,0,0.0007402116609641688,True
4443,4443,2229,1,sty+tfidf+bert+perp,4,1,0.9998763342247085,True
4444,4444,2230,0,sty+tfidf+bert+perp,4,0,0.002622065426370291,True
4445,4445,2230,1,sty+tfidf+bert+perp,4,1,0.9906470906365286,True
4446,4446,2231,0,sty+tfidf+bert+perp,4,0,0.1599021985577773,True
4447,4447,2231,1,sty+tfidf+bert+perp,4,1,0.6162980859498286,True
4448,4448,2232,0,sty+tfidf+bert+perp,4,0,0.0001312305148536043,True
4449,4449,2232,1,sty+tfidf+bert+perp,4,0,0.10495758983200729,False
4450,4450,2233,0,sty+tfidf+bert+perp,4,0,0.03189777138172005,True
4451,4451,2233,1,sty+tfidf+bert+perp,4,0,0.022087847223940936,False
4452,4452,2234,0,sty+tfidf+bert+perp,4,0,0.006585500548391225,True
4453,4453,2234,1,sty+tfidf+bert+perp,4,1,0.9981406538639805,True
4454,4454,2235,0,sty+tfidf+bert+perp,4,0,0.010316136236753742,True
4455,4455,2235,1,sty+tfidf+bert+perp,4,1,0.9994607612327123,True
4456,4456,2236,0,sty+tfidf+bert+perp,4,0,0.12260992886905868,True
4457,4457,2236,1,sty+tfidf+bert+perp,4,1,0.9982475513525131,True
4458,4458,2237,0,sty+tfidf+bert+perp,4,0,8.983416671135778e-05,True
4459,4459,2237,1,sty+tfidf+bert+perp,4,1,0.9995357434356459,True
4460,4460,2238,0,sty+tfidf+bert+perp,4,0,0.0006797106544099101,True
4461,4461,2238,1,sty+tfidf+bert+perp,4,1,0.9972698073175507,True
4462,4462,2239,0,sty+tfidf+bert+perp,4,0,0.0004621649358002973,True
4463,4463,2239,1,sty+tfidf+bert+perp,4,1,0.9995763398938909,True
4464,4464,2240,0,sty+tfidf+bert+perp,4,0,0.043557414567507564,True
4465,4465,2240,1,sty+tfidf+bert+perp,4,1,0.9998220880123672,True
4466,4466,2241,0,sty+tfidf+bert+perp,4,0,0.0007881107514915275,True
4467,4467,2241,1,sty+tfidf+bert+perp,4,1,0.9957652268321155,True
4468,4468,2242,0,sty+tfidf+bert+perp,4,0,0.12539764262885691,True
4469,4469,2242,1,sty+tfidf+bert+perp,4,1,0.9840771779471892,True
4470,4470,2243,0,sty+tfidf+bert+perp,4,0,0.0003820013452379061,True
4471,4471,2243,1,sty+tfidf+bert+perp,4,1,0.9619792704973151,True
4472,4472,2244,0,sty+tfidf+bert+perp,4,0,0.0012611208444357166,True
4473,4473,2244,1,sty+tfidf+bert+perp,4,1,0.9993049073266306,True
4474,4474,2245,0,sty+tfidf+bert+perp,4,0,0.003326672613905762,True
4475,4475,2245,1,sty+tfidf+bert+perp,4,1,0.999844722747222,True
4476,4476,2246,0,sty+tfidf+bert+perp,4,0,0.0020851465525217883,True
4477,4477,2246,1,sty+tfidf+bert+perp,4,1,0.9984405890135356,True
4478,4478,2247,0,sty+tfidf+bert+perp,4,0,0.00042831788026846934,True
4479,4479,2247,1,sty+tfidf+bert+perp,4,1,0.9993378711381374,True
4480,4480,2248,0,sty+tfidf+bert+perp,4,0,0.00042131411244991835,True
4481,4481,2248,1,sty+tfidf+bert+perp,4,1,0.9954011221523974,True
4482,4482,2249,0,sty+tfidf+bert+perp,4,0,0.0004468485457791604,True
4483,4483,2249,1,sty+tfidf+bert+perp,4,1,0.9982196946854522,True
4484,4484,2250,0,sty+tfidf+bert+perp,4,0,0.0010217985825619889,True
4485,4485,2250,1,sty+tfidf+bert+perp,4,1,0.999329365590062,True
4486,4486,2251,0,sty+tfidf+bert+perp,4,0,0.012378956603332549,True
4487,4487,2251,1,sty+tfidf+bert+perp,4,1,0.9998388533008831,True
4488,4488,2252,0,sty+tfidf+bert+perp,4,0,0.0021328208521091056,True
4489,4489,2252,1,sty+tfidf+bert+perp,4,1,0.9999714233273261,True
4490,4490,2253,0,sty+tfidf+bert+perp,4,0,0.03485063911786529,True
4491,4491,2253,1,sty+tfidf+bert+perp,4,1,0.996717549728122,True
4492,4492,2254,0,sty+tfidf+bert+perp,4,0,0.0007378617477104732,True
4493,4493,2254,1,sty+tfidf+bert+perp,4,1,0.9977934797613434,True
4494,4494,2255,0,sty+tfidf+bert+perp,4,0,0.0060504737181315766,True
4495,4495,2255,1,sty+tfidf+bert+perp,4,1,0.9995144223266761,True
4496,4496,2256,0,sty+tfidf+bert+perp,4,0,0.002649566826125867,True
4497,4497,2256,1,sty+tfidf+bert+perp,4,1,0.9997282592950356,True
4498,4498,2257,0,sty+tfidf+bert+perp,4,0,0.00017760984444671856,True
4499,4499,2257,1,sty+tfidf+bert+perp,4,1,0.9981517788929324,True
4500,4500,2258,0,sty+tfidf+bert+perp,4,0,0.00032126178032939223,True
4501,4501,2258,1,sty+tfidf+bert+perp,4,1,0.9998221587709871,True
4502,4502,2259,0,sty+tfidf+bert+perp,4,0,0.002380606812379282,True
4503,4503,2259,1,sty+tfidf+bert+perp,4,1,0.9981806678515195,True
4504,4504,2260,0,sty+tfidf+bert+perp,4,0,0.0011159107925834842,True
4505,4505,2260,1,sty+tfidf+bert+perp,4,1,0.9901445842045269,True
4506,4506,2261,0,sty+tfidf+bert+perp,4,0,0.13026416552490416,True
4507,4507,2261,1,sty+tfidf+bert+perp,4,1,0.9989531369082089,True
4508,4508,2262,0,sty+tfidf+bert+perp,4,0,0.000438025099147642,True
4509,4509,2262,1,sty+tfidf+bert+perp,4,1,0.9998740937507524,True
4510,4510,2263,0,sty+tfidf+bert+perp,4,0,0.00013654792314857973,True
4511,4511,2263,1,sty+tfidf+bert+perp,4,1,0.998144911263843,True
4512,4512,2264,0,sty+tfidf+bert+perp,4,0,0.0019312054622898933,True
4513,4513,2264,1,sty+tfidf+bert+perp,4,0,0.1302443781589442,False
4514,4514,2265,0,sty+tfidf+bert+perp,4,0,0.0008262205756263412,True
4515,4515,2265,1,sty+tfidf+bert+perp,4,1,0.9868858897026793,True
4516,4516,2266,0,sty+tfidf+bert+perp,4,0,0.034976975282949276,True
4517,4517,2266,1,sty+tfidf+bert+perp,4,1,0.9973202798661215,True
4518,4518,2267,0,sty+tfidf+bert+perp,4,0,0.0046480141065656615,True
4519,4519,2267,1,sty+tfidf+bert+perp,4,1,0.999683708300061,True
4520,4520,2268,0,sty+tfidf+bert+perp,4,0,0.018172181935747683,True
4521,4521,2268,1,sty+tfidf+bert+perp,4,1,0.9932253563586821,True
4522,4522,2269,0,sty+tfidf+bert+perp,4,0,0.0008520791918042115,True
4523,4523,2269,1,sty+tfidf+bert+perp,4,1,0.9997932115289134,True
4524,4524,2270,0,sty+tfidf+bert+perp,4,0,0.001187113573915747,True
4525,4525,2270,1,sty+tfidf+bert+perp,4,1,0.9997355393571041,True
4526,4526,2271,0,sty+tfidf+bert+perp,4,0,0.0009824009653144397,True
4527,4527,2271,1,sty+tfidf+bert+perp,4,1,0.9980303809208632,True
4528,4528,2272,0,sty+tfidf+bert+perp,4,0,5.8261768794638936e-05,True
4529,4529,2272,1,sty+tfidf+bert+perp,4,1,0.9996252343763504,True
4530,4530,2273,0,sty+tfidf+bert+perp,4,0,8.281117437926597e-05,True
4531,4531,2273,1,sty+tfidf+bert+perp,4,1,0.9999610836393056,True
4532,4532,2274,0,sty+tfidf+bert+perp,4,0,0.00010973009281459731,True
4533,4533,2274,1,sty+tfidf+bert+perp,4,1,0.9987446438468444,True
4534,4534,2275,0,sty+tfidf+bert+perp,4,0,0.007154900872205531,True
4535,4535,2275,1,sty+tfidf+bert+perp,4,1,0.9997197664582692,True
4536,4536,2276,0,sty+tfidf+bert+perp,4,0,0.004550942394999409,True
4537,4537,2276,1,sty+tfidf+bert+perp,4,1,0.97136167809301,True
4538,4538,2277,0,sty+tfidf+bert+perp,4,0,5.454468283450927e-05,True
4539,4539,2277,1,sty+tfidf+bert+perp,4,1,0.9850861142887233,True
4540,4540,2278,0,sty+tfidf+bert+perp,4,0,0.01853347409652749,True
4541,4541,2278,1,sty+tfidf+bert+perp,4,1,0.9997988720456525,True
4542,4542,2279,0,sty+tfidf+bert+perp,4,0,0.006912738639337583,True
4543,4543,2279,1,sty+tfidf+bert+perp,4,1,0.9975983121493724,True
4544,4544,2280,0,sty+tfidf+bert+perp,4,0,0.00023911901910500456,True
4545,4545,2280,1,sty+tfidf+bert+perp,4,1,0.9992352837327447,True
4546,4546,2281,0,sty+tfidf+bert+perp,4,0,0.00028654870871830217,True
4547,4547,2281,1,sty+tfidf+bert+perp,4,1,0.9623143085971319,True
4548,4548,2282,0,sty+tfidf+bert+perp,4,0,0.02646228338974248,True
4549,4549,2282,1,sty+tfidf+bert+perp,4,1,0.9998862455456139,True
4550,4550,2283,0,sty+tfidf+bert+perp,4,0,3.7911086047887074e-05,True
4551,4551,2283,1,sty+tfidf+bert+perp,4,1,0.9993900120040177,True
4552,4552,2284,0,sty+tfidf+bert+perp,4,0,0.0009227711695138103,True
4553,4553,2284,1,sty+tfidf+bert+perp,4,1,0.998627851357252,True
4554,4554,2285,0,sty+tfidf+bert+perp,4,0,0.15763543953492304,True
4555,4555,2285,1,sty+tfidf+bert+perp,4,1,0.9997204624573438,True
4556,4556,2286,0,sty+tfidf+bert+perp,4,0,3.674326328793232e-05,True
4557,4557,2286,1,sty+tfidf+bert+perp,4,1,0.9988569641088272,True
4558,4558,2287,0,sty+tfidf+bert+perp,4,0,0.0015631725173191598,True
4559,4559,2287,1,sty+tfidf+bert+perp,4,1,0.9999507955448993,True
4560,4560,2288,0,sty+tfidf+bert+perp,4,0,0.012342260778665721,True
4561,4561,2288,1,sty+tfidf+bert+perp,4,1,0.9974307906174793,True
4562,4562,2289,0,sty+tfidf+bert+perp,4,0,0.00212622637748955,True
4563,4563,2289,1,sty+tfidf+bert+perp,4,1,0.9817050799220826,True
4564,4564,2290,0,sty+tfidf+bert+perp,4,0,0.0754276713364274,True
4565,4565,2290,1,sty+tfidf+bert+perp,4,1,0.9994449484613624,True
4566,4566,2291,0,sty+tfidf+bert+perp,4,0,0.008979092378376083,True
4567,4567,2291,1,sty+tfidf+bert+perp,4,1,0.9980846712873507,True
4568,4568,2292,0,sty+tfidf+bert+perp,4,0,0.0002859090517178376,True
4569,4569,2292,1,sty+tfidf+bert+perp,4,1,0.9925506000639447,True
4570,4570,2293,0,sty+tfidf+bert+perp,4,0,0.00016768460603332438,True
4571,4571,2293,1,sty+tfidf+bert+perp,4,1,0.999690271953077,True
4572,4572,2294,0,sty+tfidf+bert+perp,4,0,0.0019882174309526356,True
4573,4573,2294,1,sty+tfidf+bert+perp,4,1,0.9854589758874251,True
4574,4574,2295,0,sty+tfidf+bert+perp,4,0,0.00011488599731969996,True
4575,4575,2295,1,sty+tfidf+bert+perp,4,1,0.9987751352180586,True
4576,4576,2296,0,sty+tfidf+bert+perp,4,0,0.10448476565458045,True
4577,4577,2296,1,sty+tfidf+bert+perp,4,1,0.9996530392576626,True
4578,4578,2297,0,sty+tfidf+bert+perp,4,0,0.0199119285927846,True
4579,4579,2297,1,sty+tfidf+bert+perp,4,1,0.9998472253355047,True
4580,4580,2298,0,sty+tfidf+bert+perp,4,0,0.00021697899868424868,True
4581,4581,2298,1,sty+tfidf+bert+perp,4,1,0.9705609144167566,True
4582,4582,2299,0,sty+tfidf+bert+perp,4,0,0.0006880069222923971,True
4583,4583,2299,1,sty+tfidf+bert+perp,4,1,0.9999124742574141,True
4584,4584,2300,0,sty+tfidf+bert+perp,4,0,0.0008361225536049971,True
4585,4585,2300,1,sty+tfidf+bert+perp,4,1,0.9999191677201749,True
4586,4586,2301,0,sty+tfidf+bert+perp,4,0,0.007900818620177713,True
4587,4587,2301,1,sty+tfidf+bert+perp,4,1,0.9989302958907296,True
4588,4588,2302,0,sty+tfidf+bert+perp,4,0,0.005433376890163823,True
4589,4589,2302,1,sty+tfidf+bert+perp,4,1,0.9994338438700697,True
4590,4590,2303,0,sty+tfidf+bert+perp,4,0,0.00027613800047944097,True
4591,4591,2303,1,sty+tfidf+bert+perp,4,1,0.999622973978885,True
4592,4592,2304,0,sty+tfidf+bert+perp,4,0,0.0038753532231444563,True
4593,4593,2304,1,sty+tfidf+bert+perp,4,1,0.9957647292896952,True
4594,4594,2305,0,sty+tfidf+bert+perp,4,0,0.0013070242626805405,True
4595,4595,2305,1,sty+tfidf+bert+perp,4,1,0.999813102062879,True
4596,4596,2306,0,sty+tfidf+bert+perp,4,0,0.002324985136676589,True
4597,4597,2306,1,sty+tfidf+bert+perp,4,1,0.9984659946063233,True
4598,4598,2307,0,sty+tfidf+bert+perp,4,0,0.001612292688683309,True
4599,4599,2307,1,sty+tfidf+bert+perp,4,1,0.9971681981561928,True
4600,4600,2308,0,sty+tfidf+bert+perp,4,0,0.00012430738803340425,True
4601,4601,2308,1,sty+tfidf+bert+perp,4,1,0.9988536397138227,True
4602,4602,2309,0,sty+tfidf+bert+perp,4,0,0.03269424344039563,True
4603,4603,2309,1,sty+tfidf+bert+perp,4,1,0.9996351294182264,True
4604,4604,2310,0,sty+tfidf+bert+perp,4,0,0.00040554588986199176,True
4605,4605,2310,1,sty+tfidf+bert+perp,4,1,0.9987949449083933,True
4606,4606,2311,0,sty+tfidf+bert+perp,4,0,0.00017165787279557664,True
4607,4607,2311,1,sty+tfidf+bert+perp,4,1,0.9998805229937342,True
4608,4608,2312,0,sty+tfidf+bert+perp,4,0,9.603400879785598e-05,True
4609,4609,2312,1,sty+tfidf+bert+perp,4,1,0.9892552523237258,True
4610,4610,2313,0,sty+tfidf+bert+perp,4,0,0.0010533046792198023,True
4611,4611,2313,1,sty+tfidf+bert+perp,4,1,0.9948902263038092,True
4612,4612,2314,0,sty+tfidf+bert+perp,4,0,0.0004558275918492854,True
4613,4613,2314,1,sty+tfidf+bert+perp,4,1,0.8326503702798334,True
4614,4614,2315,0,sty+tfidf+bert+perp,4,0,0.0007075596031567383,True
4615,4615,2315,1,sty+tfidf+bert+perp,4,1,0.9122423326492868,True
4616,4616,2316,0,sty+tfidf+bert+perp,4,0,0.02160216283469444,True
4617,4617,2316,1,sty+tfidf+bert+perp,4,1,0.9999316117797497,True
4618,4618,2317,0,sty+tfidf+bert+perp,4,0,5.013977668848682e-05,True
4619,4619,2317,1,sty+tfidf+bert+perp,4,1,0.9987434702392873,True
4620,4620,2318,0,sty+tfidf+bert+perp,4,0,0.05868712947367306,True
4621,4621,2318,1,sty+tfidf+bert+perp,4,1,0.9353057890671492,True
4622,4622,2319,0,sty+tfidf+bert+perp,4,0,4.467746076704465e-05,True
4623,4623,2319,1,sty+tfidf+bert+perp,4,1,0.9891028596896719,True
4624,4624,2320,0,sty+tfidf+bert+perp,4,0,0.0005846163348134938,True
4625,4625,2320,1,sty+tfidf+bert+perp,4,1,0.5370591213762697,True
4626,4626,2321,0,sty+tfidf+bert+perp,4,0,0.03871910946037525,True
4627,4627,2321,1,sty+tfidf+bert+perp,4,1,0.9996755158948977,True
4628,4628,2322,0,sty+tfidf+bert+perp,4,0,0.00010261624544935153,True
4629,4629,2322,1,sty+tfidf+bert+perp,4,1,0.9971756101834325,True
4630,4630,2323,0,sty+tfidf+bert+perp,4,0,0.00043443266797439564,True
4631,4631,2323,1,sty+tfidf+bert+perp,4,1,0.999925116964056,True
4632,4632,2324,0,sty+tfidf+bert+perp,4,0,0.0001237342904277422,True
4633,4633,2324,1,sty+tfidf+bert+perp,4,1,0.999703708026195,True
4634,4634,2325,0,sty+tfidf+bert+perp,4,0,0.0053233289037754134,True
4635,4635,2325,1,sty+tfidf+bert+perp,4,1,0.9998631693799498,True
4636,4636,2326,0,sty+tfidf+bert+perp,4,0,0.00016528432150586327,True
4637,4637,2326,1,sty+tfidf+bert+perp,4,1,0.9992005447821204,True
4638,4638,2327,0,sty+tfidf+bert+perp,4,0,4.953276247836293e-05,True
4639,4639,2327,1,sty+tfidf+bert+perp,4,1,0.9657518980785199,True
4640,4640,2328,0,sty+tfidf+bert+perp,4,0,0.021006980721777528,True
4641,4641,2328,1,sty+tfidf+bert+perp,4,1,0.9998086833737553,True
4642,4642,2329,0,sty+tfidf+bert+perp,4,0,0.029852620234008902,True
4643,4643,2329,1,sty+tfidf+bert+perp,4,1,0.997776368442493,True
4644,4644,2330,0,sty+tfidf+bert+perp,4,0,0.00048595254801361783,True
4645,4645,2330,1,sty+tfidf+bert+perp,4,1,0.9984164622319923,True
4646,4646,2331,0,sty+tfidf+bert+perp,4,0,0.006389931094797084,True
4647,4647,2331,1,sty+tfidf+bert+perp,4,1,0.9997766416882878,True
4648,4648,2332,0,sty+tfidf+bert+perp,4,0,0.0019540036015565127,True
4649,4649,2332,1,sty+tfidf+bert+perp,4,1,0.9996728588228071,True
4650,4650,2333,0,sty+tfidf+bert+perp,4,0,0.011733964950468766,True
4651,4651,2333,1,sty+tfidf+bert+perp,4,1,0.9999482981529506,True
4652,4652,2334,0,sty+tfidf+bert+perp,4,0,0.012436314722450067,True
4653,4653,2334,1,sty+tfidf+bert+perp,4,1,0.9577851671647994,True
4654,4654,2335,0,sty+tfidf+bert+perp,4,0,0.08065767724862638,True
4655,4655,2335,1,sty+tfidf+bert+perp,4,1,0.9997594497145653,True
4656,4656,2336,0,sty+tfidf+bert+perp,4,0,0.00014399304909753122,True
4657,4657,2336,1,sty+tfidf+bert+perp,4,1,0.9953288335881874,True
4658,4658,2337,0,sty+tfidf+bert+perp,4,0,0.002932182201049091,True
4659,4659,2337,1,sty+tfidf+bert+perp,4,1,0.9996761507305971,True
4660,4660,2338,0,sty+tfidf+bert+perp,4,0,0.000527436997730751,True
4661,4661,2338,1,sty+tfidf+bert+perp,4,1,0.9948940093232959,True
4662,4662,2339,0,sty+tfidf+bert+perp,4,0,0.0005410297198625265,True
4663,4663,2339,1,sty+tfidf+bert+perp,4,1,0.9997420487797728,True
4664,4664,2340,0,sty+tfidf+bert+perp,4,0,0.00011994507205494453,True
4665,4665,2340,1,sty+tfidf+bert+perp,4,1,0.9984788304633893,True
4666,4666,2341,0,sty+tfidf+bert+perp,4,0,0.007391579700933668,True
4667,4667,2341,1,sty+tfidf+bert+perp,4,1,0.9989836581003347,True
4668,4668,2342,0,sty+tfidf+bert+perp,4,0,0.23061671874755946,True
4669,4669,2342,1,sty+tfidf+bert+perp,4,1,0.9978950219731723,True
4670,4670,2343,0,sty+tfidf+bert+perp,4,0,3.768287830510658e-05,True
4671,4671,2343,1,sty+tfidf+bert+perp,4,1,0.9911766394103808,True
4672,4672,2344,0,sty+tfidf+bert+perp,4,0,0.0015536946611904824,True
4673,4673,2344,1,sty+tfidf+bert+perp,4,1,0.9995665283586251,True
4674,4674,2345,0,sty+tfidf+bert+perp,4,0,0.016743626746735345,True
4675,4675,2345,1,sty+tfidf+bert+perp,4,1,0.9993715770429311,True
4676,4676,2346,0,sty+tfidf+bert+perp,4,0,0.01158841799946826,True
4677,4677,2346,1,sty+tfidf+bert+perp,4,1,0.9995988122972913,True
4678,4678,2347,0,sty+tfidf+bert+perp,4,0,2.9918855084643954e-05,True
4679,4679,2347,1,sty+tfidf+bert+perp,4,1,0.9481977698321,True
4680,4680,2348,0,sty+tfidf+bert+perp,4,0,0.0013343709069293577,True
4681,4681,2348,1,sty+tfidf+bert+perp,4,1,0.9976482154402958,True
4682,4682,2349,0,sty+tfidf+bert+perp,4,0,0.00015071795686279885,True
4683,4683,2349,1,sty+tfidf+bert+perp,4,1,0.9914012090887064,True
4684,4684,2350,0,sty+tfidf+bert+perp,4,0,0.0022424108387794515,True
4685,4685,2350,1,sty+tfidf+bert+perp,4,1,0.9978886376268266,True
4686,4686,2351,0,sty+tfidf+bert+perp,4,1,0.856901107793262,False
4687,4687,2351,1,sty+tfidf+bert+perp,4,1,0.9984457987980139,True
4688,4688,2352,0,sty+tfidf+bert+perp,4,0,0.00018910662743765378,True
4689,4689,2352,1,sty+tfidf+bert+perp,4,1,0.7677921033686448,True
4690,4690,2353,0,sty+tfidf+bert+perp,4,0,3.3592996746280036e-05,True
4691,4691,2353,1,sty+tfidf+bert+perp,4,1,0.9992930296588124,True
4692,4692,2354,0,sty+tfidf+bert+perp,4,0,7.903701509216704e-05,True
4693,4693,2354,1,sty+tfidf+bert+perp,4,1,0.9957016529372688,True
4694,4694,2355,0,sty+tfidf+bert+perp,4,0,0.0008951170556991143,True
4695,4695,2355,1,sty+tfidf+bert+perp,4,1,0.9912307453030189,True
4696,4696,2356,0,sty+tfidf+bert+perp,4,0,0.016376687895671045,True
4697,4697,2356,1,sty+tfidf+bert+perp,4,1,0.9993205135797693,True
4698,4698,2357,0,sty+tfidf+bert+perp,4,0,0.0107686834999881,True
4699,4699,2357,1,sty+tfidf+bert+perp,4,1,0.999289108895509,True
4700,4700,2358,0,sty+tfidf+bert+perp,4,0,0.018963460608122304,True
4701,4701,2358,1,sty+tfidf+bert+perp,4,1,0.9998695030121155,True
4702,4702,2359,0,sty+tfidf+bert+perp,4,0,0.00017590901193051663,True
4703,4703,2359,1,sty+tfidf+bert+perp,4,1,0.9999352918094686,True
4704,4704,2360,0,sty+tfidf+bert+perp,4,0,0.1377695292213369,True
4705,4705,2360,1,sty+tfidf+bert+perp,4,1,0.9082148413003996,True
4706,4706,2361,0,sty+tfidf+bert+perp,4,0,0.0011681718763186593,True
4707,4707,2361,1,sty+tfidf+bert+perp,4,1,0.9459064934140782,True
4708,4708,2362,0,sty+tfidf+bert+perp,4,0,0.005796890129474235,True
4709,4709,2362,1,sty+tfidf+bert+perp,4,1,0.9985682901558508,True
4710,4710,2363,0,sty+tfidf+bert+perp,4,0,0.39326455994772436,True
4711,4711,2363,1,sty+tfidf+bert+perp,4,1,0.998391692577565,True
4712,4712,2364,0,sty+tfidf+bert+perp,4,0,0.24538609049096402,True
4713,4713,2364,1,sty+tfidf+bert+perp,4,1,0.9992844644118711,True
4714,4714,2365,0,sty+tfidf+bert+perp,4,0,0.0332874784693207,True
4715,4715,2365,1,sty+tfidf+bert+perp,4,1,0.9999440057576425,True
4716,4716,2366,0,sty+tfidf+bert+perp,4,0,0.06338984046401216,True
4717,4717,2366,1,sty+tfidf+bert+perp,4,1,0.995033688086215,True
4718,4718,2367,0,sty+tfidf+bert+perp,4,0,0.0023476820843607274,True
4719,4719,2367,1,sty+tfidf+bert+perp,4,1,0.9397363254360392,True
4720,4720,2368,0,sty+tfidf+bert+perp,4,0,0.003559610261153237,True
4721,4721,2368,1,sty+tfidf+bert+perp,4,1,0.9999618059677952,True
4722,4722,2369,0,sty+tfidf+bert+perp,4,0,0.004025692182403653,True
4723,4723,2369,1,sty+tfidf+bert+perp,4,1,0.9973341181282892,True
4724,4724,2370,0,sty+tfidf+bert+perp,4,0,0.0015799934927830963,True
4725,4725,2370,1,sty+tfidf+bert+perp,4,1,0.9992730225405261,True
4726,4726,2371,0,sty+tfidf+bert+perp,4,0,0.024826791155078232,True
4727,4727,2371,1,sty+tfidf+bert+perp,4,1,0.9998869364510669,True
4728,4728,2372,0,sty+tfidf+bert+perp,4,0,0.0003274044392166043,True
4729,4729,2372,1,sty+tfidf+bert+perp,4,1,0.9683288915172396,True
4730,4730,2373,0,sty+tfidf+bert+perp,4,0,0.0011036737600004826,True
4731,4731,2373,1,sty+tfidf+bert+perp,4,1,0.9860077798894405,True
4732,4732,2374,0,sty+tfidf+bert+perp,4,0,0.0008386053830152025,True
4733,4733,2374,1,sty+tfidf+bert+perp,4,1,0.9612791591731208,True
4734,4734,2375,0,sty+tfidf+bert+perp,4,0,0.00012049137000558453,True
4735,4735,2375,1,sty+tfidf+bert+perp,4,1,0.969428265574561,True
4736,4736,2376,0,sty+tfidf+bert+perp,4,0,0.47876622063175417,True
4737,4737,2376,1,sty+tfidf+bert+perp,4,1,0.9997771971711152,True
4738,4738,2377,0,sty+tfidf+bert+perp,4,0,0.00515532868087237,True
4739,4739,2377,1,sty+tfidf+bert+perp,4,1,0.9998769609079723,True
4740,4740,2378,0,sty+tfidf+bert+perp,4,0,0.001193175027234697,True
4741,4741,2378,1,sty+tfidf+bert+perp,4,1,0.9957293053076711,True
4742,4742,2379,0,sty+tfidf+bert+perp,4,1,0.504889134484286,False
4743,4743,2379,1,sty+tfidf+bert+perp,4,1,0.9993686541666255,True
4744,4744,2380,0,sty+tfidf+bert+perp,4,0,0.004979890672942013,True
4745,4745,2380,1,sty+tfidf+bert+perp,4,1,0.9998843697868739,True
4746,4746,2381,0,sty+tfidf+bert+perp,4,0,0.00012152228398346567,True
4747,4747,2381,1,sty+tfidf+bert+perp,4,1,0.9943041670596489,True
4748,4748,2382,0,sty+tfidf+bert+perp,4,0,0.0035118964771138454,True
4749,4749,2382,1,sty+tfidf+bert+perp,4,1,0.9993783415398934,True
4750,4750,2383,0,sty+tfidf+bert+perp,4,0,0.0003071024141859764,True
4751,4751,2383,1,sty+tfidf+bert+perp,4,1,0.9989897093351803,True
4752,4752,2384,0,sty+tfidf+bert+perp,4,0,0.00017083042807918022,True
4753,4753,2384,1,sty+tfidf+bert+perp,4,1,0.9978224091469925,True
4754,4754,2385,0,sty+tfidf+bert+perp,4,0,0.0002530051071710471,True
4755,4755,2385,1,sty+tfidf+bert+perp,4,1,0.946864275768764,True
4756,4756,2386,0,sty+tfidf+bert+perp,4,0,0.0014540876157555433,True
4757,4757,2386,1,sty+tfidf+bert+perp,4,1,0.9935767248853993,True
4758,4758,2387,0,sty+tfidf+bert+perp,4,0,0.00018368170673547558,True
4759,4759,2387,1,sty+tfidf+bert+perp,4,1,0.9999824498153079,True
4760,4760,2388,0,sty+tfidf+bert+perp,4,0,0.017634028296083536,True
4761,4761,2388,1,sty+tfidf+bert+perp,4,0,0.13523262599123542,False
4762,4762,2389,0,sty+tfidf+bert+perp,4,0,0.00013787938728238082,True
4763,4763,2389,1,sty+tfidf+bert+perp,4,1,0.9954943410966046,True
4764,4764,2390,0,sty+tfidf+bert+perp,4,0,0.016352106751990392,True
4765,4765,2390,1,sty+tfidf+bert+perp,4,1,0.999575834253774,True
4766,4766,2391,0,sty+tfidf+bert+perp,4,0,0.28703566714734463,True
4767,4767,2391,1,sty+tfidf+bert+perp,4,1,0.9993663197819009,True
4768,4768,2392,0,sty+tfidf+bert+perp,4,0,0.0010193848289881439,True
4769,4769,2392,1,sty+tfidf+bert+perp,4,1,0.9706877909896063,True
4770,4770,2393,0,sty+tfidf+bert+perp,4,0,0.0003484653820235839,True
4771,4771,2393,1,sty+tfidf+bert+perp,4,1,0.9978901230752315,True
4772,4772,2394,0,sty+tfidf+bert+perp,4,0,0.0003782683623771621,True
4773,4773,2394,1,sty+tfidf+bert+perp,4,1,0.9987694272405735,True
4774,4774,2395,0,sty+tfidf+bert+perp,4,0,0.13395765929331793,True
4775,4775,2395,1,sty+tfidf+bert+perp,4,1,0.9564516808638283,True
4776,4776,2396,0,sty+tfidf+bert+perp,4,0,0.003731262601281409,True
4777,4777,2396,1,sty+tfidf+bert+perp,4,1,0.9996573474411697,True
4778,4778,2397,0,sty+tfidf+bert+perp,4,0,0.0001162242915659295,True
4779,4779,2397,1,sty+tfidf+bert+perp,4,1,0.9902925175309311,True
4780,4780,2398,0,sty+tfidf+bert+perp,4,0,4.558152348150723e-05,True
4781,4781,2398,1,sty+tfidf+bert+perp,4,1,0.9998897150042058,True
4782,4782,2399,0,sty+tfidf+bert+perp,4,0,0.0014025106361872425,True
4783,4783,2399,1,sty+tfidf+bert+perp,4,1,0.9245871683570356,True
4784,4784,2400,0,sty+tfidf+bert+perp,4,0,0.0008654005055392812,True
4785,4785,2400,1,sty+tfidf+bert+perp,4,1,0.9977884840978956,True
4786,4786,2401,0,sty+tfidf+bert+perp,4,0,0.005822648336127984,True
4787,4787,2401,1,sty+tfidf+bert+perp,4,1,0.9995237957922194,True
4788,4788,2402,0,sty+tfidf+bert+perp,4,0,0.0005418531297667602,True
4789,4789,2402,1,sty+tfidf+bert+perp,4,1,0.9998888822485492,True
4790,4790,2403,0,sty+tfidf+bert+perp,4,0,0.0014242399875920777,True
4791,4791,2403,1,sty+tfidf+bert+perp,4,1,0.9998895151991701,True
4792,4792,2404,0,sty+tfidf+bert+perp,4,0,0.023300445173672062,True
4793,4793,2404,1,sty+tfidf+bert+perp,4,1,0.9998040365928306,True
4794,4794,2405,0,sty+tfidf+bert+perp,4,0,0.004158791888747262,True
4795,4795,2405,1,sty+tfidf+bert+perp,4,1,0.9753570967404741,True
4796,4796,2406,0,sty+tfidf+bert+perp,4,0,0.00033557743971114395,True
4797,4797,2406,1,sty+tfidf+bert+perp,4,1,0.9317756349630342,True
4798,4798,2407,0,sty+tfidf+bert+perp,4,0,0.0041373965116566856,True
4799,4799,2407,1,sty+tfidf+bert+perp,4,1,0.9998882165904911,True
4800,4800,2408,0,sty+tfidf+bert+perp,4,0,0.0006713778338047188,True
4801,4801,2408,1,sty+tfidf+bert+perp,4,1,0.9979948809665659,True
4802,4802,2409,0,sty+tfidf+bert+perp,4,0,0.004994974456198685,True
4803,4803,2409,1,sty+tfidf+bert+perp,4,1,0.99668522796707,True
4804,4804,2410,0,sty+tfidf+bert+perp,4,1,0.7303083344200961,False
4805,4805,2410,1,sty+tfidf+bert+perp,4,1,0.9987139264287297,True
4806,4806,2411,0,sty+tfidf+bert+perp,4,0,0.11126941548544236,True
4807,4807,2411,1,sty+tfidf+bert+perp,4,1,0.9993457390272681,True
4808,4808,2412,0,sty+tfidf+bert+perp,4,0,0.00010951685219530235,True
4809,4809,2412,1,sty+tfidf+bert+perp,4,1,0.9306348994502908,True
4810,4810,2413,0,sty+tfidf+bert+perp,4,0,0.00015543997170420923,True
4811,4811,2413,1,sty+tfidf+bert+perp,4,1,0.9972289757285057,True
4812,4812,2414,0,sty+tfidf+bert+perp,4,0,4.8781928205176504e-05,True
4813,4813,2414,1,sty+tfidf+bert+perp,4,1,0.9977531895749049,True
4814,4814,2415,0,sty+tfidf+bert+perp,4,0,9.727129864364021e-05,True
4815,4815,2415,1,sty+tfidf+bert+perp,4,0,0.14653400767322924,False
4816,4816,2416,0,sty+tfidf+bert+perp,4,0,0.01971944864029942,True
4817,4817,2416,1,sty+tfidf+bert+perp,4,1,0.9806741837289819,True
4818,4818,2417,0,sty+tfidf+bert+perp,4,0,0.0006250179289821874,True
4819,4819,2417,1,sty+tfidf+bert+perp,4,1,0.9996340051296604,True
4820,4820,2418,0,sty+tfidf+bert+perp,4,0,0.0009353650083939906,True
4821,4821,2418,1,sty+tfidf+bert+perp,4,1,0.9996526245853443,True
4822,4822,2419,0,sty+tfidf+bert+perp,4,0,0.0004330140394041961,True
4823,4823,2419,1,sty+tfidf+bert+perp,4,1,0.987746736058351,True
4824,4824,2420,0,sty+tfidf+bert+perp,4,0,0.0003946868098458903,True
4825,4825,2420,1,sty+tfidf+bert+perp,4,1,0.9983419897540224,True
4826,4826,2421,0,sty+tfidf+bert+perp,4,0,0.024803445677173647,True
4827,4827,2421,1,sty+tfidf+bert+perp,4,1,0.9703794235922447,True
4828,4828,2422,0,sty+tfidf+bert+perp,4,0,0.0027657218021432664,True
4829,4829,2422,1,sty+tfidf+bert+perp,4,1,0.9999333116301913,True
4830,4830,2423,0,sty+tfidf+bert+perp,4,0,0.0007636983696081191,True
4831,4831,2423,1,sty+tfidf+bert+perp,4,1,0.9989569536672943,True
4832,4832,2424,0,sty+tfidf+bert+perp,4,0,0.00020945415721228838,True
4833,4833,2424,1,sty+tfidf+bert+perp,4,1,0.9950542031953628,True
4834,4834,2425,0,sty+tfidf+bert+perp,4,0,0.00010380208507688874,True
4835,4835,2425,1,sty+tfidf+bert+perp,4,1,0.973445133228205,True
4836,4836,2426,0,sty+tfidf+bert+perp,4,0,0.0035169940890615956,True
4837,4837,2426,1,sty+tfidf+bert+perp,4,1,0.971395433321277,True
4838,4838,2427,1,sty+tfidf+bert+perp,4,1,0.9998243450436585,True
4839,4839,2428,0,sty+tfidf+bert+perp,4,0,0.005917203197716986,True
4840,4840,2428,1,sty+tfidf+bert+perp,4,1,0.9999020410217498,True
4841,4841,2429,0,sty+tfidf+bert+perp,4,0,0.0008571073737661659,True
4842,4842,2429,1,sty+tfidf+bert+perp,4,1,0.9996966788479861,True
4843,4843,2430,0,sty+tfidf+bert+perp,4,0,0.006074333325589494,True
4844,4844,2430,1,sty+tfidf+bert+perp,4,1,0.9993875769399887,True
4845,4845,2431,0,sty+tfidf+bert+perp,4,0,0.0021367135544077677,True
4846,4846,2431,1,sty+tfidf+bert+perp,4,1,0.9242050790879249,True
4847,4847,2432,0,sty+tfidf+bert+perp,4,0,0.07080679578900823,True
4848,4848,2432,1,sty+tfidf+bert+perp,4,1,0.997389333893575,True
4849,4849,2433,0,sty+tfidf+bert+perp,4,1,0.7633691509125148,False
4850,4850,2433,1,sty+tfidf+bert+perp,4,1,0.999167127298297,True
4851,4851,2434,0,sty+tfidf+bert+perp,4,0,0.0002033276128722624,True
4852,4852,2434,1,sty+tfidf+bert+perp,4,1,0.9736701846671768,True
4853,4853,2435,0,sty+tfidf+bert+perp,4,0,3.0458067746322548e-05,True
4854,4854,2435,1,sty+tfidf+bert+perp,4,1,0.9980824134900694,True
4855,4855,2436,0,sty+tfidf+bert+perp,4,0,0.0025954125722909872,True
4856,4856,2436,1,sty+tfidf+bert+perp,4,1,0.9998593551232909,True
4857,4857,2437,0,sty+tfidf+bert+perp,4,0,0.0010716781954567209,True
4858,4858,2437,1,sty+tfidf+bert+perp,4,1,0.9996536084047284,True
4859,4859,2438,0,sty+tfidf+bert+perp,4,0,0.1064818461629633,True
4860,4860,2438,1,sty+tfidf+bert+perp,4,1,0.99927593467427,True
4861,4861,2439,0,sty+tfidf+bert+perp,4,0,0.00042565108486268104,True
4862,4862,2439,1,sty+tfidf+bert+perp,4,1,0.9992542574158148,True
4863,4863,2440,0,sty+tfidf+bert+perp,4,0,0.0039441926279570085,True
4864,4864,2440,1,sty+tfidf+bert+perp,4,1,0.9951941181227459,True
4865,4865,2441,0,sty+tfidf+bert+perp,4,0,0.004607638811212367,True
4866,4866,2441,1,sty+tfidf+bert+perp,4,1,0.9996373579627925,True
4867,4867,2442,0,sty+tfidf+bert+perp,4,0,0.00020431678992063881,True
4868,4868,2442,1,sty+tfidf+bert+perp,4,1,0.9982227179489696,True
4869,4869,2443,0,sty+tfidf+bert+perp,4,0,0.001796264478554699,True
4870,4870,2443,1,sty+tfidf+bert+perp,4,1,0.9998224243198818,True
4871,4871,2444,0,sty+tfidf+bert+perp,4,0,0.06009545512377064,True
4872,4872,2444,1,sty+tfidf+bert+perp,4,1,0.9996997711145215,True
4873,4873,2445,0,sty+tfidf+bert+perp,4,0,0.11219264204895554,True
4874,4874,2445,1,sty+tfidf+bert+perp,4,1,0.9997915473692766,True
4875,4875,2446,0,sty+tfidf+bert+perp,4,0,0.0004627065365743872,True
4876,4876,2446,1,sty+tfidf+bert+perp,4,1,0.9998309383820717,True
4877,4877,2447,0,sty+tfidf+bert+perp,4,0,0.0008298452229173451,True
4878,4878,2447,1,sty+tfidf+bert+perp,4,1,0.9995892822165442,True
4879,4879,2448,0,sty+tfidf+bert+perp,4,0,0.0002609275557541255,True
4880,4880,2448,1,sty+tfidf+bert+perp,4,1,0.9992508921382975,True
4881,4881,2449,0,sty+tfidf+bert+perp,4,0,2.254320843389765e-05,True
4882,4882,2449,1,sty+tfidf+bert+perp,4,1,0.9936244148805253,True
4883,4883,2450,0,sty+tfidf+bert+perp,4,0,0.0003948875911802774,True
4884,4884,2450,1,sty+tfidf+bert+perp,4,1,0.9992245859944235,True
4885,4885,2451,0,sty+tfidf+bert+perp,4,0,0.010948759400209293,True
4886,4886,2451,1,sty+tfidf+bert+perp,4,1,0.9997634671797268,True
4887,4887,2452,0,sty+tfidf+bert+perp,4,0,0.03819608202779788,True
4888,4888,2452,1,sty+tfidf+bert+perp,4,1,0.9995290938192434,True
4889,4889,2453,0,sty+tfidf+bert+perp,4,0,0.0036008387909120198,True
4890,4890,2453,1,sty+tfidf+bert+perp,4,1,0.9993447188135001,True
4891,4891,2454,0,sty+tfidf+bert+perp,4,0,0.018656561401905938,True
4892,4892,2454,1,sty+tfidf+bert+perp,4,1,0.9998102440091327,True
4893,4893,2455,1,sty+tfidf+bert+perp,4,1,0.9969812609471551,True
4894,4894,2456,0,sty+tfidf+bert+perp,4,0,0.0003315815401962854,True
4895,4895,2456,1,sty+tfidf+bert+perp,4,1,0.9985248885094314,True
4896,4896,2457,0,sty+tfidf+bert+perp,4,0,0.01756284327386411,True
4897,4897,2457,1,sty+tfidf+bert+perp,4,1,0.7784178489074534,True
4898,4898,2458,0,sty+tfidf+bert+perp,4,0,0.00019672633558323504,True
4899,4899,2458,1,sty+tfidf+bert+perp,4,1,0.9992330665079434,True
4900,4900,2459,0,sty+tfidf+bert+perp,4,0,0.0011072563503680974,True
4901,4901,2459,1,sty+tfidf+bert+perp,4,1,0.9999039749209172,True
4902,4902,2460,0,sty+tfidf+bert+perp,4,0,0.0042759174408354165,True
4903,4903,2460,1,sty+tfidf+bert+perp,4,1,0.9951900852131729,True
4904,4904,2461,0,sty+tfidf+bert+perp,4,0,0.010588059605696323,True
4905,4905,2461,1,sty+tfidf+bert+perp,4,1,0.9998860052229552,True
4906,4906,2462,0,sty+tfidf+bert+perp,4,0,0.0013800494084226988,True
4907,4907,2462,1,sty+tfidf+bert+perp,4,1,0.9904172625109577,True
4908,4908,2463,0,sty+tfidf+bert+perp,4,0,0.00018056211791493533,True
4909,4909,2463,1,sty+tfidf+bert+perp,4,1,0.9756373311558597,True
4910,4910,2464,0,sty+tfidf+bert+perp,4,0,0.0744304242824776,True
4911,4911,2464,1,sty+tfidf+bert+perp,4,1,0.9995167556356283,True
4912,4912,2465,0,sty+tfidf+bert+perp,4,0,0.0023562794577657994,True
4913,4913,2465,1,sty+tfidf+bert+perp,4,1,0.9996720759041384,True
4914,4914,2466,0,sty+tfidf+bert+perp,4,0,0.00011886698961749061,True
4915,4915,2466,1,sty+tfidf+bert+perp,4,1,0.6529477966093014,True
4916,4916,2467,0,sty+tfidf+bert+perp,4,0,0.00042207026295935213,True
4917,4917,2467,1,sty+tfidf+bert+perp,4,1,0.9994062495717911,True
4918,4918,2468,0,sty+tfidf+bert+perp,4,0,0.0010106679892529634,True
4919,4919,2468,1,sty+tfidf+bert+perp,4,1,0.9994345299942068,True
4920,4920,2469,0,sty+tfidf+bert+perp,4,0,0.0003897366716847441,True
4921,4921,2469,1,sty+tfidf+bert+perp,4,1,0.9971278623359071,True
4922,4922,2470,0,sty+tfidf+bert+perp,4,0,0.02455078673176774,True
4923,4923,2470,1,sty+tfidf+bert+perp,4,1,0.9975790236132085,True
4924,4924,2471,0,sty+tfidf+bert+perp,4,0,0.0007048766318426998,True
4925,4925,2471,1,sty+tfidf+bert+perp,4,1,0.9998957679055702,True
4926,4926,2472,0,sty+tfidf+bert+perp,4,0,0.001486198890315901,True
4927,4927,2472,1,sty+tfidf+bert+perp,4,1,0.9990310458535734,True
4928,4928,2473,0,sty+tfidf+bert+perp,4,0,0.005670054559720955,True
4929,4929,2473,1,sty+tfidf+bert+perp,4,1,0.9777437682846956,True
4930,4930,2474,0,sty+tfidf+bert+perp,4,0,0.001322681585439623,True
4931,4931,2474,1,sty+tfidf+bert+perp,4,1,0.9496658217746833,True
4932,4932,2475,0,sty+tfidf+bert+perp,4,0,9.789054020375677e-05,True
4933,4933,2475,1,sty+tfidf+bert+perp,4,1,0.9996250509223252,True
4934,4934,2476,0,sty+tfidf+bert+perp,4,0,0.00040158141666646866,True
4935,4935,2476,1,sty+tfidf+bert+perp,4,1,0.9996975704673077,True
4936,4936,2477,0,sty+tfidf+bert+perp,4,0,0.0019017526205030084,True
4937,4937,2477,1,sty+tfidf+bert+perp,4,1,0.999054104862091,True
4938,4938,2478,0,sty+tfidf+bert+perp,4,0,0.22525178981227872,True
4939,4939,2478,1,sty+tfidf+bert+perp,4,1,0.999553416378289,True
4940,4940,2479,0,sty+tfidf+bert+perp,4,0,0.0008629416011413223,True
4941,4941,2479,1,sty+tfidf+bert+perp,4,1,0.9957704750662845,True
4942,4942,2480,0,sty+tfidf+bert+perp,4,0,0.000676148920673068,True
4943,4943,2480,1,sty+tfidf+bert+perp,4,1,0.9994093714110284,True
4944,4944,2481,0,sty+tfidf+bert+perp,4,0,0.00030742502842124523,True
4945,4945,2481,1,sty+tfidf+bert+perp,4,1,0.9866323129503003,True
4946,4946,2482,0,sty+tfidf+bert+perp,4,0,0.0005832413041193049,True
4947,4947,2482,1,sty+tfidf+bert+perp,4,1,0.9980371943051386,True
4948,4948,2483,0,sty+tfidf+bert+perp,4,0,0.0014749194174648408,True
4949,4949,2483,1,sty+tfidf+bert+perp,4,1,0.9997192166072894,True
4950,4950,2484,0,sty+tfidf+bert+perp,4,0,0.0010976298529380276,True
4951,4951,2484,1,sty+tfidf+bert+perp,4,1,0.998665366541276,True
4952,4952,2485,0,sty+tfidf+bert+perp,4,0,0.0027244329284163067,True
4953,4953,2485,1,sty+tfidf+bert+perp,4,1,0.9999022987685348,True
4954,4954,2486,0,sty+tfidf+bert+perp,4,0,0.0009928747802997614,True
4955,4955,2486,1,sty+tfidf+bert+perp,4,1,0.9995751227209152,True
4956,4956,2487,0,sty+tfidf+bert+perp,4,0,0.017217727486642413,True
4957,4957,2487,1,sty+tfidf+bert+perp,4,1,0.9993766456884297,True
4958,4958,2488,0,sty+tfidf+bert+perp,4,0,0.03218866130109596,True
4959,4959,2488,1,sty+tfidf+bert+perp,4,1,0.9994585767935501,True
4960,4960,2489,0,sty+tfidf+bert+perp,4,0,9.169225927936153e-05,True
4961,4961,2489,1,sty+tfidf+bert+perp,4,1,0.9999504182777511,True
4962,4962,2490,0,sty+tfidf+bert+perp,4,0,0.0004962890634213085,True
4963,4963,2490,1,sty+tfidf+bert+perp,4,1,0.9998876284545168,True
4964,4964,2491,0,sty+tfidf+bert+perp,4,0,0.0031295229939794994,True
4965,4965,2491,1,sty+tfidf+bert+perp,4,1,0.9963174587951156,True
4966,4966,2492,0,sty+tfidf+bert+perp,4,0,0.0013828331300263245,True
4967,4967,2492,1,sty+tfidf+bert+perp,4,1,0.9999198618482986,True
4968,4968,2493,0,sty+tfidf+bert+perp,4,0,0.01431408572935847,True
4969,4969,2493,1,sty+tfidf+bert+perp,4,1,0.9998706666019268,True
4970,4970,2494,0,sty+tfidf+bert+perp,4,0,0.0009703268786954069,True
4971,4971,2494,1,sty+tfidf+bert+perp,4,1,0.9999167474479975,True
4972,4972,2495,0,sty+tfidf+bert+perp,4,0,0.000441379936538211,True
4973,4973,2495,1,sty+tfidf+bert+perp,4,1,0.9997667019846626,True
4974,4974,2496,0,sty+tfidf+bert+perp,4,0,0.0014022837243994426,True
4975,4975,2496,1,sty+tfidf+bert+perp,4,1,0.9998204872895069,True
4976,4976,2497,0,sty+tfidf+bert+perp,4,0,0.052359685608602304,True
4977,4977,2497,1,sty+tfidf+bert+perp,4,1,0.9997398462898408,True
4978,4978,2498,0,sty+tfidf+bert+perp,4,0,0.004067191846387084,True
4979,4979,2498,1,sty+tfidf+bert+perp,4,1,0.9980915589283813,True
4980,4980,2499,0,sty+tfidf+bert+perp,4,0,0.0007812570965836372,True
4981,4981,2499,1,sty+tfidf+bert+perp,4,1,0.9989050535261111,True
4982,4982,2500,0,sty+tfidf+bert+perp,4,0,0.002630707358774823,True
4983,4983,2500,1,sty+tfidf+bert+perp,4,1,0.9837077821599663,True
4984,4984,2501,0,sty+tfidf+bert+perp,4,0,0.0026865774531733724,True
4985,4985,2501,1,sty+tfidf+bert+perp,4,1,0.9998120365985255,True
4986,4986,2502,0,sty+tfidf+bert+perp,4,0,0.0005651650675922086,True
4987,4987,2502,1,sty+tfidf+bert+perp,4,1,0.9919712258084579,True
4988,4988,2503,0,sty+tfidf+bert+perp,4,0,0.0003394907557231146,True
4989,4989,2503,1,sty+tfidf+bert+perp,4,1,0.9992653279224113,True
4990,4990,2504,0,sty+tfidf+bert+perp,4,0,0.0003166803052426998,True
4991,4991,2504,1,sty+tfidf+bert+perp,4,1,0.9497574794054083,True
4992,4992,2505,0,sty+tfidf+bert+perp,4,0,0.0001905071898144193,True
4993,4993,2505,1,sty+tfidf+bert+perp,4,1,0.9994517628013017,True
4994,4994,2506,0,sty+tfidf+bert+perp,4,0,0.0024749593579364787,True
4995,4995,2506,1,sty+tfidf+bert+perp,4,1,0.9999286400460862,True
4996,4996,2507,0,sty+tfidf+bert+perp,4,0,0.0020369515703817123,True
4997,4997,2507,1,sty+tfidf+bert+perp,4,1,0.9681145220522523,True
4998,4998,2508,0,sty+tfidf+bert+perp,4,0,0.005795480246611204,True
4999,4999,2508,1,sty+tfidf+bert+perp,4,1,0.9997969349888649,True
5000,5000,2509,0,sty+tfidf+bert+perp,4,0,0.003623158732244462,True
5001,5001,2509,1,sty+tfidf+bert+perp,4,0,0.43810858930919877,False
5002,5002,2510,0,sty+tfidf+bert+perp,4,0,0.002808248221274953,True
5003,5003,2510,1,sty+tfidf+bert+perp,4,1,0.9997037725299576,True
5004,5004,2511,0,sty+tfidf+bert+perp,4,0,0.0021071455167964584,True
5005,5005,2511,1,sty+tfidf+bert+perp,4,1,0.9993549324004276,True
5006,5006,2512,0,sty+tfidf+bert+perp,4,0,0.004300640586477115,True
5007,5007,2512,1,sty+tfidf+bert+perp,4,1,0.9993257540249832,True
5008,5008,2513,0,sty+tfidf+bert+perp,4,0,0.00012643602121599728,True
5009,5009,2513,1,sty+tfidf+bert+perp,4,1,0.9981763345711705,True
5010,5010,2514,0,sty+tfidf+bert+perp,4,0,0.0023025193655184933,True
5011,5011,2514,1,sty+tfidf+bert+perp,4,1,0.9987402543605016,True
5012,5012,2515,0,sty+tfidf+bert+perp,4,0,0.0007024519960630304,True
5013,5013,2515,1,sty+tfidf+bert+perp,4,1,0.9901723409544967,True
5014,5014,2516,0,sty+tfidf+bert+perp,4,0,0.0024979291467784534,True
5015,5015,2516,1,sty+tfidf+bert+perp,4,1,0.9998141939757643,True
5016,5016,2517,0,sty+tfidf+bert+perp,4,0,0.00013427623030263372,True
5017,5017,2517,1,sty+tfidf+bert+perp,4,1,0.966077084852377,True
5018,5018,2518,1,sty+tfidf+bert+perp,4,1,0.9997324349018621,True
5019,5019,2519,0,sty+tfidf+bert+perp,4,0,0.0004984145406966985,True
5020,5020,2519,1,sty+tfidf+bert+perp,4,1,0.9994985573624452,True
5021,5021,2520,0,sty+tfidf+bert+perp,4,0,0.0036724333547784997,True
5022,5022,2520,1,sty+tfidf+bert+perp,4,1,0.9999370022516004,True
5023,5023,2521,0,sty+tfidf+bert+perp,4,0,0.0005297306253425364,True
5024,5024,2521,1,sty+tfidf+bert+perp,4,1,0.9998079327708679,True
5025,5025,2522,0,sty+tfidf+bert+perp,4,1,0.7114715272376516,False
5026,5026,2522,1,sty+tfidf+bert+perp,4,1,0.9997703200338042,True
5027,5027,2523,0,sty+tfidf+bert+perp,4,0,0.0006557734372926967,True
5028,5028,2523,1,sty+tfidf+bert+perp,4,1,0.999488115306296,True
5029,5029,2524,0,sty+tfidf+bert+perp,4,0,0.0006584201235151021,True
5030,5030,2524,1,sty+tfidf+bert+perp,4,1,0.9992690605218201,True
5031,5031,2525,0,sty+tfidf+bert+perp,4,0,0.001407384543540854,True
5032,5032,2525,1,sty+tfidf+bert+perp,4,1,0.9991711385736218,True
5033,5033,2526,0,sty+tfidf+bert+perp,4,0,0.00010535936836623649,True
5034,5034,2526,1,sty+tfidf+bert+perp,4,1,0.9997804444672437,True
5035,5035,2527,0,sty+tfidf+bert+perp,4,0,0.03356549204556782,True
5036,5036,2527,1,sty+tfidf+bert+perp,4,1,0.9988073294512916,True
5037,5037,2528,0,sty+tfidf+bert+perp,4,0,0.08177421323982657,True
5038,5038,2528,1,sty+tfidf+bert+perp,4,1,0.992184653117255,True
5039,5039,2529,0,sty+tfidf+bert+perp,4,0,0.0240100676792137,True
5040,5040,2529,1,sty+tfidf+bert+perp,4,1,0.9998988610956921,True
5041,5041,2530,0,sty+tfidf+bert+perp,4,0,0.004725900951345624,True
5042,5042,2530,1,sty+tfidf+bert+perp,4,1,0.9998712241236484,True
5043,5043,2531,0,sty+tfidf+bert+perp,4,0,0.0021727986666825946,True
5044,5044,2531,1,sty+tfidf+bert+perp,4,1,0.9999376588764214,True
5045,5045,2532,0,sty+tfidf+bert+perp,4,0,0.0007562627537688501,True
5046,5046,2532,1,sty+tfidf+bert+perp,4,1,0.999802856170186,True
5047,5047,2533,0,sty+tfidf+bert+perp,4,0,6.296831707894563e-05,True
5048,5048,2533,1,sty+tfidf+bert+perp,4,1,0.9999533429220396,True
5049,5049,2534,0,sty+tfidf+bert+perp,4,0,0.10112031570037211,True
5050,5050,2534,1,sty+tfidf+bert+perp,4,1,0.999244524426117,True
5051,5051,2535,0,sty+tfidf+bert+perp,4,0,7.143671393854183e-05,True
5052,5052,2535,1,sty+tfidf+bert+perp,4,1,0.9990534055926138,True
5053,5053,2536,0,sty+tfidf+bert+perp,4,1,0.872990080692631,False
5054,5054,2536,1,sty+tfidf+bert+perp,4,1,0.9968886246956449,True
5055,5055,2537,0,sty+tfidf+bert+perp,4,0,0.03482092908835674,True
5056,5056,2537,1,sty+tfidf+bert+perp,4,1,0.9993708328641296,True
5057,5057,2538,0,sty+tfidf+bert+perp,4,0,0.004874191094073625,True
5058,5058,2538,1,sty+tfidf+bert+perp,4,1,0.9987841713089346,True
5059,5059,2539,0,sty+tfidf+bert+perp,4,0,0.0054926895183874565,True
5060,5060,2539,1,sty+tfidf+bert+perp,4,1,0.9999273811666974,True
5061,5061,2540,0,sty+tfidf+bert+perp,4,0,0.09001785588538948,True
5062,5062,2540,1,sty+tfidf+bert+perp,4,1,0.9996595755654801,True
5063,5063,2541,0,sty+tfidf+bert+perp,4,0,0.004004745787898082,True
5064,5064,2541,1,sty+tfidf+bert+perp,4,1,0.9986045289521417,True
5065,5065,2542,0,sty+tfidf+bert+perp,4,0,0.10607303859147138,True
5066,5066,2542,1,sty+tfidf+bert+perp,4,1,0.9941449735466531,True
5067,5067,2543,0,sty+tfidf+bert+perp,4,0,0.0003665189077890545,True
5068,5068,2543,1,sty+tfidf+bert+perp,4,1,0.9996876723972575,True
5069,5069,2544,0,sty+tfidf+bert+perp,4,0,0.0010871802240898915,True
5070,5070,2544,1,sty+tfidf+bert+perp,4,1,0.986108444335458,True
5071,5071,2545,0,sty+tfidf+bert+perp,4,0,1.580426553469146e-05,True
5072,5072,2545,1,sty+tfidf+bert+perp,4,1,0.9994315068534332,True
5073,5073,2546,0,sty+tfidf+bert+perp,4,0,0.10024738005133442,True
5074,5074,2546,1,sty+tfidf+bert+perp,4,1,0.9999810668525664,True
5075,5075,2547,0,sty+tfidf+bert+perp,4,0,0.0008705579994286927,True
5076,5076,2547,1,sty+tfidf+bert+perp,4,1,0.9958485157936394,True
5077,5077,2548,0,sty+tfidf+bert+perp,4,0,0.020918638368680742,True
5078,5078,2548,1,sty+tfidf+bert+perp,4,1,0.9997058190885328,True
5079,5079,2549,0,sty+tfidf+bert+perp,4,0,0.004727343160890879,True
5080,5080,2549,1,sty+tfidf+bert+perp,4,1,0.9976012720682568,True
5081,5081,2550,0,sty+tfidf+bert+perp,4,0,0.03281364272245342,True
5082,5082,2550,1,sty+tfidf+bert+perp,4,1,0.9997664803619464,True
5083,5083,2551,0,sty+tfidf+bert+perp,4,0,0.00016675987464697254,True
5084,5084,2551,1,sty+tfidf+bert+perp,4,1,0.9990806664638426,True
5085,5085,2552,0,sty+tfidf+bert+perp,4,0,0.0013518965495392238,True
5086,5086,2552,1,sty+tfidf+bert+perp,4,1,0.9488243507861309,True
5087,5087,2553,0,sty+tfidf+bert+perp,4,0,0.037820393756901854,True
5088,5088,2553,1,sty+tfidf+bert+perp,4,1,0.9997101118742574,True
5089,5089,2554,0,sty+tfidf+bert+perp,4,0,0.0005304779963299529,True
5090,5090,2554,1,sty+tfidf+bert+perp,4,1,0.995673444878772,True
5091,5091,2555,0,sty+tfidf+bert+perp,4,0,0.0005325172532217363,True
5092,5092,2555,1,sty+tfidf+bert+perp,4,1,0.997864538141775,True
5093,5093,2556,0,sty+tfidf+bert+perp,4,1,0.9075182925147771,False
5094,5094,2556,1,sty+tfidf+bert+perp,4,1,0.9998276942106388,True
5095,5095,2557,0,sty+tfidf+bert+perp,4,0,0.00010301678211438831,True
5096,5096,2557,1,sty+tfidf+bert+perp,4,1,0.9988319641849006,True
5097,5097,2558,0,sty+tfidf+bert+perp,4,0,0.0004980500093060594,True
5098,5098,2558,1,sty+tfidf+bert+perp,4,1,0.9697219530675153,True
5099,5099,2559,0,sty+tfidf+bert+perp,4,0,0.009809995819563011,True
5100,5100,2559,1,sty+tfidf+bert+perp,4,1,0.9934753587311617,True
5101,5101,2560,0,sty+tfidf+bert+perp,4,0,0.001386407527462649,True
5102,5102,2560,1,sty+tfidf+bert+perp,4,1,0.9999595101927886,True
5103,5103,2561,0,sty+tfidf+bert+perp,4,0,0.0016226589166586165,True
5104,5104,2561,1,sty+tfidf+bert+perp,4,1,0.9424296471188172,True
5105,5105,2562,0,sty+tfidf+bert+perp,4,0,0.004332019443254559,True
5106,5106,2562,1,sty+tfidf+bert+perp,4,1,0.9998127269244019,True
5107,5107,2563,0,sty+tfidf+bert+perp,4,0,0.00275743365441312,True
5108,5108,2563,1,sty+tfidf+bert+perp,4,1,0.9939462935120731,True
5109,5109,2564,0,sty+tfidf+bert+perp,4,0,0.0009787644060029123,True
5110,5110,2564,1,sty+tfidf+bert+perp,4,1,0.997656576318922,True
5111,5111,2565,0,sty+tfidf+bert+perp,4,0,0.009273917241464322,True
5112,5112,2565,1,sty+tfidf+bert+perp,4,1,0.9993976461148845,True
5113,5113,2566,0,sty+tfidf+bert+perp,4,0,0.0011549898221594704,True
5114,5114,2566,1,sty+tfidf+bert+perp,4,1,0.9745476521195771,True
5115,5115,2567,0,sty+tfidf+bert+perp,4,0,0.0004481893057094875,True
5116,5116,2567,1,sty+tfidf+bert+perp,4,1,0.999708898463464,True
5117,5117,2568,0,sty+tfidf+bert+perp,4,0,0.0037711678704217075,True
5118,5118,2568,1,sty+tfidf+bert+perp,4,1,0.6641607105834358,True
5119,5119,2569,0,sty+tfidf+bert+perp,4,0,0.003902225819199758,True
5120,5120,2569,1,sty+tfidf+bert+perp,4,1,0.9238559545967467,True
5121,5121,2570,0,sty+tfidf+bert+perp,4,0,0.004004197340773493,True
5122,5122,2570,1,sty+tfidf+bert+perp,4,1,0.9955330513333165,True
5123,5123,2571,0,sty+tfidf+bert+perp,4,0,0.41260630564426587,True
5124,5124,2571,1,sty+tfidf+bert+perp,4,1,0.9999458448699176,True
5125,5125,2572,0,sty+tfidf+bert+perp,4,0,0.0002137926594162461,True
5126,5126,2572,1,sty+tfidf+bert+perp,4,1,0.7937686966876483,True
5127,5127,2573,0,sty+tfidf+bert+perp,4,0,0.002806739831090742,True
5128,5128,2573,1,sty+tfidf+bert+perp,4,1,0.9987134111702245,True
5129,5129,2574,0,sty+tfidf+bert+perp,4,0,0.017151432341416462,True
5130,5130,2574,1,sty+tfidf+bert+perp,4,1,0.9956150552722275,True
5131,5131,2575,0,sty+tfidf+bert+perp,4,0,0.002809183019390602,True
5132,5132,2575,1,sty+tfidf+bert+perp,4,1,0.9530834102588465,True
5133,5133,2576,0,sty+tfidf+bert+perp,4,0,0.00017642042370431585,True
5134,5134,2576,1,sty+tfidf+bert+perp,4,1,0.9971507582212601,True
5135,5135,2577,0,sty+tfidf+bert+perp,4,0,0.003530724986005989,True
5136,5136,2577,1,sty+tfidf+bert+perp,4,1,0.9951941405948749,True
5137,5137,2578,0,sty+tfidf+bert+perp,4,0,0.003728657145681679,True
5138,5138,2578,1,sty+tfidf+bert+perp,4,1,0.9858599846775007,True
5139,5139,2579,0,sty+tfidf+bert+perp,4,0,0.0003419220975001807,True
5140,5140,2579,1,sty+tfidf+bert+perp,4,1,0.9978093185741203,True
5141,5141,2580,0,sty+tfidf+bert+perp,4,0,0.0019595599594818716,True
5142,5142,2580,1,sty+tfidf+bert+perp,4,1,0.9904073478365124,True
5143,5143,2581,0,sty+tfidf+bert+perp,4,0,0.000148234106348593,True
5144,5144,2581,1,sty+tfidf+bert+perp,4,1,0.986594010137284,True
5145,5145,2582,0,sty+tfidf+bert+perp,4,0,0.001313692411133183,True
5146,5146,2582,1,sty+tfidf+bert+perp,4,1,0.9928669148734328,True
5147,5147,2583,0,sty+tfidf+bert+perp,4,0,5.3764169783435265e-05,True
5148,5148,2583,1,sty+tfidf+bert+perp,4,1,0.999639607721619,True
5149,5149,2584,0,sty+tfidf+bert+perp,4,0,0.0028329956221687077,True
5150,5150,2584,1,sty+tfidf+bert+perp,4,1,0.894412972670045,True
5151,5151,2585,0,sty+tfidf+bert+perp,4,0,0.00723126414960317,True
5152,5152,2585,1,sty+tfidf+bert+perp,4,1,0.9998067660076186,True
5153,5153,2586,0,sty+tfidf+bert+perp,4,0,0.0009724508887664895,True
5154,5154,2586,1,sty+tfidf+bert+perp,4,1,0.9998298691763251,True
5155,5155,2587,0,sty+tfidf+bert+perp,4,0,0.0023223445297401034,True
5156,5156,2587,1,sty+tfidf+bert+perp,4,1,0.9943564561081025,True
5157,5157,2588,0,sty+tfidf+bert+perp,4,0,0.0016678988816648504,True
5158,5158,2588,1,sty+tfidf+bert+perp,4,1,0.9996135919990164,True
5159,5159,2589,0,sty+tfidf+bert+perp,4,0,0.002428949483608688,True
5160,5160,2589,1,sty+tfidf+bert+perp,4,1,0.992909524704632,True
5161,5161,2590,0,sty+tfidf+bert+perp,4,0,0.0011292253261639912,True
5162,5162,2590,1,sty+tfidf+bert+perp,4,1,0.9994077574716506,True
5163,5163,2591,0,sty+tfidf+bert+perp,4,0,5.073986397514577e-05,True
5164,5164,2591,1,sty+tfidf+bert+perp,4,1,0.9992185377685759,True
5165,5165,2592,0,sty+tfidf+bert+perp,4,0,0.015001787354775505,True
5166,5166,2592,1,sty+tfidf+bert+perp,4,1,0.9962915436506857,True
5167,5167,2593,0,sty+tfidf+bert+perp,4,0,0.0009025313701455578,True
5168,5168,2593,1,sty+tfidf+bert+perp,4,1,0.9940730040177379,True
5169,5169,2594,0,sty+tfidf+bert+perp,4,0,0.04332511022924409,True
5170,5170,2594,1,sty+tfidf+bert+perp,4,1,0.9998588674440373,True
5171,5171,2595,0,sty+tfidf+bert+perp,4,0,0.00032224112695140687,True
5172,5172,2595,1,sty+tfidf+bert+perp,4,1,0.9999057782014655,True
5173,5173,2596,0,sty+tfidf+bert+perp,4,0,7.20362776630105e-05,True
5174,5174,2596,1,sty+tfidf+bert+perp,4,1,0.9997238833211612,True
5175,5175,2597,0,sty+tfidf+bert+perp,4,0,0.002584628774738978,True
5176,5176,2597,1,sty+tfidf+bert+perp,4,1,0.9836611132452097,True
5177,5177,2598,0,sty+tfidf+bert+perp,4,0,0.000524417876186479,True
5178,5178,2598,1,sty+tfidf+bert+perp,4,1,0.999561858498406,True
5179,5179,2599,0,sty+tfidf+bert+perp,4,0,0.001202506771469143,True
5180,5180,2599,1,sty+tfidf+bert+perp,4,1,0.9994883248977712,True
5181,5181,2600,0,sty+tfidf+bert+perp,4,0,9.351785387862868e-05,True
5182,5182,2600,1,sty+tfidf+bert+perp,4,1,0.9982839319756853,True
5183,5183,2601,0,sty+tfidf+bert+perp,4,0,0.0008249068511264302,True
5184,5184,2601,1,sty+tfidf+bert+perp,4,1,0.9999544795597755,True
5185,5185,2602,0,sty+tfidf+bert+perp,4,1,0.9121626243452072,False
5186,5186,2602,1,sty+tfidf+bert+perp,4,1,0.9997484729731814,True
5187,5187,2603,0,sty+tfidf+bert+perp,4,0,0.0011122313213661507,True
5188,5188,2603,1,sty+tfidf+bert+perp,4,1,0.98899566723959,True
5189,5189,2604,0,sty+tfidf+bert+perp,4,0,0.12606872128917598,True
5190,5190,2604,1,sty+tfidf+bert+perp,4,1,0.9989711266604987,True
5191,5191,2605,0,sty+tfidf+bert+perp,4,0,0.00036618339351807133,True
5192,5192,2605,1,sty+tfidf+bert+perp,4,1,0.9704306964442034,True
5193,5193,2606,0,sty+tfidf+bert+perp,4,0,0.0009345959949866671,True
5194,5194,2606,1,sty+tfidf+bert+perp,4,1,0.9997064810698305,True
5195,5195,2607,0,sty+tfidf+bert+perp,4,0,0.003458432095907604,True
5196,5196,2607,1,sty+tfidf+bert+perp,4,1,0.9995911697888232,True
5197,5197,2608,0,sty+tfidf+bert+perp,4,0,0.0002683961072277551,True
5198,5198,2608,1,sty+tfidf+bert+perp,4,1,0.9986467575955174,True
5199,5199,2609,0,sty+tfidf+bert+perp,4,0,0.004762751634349787,True
5200,5200,2609,1,sty+tfidf+bert+perp,4,1,0.9982098201099842,True
5201,5201,2610,0,sty+tfidf+bert+perp,4,1,0.8723247580613152,False
5202,5202,2610,1,sty+tfidf+bert+perp,4,1,0.9998227582165565,True
5203,5203,2611,0,sty+tfidf+bert+perp,4,0,0.0011285117573078909,True
5204,5204,2611,1,sty+tfidf+bert+perp,4,1,0.9998433981158178,True
5205,5205,2612,0,sty+tfidf+bert+perp,4,0,0.0006865583632730082,True
5206,5206,2612,1,sty+tfidf+bert+perp,4,1,0.9995896932065417,True
5207,5207,2613,0,sty+tfidf+bert+perp,4,0,0.0001326711720802085,True
5208,5208,2613,1,sty+tfidf+bert+perp,4,1,0.9997429275115349,True
5209,5209,2614,1,sty+tfidf+bert+perp,4,1,0.992465924176699,True
5210,5210,2615,0,sty+tfidf+bert+perp,4,0,0.014100624634516763,True
5211,5211,2615,1,sty+tfidf+bert+perp,4,1,0.9997442268940461,True
5212,5212,2616,0,sty+tfidf+bert+perp,4,0,0.00012446357564759077,True
5213,5213,2616,1,sty+tfidf+bert+perp,4,1,0.9999169635060504,True
5214,5214,2617,0,sty+tfidf+bert+perp,4,0,0.037644514753698226,True
5215,5215,2617,1,sty+tfidf+bert+perp,4,1,0.8752664588286762,True
5216,5216,2618,0,sty+tfidf+bert+perp,4,0,0.0010119958917318853,True
5217,5217,2618,1,sty+tfidf+bert+perp,4,1,0.9998138969113785,True
5218,5218,2619,0,sty+tfidf+bert+perp,4,0,0.0011587995649870847,True
5219,5219,2619,1,sty+tfidf+bert+perp,4,1,0.9989237811703677,True
5220,5220,2620,0,sty+tfidf+bert+perp,4,0,0.00436851156477582,True
5221,5221,2620,1,sty+tfidf+bert+perp,4,1,0.9998883470088996,True
5222,5222,2621,0,sty+tfidf+bert+perp,4,0,0.01073496788704639,True
5223,5223,2621,1,sty+tfidf+bert+perp,4,1,0.9972411466779617,True
5224,5224,2622,0,sty+tfidf+bert+perp,4,0,0.0011773190502333043,True
5225,5225,2622,1,sty+tfidf+bert+perp,4,1,0.9996934448960353,True
5226,5226,2623,0,sty+tfidf+bert+perp,4,0,0.004863435586036589,True
5227,5227,2623,1,sty+tfidf+bert+perp,4,1,0.9998410865166734,True
5228,5228,2624,0,sty+tfidf+bert+perp,4,0,0.0021106961823756485,True
5229,5229,2624,1,sty+tfidf+bert+perp,4,1,0.6953569272264487,True
5230,5230,2625,0,sty+tfidf+bert+perp,4,0,0.0008822947688433469,True
5231,5231,2625,1,sty+tfidf+bert+perp,4,1,0.9869663604018966,True
5232,5232,2626,0,sty+tfidf+bert+perp,4,0,0.00011593375023679472,True
5233,5233,2626,1,sty+tfidf+bert+perp,4,1,0.9998616247254234,True
5234,5234,2627,0,sty+tfidf+bert+perp,4,0,0.09518673638225907,True
5235,5235,2627,1,sty+tfidf+bert+perp,4,1,0.9997775151503263,True
5236,5236,2628,0,sty+tfidf+bert+perp,4,0,0.27025940466027626,True
5237,5237,2628,1,sty+tfidf+bert+perp,4,1,0.999866218747945,True
5238,5238,2629,0,sty+tfidf+bert+perp,4,0,0.008990367779638624,True
5239,5239,2629,1,sty+tfidf+bert+perp,4,1,0.9439310319499593,True
5240,5240,2630,0,sty+tfidf+bert+perp,4,0,0.00046531226142114196,True
5241,5241,2630,1,sty+tfidf+bert+perp,4,1,0.9998476274459364,True
5242,5242,2631,0,sty+tfidf+bert+perp,4,0,0.000394345157477975,True
5243,5243,2631,1,sty+tfidf+bert+perp,4,1,0.9994294424339726,True
5244,5244,2632,0,sty+tfidf+bert+perp,4,0,0.0007562607536391107,True
5245,5245,2632,1,sty+tfidf+bert+perp,4,1,0.9999261828698567,True
5246,5246,2633,0,sty+tfidf+bert+perp,4,0,0.00023796096135116705,True
5247,5247,2633,1,sty+tfidf+bert+perp,4,1,0.9761049581620457,True
5248,5248,2634,0,sty+tfidf+bert+perp,4,0,0.0033768392001435584,True
5249,5249,2634,1,sty+tfidf+bert+perp,4,1,0.9989139499365471,True
5250,5250,2635,0,sty+tfidf+bert+perp,4,0,0.0001302609788055812,True
5251,5251,2635,1,sty+tfidf+bert+perp,4,1,0.9988032246593354,True
5252,5252,2636,0,sty+tfidf+bert+perp,4,0,0.1626321835996806,True
5253,5253,2636,1,sty+tfidf+bert+perp,4,1,0.9998181081482154,True
5254,5254,2637,0,sty+tfidf+bert+perp,4,0,0.0024718444898403987,True
5255,5255,2637,1,sty+tfidf+bert+perp,4,1,0.9998732539416179,True
5256,5256,2638,0,sty+tfidf+bert+perp,4,0,0.00035940352867462106,True
5257,5257,2638,1,sty+tfidf+bert+perp,4,1,0.9998898576279325,True
5258,5258,2639,0,sty+tfidf+bert+perp,4,0,8.086632931812166e-05,True
5259,5259,2639,1,sty+tfidf+bert+perp,4,1,0.9984017083472734,True
5260,5260,2640,0,sty+tfidf+bert+perp,4,0,0.002512734634158784,True
5261,5261,2640,1,sty+tfidf+bert+perp,4,1,0.9992669689907091,True
5262,5262,2641,0,sty+tfidf+bert+perp,4,0,0.0009475337560896923,True
5263,5263,2641,1,sty+tfidf+bert+perp,4,1,0.9999796346856666,True
5264,5264,2642,0,sty+tfidf+bert+perp,4,0,0.0002944751820421152,True
5265,5265,2642,1,sty+tfidf+bert+perp,4,1,0.9999249455232916,True
5266,5266,2643,0,sty+tfidf+bert+perp,4,0,0.0001479071823863144,True
5267,5267,2643,1,sty+tfidf+bert+perp,4,1,0.999868869194203,True
5268,5268,2644,0,sty+tfidf+bert+perp,4,0,0.008726303024828982,True
5269,5269,2644,1,sty+tfidf+bert+perp,4,1,0.980015661400079,True
5270,5270,2645,0,sty+tfidf+bert+perp,4,0,0.0026385168231362775,True
5271,5271,2645,1,sty+tfidf+bert+perp,4,1,0.9984614611863897,True
5272,5272,2646,0,sty+tfidf+bert+perp,4,0,0.0001283577717664807,True
5273,5273,2646,1,sty+tfidf+bert+perp,4,1,0.9070558752949126,True
5274,5274,2647,0,sty+tfidf+bert+perp,4,0,0.013850839111717061,True
5275,5275,2647,1,sty+tfidf+bert+perp,4,1,0.999699502339077,True
5276,5276,2648,0,sty+tfidf+bert+perp,4,0,0.0019661144132866754,True
5277,5277,2648,1,sty+tfidf+bert+perp,4,1,0.9972196922809918,True
5278,5278,2649,0,sty+tfidf+bert+perp,4,0,0.0025248724759502315,True
5279,5279,2649,1,sty+tfidf+bert+perp,4,1,0.9996651707069133,True
5280,5280,2650,0,sty+tfidf+bert+perp,4,0,8.221776882429277e-05,True
5281,5281,2650,1,sty+tfidf+bert+perp,4,1,0.9961028165972949,True
5282,5282,2651,0,sty+tfidf+bert+perp,4,0,0.0007866222062866574,True
5283,5283,2651,1,sty+tfidf+bert+perp,4,1,0.999491850396206,True
5284,5284,2652,0,sty+tfidf+bert+perp,4,0,0.0005925237842358776,True
5285,5285,2652,1,sty+tfidf+bert+perp,4,1,0.9966932769932331,True
5286,5286,2653,0,sty+tfidf+bert+perp,4,0,0.0005872663636410591,True
5287,5287,2653,1,sty+tfidf+bert+perp,4,1,0.9997626782690777,True
5288,5288,2654,0,sty+tfidf+bert+perp,4,0,7.812004690634612e-05,True
5289,5289,2654,1,sty+tfidf+bert+perp,4,1,0.9991983650017612,True
5290,5290,2655,0,sty+tfidf+bert+perp,4,0,0.0013813261607036967,True
5291,5291,2655,1,sty+tfidf+bert+perp,4,1,0.9993956595493443,True
5292,5292,2656,0,sty+tfidf+bert+perp,4,0,9.253226457920288e-05,True
5293,5293,2656,1,sty+tfidf+bert+perp,4,1,0.9678645744579956,True
5294,5294,2657,0,sty+tfidf+bert+perp,4,0,0.0008326519340561807,True
5295,5295,2657,1,sty+tfidf+bert+perp,4,1,0.9994767283397176,True
5296,5296,2658,0,sty+tfidf+bert+perp,4,0,0.03756883410371994,True
5297,5297,2658,1,sty+tfidf+bert+perp,4,1,0.9998219618726976,True
5298,5298,2659,0,sty+tfidf+bert+perp,4,0,0.0011025925269077563,True
5299,5299,2659,1,sty+tfidf+bert+perp,4,1,0.9998544881326714,True
5300,5300,2660,0,sty+tfidf+bert+perp,4,0,0.03185439061842263,True
5301,5301,2660,1,sty+tfidf+bert+perp,4,1,0.9989079554114944,True
5302,5302,2661,0,sty+tfidf+bert+perp,4,0,0.0036393598006772367,True
5303,5303,2661,1,sty+tfidf+bert+perp,4,1,0.9911753348518927,True
5304,5304,2662,0,sty+tfidf+bert+perp,4,0,0.00047366168156209724,True
5305,5305,2662,1,sty+tfidf+bert+perp,4,1,0.9984473661332104,True
5306,5306,2663,0,sty+tfidf+bert+perp,4,0,0.01746883604975606,True
5307,5307,2663,1,sty+tfidf+bert+perp,4,1,0.9991414364695212,True
5308,5308,2664,0,sty+tfidf+bert+perp,4,0,0.0003103818385393354,True
5309,5309,2664,1,sty+tfidf+bert+perp,4,1,0.9682820007700946,True
5310,5310,2665,0,sty+tfidf+bert+perp,4,0,0.01913859250497345,True
5311,5311,2665,1,sty+tfidf+bert+perp,4,1,0.9996175486308982,True
5312,5312,2666,0,sty+tfidf+bert+perp,4,0,0.00018430077836828558,True
5313,5313,2666,1,sty+tfidf+bert+perp,4,1,0.9999123967166684,True
5314,5314,2667,0,sty+tfidf+bert+perp,4,0,5.854868243734264e-05,True
5315,5315,2667,1,sty+tfidf+bert+perp,4,1,0.9998916033144964,True
5316,5316,2668,0,sty+tfidf+bert+perp,4,0,0.0005447444884617072,True
5317,5317,2668,1,sty+tfidf+bert+perp,4,1,0.9922875938314568,True
5318,5318,2669,0,sty+tfidf+bert+perp,4,0,0.0014342126610548862,True
5319,5319,2669,1,sty+tfidf+bert+perp,4,1,0.9995966473216331,True
5320,5320,2670,0,sty+tfidf+bert+perp,4,0,4.997638224378485e-05,True
5321,5321,2670,1,sty+tfidf+bert+perp,4,1,0.9998566098631666,True
5322,5322,2671,0,sty+tfidf+bert+perp,4,0,0.00013806925360996806,True
5323,5323,2671,1,sty+tfidf+bert+perp,4,1,0.9971984105474363,True
5324,5324,2672,0,sty+tfidf+bert+perp,4,0,0.12481514985115208,True
5325,5325,2672,1,sty+tfidf+bert+perp,4,1,0.9999041439801675,True
5326,5326,2673,0,sty+tfidf+bert+perp,4,0,0.0004005616219565867,True
5327,5327,2673,1,sty+tfidf+bert+perp,4,1,0.9997846043492653,True
5328,5328,2674,0,sty+tfidf+bert+perp,4,0,0.0002585428443780034,True
5329,5329,2674,1,sty+tfidf+bert+perp,4,1,0.9973832172286453,True
5330,5330,2675,0,sty+tfidf+bert+perp,4,0,0.000263152665146482,True
5331,5331,2675,1,sty+tfidf+bert+perp,4,1,0.9966657885505471,True
5332,5332,2676,0,sty+tfidf+bert+perp,4,0,0.00010400858222069009,True
5333,5333,2676,1,sty+tfidf+bert+perp,4,1,0.9990924318129453,True
5334,5334,2677,0,sty+tfidf+bert+perp,4,0,0.00018767392257040648,True
5335,5335,2677,1,sty+tfidf+bert+perp,4,1,0.9989137546355751,True
5336,5336,2678,0,sty+tfidf+bert+perp,4,0,0.000254438337124942,True
5337,5337,2678,1,sty+tfidf+bert+perp,4,1,0.9989289433583207,True
5338,5338,2679,0,sty+tfidf+bert+perp,4,0,0.028385221557644752,True
5339,5339,2679,1,sty+tfidf+bert+perp,4,1,0.9993434336628996,True
5340,5340,2680,0,sty+tfidf+bert+perp,4,0,0.010958222703906737,True
5341,5341,2680,1,sty+tfidf+bert+perp,4,1,0.9999120870509112,True
5342,5342,2681,0,sty+tfidf+bert+perp,4,0,0.0004657459056801018,True
5343,5343,2681,1,sty+tfidf+bert+perp,4,1,0.6765202746231798,True
5344,5344,2682,0,sty+tfidf+bert+perp,4,0,0.0015043187238148934,True
5345,5345,2682,1,sty+tfidf+bert+perp,4,1,0.9994680538805837,True
5346,5346,2683,0,sty+tfidf+bert+perp,4,0,0.01788119475491017,True
5347,5347,2683,1,sty+tfidf+bert+perp,4,1,0.9990349118107921,True
5348,5348,2684,0,sty+tfidf+bert+perp,4,0,0.00031400192145399693,True
5349,5349,2684,1,sty+tfidf+bert+perp,4,1,0.9993183852558352,True
5350,5350,2685,0,sty+tfidf+bert+perp,4,0,0.022705296392712546,True
5351,5351,2685,1,sty+tfidf+bert+perp,4,1,0.9996596176354067,True
5352,5352,2686,0,sty+tfidf+bert+perp,4,0,0.00010682140127221692,True
5353,5353,2686,1,sty+tfidf+bert+perp,4,1,0.990570220635014,True
5354,5354,2687,0,sty+tfidf+bert+perp,4,0,0.012223090515128427,True
5355,5355,2687,1,sty+tfidf+bert+perp,4,1,0.9988485037019047,True
5356,5356,2688,0,sty+tfidf+bert+perp,4,0,0.07401775404412055,True
5357,5357,2688,1,sty+tfidf+bert+perp,4,1,0.9984181633276883,True
5358,5358,2689,0,sty+tfidf+bert+perp,4,0,0.0005771898789911987,True
5359,5359,2689,1,sty+tfidf+bert+perp,4,1,0.9998354406188947,True
5360,5360,2690,0,sty+tfidf+bert+perp,4,0,0.44101922734941224,True
5361,5361,2690,1,sty+tfidf+bert+perp,4,1,0.9996048058119942,True
5362,5362,2691,0,sty+tfidf+bert+perp,4,0,6.691404308933462e-05,True
5363,5363,2691,1,sty+tfidf+bert+perp,4,1,0.7191789326646928,True
5364,5364,2692,0,sty+tfidf+bert+perp,4,0,0.0010506478337334352,True
5365,5365,2692,1,sty+tfidf+bert+perp,4,1,0.9998079500309281,True
5366,5366,2693,0,sty+tfidf+bert+perp,4,0,0.0008213278745850627,True
5367,5367,2693,1,sty+tfidf+bert+perp,4,1,0.9989826311303895,True
5368,5368,2694,0,sty+tfidf+bert+perp,4,0,0.011160353290977436,True
5369,5369,2694,1,sty+tfidf+bert+perp,4,1,0.9934087158414943,True
5370,5370,2695,0,sty+tfidf+bert+perp,4,0,0.038249555559064556,True
5371,5371,2695,1,sty+tfidf+bert+perp,4,1,0.9994080270457975,True
5372,5372,2696,0,sty+tfidf+bert+perp,4,0,0.012323941239019424,True
5373,5373,2696,1,sty+tfidf+bert+perp,4,1,0.999633691771157,True
5374,5374,2697,0,sty+tfidf+bert+perp,4,0,0.0009690537276230474,True
5375,5375,2697,1,sty+tfidf+bert+perp,4,1,0.9999294761669183,True
5376,5376,2698,0,sty+tfidf+bert+perp,4,0,0.01041529816403185,True
5377,5377,2698,1,sty+tfidf+bert+perp,4,1,0.9993014763168492,True
5378,5378,2699,0,sty+tfidf+bert+perp,4,0,0.0010910510322477915,True
5379,5379,2699,1,sty+tfidf+bert+perp,4,1,0.9990810413915991,True
5380,5380,2700,0,sty+tfidf+bert+perp,4,0,0.0048747566555709405,True
5381,5381,2700,1,sty+tfidf+bert+perp,4,1,0.9995213091614787,True
5382,5382,2701,0,sty+tfidf+bert+perp,4,0,0.002083379355640614,True
5383,5383,2701,1,sty+tfidf+bert+perp,4,1,0.8994051825907192,True
5384,5384,2702,0,sty+tfidf+bert+perp,4,0,0.011187322219635552,True
5385,5385,2702,1,sty+tfidf+bert+perp,4,1,0.9995397660371691,True
5386,5386,2703,0,sty+tfidf+bert+perp,4,0,0.007369205638740504,True
5387,5387,2703,1,sty+tfidf+bert+perp,4,1,0.9990727727864884,True
5388,5388,2704,0,sty+tfidf+bert+perp,4,0,0.0540277187462071,True
5389,5389,2704,1,sty+tfidf+bert+perp,4,1,0.94546993098713,True
5390,5390,2705,0,sty+tfidf+bert+perp,4,0,0.002853757277404805,True
5391,5391,2705,1,sty+tfidf+bert+perp,4,1,0.9899307916873799,True
5392,5392,2706,0,sty+tfidf+bert+perp,4,0,0.0003359869835130476,True
5393,5393,2706,1,sty+tfidf+bert+perp,4,1,0.9994868812003272,True
5394,5394,2707,0,sty+tfidf+bert+perp,4,0,0.014174543846667609,True
5395,5395,2707,1,sty+tfidf+bert+perp,4,1,0.9974047250122651,True
5396,5396,2708,0,sty+tfidf+bert+perp,4,0,0.027849016141400545,True
5397,5397,2708,1,sty+tfidf+bert+perp,4,1,0.9994898779669101,True
5398,5398,2709,0,sty+tfidf+bert+perp,4,0,0.004377779609430571,True
5399,5399,2709,1,sty+tfidf+bert+perp,4,1,0.9995865526131217,True
5400,5400,2710,0,sty+tfidf+bert+perp,4,0,0.00037754616098262115,True
5401,5401,2710,1,sty+tfidf+bert+perp,4,1,0.9992813270508609,True
5402,5402,2711,0,sty+tfidf+bert+perp,4,0,0.0006526266846648409,True
5403,5403,2711,1,sty+tfidf+bert+perp,4,1,0.9996708732506112,True
5404,5404,2712,0,sty+tfidf+bert+perp,4,0,0.0011784085842373251,True
5405,5405,2712,1,sty+tfidf+bert+perp,4,1,0.999578684905461,True
5406,5406,2713,0,sty+tfidf+bert+perp,4,0,0.05971349599171763,True
5407,5407,2713,1,sty+tfidf+bert+perp,4,0,0.17673011122321836,False
5408,5408,2714,0,sty+tfidf+bert+perp,4,0,0.003785147559010694,True
5409,5409,2714,1,sty+tfidf+bert+perp,4,1,0.9993077865802509,True
5410,5410,2715,0,sty+tfidf+bert+perp,4,0,0.038620367351649615,True
5411,5411,2715,1,sty+tfidf+bert+perp,4,1,0.9997956393987179,True
5412,5412,2716,0,sty+tfidf+bert+perp,4,0,0.001011170118173328,True
5413,5413,2716,1,sty+tfidf+bert+perp,4,1,0.9942389559520213,True
5414,5414,2717,0,sty+tfidf+bert+perp,4,0,8.44536202202465e-05,True
5415,5415,2717,1,sty+tfidf+bert+perp,4,1,0.999197936126594,True
5416,5416,2718,0,sty+tfidf+bert+perp,4,0,0.11640547625302171,True
5417,5417,2718,1,sty+tfidf+bert+perp,4,1,0.9995249565152514,True
5418,5418,2719,0,sty+tfidf+bert+perp,4,0,0.0006238750878737873,True
5419,5419,2719,1,sty+tfidf+bert+perp,4,1,0.9985415754241984,True
5420,5420,2720,0,sty+tfidf+bert+perp,4,1,0.8660625261331023,False
5421,5421,2720,1,sty+tfidf+bert+perp,4,1,0.9558076437593462,True
5422,5422,2721,0,sty+tfidf+bert+perp,4,0,0.0008697530968957262,True
5423,5423,2721,1,sty+tfidf+bert+perp,4,1,0.9998932772019484,True
5424,5424,2722,0,sty+tfidf+bert+perp,4,0,0.005719043253298506,True
5425,5425,2722,1,sty+tfidf+bert+perp,4,1,0.9994384787674243,True
5426,5426,2723,0,sty+tfidf+bert+perp,4,0,0.00417501643301174,True
5427,5427,2723,1,sty+tfidf+bert+perp,4,1,0.9980824261995207,True
5428,5428,2724,0,sty+tfidf+bert+perp,4,0,0.0004888616774724735,True
5429,5429,2724,1,sty+tfidf+bert+perp,4,1,0.987367088682142,True
5430,5430,2725,0,sty+tfidf+bert+perp,4,0,0.000740307383163007,True
5431,5431,2725,1,sty+tfidf+bert+perp,4,1,0.9998179754317991,True
5432,5432,2726,0,sty+tfidf+bert+perp,4,0,0.0003338498460232686,True
5433,5433,2726,1,sty+tfidf+bert+perp,4,1,0.9988033115431701,True
5434,5434,2727,0,sty+tfidf+bert+perp,4,0,0.03643882010168718,True
5435,5435,2727,1,sty+tfidf+bert+perp,4,1,0.9997123077271455,True
5436,5436,2728,0,sty+tfidf+bert+perp,4,0,0.0011935940483746507,True
5437,5437,2728,1,sty+tfidf+bert+perp,4,1,0.9999072563307007,True
5438,5438,2729,0,sty+tfidf+bert+perp,4,0,0.013057879212608684,True
5439,5439,2729,1,sty+tfidf+bert+perp,4,1,0.9276608819898292,True
5440,5440,2730,0,sty+tfidf+bert+perp,4,0,0.06122471924107343,True
5441,5441,2730,1,sty+tfidf+bert+perp,4,1,0.7286542896091647,True
5442,5442,2731,0,sty+tfidf+bert+perp,4,0,0.0001321378393156647,True
5443,5443,2731,1,sty+tfidf+bert+perp,4,1,0.7264660900886318,True
5444,5444,2732,0,sty+tfidf+bert+perp,4,0,7.551942203383791e-05,True
5445,5445,2732,1,sty+tfidf+bert+perp,4,1,0.9872396216523929,True
5446,5446,2733,0,sty+tfidf+bert+perp,4,0,0.19655478971271556,True
5447,5447,2733,1,sty+tfidf+bert+perp,4,1,0.9371565917979191,True
5448,5448,2734,0,sty+tfidf+bert+perp,4,0,0.00951863756793957,True
5449,5449,2734,1,sty+tfidf+bert+perp,4,1,0.9998726545191183,True
5450,5450,2735,0,sty+tfidf+bert+perp,4,0,0.35273448915189676,True
5451,5451,2735,1,sty+tfidf+bert+perp,4,1,0.9914212991692745,True
5452,5452,2736,0,sty+tfidf+bert+perp,4,0,0.000412801560465984,True
5453,5453,2736,1,sty+tfidf+bert+perp,4,1,0.9978727981243399,True
5454,5454,2737,0,sty+tfidf+bert+perp,4,0,0.0009542391587970723,True
5455,5455,2737,1,sty+tfidf+bert+perp,4,1,0.99986249530717,True
5456,5456,2738,0,sty+tfidf+bert+perp,4,0,0.005694472462808923,True
5457,5457,2738,1,sty+tfidf+bert+perp,4,1,0.9992631456024162,True
5458,5458,2739,0,sty+tfidf+bert+perp,4,0,0.0008827428168689439,True
5459,5459,2739,1,sty+tfidf+bert+perp,4,1,0.9888886524512613,True
5460,5460,2740,0,sty+tfidf+bert+perp,4,0,0.003299702646060024,True
5461,5461,2740,1,sty+tfidf+bert+perp,4,1,0.9998713767137773,True
5462,5462,2741,0,sty+tfidf+bert+perp,4,0,0.027739143661013512,True
5463,5463,2741,1,sty+tfidf+bert+perp,4,1,0.9998463878629325,True
5464,5464,2742,0,sty+tfidf+bert+perp,4,0,0.0005807963500395896,True
5465,5465,2742,1,sty+tfidf+bert+perp,4,1,0.9998407178762754,True
5466,5466,2743,0,sty+tfidf+bert+perp,4,0,0.31839769344480906,True
5467,5467,2743,1,sty+tfidf+bert+perp,4,1,0.9605746829855282,True
5468,5468,2744,0,sty+tfidf+bert+perp,4,0,0.0052317127892725235,True
5469,5469,2744,1,sty+tfidf+bert+perp,4,1,0.9996745413145739,True
5470,5470,2745,0,sty+tfidf+bert+perp,4,0,0.0004389871704932569,True
5471,5471,2745,1,sty+tfidf+bert+perp,4,1,0.998165485683981,True
5472,5472,2746,0,sty+tfidf+bert+perp,4,0,0.0002038663133580587,True
5473,5473,2746,1,sty+tfidf+bert+perp,4,1,0.5218238686807534,True
5474,5474,2747,0,sty+tfidf+bert+perp,4,0,0.005683613228617601,True
5475,5475,2747,1,sty+tfidf+bert+perp,4,1,0.9993694265834542,True
5476,5476,2748,0,sty+tfidf+bert+perp,4,0,0.004461104931727648,True
5477,5477,2748,1,sty+tfidf+bert+perp,4,1,0.9993517177381435,True
5478,5478,2749,0,sty+tfidf+bert+perp,4,0,0.0023525553319925416,True
5479,5479,2749,1,sty+tfidf+bert+perp,4,1,0.737295783030462,True
5480,5480,2750,0,sty+tfidf+bert+perp,4,0,0.00048804880307120376,True
5481,5481,2750,1,sty+tfidf+bert+perp,4,1,0.9996127644510299,True
5482,5482,2751,0,sty+tfidf+bert+perp,4,0,9.616847344760572e-05,True
5483,5483,2751,1,sty+tfidf+bert+perp,4,1,0.998143234715795,True
5484,5484,2752,0,sty+tfidf+bert+perp,4,0,0.028882027911185843,True
5485,5485,2752,1,sty+tfidf+bert+perp,4,1,0.9977373147422307,True
5486,5486,2753,0,sty+tfidf+bert+perp,4,0,0.009840227402971411,True
5487,5487,2753,1,sty+tfidf+bert+perp,4,1,0.9998046341850669,True
5488,5488,2754,0,sty+tfidf+bert+perp,4,0,0.0036870292574414086,True
5489,5489,2754,1,sty+tfidf+bert+perp,4,1,0.9989451620718681,True
5490,5490,2755,0,sty+tfidf+bert+perp,4,0,0.00178550072168207,True
5491,5491,2755,1,sty+tfidf+bert+perp,4,1,0.9996105406628243,True
5492,5492,2756,0,sty+tfidf+bert+perp,4,0,0.0008170662949010482,True
5493,5493,2756,1,sty+tfidf+bert+perp,4,1,0.998325523504766,True
5494,5494,2757,0,sty+tfidf+bert+perp,4,0,0.001063226663034791,True
5495,5495,2757,1,sty+tfidf+bert+perp,4,1,0.9606129335960206,True
5496,5496,2758,0,sty+tfidf+bert+perp,4,0,0.0007231757610190583,True
5497,5497,2758,1,sty+tfidf+bert+perp,4,1,0.9998315199323061,True
5498,5498,2759,0,sty+tfidf+bert+perp,4,0,0.0037972739142128485,True
5499,5499,2759,1,sty+tfidf+bert+perp,4,1,0.878015201377803,True
5500,5500,2760,0,sty+tfidf+bert+perp,4,0,0.00025394657383067575,True
5501,5501,2760,1,sty+tfidf+bert+perp,4,1,0.9944085639309548,True
5502,5502,2761,0,sty+tfidf+bert+perp,4,0,0.17119225215835054,True
5503,5503,2761,1,sty+tfidf+bert+perp,4,1,0.9997544811255341,True
5504,5504,2762,0,sty+tfidf+bert+perp,4,0,6.793012457788645e-05,True
5505,5505,2762,1,sty+tfidf+bert+perp,4,1,0.9998972163728288,True
5506,5506,2763,0,sty+tfidf+bert+perp,4,0,0.0006064585086298524,True
5507,5507,2763,1,sty+tfidf+bert+perp,4,1,0.9984730365628826,True
5508,5508,2764,0,sty+tfidf+bert+perp,4,0,0.0021542784708884913,True
5509,5509,2764,1,sty+tfidf+bert+perp,4,1,0.8712654751040861,True
5510,5510,2765,0,sty+tfidf+bert+perp,4,0,0.10210580084431578,True
5511,5511,2765,1,sty+tfidf+bert+perp,4,1,0.9996924773538127,True
5512,5512,2766,0,sty+tfidf+bert+perp,4,0,0.002367448361499546,True
5513,5513,2766,1,sty+tfidf+bert+perp,4,1,0.9998894956363101,True
5514,5514,2767,0,sty+tfidf+bert+perp,4,0,0.00033516881454108085,True
5515,5515,2767,1,sty+tfidf+bert+perp,4,1,0.9964547199456785,True
5516,5516,2768,0,sty+tfidf+bert+perp,4,0,0.14420758741121453,True
5517,5517,2768,1,sty+tfidf+bert+perp,4,1,0.9723729233597849,True
5518,5518,2769,0,sty+tfidf+bert+perp,4,0,0.0005884864697663651,True
5519,5519,2769,1,sty+tfidf+bert+perp,4,1,0.9997861338455685,True
5520,5520,2770,0,sty+tfidf+bert+perp,4,0,0.0005971694692779334,True
5521,5521,2770,1,sty+tfidf+bert+perp,4,1,0.9996435774227758,True
5522,5522,2771,0,sty+tfidf+bert+perp,4,0,0.0029107672868553917,True
5523,5523,2771,1,sty+tfidf+bert+perp,4,1,0.9975327858103499,True
5524,5524,2772,0,sty+tfidf+bert+perp,4,0,0.0005916276884400711,True
5525,5525,2772,1,sty+tfidf+bert+perp,4,1,0.9999448417267839,True
5526,5526,2773,0,sty+tfidf+bert+perp,4,0,0.0009348822202260514,True
5527,5527,2773,1,sty+tfidf+bert+perp,4,1,0.9993864296638273,True
5528,5528,2774,0,sty+tfidf+bert+perp,4,0,0.00016016223027659363,True
5529,5529,2774,1,sty+tfidf+bert+perp,4,1,0.9944697594609411,True
5530,5530,2775,0,sty+tfidf+bert+perp,4,0,0.0072465914853741325,True
5531,5531,2775,1,sty+tfidf+bert+perp,4,1,0.9985739702745254,True
5532,5532,2776,0,sty+tfidf+bert+perp,4,0,0.0002831909941588695,True
5533,5533,2776,1,sty+tfidf+bert+perp,4,1,0.9936399363427486,True
5534,5534,2777,0,sty+tfidf+bert+perp,4,0,0.00028625723000863344,True
5535,5535,2777,1,sty+tfidf+bert+perp,4,1,0.9953009295877502,True
5536,5536,2778,0,sty+tfidf+bert+perp,4,0,9.893529028895488e-05,True
5537,5537,2778,1,sty+tfidf+bert+perp,4,1,0.999635859734942,True
5538,5538,2779,0,sty+tfidf+bert+perp,4,0,0.0007715006407470354,True
5539,5539,2779,1,sty+tfidf+bert+perp,4,1,0.999851676303871,True
5540,5540,2780,0,sty+tfidf+bert+perp,4,0,0.006617952741161623,True
5541,5541,2780,1,sty+tfidf+bert+perp,4,1,0.9998398948155096,True
5542,5542,2781,0,sty+tfidf+bert+perp,4,0,0.011289074301986947,True
5543,5543,2781,1,sty+tfidf+bert+perp,4,1,0.9998524316988806,True
5544,5544,2782,0,sty+tfidf+bert+perp,4,0,0.0002651521851206042,True
5545,5545,2782,1,sty+tfidf+bert+perp,4,1,0.9997162461354763,True
5546,5546,2783,0,sty+tfidf+bert+perp,4,0,0.0012054355252524831,True
5547,5547,2783,1,sty+tfidf+bert+perp,4,1,0.9994966620585554,True
5548,5548,2784,0,sty+tfidf+bert+perp,4,0,0.0003170458790408802,True
5549,5549,2784,1,sty+tfidf+bert+perp,4,1,0.9959704213771134,True
5550,5550,2785,0,sty+tfidf+bert+perp,4,0,5.8606445175161994e-05,True
5551,5551,2785,1,sty+tfidf+bert+perp,4,1,0.9927843664201274,True
5552,5552,2786,0,sty+tfidf+bert+perp,4,0,0.01686745151352365,True
5553,5553,2786,1,sty+tfidf+bert+perp,4,1,0.998415253297264,True
5554,5554,2787,0,sty+tfidf+bert+perp,4,0,0.000182684489045189,True
5555,5555,2787,1,sty+tfidf+bert+perp,4,1,0.9993448155430807,True
5556,5556,2788,0,sty+tfidf+bert+perp,4,0,0.1350360882656507,True
5557,5557,2788,1,sty+tfidf+bert+perp,4,1,0.9989804636820473,True
5558,5558,2789,0,sty+tfidf+bert+perp,4,0,0.002194879555712228,True
5559,5559,2789,1,sty+tfidf+bert+perp,4,1,0.9958355690090378,True
5560,5560,2790,0,sty+tfidf+bert+perp,4,0,0.0005636520858031405,True
5561,5561,2790,1,sty+tfidf+bert+perp,4,1,0.9985324986185602,True
5562,5562,2791,0,sty+tfidf+bert+perp,4,0,0.0054299425102860635,True
5563,5563,2791,1,sty+tfidf+bert+perp,4,1,0.9994818542185858,True
5564,5564,2792,0,sty+tfidf+bert+perp,4,0,0.0006570011733572568,True
5565,5565,2792,1,sty+tfidf+bert+perp,4,1,0.9999176902895973,True
5566,5566,2793,0,sty+tfidf+bert+perp,4,0,0.03667413488714091,True
5567,5567,2793,1,sty+tfidf+bert+perp,4,1,0.9995528957123336,True
5568,5568,2794,0,sty+tfidf+bert+perp,4,0,0.018841080844134286,True
5569,5569,2794,1,sty+tfidf+bert+perp,4,1,0.9822316304574467,True
5570,5570,2795,0,sty+tfidf+bert+perp,4,0,0.000332665273984393,True
5571,5571,2795,1,sty+tfidf+bert+perp,4,1,0.9490092071243402,True
5572,5572,2796,0,sty+tfidf+bert+perp,4,0,0.0005834961648235989,True
5573,5573,2796,1,sty+tfidf+bert+perp,4,1,0.9966512919341262,True
5574,5574,2797,0,sty+tfidf+bert+perp,4,0,0.0016658029898830567,True
5575,5575,2797,1,sty+tfidf+bert+perp,4,1,0.9335827510773179,True
5576,5576,2798,0,sty+tfidf+bert+perp,4,0,0.000711331809841191,True
5577,5577,2798,1,sty+tfidf+bert+perp,4,1,0.9917273609608172,True
5578,5578,2799,0,sty+tfidf+bert+perp,4,0,0.0006649839184114247,True
5579,5579,2799,1,sty+tfidf+bert+perp,4,1,0.9996375138224906,True
5580,5580,2800,0,sty+tfidf+bert+perp,4,0,0.0003875488135751461,True
5581,5581,2800,1,sty+tfidf+bert+perp,4,1,0.7995586247821772,True
5582,5582,2801,0,sty+tfidf+bert+perp,4,0,8.819363869058564e-05,True
5583,5583,2801,1,sty+tfidf+bert+perp,4,1,0.9887751989229456,True
5584,5584,2802,0,sty+tfidf+bert+perp,4,0,0.00019381734916390945,True
5585,5585,2802,1,sty+tfidf+bert+perp,4,1,0.9945873353899364,True
5586,5586,2803,0,sty+tfidf+bert+perp,4,0,0.011306333013296813,True
5587,5587,2803,1,sty+tfidf+bert+perp,4,1,0.9999691068184922,True
5588,5588,2804,0,sty+tfidf+bert+perp,4,0,0.00044726907810845897,True
5589,5589,2804,1,sty+tfidf+bert+perp,4,1,0.9991202281717834,True
5590,5590,2805,0,sty+tfidf+bert+perp,4,0,0.0006640431019185894,True
5591,5591,2805,1,sty+tfidf+bert+perp,4,1,0.9997562883085954,True
5592,5592,2806,0,sty+tfidf+bert+perp,4,0,0.002359618214133123,True
5593,5593,2806,1,sty+tfidf+bert+perp,4,1,0.9524589331849024,True
5594,5594,2807,0,sty+tfidf+bert+perp,4,0,3.6776977352400855e-05,True
5595,5595,2807,1,sty+tfidf+bert+perp,4,1,0.9980875216009718,True
5596,5596,2808,0,sty+tfidf+bert+perp,4,0,0.00131072156893819,True
5597,5597,2808,1,sty+tfidf+bert+perp,4,1,0.9996131708625297,True
5598,5598,2809,0,sty+tfidf+bert+perp,4,0,0.0002518502843365737,True
5599,5599,2809,1,sty+tfidf+bert+perp,4,1,0.9988494040000417,True
5600,5600,2810,0,sty+tfidf+bert+perp,4,0,0.001424631503385464,True
5601,5601,2810,1,sty+tfidf+bert+perp,4,1,0.9997189744598989,True
5602,5602,2811,0,sty+tfidf+bert+perp,4,0,0.0011954949560465699,True
5603,5603,2811,1,sty+tfidf+bert+perp,4,1,0.9617950692843319,True
5604,5604,2812,0,sty+tfidf+bert+perp,4,0,0.0010555339724246538,True
5605,5605,2812,1,sty+tfidf+bert+perp,4,1,0.9999640286055764,True
5606,5606,2813,0,sty+tfidf+bert+perp,4,0,0.0004964344486368318,True
5607,5607,2813,1,sty+tfidf+bert+perp,4,1,0.9999171459174221,True
5608,5608,2814,0,sty+tfidf+bert+perp,4,0,0.00043563743921520224,True
5609,5609,2814,1,sty+tfidf+bert+perp,4,1,0.9997554254147973,True
5610,5610,2815,0,sty+tfidf+bert+perp,4,0,0.007320443068117437,True
5611,5611,2815,1,sty+tfidf+bert+perp,4,1,0.9934373191843986,True
5612,5612,2816,0,sty+tfidf+bert+perp,4,0,0.0006226095003600613,True
5613,5613,2816,1,sty+tfidf+bert+perp,4,1,0.999917827880063,True
5614,5614,2817,0,sty+tfidf+bert+perp,4,0,6.502142181872836e-05,True
5615,5615,2817,1,sty+tfidf+bert+perp,4,1,0.9993255384778328,True
5616,5616,2818,0,sty+tfidf+bert+perp,4,0,0.0010986129765047324,True
5617,5617,2818,1,sty+tfidf+bert+perp,4,1,0.9994313961199327,True
5618,5618,2819,0,sty+tfidf+bert+perp,4,0,0.01721308708417201,True
5619,5619,2819,1,sty+tfidf+bert+perp,4,1,0.9447839232436217,True
5620,5620,2820,0,sty+tfidf+bert+perp,4,0,0.0023288519555213984,True
5621,5621,2820,1,sty+tfidf+bert+perp,4,1,0.8703809062806201,True
5622,5622,2821,0,sty+tfidf+bert+perp,4,0,0.01459618959048705,True
5623,5623,2821,1,sty+tfidf+bert+perp,4,1,0.9994249095097434,True
5624,5624,2822,0,sty+tfidf+bert+perp,4,0,0.017157950467495558,True
5625,5625,2822,1,sty+tfidf+bert+perp,4,1,0.9998840249402303,True
5626,5626,2823,0,sty+tfidf+bert+perp,4,0,0.08660558910603233,True
5627,5627,2823,1,sty+tfidf+bert+perp,4,1,0.999689873765076,True
5628,5628,2824,0,sty+tfidf+bert+perp,4,0,0.00020220834891258117,True
5629,5629,2824,1,sty+tfidf+bert+perp,4,1,0.9992736585932049,True
5630,5630,2825,0,sty+tfidf+bert+perp,4,0,0.00019334990242395606,True
5631,5631,2825,1,sty+tfidf+bert+perp,4,1,0.9994042785985345,True
5632,5632,2826,0,sty+tfidf+bert+perp,4,0,0.00022113509170205555,True
5633,5633,2826,1,sty+tfidf+bert+perp,4,1,0.9993888641728995,True
5634,5634,2827,0,sty+tfidf+bert+perp,4,0,0.00023871908996571806,True
5635,5635,2827,1,sty+tfidf+bert+perp,4,1,0.9993916792767321,True
5636,5636,2828,0,sty+tfidf+bert+perp,4,0,0.004972771804078641,True
5637,5637,2828,1,sty+tfidf+bert+perp,4,1,0.9994577838974682,True
5638,5638,2829,0,sty+tfidf+bert+perp,4,0,0.040234474419538695,True
5639,5639,2829,1,sty+tfidf+bert+perp,4,1,0.9985425730167308,True
5640,5640,2830,0,sty+tfidf+bert+perp,4,0,0.0004664138801644663,True
5641,5641,2830,1,sty+tfidf+bert+perp,4,1,0.9987137634428055,True
5642,5642,2831,0,sty+tfidf+bert+perp,4,0,5.704108716805113e-05,True
5643,5643,2831,1,sty+tfidf+bert+perp,4,1,0.9995406848907,True
5644,5644,2832,0,sty+tfidf+bert+perp,4,0,0.031247364366142772,True
5645,5645,2832,1,sty+tfidf+bert+perp,4,1,0.9996644400558855,True
5646,5646,2833,0,sty+tfidf+bert+perp,4,0,0.0001352077149986987,True
5647,5647,2833,1,sty+tfidf+bert+perp,4,1,0.9028533282204327,True
5648,5648,2834,0,sty+tfidf+bert+perp,4,0,9.042559629386856e-05,True
5649,5649,2834,1,sty+tfidf+bert+perp,4,1,0.9993893563326316,True
5650,5650,2835,0,sty+tfidf+bert+perp,4,0,0.0014808666987539988,True
5651,5651,2835,1,sty+tfidf+bert+perp,4,1,0.9996892790272159,True
5652,5652,2836,0,sty+tfidf+bert+perp,4,0,0.006327974010379502,True
5653,5653,2836,1,sty+tfidf+bert+perp,4,1,0.9998508368877727,True
5654,5654,2837,0,sty+tfidf+bert+perp,4,0,0.002042326344511124,True
5655,5655,2837,1,sty+tfidf+bert+perp,4,1,0.9996570383618332,True
5656,5656,2838,0,sty+tfidf+bert+perp,4,0,0.02850455791194471,True
5657,5657,2838,1,sty+tfidf+bert+perp,4,1,0.9988881579843214,True
5658,5658,2839,0,sty+tfidf+bert+perp,4,0,0.0042375526453811594,True
5659,5659,2839,1,sty+tfidf+bert+perp,4,1,0.9996918088571327,True
5660,5660,2840,0,sty+tfidf+bert+perp,4,0,0.0026336475238864757,True
5661,5661,2840,1,sty+tfidf+bert+perp,4,1,0.9969628913359698,True
5662,5662,2841,0,sty+tfidf+bert+perp,4,0,0.021741328090657777,True
5663,5663,2841,1,sty+tfidf+bert+perp,4,1,0.9997974286046519,True
5664,5664,2842,0,sty+tfidf+bert+perp,4,0,5.254984868623005e-05,True
5665,5665,2842,1,sty+tfidf+bert+perp,4,1,0.9333143667725547,True
5666,5666,2843,0,sty+tfidf+bert+perp,4,0,0.002112584005641921,True
5667,5667,2843,1,sty+tfidf+bert+perp,4,1,0.9995034085663359,True
5668,5668,2844,0,sty+tfidf+bert+perp,4,0,0.0002602258661166256,True
5669,5669,2844,1,sty+tfidf+bert+perp,4,1,0.9935875046250207,True
5670,5670,2845,0,sty+tfidf+bert+perp,4,0,0.00012676903995002134,True
5671,5671,2845,1,sty+tfidf+bert+perp,4,1,0.9990045758159157,True
5672,5672,2846,0,sty+tfidf+bert+perp,4,0,0.0007555983602774848,True
5673,5673,2846,1,sty+tfidf+bert+perp,4,1,0.9943402458122339,True
5674,5674,2847,0,sty+tfidf+bert+perp,4,0,0.011800673700276886,True
5675,5675,2847,1,sty+tfidf+bert+perp,4,1,0.9996356586593241,True
5676,5676,2848,0,sty+tfidf+bert+perp,4,0,0.0008136498576710355,True
5677,5677,2848,1,sty+tfidf+bert+perp,4,1,0.9153460547686648,True
5678,5678,2849,0,sty+tfidf+bert+perp,4,0,0.0013376953664862616,True
5679,5679,2849,1,sty+tfidf+bert+perp,4,1,0.9998572079885106,True
5680,5680,2850,0,sty+tfidf+bert+perp,4,0,0.16914271080895693,True
5681,5681,2850,1,sty+tfidf+bert+perp,4,1,0.9986245675462765,True
5682,5682,2851,0,sty+tfidf+bert+perp,4,0,0.0039788340426513465,True
5683,5683,2851,1,sty+tfidf+bert+perp,4,1,0.6904409040983467,True
5684,5684,2852,0,sty+tfidf+bert+perp,4,0,0.00021505419870157633,True
5685,5685,2852,1,sty+tfidf+bert+perp,4,1,0.9979745987746957,True
5686,5686,2853,0,sty+tfidf+bert+perp,4,0,0.0030766936927166207,True
5687,5687,2853,1,sty+tfidf+bert+perp,4,1,0.9995142822283708,True
5688,5688,2854,0,sty+tfidf+bert+perp,4,0,0.00011597448663164179,True
5689,5689,2854,1,sty+tfidf+bert+perp,4,1,0.9749722495047988,True
5690,5690,2855,0,sty+tfidf+bert+perp,4,0,0.00040558983829357213,True
5691,5691,2855,1,sty+tfidf+bert+perp,4,1,0.9994269633319727,True
5692,5692,2856,0,sty+tfidf+bert+perp,4,0,0.005500990544050895,True
5693,5693,2856,1,sty+tfidf+bert+perp,4,1,0.9963938486751092,True
5694,5694,2857,0,sty+tfidf+bert+perp,4,0,0.00021589715385335047,True
5695,5695,2857,1,sty+tfidf+bert+perp,4,1,0.9998075040663628,True
5696,5696,2858,0,sty+tfidf+bert+perp,4,0,0.00021962253779215404,True
5697,5697,2858,1,sty+tfidf+bert+perp,4,1,0.9997274876636472,True
5698,5698,2859,0,sty+tfidf+bert+perp,4,0,0.0008981499353968157,True
5699,5699,2859,1,sty+tfidf+bert+perp,4,1,0.9864459560731469,True
5700,5700,2860,0,sty+tfidf+bert+perp,4,0,0.0005125652058499906,True
5701,5701,2860,1,sty+tfidf+bert+perp,4,1,0.9933765975158596,True
5702,5702,2861,0,sty+tfidf+bert+perp,4,0,0.07874182338449104,True
5703,5703,2861,1,sty+tfidf+bert+perp,4,1,0.6057754994377232,True
5704,5704,2862,0,sty+tfidf+bert+perp,4,0,4.095500447787433e-05,True
5705,5705,2862,1,sty+tfidf+bert+perp,4,1,0.9922250581742278,True
5706,5706,2863,0,sty+tfidf+bert+perp,4,0,0.00413445216871997,True
5707,5707,2863,1,sty+tfidf+bert+perp,4,1,0.9969095275638731,True
5708,5708,2864,0,sty+tfidf+bert+perp,4,0,0.004471443629850863,True
5709,5709,2864,1,sty+tfidf+bert+perp,4,1,0.999645577112031,True
5710,5710,2865,0,sty+tfidf+bert+perp,4,0,0.00011436235562230736,True
5711,5711,2865,1,sty+tfidf+bert+perp,4,1,0.9999265130237802,True
5712,5712,2866,0,sty+tfidf+bert+perp,4,0,0.004286908824232015,True
5713,5713,2866,1,sty+tfidf+bert+perp,4,1,0.9999256592685285,True
5714,5714,2867,0,sty+tfidf+bert+perp,4,0,0.00022092623800754732,True
5715,5715,2867,1,sty+tfidf+bert+perp,4,1,0.9986996549654172,True
5716,5716,2868,0,sty+tfidf+bert+perp,4,0,0.00022031118367711768,True
5717,5717,2868,1,sty+tfidf+bert+perp,4,1,0.7596061662938106,True
5718,5718,2869,0,sty+tfidf+bert+perp,4,0,0.0008140761940098832,True
5719,5719,2869,1,sty+tfidf+bert+perp,4,1,0.9990998461212858,True
5720,5720,2870,0,sty+tfidf+bert+perp,4,0,0.007970709422420433,True
5721,5721,2870,1,sty+tfidf+bert+perp,4,1,0.9994478780826596,True
5722,5722,2871,0,sty+tfidf+bert+perp,4,0,0.007617085798385102,True
5723,5723,2871,1,sty+tfidf+bert+perp,4,1,0.9944299214891115,True
5724,5724,2872,0,sty+tfidf+bert+perp,4,0,0.00406504063455037,True
5725,5725,2872,1,sty+tfidf+bert+perp,4,1,0.9996438542481325,True
5726,5726,2873,0,sty+tfidf+bert+perp,4,0,0.001243551511091359,True
5727,5727,2873,1,sty+tfidf+bert+perp,4,1,0.9810566627229368,True
5728,5728,2874,0,sty+tfidf+bert+perp,4,0,0.0028824803854729333,True
5729,5729,2874,1,sty+tfidf+bert+perp,4,1,0.9734536610511875,True
5730,5730,2875,0,sty+tfidf+bert+perp,4,0,0.004711397474843694,True
5731,5731,2875,1,sty+tfidf+bert+perp,4,1,0.9993521681346755,True
5732,5732,2876,0,sty+tfidf+bert+perp,4,0,0.0003689857808519431,True
5733,5733,2876,1,sty+tfidf+bert+perp,4,1,0.9996586647828913,True
5734,5734,2877,0,sty+tfidf+bert+perp,4,1,0.5943466240603855,False
5735,5735,2877,1,sty+tfidf+bert+perp,4,1,0.8457684972275735,True
5736,5736,2878,0,sty+tfidf+bert+perp,4,0,0.0012234212640232984,True
5737,5737,2878,1,sty+tfidf+bert+perp,4,1,0.9985210225670454,True
5738,5738,2879,0,sty+tfidf+bert+perp,4,0,0.0004635691482696552,True
5739,5739,2879,1,sty+tfidf+bert+perp,4,1,0.9657920865599025,True
5740,5740,2880,0,sty+tfidf+bert+perp,4,0,0.024859158084000896,True
5741,5741,2880,1,sty+tfidf+bert+perp,4,1,0.9991642795132253,True
5742,5742,2881,0,sty+tfidf+bert+perp,4,0,0.011660808683404267,True
5743,5743,2881,1,sty+tfidf+bert+perp,4,1,0.9974967318948623,True
5744,5744,2882,0,sty+tfidf+bert+perp,4,0,8.876344009377347e-05,True
5745,5745,2882,1,sty+tfidf+bert+perp,4,1,0.9992505796715768,True
5746,5746,2883,0,sty+tfidf+bert+perp,4,0,0.002443664510914698,True
5747,5747,2883,1,sty+tfidf+bert+perp,4,1,0.999709624849504,True
5748,5748,2884,0,sty+tfidf+bert+perp,4,0,0.010334844435588157,True
5749,5749,2884,1,sty+tfidf+bert+perp,4,1,0.9995373367908207,True
5750,5750,2885,0,sty+tfidf+bert+perp,4,0,0.010772777069551183,True
5751,5751,2885,1,sty+tfidf+bert+perp,4,1,0.9993203209803598,True
5752,5752,2886,0,sty+tfidf+bert+perp,4,0,5.07880704422871e-05,True
5753,5753,2886,1,sty+tfidf+bert+perp,4,1,0.9986220749570555,True
5754,5754,2887,0,sty+tfidf+bert+perp,4,0,0.0028870929812871995,True
5755,5755,2887,1,sty+tfidf+bert+perp,4,1,0.9997460452721649,True
5756,5756,2888,0,sty+tfidf+bert+perp,4,0,0.0012715073899946855,True
5757,5757,2888,1,sty+tfidf+bert+perp,4,1,0.9991272284917826,True
5758,5758,2889,0,sty+tfidf+bert+perp,4,0,0.04853652801356575,True
5759,5759,2889,1,sty+tfidf+bert+perp,4,1,0.9995877791696378,True
5760,5760,2890,0,sty+tfidf+bert+perp,4,0,0.000614319033914004,True
5761,5761,2890,1,sty+tfidf+bert+perp,4,1,0.9992703155342635,True
5762,5762,2891,0,sty+tfidf+bert+perp,4,0,0.005872685093844492,True
5763,5763,2891,1,sty+tfidf+bert+perp,4,1,0.9998212217755437,True
5764,5764,2892,0,sty+tfidf+bert+perp,4,0,0.0023163826859630495,True
5765,5765,2892,1,sty+tfidf+bert+perp,4,1,0.9996476842183748,True
5766,5766,2893,0,sty+tfidf+bert+perp,4,0,0.001276191181893325,True
5767,5767,2893,1,sty+tfidf+bert+perp,4,1,0.9982406302051393,True
5768,5768,2894,0,sty+tfidf+bert+perp,4,0,0.0034437078261095625,True
5769,5769,2894,1,sty+tfidf+bert+perp,4,1,0.7577828363791859,True
5770,5770,2895,0,sty+tfidf+bert+perp,4,0,0.006035895216442773,True
5771,5771,2895,1,sty+tfidf+bert+perp,4,1,0.9994229822051327,True
5772,5772,2896,0,sty+tfidf+bert+perp,4,0,0.03822646133983478,True
5773,5773,2896,1,sty+tfidf+bert+perp,4,1,0.9822453933550138,True
5774,5774,2897,0,sty+tfidf+bert+perp,4,0,0.005830499462795644,True
5775,5775,2897,1,sty+tfidf+bert+perp,4,1,0.9979838897585108,True
5776,5776,2898,0,sty+tfidf+bert+perp,4,0,0.00656137058198028,True
5777,5777,2898,1,sty+tfidf+bert+perp,4,1,0.9999007743445046,True
5778,5778,2899,0,sty+tfidf+bert+perp,4,0,0.0034939249328242816,True
5779,5779,2899,1,sty+tfidf+bert+perp,4,1,0.99950491308141,True
5780,5780,2900,0,sty+tfidf+bert+perp,4,0,0.08144972197636195,True
5781,5781,2900,1,sty+tfidf+bert+perp,4,1,0.9449663244152201,True
5782,5782,2901,0,sty+tfidf+bert+perp,4,0,0.00010751925474246844,True
5783,5783,2901,1,sty+tfidf+bert+perp,4,1,0.9994164689369445,True
5784,5784,2902,0,sty+tfidf+bert+perp,4,0,0.000367620019953038,True
5785,5785,2902,1,sty+tfidf+bert+perp,4,1,0.9996332986710467,True
5786,5786,2903,0,sty+tfidf+bert+perp,4,0,0.0011011633124333223,True
5787,5787,2903,1,sty+tfidf+bert+perp,4,1,0.9575099090830608,True
5788,5788,2904,0,sty+tfidf+bert+perp,4,0,0.0008067745565344794,True
5789,5789,2904,1,sty+tfidf+bert+perp,4,1,0.901871951310119,True
5790,5790,2905,0,sty+tfidf+bert+perp,4,0,0.0013817240399193432,True
5791,5791,2905,1,sty+tfidf+bert+perp,4,1,0.9997931910183634,True
5792,5792,2906,0,sty+tfidf+bert+perp,4,0,0.009312578769463068,True
5793,5793,2906,1,sty+tfidf+bert+perp,4,1,0.999872900193422,True
5794,5794,2907,0,sty+tfidf+bert+perp,4,0,0.0014056580477206835,True
5795,5795,2907,1,sty+tfidf+bert+perp,4,1,0.9996243091916361,True
5796,5796,2908,0,sty+tfidf+bert+perp,4,0,3.0556274772789764e-05,True
5797,5797,2908,1,sty+tfidf+bert+perp,4,1,0.9993387785285991,True
5798,5798,2909,0,sty+tfidf+bert+perp,4,0,0.00015568202300085014,True
5799,5799,2909,1,sty+tfidf+bert+perp,4,1,0.9994621799321075,True
5800,5800,2910,0,sty+tfidf+bert+perp,4,0,0.004353620185653647,True
5801,5801,2910,1,sty+tfidf+bert+perp,4,1,0.9995810494144572,True
5802,5802,2911,0,sty+tfidf+bert+perp,4,0,0.00013003183120538213,True
5803,5803,2911,1,sty+tfidf+bert+perp,4,1,0.9998965659527842,True
5804,5804,2912,0,sty+tfidf+bert+perp,4,0,0.0012640379648883387,True
5805,5805,2912,1,sty+tfidf+bert+perp,4,1,0.9998676810595166,True
5806,5806,2913,0,sty+tfidf+bert+perp,4,0,7.807969993863001e-05,True
5807,5807,2913,1,sty+tfidf+bert+perp,4,1,0.9996999479551654,True
5808,5808,2914,0,sty+tfidf+bert+perp,4,0,0.002065297614155488,True
5809,5809,2914,1,sty+tfidf+bert+perp,4,1,0.9979414789447113,True
5810,5810,2915,0,sty+tfidf+bert+perp,4,0,0.0007169508336923477,True
5811,5811,2915,1,sty+tfidf+bert+perp,4,1,0.9996150326322079,True
5812,5812,2916,0,sty+tfidf+bert+perp,4,0,0.004228975415970589,True
5813,5813,2916,1,sty+tfidf+bert+perp,4,1,0.9999129588387156,True
5814,5814,2917,0,sty+tfidf+bert+perp,4,0,7.079784855680911e-05,True
5815,5815,2917,1,sty+tfidf+bert+perp,4,1,0.9999476349893373,True
5816,5816,2918,0,sty+tfidf+bert+perp,4,0,0.00026398813143059925,True
5817,5817,2918,1,sty+tfidf+bert+perp,4,1,0.9937974736557398,True
5818,5818,2919,0,sty+tfidf+bert+perp,4,0,9.62892067914204e-05,True
5819,5819,2919,1,sty+tfidf+bert+perp,4,1,0.9960085179488696,True
5820,5820,2920,0,sty+tfidf+bert+perp,4,0,0.002409754076096074,True
5821,5821,2920,1,sty+tfidf+bert+perp,4,1,0.9992722867739189,True
5822,5822,2921,0,sty+tfidf+bert+perp,4,0,0.0004481546427815932,True
5823,5823,2921,1,sty+tfidf+bert+perp,4,1,0.9985037315565927,True
5824,5824,2922,0,sty+tfidf+bert+perp,4,0,3.331480432209623e-05,True
5825,5825,2922,1,sty+tfidf+bert+perp,4,1,0.9843610287191636,True
5826,5826,2923,0,sty+tfidf+bert+perp,4,0,0.0007098120106628814,True
5827,5827,2923,1,sty+tfidf+bert+perp,4,1,0.9998215337038724,True
5828,5828,2924,0,sty+tfidf+bert+perp,4,0,0.00014835459195158886,True
5829,5829,2924,1,sty+tfidf+bert+perp,4,1,0.9985592752108101,True
5830,5830,2925,0,sty+tfidf+bert+perp,4,0,0.00021876443873298544,True
5831,5831,2925,1,sty+tfidf+bert+perp,4,1,0.9727184864366053,True
5832,5832,2926,0,sty+tfidf+bert+perp,4,0,0.00025450491065974457,True
5833,5833,2926,1,sty+tfidf+bert+perp,4,1,0.9998543232027106,True
5834,5834,2927,0,sty+tfidf+bert+perp,4,0,0.0684742510179065,True
5835,5835,2927,1,sty+tfidf+bert+perp,4,1,0.9998894836091687,True
5836,5836,2928,0,sty+tfidf+bert+perp,4,0,0.03292909400993499,True
5837,5837,2928,1,sty+tfidf+bert+perp,4,1,0.9996294406660076,True
5838,5838,2929,0,sty+tfidf+bert+perp,4,0,0.027926338163502873,True
5839,5839,2929,1,sty+tfidf+bert+perp,4,1,0.9997091329994603,True
5840,5840,2930,0,sty+tfidf+bert+perp,4,0,0.004309690392018614,True
5841,5841,2930,1,sty+tfidf+bert+perp,4,1,0.9998466834809023,True
5842,5842,2931,0,sty+tfidf+bert+perp,4,0,0.022084828411384722,True
5843,5843,2931,1,sty+tfidf+bert+perp,4,1,0.9967914007766274,True
5844,5844,2932,0,sty+tfidf+bert+perp,4,0,0.0004282677795458934,True
5845,5845,2932,1,sty+tfidf+bert+perp,4,1,0.9998800511673943,True
5846,5846,2933,0,sty+tfidf+bert+perp,4,0,0.000583016977138791,True
5847,5847,2933,1,sty+tfidf+bert+perp,4,1,0.9995794120143884,True
5848,5848,2934,0,sty+tfidf+bert+perp,4,0,0.004008816614283059,True
5849,5849,2934,1,sty+tfidf+bert+perp,4,1,0.9990432116359745,True
5850,5850,2935,0,sty+tfidf+bert+perp,4,0,0.04246962735400866,True
5851,5851,2935,1,sty+tfidf+bert+perp,4,1,0.9990161605734069,True
5852,5852,2936,0,sty+tfidf+bert+perp,4,0,0.0014287833190165166,True
5853,5853,2936,1,sty+tfidf+bert+perp,4,1,0.9935832634457743,True
5854,5854,2937,0,sty+tfidf+bert+perp,4,0,0.00020654589948114878,True
5855,5855,2937,1,sty+tfidf+bert+perp,4,1,0.9175149517948584,True
5856,5856,2938,0,sty+tfidf+bert+perp,4,0,0.03170850683450017,True
5857,5857,2938,1,sty+tfidf+bert+perp,4,1,0.9990408589043033,True
5858,5858,2939,0,sty+tfidf+bert+perp,4,0,0.001618922371750659,True
5859,5859,2939,1,sty+tfidf+bert+perp,4,1,0.999543754343465,True
5860,5860,2940,0,sty+tfidf+bert+perp,4,0,0.0003212424795529328,True
5861,5861,2940,1,sty+tfidf+bert+perp,4,1,0.9753383413647088,True
5862,5862,2941,0,sty+tfidf+bert+perp,4,0,5.3876459291299604e-05,True
5863,5863,2941,1,sty+tfidf+bert+perp,4,1,0.9981262589185079,True
5864,5864,2942,0,sty+tfidf+bert+perp,4,0,0.05514856628273666,True
5865,5865,2942,1,sty+tfidf+bert+perp,4,1,0.9993763339489911,True
5866,5866,2943,0,sty+tfidf+bert+perp,4,0,0.00721978028537348,True
5867,5867,2943,1,sty+tfidf+bert+perp,4,1,0.9995017583386254,True
5868,5868,2944,0,sty+tfidf+bert+perp,4,0,0.05802633836071331,True
5869,5869,2944,1,sty+tfidf+bert+perp,4,1,0.906034158425114,True
5870,5870,2945,0,sty+tfidf+bert+perp,4,1,0.7034683114091731,False
5871,5871,2945,1,sty+tfidf+bert+perp,4,1,0.9998631979482325,True
5872,5872,2946,0,sty+tfidf+bert+perp,4,0,0.00204145661177935,True
5873,5873,2946,1,sty+tfidf+bert+perp,4,1,0.9998354227578887,True
5874,5874,2947,0,sty+tfidf+bert+perp,4,0,6.168747660898594e-05,True
5875,5875,2947,1,sty+tfidf+bert+perp,4,1,0.9994141390873666,True
5876,5876,2948,0,sty+tfidf+bert+perp,4,0,0.0002936345785994008,True
5877,5877,2948,1,sty+tfidf+bert+perp,4,1,0.9946793415795999,True
5878,5878,2949,0,sty+tfidf+bert+perp,4,0,8.065250921322286e-05,True
5879,5879,2949,1,sty+tfidf+bert+perp,4,1,0.9893311823788298,True
5880,5880,2950,0,sty+tfidf+bert+perp,4,0,0.08657644080728129,True
5881,5881,2950,1,sty+tfidf+bert+perp,4,1,0.9998561444177712,True
5882,5882,2951,0,sty+tfidf+bert+perp,4,0,1.9822157768945827e-05,True
5883,5883,2951,1,sty+tfidf+bert+perp,4,1,0.9960516482938715,True
5884,5884,2952,0,sty+tfidf+bert+perp,4,0,0.00016891193390266237,True
5885,5885,2952,1,sty+tfidf+bert+perp,4,1,0.9995383718243264,True
5886,5886,2953,0,sty+tfidf+bert+perp,4,0,0.04114116033955217,True
5887,5887,2953,1,sty+tfidf+bert+perp,4,1,0.999503080416176,True
5888,5888,2954,0,sty+tfidf+bert+perp,4,0,0.004610522790748521,True
5889,5889,2954,1,sty+tfidf+bert+perp,4,1,0.9996359429725544,True
5890,5890,2955,0,sty+tfidf+bert+perp,4,0,0.04432254177519217,True
5891,5891,2955,1,sty+tfidf+bert+perp,4,1,0.9995185965390421,True
5892,5892,2956,0,sty+tfidf+bert+perp,4,0,0.00018696939310706135,True
5893,5893,2956,1,sty+tfidf+bert+perp,4,1,0.9996983955691121,True
5894,5894,2957,0,sty+tfidf+bert+perp,4,0,0.0804780911441389,True
5895,5895,2957,1,sty+tfidf+bert+perp,4,1,0.9995836273658827,True
5896,5896,2958,0,sty+tfidf+bert+perp,4,0,0.00021752748009344709,True
5897,5897,2958,1,sty+tfidf+bert+perp,4,1,0.9996747397698134,True
5898,5898,2959,0,sty+tfidf+bert+perp,4,0,0.0005133848215650176,True
5899,5899,2959,1,sty+tfidf+bert+perp,4,1,0.998564784469641,True
5900,5900,2960,0,sty+tfidf+bert+perp,4,0,8.87667449557481e-05,True
5901,5901,2960,1,sty+tfidf+bert+perp,4,1,0.9986479317920214,True
5902,5902,2961,0,sty+tfidf+bert+perp,4,0,0.0007953261885670676,True
5903,5903,2961,1,sty+tfidf+bert+perp,4,1,0.9458152397668917,True
5904,5904,2962,0,sty+tfidf+bert+perp,4,0,0.16921416016044785,True
5905,5905,2962,1,sty+tfidf+bert+perp,4,1,0.989432909157778,True
5906,5906,2963,0,sty+tfidf+bert+perp,4,0,0.0003914512072289296,True
5907,5907,2963,1,sty+tfidf+bert+perp,4,1,0.999734630672209,True
5908,5908,2964,0,sty+tfidf+bert+perp,4,0,0.0006138395915898979,True
5909,5909,2964,1,sty+tfidf+bert+perp,4,1,0.9915594597239292,True
5910,5910,2965,0,sty+tfidf+bert+perp,4,0,0.000553717785978341,True
5911,5911,2965,1,sty+tfidf+bert+perp,4,1,0.99794614405512,True
5912,5912,2966,0,sty+tfidf+bert+perp,4,0,0.000903265006042256,True
5913,5913,2966,1,sty+tfidf+bert+perp,4,1,0.9975633155681787,True
5914,5914,2967,0,sty+tfidf+bert+perp,4,0,0.0009360109145848385,True
5915,5915,2967,1,sty+tfidf+bert+perp,4,1,0.9896323741077793,True
5916,5916,2968,0,sty+tfidf+bert+perp,4,0,0.006017389260907363,True
5917,5917,2968,1,sty+tfidf+bert+perp,4,1,0.9962814139782986,True
5918,5918,2969,0,sty+tfidf+bert+perp,4,0,0.030849099265463024,True
5919,5919,2969,1,sty+tfidf+bert+perp,4,1,0.9976138082165054,True
5920,5920,2970,0,sty+tfidf+bert+perp,4,0,4.6035839147291e-05,True
5921,5921,2970,1,sty+tfidf+bert+perp,4,1,0.9998937613341561,True
5922,5922,2971,0,sty+tfidf+bert+perp,4,0,0.0034620445290032627,True
5923,5923,2971,1,sty+tfidf+bert+perp,4,1,0.9988047891037307,True
5924,5924,2972,0,sty+tfidf+bert+perp,4,0,0.006112213073360565,True
5925,5925,2972,1,sty+tfidf+bert+perp,4,1,0.9926531604662805,True
5926,5926,2973,1,sty+tfidf+bert+perp,4,1,0.9995223441065946,True
5927,5927,2974,0,sty+tfidf+bert+perp,4,0,0.0004787463074327701,True
5928,5928,2974,1,sty+tfidf+bert+perp,4,0,0.06556267634056442,False
5929,5929,2975,0,sty+tfidf+bert+perp,4,0,0.00021459426210268393,True
5930,5930,2975,1,sty+tfidf+bert+perp,4,1,0.9949974457287605,True
5931,5931,2976,0,sty+tfidf+bert+perp,4,0,0.0006509406084803278,True
5932,5932,2976,1,sty+tfidf+bert+perp,4,1,0.9983151936591803,True
5933,5933,2977,0,sty+tfidf+bert+perp,4,0,0.0034992957453739673,True
5934,5934,2977,1,sty+tfidf+bert+perp,4,1,0.99884483145163,True
5935,5935,2978,0,sty+tfidf+bert+perp,4,0,0.00862029779920432,True
5936,5936,2978,1,sty+tfidf+bert+perp,4,1,0.999763221211873,True
5937,5937,2979,0,sty+tfidf+bert+perp,4,0,6.90770841858751e-05,True
5938,5938,2979,1,sty+tfidf+bert+perp,4,1,0.9991578876738414,True
5939,5939,2980,0,sty+tfidf+bert+perp,4,0,0.00025663899603569696,True
5940,5940,2980,1,sty+tfidf+bert+perp,4,1,0.9996981459409516,True
5941,5941,2981,0,sty+tfidf+bert+perp,4,0,0.000292643127485887,True
5942,5942,2981,1,sty+tfidf+bert+perp,4,1,0.9984098188164477,True
5943,5943,2982,0,sty+tfidf+bert+perp,4,0,0.0015500273116037507,True
5944,5944,2982,1,sty+tfidf+bert+perp,4,1,0.9978699222181934,True
5945,5945,2983,0,sty+tfidf+bert+perp,4,0,0.01333157302556113,True
5946,5946,2983,1,sty+tfidf+bert+perp,4,1,0.9991985113144827,True
5947,5947,2984,0,sty+tfidf+bert+perp,4,0,0.00020268099574024574,True
5948,5948,2984,1,sty+tfidf+bert+perp,4,1,0.998476661316503,True
5949,5949,2985,0,sty+tfidf+bert+perp,4,0,0.0001764809599139349,True
5950,5950,2985,1,sty+tfidf+bert+perp,4,1,0.9992681109832763,True
5951,5951,2986,0,sty+tfidf+bert+perp,4,0,0.000998226384766902,True
5952,5952,2986,1,sty+tfidf+bert+perp,4,1,0.9996682993057814,True
5953,5953,2987,0,sty+tfidf+bert+perp,4,0,0.0001367625253897266,True
5954,5954,2987,1,sty+tfidf+bert+perp,4,1,0.9967416732306533,True
5955,5955,2988,0,sty+tfidf+bert+perp,4,0,0.0060778145859035106,True
5956,5956,2988,1,sty+tfidf+bert+perp,4,1,0.9995250060338816,True
5957,5957,2989,0,sty+tfidf+bert+perp,4,0,0.0035987724883847494,True
5958,5958,2989,1,sty+tfidf+bert+perp,4,1,0.9999314827020662,True
5959,5959,2990,0,sty+tfidf+bert+perp,4,0,0.0004105237886032019,True
5960,5960,2990,1,sty+tfidf+bert+perp,4,1,0.9954913523481278,True
5961,5961,2991,0,sty+tfidf+bert+perp,4,0,0.18453439440644465,True
5962,5962,2991,1,sty+tfidf+bert+perp,4,1,0.9994666883918352,True
5963,5963,2992,0,sty+tfidf+bert+perp,4,0,0.02246101447265788,True
5964,5964,2992,1,sty+tfidf+bert+perp,4,1,0.9998490109377003,True
5965,5965,2993,0,sty+tfidf+bert+perp,4,0,3.1966878111413496e-05,True
5966,5966,2993,1,sty+tfidf+bert+perp,4,1,0.9931200633952104,True
5967,5967,2994,0,sty+tfidf+bert+perp,4,0,0.024528415896029138,True
5968,5968,2994,1,sty+tfidf+bert+perp,4,1,0.9998506610804205,True
5969,5969,2995,0,sty+tfidf+bert+perp,4,0,0.0002564903700272884,True
5970,5970,2995,1,sty+tfidf+bert+perp,4,1,0.9998328355062432,True
5971,5971,2996,0,sty+tfidf+bert+perp,4,0,0.15482078366797697,True
5972,5972,2996,1,sty+tfidf+bert+perp,4,1,0.9989902279891248,True
5973,5973,2997,0,sty+tfidf+bert+perp,4,0,0.00046821384331834114,True
5974,5974,2997,1,sty+tfidf+bert+perp,4,1,0.9997951777630826,True
5975,5975,2998,0,sty+tfidf+bert+perp,4,0,0.00116829335781456,True
5976,5976,2998,1,sty+tfidf+bert+perp,4,1,0.990732711547225,True
5977,5977,2999,0,sty+tfidf+bert+perp,4,0,0.039007390657026415,True
5978,5978,2999,1,sty+tfidf+bert+perp,4,1,0.9978369252268693,True
