row_index,doc_id,source_id,label_aktual,kombinasi,n_fitur,prediksi,probabilitas_AI,benar
0,0,0,0,sty+tfidf,2,1,0.626555774492256,False
1,1,0,1,sty+tfidf,2,1,0.9820572650223771,True
2,2,1,0,sty+tfidf,2,0,0.007743214097447273,True
3,3,1,1,sty+tfidf,2,1,0.9807015033783442,True
4,4,2,0,sty+tfidf,2,0,0.008706370279310916,True
5,5,2,1,sty+tfidf,2,1,0.9745330561403962,True
6,6,3,0,sty+tfidf,2,0,0.11093807077513944,True
7,7,3,1,sty+tfidf,2,1,0.9974384101324366,True
8,8,4,0,sty+tfidf,2,0,0.01451138540592241,True
9,9,4,1,sty+tfidf,2,1,0.9947606973783008,True
10,10,5,0,sty+tfidf,2,0,0.015672316808665217,True
11,11,5,1,sty+tfidf,2,1,0.8919862112352369,True
12,12,6,0,sty+tfidf,2,0,0.0028820739168103635,True
13,13,6,1,sty+tfidf,2,1,0.994242225337659,True
14,14,7,0,sty+tfidf,2,0,0.009809780291031415,True
15,15,7,1,sty+tfidf,2,1,0.9952045461955219,True
16,16,8,0,sty+tfidf,2,0,0.000939054325182077,True
17,17,8,1,sty+tfidf,2,1,0.9992037659987251,True
18,18,9,0,sty+tfidf,2,0,0.16363989150872568,True
19,19,9,1,sty+tfidf,2,1,0.9347253068093274,True
20,20,10,0,sty+tfidf,2,0,0.25769171887419356,True
21,21,10,1,sty+tfidf,2,1,0.985269265715454,True
22,22,11,0,sty+tfidf,2,0,0.016039593862383315,True
23,23,11,1,sty+tfidf,2,1,0.9545290299284344,True
24,24,12,0,sty+tfidf,2,0,0.006310944323640211,True
25,25,12,1,sty+tfidf,2,1,0.9960758548341881,True
26,26,13,0,sty+tfidf,2,0,0.003162761205551387,True
27,27,13,1,sty+tfidf,2,1,0.9879634801444472,True
28,28,14,0,sty+tfidf,2,0,0.002091226754405095,True
29,29,14,1,sty+tfidf,2,1,0.9263591599922648,True
30,30,15,0,sty+tfidf,2,0,0.00529751601091349,True
31,31,15,1,sty+tfidf,2,1,0.9993942224689508,True
32,32,16,0,sty+tfidf,2,0,0.10594053814450259,True
33,33,16,1,sty+tfidf,2,1,0.9935751663568515,True
34,34,17,0,sty+tfidf,2,0,0.06252204060812443,True
35,35,17,1,sty+tfidf,2,1,0.9989079565202547,True
36,36,18,0,sty+tfidf,2,0,0.24444521167320493,True
37,37,18,1,sty+tfidf,2,1,0.9968607227928228,True
38,38,19,0,sty+tfidf,2,0,0.11126663830323436,True
39,39,19,1,sty+tfidf,2,1,0.9996077812027273,True
40,40,20,0,sty+tfidf,2,0,0.000732608511679,True
41,41,20,1,sty+tfidf,2,1,0.8844178075365936,True
42,42,21,0,sty+tfidf,2,0,0.026040357788009897,True
43,43,21,1,sty+tfidf,2,1,0.9765026216580711,True
44,44,22,0,sty+tfidf,2,0,0.3475378981836959,True
45,45,22,1,sty+tfidf,2,1,0.9790595272863718,True
46,46,23,0,sty+tfidf,2,0,0.000447972967719654,True
47,47,23,1,sty+tfidf,2,1,0.9981408213517398,True
48,48,24,0,sty+tfidf,2,0,0.10171423630412932,True
49,49,24,1,sty+tfidf,2,1,0.5084938520167455,True
50,50,25,0,sty+tfidf,2,0,0.09184104795431138,True
51,51,25,1,sty+tfidf,2,1,0.969624047673039,True
52,52,26,0,sty+tfidf,2,0,0.16123534330099645,True
53,53,26,1,sty+tfidf,2,1,0.9978334822112572,True
54,54,27,0,sty+tfidf,2,0,0.0010433576814206575,True
55,55,27,1,sty+tfidf,2,1,0.9819388070625297,True
56,56,28,0,sty+tfidf,2,1,0.8831923883312127,False
57,57,28,1,sty+tfidf,2,1,0.9991755317979081,True
58,58,29,0,sty+tfidf,2,0,0.016280696852706954,True
59,59,29,1,sty+tfidf,2,1,0.9979852806920677,True
60,60,30,0,sty+tfidf,2,0,0.0013363650655540153,True
61,61,30,1,sty+tfidf,2,1,0.9946205201347033,True
62,62,31,0,sty+tfidf,2,0,0.00039813717001052347,True
63,63,31,1,sty+tfidf,2,1,0.9855064248248548,True
64,64,32,0,sty+tfidf,2,0,0.029262144402061027,True
65,65,32,1,sty+tfidf,2,0,0.0006810871654991852,False
66,66,33,0,sty+tfidf,2,0,0.003002879150273007,True
67,67,33,1,sty+tfidf,2,1,0.9923943852847052,True
68,68,34,0,sty+tfidf,2,0,0.020798582338284237,True
69,69,34,1,sty+tfidf,2,1,0.8104335427830534,True
70,70,35,0,sty+tfidf,2,0,0.012064626379227303,True
71,71,35,1,sty+tfidf,2,1,0.9989687907095679,True
72,72,36,0,sty+tfidf,2,0,0.0003220547004235556,True
73,73,36,1,sty+tfidf,2,1,0.9858983273017605,True
74,74,37,0,sty+tfidf,2,0,0.0005659517151418481,True
75,75,37,1,sty+tfidf,2,1,0.9961290975628958,True
76,76,38,0,sty+tfidf,2,0,0.004495861547773713,True
77,77,38,1,sty+tfidf,2,1,0.9986692625222261,True
78,78,39,0,sty+tfidf,2,0,0.008396053146497757,True
79,79,39,1,sty+tfidf,2,1,0.9970242720408674,True
80,80,40,0,sty+tfidf,2,0,0.0012604247458048573,True
81,81,40,1,sty+tfidf,2,1,0.9912136316008054,True
82,82,41,0,sty+tfidf,2,0,0.0016163947456667902,True
83,83,41,1,sty+tfidf,2,1,0.8993593799852594,True
84,84,42,0,sty+tfidf,2,0,0.39127452088676756,True
85,85,42,1,sty+tfidf,2,1,0.9914391411540293,True
86,86,43,0,sty+tfidf,2,0,0.06908959284424618,True
87,87,43,1,sty+tfidf,2,1,0.9993052672354229,True
88,88,44,0,sty+tfidf,2,0,0.060879148835986156,True
89,89,44,1,sty+tfidf,2,1,0.9244966689801637,True
90,90,45,0,sty+tfidf,2,0,0.014865424501770311,True
91,91,45,1,sty+tfidf,2,0,0.4264575505934698,False
92,92,46,0,sty+tfidf,2,0,0.006423521463327324,True
93,93,46,1,sty+tfidf,2,1,0.9993904651704455,True
94,94,47,0,sty+tfidf,2,0,0.008262810627866497,True
95,95,47,1,sty+tfidf,2,1,0.9354229757657406,True
96,96,48,0,sty+tfidf,2,0,0.00020977148954412286,True
97,97,48,1,sty+tfidf,2,0,0.3411747892362678,False
98,98,49,0,sty+tfidf,2,0,0.00011978626371330271,True
99,99,49,1,sty+tfidf,2,1,0.9898485462504353,True
100,100,50,0,sty+tfidf,2,1,0.706647227219426,False
101,101,50,1,sty+tfidf,2,1,0.9922363884987152,True
102,102,51,0,sty+tfidf,2,0,0.10899352855421969,True
103,103,51,1,sty+tfidf,2,1,0.9963170850821617,True
104,104,52,0,sty+tfidf,2,0,0.005058593501794402,True
105,105,52,1,sty+tfidf,2,0,0.4397227849681574,False
106,106,53,0,sty+tfidf,2,0,0.07298794821546334,True
107,107,53,1,sty+tfidf,2,1,0.9970521428443161,True
108,108,54,0,sty+tfidf,2,0,0.0022236596894215453,True
109,109,54,1,sty+tfidf,2,0,0.33789849550892526,False
110,110,55,0,sty+tfidf,2,0,0.0028859128051642383,True
111,111,55,1,sty+tfidf,2,1,0.9962896675516361,True
112,112,56,0,sty+tfidf,2,0,0.0009066915326211204,True
113,113,56,1,sty+tfidf,2,1,0.9969006579144157,True
114,114,57,0,sty+tfidf,2,0,0.0022866809872398477,True
115,115,57,1,sty+tfidf,2,1,0.9883156257812477,True
116,116,58,0,sty+tfidf,2,0,0.04468883388179027,True
117,117,58,1,sty+tfidf,2,1,0.9971790285272631,True
118,118,59,0,sty+tfidf,2,0,0.0030716037401610106,True
119,119,59,1,sty+tfidf,2,1,0.9994105578497549,True
120,120,60,0,sty+tfidf,2,0,0.0038377479392899144,True
121,121,60,1,sty+tfidf,2,1,0.9603715628633449,True
122,122,61,0,sty+tfidf,2,0,0.012433202005339173,True
123,123,61,1,sty+tfidf,2,1,0.9692756618220718,True
124,124,62,0,sty+tfidf,2,0,0.020172494367627847,True
125,125,62,1,sty+tfidf,2,1,0.9924021719687571,True
126,126,63,0,sty+tfidf,2,0,0.026448539127438102,True
127,127,63,1,sty+tfidf,2,1,0.9492568692887053,True
128,128,64,0,sty+tfidf,2,0,0.0012973504642329917,True
129,129,64,1,sty+tfidf,2,1,0.871364944713804,True
130,130,65,0,sty+tfidf,2,1,0.8807820386837443,False
131,131,65,1,sty+tfidf,2,1,0.9719819538503723,True
132,132,66,0,sty+tfidf,2,1,0.5051045830699801,False
133,133,66,1,sty+tfidf,2,1,0.9662976915880693,True
134,134,67,0,sty+tfidf,2,0,0.057128664404636376,True
135,135,67,1,sty+tfidf,2,1,0.9935047148081713,True
136,136,68,0,sty+tfidf,2,0,0.007199465724323513,True
137,137,68,1,sty+tfidf,2,1,0.9657655541202949,True
138,138,69,0,sty+tfidf,2,0,0.019999596050523826,True
139,139,69,1,sty+tfidf,2,1,0.8065397086398057,True
140,140,70,0,sty+tfidf,2,0,0.005089359525321513,True
141,141,70,1,sty+tfidf,2,1,0.8610176234416738,True
142,142,71,0,sty+tfidf,2,0,0.0010478855622799803,True
143,143,71,1,sty+tfidf,2,1,0.9997536441549036,True
144,144,72,0,sty+tfidf,2,0,0.0006685287683593124,True
145,145,72,1,sty+tfidf,2,1,0.9560795722200408,True
146,146,73,1,sty+tfidf,2,1,0.9962607874777771,True
147,147,74,0,sty+tfidf,2,0,0.0004525727770610603,True
148,148,74,1,sty+tfidf,2,1,0.999234973453203,True
149,149,75,0,sty+tfidf,2,0,0.0029104746420525974,True
150,150,75,1,sty+tfidf,2,1,0.9922883274760022,True
151,151,76,0,sty+tfidf,2,0,0.005786839138723025,True
152,152,76,1,sty+tfidf,2,1,0.9984897555685517,True
153,153,77,0,sty+tfidf,2,0,0.006361103739441448,True
154,154,77,1,sty+tfidf,2,1,0.8663469566814344,True
155,155,78,0,sty+tfidf,2,0,0.010854474675945745,True
156,156,78,1,sty+tfidf,2,1,0.5750373152840121,True
157,157,79,0,sty+tfidf,2,1,0.8737646601571023,False
158,158,79,1,sty+tfidf,2,1,0.9274639806491325,True
159,159,80,0,sty+tfidf,2,0,0.007419009518757926,True
160,160,80,1,sty+tfidf,2,1,0.5858855595907453,True
161,161,81,0,sty+tfidf,2,0,0.04202961826846807,True
162,162,81,1,sty+tfidf,2,1,0.9990858498099815,True
163,163,82,0,sty+tfidf,2,0,0.002797699765909883,True
164,164,82,1,sty+tfidf,2,1,0.9934359064865934,True
165,165,83,0,sty+tfidf,2,0,0.001397432139692368,True
166,166,83,1,sty+tfidf,2,1,0.9961049246685807,True
167,167,84,0,sty+tfidf,2,0,0.006491839092322427,True
168,168,84,1,sty+tfidf,2,1,0.9815537875980331,True
169,169,85,0,sty+tfidf,2,0,0.006046236359604937,True
170,170,85,1,sty+tfidf,2,1,0.9974077127682729,True
171,171,86,0,sty+tfidf,2,0,0.03517114045401904,True
172,172,86,1,sty+tfidf,2,1,0.9996623460852512,True
173,173,87,0,sty+tfidf,2,0,0.008021152487507965,True
174,174,87,1,sty+tfidf,2,1,0.9868529594255739,True
175,175,88,0,sty+tfidf,2,1,0.610880921100971,False
176,176,88,1,sty+tfidf,2,1,0.9817062293343022,True
177,177,89,0,sty+tfidf,2,0,0.029064024467498045,True
178,178,89,1,sty+tfidf,2,1,0.9976417273067049,True
179,179,90,0,sty+tfidf,2,0,0.005209206734777379,True
180,180,90,1,sty+tfidf,2,1,0.9807960808759256,True
181,181,91,0,sty+tfidf,2,0,0.010950179331772265,True
182,182,91,1,sty+tfidf,2,1,0.9952592891091133,True
183,183,92,0,sty+tfidf,2,0,0.3035146467890736,True
184,184,92,1,sty+tfidf,2,1,0.9983614243810381,True
185,185,93,0,sty+tfidf,2,0,0.004000558539180817,True
186,186,93,1,sty+tfidf,2,1,0.9933922290855557,True
187,187,94,0,sty+tfidf,2,0,0.017010888593850287,True
188,188,94,1,sty+tfidf,2,1,0.99763456544242,True
189,189,95,0,sty+tfidf,2,0,0.00445963181246714,True
190,190,95,1,sty+tfidf,2,1,0.927399513958016,True
191,191,96,0,sty+tfidf,2,0,0.0015416557186508182,True
192,192,96,1,sty+tfidf,2,1,0.9899565131928306,True
193,193,97,0,sty+tfidf,2,0,0.0029001397916403257,True
194,194,97,1,sty+tfidf,2,1,0.9965453819901838,True
195,195,98,0,sty+tfidf,2,0,0.0060251260946052165,True
196,196,98,1,sty+tfidf,2,1,0.9758444137712355,True
197,197,99,0,sty+tfidf,2,0,0.008239326491108478,True
198,198,99,1,sty+tfidf,2,1,0.998488351956603,True
199,199,100,0,sty+tfidf,2,0,6.52148750751031e-05,True
200,200,100,1,sty+tfidf,2,1,0.9980684059335257,True
201,201,101,0,sty+tfidf,2,0,0.002400347773250242,True
202,202,101,1,sty+tfidf,2,1,0.9883770288214252,True
203,203,102,0,sty+tfidf,2,0,0.0003037607057133959,True
204,204,102,1,sty+tfidf,2,1,0.9915875536229443,True
205,205,103,0,sty+tfidf,2,0,0.0009171404518025286,True
206,206,103,1,sty+tfidf,2,1,0.997352263656836,True
207,207,104,0,sty+tfidf,2,0,0.05657053162907505,True
208,208,104,1,sty+tfidf,2,1,0.97156991150113,True
209,209,105,0,sty+tfidf,2,0,0.037639315064710355,True
210,210,105,1,sty+tfidf,2,1,0.9969872475448641,True
211,211,106,0,sty+tfidf,2,0,0.002218689785694028,True
212,212,106,1,sty+tfidf,2,1,0.9465459425791348,True
213,213,107,0,sty+tfidf,2,0,0.05093246711948902,True
214,214,107,1,sty+tfidf,2,1,0.998467879426386,True
215,215,108,0,sty+tfidf,2,0,3.797232978031312e-05,True
216,216,108,1,sty+tfidf,2,1,0.5748405548409284,True
217,217,109,0,sty+tfidf,2,0,0.0062505910764752,True
218,218,109,1,sty+tfidf,2,1,0.9637551910054485,True
219,219,110,0,sty+tfidf,2,0,0.018157611879522532,True
220,220,110,1,sty+tfidf,2,1,0.8237954490195954,True
221,221,111,0,sty+tfidf,2,0,0.003811943711046001,True
222,222,111,1,sty+tfidf,2,1,0.9977332162653814,True
223,223,112,0,sty+tfidf,2,0,0.0002441756438181761,True
224,224,112,1,sty+tfidf,2,1,0.9995744969701588,True
225,225,113,0,sty+tfidf,2,0,0.00105386318949741,True
226,226,113,1,sty+tfidf,2,1,0.7984956146850298,True
227,227,114,0,sty+tfidf,2,0,0.01889099360211181,True
228,228,114,1,sty+tfidf,2,1,0.9956943599300566,True
229,229,115,0,sty+tfidf,2,0,0.001935744194610356,True
230,230,115,1,sty+tfidf,2,1,0.9703664708886345,True
231,231,116,0,sty+tfidf,2,0,0.0002233502474828445,True
232,232,116,1,sty+tfidf,2,1,0.9940340649922923,True
233,233,117,0,sty+tfidf,2,0,0.007899411364455941,True
234,234,117,1,sty+tfidf,2,1,0.9871134016791475,True
235,235,118,0,sty+tfidf,2,0,0.014482826124712501,True
236,236,118,1,sty+tfidf,2,1,0.999731036461538,True
237,237,119,0,sty+tfidf,2,0,0.00038731146566332576,True
238,238,119,1,sty+tfidf,2,1,0.9813353124963855,True
239,239,120,0,sty+tfidf,2,0,0.0890117813163732,True
240,240,120,1,sty+tfidf,2,1,0.973319356372321,True
241,241,121,0,sty+tfidf,2,0,0.002539241414852966,True
242,242,121,1,sty+tfidf,2,1,0.9992766935720103,True
243,243,122,0,sty+tfidf,2,0,0.04843847589583354,True
244,244,122,1,sty+tfidf,2,1,0.9996322784294209,True
245,245,123,0,sty+tfidf,2,1,0.8348368612631892,False
246,246,123,1,sty+tfidf,2,1,0.988495089582086,True
247,247,124,0,sty+tfidf,2,0,0.012054900439117909,True
248,248,124,1,sty+tfidf,2,1,0.9968895903609476,True
249,249,125,0,sty+tfidf,2,0,0.036707282006854206,True
250,250,125,1,sty+tfidf,2,1,0.5009993659172439,True
251,251,126,0,sty+tfidf,2,0,0.0015481695603563799,True
252,252,126,1,sty+tfidf,2,1,0.997360246032779,True
253,253,127,0,sty+tfidf,2,0,0.017304836641344266,True
254,254,127,1,sty+tfidf,2,1,0.996405377396165,True
255,255,128,0,sty+tfidf,2,0,0.002558437103577111,True
256,256,128,1,sty+tfidf,2,1,0.9937655290467339,True
257,257,129,0,sty+tfidf,2,0,0.002544462966922179,True
258,258,129,1,sty+tfidf,2,1,0.9943648520721327,True
259,259,130,0,sty+tfidf,2,0,0.000745069804896176,True
260,260,130,1,sty+tfidf,2,1,0.9300594390462692,True
261,261,131,0,sty+tfidf,2,0,0.0005358286053279001,True
262,262,131,1,sty+tfidf,2,1,0.9869333233618376,True
263,263,132,0,sty+tfidf,2,0,0.3451096044634808,True
264,264,132,1,sty+tfidf,2,1,0.9976446326497881,True
265,265,133,0,sty+tfidf,2,0,5.59888263035519e-05,True
266,266,133,1,sty+tfidf,2,1,0.9921320083889259,True
267,267,134,0,sty+tfidf,2,0,0.010549049954014778,True
268,268,134,1,sty+tfidf,2,0,0.09031564438686389,False
269,269,135,0,sty+tfidf,2,0,0.0005406150972804666,True
270,270,135,1,sty+tfidf,2,1,0.9962306343315869,True
271,271,136,0,sty+tfidf,2,0,0.023106412896195607,True
272,272,136,1,sty+tfidf,2,1,0.9636672390820301,True
273,273,137,0,sty+tfidf,2,0,0.0006154385102523313,True
274,274,137,1,sty+tfidf,2,1,0.9866408657040884,True
275,275,138,0,sty+tfidf,2,0,0.001979625518383001,True
276,276,138,1,sty+tfidf,2,1,0.972710028897232,True
277,277,139,0,sty+tfidf,2,0,0.0011466150034186381,True
278,278,139,1,sty+tfidf,2,1,0.9285531021724276,True
279,279,140,0,sty+tfidf,2,0,0.08844572918925023,True
280,280,140,1,sty+tfidf,2,1,0.9355198014919204,True
281,281,141,0,sty+tfidf,2,0,0.004143576003419509,True
282,282,141,1,sty+tfidf,2,1,0.996463979715249,True
283,283,142,0,sty+tfidf,2,0,0.0016447536870545277,True
284,284,142,1,sty+tfidf,2,1,0.9975424862611715,True
285,285,143,0,sty+tfidf,2,0,0.0011293587899128387,True
286,286,143,1,sty+tfidf,2,1,0.9992133318399502,True
287,287,144,0,sty+tfidf,2,0,0.0032122845170190536,True
288,288,144,1,sty+tfidf,2,1,0.9952809320904153,True
289,289,145,0,sty+tfidf,2,0,0.00060533878922854,True
290,290,145,1,sty+tfidf,2,1,0.9992082452432799,True
291,291,146,0,sty+tfidf,2,0,0.07074455517459005,True
292,292,146,1,sty+tfidf,2,1,0.9783487920383084,True
293,293,147,0,sty+tfidf,2,0,0.0024732422503598497,True
294,294,147,1,sty+tfidf,2,1,0.810814200668083,True
295,295,148,0,sty+tfidf,2,0,0.0014860269050224952,True
296,296,148,1,sty+tfidf,2,1,0.99790925126688,True
297,297,149,0,sty+tfidf,2,0,0.004484492525385843,True
298,298,149,1,sty+tfidf,2,1,0.9800023984921017,True
299,299,150,0,sty+tfidf,2,0,0.0006580432388127804,True
300,300,150,1,sty+tfidf,2,1,0.9639616980095148,True
301,301,151,0,sty+tfidf,2,0,0.01721228601647411,True
302,302,151,1,sty+tfidf,2,1,0.9897025730366982,True
303,303,152,0,sty+tfidf,2,0,0.0015205989590499768,True
304,304,152,1,sty+tfidf,2,1,0.7658273258094823,True
305,305,153,0,sty+tfidf,2,0,0.013453856295314188,True
306,306,153,1,sty+tfidf,2,1,0.9995079243802736,True
307,307,154,0,sty+tfidf,2,0,0.10413823617526602,True
308,308,154,1,sty+tfidf,2,1,0.9994220809004075,True
309,309,155,0,sty+tfidf,2,0,0.0004702657148603399,True
310,310,155,1,sty+tfidf,2,1,0.9958368477526263,True
311,311,156,0,sty+tfidf,2,0,0.003758568241107054,True
312,312,156,1,sty+tfidf,2,1,0.9997650076075817,True
313,313,157,0,sty+tfidf,2,0,0.0009198773511152316,True
314,314,157,1,sty+tfidf,2,1,0.9065169301844808,True
315,315,158,0,sty+tfidf,2,0,0.0009998712057620667,True
316,316,158,1,sty+tfidf,2,1,0.988238870675196,True
317,317,159,0,sty+tfidf,2,0,0.000294614370705528,True
318,318,159,1,sty+tfidf,2,1,0.9997027567349629,True
319,319,160,0,sty+tfidf,2,0,0.009094188547931599,True
320,320,160,1,sty+tfidf,2,1,0.9947256798592432,True
321,321,161,0,sty+tfidf,2,0,0.00015419522276221366,True
322,322,161,1,sty+tfidf,2,1,0.9983033927241463,True
323,323,162,0,sty+tfidf,2,0,0.005741317191370708,True
324,324,162,1,sty+tfidf,2,1,0.9995669170858662,True
325,325,163,0,sty+tfidf,2,0,0.001322453065356036,True
326,326,163,1,sty+tfidf,2,1,0.9630038177684178,True
327,327,164,0,sty+tfidf,2,0,0.003452836057602323,True
328,328,164,1,sty+tfidf,2,1,0.9978380183062613,True
329,329,165,0,sty+tfidf,2,0,0.29696873142034474,True
330,330,165,1,sty+tfidf,2,1,0.9973614629727613,True
331,331,166,0,sty+tfidf,2,0,0.3599505623215168,True
332,332,166,1,sty+tfidf,2,1,0.9750844086916433,True
333,333,167,0,sty+tfidf,2,0,0.0037535786546266225,True
334,334,167,1,sty+tfidf,2,1,0.7039730375952088,True
335,335,168,0,sty+tfidf,2,0,0.004372572263197254,True
336,336,168,1,sty+tfidf,2,1,0.999570889393076,True
337,337,169,0,sty+tfidf,2,0,0.005998720584989484,True
338,338,169,1,sty+tfidf,2,1,0.9981847743744794,True
339,339,170,0,sty+tfidf,2,0,0.002460032948364324,True
340,340,170,1,sty+tfidf,2,1,0.9978938619500212,True
341,341,171,0,sty+tfidf,2,0,0.001891038182745679,True
342,342,171,1,sty+tfidf,2,1,0.9965200875491323,True
343,343,172,0,sty+tfidf,2,0,0.008227236316980776,True
344,344,172,1,sty+tfidf,2,1,0.9634402811225735,True
345,345,173,0,sty+tfidf,2,0,0.011242404105062586,True
346,346,173,1,sty+tfidf,2,1,0.9994887873970371,True
347,347,174,0,sty+tfidf,2,0,0.00023472706790375527,True
348,348,174,1,sty+tfidf,2,1,0.9980748067382164,True
349,349,175,0,sty+tfidf,2,0,0.000497453912194997,True
350,350,175,1,sty+tfidf,2,1,0.7195254726422874,True
351,351,176,0,sty+tfidf,2,0,0.017565921944861923,True
352,352,176,1,sty+tfidf,2,1,0.9901956763124049,True
353,353,177,0,sty+tfidf,2,0,0.01824879483255393,True
354,354,177,1,sty+tfidf,2,1,0.9460748247336569,True
355,355,178,0,sty+tfidf,2,0,0.06722262241601687,True
356,356,178,1,sty+tfidf,2,1,0.9988750625857427,True
357,357,179,0,sty+tfidf,2,0,0.007810482025419197,True
358,358,179,1,sty+tfidf,2,1,0.9908112298685435,True
359,359,180,0,sty+tfidf,2,0,0.004925714934346264,True
360,360,180,1,sty+tfidf,2,1,0.9906602513686684,True
361,361,181,0,sty+tfidf,2,0,0.0006354943418607865,True
362,362,181,1,sty+tfidf,2,1,0.9996794196474712,True
363,363,182,0,sty+tfidf,2,0,0.0001472744003504928,True
364,364,182,1,sty+tfidf,2,1,0.9740873004068683,True
365,365,183,0,sty+tfidf,2,0,0.00024099503354562383,True
366,366,183,1,sty+tfidf,2,0,0.18294147081711454,False
367,367,184,0,sty+tfidf,2,0,0.0005182460402472804,True
368,368,184,1,sty+tfidf,2,1,0.9496379315324637,True
369,369,185,0,sty+tfidf,2,0,0.012989083416194022,True
370,370,185,1,sty+tfidf,2,1,0.8661193599688393,True
371,371,186,0,sty+tfidf,2,0,0.3107166945009401,True
372,372,186,1,sty+tfidf,2,1,0.9936853076189578,True
373,373,187,0,sty+tfidf,2,0,0.09341193541603447,True
374,374,187,1,sty+tfidf,2,1,0.9998154287954132,True
375,375,188,0,sty+tfidf,2,0,0.0051513067965893,True
376,376,188,1,sty+tfidf,2,1,0.998651263168416,True
377,377,189,0,sty+tfidf,2,0,2.9273678321869593e-05,True
378,378,189,1,sty+tfidf,2,1,0.8915212124938806,True
379,379,190,0,sty+tfidf,2,0,0.003712447131869162,True
380,380,190,1,sty+tfidf,2,1,0.8814452784575016,True
381,381,191,0,sty+tfidf,2,0,0.0008408413128692639,True
382,382,191,1,sty+tfidf,2,1,0.9852114099913132,True
383,383,192,0,sty+tfidf,2,0,0.007733672959247217,True
384,384,192,1,sty+tfidf,2,1,0.9990767469872646,True
385,385,193,0,sty+tfidf,2,0,0.013324267469500831,True
386,386,193,1,sty+tfidf,2,1,0.9596446506525609,True
387,387,194,0,sty+tfidf,2,0,0.04088020448774084,True
388,388,194,1,sty+tfidf,2,1,0.9567441586739904,True
389,389,195,0,sty+tfidf,2,0,0.00028547645751557496,True
390,390,195,1,sty+tfidf,2,1,0.9852402403990359,True
391,391,196,0,sty+tfidf,2,0,0.00020261087361750076,True
392,392,196,1,sty+tfidf,2,1,0.9880606575711577,True
393,393,197,0,sty+tfidf,2,0,0.021707933993510547,True
394,394,197,1,sty+tfidf,2,1,0.9992780186297139,True
395,395,198,0,sty+tfidf,2,0,0.001163828843555159,True
396,396,198,1,sty+tfidf,2,1,0.9988421002458594,True
397,397,199,0,sty+tfidf,2,0,0.10059020420187777,True
398,398,199,1,sty+tfidf,2,1,0.8631077734477143,True
399,399,200,0,sty+tfidf,2,0,0.0004310080464121706,True
400,400,200,1,sty+tfidf,2,1,0.9814882845729179,True
401,401,201,0,sty+tfidf,2,0,0.0060302993784419135,True
402,402,201,1,sty+tfidf,2,1,0.9882403663556026,True
403,403,202,0,sty+tfidf,2,0,0.0026731516030252004,True
404,404,202,1,sty+tfidf,2,1,0.8890141641935048,True
405,405,203,0,sty+tfidf,2,0,0.03578738189853979,True
406,406,203,1,sty+tfidf,2,1,0.8906513973386897,True
407,407,204,0,sty+tfidf,2,1,0.6107229560696411,False
408,408,204,1,sty+tfidf,2,1,0.9874199992948671,True
409,409,205,0,sty+tfidf,2,0,0.0003245232153333307,True
410,410,205,1,sty+tfidf,2,1,0.9794785280896326,True
411,411,206,0,sty+tfidf,2,0,0.03574586601794915,True
412,412,206,1,sty+tfidf,2,1,0.9983212668848345,True
413,413,207,0,sty+tfidf,2,0,0.0012210971022776325,True
414,414,207,1,sty+tfidf,2,1,0.6364651337827318,True
415,415,208,0,sty+tfidf,2,0,0.09459710050976743,True
416,416,208,1,sty+tfidf,2,1,0.9930983893414745,True
417,417,209,0,sty+tfidf,2,0,0.0024784620009289738,True
418,418,209,1,sty+tfidf,2,1,0.9995644169946934,True
419,419,210,0,sty+tfidf,2,0,0.0061449280162280615,True
420,420,210,1,sty+tfidf,2,1,0.8098112233891664,True
421,421,211,0,sty+tfidf,2,0,0.00017590935465679736,True
422,422,211,1,sty+tfidf,2,0,0.30862217343767273,False
423,423,212,0,sty+tfidf,2,0,0.038465417943826914,True
424,424,212,1,sty+tfidf,2,1,0.9977086047475444,True
425,425,213,0,sty+tfidf,2,1,0.5636111973707522,False
426,426,213,1,sty+tfidf,2,1,0.9994505886775524,True
427,427,214,0,sty+tfidf,2,0,0.008178607689733153,True
428,428,214,1,sty+tfidf,2,1,0.9921423208031342,True
429,429,215,0,sty+tfidf,2,0,0.0013342980717032445,True
430,430,215,1,sty+tfidf,2,1,0.7509213972217106,True
431,431,216,0,sty+tfidf,2,0,0.0003224742236114599,True
432,432,216,1,sty+tfidf,2,1,0.910290003392565,True
433,433,217,0,sty+tfidf,2,0,0.000713883359031229,True
434,434,217,1,sty+tfidf,2,1,0.98747315827669,True
435,435,218,0,sty+tfidf,2,0,0.0025056232927917208,True
436,436,218,1,sty+tfidf,2,1,0.9815091637831073,True
437,437,219,0,sty+tfidf,2,0,0.0006430636792036442,True
438,438,219,1,sty+tfidf,2,1,0.9786330907720735,True
439,439,220,0,sty+tfidf,2,0,0.0038823922560047163,True
440,440,220,1,sty+tfidf,2,1,0.9949213989899575,True
441,441,221,0,sty+tfidf,2,0,0.000950346530786618,True
442,442,221,1,sty+tfidf,2,1,0.9929031922906429,True
443,443,222,0,sty+tfidf,2,0,0.04544453962450164,True
444,444,222,1,sty+tfidf,2,1,0.9995676075407542,True
445,445,223,0,sty+tfidf,2,0,0.011039387394511227,True
446,446,223,1,sty+tfidf,2,1,0.9986514077023085,True
447,447,224,0,sty+tfidf,2,0,0.006952500741226823,True
448,448,224,1,sty+tfidf,2,1,0.9987724507562422,True
449,449,225,0,sty+tfidf,2,0,6.095433124265222e-05,True
450,450,225,1,sty+tfidf,2,1,0.9915929381352473,True
451,451,226,0,sty+tfidf,2,0,0.16849124981862834,True
452,452,226,1,sty+tfidf,2,1,0.9786476671268433,True
453,453,227,0,sty+tfidf,2,0,0.007731174817266084,True
454,454,227,1,sty+tfidf,2,1,0.975728646498333,True
455,455,228,0,sty+tfidf,2,0,0.0028310471823817357,True
456,456,228,1,sty+tfidf,2,1,0.9988844499394249,True
457,457,229,0,sty+tfidf,2,0,0.011933680260486522,True
458,458,229,1,sty+tfidf,2,1,0.9990791166620551,True
459,459,230,0,sty+tfidf,2,0,0.002765257644749324,True
460,460,230,1,sty+tfidf,2,0,0.09861917165825125,False
461,461,231,0,sty+tfidf,2,0,0.0007161768534899888,True
462,462,231,1,sty+tfidf,2,1,0.9981163429556168,True
463,463,232,0,sty+tfidf,2,1,0.9306973494323838,False
464,464,232,1,sty+tfidf,2,1,0.9738969878347665,True
465,465,233,0,sty+tfidf,2,0,0.0010876360815832117,True
466,466,233,1,sty+tfidf,2,1,0.9985880207239678,True
467,467,234,0,sty+tfidf,2,0,0.0004784589672593284,True
468,468,234,1,sty+tfidf,2,1,0.9857149714993192,True
469,469,235,0,sty+tfidf,2,0,0.002889625028441087,True
470,470,235,1,sty+tfidf,2,1,0.9431178013715367,True
471,471,236,0,sty+tfidf,2,0,0.006000703508567494,True
472,472,236,1,sty+tfidf,2,1,0.950973812920194,True
473,473,237,0,sty+tfidf,2,0,0.02566872334651812,True
474,474,237,1,sty+tfidf,2,1,0.9990119554726247,True
475,475,238,0,sty+tfidf,2,0,0.0013402952703459323,True
476,476,238,1,sty+tfidf,2,1,0.8545999172205899,True
477,477,239,0,sty+tfidf,2,0,0.0047873709190794506,True
478,478,239,1,sty+tfidf,2,1,0.9994419425780574,True
479,479,240,0,sty+tfidf,2,0,0.0028467504168954616,True
480,480,240,1,sty+tfidf,2,1,0.9062745297908769,True
481,481,241,0,sty+tfidf,2,0,0.003518078954112459,True
482,482,241,1,sty+tfidf,2,1,0.9942001582140718,True
483,483,242,0,sty+tfidf,2,0,0.03279355402015729,True
484,484,242,1,sty+tfidf,2,1,0.9998434574875426,True
485,485,243,0,sty+tfidf,2,0,0.04834494458184526,True
486,486,243,1,sty+tfidf,2,1,0.9993244813460909,True
487,487,244,0,sty+tfidf,2,0,0.0027750509583138994,True
488,488,244,1,sty+tfidf,2,1,0.950358277198898,True
489,489,245,0,sty+tfidf,2,0,0.021516879859654926,True
490,490,245,1,sty+tfidf,2,1,0.9990603661322593,True
491,491,246,0,sty+tfidf,2,0,0.0016205724908542358,True
492,492,246,1,sty+tfidf,2,1,0.9979783677579198,True
493,493,247,0,sty+tfidf,2,1,0.8157855184404748,False
494,494,247,1,sty+tfidf,2,1,0.9987101885626847,True
495,495,248,0,sty+tfidf,2,0,0.003309898760467945,True
496,496,248,1,sty+tfidf,2,1,0.9970322291026722,True
497,497,249,0,sty+tfidf,2,0,0.0006439011367763223,True
498,498,249,1,sty+tfidf,2,0,0.17181782561724313,False
499,499,250,0,sty+tfidf,2,0,0.0928252426983239,True
500,500,250,1,sty+tfidf,2,1,0.9963931690680777,True
501,501,251,0,sty+tfidf,2,0,0.0012943100300483294,True
502,502,251,1,sty+tfidf,2,1,0.9992475303601298,True
503,503,252,0,sty+tfidf,2,0,0.0009423854038103934,True
504,504,252,1,sty+tfidf,2,1,0.999535981746291,True
505,505,253,0,sty+tfidf,2,0,0.0018407580219035576,True
506,506,253,1,sty+tfidf,2,1,0.9983461627190195,True
507,507,254,0,sty+tfidf,2,0,0.0010406607399475424,True
508,508,254,1,sty+tfidf,2,1,0.9968123442595443,True
509,509,255,0,sty+tfidf,2,0,0.0008570824742376935,True
510,510,255,1,sty+tfidf,2,1,0.9981775114013278,True
511,511,256,0,sty+tfidf,2,1,0.5019339037479603,False
512,512,256,1,sty+tfidf,2,1,0.9689425070781249,True
513,513,257,0,sty+tfidf,2,0,0.016580077639624987,True
514,514,257,1,sty+tfidf,2,1,0.9941197901177178,True
515,515,258,0,sty+tfidf,2,0,0.004021222604063102,True
516,516,258,1,sty+tfidf,2,1,0.9992945485709911,True
517,517,259,0,sty+tfidf,2,0,0.1272616345210193,True
518,518,259,1,sty+tfidf,2,1,0.9915072751521439,True
519,519,260,0,sty+tfidf,2,0,0.001713745297610538,True
520,520,260,1,sty+tfidf,2,1,0.9872679734562013,True
521,521,261,0,sty+tfidf,2,0,0.017378432085350632,True
522,522,261,1,sty+tfidf,2,1,0.9991930314533976,True
523,523,262,0,sty+tfidf,2,0,0.0919268415202405,True
524,524,262,1,sty+tfidf,2,1,0.9968777401781392,True
525,525,263,0,sty+tfidf,2,0,0.0027792206356100856,True
526,526,263,1,sty+tfidf,2,1,0.9956766455038845,True
527,527,264,0,sty+tfidf,2,0,0.16822550521877372,True
528,528,264,1,sty+tfidf,2,1,0.98378238566415,True
529,529,265,0,sty+tfidf,2,0,0.00028818886233627724,True
530,530,265,1,sty+tfidf,2,1,0.965212598604298,True
531,531,266,0,sty+tfidf,2,0,0.0031821179762029613,True
532,532,266,1,sty+tfidf,2,1,0.9934872453720562,True
533,533,267,0,sty+tfidf,2,0,0.012242694558955838,True
534,534,267,1,sty+tfidf,2,0,0.3339962654394678,False
535,535,268,0,sty+tfidf,2,0,0.003954240012504671,True
536,536,268,1,sty+tfidf,2,1,0.9997041157300923,True
537,537,269,0,sty+tfidf,2,0,0.005800332343132907,True
538,538,269,1,sty+tfidf,2,1,0.9831492730208884,True
539,539,270,0,sty+tfidf,2,0,0.007974717518154081,True
540,540,270,1,sty+tfidf,2,1,0.9927042505643939,True
541,541,271,0,sty+tfidf,2,0,0.053416118468951466,True
542,542,271,1,sty+tfidf,2,1,0.9974416750135057,True
543,543,272,0,sty+tfidf,2,0,0.01794145233927687,True
544,544,272,1,sty+tfidf,2,1,0.98835320347812,True
545,545,273,0,sty+tfidf,2,0,0.02657514779370081,True
546,546,273,1,sty+tfidf,2,1,0.9465090346616204,True
547,547,274,0,sty+tfidf,2,0,0.003017301249705873,True
548,548,274,1,sty+tfidf,2,1,0.9994748088740224,True
549,549,275,0,sty+tfidf,2,0,0.0016888578708846441,True
550,550,275,1,sty+tfidf,2,1,0.8983175514864262,True
551,551,276,0,sty+tfidf,2,0,0.391235226971161,True
552,552,276,1,sty+tfidf,2,1,0.8908840247795293,True
553,553,277,0,sty+tfidf,2,0,0.006101548081386768,True
554,554,277,1,sty+tfidf,2,1,0.9979346455776146,True
555,555,278,0,sty+tfidf,2,0,0.022423991436845647,True
556,556,278,1,sty+tfidf,2,1,0.9991304983956006,True
557,557,279,0,sty+tfidf,2,0,0.0005949353783542694,True
558,558,279,1,sty+tfidf,2,1,0.9992542185423429,True
559,559,280,0,sty+tfidf,2,0,0.028360622958545946,True
560,560,280,1,sty+tfidf,2,1,0.5265440073815265,True
561,561,281,0,sty+tfidf,2,0,0.006123720603889544,True
562,562,281,1,sty+tfidf,2,1,0.9989871196409665,True
563,563,282,0,sty+tfidf,2,0,0.06188914214458913,True
564,564,282,1,sty+tfidf,2,1,0.9965388730998637,True
565,565,283,0,sty+tfidf,2,0,0.003462199489346799,True
566,566,283,1,sty+tfidf,2,1,0.9995709461269928,True
567,567,284,0,sty+tfidf,2,0,0.0029980533466530002,True
568,568,284,1,sty+tfidf,2,1,0.9987556404849798,True
569,569,285,0,sty+tfidf,2,0,0.1020223847506203,True
570,570,285,1,sty+tfidf,2,1,0.9985310375568945,True
571,571,286,0,sty+tfidf,2,0,0.10056923828428739,True
572,572,286,1,sty+tfidf,2,1,0.6911682814919066,True
573,573,287,0,sty+tfidf,2,0,0.3196570448453822,True
574,574,287,1,sty+tfidf,2,1,0.9953218482642217,True
575,575,288,0,sty+tfidf,2,0,0.0013785786346301005,True
576,576,288,1,sty+tfidf,2,1,0.9978509919374106,True
577,577,289,0,sty+tfidf,2,0,0.0036525314511841127,True
578,578,289,1,sty+tfidf,2,1,0.9979237047620783,True
579,579,290,0,sty+tfidf,2,0,0.001802833862799068,True
580,580,290,1,sty+tfidf,2,1,0.999229179272188,True
581,581,291,0,sty+tfidf,2,1,0.9052173786511835,False
582,582,291,1,sty+tfidf,2,1,0.9882195205819043,True
583,583,292,0,sty+tfidf,2,0,0.1050996088837485,True
584,584,292,1,sty+tfidf,2,1,0.9997754641519577,True
585,585,293,0,sty+tfidf,2,0,0.083576831724416,True
586,586,293,1,sty+tfidf,2,1,0.9911522978552146,True
587,587,294,0,sty+tfidf,2,0,0.0014609436767106865,True
588,588,294,1,sty+tfidf,2,1,0.9834754574533268,True
589,589,295,0,sty+tfidf,2,0,0.0010743728931867484,True
590,590,295,1,sty+tfidf,2,1,0.6888830164980718,True
591,591,296,0,sty+tfidf,2,0,0.002183330219808502,True
592,592,296,1,sty+tfidf,2,1,0.9869120047592105,True
593,593,297,0,sty+tfidf,2,0,0.002132071419636311,True
594,594,297,1,sty+tfidf,2,1,0.9997684958476392,True
595,595,298,0,sty+tfidf,2,0,0.0065976099455624096,True
596,596,298,1,sty+tfidf,2,1,0.9465293248489788,True
597,597,299,0,sty+tfidf,2,0,0.013656466830706388,True
598,598,299,1,sty+tfidf,2,1,0.9924879761320952,True
599,599,300,0,sty+tfidf,2,0,0.01496225139441099,True
600,600,300,1,sty+tfidf,2,1,0.9875779181323352,True
601,601,301,0,sty+tfidf,2,0,0.0009612108255327946,True
602,602,301,1,sty+tfidf,2,1,0.9925014512563757,True
603,603,302,0,sty+tfidf,2,0,0.00721093509310045,True
604,604,302,1,sty+tfidf,2,1,0.9983228601095508,True
605,605,303,0,sty+tfidf,2,0,0.002206841042102914,True
606,606,303,1,sty+tfidf,2,1,0.9991852261528796,True
607,607,304,0,sty+tfidf,2,0,0.032732282520104364,True
608,608,304,1,sty+tfidf,2,1,0.9996006223585224,True
609,609,305,0,sty+tfidf,2,0,0.001865012155798401,True
610,610,305,1,sty+tfidf,2,1,0.8967882418719254,True
611,611,306,0,sty+tfidf,2,0,0.0002708783323719506,True
612,612,306,1,sty+tfidf,2,1,0.997468717360165,True
613,613,307,0,sty+tfidf,2,0,0.003740933994229665,True
614,614,307,1,sty+tfidf,2,1,0.8983236206523901,True
615,615,308,0,sty+tfidf,2,0,0.00033843094677370937,True
616,616,308,1,sty+tfidf,2,1,0.998373528571616,True
617,617,309,0,sty+tfidf,2,0,0.019213786516960457,True
618,618,309,1,sty+tfidf,2,1,0.9974035452614518,True
619,619,310,0,sty+tfidf,2,0,0.00030713962221884833,True
620,620,310,1,sty+tfidf,2,1,0.9993135513851359,True
621,621,311,0,sty+tfidf,2,0,0.0053614071665533435,True
622,622,311,1,sty+tfidf,2,1,0.9753734275732202,True
623,623,312,0,sty+tfidf,2,0,0.0047428711601863295,True
624,624,312,1,sty+tfidf,2,1,0.9998810607275783,True
625,625,313,0,sty+tfidf,2,0,0.0007217078133993286,True
626,626,313,1,sty+tfidf,2,1,0.966283710012045,True
627,627,314,0,sty+tfidf,2,0,0.004873324213347999,True
628,628,314,1,sty+tfidf,2,1,0.9991107320669489,True
629,629,315,0,sty+tfidf,2,0,0.013859811325123206,True
630,630,315,1,sty+tfidf,2,1,0.9934067630330907,True
631,631,316,0,sty+tfidf,2,0,0.0028943410072980614,True
632,632,316,1,sty+tfidf,2,1,0.9940791506069,True
633,633,317,0,sty+tfidf,2,0,0.0038788909637169186,True
634,634,317,1,sty+tfidf,2,1,0.9994870705861084,True
635,635,318,0,sty+tfidf,2,0,0.001974096089148677,True
636,636,318,1,sty+tfidf,2,1,0.9282499613694662,True
637,637,319,0,sty+tfidf,2,0,0.07050197356884742,True
638,638,319,1,sty+tfidf,2,1,0.9863081741436094,True
639,639,320,0,sty+tfidf,2,0,0.0006721333010322593,True
640,640,320,1,sty+tfidf,2,1,0.9962902780132732,True
641,641,321,0,sty+tfidf,2,0,0.0072629267071733315,True
642,642,321,1,sty+tfidf,2,1,0.9993257506845403,True
643,643,322,0,sty+tfidf,2,0,0.00599841064626341,True
644,644,322,1,sty+tfidf,2,1,0.9892104768321485,True
645,645,323,0,sty+tfidf,2,0,0.005262198411938388,True
646,646,323,1,sty+tfidf,2,1,0.849018814224633,True
647,647,324,0,sty+tfidf,2,0,0.0042896144392506035,True
648,648,324,1,sty+tfidf,2,1,0.9993239388483819,True
649,649,325,0,sty+tfidf,2,0,0.0018683026752482216,True
650,650,325,1,sty+tfidf,2,1,0.9946179580491338,True
651,651,326,0,sty+tfidf,2,0,0.0019319136230577637,True
652,652,326,1,sty+tfidf,2,1,0.9922555243525953,True
653,653,327,0,sty+tfidf,2,0,0.09889065076351991,True
654,654,327,1,sty+tfidf,2,0,0.34251856709416906,False
655,655,328,0,sty+tfidf,2,0,0.0014629048018939572,True
656,656,328,1,sty+tfidf,2,1,0.9992545185436698,True
657,657,329,0,sty+tfidf,2,0,0.0012932776415627359,True
658,658,329,1,sty+tfidf,2,1,0.99917167544027,True
659,659,330,0,sty+tfidf,2,0,0.00029371520937376735,True
660,660,330,1,sty+tfidf,2,1,0.8159913617367044,True
661,661,331,0,sty+tfidf,2,0,0.003990188956193426,True
662,662,331,1,sty+tfidf,2,1,0.9952721283099023,True
663,663,332,0,sty+tfidf,2,0,0.007028512139056656,True
664,664,332,1,sty+tfidf,2,1,0.9404254969819026,True
665,665,333,0,sty+tfidf,2,0,0.0005551057020476098,True
666,666,333,1,sty+tfidf,2,0,0.005318562535905261,False
667,667,334,0,sty+tfidf,2,0,0.002770064944547778,True
668,668,334,1,sty+tfidf,2,1,0.9983717025477419,True
669,669,335,0,sty+tfidf,2,0,0.014306328179661834,True
670,670,335,1,sty+tfidf,2,1,0.9970832119302627,True
671,671,336,0,sty+tfidf,2,0,0.0030880017385332896,True
672,672,336,1,sty+tfidf,2,1,0.9983335900951267,True
673,673,337,0,sty+tfidf,2,0,0.03536259229318307,True
674,674,337,1,sty+tfidf,2,1,0.9991470145643556,True
675,675,338,0,sty+tfidf,2,0,0.0039041220299770715,True
676,676,338,1,sty+tfidf,2,0,0.2766312506143125,False
677,677,339,0,sty+tfidf,2,0,0.0001640986125549536,True
678,678,339,1,sty+tfidf,2,1,0.9966176699347947,True
679,679,340,0,sty+tfidf,2,0,0.05096499545324659,True
680,680,340,1,sty+tfidf,2,1,0.999874503121585,True
681,681,341,0,sty+tfidf,2,0,0.000666916283333937,True
682,682,341,1,sty+tfidf,2,1,0.9698466427357703,True
683,683,342,0,sty+tfidf,2,0,0.003199423625617038,True
684,684,342,1,sty+tfidf,2,1,0.9920129068245644,True
685,685,343,0,sty+tfidf,2,0,0.010869751057469935,True
686,686,343,1,sty+tfidf,2,1,0.9977652029233618,True
687,687,344,0,sty+tfidf,2,1,0.5371654426496493,False
688,688,344,1,sty+tfidf,2,1,0.9858915460927019,True
689,689,345,0,sty+tfidf,2,0,0.008965149639807712,True
690,690,345,1,sty+tfidf,2,1,0.9979090451679309,True
691,691,346,0,sty+tfidf,2,0,0.00916214259231362,True
692,692,346,1,sty+tfidf,2,1,0.9993078098097038,True
693,693,347,0,sty+tfidf,2,0,0.0007467427177127873,True
694,694,347,1,sty+tfidf,2,1,0.975764532567778,True
695,695,348,0,sty+tfidf,2,0,0.3200102189178424,True
696,696,348,1,sty+tfidf,2,1,0.9978943426706142,True
697,697,349,0,sty+tfidf,2,0,0.006364422020821807,True
698,698,349,1,sty+tfidf,2,1,0.8278098308491635,True
699,699,350,0,sty+tfidf,2,0,0.007492948127464029,True
700,700,350,1,sty+tfidf,2,0,0.013556956975155382,False
701,701,351,0,sty+tfidf,2,0,0.26135669741510453,True
702,702,351,1,sty+tfidf,2,1,0.9816870508384513,True
703,703,352,0,sty+tfidf,2,0,0.0021360962969431524,True
704,704,352,1,sty+tfidf,2,1,0.9994842301351484,True
705,705,353,0,sty+tfidf,2,0,0.043189211524485675,True
706,706,353,1,sty+tfidf,2,1,0.9979819423428793,True
707,707,354,0,sty+tfidf,2,0,0.11274214299763048,True
708,708,354,1,sty+tfidf,2,0,0.16770925632890743,False
709,709,355,0,sty+tfidf,2,0,0.4305392502509631,True
710,710,355,1,sty+tfidf,2,1,0.9907004421610994,True
711,711,356,0,sty+tfidf,2,0,0.0009935481968359845,True
712,712,356,1,sty+tfidf,2,1,0.9993104679024204,True
713,713,357,0,sty+tfidf,2,0,0.0022684800309142284,True
714,714,357,1,sty+tfidf,2,1,0.9989673092770073,True
715,715,358,0,sty+tfidf,2,0,0.0024965824697783323,True
716,716,358,1,sty+tfidf,2,1,0.9993672372773371,True
717,717,359,0,sty+tfidf,2,0,0.0016326362540124556,True
718,718,359,1,sty+tfidf,2,1,0.9995888537086653,True
719,719,360,0,sty+tfidf,2,0,0.0003787905536020698,True
720,720,360,1,sty+tfidf,2,1,0.998214290951487,True
721,721,361,0,sty+tfidf,2,0,0.015327413926239097,True
722,722,361,1,sty+tfidf,2,0,0.01812239369343144,False
723,723,362,0,sty+tfidf,2,0,0.0037647896183465304,True
724,724,362,1,sty+tfidf,2,1,0.9967138417182575,True
725,725,363,0,sty+tfidf,2,0,0.0002833328507801252,True
726,726,363,1,sty+tfidf,2,0,0.2569177338603804,False
727,727,364,0,sty+tfidf,2,0,0.24982648901573806,True
728,728,364,1,sty+tfidf,2,1,0.9961381356979868,True
729,729,365,0,sty+tfidf,2,0,0.000148544065161064,True
730,730,365,1,sty+tfidf,2,1,0.9896737232664355,True
731,731,366,0,sty+tfidf,2,0,4.5114941619494035e-05,True
732,732,366,1,sty+tfidf,2,1,0.9425073652239262,True
733,733,367,0,sty+tfidf,2,0,0.0022302133720316754,True
734,734,367,1,sty+tfidf,2,1,0.6826142485698239,True
735,735,368,0,sty+tfidf,2,0,0.0037678181592245164,True
736,736,368,1,sty+tfidf,2,1,0.9882703468928042,True
737,737,369,0,sty+tfidf,2,0,0.0034880819930593206,True
738,738,369,1,sty+tfidf,2,1,0.9975097180377699,True
739,739,370,0,sty+tfidf,2,0,0.006611000705063096,True
740,740,370,1,sty+tfidf,2,1,0.997493656163451,True
741,741,371,0,sty+tfidf,2,0,0.0006601046749276854,True
742,742,371,1,sty+tfidf,2,1,0.9364101532469372,True
743,743,372,1,sty+tfidf,2,1,0.9970752782061311,True
744,744,373,0,sty+tfidf,2,0,0.0026666997084592464,True
745,745,373,1,sty+tfidf,2,1,0.9917714285728679,True
746,746,374,0,sty+tfidf,2,0,0.0004522669432407514,True
747,747,374,1,sty+tfidf,2,1,0.9961338851901133,True
748,748,375,0,sty+tfidf,2,0,0.19159086964885041,True
749,749,375,1,sty+tfidf,2,1,0.9869168634693667,True
750,750,376,0,sty+tfidf,2,0,0.0008511512912120979,True
751,751,376,1,sty+tfidf,2,1,0.9900198401875806,True
752,752,377,0,sty+tfidf,2,0,0.01946288932485105,True
753,753,377,1,sty+tfidf,2,1,0.986609790724329,True
754,754,378,0,sty+tfidf,2,1,0.740811639789022,False
755,755,378,1,sty+tfidf,2,1,0.9926013858567725,True
756,756,379,0,sty+tfidf,2,0,0.020521498137663585,True
757,757,379,1,sty+tfidf,2,1,0.9993064236429738,True
758,758,380,0,sty+tfidf,2,1,0.925699484070664,False
759,759,380,1,sty+tfidf,2,1,0.9991383554899782,True
760,760,381,0,sty+tfidf,2,0,0.4018768422340454,True
761,761,381,1,sty+tfidf,2,1,0.999582879975984,True
762,762,382,0,sty+tfidf,2,0,0.006698392894448274,True
763,763,382,1,sty+tfidf,2,1,0.9988820859926976,True
764,764,383,0,sty+tfidf,2,0,0.009126659042866123,True
765,765,383,1,sty+tfidf,2,1,0.9969419419670587,True
766,766,384,0,sty+tfidf,2,0,5.7596321736159885e-05,True
767,767,384,1,sty+tfidf,2,1,0.9384284112674007,True
768,768,385,0,sty+tfidf,2,0,0.01684151727240835,True
769,769,385,1,sty+tfidf,2,1,0.9752166053705852,True
770,770,386,1,sty+tfidf,2,1,0.996099728140062,True
771,771,387,0,sty+tfidf,2,0,0.029527620670789925,True
772,772,387,1,sty+tfidf,2,1,0.8845204815746164,True
773,773,388,0,sty+tfidf,2,0,0.0066925841553149065,True
774,774,388,1,sty+tfidf,2,1,0.998204958635722,True
775,775,389,0,sty+tfidf,2,0,0.00925769412899313,True
776,776,389,1,sty+tfidf,2,1,0.994978235763674,True
777,777,390,0,sty+tfidf,2,0,0.0005242917318004703,True
778,778,390,1,sty+tfidf,2,1,0.9973102519340848,True
779,779,391,0,sty+tfidf,2,0,0.0006845894387175083,True
780,780,391,1,sty+tfidf,2,1,0.9960909817079139,True
781,781,392,0,sty+tfidf,2,0,0.0013176716439592792,True
782,782,392,1,sty+tfidf,2,1,0.9980701932084531,True
783,783,393,0,sty+tfidf,2,0,0.022919420458231782,True
784,784,393,1,sty+tfidf,2,1,0.9990659521275591,True
785,785,394,0,sty+tfidf,2,0,0.009971655045956287,True
786,786,394,1,sty+tfidf,2,1,0.9982841817466177,True
787,787,395,0,sty+tfidf,2,0,0.00019394603824724894,True
788,788,395,1,sty+tfidf,2,1,0.9953299548779061,True
789,789,396,0,sty+tfidf,2,0,0.14892084201986489,True
790,790,396,1,sty+tfidf,2,1,0.9965396454074945,True
791,791,397,0,sty+tfidf,2,0,0.00021640974932690267,True
792,792,397,1,sty+tfidf,2,1,0.9982000916722041,True
793,793,398,0,sty+tfidf,2,0,0.017981438178387186,True
794,794,398,1,sty+tfidf,2,1,0.9953530964977639,True
795,795,399,0,sty+tfidf,2,0,0.13756998386101543,True
796,796,399,1,sty+tfidf,2,1,0.9977159835470926,True
797,797,400,0,sty+tfidf,2,0,0.0026863709855567495,True
798,798,400,1,sty+tfidf,2,1,0.9992220414422451,True
799,799,401,0,sty+tfidf,2,0,0.0008116562553647709,True
800,800,401,1,sty+tfidf,2,1,0.9995931576247032,True
801,801,402,0,sty+tfidf,2,0,7.233970712398159e-05,True
802,802,402,1,sty+tfidf,2,0,0.3979752682944232,False
803,803,403,0,sty+tfidf,2,0,0.0002934032009804532,True
804,804,403,1,sty+tfidf,2,1,0.9081457026036915,True
805,805,404,0,sty+tfidf,2,0,0.006457260485477589,True
806,806,404,1,sty+tfidf,2,1,0.9908371096711499,True
807,807,405,0,sty+tfidf,2,0,0.0009855435253100255,True
808,808,405,1,sty+tfidf,2,1,0.9991261827693544,True
809,809,406,0,sty+tfidf,2,1,0.6351644922845773,False
810,810,406,1,sty+tfidf,2,1,0.9517460983779332,True
811,811,407,0,sty+tfidf,2,0,0.00916919099193159,True
812,812,407,1,sty+tfidf,2,1,0.9915734604079509,True
813,813,408,0,sty+tfidf,2,0,0.0057908417834314566,True
814,814,408,1,sty+tfidf,2,1,0.9724137747578657,True
815,815,409,0,sty+tfidf,2,0,0.0010750593515984725,True
816,816,409,1,sty+tfidf,2,1,0.9979393883692977,True
817,817,410,0,sty+tfidf,2,0,0.01819813073715043,True
818,818,410,1,sty+tfidf,2,1,0.9997488454531204,True
819,819,411,0,sty+tfidf,2,0,0.004534242371614758,True
820,820,411,1,sty+tfidf,2,1,0.9985515706435549,True
821,821,412,0,sty+tfidf,2,0,0.0001566614310137477,True
822,822,412,1,sty+tfidf,2,1,0.9242095630004655,True
823,823,413,0,sty+tfidf,2,0,0.008537547354138043,True
824,824,413,1,sty+tfidf,2,1,0.998896827579342,True
825,825,414,0,sty+tfidf,2,0,0.004885482479958486,True
826,826,414,1,sty+tfidf,2,0,0.3905334091500129,False
827,827,415,0,sty+tfidf,2,0,0.40159945379962536,True
828,828,415,1,sty+tfidf,2,1,0.9195804358174592,True
829,829,416,0,sty+tfidf,2,0,0.009757756922285372,True
830,830,416,1,sty+tfidf,2,1,0.9475273325755877,True
831,831,417,0,sty+tfidf,2,0,0.0050599297663806156,True
832,832,417,1,sty+tfidf,2,1,0.9876061701421497,True
833,833,418,0,sty+tfidf,2,0,0.002483287573338508,True
834,834,418,1,sty+tfidf,2,1,0.9990892567284012,True
835,835,419,0,sty+tfidf,2,0,0.09402907200586379,True
836,836,419,1,sty+tfidf,2,1,0.998944251533435,True
837,837,420,0,sty+tfidf,2,1,0.7837698434161651,False
838,838,420,1,sty+tfidf,2,1,0.9977615023367025,True
839,839,421,0,sty+tfidf,2,0,0.021949868296287395,True
840,840,421,1,sty+tfidf,2,1,0.6151695434784227,True
841,841,422,0,sty+tfidf,2,0,0.0023137336270313024,True
842,842,422,1,sty+tfidf,2,1,0.9949511398657858,True
843,843,423,0,sty+tfidf,2,0,0.001589426733744094,True
844,844,423,1,sty+tfidf,2,1,0.9971678420052095,True
845,845,424,0,sty+tfidf,2,0,0.263844565518494,True
846,846,424,1,sty+tfidf,2,1,0.9987972128231922,True
847,847,425,1,sty+tfidf,2,1,0.9607109975955975,True
848,848,426,1,sty+tfidf,2,1,0.998670795935896,True
849,849,427,0,sty+tfidf,2,0,0.0032275529811657713,True
850,850,427,1,sty+tfidf,2,1,0.9994093983537882,True
851,851,428,0,sty+tfidf,2,0,0.010524064281867572,True
852,852,428,1,sty+tfidf,2,1,0.96696274516583,True
853,853,429,0,sty+tfidf,2,0,0.0011660918754048488,True
854,854,429,1,sty+tfidf,2,1,0.994634932470148,True
855,855,430,0,sty+tfidf,2,0,0.03031675673510979,True
856,856,430,1,sty+tfidf,2,1,0.997257158413793,True
857,857,431,0,sty+tfidf,2,0,0.00046987351756630784,True
858,858,431,1,sty+tfidf,2,1,0.999260249595677,True
859,859,432,0,sty+tfidf,2,0,0.0030022745717481827,True
860,860,432,1,sty+tfidf,2,1,0.9981160949101833,True
861,861,433,0,sty+tfidf,2,0,0.0008750138092363764,True
862,862,433,1,sty+tfidf,2,1,0.9511671447540084,True
863,863,434,0,sty+tfidf,2,0,0.0023569037075120616,True
864,864,434,1,sty+tfidf,2,1,0.5361390449622879,True
865,865,435,0,sty+tfidf,2,0,0.026564873360152338,True
866,866,435,1,sty+tfidf,2,0,0.16965881314840023,False
867,867,436,0,sty+tfidf,2,0,0.0014308690733584562,True
868,868,436,1,sty+tfidf,2,1,0.9829656279743813,True
869,869,437,0,sty+tfidf,2,0,0.0007297103184698572,True
870,870,437,1,sty+tfidf,2,1,0.9955319360522626,True
871,871,438,0,sty+tfidf,2,0,0.003808111678501203,True
872,872,438,1,sty+tfidf,2,1,0.9975748469318012,True
873,873,439,0,sty+tfidf,2,0,0.008641819773593039,True
874,874,439,1,sty+tfidf,2,1,0.9990369355452243,True
875,875,440,0,sty+tfidf,2,0,0.001890557218664975,True
876,876,440,1,sty+tfidf,2,1,0.9980266981375391,True
877,877,441,0,sty+tfidf,2,0,0.0001497893914741051,True
878,878,441,1,sty+tfidf,2,1,0.9988308350222683,True
879,879,442,0,sty+tfidf,2,0,0.002285980632871526,True
880,880,442,1,sty+tfidf,2,1,0.7418939521493328,True
881,881,443,0,sty+tfidf,2,0,0.037448922735854644,True
882,882,443,1,sty+tfidf,2,1,0.9990409397951308,True
883,883,444,0,sty+tfidf,2,0,0.0016580444960522854,True
884,884,444,1,sty+tfidf,2,1,0.9705721927207047,True
885,885,445,0,sty+tfidf,2,0,0.00013098373198045215,True
886,886,445,1,sty+tfidf,2,0,0.3718848860275129,False
887,887,446,0,sty+tfidf,2,0,0.0027251714395042015,True
888,888,446,1,sty+tfidf,2,1,0.8767353293276045,True
889,889,447,0,sty+tfidf,2,0,0.0009374990422425858,True
890,890,447,1,sty+tfidf,2,1,0.9966870347918897,True
891,891,448,0,sty+tfidf,2,0,0.11660210804958315,True
892,892,448,1,sty+tfidf,2,1,0.999031104530732,True
893,893,449,0,sty+tfidf,2,0,0.001284468255206244,True
894,894,449,1,sty+tfidf,2,1,0.8235101208675862,True
895,895,450,0,sty+tfidf,2,0,0.004625530320910837,True
896,896,450,1,sty+tfidf,2,1,0.9769430995772274,True
897,897,451,0,sty+tfidf,2,1,0.5768105067660583,False
898,898,451,1,sty+tfidf,2,1,0.8531549718073304,True
899,899,452,0,sty+tfidf,2,0,0.023384727928932123,True
900,900,452,1,sty+tfidf,2,1,0.9936718916287313,True
901,901,453,0,sty+tfidf,2,0,0.0017685566243631384,True
902,902,453,1,sty+tfidf,2,1,0.9878533371347624,True
903,903,454,0,sty+tfidf,2,1,0.9543175939779707,False
904,904,454,1,sty+tfidf,2,1,0.99601478878003,True
905,905,455,0,sty+tfidf,2,0,0.10200488153390568,True
906,906,455,1,sty+tfidf,2,1,0.9904902103410346,True
907,907,456,0,sty+tfidf,2,0,0.0014259570520423663,True
908,908,456,1,sty+tfidf,2,1,0.9996723694174228,True
909,909,457,0,sty+tfidf,2,0,0.000820594795031236,True
910,910,457,1,sty+tfidf,2,1,0.9950672268730586,True
911,911,458,0,sty+tfidf,2,0,0.00046230215468966314,True
912,912,458,1,sty+tfidf,2,1,0.9926460896859715,True
913,913,459,0,sty+tfidf,2,0,0.022327705994965696,True
914,914,459,1,sty+tfidf,2,1,0.9979044555059385,True
915,915,460,0,sty+tfidf,2,0,0.01434096912045017,True
916,916,460,1,sty+tfidf,2,1,0.9993501199372957,True
917,917,461,0,sty+tfidf,2,0,0.0032371531030940008,True
918,918,461,1,sty+tfidf,2,1,0.9961854761853942,True
919,919,462,0,sty+tfidf,2,0,0.016863747925974653,True
920,920,462,1,sty+tfidf,2,1,0.9978009549271268,True
921,921,463,0,sty+tfidf,2,0,0.011931467685770877,True
922,922,463,1,sty+tfidf,2,1,0.9057572353024578,True
923,923,464,0,sty+tfidf,2,0,0.062419271500375996,True
924,924,464,1,sty+tfidf,2,1,0.9997766000049664,True
925,925,465,0,sty+tfidf,2,0,0.0012383260972021035,True
926,926,465,1,sty+tfidf,2,1,0.8821433720820557,True
927,927,466,0,sty+tfidf,2,1,0.6620504377496,False
928,928,466,1,sty+tfidf,2,1,0.9841959239859411,True
929,929,467,0,sty+tfidf,2,0,0.011519924459282804,True
930,930,467,1,sty+tfidf,2,1,0.9993483146632317,True
931,931,468,0,sty+tfidf,2,0,0.0025128611994567236,True
932,932,468,1,sty+tfidf,2,1,0.8351465762518586,True
933,933,469,0,sty+tfidf,2,0,0.1795800071295496,True
934,934,469,1,sty+tfidf,2,1,0.997607894398898,True
935,935,470,0,sty+tfidf,2,0,0.018331968296547166,True
936,936,470,1,sty+tfidf,2,1,0.9819768577396445,True
937,937,471,0,sty+tfidf,2,0,0.0010463072514544061,True
938,938,471,1,sty+tfidf,2,1,0.9970446981188448,True
939,939,472,0,sty+tfidf,2,0,0.007241592384642931,True
940,940,472,1,sty+tfidf,2,1,0.9989189038807312,True
941,941,473,0,sty+tfidf,2,0,0.03272304647945036,True
942,942,473,1,sty+tfidf,2,1,0.9988672484898403,True
943,943,474,0,sty+tfidf,2,0,0.003932955398607179,True
944,944,474,1,sty+tfidf,2,0,0.4224389944899346,False
945,945,475,0,sty+tfidf,2,0,0.02633942656767187,True
946,946,475,1,sty+tfidf,2,1,0.9985504978383282,True
947,947,476,0,sty+tfidf,2,0,0.008673992064428659,True
948,948,476,1,sty+tfidf,2,1,0.9759993588183646,True
949,949,477,0,sty+tfidf,2,0,0.001745573883795558,True
950,950,477,1,sty+tfidf,2,1,0.8708557730495354,True
951,951,478,0,sty+tfidf,2,1,0.5037319107581992,False
952,952,478,1,sty+tfidf,2,1,0.9997972353916693,True
953,953,479,0,sty+tfidf,2,0,0.0001478764345146436,True
954,954,479,1,sty+tfidf,2,1,0.9880078523227888,True
955,955,480,0,sty+tfidf,2,0,0.023820402576038187,True
956,956,480,1,sty+tfidf,2,1,0.9969949523186755,True
957,957,481,0,sty+tfidf,2,0,0.0018692070160202722,True
958,958,481,1,sty+tfidf,2,1,0.8541205201010228,True
959,959,482,0,sty+tfidf,2,0,0.001508957801846143,True
960,960,482,1,sty+tfidf,2,1,0.9992501224943673,True
961,961,483,0,sty+tfidf,2,0,0.0060439783947500705,True
962,962,483,1,sty+tfidf,2,1,0.9977980827278479,True
963,963,484,0,sty+tfidf,2,0,0.034229816583368176,True
964,964,484,1,sty+tfidf,2,1,0.999581589253721,True
965,965,485,0,sty+tfidf,2,0,0.00925471249331909,True
966,966,485,1,sty+tfidf,2,1,0.993137792531366,True
967,967,486,0,sty+tfidf,2,0,0.2901889883398502,True
968,968,486,1,sty+tfidf,2,1,0.9878727366958704,True
969,969,487,0,sty+tfidf,2,0,0.013248205160740361,True
970,970,487,1,sty+tfidf,2,1,0.9927905404623002,True
971,971,488,0,sty+tfidf,2,0,0.0009502617668428995,True
972,972,488,1,sty+tfidf,2,1,0.99715088930293,True
973,973,489,0,sty+tfidf,2,0,0.0016331620162870458,True
974,974,489,1,sty+tfidf,2,1,0.9954530715784453,True
975,975,490,0,sty+tfidf,2,0,0.026951838162419615,True
976,976,490,1,sty+tfidf,2,1,0.9865760262550318,True
977,977,491,0,sty+tfidf,2,0,0.003602794862057487,True
978,978,491,1,sty+tfidf,2,1,0.9960279334903728,True
979,979,492,0,sty+tfidf,2,0,0.0022333195539818926,True
980,980,492,1,sty+tfidf,2,1,0.936381499044002,True
981,981,493,0,sty+tfidf,2,0,0.00445516645623154,True
982,982,493,1,sty+tfidf,2,1,0.9913577342847057,True
983,983,494,0,sty+tfidf,2,0,0.016179364005372107,True
984,984,494,1,sty+tfidf,2,1,0.8530230338983975,True
985,985,495,0,sty+tfidf,2,0,0.00690818050536967,True
986,986,495,1,sty+tfidf,2,1,0.9950991489981493,True
987,987,496,0,sty+tfidf,2,0,0.0005769459342213232,True
988,988,496,1,sty+tfidf,2,1,0.9996964022327651,True
989,989,497,0,sty+tfidf,2,0,0.004619696386236231,True
990,990,497,1,sty+tfidf,2,1,0.999192199174983,True
991,991,498,0,sty+tfidf,2,0,0.00043974634673038266,True
992,992,498,1,sty+tfidf,2,1,0.9620112348746519,True
993,993,499,0,sty+tfidf,2,0,0.001974546366942398,True
994,994,499,1,sty+tfidf,2,1,0.8575513123034014,True
995,995,500,0,sty+tfidf,2,0,0.020012036452613912,True
996,996,500,1,sty+tfidf,2,1,0.9972245507674009,True
997,997,501,0,sty+tfidf,2,0,0.00442880061874921,True
998,998,501,1,sty+tfidf,2,1,0.9996884264298436,True
999,999,502,0,sty+tfidf,2,0,0.03254358135242866,True
1000,1000,502,1,sty+tfidf,2,1,0.9939094629653475,True
1001,1001,503,0,sty+tfidf,2,0,0.0013330174718456953,True
1002,1002,503,1,sty+tfidf,2,1,0.998805569717483,True
1003,1003,504,0,sty+tfidf,2,0,0.01443936849349257,True
1004,1004,504,1,sty+tfidf,2,1,0.9987753182969249,True
1005,1005,505,0,sty+tfidf,2,0,0.1069829777086099,True
1006,1006,505,1,sty+tfidf,2,1,0.9440054636556978,True
1007,1007,506,0,sty+tfidf,2,0,0.0034511900202354472,True
1008,1008,506,1,sty+tfidf,2,1,0.9202416407249516,True
1009,1009,507,0,sty+tfidf,2,0,0.19912834054886033,True
1010,1010,507,1,sty+tfidf,2,1,0.992281999577359,True
1011,1011,508,0,sty+tfidf,2,0,0.23316156904704086,True
1012,1012,508,1,sty+tfidf,2,1,0.9936086656228211,True
1013,1013,509,0,sty+tfidf,2,0,0.0010470198999010952,True
1014,1014,509,1,sty+tfidf,2,1,0.9986132627115893,True
1015,1015,510,0,sty+tfidf,2,0,0.0037038917982491378,True
1016,1016,510,1,sty+tfidf,2,0,0.13654731973422662,False
1017,1017,511,0,sty+tfidf,2,0,0.0021533678858584354,True
1018,1018,511,1,sty+tfidf,2,1,0.9973310861760006,True
1019,1019,512,0,sty+tfidf,2,0,0.03788141060699992,True
1020,1020,512,1,sty+tfidf,2,1,0.8421820012304944,True
1021,1021,513,0,sty+tfidf,2,0,0.03260014840038087,True
1022,1022,513,1,sty+tfidf,2,1,0.9991439726244159,True
1023,1023,514,0,sty+tfidf,2,0,0.02659771306339635,True
1024,1024,514,1,sty+tfidf,2,1,0.998410655104178,True
1025,1025,515,0,sty+tfidf,2,0,0.002509672044710567,True
1026,1026,515,1,sty+tfidf,2,1,0.7773183601128755,True
1027,1027,516,0,sty+tfidf,2,0,0.001101283781782396,True
1028,1028,516,1,sty+tfidf,2,1,0.9978570458859638,True
1029,1029,517,0,sty+tfidf,2,0,0.00010358813150667638,True
1030,1030,517,1,sty+tfidf,2,1,0.9933828592755365,True
1031,1031,518,0,sty+tfidf,2,0,0.003160557372991195,True
1032,1032,518,1,sty+tfidf,2,1,0.9910971790600972,True
1033,1033,519,0,sty+tfidf,2,0,0.002167013708272454,True
1034,1034,519,1,sty+tfidf,2,1,0.986893342367972,True
1035,1035,520,0,sty+tfidf,2,0,0.21747627414124143,True
1036,1036,520,1,sty+tfidf,2,1,0.9990568753928537,True
1037,1037,521,0,sty+tfidf,2,0,0.0005763724036931812,True
1038,1038,521,1,sty+tfidf,2,1,0.9978401688634957,True
1039,1039,522,0,sty+tfidf,2,0,0.010587390543824116,True
1040,1040,522,1,sty+tfidf,2,1,0.9736525478022888,True
1041,1041,523,0,sty+tfidf,2,0,0.015785791738633582,True
1042,1042,523,1,sty+tfidf,2,1,0.9884486514444679,True
1043,1043,524,0,sty+tfidf,2,0,0.009480447298324665,True
1044,1044,524,1,sty+tfidf,2,0,0.12521079640328314,False
1045,1045,525,0,sty+tfidf,2,0,0.006580697456641086,True
1046,1046,525,1,sty+tfidf,2,1,0.9929651326131881,True
1047,1047,526,0,sty+tfidf,2,0,0.012956212535256265,True
1048,1048,526,1,sty+tfidf,2,1,0.9144085876401377,True
1049,1049,527,0,sty+tfidf,2,0,0.0002899013405896526,True
1050,1050,527,1,sty+tfidf,2,1,0.9889439808429913,True
1051,1051,528,0,sty+tfidf,2,0,0.0024492628889267276,True
1052,1052,528,1,sty+tfidf,2,1,0.9976030731707041,True
1053,1053,529,0,sty+tfidf,2,0,0.0027685555158936267,True
1054,1054,529,1,sty+tfidf,2,1,0.9958829020950573,True
1055,1055,530,0,sty+tfidf,2,0,0.010188491462031681,True
1056,1056,530,1,sty+tfidf,2,1,0.9994627802572161,True
1057,1057,531,0,sty+tfidf,2,0,0.27632302349724713,True
1058,1058,531,1,sty+tfidf,2,1,0.9993194712678196,True
1059,1059,532,0,sty+tfidf,2,0,0.00018012953162549475,True
1060,1060,532,1,sty+tfidf,2,1,0.9983354634183599,True
1061,1061,533,0,sty+tfidf,2,0,0.0018014639430854957,True
1062,1062,533,1,sty+tfidf,2,1,0.9926908895822355,True
1063,1063,534,0,sty+tfidf,2,0,0.000792293279260811,True
1064,1064,534,1,sty+tfidf,2,1,0.7369137853506527,True
1065,1065,535,0,sty+tfidf,2,0,0.06335588295350239,True
1066,1066,535,1,sty+tfidf,2,0,0.009865109696040132,False
1067,1067,536,0,sty+tfidf,2,0,0.05048175404826869,True
1068,1068,536,1,sty+tfidf,2,1,0.9942980195156238,True
1069,1069,537,0,sty+tfidf,2,0,0.00017654748210579402,True
1070,1070,537,1,sty+tfidf,2,1,0.9980825317224975,True
1071,1071,538,0,sty+tfidf,2,0,0.005769366728100855,True
1072,1072,538,1,sty+tfidf,2,1,0.9972312450523625,True
1073,1073,539,0,sty+tfidf,2,0,0.0006458202646511022,True
1074,1074,539,1,sty+tfidf,2,1,0.9776285995624561,True
1075,1075,540,0,sty+tfidf,2,0,0.0002572420337217602,True
1076,1076,540,1,sty+tfidf,2,1,0.9595750542262965,True
1077,1077,541,0,sty+tfidf,2,0,0.014358190969411554,True
1078,1078,541,1,sty+tfidf,2,1,0.9967115421345507,True
1079,1079,542,0,sty+tfidf,2,0,0.005180693568908546,True
1080,1080,542,1,sty+tfidf,2,0,0.09568864438520855,False
1081,1081,543,0,sty+tfidf,2,0,0.0013858602331028804,True
1082,1082,543,1,sty+tfidf,2,1,0.9912452789711563,True
1083,1083,544,0,sty+tfidf,2,0,0.023141090328569612,True
1084,1084,544,1,sty+tfidf,2,1,0.9969694085714553,True
1085,1085,545,0,sty+tfidf,2,0,0.01275513957066411,True
1086,1086,545,1,sty+tfidf,2,1,0.9877520727030251,True
1087,1087,546,0,sty+tfidf,2,0,0.0005383203407503597,True
1088,1088,546,1,sty+tfidf,2,1,0.5569605737142288,True
1089,1089,547,0,sty+tfidf,2,0,0.2892438964906862,True
1090,1090,547,1,sty+tfidf,2,1,0.9420883355207511,True
1091,1091,548,0,sty+tfidf,2,0,0.0003790560234638677,True
1092,1092,548,1,sty+tfidf,2,1,0.5552965405403825,True
1093,1093,549,0,sty+tfidf,2,0,0.005706092263468149,True
1094,1094,549,1,sty+tfidf,2,1,0.9912677456226026,True
1095,1095,550,0,sty+tfidf,2,0,0.0004070297790658381,True
1096,1096,550,1,sty+tfidf,2,1,0.9866972469603391,True
1097,1097,551,0,sty+tfidf,2,0,0.012262157649017726,True
1098,1098,551,1,sty+tfidf,2,1,0.9931989114446026,True
1099,1099,552,0,sty+tfidf,2,0,0.018980725347615603,True
1100,1100,552,1,sty+tfidf,2,1,0.9959881749440679,True
1101,1101,553,0,sty+tfidf,2,1,0.5767168202974414,False
1102,1102,553,1,sty+tfidf,2,1,0.9983741287947456,True
1103,1103,554,0,sty+tfidf,2,0,0.0005046433384072513,True
1104,1104,554,1,sty+tfidf,2,1,0.9930070534108136,True
1105,1105,555,0,sty+tfidf,2,0,0.047458850023158944,True
1106,1106,555,1,sty+tfidf,2,1,0.9973809909038317,True
1107,1107,556,0,sty+tfidf,2,0,0.014947859680607743,True
1108,1108,556,1,sty+tfidf,2,0,0.33982299983444403,False
1109,1109,557,0,sty+tfidf,2,0,0.20141308041485526,True
1110,1110,557,1,sty+tfidf,2,1,0.9931652440535914,True
1111,1111,558,0,sty+tfidf,2,0,0.05892743419078752,True
1112,1112,558,1,sty+tfidf,2,1,0.9941587361314169,True
1113,1113,559,0,sty+tfidf,2,0,0.007138142007975873,True
1114,1114,559,1,sty+tfidf,2,1,0.9067632055159021,True
1115,1115,560,0,sty+tfidf,2,0,0.0007098236008994919,True
1116,1116,560,1,sty+tfidf,2,1,0.8723932171717244,True
1117,1117,561,0,sty+tfidf,2,0,0.0774035368227462,True
1118,1118,561,1,sty+tfidf,2,1,0.7086558704028852,True
1119,1119,562,0,sty+tfidf,2,0,0.044910096603829795,True
1120,1120,562,1,sty+tfidf,2,0,0.44314162514980876,False
1121,1121,563,0,sty+tfidf,2,0,0.0022608098741149015,True
1122,1122,563,1,sty+tfidf,2,1,0.9937474999130722,True
1123,1123,564,0,sty+tfidf,2,0,0.0015105744850058829,True
1124,1124,564,1,sty+tfidf,2,1,0.9959527836138424,True
1125,1125,565,0,sty+tfidf,2,0,0.003201207350155552,True
1126,1126,565,1,sty+tfidf,2,1,0.9996039746917449,True
1127,1127,566,0,sty+tfidf,2,0,0.006360446451046118,True
1128,1128,566,1,sty+tfidf,2,1,0.9983642407890829,True
1129,1129,567,0,sty+tfidf,2,0,0.0002647463590576207,True
1130,1130,567,1,sty+tfidf,2,1,0.809235722302807,True
1131,1131,568,0,sty+tfidf,2,0,0.00010806199510349554,True
1132,1132,568,1,sty+tfidf,2,1,0.9961530169157976,True
1133,1133,569,0,sty+tfidf,2,0,0.002171649114017121,True
1134,1134,569,1,sty+tfidf,2,1,0.9979573144295754,True
1135,1135,570,0,sty+tfidf,2,1,0.5711103726887056,False
1136,1136,570,1,sty+tfidf,2,1,0.9983763595295622,True
1137,1137,571,0,sty+tfidf,2,0,0.04129390824053163,True
1138,1138,571,1,sty+tfidf,2,1,0.9278971632960908,True
1139,1139,572,0,sty+tfidf,2,0,0.10455356036192148,True
1140,1140,572,1,sty+tfidf,2,1,0.9913550316064377,True
1141,1141,573,0,sty+tfidf,2,0,0.05085245468969907,True
1142,1142,573,1,sty+tfidf,2,0,0.39637909405451205,False
1143,1143,574,0,sty+tfidf,2,0,0.0013417393196262979,True
1144,1144,574,1,sty+tfidf,2,1,0.9993885825437777,True
1145,1145,575,0,sty+tfidf,2,0,0.0017508326219921177,True
1146,1146,575,1,sty+tfidf,2,1,0.9994030643996614,True
1147,1147,576,0,sty+tfidf,2,0,0.00015413298466616688,True
1148,1148,576,1,sty+tfidf,2,1,0.914464622394278,True
1149,1149,577,0,sty+tfidf,2,1,0.967825214382356,False
1150,1150,577,1,sty+tfidf,2,1,0.9923159743981893,True
1151,1151,578,0,sty+tfidf,2,0,0.0008878864765322251,True
1152,1152,578,1,sty+tfidf,2,1,0.9827413585399551,True
1153,1153,579,0,sty+tfidf,2,0,0.00819240867507512,True
1154,1154,579,1,sty+tfidf,2,1,0.9426173552463666,True
1155,1155,580,0,sty+tfidf,2,0,0.0017997697845200924,True
1156,1156,580,1,sty+tfidf,2,1,0.9975708543512244,True
1157,1157,581,0,sty+tfidf,2,0,0.01392590319183582,True
1158,1158,581,1,sty+tfidf,2,1,0.9990642346920713,True
1159,1159,582,0,sty+tfidf,2,0,0.0024596183881823845,True
1160,1160,582,1,sty+tfidf,2,0,0.35995595669663755,False
1161,1161,583,0,sty+tfidf,2,0,0.010942193196615343,True
1162,1162,583,1,sty+tfidf,2,1,0.9971143921044034,True
1163,1163,584,0,sty+tfidf,2,0,0.0014951290219577863,True
1164,1164,584,1,sty+tfidf,2,1,0.9746585062056493,True
1165,1165,585,0,sty+tfidf,2,0,0.0001317176476830221,True
1166,1166,585,1,sty+tfidf,2,1,0.6566489519374821,True
1167,1167,586,0,sty+tfidf,2,0,0.0001947958397921483,True
1168,1168,586,1,sty+tfidf,2,1,0.9986400319975897,True
1169,1169,587,0,sty+tfidf,2,0,0.009179313271591709,True
1170,1170,587,1,sty+tfidf,2,1,0.9272763430677564,True
1171,1171,588,0,sty+tfidf,2,0,0.00041109194887516576,True
1172,1172,588,1,sty+tfidf,2,1,0.9917878549039961,True
1173,1173,589,0,sty+tfidf,2,0,0.011646940883333533,True
1174,1174,589,1,sty+tfidf,2,1,0.9948475756800272,True
1175,1175,590,0,sty+tfidf,2,0,0.00047306822379337824,True
1176,1176,590,1,sty+tfidf,2,1,0.9919107637182922,True
1177,1177,591,0,sty+tfidf,2,0,0.008682872773537551,True
1178,1178,591,1,sty+tfidf,2,1,0.9821448354625886,True
1179,1179,592,0,sty+tfidf,2,0,0.0005844626246143478,True
1180,1180,592,1,sty+tfidf,2,1,0.9589573785044136,True
1181,1181,593,0,sty+tfidf,2,0,0.0008649075015758125,True
1182,1182,593,1,sty+tfidf,2,1,0.9891273504111575,True
1183,1183,594,0,sty+tfidf,2,0,0.007066245427344365,True
1184,1184,594,1,sty+tfidf,2,1,0.9991737117679436,True
1185,1185,595,0,sty+tfidf,2,0,0.0006987186612737316,True
1186,1186,595,1,sty+tfidf,2,1,0.9701461720109115,True
1187,1187,596,0,sty+tfidf,2,0,0.004453834218664041,True
1188,1188,596,1,sty+tfidf,2,1,0.9978250798624595,True
1189,1189,597,0,sty+tfidf,2,0,0.05354452226019151,True
1190,1190,597,1,sty+tfidf,2,1,0.8095696421797751,True
1191,1191,598,0,sty+tfidf,2,0,0.005016542055740053,True
1192,1192,598,1,sty+tfidf,2,1,0.92107560906969,True
1193,1193,599,0,sty+tfidf,2,0,0.10726692040371834,True
1194,1194,599,1,sty+tfidf,2,1,0.9946512106265737,True
1195,1195,600,0,sty+tfidf,2,0,0.0012019062151783202,True
1196,1196,600,1,sty+tfidf,2,1,0.9913997050417289,True
1197,1197,601,0,sty+tfidf,2,1,0.5833264791612938,False
1198,1198,601,1,sty+tfidf,2,1,0.8523768742192684,True
1199,1199,602,0,sty+tfidf,2,0,0.042577730237326195,True
1200,1200,602,1,sty+tfidf,2,1,0.9756751385754298,True
1201,1201,603,0,sty+tfidf,2,0,0.0023407043209979148,True
1202,1202,603,1,sty+tfidf,2,1,0.9916493729155865,True
1203,1203,604,0,sty+tfidf,2,0,0.0005250785281036582,True
1204,1204,604,1,sty+tfidf,2,1,0.9990950239760066,True
1205,1205,605,0,sty+tfidf,2,0,0.025685197389559544,True
1206,1206,605,1,sty+tfidf,2,1,0.9944043793703672,True
1207,1207,606,0,sty+tfidf,2,1,0.8889456998170961,False
1208,1208,606,1,sty+tfidf,2,1,0.9966411454002013,True
1209,1209,607,0,sty+tfidf,2,0,0.011017790376783583,True
1210,1210,607,1,sty+tfidf,2,1,0.9976638402900572,True
1211,1211,608,0,sty+tfidf,2,0,0.00013037199677134702,True
1212,1212,608,1,sty+tfidf,2,1,0.9992344967071313,True
1213,1213,609,0,sty+tfidf,2,0,0.006490757159208423,True
1214,1214,609,1,sty+tfidf,2,1,0.9990425027901827,True
1215,1215,610,0,sty+tfidf,2,0,0.0024525933095418504,True
1216,1216,610,1,sty+tfidf,2,1,0.825962203844351,True
1217,1217,611,0,sty+tfidf,2,0,7.768461479635621e-05,True
1218,1218,611,1,sty+tfidf,2,1,0.9980071221400715,True
1219,1219,612,0,sty+tfidf,2,0,0.012121630444842456,True
1220,1220,612,1,sty+tfidf,2,1,0.9323515182857737,True
1221,1221,613,0,sty+tfidf,2,0,0.010368075395098174,True
1222,1222,613,1,sty+tfidf,2,1,0.9906429650635871,True
1223,1223,614,0,sty+tfidf,2,0,0.00674103294858368,True
1224,1224,614,1,sty+tfidf,2,1,0.997136425453907,True
1225,1225,615,0,sty+tfidf,2,0,0.004221616515702458,True
1226,1226,615,1,sty+tfidf,2,1,0.9978720534697815,True
1227,1227,616,0,sty+tfidf,2,1,0.9330690971607108,False
1228,1228,616,1,sty+tfidf,2,1,0.9900844375819632,True
1229,1229,617,0,sty+tfidf,2,0,0.1079025313122484,True
1230,1230,617,1,sty+tfidf,2,1,0.9847895137335578,True
1231,1231,618,0,sty+tfidf,2,0,0.004110080862761785,True
1232,1232,618,1,sty+tfidf,2,1,0.9990308074486323,True
1233,1233,619,0,sty+tfidf,2,0,0.10060594680950367,True
1234,1234,619,1,sty+tfidf,2,1,0.9907754744181152,True
1235,1235,620,0,sty+tfidf,2,0,9.585614533062821e-05,True
1236,1236,620,1,sty+tfidf,2,1,0.9691560324771784,True
1237,1237,621,0,sty+tfidf,2,0,0.01342331128702148,True
1238,1238,621,1,sty+tfidf,2,1,0.9951839871778857,True
1239,1239,622,0,sty+tfidf,2,1,0.6561954160135941,False
1240,1240,622,1,sty+tfidf,2,1,0.9991746692003856,True
1241,1241,623,0,sty+tfidf,2,0,0.0068634746659619284,True
1242,1242,623,1,sty+tfidf,2,1,0.9845659287433601,True
1243,1243,624,0,sty+tfidf,2,0,0.003000024659966168,True
1244,1244,624,1,sty+tfidf,2,1,0.9927451021226193,True
1245,1245,625,0,sty+tfidf,2,0,0.00030228213607130685,True
1246,1246,625,1,sty+tfidf,2,1,0.7987790612446798,True
1247,1247,626,0,sty+tfidf,2,0,0.002132340061010757,True
1248,1248,626,1,sty+tfidf,2,1,0.9973696650801174,True
1249,1249,627,0,sty+tfidf,2,0,0.0009339386022672438,True
1250,1250,627,1,sty+tfidf,2,1,0.9980906905233367,True
1251,1251,628,0,sty+tfidf,2,0,0.008013905047250013,True
1252,1252,628,1,sty+tfidf,2,1,0.9951184964369699,True
1253,1253,629,0,sty+tfidf,2,0,0.014185959276328658,True
1254,1254,629,1,sty+tfidf,2,1,0.8554098225018023,True
1255,1255,630,0,sty+tfidf,2,0,0.0036910966404671897,True
1256,1256,630,1,sty+tfidf,2,1,0.9983995760796501,True
1257,1257,631,0,sty+tfidf,2,0,0.0023655110923909177,True
1258,1258,631,1,sty+tfidf,2,1,0.8745549135472345,True
1259,1259,632,0,sty+tfidf,2,0,0.0051172715472799215,True
1260,1260,632,1,sty+tfidf,2,1,0.9979454065087549,True
1261,1261,633,0,sty+tfidf,2,0,0.0011929771347414162,True
1262,1262,633,1,sty+tfidf,2,1,0.6579364062065537,True
1263,1263,634,0,sty+tfidf,2,0,0.22405765691206228,True
1264,1264,634,1,sty+tfidf,2,1,0.9871703897041288,True
1265,1265,635,0,sty+tfidf,2,0,0.0019426563007134809,True
1266,1266,635,1,sty+tfidf,2,1,0.9436603507990876,True
1267,1267,636,0,sty+tfidf,2,0,0.0224489777693858,True
1268,1268,636,1,sty+tfidf,2,1,0.998594840290604,True
1269,1269,637,0,sty+tfidf,2,1,0.9564192019459173,False
1270,1270,637,1,sty+tfidf,2,1,0.9992276317537688,True
1271,1271,638,0,sty+tfidf,2,0,0.0016637306380267304,True
1272,1272,638,1,sty+tfidf,2,1,0.9947530267778646,True
1273,1273,639,0,sty+tfidf,2,0,0.00025943391336565524,True
1274,1274,639,1,sty+tfidf,2,1,0.9995855336413342,True
1275,1275,640,0,sty+tfidf,2,0,0.005019351245943029,True
1276,1276,640,1,sty+tfidf,2,1,0.9977001203423383,True
1277,1277,641,0,sty+tfidf,2,0,0.0032322302797555716,True
1278,1278,641,1,sty+tfidf,2,1,0.9346535116830903,True
1279,1279,642,0,sty+tfidf,2,0,0.001716658721888228,True
1280,1280,642,1,sty+tfidf,2,1,0.8686142988760929,True
1281,1281,643,0,sty+tfidf,2,0,0.0027251754951845637,True
1282,1282,643,1,sty+tfidf,2,1,0.992805334264942,True
1283,1283,644,0,sty+tfidf,2,0,0.024545399902361875,True
1284,1284,644,1,sty+tfidf,2,1,0.9994623301093395,True
1285,1285,645,0,sty+tfidf,2,0,0.02842845452877882,True
1286,1286,645,1,sty+tfidf,2,1,0.9986821444922224,True
1287,1287,646,0,sty+tfidf,2,0,0.0008666174500371273,True
1288,1288,646,1,sty+tfidf,2,1,0.9952991057874725,True
1289,1289,647,0,sty+tfidf,2,0,0.0015475941918224358,True
1290,1290,647,1,sty+tfidf,2,1,0.9979316420786607,True
1291,1291,648,0,sty+tfidf,2,0,0.039547974552886785,True
1292,1292,648,1,sty+tfidf,2,1,0.980114165431342,True
1293,1293,649,0,sty+tfidf,2,0,4.806617494988221e-05,True
1294,1294,649,1,sty+tfidf,2,1,0.9983801971192663,True
1295,1295,650,0,sty+tfidf,2,0,0.0009452854479908901,True
1296,1296,650,1,sty+tfidf,2,1,0.8250068165420652,True
1297,1297,651,0,sty+tfidf,2,0,0.00039702271919827057,True
1298,1298,651,1,sty+tfidf,2,1,0.9993649373862238,True
1299,1299,652,0,sty+tfidf,2,0,0.006173516854869772,True
1300,1300,652,1,sty+tfidf,2,1,0.8376934971557883,True
1301,1301,653,0,sty+tfidf,2,0,0.0004878628223085291,True
1302,1302,653,1,sty+tfidf,2,1,0.9797622124266038,True
1303,1303,654,0,sty+tfidf,2,0,0.11329472190729985,True
1304,1304,654,1,sty+tfidf,2,1,0.9925081129199746,True
1305,1305,655,0,sty+tfidf,2,0,0.0020816884247524376,True
1306,1306,655,1,sty+tfidf,2,1,0.9906310397793171,True
1307,1307,656,0,sty+tfidf,2,0,0.018598113111135867,True
1308,1308,656,1,sty+tfidf,2,1,0.7490782050236853,True
1309,1309,657,0,sty+tfidf,2,0,0.011471993341009415,True
1310,1310,657,1,sty+tfidf,2,1,0.9957204823741477,True
1311,1311,658,0,sty+tfidf,2,0,0.0006807335188761123,True
1312,1312,658,1,sty+tfidf,2,1,0.9963161549707604,True
1313,1313,659,0,sty+tfidf,2,0,0.00024189946731669872,True
1314,1314,659,1,sty+tfidf,2,1,0.9963691183684419,True
1315,1315,660,0,sty+tfidf,2,0,0.0012379221624539696,True
1316,1316,660,1,sty+tfidf,2,1,0.6354440616413006,True
1317,1317,661,0,sty+tfidf,2,0,0.0008989560855314195,True
1318,1318,661,1,sty+tfidf,2,1,0.9946815879672084,True
1319,1319,662,0,sty+tfidf,2,0,0.002013666283176835,True
1320,1320,662,1,sty+tfidf,2,1,0.9986512096637677,True
1321,1321,663,0,sty+tfidf,2,0,0.0005054079390095132,True
1322,1322,663,1,sty+tfidf,2,1,0.9812562778624582,True
1323,1323,664,0,sty+tfidf,2,0,0.02115265336304035,True
1324,1324,664,1,sty+tfidf,2,1,0.9973433550318922,True
1325,1325,665,0,sty+tfidf,2,0,0.0057655497720427735,True
1326,1326,665,1,sty+tfidf,2,1,0.9209500757638164,True
1327,1327,666,0,sty+tfidf,2,0,0.002932960729968671,True
1328,1328,666,1,sty+tfidf,2,1,0.999052486104121,True
1329,1329,667,0,sty+tfidf,2,0,0.00015460539787129612,True
1330,1330,667,1,sty+tfidf,2,1,0.9988261129213416,True
1331,1331,668,0,sty+tfidf,2,0,0.042330707996138174,True
1332,1332,668,1,sty+tfidf,2,1,0.8475709893069523,True
1333,1333,669,0,sty+tfidf,2,0,0.0003468151386570579,True
1334,1334,669,1,sty+tfidf,2,1,0.9952257009214999,True
1335,1335,670,0,sty+tfidf,2,0,0.0018801557540366856,True
1336,1336,670,1,sty+tfidf,2,1,0.9992256341661091,True
1337,1337,671,0,sty+tfidf,2,0,0.004460352313507253,True
1338,1338,671,1,sty+tfidf,2,1,0.9892071762124358,True
1339,1339,672,0,sty+tfidf,2,0,0.00030519587064265673,True
1340,1340,672,1,sty+tfidf,2,1,0.5068995181372941,True
1341,1341,673,0,sty+tfidf,2,0,0.01887591890049869,True
1342,1342,673,1,sty+tfidf,2,1,0.9974934577239816,True
1343,1343,674,0,sty+tfidf,2,0,0.03497116649951753,True
1344,1344,674,1,sty+tfidf,2,1,0.6331312420302057,True
1345,1345,675,0,sty+tfidf,2,0,0.0011056656565375795,True
1346,1346,675,1,sty+tfidf,2,1,0.9934640628946639,True
1347,1347,676,0,sty+tfidf,2,0,0.012770479833795697,True
1348,1348,676,1,sty+tfidf,2,1,0.9987717072048659,True
1349,1349,677,0,sty+tfidf,2,0,0.0005944219519804743,True
1350,1350,677,1,sty+tfidf,2,1,0.9987544813879217,True
1351,1351,678,0,sty+tfidf,2,0,0.031625293509164515,True
1352,1352,678,1,sty+tfidf,2,1,0.9878471628039038,True
1353,1353,679,0,sty+tfidf,2,0,0.0005119697554212297,True
1354,1354,679,1,sty+tfidf,2,1,0.924711516193975,True
1355,1355,680,0,sty+tfidf,2,1,0.7136366136891866,False
1356,1356,680,1,sty+tfidf,2,1,0.9965256819923247,True
1357,1357,681,0,sty+tfidf,2,0,0.0003037736274893403,True
1358,1358,681,1,sty+tfidf,2,1,0.9466855502028376,True
1359,1359,682,0,sty+tfidf,2,0,0.0004828432656408882,True
1360,1360,682,1,sty+tfidf,2,1,0.8902499837623431,True
1361,1361,683,0,sty+tfidf,2,0,0.0003214168308830972,True
1362,1362,683,1,sty+tfidf,2,1,0.9864454373656004,True
1363,1363,684,0,sty+tfidf,2,0,0.001307909759308127,True
1364,1364,684,1,sty+tfidf,2,1,0.9981107338338521,True
1365,1365,685,0,sty+tfidf,2,0,0.035788176470320995,True
1366,1366,685,1,sty+tfidf,2,1,0.9419467882892002,True
1367,1367,686,0,sty+tfidf,2,0,0.006206539235145848,True
1368,1368,686,1,sty+tfidf,2,1,0.9991389475589446,True
1369,1369,687,0,sty+tfidf,2,0,0.0002762185606877706,True
1370,1370,687,1,sty+tfidf,2,1,0.9847618882769661,True
1371,1371,688,0,sty+tfidf,2,0,0.0021443416054596717,True
1372,1372,688,1,sty+tfidf,2,1,0.9996293712546807,True
1373,1373,689,0,sty+tfidf,2,0,0.005405634164722579,True
1374,1374,689,1,sty+tfidf,2,1,0.9991821552609199,True
1375,1375,690,0,sty+tfidf,2,0,0.01412779578510971,True
1376,1376,690,1,sty+tfidf,2,1,0.9992474717926499,True
1377,1377,691,0,sty+tfidf,2,0,0.013161880690603988,True
1378,1378,691,1,sty+tfidf,2,0,0.20063346102614307,False
1379,1379,692,0,sty+tfidf,2,0,9.140518907760706e-05,True
1380,1380,692,1,sty+tfidf,2,1,0.9914110822010981,True
1381,1381,693,0,sty+tfidf,2,0,0.061553569030782934,True
1382,1382,693,1,sty+tfidf,2,1,0.9802034582389181,True
1383,1383,694,0,sty+tfidf,2,0,0.01017544813008877,True
1384,1384,694,1,sty+tfidf,2,1,0.9554099807873884,True
1385,1385,695,0,sty+tfidf,2,0,0.011341384509799242,True
1386,1386,695,1,sty+tfidf,2,1,0.9990849213711566,True
1387,1387,696,0,sty+tfidf,2,0,0.02260740332851906,True
1388,1388,696,1,sty+tfidf,2,1,0.986211330058452,True
1389,1389,697,0,sty+tfidf,2,0,5.729174732852973e-05,True
1390,1390,697,1,sty+tfidf,2,1,0.9932227834828522,True
1391,1391,698,0,sty+tfidf,2,0,0.0005544774495864837,True
1392,1392,698,1,sty+tfidf,2,1,0.895987088867368,True
1393,1393,699,0,sty+tfidf,2,0,0.04116604600991367,True
1394,1394,699,1,sty+tfidf,2,1,0.99661539744606,True
1395,1395,700,0,sty+tfidf,2,0,0.0005079409426805379,True
1396,1396,700,1,sty+tfidf,2,1,0.9512300110526176,True
1397,1397,701,0,sty+tfidf,2,0,0.004166538715787031,True
1398,1398,701,1,sty+tfidf,2,1,0.998667594549265,True
1399,1399,702,0,sty+tfidf,2,0,0.005161584836264346,True
1400,1400,702,1,sty+tfidf,2,1,0.7876844875589364,True
1401,1401,703,0,sty+tfidf,2,0,0.13131777643078993,True
1402,1402,703,1,sty+tfidf,2,1,0.9811500104836808,True
1403,1403,704,0,sty+tfidf,2,0,0.018148730049473264,True
1404,1404,704,1,sty+tfidf,2,1,0.9974244172917208,True
1405,1405,705,0,sty+tfidf,2,0,0.001499217478749269,True
1406,1406,705,1,sty+tfidf,2,1,0.9990450340584,True
1407,1407,706,0,sty+tfidf,2,0,0.008529623451163022,True
1408,1408,706,1,sty+tfidf,2,1,0.7136739862010658,True
1409,1409,707,0,sty+tfidf,2,0,0.0067246861696383395,True
1410,1410,707,1,sty+tfidf,2,1,0.9995119999197636,True
1411,1411,708,0,sty+tfidf,2,0,0.00042097534055297094,True
1412,1412,708,1,sty+tfidf,2,1,0.5255876364629664,True
1413,1413,709,0,sty+tfidf,2,0,0.12720894773708485,True
1414,1414,709,1,sty+tfidf,2,1,0.9964471553600616,True
1415,1415,710,0,sty+tfidf,2,0,0.0006449312572854088,True
1416,1416,710,1,sty+tfidf,2,1,0.9885870617594944,True
1417,1417,711,0,sty+tfidf,2,0,0.0016558162480468299,True
1418,1418,711,1,sty+tfidf,2,1,0.9923860220312329,True
1419,1419,712,0,sty+tfidf,2,0,0.03835554125996839,True
1420,1420,712,1,sty+tfidf,2,1,0.9762905247344276,True
1421,1421,713,0,sty+tfidf,2,0,0.002905839768964425,True
1422,1422,713,1,sty+tfidf,2,1,0.9988427125931544,True
1423,1423,714,0,sty+tfidf,2,0,0.02183764033176746,True
1424,1424,714,1,sty+tfidf,2,1,0.8731601428305694,True
1425,1425,715,0,sty+tfidf,2,0,0.0005462487690255682,True
1426,1426,715,1,sty+tfidf,2,1,0.9963155999150831,True
1427,1427,716,0,sty+tfidf,2,0,0.02558498908507357,True
1428,1428,716,1,sty+tfidf,2,1,0.9939014494552224,True
1429,1429,717,0,sty+tfidf,2,0,0.0027796673152394287,True
1430,1430,717,1,sty+tfidf,2,1,0.9667065648169463,True
1431,1431,718,0,sty+tfidf,2,0,0.006785280097311403,True
1432,1432,718,1,sty+tfidf,2,1,0.9986522406845532,True
1433,1433,719,0,sty+tfidf,2,0,0.0719629226344065,True
1434,1434,719,1,sty+tfidf,2,1,0.966638803267202,True
1435,1435,720,0,sty+tfidf,2,1,0.9731957222332315,False
1436,1436,720,1,sty+tfidf,2,1,0.9697359169978473,True
1437,1437,721,0,sty+tfidf,2,0,0.029246685772927432,True
1438,1438,721,1,sty+tfidf,2,1,0.9979038519007798,True
1439,1439,722,0,sty+tfidf,2,0,0.00600521377529913,True
1440,1440,722,1,sty+tfidf,2,1,0.9513797342954767,True
1441,1441,723,0,sty+tfidf,2,1,0.6003593844320811,False
1442,1442,723,1,sty+tfidf,2,1,0.9925972732075352,True
1443,1443,724,0,sty+tfidf,2,0,0.004388265593407082,True
1444,1444,724,1,sty+tfidf,2,1,0.9993429793377374,True
1445,1445,725,0,sty+tfidf,2,0,0.00240872738494312,True
1446,1446,725,1,sty+tfidf,2,1,0.9994695501402513,True
1447,1447,726,0,sty+tfidf,2,0,0.0012594785972395576,True
1448,1448,726,1,sty+tfidf,2,1,0.9977021801416225,True
1449,1449,727,0,sty+tfidf,2,0,6.219860114848687e-05,True
1450,1450,727,1,sty+tfidf,2,1,0.7417827569367019,True
1451,1451,728,0,sty+tfidf,2,0,0.008526289812424067,True
1452,1452,728,1,sty+tfidf,2,1,0.9993317727647114,True
1453,1453,729,0,sty+tfidf,2,0,0.0008339269436530298,True
1454,1454,729,1,sty+tfidf,2,0,0.3063134914788337,False
1455,1455,730,0,sty+tfidf,2,0,0.005921401875391554,True
1456,1456,730,1,sty+tfidf,2,1,0.9985407206682445,True
1457,1457,731,0,sty+tfidf,2,0,0.04437315271412199,True
1458,1458,731,1,sty+tfidf,2,1,0.9962311774393909,True
1459,1459,732,0,sty+tfidf,2,0,0.0036178041444741896,True
1460,1460,732,1,sty+tfidf,2,1,0.9967503543003774,True
1461,1461,733,0,sty+tfidf,2,0,0.00018207709329089386,True
1462,1462,733,1,sty+tfidf,2,1,0.9875763342076059,True
1463,1463,734,0,sty+tfidf,2,0,0.04157227766640277,True
1464,1464,734,1,sty+tfidf,2,1,0.998154404796282,True
1465,1465,735,0,sty+tfidf,2,0,0.000637376743345714,True
1466,1466,735,1,sty+tfidf,2,1,0.892529645238316,True
1467,1467,736,0,sty+tfidf,2,0,0.0021570053083115144,True
1468,1468,736,1,sty+tfidf,2,1,0.9948323589014303,True
1469,1469,737,0,sty+tfidf,2,0,0.0013350258227973442,True
1470,1470,737,1,sty+tfidf,2,1,0.978186791142032,True
1471,1471,738,0,sty+tfidf,2,0,0.09135824966834119,True
1472,1472,738,1,sty+tfidf,2,1,0.9927334263902737,True
1473,1473,739,0,sty+tfidf,2,0,0.02361480378597011,True
1474,1474,739,1,sty+tfidf,2,1,0.9988476237461875,True
1475,1475,740,0,sty+tfidf,2,0,0.002670441978080888,True
1476,1476,740,1,sty+tfidf,2,1,0.9997462400228742,True
1477,1477,741,0,sty+tfidf,2,0,0.022605048473173843,True
1478,1478,741,1,sty+tfidf,2,1,0.9525826912548397,True
1479,1479,742,0,sty+tfidf,2,0,0.001551349381191203,True
1480,1480,742,1,sty+tfidf,2,1,0.9807719459497439,True
1481,1481,743,0,sty+tfidf,2,0,0.020341531007567328,True
1482,1482,743,1,sty+tfidf,2,1,0.9889581649472937,True
1483,1483,744,0,sty+tfidf,2,0,0.0013459200256207902,True
1484,1484,744,1,sty+tfidf,2,1,0.9604258977471504,True
1485,1485,745,0,sty+tfidf,2,0,0.000590504684996845,True
1486,1486,745,1,sty+tfidf,2,1,0.9947500975140477,True
1487,1487,746,0,sty+tfidf,2,0,0.0029199426903121794,True
1488,1488,746,1,sty+tfidf,2,1,0.9975392532962495,True
1489,1489,747,0,sty+tfidf,2,0,0.0010253740950426158,True
1490,1490,747,1,sty+tfidf,2,1,0.9976023929624425,True
1491,1491,748,0,sty+tfidf,2,0,0.01668866332626667,True
1492,1492,748,1,sty+tfidf,2,1,0.9957977022482335,True
1493,1493,749,0,sty+tfidf,2,0,0.016308242271581643,True
1494,1494,749,1,sty+tfidf,2,1,0.6427838381976715,True
1495,1495,750,0,sty+tfidf,2,0,0.0012324124529148983,True
1496,1496,750,1,sty+tfidf,2,1,0.9995831349171859,True
1497,1497,751,0,sty+tfidf,2,1,0.6187746753762235,False
1498,1498,751,1,sty+tfidf,2,1,0.9898990381360778,True
1499,1499,752,0,sty+tfidf,2,0,0.0020160813970842473,True
1500,1500,752,1,sty+tfidf,2,1,0.9996997703908115,True
1501,1501,753,0,sty+tfidf,2,0,0.002026004044070209,True
1502,1502,753,1,sty+tfidf,2,1,0.9911602918808741,True
1503,1503,754,0,sty+tfidf,2,0,0.000813747675984901,True
1504,1504,754,1,sty+tfidf,2,1,0.9984458928904322,True
1505,1505,755,0,sty+tfidf,2,0,0.000992747265513882,True
1506,1506,755,1,sty+tfidf,2,1,0.9957009893143104,True
1507,1507,756,0,sty+tfidf,2,0,0.0018994956234635158,True
1508,1508,756,1,sty+tfidf,2,1,0.9987136479582683,True
1509,1509,757,0,sty+tfidf,2,1,0.7195827493964492,False
1510,1510,757,1,sty+tfidf,2,1,0.9524646168769815,True
1511,1511,758,0,sty+tfidf,2,0,0.00043039478779649396,True
1512,1512,758,1,sty+tfidf,2,1,0.895554942443425,True
1513,1513,759,0,sty+tfidf,2,0,0.0062843453850575685,True
1514,1514,759,1,sty+tfidf,2,1,0.9504234401816735,True
1515,1515,760,0,sty+tfidf,2,0,0.0007257900243229684,True
1516,1516,760,1,sty+tfidf,2,1,0.9996692803701284,True
1517,1517,761,0,sty+tfidf,2,0,0.002271207376805385,True
1518,1518,761,1,sty+tfidf,2,1,0.9983682807562392,True
1519,1519,762,0,sty+tfidf,2,0,0.0029110823533729244,True
1520,1520,762,1,sty+tfidf,2,1,0.9976221407917246,True
1521,1521,763,0,sty+tfidf,2,0,0.0006844695317098995,True
1522,1522,763,1,sty+tfidf,2,0,0.28224539665827825,False
1523,1523,764,0,sty+tfidf,2,0,9.439961053795994e-05,True
1524,1524,764,1,sty+tfidf,2,1,0.9993667017751764,True
1525,1525,765,0,sty+tfidf,2,0,0.002012233606067422,True
1526,1526,765,1,sty+tfidf,2,1,0.9885438338928213,True
1527,1527,766,0,sty+tfidf,2,0,0.0006587336450032244,True
1528,1528,766,1,sty+tfidf,2,1,0.9998202175506264,True
1529,1529,767,0,sty+tfidf,2,0,0.027597683273853944,True
1530,1530,767,1,sty+tfidf,2,1,0.9932668271322415,True
1531,1531,768,0,sty+tfidf,2,0,0.0032716913741438073,True
1532,1532,768,1,sty+tfidf,2,1,0.9952116006022125,True
1533,1533,769,0,sty+tfidf,2,0,0.013542362928909382,True
1534,1534,769,1,sty+tfidf,2,1,0.9902140574067577,True
1535,1535,770,0,sty+tfidf,2,0,0.005526451401596587,True
1536,1536,770,1,sty+tfidf,2,1,0.9769450309874025,True
1537,1537,771,0,sty+tfidf,2,0,0.16532848785904092,True
1538,1538,771,1,sty+tfidf,2,1,0.9914442193387604,True
1539,1539,772,0,sty+tfidf,2,0,0.0075051011887911495,True
1540,1540,772,1,sty+tfidf,2,1,0.9993959878214049,True
1541,1541,773,0,sty+tfidf,2,0,0.0113678252191294,True
1542,1542,773,1,sty+tfidf,2,1,0.9887152875068225,True
1543,1543,774,0,sty+tfidf,2,0,0.027780808578267525,True
1544,1544,774,1,sty+tfidf,2,1,0.981230950900411,True
1545,1545,775,0,sty+tfidf,2,0,0.029623660559429315,True
1546,1546,775,1,sty+tfidf,2,1,0.9845031210200578,True
1547,1547,776,0,sty+tfidf,2,0,0.0025442925449023495,True
1548,1548,776,1,sty+tfidf,2,1,0.9993191718756337,True
1549,1549,777,0,sty+tfidf,2,0,0.008890506170102133,True
1550,1550,777,1,sty+tfidf,2,1,0.999358912095925,True
1551,1551,778,0,sty+tfidf,2,0,0.0004581613974685503,True
1552,1552,778,1,sty+tfidf,2,1,0.9915210303487753,True
1553,1553,779,0,sty+tfidf,2,0,0.0019342910936807859,True
1554,1554,779,1,sty+tfidf,2,1,0.994087737595172,True
1555,1555,780,0,sty+tfidf,2,0,0.0003581541823555878,True
1556,1556,780,1,sty+tfidf,2,1,0.995349349609247,True
1557,1557,781,0,sty+tfidf,2,0,0.0005361150829886176,True
1558,1558,781,1,sty+tfidf,2,1,0.9710013746422161,True
1559,1559,782,0,sty+tfidf,2,0,0.000172388902742841,True
1560,1560,782,1,sty+tfidf,2,1,0.9964126172651679,True
1561,1561,783,0,sty+tfidf,2,0,0.0019047998944138425,True
1562,1562,783,1,sty+tfidf,2,1,0.993650084470128,True
1563,1563,784,1,sty+tfidf,2,1,0.9976058980341277,True
1564,1564,785,0,sty+tfidf,2,0,0.16198409514348405,True
1565,1565,785,1,sty+tfidf,2,1,0.8338226781497556,True
1566,1566,786,0,sty+tfidf,2,0,0.0017715010476920478,True
1567,1567,786,1,sty+tfidf,2,1,0.9966099687122886,True
1568,1568,787,0,sty+tfidf,2,0,0.12415612534806957,True
1569,1569,787,1,sty+tfidf,2,1,0.9990542288243714,True
1570,1570,788,0,sty+tfidf,2,0,0.004916019161847951,True
1571,1571,788,1,sty+tfidf,2,1,0.9792095016568773,True
1572,1572,789,0,sty+tfidf,2,1,0.5878932460335272,False
1573,1573,789,1,sty+tfidf,2,1,0.9935320729787689,True
1574,1574,790,0,sty+tfidf,2,0,0.06594430807347933,True
1575,1575,790,1,sty+tfidf,2,1,0.9979855009810014,True
1576,1576,791,0,sty+tfidf,2,0,0.0374467738760308,True
1577,1577,791,1,sty+tfidf,2,1,0.9889289519121238,True
1578,1578,792,0,sty+tfidf,2,0,0.026803552112062416,True
1579,1579,792,1,sty+tfidf,2,1,0.9993356214740903,True
1580,1580,793,0,sty+tfidf,2,0,0.002684570108301974,True
1581,1581,793,1,sty+tfidf,2,1,0.9978578141983769,True
1582,1582,794,0,sty+tfidf,2,0,0.01472020104373476,True
1583,1583,794,1,sty+tfidf,2,1,0.9623165012346228,True
1584,1584,795,0,sty+tfidf,2,0,0.03455434711932069,True
1585,1585,795,1,sty+tfidf,2,0,0.07981519342487653,False
1586,1586,796,0,sty+tfidf,2,0,0.009880980709023742,True
1587,1587,796,1,sty+tfidf,2,1,0.9998736639760885,True
1588,1588,797,0,sty+tfidf,2,0,0.00259866260608431,True
1589,1589,797,1,sty+tfidf,2,0,0.3628578611751008,False
1590,1590,798,0,sty+tfidf,2,0,0.003624785449576739,True
1591,1591,798,1,sty+tfidf,2,1,0.9982718714208351,True
1592,1592,799,0,sty+tfidf,2,0,0.00642925198153034,True
1593,1593,799,1,sty+tfidf,2,1,0.9534976209345456,True
1594,1594,800,0,sty+tfidf,2,0,0.03062324964388582,True
1595,1595,800,1,sty+tfidf,2,1,0.9931743897807767,True
1596,1596,801,0,sty+tfidf,2,0,0.14029322650062465,True
1597,1597,801,1,sty+tfidf,2,1,0.9989539074618751,True
1598,1598,802,0,sty+tfidf,2,0,0.08880831083095396,True
1599,1599,802,1,sty+tfidf,2,1,0.9990022979606583,True
1600,1600,803,0,sty+tfidf,2,0,0.008220407908942537,True
1601,1601,803,1,sty+tfidf,2,1,0.9987678082739999,True
1602,1602,804,0,sty+tfidf,2,0,0.4922774188227697,True
1603,1603,804,1,sty+tfidf,2,1,0.9497303743562274,True
1604,1604,805,0,sty+tfidf,2,0,0.008890561523239283,True
1605,1605,805,1,sty+tfidf,2,1,0.9998141367294888,True
1606,1606,806,0,sty+tfidf,2,0,0.00029258786920392495,True
1607,1607,806,1,sty+tfidf,2,0,0.2896224590728807,False
1608,1608,807,0,sty+tfidf,2,1,0.8193650577484181,False
1609,1609,807,1,sty+tfidf,2,1,0.9720934291821064,True
1610,1610,808,0,sty+tfidf,2,0,0.00022414846899401335,True
1611,1611,808,1,sty+tfidf,2,1,0.9707234755345723,True
1612,1612,809,0,sty+tfidf,2,0,0.00024471898322903486,True
1613,1613,809,1,sty+tfidf,2,1,0.9937542549950875,True
1614,1614,810,0,sty+tfidf,2,0,0.001618668049344654,True
1615,1615,810,1,sty+tfidf,2,1,0.9903931353034953,True
1616,1616,811,0,sty+tfidf,2,0,0.0007464789616488819,True
1617,1617,811,1,sty+tfidf,2,1,0.9715517524917534,True
1618,1618,812,0,sty+tfidf,2,0,0.07500784656858496,True
1619,1619,812,1,sty+tfidf,2,1,0.7635659609883855,True
1620,1620,813,1,sty+tfidf,2,1,0.5466278332484322,True
1621,1621,814,0,sty+tfidf,2,1,0.5055861225711874,False
1622,1622,814,1,sty+tfidf,2,1,0.9970225410099193,True
1623,1623,815,0,sty+tfidf,2,1,0.6199160195533836,False
1624,1624,815,1,sty+tfidf,2,1,0.9993314434394841,True
1625,1625,816,0,sty+tfidf,2,0,0.0447659001816218,True
1626,1626,816,1,sty+tfidf,2,1,0.9974602216384691,True
1627,1627,817,0,sty+tfidf,2,0,0.0025181753826355804,True
1628,1628,817,1,sty+tfidf,2,1,0.9790411946348027,True
1629,1629,818,0,sty+tfidf,2,0,0.0006403760299973316,True
1630,1630,818,1,sty+tfidf,2,1,0.7389505058827007,True
1631,1631,819,0,sty+tfidf,2,0,0.0007386617969206787,True
1632,1632,819,1,sty+tfidf,2,1,0.9970675559687944,True
1633,1633,820,0,sty+tfidf,2,0,0.01105353722334828,True
1634,1634,820,1,sty+tfidf,2,1,0.9807809308952063,True
1635,1635,821,0,sty+tfidf,2,0,0.2682590203492071,True
1636,1636,821,1,sty+tfidf,2,1,0.9696149809663653,True
1637,1637,822,0,sty+tfidf,2,0,0.017615132590094472,True
1638,1638,822,1,sty+tfidf,2,1,0.9962312316368931,True
1639,1639,823,0,sty+tfidf,2,0,0.000931931973110137,True
1640,1640,823,1,sty+tfidf,2,1,0.9989138775122387,True
1641,1641,824,0,sty+tfidf,2,0,0.0001798632626521816,True
1642,1642,824,1,sty+tfidf,2,1,0.9808786864220205,True
1643,1643,825,0,sty+tfidf,2,0,0.0014624989780403189,True
1644,1644,825,1,sty+tfidf,2,1,0.952466322189734,True
1645,1645,826,0,sty+tfidf,2,0,0.0027356219159589204,True
1646,1646,826,1,sty+tfidf,2,1,0.9411080217902705,True
1647,1647,827,0,sty+tfidf,2,0,9.708515525883684e-05,True
1648,1648,827,1,sty+tfidf,2,1,0.9987505764962953,True
1649,1649,828,0,sty+tfidf,2,0,0.008984409349140993,True
1650,1650,828,1,sty+tfidf,2,1,0.9917827453843764,True
1651,1651,829,0,sty+tfidf,2,1,0.9379675374364159,False
1652,1652,829,1,sty+tfidf,2,1,0.9983871236015446,True
1653,1653,830,0,sty+tfidf,2,0,0.10799270493401238,True
1654,1654,830,1,sty+tfidf,2,1,0.9484048494910786,True
1655,1655,831,0,sty+tfidf,2,0,0.019326280690126693,True
1656,1656,831,1,sty+tfidf,2,1,0.9641588671220181,True
1657,1657,832,0,sty+tfidf,2,0,0.006712211697670012,True
1658,1658,832,1,sty+tfidf,2,1,0.9967419383872289,True
1659,1659,833,0,sty+tfidf,2,0,0.03890539849759158,True
1660,1660,833,1,sty+tfidf,2,1,0.9963653654440856,True
1661,1661,834,0,sty+tfidf,2,0,9.876425061973032e-05,True
1662,1662,834,1,sty+tfidf,2,1,0.9914749403817055,True
1663,1663,835,0,sty+tfidf,2,0,0.0010151678194656917,True
1664,1664,835,1,sty+tfidf,2,1,0.9874979624093083,True
1665,1665,836,0,sty+tfidf,2,0,0.00032838975496478324,True
1666,1666,836,1,sty+tfidf,2,1,0.8082160911608917,True
1667,1667,837,0,sty+tfidf,2,0,0.0011829093718596214,True
1668,1668,837,1,sty+tfidf,2,1,0.9956831325163443,True
1669,1669,838,0,sty+tfidf,2,0,0.005880344734175402,True
1670,1670,838,1,sty+tfidf,2,1,0.982349843730322,True
1671,1671,839,0,sty+tfidf,2,0,0.00013569274934047742,True
1672,1672,839,1,sty+tfidf,2,1,0.8373573813601927,True
1673,1673,840,0,sty+tfidf,2,0,0.012501769578050846,True
1674,1674,840,1,sty+tfidf,2,1,0.9965202814293793,True
1675,1675,841,0,sty+tfidf,2,0,0.00041107613368595425,True
1676,1676,841,1,sty+tfidf,2,1,0.9802100050035273,True
1677,1677,842,0,sty+tfidf,2,0,0.009417266461009825,True
1678,1678,842,1,sty+tfidf,2,1,0.9825125326323849,True
1679,1679,843,0,sty+tfidf,2,0,0.15487530717875816,True
1680,1680,843,1,sty+tfidf,2,1,0.5031629161750601,True
1681,1681,844,0,sty+tfidf,2,0,0.004736398652152549,True
1682,1682,844,1,sty+tfidf,2,1,0.8447174546923902,True
1683,1683,845,0,sty+tfidf,2,0,0.003328846299927308,True
1684,1684,845,1,sty+tfidf,2,1,0.9993802292312858,True
1685,1685,846,0,sty+tfidf,2,1,0.8144805402413074,False
1686,1686,846,1,sty+tfidf,2,1,0.997466295716924,True
1687,1687,847,0,sty+tfidf,2,0,0.005031164782282792,True
1688,1688,847,1,sty+tfidf,2,1,0.9861895042369014,True
1689,1689,848,0,sty+tfidf,2,0,0.0005842886076174612,True
1690,1690,848,1,sty+tfidf,2,1,0.9984703073697905,True
1691,1691,849,0,sty+tfidf,2,0,0.0011756032044330984,True
1692,1692,849,1,sty+tfidf,2,1,0.9995608949042332,True
1693,1693,850,0,sty+tfidf,2,0,0.0016313972786687913,True
1694,1694,850,1,sty+tfidf,2,1,0.9977860243427225,True
1695,1695,851,0,sty+tfidf,2,0,0.0770217675961292,True
1696,1696,851,1,sty+tfidf,2,1,0.9917915516308671,True
1697,1697,852,0,sty+tfidf,2,0,7.931076302992711e-05,True
1698,1698,852,1,sty+tfidf,2,1,0.9783114602284784,True
1699,1699,853,0,sty+tfidf,2,0,0.03628973123906251,True
1700,1700,853,1,sty+tfidf,2,1,0.9998225575478001,True
1701,1701,854,0,sty+tfidf,2,0,0.006447056227545879,True
1702,1702,854,1,sty+tfidf,2,1,0.9991473169574056,True
1703,1703,855,0,sty+tfidf,2,0,0.006496611662652305,True
1704,1704,855,1,sty+tfidf,2,1,0.991520060016844,True
1705,1705,856,0,sty+tfidf,2,0,0.0002576151950550089,True
1706,1706,856,1,sty+tfidf,2,1,0.9998764329892863,True
1707,1707,857,0,sty+tfidf,2,0,0.0006391988257569971,True
1708,1708,857,1,sty+tfidf,2,1,0.9656300111334487,True
1709,1709,858,0,sty+tfidf,2,1,0.6196302344274688,False
1710,1710,858,1,sty+tfidf,2,1,0.9988122347346438,True
1711,1711,859,0,sty+tfidf,2,0,0.00045659371898061196,True
1712,1712,859,1,sty+tfidf,2,1,0.9780191805160228,True
1713,1713,860,0,sty+tfidf,2,0,0.015956435635524003,True
1714,1714,860,1,sty+tfidf,2,1,0.9992401010791591,True
1715,1715,861,0,sty+tfidf,2,0,0.013014242060586198,True
1716,1716,861,1,sty+tfidf,2,1,0.9884703157089323,True
1717,1717,862,0,sty+tfidf,2,0,0.01790819466505018,True
1718,1718,862,1,sty+tfidf,2,1,0.6928708831569204,True
1719,1719,863,0,sty+tfidf,2,0,0.019535997145235476,True
1720,1720,863,1,sty+tfidf,2,1,0.9904280940986365,True
1721,1721,864,0,sty+tfidf,2,0,0.008537678225082161,True
1722,1722,864,1,sty+tfidf,2,1,0.9593001645614937,True
1723,1723,865,0,sty+tfidf,2,0,0.001666795006337091,True
1724,1724,865,1,sty+tfidf,2,1,0.9252853561998209,True
1725,1725,866,0,sty+tfidf,2,0,0.002378191994304265,True
1726,1726,866,1,sty+tfidf,2,1,0.9975699253858583,True
1727,1727,867,0,sty+tfidf,2,0,0.006529138119528081,True
1728,1728,867,1,sty+tfidf,2,1,0.9972124410384765,True
1729,1729,868,0,sty+tfidf,2,0,7.917890991711786e-05,True
1730,1730,868,1,sty+tfidf,2,1,0.9978781264638731,True
1731,1731,869,0,sty+tfidf,2,0,0.06543739097647235,True
1732,1732,869,1,sty+tfidf,2,1,0.9860333813528183,True
1733,1733,870,0,sty+tfidf,2,0,0.0018849822075890867,True
1734,1734,870,1,sty+tfidf,2,1,0.8484031274160018,True
1735,1735,871,0,sty+tfidf,2,0,0.005924959496180765,True
1736,1736,871,1,sty+tfidf,2,1,0.9944433902479939,True
1737,1737,872,0,sty+tfidf,2,0,0.2954824789873098,True
1738,1738,872,1,sty+tfidf,2,1,0.9996066736555687,True
1739,1739,873,0,sty+tfidf,2,0,0.04867341806290198,True
1740,1740,873,1,sty+tfidf,2,1,0.994655769348545,True
1741,1741,874,0,sty+tfidf,2,0,0.0011501285350507017,True
1742,1742,874,1,sty+tfidf,2,1,0.9228429054777187,True
1743,1743,875,0,sty+tfidf,2,0,8.360080654534117e-05,True
1744,1744,875,1,sty+tfidf,2,1,0.9972692559021255,True
1745,1745,876,0,sty+tfidf,2,0,0.03283190393123141,True
1746,1746,876,1,sty+tfidf,2,1,0.9976655564726524,True
1747,1747,877,0,sty+tfidf,2,0,0.004220226800723602,True
1748,1748,877,1,sty+tfidf,2,1,0.9975655498163561,True
1749,1749,878,0,sty+tfidf,2,0,0.024707674315565403,True
1750,1750,878,1,sty+tfidf,2,1,0.9980695649193636,True
1751,1751,879,0,sty+tfidf,2,0,0.08115533025826344,True
1752,1752,879,1,sty+tfidf,2,1,0.9784440947829446,True
1753,1753,880,0,sty+tfidf,2,0,0.0032715206841902405,True
1754,1754,880,1,sty+tfidf,2,1,0.9798270951046123,True
1755,1755,881,0,sty+tfidf,2,0,0.0012308612924881673,True
1756,1756,881,1,sty+tfidf,2,1,0.936351548587086,True
1757,1757,882,0,sty+tfidf,2,0,0.0003004592001575227,True
1758,1758,882,1,sty+tfidf,2,1,0.9654938827599763,True
1759,1759,883,0,sty+tfidf,2,0,0.022582180237223564,True
1760,1760,883,1,sty+tfidf,2,1,0.984594450608197,True
1761,1761,884,0,sty+tfidf,2,0,0.0008599484165892878,True
1762,1762,884,1,sty+tfidf,2,1,0.9948256626289745,True
1763,1763,885,0,sty+tfidf,2,0,0.0003705279939422905,True
1764,1764,885,1,sty+tfidf,2,1,0.9967333148423372,True
1765,1765,886,0,sty+tfidf,2,0,0.016024917865716762,True
1766,1766,886,1,sty+tfidf,2,1,0.9988744686166138,True
1767,1767,887,0,sty+tfidf,2,0,0.0005104140250445606,True
1768,1768,887,1,sty+tfidf,2,1,0.8051623992733787,True
1769,1769,888,0,sty+tfidf,2,0,0.009232917874704311,True
1770,1770,888,1,sty+tfidf,2,1,0.9998517719014569,True
1771,1771,889,0,sty+tfidf,2,0,0.017884513178947344,True
1772,1772,889,1,sty+tfidf,2,1,0.9988562328222182,True
1773,1773,890,0,sty+tfidf,2,0,0.020881621984557345,True
1774,1774,890,1,sty+tfidf,2,1,0.9937073683342936,True
1775,1775,891,0,sty+tfidf,2,0,0.31546274574504646,True
1776,1776,891,1,sty+tfidf,2,1,0.9473707704650827,True
1777,1777,892,0,sty+tfidf,2,0,0.0007300589346573551,True
1778,1778,892,1,sty+tfidf,2,1,0.9996845112065716,True
1779,1779,893,0,sty+tfidf,2,0,0.02120473558510592,True
1780,1780,893,1,sty+tfidf,2,1,0.9992645994997309,True
1781,1781,894,0,sty+tfidf,2,0,0.00042664920375644637,True
1782,1782,894,1,sty+tfidf,2,1,0.9885961523845701,True
1783,1783,895,0,sty+tfidf,2,0,0.000523241253466523,True
1784,1784,895,1,sty+tfidf,2,1,0.6445492253199603,True
1785,1785,896,0,sty+tfidf,2,0,0.07374631655188227,True
1786,1786,896,1,sty+tfidf,2,1,0.9890428646018464,True
1787,1787,897,0,sty+tfidf,2,0,0.0011134276432910389,True
1788,1788,897,1,sty+tfidf,2,1,0.9976348046309276,True
1789,1789,898,0,sty+tfidf,2,0,0.0036188955325643537,True
1790,1790,898,1,sty+tfidf,2,1,0.9994987059098853,True
1791,1791,899,0,sty+tfidf,2,0,0.008150244325890742,True
1792,1792,899,1,sty+tfidf,2,1,0.9978843625247453,True
1793,1793,900,0,sty+tfidf,2,0,0.004085142666201956,True
1794,1794,900,1,sty+tfidf,2,1,0.9876441322517824,True
1795,1795,901,0,sty+tfidf,2,0,0.003422113216901557,True
1796,1796,901,1,sty+tfidf,2,1,0.9988066009957379,True
1797,1797,902,0,sty+tfidf,2,0,0.001365534279087721,True
1798,1798,902,1,sty+tfidf,2,1,0.9701152588117313,True
1799,1799,903,0,sty+tfidf,2,0,0.00021632396745211566,True
1800,1800,903,1,sty+tfidf,2,1,0.9954398220428582,True
1801,1801,904,0,sty+tfidf,2,0,0.00554095911725344,True
1802,1802,904,1,sty+tfidf,2,1,0.9957741374691574,True
1803,1803,905,0,sty+tfidf,2,0,0.0008286515567911874,True
1804,1804,905,1,sty+tfidf,2,1,0.9990599890814571,True
1805,1805,906,0,sty+tfidf,2,0,0.0012721831400438427,True
1806,1806,906,1,sty+tfidf,2,1,0.9959477247618738,True
1807,1807,907,0,sty+tfidf,2,0,0.001448682346138655,True
1808,1808,907,1,sty+tfidf,2,1,0.9970844081825879,True
1809,1809,908,0,sty+tfidf,2,0,0.004584759154442284,True
1810,1810,908,1,sty+tfidf,2,0,0.14985487826015087,False
1811,1811,909,0,sty+tfidf,2,0,0.004509282790257823,True
1812,1812,909,1,sty+tfidf,2,1,0.9808228926174063,True
1813,1813,910,0,sty+tfidf,2,0,0.007108522323817029,True
1814,1814,910,1,sty+tfidf,2,1,0.5524615412387981,True
1815,1815,911,0,sty+tfidf,2,1,0.5582795861869111,False
1816,1816,911,1,sty+tfidf,2,1,0.9482702242239058,True
1817,1817,912,0,sty+tfidf,2,0,0.027446514695865065,True
1818,1818,912,1,sty+tfidf,2,1,0.9992742388300023,True
1819,1819,913,0,sty+tfidf,2,0,0.003017901212235288,True
1820,1820,913,1,sty+tfidf,2,1,0.9990217811484201,True
1821,1821,914,0,sty+tfidf,2,0,0.014341399945740917,True
1822,1822,914,1,sty+tfidf,2,1,0.9989255896570042,True
1823,1823,915,0,sty+tfidf,2,0,0.0039456526705324005,True
1824,1824,915,1,sty+tfidf,2,1,0.6738712741998397,True
1825,1825,916,0,sty+tfidf,2,0,0.21058040100936862,True
1826,1826,916,1,sty+tfidf,2,1,0.99377219223986,True
1827,1827,917,0,sty+tfidf,2,0,0.0008069784536871453,True
1828,1828,917,1,sty+tfidf,2,1,0.9990894218421301,True
1829,1829,918,0,sty+tfidf,2,0,0.0018256302124704342,True
1830,1830,918,1,sty+tfidf,2,1,0.9983870957165797,True
1831,1831,919,0,sty+tfidf,2,0,0.1304162365994154,True
1832,1832,919,1,sty+tfidf,2,1,0.9983906367302604,True
1833,1833,920,0,sty+tfidf,2,0,0.0009171850199868928,True
1834,1834,920,1,sty+tfidf,2,1,0.9994049900089254,True
1835,1835,921,0,sty+tfidf,2,0,0.06033043616809438,True
1836,1836,921,1,sty+tfidf,2,1,0.998866309049874,True
1837,1837,922,0,sty+tfidf,2,0,0.0158347570952294,True
1838,1838,922,1,sty+tfidf,2,1,0.9992623672724126,True
1839,1839,923,0,sty+tfidf,2,0,0.4239562381467054,True
1840,1840,923,1,sty+tfidf,2,1,0.9991566831703858,True
1841,1841,924,0,sty+tfidf,2,0,0.0006114849441788644,True
1842,1842,924,1,sty+tfidf,2,0,0.400008233878284,False
1843,1843,925,0,sty+tfidf,2,0,0.001458139936334073,True
1844,1844,925,1,sty+tfidf,2,1,0.9956429093666934,True
1845,1845,926,0,sty+tfidf,2,0,0.005311986887774351,True
1846,1846,926,1,sty+tfidf,2,1,0.9870033243889489,True
1847,1847,927,0,sty+tfidf,2,0,0.008126028008457955,True
1848,1848,927,1,sty+tfidf,2,1,0.9997364057671022,True
1849,1849,928,0,sty+tfidf,2,0,0.00864505961868143,True
1850,1850,928,1,sty+tfidf,2,1,0.9992325502125279,True
1851,1851,929,0,sty+tfidf,2,0,0.011583449054809802,True
1852,1852,929,1,sty+tfidf,2,1,0.9994513930529746,True
1853,1853,930,0,sty+tfidf,2,0,0.055174742947012675,True
1854,1854,930,1,sty+tfidf,2,1,0.9974009717049133,True
1855,1855,931,0,sty+tfidf,2,1,0.9595190257015258,False
1856,1856,931,1,sty+tfidf,2,1,0.9755376872126916,True
1857,1857,932,0,sty+tfidf,2,0,0.05313416210280537,True
1858,1858,932,1,sty+tfidf,2,1,0.9786110179265768,True
1859,1859,933,0,sty+tfidf,2,0,0.0004434153868263426,True
1860,1860,933,1,sty+tfidf,2,1,0.9995258010441515,True
1861,1861,934,0,sty+tfidf,2,0,0.05018875661655079,True
1862,1862,934,1,sty+tfidf,2,0,0.4472110296015549,False
1863,1863,935,0,sty+tfidf,2,0,0.07963530633824674,True
1864,1864,935,1,sty+tfidf,2,1,0.9960104781343713,True
1865,1865,936,0,sty+tfidf,2,0,0.060848643014544644,True
1866,1866,936,1,sty+tfidf,2,1,0.9684082517323329,True
1867,1867,937,0,sty+tfidf,2,0,0.005201380954755702,True
1868,1868,937,1,sty+tfidf,2,1,0.9562936327126416,True
1869,1869,938,0,sty+tfidf,2,0,0.013758910778042276,True
1870,1870,938,1,sty+tfidf,2,1,0.9766988775606846,True
1871,1871,939,0,sty+tfidf,2,0,0.05012732655168245,True
1872,1872,939,1,sty+tfidf,2,1,0.9920310132663008,True
1873,1873,940,0,sty+tfidf,2,0,0.00409245365792856,True
1874,1874,940,1,sty+tfidf,2,1,0.9301592712184703,True
1875,1875,941,0,sty+tfidf,2,0,0.004225094443730054,True
1876,1876,941,1,sty+tfidf,2,1,0.9776157516160635,True
1877,1877,942,0,sty+tfidf,2,0,0.001053921952141509,True
1878,1878,942,1,sty+tfidf,2,1,0.9995037035842135,True
1879,1879,943,0,sty+tfidf,2,0,0.002472856458191728,True
1880,1880,943,1,sty+tfidf,2,1,0.9991980147605937,True
1881,1881,944,0,sty+tfidf,2,0,0.0017807751710731481,True
1882,1882,944,1,sty+tfidf,2,1,0.998298485380524,True
1883,1883,945,0,sty+tfidf,2,0,0.00744060588357898,True
1884,1884,945,1,sty+tfidf,2,1,0.9802603016810051,True
1885,1885,946,0,sty+tfidf,2,0,0.00017251535985112013,True
1886,1886,946,1,sty+tfidf,2,1,0.9878717629249254,True
1887,1887,947,0,sty+tfidf,2,0,0.1569035783332866,True
1888,1888,947,1,sty+tfidf,2,1,0.998635586555424,True
1889,1889,948,0,sty+tfidf,2,0,0.007222565145634126,True
1890,1890,948,1,sty+tfidf,2,1,0.9992237170766035,True
1891,1891,949,0,sty+tfidf,2,0,0.04400720712719982,True
1892,1892,949,1,sty+tfidf,2,1,0.9968215874921409,True
1893,1893,950,0,sty+tfidf,2,0,0.37916416328290337,True
1894,1894,950,1,sty+tfidf,2,1,0.935125105050287,True
1895,1895,951,0,sty+tfidf,2,0,0.00897463147411869,True
1896,1896,951,1,sty+tfidf,2,1,0.9968708727117558,True
1897,1897,952,0,sty+tfidf,2,0,0.0024131733460715293,True
1898,1898,952,1,sty+tfidf,2,1,0.9011401975292318,True
1899,1899,953,0,sty+tfidf,2,0,0.005336835184533201,True
1900,1900,953,1,sty+tfidf,2,1,0.9982993772090184,True
1901,1901,954,0,sty+tfidf,2,0,0.014154825989142496,True
1902,1902,954,1,sty+tfidf,2,1,0.9930784620364669,True
1903,1903,955,0,sty+tfidf,2,0,0.030507922757605915,True
1904,1904,955,1,sty+tfidf,2,1,0.9916795898093739,True
1905,1905,956,0,sty+tfidf,2,0,0.0011987163084075225,True
1906,1906,956,1,sty+tfidf,2,1,0.9983787490718763,True
1907,1907,957,0,sty+tfidf,2,0,0.13170075899821573,True
1908,1908,957,1,sty+tfidf,2,1,0.9981065218094822,True
1909,1909,958,0,sty+tfidf,2,0,0.018951295857464266,True
1910,1910,958,1,sty+tfidf,2,1,0.9962262192203121,True
1911,1911,959,0,sty+tfidf,2,0,0.00025089686392481083,True
1912,1912,959,1,sty+tfidf,2,1,0.9768298486381897,True
1913,1913,960,0,sty+tfidf,2,0,0.0015427060099966609,True
1914,1914,960,1,sty+tfidf,2,1,0.996377215103234,True
1915,1915,961,0,sty+tfidf,2,0,0.00024010820665695422,True
1916,1916,961,1,sty+tfidf,2,1,0.9797485299794404,True
1917,1917,962,0,sty+tfidf,2,0,0.04363665946904793,True
1918,1918,962,1,sty+tfidf,2,1,0.9980704789205201,True
1919,1919,963,0,sty+tfidf,2,0,0.0025887585714878623,True
1920,1920,963,1,sty+tfidf,2,1,0.9990456026440895,True
1921,1921,964,0,sty+tfidf,2,1,0.7726026331351115,False
1922,1922,964,1,sty+tfidf,2,1,0.9995808662603777,True
1923,1923,965,0,sty+tfidf,2,0,0.0007364405410067752,True
1924,1924,965,1,sty+tfidf,2,1,0.9971260940768871,True
1925,1925,966,0,sty+tfidf,2,0,0.0033245939367891257,True
1926,1926,966,1,sty+tfidf,2,1,0.8447827867948072,True
1927,1927,967,0,sty+tfidf,2,0,0.10791636512421268,True
1928,1928,967,1,sty+tfidf,2,1,0.9931108280456492,True
1929,1929,968,0,sty+tfidf,2,0,0.0010483353428793537,True
1930,1930,968,1,sty+tfidf,2,1,0.9983671168097595,True
1931,1931,969,0,sty+tfidf,2,0,0.01474797272262383,True
1932,1932,969,1,sty+tfidf,2,1,0.9237952759014693,True
1933,1933,970,0,sty+tfidf,2,0,0.0166665356933256,True
1934,1934,970,1,sty+tfidf,2,1,0.9996337202977585,True
1935,1935,971,1,sty+tfidf,2,1,0.9959496555673977,True
1936,1936,972,0,sty+tfidf,2,0,0.005938760067431455,True
1937,1937,972,1,sty+tfidf,2,1,0.9873765393831786,True
1938,1938,973,0,sty+tfidf,2,0,0.001465645241460254,True
1939,1939,973,1,sty+tfidf,2,1,0.9779467014539311,True
1940,1940,974,0,sty+tfidf,2,0,0.0008574596847596259,True
1941,1941,974,1,sty+tfidf,2,1,0.9988344505858167,True
1942,1942,975,0,sty+tfidf,2,0,0.0004489585322407701,True
1943,1943,975,1,sty+tfidf,2,1,0.9915046090219498,True
1944,1944,976,0,sty+tfidf,2,0,0.0001122161229996352,True
1945,1945,976,1,sty+tfidf,2,1,0.9869970683025666,True
1946,1946,977,0,sty+tfidf,2,0,0.0039911712209411455,True
1947,1947,977,1,sty+tfidf,2,1,0.8939830182032013,True
1948,1948,978,0,sty+tfidf,2,0,7.217546035726897e-05,True
1949,1949,978,1,sty+tfidf,2,1,0.9355978772243823,True
1950,1950,979,0,sty+tfidf,2,0,0.00011387545445213917,True
1951,1951,979,1,sty+tfidf,2,1,0.9950683865668628,True
1952,1952,980,0,sty+tfidf,2,0,0.003395958365116905,True
1953,1953,980,1,sty+tfidf,2,0,0.45651695178660107,False
1954,1954,981,0,sty+tfidf,2,0,0.015140639928196021,True
1955,1955,981,1,sty+tfidf,2,1,0.9963384286563635,True
1956,1956,982,0,sty+tfidf,2,0,0.013086641467594414,True
1957,1957,982,1,sty+tfidf,2,1,0.9629032476825473,True
1958,1958,983,0,sty+tfidf,2,0,0.006363926622293488,True
1959,1959,983,1,sty+tfidf,2,1,0.9985066727913801,True
1960,1960,984,0,sty+tfidf,2,0,0.0004690920467192814,True
1961,1961,984,1,sty+tfidf,2,1,0.9965190334739333,True
1962,1962,985,0,sty+tfidf,2,0,0.006170674835491303,True
1963,1963,985,1,sty+tfidf,2,1,0.9979884311368202,True
1964,1964,986,0,sty+tfidf,2,0,0.0058003320261719804,True
1965,1965,986,1,sty+tfidf,2,1,0.9897584040984141,True
1966,1966,987,0,sty+tfidf,2,0,0.007515004715076098,True
1967,1967,987,1,sty+tfidf,2,1,0.9954454843269596,True
1968,1968,988,0,sty+tfidf,2,0,0.0001243946593020868,True
1969,1969,988,1,sty+tfidf,2,1,0.9837101684688225,True
1970,1970,989,0,sty+tfidf,2,0,7.760417557874211e-05,True
1971,1971,989,1,sty+tfidf,2,1,0.9947325303776867,True
1972,1972,990,0,sty+tfidf,2,0,0.13517541518151413,True
1973,1973,990,1,sty+tfidf,2,1,0.9969541303160138,True
1974,1974,991,0,sty+tfidf,2,0,0.012598577689037278,True
1975,1975,991,1,sty+tfidf,2,1,0.9823784570538654,True
1976,1976,992,0,sty+tfidf,2,0,0.017499650476766233,True
1977,1977,992,1,sty+tfidf,2,0,0.2448510138942741,False
1978,1978,993,0,sty+tfidf,2,0,0.00010419114600942588,True
1979,1979,993,1,sty+tfidf,2,1,0.9992801291127494,True
1980,1980,994,0,sty+tfidf,2,0,0.06264760916515058,True
1981,1981,994,1,sty+tfidf,2,1,0.9373287174332559,True
1982,1982,995,0,sty+tfidf,2,0,0.001098555748894969,True
1983,1983,995,1,sty+tfidf,2,1,0.6543270636145382,True
1984,1984,996,0,sty+tfidf,2,0,0.0030088499687061596,True
1985,1985,996,1,sty+tfidf,2,1,0.9022932053927102,True
1986,1986,997,0,sty+tfidf,2,0,0.002901433661223652,True
1987,1987,997,1,sty+tfidf,2,1,0.9993726627983035,True
1988,1988,998,0,sty+tfidf,2,0,0.011186338680232517,True
1989,1989,998,1,sty+tfidf,2,1,0.9965179472068335,True
1990,1990,999,0,sty+tfidf,2,0,0.00791856901256159,True
1991,1991,999,1,sty+tfidf,2,1,0.9941804345336496,True
1992,1992,1000,0,sty+tfidf,2,0,0.018739891962345604,True
1993,1993,1000,1,sty+tfidf,2,1,0.983528086197763,True
1994,1994,1001,0,sty+tfidf,2,0,0.384630559117741,True
1995,1995,1001,1,sty+tfidf,2,1,0.9874107651276108,True
1996,1996,1002,0,sty+tfidf,2,0,0.0004387753699878251,True
1997,1997,1002,1,sty+tfidf,2,1,0.993739895194372,True
1998,1998,1003,0,sty+tfidf,2,0,0.05618428153499889,True
1999,1999,1003,1,sty+tfidf,2,1,0.9996345437599226,True
2000,2000,1004,0,sty+tfidf,2,0,0.005188992340199104,True
2001,2001,1004,1,sty+tfidf,2,1,0.9887496027195402,True
2002,2002,1005,0,sty+tfidf,2,0,0.0031379733464355773,True
2003,2003,1005,1,sty+tfidf,2,1,0.9986771942345152,True
2004,2004,1006,0,sty+tfidf,2,1,0.5609160546223128,False
2005,2005,1006,1,sty+tfidf,2,1,0.9927276858083711,True
2006,2006,1007,0,sty+tfidf,2,0,0.004232830346378878,True
2007,2007,1007,1,sty+tfidf,2,0,0.1453665137105369,False
2008,2008,1008,0,sty+tfidf,2,0,0.005786815251003844,True
2009,2009,1008,1,sty+tfidf,2,1,0.9964955317449607,True
2010,2010,1009,0,sty+tfidf,2,1,0.5177878033795897,False
2011,2011,1009,1,sty+tfidf,2,1,0.9530622920487939,True
2012,2012,1010,0,sty+tfidf,2,1,0.829266796493572,False
2013,2013,1010,1,sty+tfidf,2,1,0.9217824563609205,True
2014,2014,1011,0,sty+tfidf,2,0,0.0010768578557731666,True
2015,2015,1011,1,sty+tfidf,2,1,0.9992191101832539,True
2016,2016,1012,0,sty+tfidf,2,0,0.0014611042277249406,True
2017,2017,1012,1,sty+tfidf,2,1,0.585041757335896,True
2018,2018,1013,0,sty+tfidf,2,0,0.016525297681193173,True
2019,2019,1013,1,sty+tfidf,2,1,0.9908396650022232,True
2020,2020,1014,0,sty+tfidf,2,0,0.00015934800574330513,True
2021,2021,1014,1,sty+tfidf,2,1,0.9997215044879824,True
2022,2022,1015,0,sty+tfidf,2,0,0.011819312162735691,True
2023,2023,1015,1,sty+tfidf,2,1,0.7843088927454431,True
2024,2024,1016,0,sty+tfidf,2,0,7.421423926294257e-05,True
2025,2025,1016,1,sty+tfidf,2,1,0.999254047097744,True
2026,2026,1017,0,sty+tfidf,2,0,0.0026798430779519885,True
2027,2027,1017,1,sty+tfidf,2,1,0.911936668793844,True
2028,2028,1018,0,sty+tfidf,2,0,0.0011215109690318739,True
2029,2029,1018,1,sty+tfidf,2,1,0.8976104143380417,True
2030,2030,1019,0,sty+tfidf,2,0,0.0002393392390768528,True
2031,2031,1019,1,sty+tfidf,2,1,0.8668404269291322,True
2032,2032,1020,0,sty+tfidf,2,0,0.025395042723209395,True
2033,2033,1020,1,sty+tfidf,2,1,0.9897143890024668,True
2034,2034,1021,0,sty+tfidf,2,0,0.00019299494719673336,True
2035,2035,1021,1,sty+tfidf,2,1,0.9863052939620737,True
2036,2036,1022,0,sty+tfidf,2,0,0.00044381072928748597,True
2037,2037,1022,1,sty+tfidf,2,1,0.9983467809540942,True
2038,2038,1023,0,sty+tfidf,2,0,0.004844078267616728,True
2039,2039,1023,1,sty+tfidf,2,1,0.6799143763755442,True
2040,2040,1024,0,sty+tfidf,2,0,0.002988328296441633,True
2041,2041,1024,1,sty+tfidf,2,1,0.9983447309035639,True
2042,2042,1025,0,sty+tfidf,2,0,0.017574636476938927,True
2043,2043,1025,1,sty+tfidf,2,0,0.25724874092999517,False
2044,2044,1026,0,sty+tfidf,2,0,0.00424057772922562,True
2045,2045,1026,1,sty+tfidf,2,1,0.9934663909862131,True
2046,2046,1027,0,sty+tfidf,2,0,0.006424539095904662,True
2047,2047,1027,1,sty+tfidf,2,1,0.9965950447503253,True
2048,2048,1028,0,sty+tfidf,2,0,0.22871820584614425,True
2049,2049,1028,1,sty+tfidf,2,1,0.9976450946154212,True
2050,2050,1029,0,sty+tfidf,2,0,0.0013687057134870863,True
2051,2051,1029,1,sty+tfidf,2,1,0.9912376512109031,True
2052,2052,1030,0,sty+tfidf,2,0,0.0021895999119869126,True
2053,2053,1030,1,sty+tfidf,2,1,0.9983984892018574,True
2054,2054,1031,0,sty+tfidf,2,0,0.01798751472303338,True
2055,2055,1031,1,sty+tfidf,2,1,0.8610070472311085,True
2056,2056,1032,0,sty+tfidf,2,0,0.0006338804958067691,True
2057,2057,1032,1,sty+tfidf,2,1,0.9996681706055522,True
2058,2058,1033,0,sty+tfidf,2,0,0.15317056061830744,True
2059,2059,1033,1,sty+tfidf,2,1,0.9990443942302036,True
2060,2060,1034,0,sty+tfidf,2,0,0.0059303885125378585,True
2061,2061,1034,1,sty+tfidf,2,1,0.7863568248271308,True
2062,2062,1035,0,sty+tfidf,2,0,0.0001642479606544739,True
2063,2063,1035,1,sty+tfidf,2,1,0.983438959524725,True
2064,2064,1036,0,sty+tfidf,2,0,0.036854932724056697,True
2065,2065,1036,1,sty+tfidf,2,1,0.946691731067436,True
2066,2066,1037,0,sty+tfidf,2,0,0.002395186717733085,True
2067,2067,1037,1,sty+tfidf,2,1,0.9534928664186206,True
2068,2068,1038,0,sty+tfidf,2,0,0.014418047853895114,True
2069,2069,1038,1,sty+tfidf,2,1,0.9663379246226697,True
2070,2070,1039,0,sty+tfidf,2,0,0.01554381384459099,True
2071,2071,1039,1,sty+tfidf,2,1,0.9161192393079073,True
2072,2072,1040,0,sty+tfidf,2,0,0.0008167212036001714,True
2073,2073,1040,1,sty+tfidf,2,1,0.9974931703890186,True
2074,2074,1041,0,sty+tfidf,2,0,0.0008230287971756003,True
2075,2075,1041,1,sty+tfidf,2,1,0.9984117751200196,True
2076,2076,1042,0,sty+tfidf,2,1,0.7158879719867068,False
2077,2077,1042,1,sty+tfidf,2,1,0.9968312027069082,True
2078,2078,1043,0,sty+tfidf,2,0,0.03079368654838962,True
2079,2079,1043,1,sty+tfidf,2,1,0.986420615743937,True
2080,2080,1044,0,sty+tfidf,2,0,0.04680629518425991,True
2081,2081,1044,1,sty+tfidf,2,1,0.9927029876124607,True
2082,2082,1045,0,sty+tfidf,2,0,0.02129233672019419,True
2083,2083,1045,1,sty+tfidf,2,1,0.9731568178375342,True
2084,2084,1046,0,sty+tfidf,2,0,0.0006959021807762886,True
2085,2085,1046,1,sty+tfidf,2,1,0.9890124206912458,True
2086,2086,1047,0,sty+tfidf,2,0,0.0041982728231983076,True
2087,2087,1047,1,sty+tfidf,2,1,0.9964110461611384,True
2088,2088,1048,0,sty+tfidf,2,0,0.3244005786575731,True
2089,2089,1048,1,sty+tfidf,2,1,0.9958947159563681,True
2090,2090,1049,0,sty+tfidf,2,0,0.0011537219243000548,True
2091,2091,1049,1,sty+tfidf,2,1,0.9996975281362109,True
2092,2092,1050,0,sty+tfidf,2,0,0.014505751621827073,True
2093,2093,1050,1,sty+tfidf,2,1,0.94959191788154,True
2094,2094,1051,0,sty+tfidf,2,1,0.5570219233110889,False
2095,2095,1051,1,sty+tfidf,2,1,0.9991138008512276,True
2096,2096,1052,0,sty+tfidf,2,0,0.0175973760602005,True
2097,2097,1052,1,sty+tfidf,2,1,0.6176409798864073,True
2098,2098,1053,0,sty+tfidf,2,0,0.001905093012833681,True
2099,2099,1053,1,sty+tfidf,2,1,0.9555462513065481,True
2100,2100,1054,0,sty+tfidf,2,0,0.0005974005757025071,True
2101,2101,1054,1,sty+tfidf,2,1,0.989453574900797,True
2102,2102,1055,0,sty+tfidf,2,0,0.14203621452612156,True
2103,2103,1055,1,sty+tfidf,2,1,0.5129581499089283,True
2104,2104,1056,0,sty+tfidf,2,0,0.001399443400324869,True
2105,2105,1056,1,sty+tfidf,2,1,0.9955214068921543,True
2106,2106,1057,0,sty+tfidf,2,0,0.00010130539609334213,True
2107,2107,1057,1,sty+tfidf,2,1,0.9716940281175583,True
2108,2108,1058,0,sty+tfidf,2,1,0.5491641873094179,False
2109,2109,1058,1,sty+tfidf,2,1,0.9994145409001899,True
2110,2110,1059,0,sty+tfidf,2,0,0.006081847092530054,True
2111,2111,1059,1,sty+tfidf,2,1,0.9723072603864917,True
2112,2112,1060,0,sty+tfidf,2,0,0.0016214777923083041,True
2113,2113,1060,1,sty+tfidf,2,1,0.9928114647875446,True
2114,2114,1061,0,sty+tfidf,2,0,0.0006008477105537571,True
2115,2115,1061,1,sty+tfidf,2,1,0.9987035286654343,True
2116,2116,1062,0,sty+tfidf,2,0,0.0010904926953787953,True
2117,2117,1062,1,sty+tfidf,2,1,0.9981700096810382,True
2118,2118,1063,0,sty+tfidf,2,0,0.0046901868483459844,True
2119,2119,1063,1,sty+tfidf,2,1,0.8388405224921766,True
2120,2120,1064,0,sty+tfidf,2,0,9.992917459195847e-05,True
2121,2121,1064,1,sty+tfidf,2,1,0.99911420247788,True
2122,2122,1065,0,sty+tfidf,2,0,0.000249339270149872,True
2123,2123,1065,1,sty+tfidf,2,1,0.9713805147293259,True
2124,2124,1066,0,sty+tfidf,2,0,7.660227648950776e-05,True
2125,2125,1066,1,sty+tfidf,2,1,0.9836618670261597,True
2126,2126,1067,0,sty+tfidf,2,0,5.603229275818535e-05,True
2127,2127,1067,1,sty+tfidf,2,1,0.9972959647183696,True
2128,2128,1068,0,sty+tfidf,2,0,0.0005068173651090927,True
2129,2129,1068,1,sty+tfidf,2,1,0.9975177180400568,True
2130,2130,1069,0,sty+tfidf,2,0,7.296797485588105e-05,True
2131,2131,1069,1,sty+tfidf,2,0,0.19753771224002448,False
2132,2132,1070,0,sty+tfidf,2,0,0.021935294140509126,True
2133,2133,1070,1,sty+tfidf,2,1,0.9607897884108961,True
2134,2134,1071,0,sty+tfidf,2,0,0.006865990196837869,True
2135,2135,1071,1,sty+tfidf,2,1,0.9990251525351884,True
2136,2136,1072,0,sty+tfidf,2,0,0.017293497040937477,True
2137,2137,1072,1,sty+tfidf,2,1,0.9988409262986415,True
2138,2138,1073,0,sty+tfidf,2,0,0.0003701206901630778,True
2139,2139,1073,1,sty+tfidf,2,1,0.9962017729224018,True
2140,2140,1074,0,sty+tfidf,2,0,0.022681951672624583,True
2141,2141,1074,1,sty+tfidf,2,1,0.9929556681693472,True
2142,2142,1075,0,sty+tfidf,2,0,0.022552392143311274,True
2143,2143,1075,1,sty+tfidf,2,1,0.9981229054439724,True
2144,2144,1076,0,sty+tfidf,2,0,0.17309915614447705,True
2145,2145,1076,1,sty+tfidf,2,1,0.977014230269069,True
2146,2146,1077,0,sty+tfidf,2,0,0.0015545437753345741,True
2147,2147,1077,1,sty+tfidf,2,1,0.9972649852161312,True
2148,2148,1078,0,sty+tfidf,2,0,0.07572054430114403,True
2149,2149,1078,1,sty+tfidf,2,1,0.9987365597574263,True
2150,2150,1079,0,sty+tfidf,2,0,0.008596534277877054,True
2151,2151,1079,1,sty+tfidf,2,1,0.9984489503637562,True
2152,2152,1080,0,sty+tfidf,2,0,0.030213892243088788,True
2153,2153,1080,1,sty+tfidf,2,1,0.9916811834216864,True
2154,2154,1081,0,sty+tfidf,2,0,0.021997644021697908,True
2155,2155,1081,1,sty+tfidf,2,1,0.9815451322983249,True
2156,2156,1082,0,sty+tfidf,2,0,0.00019344229618799567,True
2157,2157,1082,1,sty+tfidf,2,1,0.9975272546371061,True
2158,2158,1083,0,sty+tfidf,2,0,0.09382055662895225,True
2159,2159,1083,1,sty+tfidf,2,1,0.6918099456065113,True
2160,2160,1084,0,sty+tfidf,2,0,0.0009317060158462606,True
2161,2161,1084,1,sty+tfidf,2,1,0.9996641150931221,True
2162,2162,1085,0,sty+tfidf,2,0,0.021143452458169624,True
2163,2163,1085,1,sty+tfidf,2,1,0.9992737610827863,True
2164,2164,1086,0,sty+tfidf,2,0,0.0010204589391939719,True
2165,2165,1086,1,sty+tfidf,2,1,0.9829636462817423,True
2166,2166,1087,0,sty+tfidf,2,0,0.001136394449608576,True
2167,2167,1087,1,sty+tfidf,2,1,0.9991694351815082,True
2168,2168,1088,0,sty+tfidf,2,0,0.02584931302647272,True
2169,2169,1088,1,sty+tfidf,2,1,0.9642417221438094,True
2170,2170,1089,0,sty+tfidf,2,0,0.00019337568249698674,True
2171,2171,1089,1,sty+tfidf,2,1,0.9935885357074167,True
2172,2172,1090,0,sty+tfidf,2,0,0.037102172046189534,True
2173,2173,1090,1,sty+tfidf,2,1,0.9844568556152332,True
2174,2174,1091,0,sty+tfidf,2,0,0.004695841762879599,True
2175,2175,1091,1,sty+tfidf,2,0,0.24020546410260132,False
2176,2176,1092,0,sty+tfidf,2,0,0.0374925579385533,True
2177,2177,1092,1,sty+tfidf,2,1,0.9691638521007508,True
2178,2178,1093,0,sty+tfidf,2,0,0.034212166103289726,True
2179,2179,1093,1,sty+tfidf,2,1,0.9981600128097917,True
2180,2180,1094,0,sty+tfidf,2,0,0.05078014945043992,True
2181,2181,1094,1,sty+tfidf,2,1,0.9994043198882985,True
2182,2182,1095,0,sty+tfidf,2,0,0.0016635299838230378,True
2183,2183,1095,1,sty+tfidf,2,1,0.9989834320952252,True
2184,2184,1096,0,sty+tfidf,2,0,0.106317641689908,True
2185,2185,1096,1,sty+tfidf,2,1,0.9975058027091493,True
2186,2186,1097,0,sty+tfidf,2,0,0.005195785283495543,True
2187,2187,1097,1,sty+tfidf,2,1,0.9970377439038555,True
2188,2188,1098,0,sty+tfidf,2,0,0.006653973331946726,True
2189,2189,1098,1,sty+tfidf,2,1,0.9964658982869479,True
2190,2190,1099,0,sty+tfidf,2,0,0.0034015208914774165,True
2191,2191,1099,1,sty+tfidf,2,1,0.997931176576822,True
2192,2192,1100,0,sty+tfidf,2,0,0.004935322459211925,True
2193,2193,1100,1,sty+tfidf,2,1,0.8411382020345267,True
2194,2194,1101,0,sty+tfidf,2,0,0.003024808054621001,True
2195,2195,1101,1,sty+tfidf,2,1,0.9868572891381243,True
2196,2196,1102,0,sty+tfidf,2,0,0.001991459767993094,True
2197,2197,1102,1,sty+tfidf,2,1,0.8668000508592667,True
2198,2198,1103,0,sty+tfidf,2,0,0.004724963638421876,True
2199,2199,1103,1,sty+tfidf,2,1,0.7771431242898013,True
2200,2200,1104,0,sty+tfidf,2,0,0.004488512990839781,True
2201,2201,1104,1,sty+tfidf,2,1,0.9916925592606584,True
2202,2202,1105,0,sty+tfidf,2,0,0.06835872151790559,True
2203,2203,1105,1,sty+tfidf,2,1,0.9978399664001942,True
2204,2204,1106,0,sty+tfidf,2,0,0.00026737645047773963,True
2205,2205,1106,1,sty+tfidf,2,1,0.9976775615269838,True
2206,2206,1107,0,sty+tfidf,2,0,0.015107338907209398,True
2207,2207,1107,1,sty+tfidf,2,1,0.9955238364143892,True
2208,2208,1108,0,sty+tfidf,2,0,0.2619930411307394,True
2209,2209,1108,1,sty+tfidf,2,1,0.997094195888854,True
2210,2210,1109,0,sty+tfidf,2,0,0.02424689745861905,True
2211,2211,1109,1,sty+tfidf,2,1,0.9964030537417786,True
2212,2212,1110,0,sty+tfidf,2,0,0.0030332572631363445,True
2213,2213,1110,1,sty+tfidf,2,1,0.9946059772427192,True
2214,2214,1111,0,sty+tfidf,2,0,0.0001718381043162132,True
2215,2215,1111,1,sty+tfidf,2,1,0.8844347053675479,True
2216,2216,1112,0,sty+tfidf,2,0,6.537705001272464e-05,True
2217,2217,1112,1,sty+tfidf,2,1,0.9313474595750993,True
2218,2218,1113,0,sty+tfidf,2,0,0.10301118302224416,True
2219,2219,1113,1,sty+tfidf,2,1,0.9987729231523618,True
2220,2220,1114,0,sty+tfidf,2,0,0.15249680238855245,True
2221,2221,1114,1,sty+tfidf,2,1,0.985443521086469,True
2222,2222,1115,0,sty+tfidf,2,0,0.0002714576410198603,True
2223,2223,1115,1,sty+tfidf,2,1,0.9991091001414398,True
2224,2224,1116,0,sty+tfidf,2,0,0.006234275656204246,True
2225,2225,1116,1,sty+tfidf,2,1,0.9957852358877503,True
2226,2226,1117,0,sty+tfidf,2,0,0.047941550562502315,True
2227,2227,1117,1,sty+tfidf,2,1,0.9952024560937496,True
2228,2228,1118,0,sty+tfidf,2,0,0.002666309042689935,True
2229,2229,1118,1,sty+tfidf,2,1,0.9976336984548415,True
2230,2230,1119,0,sty+tfidf,2,0,0.0010705494833683972,True
2231,2231,1119,1,sty+tfidf,2,1,0.9981008301219281,True
2232,2232,1120,0,sty+tfidf,2,0,0.010866281617861809,True
2233,2233,1120,1,sty+tfidf,2,1,0.9466074290328328,True
2234,2234,1121,0,sty+tfidf,2,0,0.02185087163502088,True
2235,2235,1121,1,sty+tfidf,2,1,0.984726378497506,True
2236,2236,1122,0,sty+tfidf,2,0,7.531170339471559e-05,True
2237,2237,1122,1,sty+tfidf,2,1,0.9844431254032479,True
2238,2238,1123,0,sty+tfidf,2,0,0.00455076141410278,True
2239,2239,1123,1,sty+tfidf,2,1,0.9936977239850443,True
2240,2240,1124,0,sty+tfidf,2,0,0.0014298340174122544,True
2241,2241,1124,1,sty+tfidf,2,1,0.999279049663368,True
2242,2242,1125,0,sty+tfidf,2,0,0.02068297125322581,True
2243,2243,1125,1,sty+tfidf,2,1,0.9994546252638756,True
2244,2244,1126,0,sty+tfidf,2,0,0.028800208423293224,True
2245,2245,1126,1,sty+tfidf,2,1,0.854444403429997,True
2246,2246,1127,0,sty+tfidf,2,0,0.0010781158614665439,True
2247,2247,1127,1,sty+tfidf,2,1,0.9971409163305484,True
2248,2248,1128,0,sty+tfidf,2,0,0.009719588087379452,True
2249,2249,1128,1,sty+tfidf,2,1,0.9991283016939418,True
2250,2250,1129,0,sty+tfidf,2,0,0.010708233549276311,True
2251,2251,1129,1,sty+tfidf,2,1,0.8975749306489917,True
2252,2252,1130,0,sty+tfidf,2,0,0.28299867539336865,True
2253,2253,1130,1,sty+tfidf,2,1,0.9988267582447372,True
2254,2254,1131,0,sty+tfidf,2,0,0.010486946476285647,True
2255,2255,1131,1,sty+tfidf,2,1,0.9919912491936334,True
2256,2256,1132,0,sty+tfidf,2,0,0.3428350791820044,True
2257,2257,1132,1,sty+tfidf,2,1,0.9154155767448375,True
2258,2258,1133,0,sty+tfidf,2,0,0.14858762861017374,True
2259,2259,1133,1,sty+tfidf,2,1,0.9978222583366083,True
2260,2260,1134,0,sty+tfidf,2,0,0.004880291946780981,True
2261,2261,1134,1,sty+tfidf,2,1,0.9993799186609995,True
2262,2262,1135,0,sty+tfidf,2,0,0.00017449742634942418,True
2263,2263,1135,1,sty+tfidf,2,1,0.999267636969824,True
2264,2264,1136,0,sty+tfidf,2,0,0.0015965873985083515,True
2265,2265,1136,1,sty+tfidf,2,1,0.9857668957443747,True
2266,2266,1137,0,sty+tfidf,2,0,0.0034310009814038757,True
2267,2267,1137,1,sty+tfidf,2,1,0.9989009096934903,True
2268,2268,1138,0,sty+tfidf,2,0,0.00040582427851122623,True
2269,2269,1138,1,sty+tfidf,2,1,0.9710322798570499,True
2270,2270,1139,0,sty+tfidf,2,0,0.0526498094363622,True
2271,2271,1139,1,sty+tfidf,2,1,0.9701103943121846,True
2272,2272,1140,0,sty+tfidf,2,0,0.3901216798311714,True
2273,2273,1140,1,sty+tfidf,2,1,0.9866705308118856,True
2274,2274,1141,0,sty+tfidf,2,0,0.0004330945633937491,True
2275,2275,1141,1,sty+tfidf,2,1,0.9966512433661959,True
2276,2276,1142,0,sty+tfidf,2,0,0.07186342696272392,True
2277,2277,1142,1,sty+tfidf,2,1,0.9955733621405466,True
2278,2278,1143,0,sty+tfidf,2,0,0.0006481310937848533,True
2279,2279,1143,1,sty+tfidf,2,1,0.9579134690375135,True
2280,2280,1144,0,sty+tfidf,2,0,0.0474899642820257,True
2281,2281,1144,1,sty+tfidf,2,1,0.9979730398966751,True
2282,2282,1145,0,sty+tfidf,2,0,0.33262946872433813,True
2283,2283,1145,1,sty+tfidf,2,1,0.9982128911405496,True
2284,2284,1146,0,sty+tfidf,2,0,0.07667511907303351,True
2285,2285,1146,1,sty+tfidf,2,1,0.997647548017223,True
2286,2286,1147,0,sty+tfidf,2,0,0.4131092629656542,True
2287,2287,1147,1,sty+tfidf,2,1,0.9980529565745729,True
2288,2288,1148,0,sty+tfidf,2,0,0.013662095041263185,True
2289,2289,1148,1,sty+tfidf,2,1,0.9973592786859695,True
2290,2290,1149,0,sty+tfidf,2,0,0.0033869658665408187,True
2291,2291,1149,1,sty+tfidf,2,1,0.985011434761327,True
2292,2292,1150,0,sty+tfidf,2,0,0.38452182739396845,True
2293,2293,1150,1,sty+tfidf,2,1,0.9969050315369208,True
2294,2294,1151,0,sty+tfidf,2,0,0.004561941430973159,True
2295,2295,1151,1,sty+tfidf,2,1,0.9988502634946839,True
2296,2296,1152,0,sty+tfidf,2,0,0.060212191713802855,True
2297,2297,1152,1,sty+tfidf,2,1,0.9960747504825765,True
2298,2298,1153,0,sty+tfidf,2,0,0.034192815022887305,True
2299,2299,1153,1,sty+tfidf,2,1,0.999499096302084,True
2300,2300,1154,0,sty+tfidf,2,1,0.9798143853238312,False
2301,2301,1154,1,sty+tfidf,2,1,0.9969092427203542,True
2302,2302,1155,0,sty+tfidf,2,0,0.0009938667220905147,True
2303,2303,1155,1,sty+tfidf,2,1,0.9917958211034026,True
2304,2304,1156,0,sty+tfidf,2,0,0.0002582569701988793,True
2305,2305,1156,1,sty+tfidf,2,1,0.9980017375408307,True
2306,2306,1157,0,sty+tfidf,2,0,0.00015739760397737203,True
2307,2307,1157,1,sty+tfidf,2,1,0.8377742678535177,True
2308,2308,1158,0,sty+tfidf,2,0,0.00029739220829568805,True
2309,2309,1158,1,sty+tfidf,2,1,0.9569608699960356,True
2310,2310,1159,0,sty+tfidf,2,0,0.0013473184414212695,True
2311,2311,1159,1,sty+tfidf,2,1,0.999584489646647,True
2312,2312,1160,0,sty+tfidf,2,0,0.03679004019280592,True
2313,2313,1160,1,sty+tfidf,2,1,0.8383553365493497,True
2314,2314,1161,0,sty+tfidf,2,0,0.0060350661417399535,True
2315,2315,1161,1,sty+tfidf,2,1,0.9970670027094233,True
2316,2316,1162,0,sty+tfidf,2,1,0.919058811145542,False
2317,2317,1162,1,sty+tfidf,2,1,0.999188960941982,True
2318,2318,1163,0,sty+tfidf,2,0,0.06288237744786733,True
2319,2319,1163,1,sty+tfidf,2,1,0.959633420701074,True
2320,2320,1164,0,sty+tfidf,2,0,0.03484677097316952,True
2321,2321,1164,1,sty+tfidf,2,1,0.9985123523646673,True
2322,2322,1165,0,sty+tfidf,2,0,0.0007168841629955218,True
2323,2323,1165,1,sty+tfidf,2,1,0.9916821882962349,True
2324,2324,1166,0,sty+tfidf,2,0,0.0031376583829418707,True
2325,2325,1166,1,sty+tfidf,2,1,0.9987459009028402,True
2326,2326,1167,0,sty+tfidf,2,1,0.5333277419954421,False
2327,2327,1167,1,sty+tfidf,2,1,0.9845702851546667,True
2328,2328,1168,0,sty+tfidf,2,0,0.010948703339022462,True
2329,2329,1168,1,sty+tfidf,2,1,0.9996268910990098,True
2330,2330,1169,0,sty+tfidf,2,0,0.004797936498194276,True
2331,2331,1169,1,sty+tfidf,2,1,0.8815218260078022,True
2332,2332,1170,0,sty+tfidf,2,0,0.013958084439795623,True
2333,2333,1170,1,sty+tfidf,2,1,0.9979176867242403,True
2334,2334,1171,0,sty+tfidf,2,0,0.015008011543064486,True
2335,2335,1171,1,sty+tfidf,2,1,0.9940003391556755,True
2336,2336,1172,0,sty+tfidf,2,0,0.0024894336490529434,True
2337,2337,1172,1,sty+tfidf,2,1,0.9978182789514707,True
2338,2338,1173,0,sty+tfidf,2,0,0.05154256833100285,True
2339,2339,1173,1,sty+tfidf,2,1,0.98791977036225,True
2340,2340,1174,0,sty+tfidf,2,0,0.0003247713558281166,True
2341,2341,1174,1,sty+tfidf,2,1,0.9968165667925118,True
2342,2342,1175,0,sty+tfidf,2,0,0.0006400704463254302,True
2343,2343,1175,1,sty+tfidf,2,1,0.9996401139794427,True
2344,2344,1176,0,sty+tfidf,2,0,0.27957816446714795,True
2345,2345,1176,1,sty+tfidf,2,1,0.6632542418798245,True
2346,2346,1177,0,sty+tfidf,2,0,0.00668835379679798,True
2347,2347,1177,1,sty+tfidf,2,1,0.9984040968062572,True
2348,2348,1178,0,sty+tfidf,2,0,0.0018055022369429256,True
2349,2349,1178,1,sty+tfidf,2,1,0.9927223534170171,True
2350,2350,1179,0,sty+tfidf,2,0,0.1052961718454669,True
2351,2351,1179,1,sty+tfidf,2,1,0.9705724100524846,True
2352,2352,1180,0,sty+tfidf,2,0,0.0019040300226327203,True
2353,2353,1180,1,sty+tfidf,2,1,0.9933736581873028,True
2354,2354,1181,1,sty+tfidf,2,1,0.9990776674288184,True
2355,2355,1182,0,sty+tfidf,2,0,0.00019850713206531485,True
2356,2356,1182,1,sty+tfidf,2,1,0.9987985808678395,True
2357,2357,1183,0,sty+tfidf,2,0,0.001782695869242328,True
2358,2358,1183,1,sty+tfidf,2,1,0.9960162959059224,True
2359,2359,1184,0,sty+tfidf,2,0,0.11636712739233299,True
2360,2360,1184,1,sty+tfidf,2,1,0.9979151455087392,True
2361,2361,1185,0,sty+tfidf,2,0,0.0005763517590191827,True
2362,2362,1185,1,sty+tfidf,2,1,0.6355049927579651,True
2363,2363,1186,0,sty+tfidf,2,0,0.0006955911420507152,True
2364,2364,1186,1,sty+tfidf,2,1,0.9597740156493192,True
2365,2365,1187,0,sty+tfidf,2,0,0.0075415618779373006,True
2366,2366,1187,1,sty+tfidf,2,1,0.9989136871959501,True
2367,2367,1188,0,sty+tfidf,2,0,0.10964419747368931,True
2368,2368,1188,1,sty+tfidf,2,1,0.998359029667684,True
2369,2369,1189,0,sty+tfidf,2,0,0.0013481260072214472,True
2370,2370,1189,1,sty+tfidf,2,1,0.9979321100503276,True
2371,2371,1190,0,sty+tfidf,2,0,0.04427396446958109,True
2372,2372,1190,1,sty+tfidf,2,1,0.9895738335575394,True
2373,2373,1191,0,sty+tfidf,2,0,0.00017097038532747807,True
2374,2374,1191,1,sty+tfidf,2,1,0.9985860919505635,True
2375,2375,1192,0,sty+tfidf,2,0,0.0006550932883682475,True
2376,2376,1192,1,sty+tfidf,2,1,0.9962804480909699,True
2377,2377,1193,0,sty+tfidf,2,0,0.14222324922381602,True
2378,2378,1193,1,sty+tfidf,2,1,0.996796122900288,True
2379,2379,1194,0,sty+tfidf,2,0,0.005875833208853236,True
2380,2380,1194,1,sty+tfidf,2,1,0.9984643978478713,True
2381,2381,1195,0,sty+tfidf,2,0,0.0013643969617782598,True
2382,2382,1195,1,sty+tfidf,2,1,0.8905703976230245,True
2383,2383,1196,0,sty+tfidf,2,0,0.009498374324286605,True
2384,2384,1196,1,sty+tfidf,2,1,0.989898814702761,True
2385,2385,1197,0,sty+tfidf,2,0,0.002598458269505219,True
2386,2386,1197,1,sty+tfidf,2,1,0.9708149950048137,True
2387,2387,1198,0,sty+tfidf,2,0,0.03643214922311323,True
2388,2388,1198,1,sty+tfidf,2,1,0.9930702211689083,True
2389,2389,1199,0,sty+tfidf,2,0,0.009886080861410693,True
2390,2390,1199,1,sty+tfidf,2,1,0.9985235162688395,True
2391,2391,1200,0,sty+tfidf,2,0,0.0030673210803425603,True
2392,2392,1200,1,sty+tfidf,2,1,0.9993398780865532,True
2393,2393,1201,0,sty+tfidf,2,0,0.004212176153516931,True
2394,2394,1201,1,sty+tfidf,2,1,0.9975013848807425,True
2395,2395,1202,0,sty+tfidf,2,0,0.005141963830143411,True
2396,2396,1202,1,sty+tfidf,2,1,0.9376196850494348,True
2397,2397,1203,0,sty+tfidf,2,0,0.003356689682521164,True
2398,2398,1203,1,sty+tfidf,2,1,0.996294473398913,True
2399,2399,1204,0,sty+tfidf,2,0,0.3572867385177619,True
2400,2400,1204,1,sty+tfidf,2,1,0.9497986873774089,True
2401,2401,1205,0,sty+tfidf,2,0,0.20063792079883785,True
2402,2402,1205,1,sty+tfidf,2,1,0.9998139540922644,True
2403,2403,1206,0,sty+tfidf,2,0,0.007443383613878272,True
2404,2404,1206,1,sty+tfidf,2,1,0.9831383494040825,True
2405,2405,1207,0,sty+tfidf,2,1,0.8682132407278235,False
2406,2406,1207,1,sty+tfidf,2,1,0.9879231644481038,True
2407,2407,1208,0,sty+tfidf,2,0,0.2917180438463429,True
2408,2408,1208,1,sty+tfidf,2,1,0.9959072120385195,True
2409,2409,1209,0,sty+tfidf,2,0,0.006730955063770748,True
2410,2410,1209,1,sty+tfidf,2,1,0.9930793140401696,True
2411,2411,1210,0,sty+tfidf,2,0,0.006985756531511769,True
2412,2412,1210,1,sty+tfidf,2,1,0.999050073217985,True
2413,2413,1211,0,sty+tfidf,2,0,0.007830613283889332,True
2414,2414,1211,1,sty+tfidf,2,1,0.9692515071984258,True
2415,2415,1212,0,sty+tfidf,2,0,0.00040227735887635467,True
2416,2416,1212,1,sty+tfidf,2,1,0.9934842013217634,True
2417,2417,1213,0,sty+tfidf,2,0,0.03081168481364552,True
2418,2418,1213,1,sty+tfidf,2,1,0.9874569518355828,True
2419,2419,1214,0,sty+tfidf,2,0,0.034312861021839135,True
2420,2420,1214,1,sty+tfidf,2,1,0.897361333910402,True
2421,2421,1215,0,sty+tfidf,2,0,0.0011055336599906389,True
2422,2422,1215,1,sty+tfidf,2,1,0.9979978538078987,True
2423,2423,1216,0,sty+tfidf,2,0,0.0003556156828142178,True
2424,2424,1216,1,sty+tfidf,2,1,0.9995937561860797,True
2425,2425,1217,0,sty+tfidf,2,0,0.0007432697625125884,True
2426,2426,1217,1,sty+tfidf,2,0,0.1178140993966187,False
2427,2427,1218,0,sty+tfidf,2,1,0.8527964137379658,False
2428,2428,1218,1,sty+tfidf,2,1,0.9964969287563442,True
2429,2429,1219,0,sty+tfidf,2,1,0.6606595915687358,False
2430,2430,1219,1,sty+tfidf,2,1,0.9648993183426003,True
2431,2431,1220,0,sty+tfidf,2,0,0.12092706706974778,True
2432,2432,1220,1,sty+tfidf,2,1,0.9526998979331064,True
2433,2433,1221,0,sty+tfidf,2,0,0.021271726403479334,True
2434,2434,1221,1,sty+tfidf,2,1,0.997670229901587,True
2435,2435,1222,0,sty+tfidf,2,0,0.002740718917286821,True
2436,2436,1222,1,sty+tfidf,2,1,0.9591432127732227,True
2437,2437,1223,0,sty+tfidf,2,0,0.002478080737148556,True
2438,2438,1223,1,sty+tfidf,2,1,0.9765487876463996,True
2439,2439,1224,0,sty+tfidf,2,0,0.014851667780375903,True
2440,2440,1224,1,sty+tfidf,2,1,0.9990557190405331,True
2441,2441,1225,0,sty+tfidf,2,0,0.021000068472382685,True
2442,2442,1225,1,sty+tfidf,2,1,0.9993428314311671,True
2443,2443,1226,0,sty+tfidf,2,0,0.0002183758627351453,True
2444,2444,1226,1,sty+tfidf,2,1,0.9962597699880716,True
2445,2445,1227,0,sty+tfidf,2,0,0.01884833543108515,True
2446,2446,1227,1,sty+tfidf,2,1,0.9995887894872669,True
2447,2447,1228,0,sty+tfidf,2,0,0.005261424754662022,True
2448,2448,1228,1,sty+tfidf,2,1,0.998861075028247,True
2449,2449,1229,0,sty+tfidf,2,0,0.0002187592109088264,True
2450,2450,1229,1,sty+tfidf,2,1,0.9863463942408642,True
2451,2451,1230,0,sty+tfidf,2,0,0.03954074987712259,True
2452,2452,1230,1,sty+tfidf,2,1,0.9855357443808287,True
2453,2453,1231,0,sty+tfidf,2,0,0.12944681662538315,True
2454,2454,1231,1,sty+tfidf,2,1,0.9896950468685992,True
2455,2455,1232,0,sty+tfidf,2,0,0.21105287251605767,True
2456,2456,1232,1,sty+tfidf,2,1,0.9991631400477672,True
2457,2457,1233,0,sty+tfidf,2,0,0.0001892774421330657,True
2458,2458,1233,1,sty+tfidf,2,1,0.9946254032235299,True
2459,2459,1234,0,sty+tfidf,2,0,0.0013235712773298066,True
2460,2460,1234,1,sty+tfidf,2,1,0.9786910611904137,True
2461,2461,1235,0,sty+tfidf,2,0,0.00015311583850111614,True
2462,2462,1235,1,sty+tfidf,2,0,0.022441796564988476,False
2463,2463,1236,0,sty+tfidf,2,0,0.00019757163915050044,True
2464,2464,1236,1,sty+tfidf,2,1,0.9998196217231379,True
2465,2465,1237,0,sty+tfidf,2,0,0.011677493629835806,True
2466,2466,1237,1,sty+tfidf,2,1,0.9973110195830656,True
2467,2467,1238,0,sty+tfidf,2,0,0.010075978010724938,True
2468,2468,1238,1,sty+tfidf,2,1,0.7840825765804394,True
2469,2469,1239,0,sty+tfidf,2,0,0.002621076070369,True
2470,2470,1239,1,sty+tfidf,2,1,0.9876811025074184,True
2471,2471,1240,0,sty+tfidf,2,0,0.0006168303348140827,True
2472,2472,1240,1,sty+tfidf,2,1,0.9935516270832846,True
2473,2473,1241,0,sty+tfidf,2,0,0.06385909725653802,True
2474,2474,1241,1,sty+tfidf,2,1,0.9947534140014652,True
2475,2475,1242,0,sty+tfidf,2,0,0.018483360919802405,True
2476,2476,1242,1,sty+tfidf,2,1,0.9954977923004966,True
2477,2477,1243,0,sty+tfidf,2,0,0.00025585684113125606,True
2478,2478,1243,1,sty+tfidf,2,1,0.9988890392552472,True
2479,2479,1244,0,sty+tfidf,2,0,0.001559458257289261,True
2480,2480,1244,1,sty+tfidf,2,1,0.8840437945965275,True
2481,2481,1245,0,sty+tfidf,2,0,0.025035890428267673,True
2482,2482,1245,1,sty+tfidf,2,1,0.9916341417192932,True
2483,2483,1246,0,sty+tfidf,2,0,0.0062084114510035865,True
2484,2484,1246,1,sty+tfidf,2,1,0.9867912871857515,True
2485,2485,1247,0,sty+tfidf,2,0,0.003326852965749648,True
2486,2486,1247,1,sty+tfidf,2,0,0.02856069184401142,False
2487,2487,1248,0,sty+tfidf,2,0,0.00016237417888654857,True
2488,2488,1248,1,sty+tfidf,2,1,0.9979109191325418,True
2489,2489,1249,0,sty+tfidf,2,0,0.022803767088429967,True
2490,2490,1249,1,sty+tfidf,2,1,0.998632121329264,True
2491,2491,1250,0,sty+tfidf,2,0,0.008507554497553397,True
2492,2492,1250,1,sty+tfidf,2,1,0.9942090634198361,True
2493,2493,1251,0,sty+tfidf,2,0,0.00711499080004074,True
2494,2494,1251,1,sty+tfidf,2,1,0.9975338824249751,True
2495,2495,1252,0,sty+tfidf,2,1,0.5583153413357607,False
2496,2496,1252,1,sty+tfidf,2,1,0.9815573760195611,True
2497,2497,1253,0,sty+tfidf,2,0,0.008491343431758433,True
2498,2498,1253,1,sty+tfidf,2,1,0.9983453181822913,True
2499,2499,1254,0,sty+tfidf,2,0,0.3802747273604436,True
2500,2500,1254,1,sty+tfidf,2,1,0.9983187393431842,True
2501,2501,1255,0,sty+tfidf,2,0,0.011487639130065213,True
2502,2502,1255,1,sty+tfidf,2,1,0.9986740627907501,True
2503,2503,1256,0,sty+tfidf,2,0,8.477369508201864e-05,True
2504,2504,1256,1,sty+tfidf,2,1,0.9963549293928496,True
2505,2505,1257,0,sty+tfidf,2,0,0.027280966052212093,True
2506,2506,1257,1,sty+tfidf,2,1,0.9776219086621057,True
2507,2507,1258,0,sty+tfidf,2,0,0.010555653936365178,True
2508,2508,1258,1,sty+tfidf,2,1,0.9945204058263879,True
2509,2509,1259,0,sty+tfidf,2,0,0.0031118104412852427,True
2510,2510,1259,1,sty+tfidf,2,1,0.9137997373583283,True
2511,2511,1260,0,sty+tfidf,2,0,0.0009993130704009617,True
2512,2512,1260,1,sty+tfidf,2,1,0.9440132346304443,True
2513,2513,1261,0,sty+tfidf,2,0,0.04450892157215307,True
2514,2514,1261,1,sty+tfidf,2,1,0.999234502789175,True
2515,2515,1262,0,sty+tfidf,2,0,0.3399981866256978,True
2516,2516,1262,1,sty+tfidf,2,1,0.8514416908883268,True
2517,2517,1263,0,sty+tfidf,2,0,0.008716792293919516,True
2518,2518,1263,1,sty+tfidf,2,1,0.8786984623413506,True
2519,2519,1264,0,sty+tfidf,2,0,0.006641602011641342,True
2520,2520,1264,1,sty+tfidf,2,1,0.9896082658234339,True
2521,2521,1265,0,sty+tfidf,2,0,0.0012900581971757243,True
2522,2522,1265,1,sty+tfidf,2,1,0.9992661857258572,True
2523,2523,1266,0,sty+tfidf,2,0,0.001108904373702429,True
2524,2524,1266,1,sty+tfidf,2,1,0.8969212994345648,True
2525,2525,1267,0,sty+tfidf,2,0,0.034098008114984,True
2526,2526,1267,1,sty+tfidf,2,1,0.9931101598532186,True
2527,2527,1268,1,sty+tfidf,2,1,0.8787448435141231,True
2528,2528,1269,0,sty+tfidf,2,0,0.0003092908686152445,True
2529,2529,1269,1,sty+tfidf,2,1,0.8430884538230725,True
2530,2530,1270,0,sty+tfidf,2,0,0.0012051272886522443,True
2531,2531,1270,1,sty+tfidf,2,1,0.9912745916754672,True
2532,2532,1271,0,sty+tfidf,2,0,0.00929887198723091,True
2533,2533,1271,1,sty+tfidf,2,0,0.05043070174538816,False
2534,2534,1272,0,sty+tfidf,2,0,0.05753621716265263,True
2535,2535,1272,1,sty+tfidf,2,1,0.9995744417884699,True
2536,2536,1273,0,sty+tfidf,2,0,0.009028405007707864,True
2537,2537,1273,1,sty+tfidf,2,1,0.9856371972136829,True
2538,2538,1274,0,sty+tfidf,2,0,0.0015657925023222757,True
2539,2539,1274,1,sty+tfidf,2,1,0.9740140514982086,True
2540,2540,1275,0,sty+tfidf,2,0,0.034033388446247155,True
2541,2541,1275,1,sty+tfidf,2,1,0.8468495537974579,True
2542,2542,1276,0,sty+tfidf,2,0,0.004110692051407236,True
2543,2543,1276,1,sty+tfidf,2,1,0.9931690513696687,True
2544,2544,1277,0,sty+tfidf,2,0,0.1186527890040218,True
2545,2545,1277,1,sty+tfidf,2,1,0.805952795699299,True
2546,2546,1278,0,sty+tfidf,2,0,0.00308180012525568,True
2547,2547,1278,1,sty+tfidf,2,1,0.9509746665768622,True
2548,2548,1279,0,sty+tfidf,2,0,0.005024798689603749,True
2549,2549,1279,1,sty+tfidf,2,1,0.9981588949335581,True
2550,2550,1280,0,sty+tfidf,2,0,0.0009373558208451483,True
2551,2551,1280,1,sty+tfidf,2,1,0.9991440690466945,True
2552,2552,1281,0,sty+tfidf,2,0,0.010563721733661758,True
2553,2553,1281,1,sty+tfidf,2,1,0.999882194303568,True
2554,2554,1282,0,sty+tfidf,2,0,0.03906782669734818,True
2555,2555,1282,1,sty+tfidf,2,1,0.9885243535485337,True
2556,2556,1283,0,sty+tfidf,2,1,0.7771882368325361,False
2557,2557,1283,1,sty+tfidf,2,1,0.9986402644171183,True
2558,2558,1284,0,sty+tfidf,2,0,0.013774865440866441,True
2559,2559,1284,1,sty+tfidf,2,1,0.9975691772442346,True
2560,2560,1285,0,sty+tfidf,2,0,0.029506101006435893,True
2561,2561,1285,1,sty+tfidf,2,1,0.9972136283526877,True
2562,2562,1286,0,sty+tfidf,2,0,0.0006872664362226564,True
2563,2563,1286,1,sty+tfidf,2,1,0.9980894074933079,True
2564,2564,1287,0,sty+tfidf,2,0,0.00712761946233417,True
2565,2565,1287,1,sty+tfidf,2,1,0.6464654857311058,True
2566,2566,1288,0,sty+tfidf,2,0,0.008918469384867704,True
2567,2567,1288,1,sty+tfidf,2,1,0.9885674095909823,True
2568,2568,1289,0,sty+tfidf,2,0,0.003041036001347589,True
2569,2569,1289,1,sty+tfidf,2,1,0.9453284484679689,True
2570,2570,1290,0,sty+tfidf,2,0,0.0013530781048790245,True
2571,2571,1290,1,sty+tfidf,2,1,0.999506543765325,True
2572,2572,1291,0,sty+tfidf,2,0,0.009967026498669663,True
2573,2573,1291,1,sty+tfidf,2,1,0.992827467849903,True
2574,2574,1292,0,sty+tfidf,2,0,0.00015908864034734166,True
2575,2575,1292,1,sty+tfidf,2,1,0.999284296280422,True
2576,2576,1293,0,sty+tfidf,2,0,0.043003169598265854,True
2577,2577,1293,1,sty+tfidf,2,1,0.9793645179012282,True
2578,2578,1294,0,sty+tfidf,2,0,0.02869659802753465,True
2579,2579,1294,1,sty+tfidf,2,0,0.34297113725638295,False
2580,2580,1295,0,sty+tfidf,2,0,0.0036148029287863576,True
2581,2581,1295,1,sty+tfidf,2,1,0.9988769366666915,True
2582,2582,1296,0,sty+tfidf,2,0,0.013262518807620721,True
2583,2583,1296,1,sty+tfidf,2,1,0.994655344928548,True
2584,2584,1297,0,sty+tfidf,2,0,0.06666616520652653,True
2585,2585,1297,1,sty+tfidf,2,1,0.9906431749954847,True
2586,2586,1298,0,sty+tfidf,2,0,0.0017228477686882142,True
2587,2587,1298,1,sty+tfidf,2,1,0.8363237961152209,True
2588,2588,1299,0,sty+tfidf,2,0,0.0011224757125315977,True
2589,2589,1299,1,sty+tfidf,2,1,0.9990413942967338,True
2590,2590,1300,0,sty+tfidf,2,0,0.006430298602310427,True
2591,2591,1300,1,sty+tfidf,2,1,0.9987508026687721,True
2592,2592,1301,0,sty+tfidf,2,0,0.0030185172779376855,True
2593,2593,1301,1,sty+tfidf,2,1,0.9968252599129862,True
2594,2594,1302,0,sty+tfidf,2,0,0.045195762421551766,True
2595,2595,1302,1,sty+tfidf,2,1,0.994013482480817,True
2596,2596,1303,0,sty+tfidf,2,0,0.017862081813752945,True
2597,2597,1303,1,sty+tfidf,2,1,0.9993409237772555,True
2598,2598,1304,0,sty+tfidf,2,0,0.0004898511757397886,True
2599,2599,1304,1,sty+tfidf,2,1,0.9980924104113821,True
2600,2600,1305,0,sty+tfidf,2,0,0.026223417210951127,True
2601,2601,1305,1,sty+tfidf,2,1,0.9984086006214897,True
2602,2602,1306,0,sty+tfidf,2,0,0.0014329097961591996,True
2603,2603,1306,1,sty+tfidf,2,1,0.9476653256960781,True
2604,2604,1307,0,sty+tfidf,2,0,0.10706156670803506,True
2605,2605,1307,1,sty+tfidf,2,1,0.9975053821571491,True
2606,2606,1308,0,sty+tfidf,2,0,0.0047342433126481105,True
2607,2607,1308,1,sty+tfidf,2,1,0.9992844345895875,True
2608,2608,1309,0,sty+tfidf,2,0,0.003220554318344878,True
2609,2609,1309,1,sty+tfidf,2,1,0.9909429542897534,True
2610,2610,1310,0,sty+tfidf,2,0,0.0003555522789454062,True
2611,2611,1310,1,sty+tfidf,2,1,0.9955672205122772,True
2612,2612,1311,0,sty+tfidf,2,0,0.005330798618082426,True
2613,2613,1311,1,sty+tfidf,2,1,0.997635529560163,True
2614,2614,1312,0,sty+tfidf,2,0,0.06212002610375665,True
2615,2615,1312,1,sty+tfidf,2,1,0.9727434238498607,True
2616,2616,1313,0,sty+tfidf,2,0,0.00021824375008644163,True
2617,2617,1313,1,sty+tfidf,2,1,0.9964021696002945,True
2618,2618,1314,0,sty+tfidf,2,0,0.21215690941357354,True
2619,2619,1314,1,sty+tfidf,2,1,0.9952064432014577,True
2620,2620,1315,0,sty+tfidf,2,0,0.0007920153162014636,True
2621,2621,1315,1,sty+tfidf,2,1,0.9991207573894413,True
2622,2622,1316,0,sty+tfidf,2,0,0.0014303262324606987,True
2623,2623,1316,1,sty+tfidf,2,1,0.9974233069389857,True
2624,2624,1317,0,sty+tfidf,2,0,0.019300926808891134,True
2625,2625,1317,1,sty+tfidf,2,1,0.9992710619298186,True
2626,2626,1318,0,sty+tfidf,2,1,0.9964451450817259,False
2627,2627,1318,1,sty+tfidf,2,1,0.997648485537825,True
2628,2628,1319,0,sty+tfidf,2,0,0.00030125393838283224,True
2629,2629,1319,1,sty+tfidf,2,1,0.9974968290529888,True
2630,2630,1320,0,sty+tfidf,2,0,0.10951903429412553,True
2631,2631,1320,1,sty+tfidf,2,1,0.9988491722812439,True
2632,2632,1321,0,sty+tfidf,2,0,0.002310530667915088,True
2633,2633,1321,1,sty+tfidf,2,1,0.9930642927739548,True
2634,2634,1322,0,sty+tfidf,2,0,0.00017077265240804021,True
2635,2635,1322,1,sty+tfidf,2,1,0.9783559375643468,True
2636,2636,1323,0,sty+tfidf,2,0,0.00029692880057900577,True
2637,2637,1323,1,sty+tfidf,2,1,0.9963252992490247,True
2638,2638,1324,0,sty+tfidf,2,0,0.00528207464169605,True
2639,2639,1324,1,sty+tfidf,2,1,0.9988550817523405,True
2640,2640,1325,0,sty+tfidf,2,0,0.03761772671621789,True
2641,2641,1325,1,sty+tfidf,2,1,0.9848690427458089,True
2642,2642,1326,0,sty+tfidf,2,0,0.0016668613885469242,True
2643,2643,1326,1,sty+tfidf,2,1,0.9983617924750462,True
2644,2644,1327,0,sty+tfidf,2,0,0.0003043613553332112,True
2645,2645,1327,1,sty+tfidf,2,0,0.2628557363686766,False
2646,2646,1328,0,sty+tfidf,2,0,0.0007407372691070415,True
2647,2647,1328,1,sty+tfidf,2,1,0.5356452087147837,True
2648,2648,1329,0,sty+tfidf,2,0,0.0021245096859035494,True
2649,2649,1329,1,sty+tfidf,2,1,0.9978321495927119,True
2650,2650,1330,0,sty+tfidf,2,0,0.004086039078006637,True
2651,2651,1330,1,sty+tfidf,2,1,0.9329797009940834,True
2652,2652,1331,0,sty+tfidf,2,0,0.0008211911030601236,True
2653,2653,1331,1,sty+tfidf,2,1,0.9974890946284762,True
2654,2654,1332,0,sty+tfidf,2,0,0.004429263341170315,True
2655,2655,1332,1,sty+tfidf,2,1,0.996608401751131,True
2656,2656,1333,0,sty+tfidf,2,0,0.04340210592179585,True
2657,2657,1333,1,sty+tfidf,2,1,0.997234728418115,True
2658,2658,1334,0,sty+tfidf,2,0,0.01699334123422649,True
2659,2659,1334,1,sty+tfidf,2,1,0.9968409398924113,True
2660,2660,1335,0,sty+tfidf,2,0,0.0030818460390975863,True
2661,2661,1335,1,sty+tfidf,2,1,0.998222987757161,True
2662,2662,1336,0,sty+tfidf,2,0,0.13946447413405838,True
2663,2663,1336,1,sty+tfidf,2,1,0.9986671443261436,True
2664,2664,1337,0,sty+tfidf,2,0,0.11527912507542061,True
2665,2665,1337,1,sty+tfidf,2,1,0.9984164301175413,True
2666,2666,1338,0,sty+tfidf,2,0,0.005228310361260092,True
2667,2667,1338,1,sty+tfidf,2,1,0.9829858600327231,True
2668,2668,1339,0,sty+tfidf,2,0,0.0003668853950329197,True
2669,2669,1339,1,sty+tfidf,2,1,0.9994949279185794,True
2670,2670,1340,0,sty+tfidf,2,0,0.4491013149171882,True
2671,2671,1340,1,sty+tfidf,2,1,0.992677200915044,True
2672,2672,1341,0,sty+tfidf,2,0,0.009009167007697943,True
2673,2673,1341,1,sty+tfidf,2,1,0.9660996937836548,True
2674,2674,1342,0,sty+tfidf,2,0,0.0005135060941291915,True
2675,2675,1342,1,sty+tfidf,2,1,0.9986978449618636,True
2676,2676,1343,0,sty+tfidf,2,0,0.03820031364844928,True
2677,2677,1343,1,sty+tfidf,2,1,0.9989669662304931,True
2678,2678,1344,0,sty+tfidf,2,1,0.510699939893723,False
2679,2679,1344,1,sty+tfidf,2,0,0.11096762205197684,False
2680,2680,1345,0,sty+tfidf,2,0,0.00033853680821798154,True
2681,2681,1345,1,sty+tfidf,2,1,0.8052706844149959,True
2682,2682,1346,0,sty+tfidf,2,0,0.009748830258509285,True
2683,2683,1346,1,sty+tfidf,2,1,0.9992397497523392,True
2684,2684,1347,0,sty+tfidf,2,0,0.0002409924106250043,True
2685,2685,1347,1,sty+tfidf,2,1,0.9879849402591598,True
2686,2686,1348,0,sty+tfidf,2,0,0.0007945754875275932,True
2687,2687,1348,1,sty+tfidf,2,1,0.9971722524909016,True
2688,2688,1349,0,sty+tfidf,2,0,0.0008486308269674895,True
2689,2689,1349,1,sty+tfidf,2,1,0.9479877550275605,True
2690,2690,1350,0,sty+tfidf,2,0,0.008465420441916519,True
2691,2691,1350,1,sty+tfidf,2,1,0.9597395069783218,True
2692,2692,1351,0,sty+tfidf,2,0,0.0022133347131259185,True
2693,2693,1351,1,sty+tfidf,2,1,0.9993663187620133,True
2694,2694,1352,0,sty+tfidf,2,0,0.04897179774639629,True
2695,2695,1352,1,sty+tfidf,2,1,0.9955408161577439,True
2696,2696,1353,0,sty+tfidf,2,0,0.005442141087606383,True
2697,2697,1353,1,sty+tfidf,2,1,0.9946186150036626,True
2698,2698,1354,0,sty+tfidf,2,0,0.0506830259414012,True
2699,2699,1354,1,sty+tfidf,2,1,0.9953445831219437,True
2700,2700,1355,0,sty+tfidf,2,0,0.07850605983889743,True
2701,2701,1355,1,sty+tfidf,2,1,0.9862033753035258,True
2702,2702,1356,0,sty+tfidf,2,1,0.8540290585414516,False
2703,2703,1356,1,sty+tfidf,2,1,0.9918375673910155,True
2704,2704,1357,0,sty+tfidf,2,0,0.019612049872074898,True
2705,2705,1357,1,sty+tfidf,2,1,0.9960193479534061,True
2706,2706,1358,0,sty+tfidf,2,0,0.09176162116401741,True
2707,2707,1358,1,sty+tfidf,2,0,0.20066358837114895,False
2708,2708,1359,0,sty+tfidf,2,0,0.004416602561057957,True
2709,2709,1359,1,sty+tfidf,2,1,0.9747002891071274,True
2710,2710,1360,0,sty+tfidf,2,0,0.004056143775931989,True
2711,2711,1360,1,sty+tfidf,2,1,0.9976119202265583,True
2712,2712,1361,0,sty+tfidf,2,0,0.009395655475730066,True
2713,2713,1361,1,sty+tfidf,2,1,0.9616742693278908,True
2714,2714,1362,0,sty+tfidf,2,0,0.0029361353924767437,True
2715,2715,1362,1,sty+tfidf,2,1,0.9988950883489434,True
2716,2716,1363,0,sty+tfidf,2,0,0.012024199313403131,True
2717,2717,1363,1,sty+tfidf,2,1,0.9976914445989762,True
2718,2718,1364,0,sty+tfidf,2,0,0.01953627111210712,True
2719,2719,1364,1,sty+tfidf,2,1,0.998784991051818,True
2720,2720,1365,0,sty+tfidf,2,0,0.006375683084692958,True
2721,2721,1365,1,sty+tfidf,2,1,0.9985757773812513,True
2722,2722,1366,0,sty+tfidf,2,0,0.09692198886742487,True
2723,2723,1366,1,sty+tfidf,2,1,0.9914584922345728,True
2724,2724,1367,0,sty+tfidf,2,0,0.0734441295219121,True
2725,2725,1367,1,sty+tfidf,2,1,0.945581519760601,True
2726,2726,1368,0,sty+tfidf,2,0,0.002732787854360456,True
2727,2727,1368,1,sty+tfidf,2,1,0.5161707103717285,True
2728,2728,1369,0,sty+tfidf,2,0,0.0011244189864226025,True
2729,2729,1369,1,sty+tfidf,2,1,0.9288769109071496,True
2730,2730,1370,0,sty+tfidf,2,0,0.009129048712054715,True
2731,2731,1370,1,sty+tfidf,2,1,0.9969365894746167,True
2732,2732,1371,0,sty+tfidf,2,0,0.0073568919446630665,True
2733,2733,1371,1,sty+tfidf,2,1,0.9959181884735477,True
2734,2734,1372,0,sty+tfidf,2,0,0.030716306561657112,True
2735,2735,1372,1,sty+tfidf,2,1,0.9965891684286937,True
2736,2736,1373,0,sty+tfidf,2,0,0.010432288772439516,True
2737,2737,1373,1,sty+tfidf,2,1,0.9978041670156743,True
2738,2738,1374,0,sty+tfidf,2,0,0.0008321593761551137,True
2739,2739,1374,1,sty+tfidf,2,1,0.9382394091614503,True
2740,2740,1375,0,sty+tfidf,2,0,0.022748565447814197,True
2741,2741,1375,1,sty+tfidf,2,1,0.9996641435135667,True
2742,2742,1376,0,sty+tfidf,2,0,0.002957602765965263,True
2743,2743,1376,1,sty+tfidf,2,1,0.943278788176269,True
2744,2744,1377,0,sty+tfidf,2,1,0.6048209640823228,False
2745,2745,1377,1,sty+tfidf,2,1,0.9871784375207592,True
2746,2746,1378,0,sty+tfidf,2,0,0.0009461594203866404,True
2747,2747,1378,1,sty+tfidf,2,1,0.9847051232992734,True
2748,2748,1379,0,sty+tfidf,2,0,0.0004006619883969518,True
2749,2749,1379,1,sty+tfidf,2,1,0.9846636895110009,True
2750,2750,1380,0,sty+tfidf,2,1,0.6567246937717808,False
2751,2751,1380,1,sty+tfidf,2,1,0.9427907910153007,True
2752,2752,1381,0,sty+tfidf,2,0,0.04000647785868726,True
2753,2753,1381,1,sty+tfidf,2,1,0.9595382101531302,True
2754,2754,1382,0,sty+tfidf,2,0,0.0005320544048939095,True
2755,2755,1382,1,sty+tfidf,2,1,0.9990335142200486,True
2756,2756,1383,0,sty+tfidf,2,0,0.0026421272080946133,True
2757,2757,1383,1,sty+tfidf,2,1,0.9966096363720924,True
2758,2758,1384,0,sty+tfidf,2,0,0.005436512960935915,True
2759,2759,1384,1,sty+tfidf,2,1,0.8603665071749795,True
2760,2760,1385,0,sty+tfidf,2,0,0.009924244311309935,True
2761,2761,1385,1,sty+tfidf,2,1,0.6068024031781847,True
2762,2762,1386,0,sty+tfidf,2,0,0.09028436346027809,True
2763,2763,1386,1,sty+tfidf,2,1,0.999605069790227,True
2764,2764,1387,0,sty+tfidf,2,0,0.0001951818586890941,True
2765,2765,1387,1,sty+tfidf,2,1,0.747828300821455,True
2766,2766,1388,0,sty+tfidf,2,0,0.003160492454610032,True
2767,2767,1388,1,sty+tfidf,2,1,0.9891372625776427,True
2768,2768,1389,0,sty+tfidf,2,0,0.006700034865292785,True
2769,2769,1389,1,sty+tfidf,2,1,0.9980642883261028,True
2770,2770,1390,0,sty+tfidf,2,0,0.0017882862945655695,True
2771,2771,1390,1,sty+tfidf,2,1,0.9854649691144112,True
2772,2772,1391,0,sty+tfidf,2,0,0.002249868684472456,True
2773,2773,1391,1,sty+tfidf,2,1,0.9950261352155111,True
2774,2774,1392,0,sty+tfidf,2,0,0.0035397295655717623,True
2775,2775,1392,1,sty+tfidf,2,1,0.8641175709124111,True
2776,2776,1393,0,sty+tfidf,2,0,0.0015657613946683162,True
2777,2777,1393,1,sty+tfidf,2,1,0.8646348271395053,True
2778,2778,1394,0,sty+tfidf,2,1,0.889041824433931,False
2779,2779,1394,1,sty+tfidf,2,1,0.9382098832259048,True
2780,2780,1395,0,sty+tfidf,2,0,0.01947025669604065,True
2781,2781,1395,1,sty+tfidf,2,1,0.8495045357381801,True
2782,2782,1396,0,sty+tfidf,2,0,0.004252674473585427,True
2783,2783,1396,1,sty+tfidf,2,1,0.9984157490399422,True
2784,2784,1397,0,sty+tfidf,2,0,0.007938705988422159,True
2785,2785,1397,1,sty+tfidf,2,1,0.9945228027085119,True
2786,2786,1398,0,sty+tfidf,2,0,0.08524229431618476,True
2787,2787,1398,1,sty+tfidf,2,1,0.9990575591321519,True
2788,2788,1399,0,sty+tfidf,2,0,0.00034148097820640234,True
2789,2789,1399,1,sty+tfidf,2,1,0.9240238519771063,True
2790,2790,1400,0,sty+tfidf,2,0,0.04758259313176777,True
2791,2791,1400,1,sty+tfidf,2,1,0.9996916300665494,True
2792,2792,1401,0,sty+tfidf,2,0,0.0003359213533413136,True
2793,2793,1401,1,sty+tfidf,2,1,0.9015275662636395,True
2794,2794,1402,0,sty+tfidf,2,0,0.003298782928769419,True
2795,2795,1402,1,sty+tfidf,2,1,0.9994406154736597,True
2796,2796,1403,0,sty+tfidf,2,0,0.005010078114915173,True
2797,2797,1403,1,sty+tfidf,2,1,0.993154847273034,True
2798,2798,1404,0,sty+tfidf,2,0,0.06433772199883445,True
2799,2799,1404,1,sty+tfidf,2,1,0.9478471413419953,True
2800,2800,1405,0,sty+tfidf,2,0,0.000745755377976569,True
2801,2801,1405,1,sty+tfidf,2,1,0.991846494368003,True
2802,2802,1406,0,sty+tfidf,2,0,0.008966734947131863,True
2803,2803,1406,1,sty+tfidf,2,1,0.9989595835854714,True
2804,2804,1407,0,sty+tfidf,2,0,0.011747128478911581,True
2805,2805,1407,1,sty+tfidf,2,1,0.9625018124827901,True
2806,2806,1408,0,sty+tfidf,2,0,0.00991022637668865,True
2807,2807,1408,1,sty+tfidf,2,1,0.998162447540803,True
2808,2808,1409,0,sty+tfidf,2,0,0.0012012662895010023,True
2809,2809,1409,1,sty+tfidf,2,1,0.989266484732586,True
2810,2810,1410,0,sty+tfidf,2,0,0.0006225147208776334,True
2811,2811,1410,1,sty+tfidf,2,1,0.9985878800547486,True
2812,2812,1411,0,sty+tfidf,2,0,0.1418257785592236,True
2813,2813,1411,1,sty+tfidf,2,1,0.9994461538317463,True
2814,2814,1412,0,sty+tfidf,2,0,0.17221627603805997,True
2815,2815,1412,1,sty+tfidf,2,1,0.9931469836180089,True
2816,2816,1413,0,sty+tfidf,2,0,0.005795569256270507,True
2817,2817,1413,1,sty+tfidf,2,1,0.9921777270397887,True
2818,2818,1414,0,sty+tfidf,2,0,0.00013957200495437377,True
2819,2819,1414,1,sty+tfidf,2,1,0.9982922753875638,True
2820,2820,1415,0,sty+tfidf,2,0,0.018997508912963083,True
2821,2821,1415,1,sty+tfidf,2,1,0.9979380344544986,True
2822,2822,1416,0,sty+tfidf,2,0,0.04533303699305007,True
2823,2823,1416,1,sty+tfidf,2,1,0.9983314595098232,True
2824,2824,1417,0,sty+tfidf,2,0,6.15949309453527e-05,True
2825,2825,1417,1,sty+tfidf,2,1,0.9622014728725841,True
2826,2826,1418,0,sty+tfidf,2,0,0.0030871327654485173,True
2827,2827,1418,1,sty+tfidf,2,1,0.8943035629305773,True
2828,2828,1419,0,sty+tfidf,2,0,0.0024365349591110265,True
2829,2829,1419,1,sty+tfidf,2,1,0.9970065128166742,True
2830,2830,1420,0,sty+tfidf,2,0,0.02172667063347828,True
2831,2831,1420,1,sty+tfidf,2,1,0.9965201936509495,True
2832,2832,1421,0,sty+tfidf,2,0,0.08226362911452904,True
2833,2833,1421,1,sty+tfidf,2,1,0.9987755875677033,True
2834,2834,1422,0,sty+tfidf,2,0,0.07397261198142033,True
2835,2835,1422,1,sty+tfidf,2,1,0.9451928136996713,True
2836,2836,1423,0,sty+tfidf,2,0,0.003097668614266184,True
2837,2837,1423,1,sty+tfidf,2,1,0.9992882638620764,True
2838,2838,1424,0,sty+tfidf,2,0,0.0004893407095256882,True
2839,2839,1424,1,sty+tfidf,2,1,0.9590151403565278,True
2840,2840,1425,0,sty+tfidf,2,0,0.007325928211450697,True
2841,2841,1425,1,sty+tfidf,2,1,0.9960585356372791,True
2842,2842,1426,0,sty+tfidf,2,1,0.5683993225352743,False
2843,2843,1426,1,sty+tfidf,2,1,0.9944303754676759,True
2844,2844,1427,0,sty+tfidf,2,0,0.00033680847507073125,True
2845,2845,1427,1,sty+tfidf,2,1,0.9991983294306401,True
2846,2846,1428,0,sty+tfidf,2,0,0.015033389724130737,True
2847,2847,1428,1,sty+tfidf,2,1,0.9963542339043051,True
2848,2848,1429,0,sty+tfidf,2,0,0.007323083756648035,True
2849,2849,1429,1,sty+tfidf,2,1,0.9409734206172418,True
2850,2850,1430,0,sty+tfidf,2,0,0.0022005078769125512,True
2851,2851,1430,1,sty+tfidf,2,1,0.9934259203543092,True
2852,2852,1431,0,sty+tfidf,2,0,0.05289180655332443,True
2853,2853,1431,1,sty+tfidf,2,1,0.9219693416031914,True
2854,2854,1432,0,sty+tfidf,2,0,0.022245090043753368,True
2855,2855,1432,1,sty+tfidf,2,1,0.9849193977137168,True
2856,2856,1433,0,sty+tfidf,2,0,0.0030027317171797165,True
2857,2857,1433,1,sty+tfidf,2,1,0.9928616221311187,True
2858,2858,1434,0,sty+tfidf,2,0,0.06082352749389842,True
2859,2859,1434,1,sty+tfidf,2,1,0.9226629663035244,True
2860,2860,1435,0,sty+tfidf,2,0,0.45228529210362145,True
2861,2861,1435,1,sty+tfidf,2,1,0.9991420449522382,True
2862,2862,1436,0,sty+tfidf,2,0,0.03104097247486124,True
2863,2863,1436,1,sty+tfidf,2,1,0.9986300715990423,True
2864,2864,1437,0,sty+tfidf,2,1,0.6426797538111401,False
2865,2865,1437,1,sty+tfidf,2,1,0.9893980811579169,True
2866,2866,1438,0,sty+tfidf,2,0,0.05572208343305678,True
2867,2867,1438,1,sty+tfidf,2,1,0.9910968985810756,True
2868,2868,1439,0,sty+tfidf,2,0,0.001839016567581482,True
2869,2869,1439,1,sty+tfidf,2,1,0.6243352453867639,True
2870,2870,1440,0,sty+tfidf,2,0,0.008077295165398828,True
2871,2871,1440,1,sty+tfidf,2,1,0.9997967290868286,True
2872,2872,1441,0,sty+tfidf,2,0,0.1647708261319162,True
2873,2873,1441,1,sty+tfidf,2,1,0.9976925647890189,True
2874,2874,1442,0,sty+tfidf,2,0,0.0003274235719975723,True
2875,2875,1442,1,sty+tfidf,2,1,0.9989983294482371,True
2876,2876,1443,0,sty+tfidf,2,0,0.006032032140974456,True
2877,2877,1443,1,sty+tfidf,2,1,0.799797956397561,True
2878,2878,1444,0,sty+tfidf,2,0,0.005508257821802082,True
2879,2879,1444,1,sty+tfidf,2,1,0.9953136243114338,True
2880,2880,1445,0,sty+tfidf,2,0,0.009073326064624233,True
2881,2881,1445,1,sty+tfidf,2,1,0.9988390301891026,True
2882,2882,1446,0,sty+tfidf,2,0,0.0032350649753906144,True
2883,2883,1446,1,sty+tfidf,2,1,0.9843786162587745,True
2884,2884,1447,0,sty+tfidf,2,0,0.0007070124894059851,True
2885,2885,1447,1,sty+tfidf,2,1,0.9991838127424214,True
2886,2886,1448,0,sty+tfidf,2,0,0.0004415465599145229,True
2887,2887,1448,1,sty+tfidf,2,1,0.9241832851361044,True
2888,2888,1449,0,sty+tfidf,2,0,0.004109675518771014,True
2889,2889,1449,1,sty+tfidf,2,1,0.9962615965707411,True
2890,2890,1450,0,sty+tfidf,2,0,0.00565907738899037,True
2891,2891,1450,1,sty+tfidf,2,0,0.2084470983132658,False
2892,2892,1451,0,sty+tfidf,2,0,0.0017906439212416203,True
2893,2893,1451,1,sty+tfidf,2,1,0.9974974169387455,True
2894,2894,1452,0,sty+tfidf,2,0,0.015512312396826022,True
2895,2895,1452,1,sty+tfidf,2,1,0.9983478570515391,True
2896,2896,1453,0,sty+tfidf,2,0,0.005885558098747457,True
2897,2897,1453,1,sty+tfidf,2,1,0.9890333254550417,True
2898,2898,1454,0,sty+tfidf,2,1,0.5447767502902795,False
2899,2899,1454,1,sty+tfidf,2,1,0.9971044732690852,True
2900,2900,1455,0,sty+tfidf,2,0,0.0014368951849844933,True
2901,2901,1455,1,sty+tfidf,2,1,0.9984396558073951,True
2902,2902,1456,0,sty+tfidf,2,0,0.00042035082523667484,True
2903,2903,1456,1,sty+tfidf,2,1,0.9818089918291024,True
2904,2904,1457,0,sty+tfidf,2,0,0.0004045043392466411,True
2905,2905,1457,1,sty+tfidf,2,1,0.9640219814525641,True
2906,2906,1458,0,sty+tfidf,2,0,0.0015208821857527301,True
2907,2907,1458,1,sty+tfidf,2,1,0.9884739122668067,True
2908,2908,1459,0,sty+tfidf,2,0,0.033539678595298536,True
2909,2909,1459,1,sty+tfidf,2,1,0.9930958240791427,True
2910,2910,1460,0,sty+tfidf,2,0,0.0032399736142752797,True
2911,2911,1460,1,sty+tfidf,2,1,0.9996115840050266,True
2912,2912,1461,0,sty+tfidf,2,0,0.05122954753625753,True
2913,2913,1461,1,sty+tfidf,2,1,0.9998202568803521,True
2914,2914,1462,0,sty+tfidf,2,0,0.00034383720139234404,True
2915,2915,1462,1,sty+tfidf,2,1,0.982443429728304,True
2916,2916,1463,1,sty+tfidf,2,1,0.9942852568296735,True
2917,2917,1464,0,sty+tfidf,2,0,0.007241944272390477,True
2918,2918,1464,1,sty+tfidf,2,1,0.997001421177772,True
2919,2919,1465,0,sty+tfidf,2,0,0.0013215888321886373,True
2920,2920,1465,1,sty+tfidf,2,1,0.9929388666421454,True
2921,2921,1466,0,sty+tfidf,2,0,0.0005789723350225033,True
2922,2922,1466,1,sty+tfidf,2,1,0.9827541523936014,True
2923,2923,1467,0,sty+tfidf,2,0,6.74474398722333e-05,True
2924,2924,1467,1,sty+tfidf,2,1,0.9955477326124288,True
2925,2925,1468,0,sty+tfidf,2,0,0.0012359635163862617,True
2926,2926,1468,1,sty+tfidf,2,1,0.9986646070547064,True
2927,2927,1469,0,sty+tfidf,2,0,0.00032951244860752885,True
2928,2928,1469,1,sty+tfidf,2,1,0.9973977073601028,True
2929,2929,1470,0,sty+tfidf,2,0,0.0014218718245699695,True
2930,2930,1470,1,sty+tfidf,2,1,0.9992312573458919,True
2931,2931,1471,0,sty+tfidf,2,0,0.06355867622742863,True
2932,2932,1471,1,sty+tfidf,2,1,0.981101460939984,True
2933,2933,1472,0,sty+tfidf,2,0,0.12778207974212075,True
2934,2934,1472,1,sty+tfidf,2,1,0.9976255166047986,True
2935,2935,1473,0,sty+tfidf,2,0,0.00011378596572110353,True
2936,2936,1473,1,sty+tfidf,2,1,0.9611322393784483,True
2937,2937,1474,0,sty+tfidf,2,0,0.003842287197721042,True
2938,2938,1474,1,sty+tfidf,2,1,0.9892007348500739,True
2939,2939,1475,0,sty+tfidf,2,0,0.00039965181854939396,True
2940,2940,1475,1,sty+tfidf,2,1,0.9987430848802372,True
2941,2941,1476,0,sty+tfidf,2,0,0.020012036452613912,True
2942,2942,1476,1,sty+tfidf,2,1,0.6778565939596451,True
2943,2943,1477,0,sty+tfidf,2,0,0.11013444119155008,True
2944,2944,1477,1,sty+tfidf,2,1,0.9532823429637516,True
2945,2945,1478,0,sty+tfidf,2,0,0.005344668901747966,True
2946,2946,1478,1,sty+tfidf,2,1,0.9986751618077475,True
2947,2947,1479,0,sty+tfidf,2,0,0.0019440259904815482,True
2948,2948,1479,1,sty+tfidf,2,1,0.999064162528195,True
2949,2949,1480,0,sty+tfidf,2,0,0.0011333443509170715,True
2950,2950,1480,1,sty+tfidf,2,1,0.9986242940583524,True
2951,2951,1481,0,sty+tfidf,2,0,0.06957952085470837,True
2952,2952,1481,1,sty+tfidf,2,0,0.338062768839908,False
2953,2953,1482,0,sty+tfidf,2,0,0.0022880776787442773,True
2954,2954,1482,1,sty+tfidf,2,1,0.9181362433286177,True
2955,2955,1483,0,sty+tfidf,2,0,0.004796274429270879,True
2956,2956,1483,1,sty+tfidf,2,1,0.9920196948900819,True
2957,2957,1484,0,sty+tfidf,2,0,0.0023037353151968793,True
2958,2958,1484,1,sty+tfidf,2,1,0.9912675406689311,True
2959,2959,1485,0,sty+tfidf,2,0,0.00126348012664683,True
2960,2960,1485,1,sty+tfidf,2,1,0.998226062737199,True
2961,2961,1486,0,sty+tfidf,2,0,0.001527504497422643,True
2962,2962,1486,1,sty+tfidf,2,1,0.9555729320883075,True
2963,2963,1487,0,sty+tfidf,2,0,0.0016938203344116715,True
2964,2964,1487,1,sty+tfidf,2,1,0.9964096561986543,True
2965,2965,1488,0,sty+tfidf,2,0,0.0019567377546394153,True
2966,2966,1488,1,sty+tfidf,2,0,0.31470346939640037,False
2967,2967,1489,0,sty+tfidf,2,0,0.012381465993147784,True
2968,2968,1489,1,sty+tfidf,2,0,0.06421127827363549,False
2969,2969,1490,0,sty+tfidf,2,1,0.7484804082583213,False
2970,2970,1490,1,sty+tfidf,2,0,0.16212880160911164,False
2971,2971,1491,0,sty+tfidf,2,0,0.013662207495065732,True
2972,2972,1491,1,sty+tfidf,2,1,0.9031136147510067,True
2973,2973,1492,0,sty+tfidf,2,0,0.00047049381648705174,True
2974,2974,1492,1,sty+tfidf,2,1,0.9797891108596594,True
2975,2975,1493,0,sty+tfidf,2,0,0.0009486168114228765,True
2976,2976,1493,1,sty+tfidf,2,1,0.9963799972325565,True
2977,2977,1494,0,sty+tfidf,2,0,0.0013311834908669498,True
2978,2978,1494,1,sty+tfidf,2,1,0.9933811188762613,True
2979,2979,1495,0,sty+tfidf,2,0,0.004958172097241334,True
2980,2980,1495,1,sty+tfidf,2,1,0.9951238198350714,True
2981,2981,1496,0,sty+tfidf,2,0,0.3630884669147484,True
2982,2982,1496,1,sty+tfidf,2,1,0.9974866218385426,True
2983,2983,1497,0,sty+tfidf,2,0,0.0004330519964554477,True
2984,2984,1497,1,sty+tfidf,2,1,0.9965231155937324,True
2985,2985,1498,0,sty+tfidf,2,0,0.0023492800846546956,True
2986,2986,1498,1,sty+tfidf,2,0,0.11300975685706781,False
2987,2987,1499,0,sty+tfidf,2,1,0.9301055030754061,False
2988,2988,1499,1,sty+tfidf,2,1,0.8107102562760558,True
2989,2989,1500,0,sty+tfidf,2,0,0.07908660633675611,True
2990,2990,1500,1,sty+tfidf,2,1,0.9297378092683558,True
2991,2991,1501,0,sty+tfidf,2,0,0.0004960741038841824,True
2992,2992,1501,1,sty+tfidf,2,1,0.9003621349540136,True
2993,2993,1502,0,sty+tfidf,2,0,0.05801643175683828,True
2994,2994,1502,1,sty+tfidf,2,1,0.9967371171351704,True
2995,2995,1503,0,sty+tfidf,2,0,0.22906307159551434,True
2996,2996,1503,1,sty+tfidf,2,1,0.9809891197868662,True
2997,2997,1504,0,sty+tfidf,2,0,0.0027002711536828748,True
2998,2998,1504,1,sty+tfidf,2,1,0.8043507001643536,True
2999,2999,1505,0,sty+tfidf,2,0,0.00012234286275323433,True
3000,3000,1505,1,sty+tfidf,2,1,0.997406961349243,True
3001,3001,1506,0,sty+tfidf,2,0,0.007422929186175295,True
3002,3002,1506,1,sty+tfidf,2,1,0.999664355009748,True
3003,3003,1507,0,sty+tfidf,2,0,0.0035291623632659717,True
3004,3004,1507,1,sty+tfidf,2,1,0.9827500813968275,True
3005,3005,1508,0,sty+tfidf,2,0,0.005510345555667598,True
3006,3006,1508,1,sty+tfidf,2,1,0.9885959641581838,True
3007,3007,1509,0,sty+tfidf,2,0,0.0021481882964497537,True
3008,3008,1509,1,sty+tfidf,2,1,0.9970466578735006,True
3009,3009,1510,0,sty+tfidf,2,0,0.001144608941718386,True
3010,3010,1510,1,sty+tfidf,2,1,0.9538511902946252,True
3011,3011,1511,0,sty+tfidf,2,0,0.0017156031249298067,True
3012,3012,1511,1,sty+tfidf,2,1,0.9880928676877389,True
3013,3013,1512,0,sty+tfidf,2,0,0.01685360682293764,True
3014,3014,1512,1,sty+tfidf,2,1,0.8419728921245686,True
3015,3015,1513,0,sty+tfidf,2,0,0.10663430683266953,True
3016,3016,1513,1,sty+tfidf,2,1,0.9962428012252154,True
3017,3017,1514,0,sty+tfidf,2,0,0.008106861747405991,True
3018,3018,1514,1,sty+tfidf,2,1,0.9169202702540094,True
3019,3019,1515,0,sty+tfidf,2,0,0.0027890074633553884,True
3020,3020,1515,1,sty+tfidf,2,1,0.9983478346614605,True
3021,3021,1516,0,sty+tfidf,2,0,0.2634379635534352,True
3022,3022,1516,1,sty+tfidf,2,1,0.7761175558003631,True
3023,3023,1517,0,sty+tfidf,2,0,0.0005495120818905131,True
3024,3024,1517,1,sty+tfidf,2,1,0.9997047369274591,True
3025,3025,1518,0,sty+tfidf,2,0,0.012502873643731725,True
3026,3026,1518,1,sty+tfidf,2,1,0.9962531328371703,True
3027,3027,1519,0,sty+tfidf,2,0,0.20223236517122922,True
3028,3028,1519,1,sty+tfidf,2,1,0.9930550957467351,True
3029,3029,1520,0,sty+tfidf,2,0,6.312953089463705e-05,True
3030,3030,1520,1,sty+tfidf,2,1,0.7624151640416603,True
3031,3031,1521,0,sty+tfidf,2,0,0.2701826408115524,True
3032,3032,1521,1,sty+tfidf,2,1,0.9931214656059186,True
3033,3033,1522,0,sty+tfidf,2,0,0.06757904876534977,True
3034,3034,1522,1,sty+tfidf,2,1,0.9953651393989962,True
3035,3035,1523,0,sty+tfidf,2,0,0.0011082090557196721,True
3036,3036,1523,1,sty+tfidf,2,1,0.91998176591828,True
3037,3037,1524,0,sty+tfidf,2,0,0.018745791920093596,True
3038,3038,1524,1,sty+tfidf,2,1,0.5033753074709097,True
3039,3039,1525,0,sty+tfidf,2,0,0.004286102895343268,True
3040,3040,1525,1,sty+tfidf,2,1,0.9585760141485102,True
3041,3041,1526,0,sty+tfidf,2,0,0.028391913796383738,True
3042,3042,1526,1,sty+tfidf,2,1,0.8862963970819259,True
3043,3043,1527,0,sty+tfidf,2,0,0.04219468596892128,True
3044,3044,1527,1,sty+tfidf,2,1,0.9990137995538808,True
3045,3045,1528,0,sty+tfidf,2,0,0.0009277088007009571,True
3046,3046,1528,1,sty+tfidf,2,1,0.9908261111126011,True
3047,3047,1529,0,sty+tfidf,2,0,0.0038070698421734553,True
3048,3048,1529,1,sty+tfidf,2,1,0.9991457051573625,True
3049,3049,1530,0,sty+tfidf,2,0,0.0008776589258865916,True
3050,3050,1530,1,sty+tfidf,2,0,0.09113544670915437,False
3051,3051,1531,0,sty+tfidf,2,0,0.0038476346207211498,True
3052,3052,1531,1,sty+tfidf,2,1,0.9728030987391604,True
3053,3053,1532,0,sty+tfidf,2,0,0.024561725511280257,True
3054,3054,1532,1,sty+tfidf,2,1,0.8414536249784212,True
3055,3055,1533,0,sty+tfidf,2,0,0.10174561116037567,True
3056,3056,1533,1,sty+tfidf,2,1,0.9997269656272572,True
3057,3057,1534,0,sty+tfidf,2,0,0.00020379815602329638,True
3058,3058,1534,1,sty+tfidf,2,1,0.9993847885414902,True
3059,3059,1535,0,sty+tfidf,2,0,0.08864582293501813,True
3060,3060,1535,1,sty+tfidf,2,1,0.9953613022614737,True
3061,3061,1536,0,sty+tfidf,2,0,0.054051982759173105,True
3062,3062,1536,1,sty+tfidf,2,1,0.9965448527214202,True
3063,3063,1537,0,sty+tfidf,2,1,0.9065373104582838,False
3064,3064,1537,1,sty+tfidf,2,1,0.7860804791121189,True
3065,3065,1538,0,sty+tfidf,2,0,0.004436460566183233,True
3066,3066,1538,1,sty+tfidf,2,1,0.9989257168930487,True
3067,3067,1539,0,sty+tfidf,2,1,0.6190739728997557,False
3068,3068,1539,1,sty+tfidf,2,1,0.9880572424567821,True
3069,3069,1540,0,sty+tfidf,2,0,0.26808630207884643,True
3070,3070,1540,1,sty+tfidf,2,1,0.9995498476891247,True
3071,3071,1541,0,sty+tfidf,2,0,0.017329988295693488,True
3072,3072,1541,1,sty+tfidf,2,1,0.9987259936258016,True
3073,3073,1542,0,sty+tfidf,2,0,0.03430406661773791,True
3074,3074,1542,1,sty+tfidf,2,1,0.9969572716335263,True
3075,3075,1543,0,sty+tfidf,2,0,0.10917107411750496,True
3076,3076,1543,1,sty+tfidf,2,1,0.9980183564318841,True
3077,3077,1544,0,sty+tfidf,2,0,0.0009471163438178054,True
3078,3078,1544,1,sty+tfidf,2,1,0.9956401626134412,True
3079,3079,1545,0,sty+tfidf,2,0,0.002583218983825591,True
3080,3080,1545,1,sty+tfidf,2,1,0.9939996789796003,True
3081,3081,1546,0,sty+tfidf,2,0,0.001637915688896231,True
3082,3082,1546,1,sty+tfidf,2,1,0.9416442875928384,True
3083,3083,1547,0,sty+tfidf,2,0,0.0005121819776823095,True
3084,3084,1547,1,sty+tfidf,2,1,0.9980982070868227,True
3085,3085,1548,0,sty+tfidf,2,0,9.831610316462028e-05,True
3086,3086,1548,1,sty+tfidf,2,0,0.06731318008538333,False
3087,3087,1549,0,sty+tfidf,2,0,0.11029553885310839,True
3088,3088,1549,1,sty+tfidf,2,1,0.9947714326890242,True
3089,3089,1550,0,sty+tfidf,2,0,0.001097506060715306,True
3090,3090,1550,1,sty+tfidf,2,0,0.057067853328034754,False
3091,3091,1551,0,sty+tfidf,2,0,0.00037199717528512197,True
3092,3092,1551,1,sty+tfidf,2,1,0.991438765820636,True
3093,3093,1552,0,sty+tfidf,2,0,0.0028200785130250037,True
3094,3094,1552,1,sty+tfidf,2,1,0.9981547895661724,True
3095,3095,1553,0,sty+tfidf,2,0,0.03418443394093059,True
3096,3096,1553,1,sty+tfidf,2,1,0.9303838632548571,True
3097,3097,1554,0,sty+tfidf,2,0,0.2583438035804798,True
3098,3098,1554,1,sty+tfidf,2,1,0.9891487905372391,True
3099,3099,1555,0,sty+tfidf,2,0,0.00190484606272341,True
3100,3100,1555,1,sty+tfidf,2,1,0.9315073560247632,True
3101,3101,1556,0,sty+tfidf,2,0,0.0021727714385238674,True
3102,3102,1556,1,sty+tfidf,2,1,0.9975848812198398,True
3103,3103,1557,0,sty+tfidf,2,0,0.05388247426552427,True
3104,3104,1557,1,sty+tfidf,2,1,0.9992567476530788,True
3105,3105,1558,0,sty+tfidf,2,0,0.0007713684257965196,True
3106,3106,1558,1,sty+tfidf,2,1,0.9813222152736503,True
3107,3107,1559,0,sty+tfidf,2,0,0.005051197808778175,True
3108,3108,1559,1,sty+tfidf,2,1,0.9807518371424807,True
3109,3109,1560,0,sty+tfidf,2,0,0.003555257762031563,True
3110,3110,1560,1,sty+tfidf,2,1,0.9937384647087126,True
3111,3111,1561,0,sty+tfidf,2,0,0.34978127839478906,True
3112,3112,1561,1,sty+tfidf,2,1,0.9975984153034589,True
3113,3113,1562,0,sty+tfidf,2,0,0.29103135644056277,True
3114,3114,1562,1,sty+tfidf,2,1,0.9649947762644286,True
3115,3115,1563,0,sty+tfidf,2,0,0.004656189523640585,True
3116,3116,1563,1,sty+tfidf,2,1,0.9997210188260697,True
3117,3117,1564,0,sty+tfidf,2,0,0.0160392340545506,True
3118,3118,1564,1,sty+tfidf,2,1,0.9972924871998999,True
3119,3119,1565,0,sty+tfidf,2,0,0.37937778682029144,True
3120,3120,1565,1,sty+tfidf,2,1,0.98517726752177,True
3121,3121,1566,0,sty+tfidf,2,0,0.00530045514803101,True
3122,3122,1566,1,sty+tfidf,2,1,0.9835525998791224,True
3123,3123,1567,0,sty+tfidf,2,0,0.0037366402385506105,True
3124,3124,1567,1,sty+tfidf,2,1,0.9934805345587107,True
3125,3125,1568,0,sty+tfidf,2,0,0.1330906302108714,True
3126,3126,1568,1,sty+tfidf,2,1,0.9910046401870297,True
3127,3127,1569,0,sty+tfidf,2,0,0.0005830721164034033,True
3128,3128,1569,1,sty+tfidf,2,1,0.9716721906737629,True
3129,3129,1570,0,sty+tfidf,2,0,0.001156379038419603,True
3130,3130,1570,1,sty+tfidf,2,1,0.9993600687365639,True
3131,3131,1571,0,sty+tfidf,2,0,0.016525290602427092,True
3132,3132,1571,1,sty+tfidf,2,1,0.9945792470027033,True
3133,3133,1572,0,sty+tfidf,2,1,0.7448123210506639,False
3134,3134,1572,1,sty+tfidf,2,1,0.6213814507465255,True
3135,3135,1573,0,sty+tfidf,2,0,0.0023166428977170216,True
3136,3136,1573,1,sty+tfidf,2,0,0.23899842378613623,False
3137,3137,1574,0,sty+tfidf,2,0,0.013369084760293342,True
3138,3138,1574,1,sty+tfidf,2,1,0.9992933168603716,True
3139,3139,1575,0,sty+tfidf,2,0,0.02173877968695681,True
3140,3140,1575,1,sty+tfidf,2,1,0.9607970712946757,True
3141,3141,1576,0,sty+tfidf,2,0,0.007559627028069714,True
3142,3142,1576,1,sty+tfidf,2,1,0.9984281033962091,True
3143,3143,1577,0,sty+tfidf,2,0,0.0008744819194050553,True
3144,3144,1577,1,sty+tfidf,2,1,0.9464295846023261,True
3145,3145,1578,0,sty+tfidf,2,0,0.0624354035212838,True
3146,3146,1578,1,sty+tfidf,2,1,0.9895198834787202,True
3147,3147,1579,0,sty+tfidf,2,0,0.004781565757352988,True
3148,3148,1579,1,sty+tfidf,2,1,0.9563239749243806,True
3149,3149,1580,0,sty+tfidf,2,0,0.0062667645068648125,True
3150,3150,1580,1,sty+tfidf,2,1,0.9651628844039978,True
3151,3151,1581,0,sty+tfidf,2,0,0.005401167073511027,True
3152,3152,1581,1,sty+tfidf,2,1,0.9954799325842558,True
3153,3153,1582,0,sty+tfidf,2,0,0.046896725770143026,True
3154,3154,1582,1,sty+tfidf,2,1,0.9966452879783545,True
3155,3155,1583,0,sty+tfidf,2,0,0.027675766750285036,True
3156,3156,1583,1,sty+tfidf,2,1,0.9970911202593349,True
3157,3157,1584,0,sty+tfidf,2,0,0.018645791357246838,True
3158,3158,1584,1,sty+tfidf,2,1,0.9994578097826455,True
3159,3159,1585,0,sty+tfidf,2,0,0.1729661667163551,True
3160,3160,1585,1,sty+tfidf,2,1,0.9401236884665191,True
3161,3161,1586,0,sty+tfidf,2,0,0.32143831762075564,True
3162,3162,1586,1,sty+tfidf,2,1,0.9994245636026974,True
3163,3163,1587,0,sty+tfidf,2,1,0.9604900676376501,False
3164,3164,1587,1,sty+tfidf,2,1,0.9996136880023845,True
3165,3165,1588,0,sty+tfidf,2,0,0.0705906183667095,True
3166,3166,1588,1,sty+tfidf,2,1,0.9984350432416543,True
3167,3167,1589,0,sty+tfidf,2,0,0.0003222973758482109,True
3168,3168,1589,1,sty+tfidf,2,1,0.9989407320141075,True
3169,3169,1590,0,sty+tfidf,2,0,0.3076386916619398,True
3170,3170,1590,1,sty+tfidf,2,1,0.9996133557493093,True
3171,3171,1591,0,sty+tfidf,2,0,0.0015656325562834464,True
3172,3172,1591,1,sty+tfidf,2,1,0.8783122244812461,True
3173,3173,1592,0,sty+tfidf,2,0,0.0059288799679766075,True
3174,3174,1592,1,sty+tfidf,2,1,0.9876994184129242,True
3175,3175,1593,0,sty+tfidf,2,0,0.0022066899581510307,True
3176,3176,1593,1,sty+tfidf,2,1,0.9931835069723902,True
3177,3177,1594,0,sty+tfidf,2,0,0.0009623825079082054,True
3178,3178,1594,1,sty+tfidf,2,1,0.999513910270292,True
3179,3179,1595,0,sty+tfidf,2,0,0.0012292470102200723,True
3180,3180,1595,1,sty+tfidf,2,0,0.38629540207044083,False
3181,3181,1596,0,sty+tfidf,2,0,0.0007596022760130062,True
3182,3182,1596,1,sty+tfidf,2,1,0.9923092948993971,True
3183,3183,1597,0,sty+tfidf,2,0,0.0003362597048601921,True
3184,3184,1597,1,sty+tfidf,2,1,0.9440677025862405,True
3185,3185,1598,0,sty+tfidf,2,0,0.001558519036368473,True
3186,3186,1598,1,sty+tfidf,2,1,0.9982211838715046,True
3187,3187,1599,0,sty+tfidf,2,0,0.013839770806516438,True
3188,3188,1599,1,sty+tfidf,2,1,0.8567255594492083,True
3189,3189,1600,0,sty+tfidf,2,0,0.06235616151445869,True
3190,3190,1600,1,sty+tfidf,2,1,0.976722394433953,True
3191,3191,1601,0,sty+tfidf,2,0,0.0412422203444211,True
3192,3192,1601,1,sty+tfidf,2,1,0.9702768375075108,True
3193,3193,1602,0,sty+tfidf,2,0,0.009623663087900839,True
3194,3194,1602,1,sty+tfidf,2,1,0.9985621219181366,True
3195,3195,1603,0,sty+tfidf,2,0,0.00018455969620378716,True
3196,3196,1603,1,sty+tfidf,2,1,0.9935177043641626,True
3197,3197,1604,0,sty+tfidf,2,0,0.024697190481426965,True
3198,3198,1604,1,sty+tfidf,2,1,0.9732785222425927,True
3199,3199,1605,0,sty+tfidf,2,0,0.0004423767966138067,True
3200,3200,1605,1,sty+tfidf,2,1,0.9524191496739336,True
3201,3201,1606,0,sty+tfidf,2,0,0.0014490937022398971,True
3202,3202,1606,1,sty+tfidf,2,1,0.868813656031883,True
3203,3203,1607,0,sty+tfidf,2,0,0.015630468196550697,True
3204,3204,1607,1,sty+tfidf,2,1,0.9990431789679336,True
3205,3205,1608,0,sty+tfidf,2,0,0.015315266721054694,True
3206,3206,1608,1,sty+tfidf,2,1,0.9983286639575424,True
3207,3207,1609,0,sty+tfidf,2,0,0.3403846962682079,True
3208,3208,1609,1,sty+tfidf,2,1,0.841650810382405,True
3209,3209,1610,0,sty+tfidf,2,0,0.01506422296615239,True
3210,3210,1610,1,sty+tfidf,2,1,0.9649716663969762,True
3211,3211,1611,0,sty+tfidf,2,0,0.0009651414435210788,True
3212,3212,1611,1,sty+tfidf,2,1,0.9954376151090817,True
3213,3213,1612,1,sty+tfidf,2,1,0.9941620579631687,True
3214,3214,1613,0,sty+tfidf,2,0,0.1049812610566276,True
3215,3215,1613,1,sty+tfidf,2,1,0.8991153068844185,True
3216,3216,1614,0,sty+tfidf,2,0,0.006086771015265927,True
3217,3217,1614,1,sty+tfidf,2,1,0.9220367987170645,True
3218,3218,1615,0,sty+tfidf,2,0,0.0009928849593278783,True
3219,3219,1615,1,sty+tfidf,2,1,0.8809240201060518,True
3220,3220,1616,0,sty+tfidf,2,0,0.0049726908800840795,True
3221,3221,1616,1,sty+tfidf,2,1,0.9966769347965437,True
3222,3222,1617,0,sty+tfidf,2,0,0.000801475744737384,True
3223,3223,1617,1,sty+tfidf,2,1,0.7311849870049799,True
3224,3224,1618,0,sty+tfidf,2,0,0.021159367206704974,True
3225,3225,1618,1,sty+tfidf,2,1,0.9901025648253393,True
3226,3226,1619,0,sty+tfidf,2,0,0.0009420269714980351,True
3227,3227,1619,1,sty+tfidf,2,1,0.9963686170750228,True
3228,3228,1620,0,sty+tfidf,2,0,0.06370830201195375,True
3229,3229,1620,1,sty+tfidf,2,1,0.9986093609157021,True
3230,3230,1621,0,sty+tfidf,2,0,0.003267361346462656,True
3231,3231,1621,1,sty+tfidf,2,1,0.9988521622614478,True
3232,3232,1622,0,sty+tfidf,2,0,0.0004035274649964991,True
3233,3233,1622,1,sty+tfidf,2,1,0.9914772953913616,True
3234,3234,1623,0,sty+tfidf,2,0,0.002342719443983268,True
3235,3235,1623,1,sty+tfidf,2,1,0.9928552914305838,True
3236,3236,1624,0,sty+tfidf,2,0,0.0626941218165275,True
3237,3237,1624,1,sty+tfidf,2,1,0.9725435840441934,True
3238,3238,1625,0,sty+tfidf,2,0,0.061766574795278424,True
3239,3239,1625,1,sty+tfidf,2,1,0.9988460032171329,True
3240,3240,1626,0,sty+tfidf,2,0,0.0007412550794944286,True
3241,3241,1626,1,sty+tfidf,2,1,0.9829808713979655,True
3242,3242,1627,0,sty+tfidf,2,0,0.07972832529457698,True
3243,3243,1627,1,sty+tfidf,2,1,0.9054000863127923,True
3244,3244,1628,0,sty+tfidf,2,0,0.002005244699558245,True
3245,3245,1628,1,sty+tfidf,2,0,0.07820161286217442,False
3246,3246,1629,0,sty+tfidf,2,0,0.15019263465522356,True
3247,3247,1629,1,sty+tfidf,2,1,0.9898963406345955,True
3248,3248,1630,0,sty+tfidf,2,0,0.01088234943157245,True
3249,3249,1630,1,sty+tfidf,2,1,0.9967669701605721,True
3250,3250,1631,0,sty+tfidf,2,0,0.08589206145939604,True
3251,3251,1631,1,sty+tfidf,2,1,0.9969858544749935,True
3252,3252,1632,0,sty+tfidf,2,0,0.00765254328611138,True
3253,3253,1632,1,sty+tfidf,2,1,0.9965829984347334,True
3254,3254,1633,0,sty+tfidf,2,0,0.0012443120181452629,True
3255,3255,1633,1,sty+tfidf,2,1,0.999324123503911,True
3256,3256,1634,0,sty+tfidf,2,0,0.0016819960860261851,True
3257,3257,1634,1,sty+tfidf,2,0,0.40700373731667777,False
3258,3258,1635,0,sty+tfidf,2,0,0.008771167652614048,True
3259,3259,1635,1,sty+tfidf,2,1,0.9973897853844153,True
3260,3260,1636,0,sty+tfidf,2,0,0.12114611364905985,True
3261,3261,1636,1,sty+tfidf,2,1,0.9992243452228796,True
3262,3262,1637,0,sty+tfidf,2,1,0.6273245405132887,False
3263,3263,1637,1,sty+tfidf,2,1,0.9979027438168354,True
3264,3264,1638,0,sty+tfidf,2,0,0.000448042637139561,True
3265,3265,1638,1,sty+tfidf,2,1,0.9986043269038496,True
3266,3266,1639,0,sty+tfidf,2,0,0.0015191352385124427,True
3267,3267,1639,1,sty+tfidf,2,1,0.994235721179823,True
3268,3268,1640,0,sty+tfidf,2,0,0.0001881691081681576,True
3269,3269,1640,1,sty+tfidf,2,1,0.9291110891150416,True
3270,3270,1641,0,sty+tfidf,2,0,0.008007256480511345,True
3271,3271,1641,1,sty+tfidf,2,0,0.4076023867646008,False
3272,3272,1642,0,sty+tfidf,2,0,0.00022603677456416293,True
3273,3273,1642,1,sty+tfidf,2,1,0.9205049575495464,True
3274,3274,1643,0,sty+tfidf,2,0,0.00019467134195742545,True
3275,3275,1643,1,sty+tfidf,2,1,0.997799047900722,True
3276,3276,1644,0,sty+tfidf,2,0,0.09775450257108531,True
3277,3277,1644,1,sty+tfidf,2,1,0.9988110646579874,True
3278,3278,1645,0,sty+tfidf,2,0,0.26959860585307893,True
3279,3279,1645,1,sty+tfidf,2,1,0.8119651764095168,True
3280,3280,1646,0,sty+tfidf,2,0,0.03867146503289951,True
3281,3281,1646,1,sty+tfidf,2,1,0.9994151290296245,True
3282,3282,1647,0,sty+tfidf,2,0,0.007858677172022717,True
3283,3283,1647,1,sty+tfidf,2,1,0.9822304417718343,True
3284,3284,1648,0,sty+tfidf,2,0,0.0001924517097627247,True
3285,3285,1648,1,sty+tfidf,2,1,0.9993918425154126,True
3286,3286,1649,0,sty+tfidf,2,0,0.012681436604355148,True
3287,3287,1649,1,sty+tfidf,2,1,0.9938920803347518,True
3288,3288,1650,0,sty+tfidf,2,0,0.009384495958103114,True
3289,3289,1650,1,sty+tfidf,2,1,0.8344686418947066,True
3290,3290,1651,0,sty+tfidf,2,0,0.0029239434108302366,True
3291,3291,1651,1,sty+tfidf,2,1,0.999688249623721,True
3292,3292,1652,0,sty+tfidf,2,0,0.0008344291338317654,True
3293,3293,1652,1,sty+tfidf,2,1,0.9449676077008489,True
3294,3294,1653,0,sty+tfidf,2,0,0.0007739070382116032,True
3295,3295,1653,1,sty+tfidf,2,1,0.997102104817983,True
3296,3296,1654,0,sty+tfidf,2,0,0.000270036540144334,True
3297,3297,1654,1,sty+tfidf,2,0,0.38761777756105614,False
3298,3298,1655,0,sty+tfidf,2,0,0.0022321445916201944,True
3299,3299,1655,1,sty+tfidf,2,1,0.9990812472358295,True
3300,3300,1656,0,sty+tfidf,2,0,0.003681917457986464,True
3301,3301,1656,1,sty+tfidf,2,1,0.9655371614786776,True
3302,3302,1657,0,sty+tfidf,2,0,0.05789329640402972,True
3303,3303,1657,1,sty+tfidf,2,1,0.9986494963162543,True
3304,3304,1658,0,sty+tfidf,2,0,0.0842867582469341,True
3305,3305,1658,1,sty+tfidf,2,1,0.9951042795257752,True
3306,3306,1659,0,sty+tfidf,2,0,0.005262109328959381,True
3307,3307,1659,1,sty+tfidf,2,1,0.9980180474038568,True
3308,3308,1660,0,sty+tfidf,2,0,0.0005095486968042205,True
3309,3309,1660,1,sty+tfidf,2,1,0.9996110257982167,True
3310,3310,1661,0,sty+tfidf,2,0,0.0034709461800919686,True
3311,3311,1661,1,sty+tfidf,2,1,0.998086585062629,True
3312,3312,1662,0,sty+tfidf,2,0,0.046036665418599326,True
3313,3313,1662,1,sty+tfidf,2,1,0.9976339024039177,True
3314,3314,1663,0,sty+tfidf,2,0,0.00047026602383981635,True
3315,3315,1663,1,sty+tfidf,2,1,0.9965476703410189,True
3316,3316,1664,0,sty+tfidf,2,0,0.024591239458029775,True
3317,3317,1664,1,sty+tfidf,2,1,0.9768424489204924,True
3318,3318,1665,0,sty+tfidf,2,0,0.25077510041673867,True
3319,3319,1665,1,sty+tfidf,2,1,0.9991818703638614,True
3320,3320,1666,0,sty+tfidf,2,0,0.0031035484004064318,True
3321,3321,1666,1,sty+tfidf,2,1,0.9726165043347523,True
3322,3322,1667,0,sty+tfidf,2,0,0.17483258595340267,True
3323,3323,1667,1,sty+tfidf,2,1,0.6307496163254509,True
3324,3324,1668,0,sty+tfidf,2,0,0.15815589948275383,True
3325,3325,1668,1,sty+tfidf,2,1,0.9964994927750946,True
3326,3326,1669,0,sty+tfidf,2,0,0.0016429241632688145,True
3327,3327,1669,1,sty+tfidf,2,1,0.9989249042514157,True
3328,3328,1670,0,sty+tfidf,2,0,0.03659713685888044,True
3329,3329,1670,1,sty+tfidf,2,1,0.8940849548702211,True
3330,3330,1671,0,sty+tfidf,2,0,0.044184508120061666,True
3331,3331,1671,1,sty+tfidf,2,1,0.9967740929835581,True
3332,3332,1672,0,sty+tfidf,2,0,0.0002087976978944088,True
3333,3333,1672,1,sty+tfidf,2,1,0.9994226408214129,True
3334,3334,1673,0,sty+tfidf,2,0,0.020543877654873442,True
3335,3335,1673,1,sty+tfidf,2,1,0.9608801318332416,True
3336,3336,1674,0,sty+tfidf,2,0,0.00032881485118109975,True
3337,3337,1674,1,sty+tfidf,2,1,0.9956589368169827,True
3338,3338,1675,0,sty+tfidf,2,0,0.005754737158018357,True
3339,3339,1675,1,sty+tfidf,2,1,0.9961258802664817,True
3340,3340,1676,0,sty+tfidf,2,0,0.051108767299936894,True
3341,3341,1676,1,sty+tfidf,2,0,0.26446968379989944,False
3342,3342,1677,0,sty+tfidf,2,0,0.08455146853715405,True
3343,3343,1677,1,sty+tfidf,2,1,0.974858839599954,True
3344,3344,1678,0,sty+tfidf,2,0,0.0012483708759002316,True
3345,3345,1678,1,sty+tfidf,2,1,0.972163898001116,True
3346,3346,1679,0,sty+tfidf,2,0,0.008579221044476873,True
3347,3347,1679,1,sty+tfidf,2,1,0.9950687772843584,True
3348,3348,1680,0,sty+tfidf,2,0,0.0038769982985597104,True
3349,3349,1680,1,sty+tfidf,2,1,0.9988701508075932,True
3350,3350,1681,0,sty+tfidf,2,0,0.09082192638470127,True
3351,3351,1681,1,sty+tfidf,2,0,0.16722613551252608,False
3352,3352,1682,0,sty+tfidf,2,0,0.004191867184253168,True
3353,3353,1682,1,sty+tfidf,2,1,0.9914461743457038,True
3354,3354,1683,0,sty+tfidf,2,0,0.011448789540863842,True
3355,3355,1683,1,sty+tfidf,2,1,0.9541755022437391,True
3356,3356,1684,0,sty+tfidf,2,0,0.08829972424223023,True
3357,3357,1684,1,sty+tfidf,2,1,0.997213615444993,True
3358,3358,1685,0,sty+tfidf,2,0,0.03712642555522994,True
3359,3359,1685,1,sty+tfidf,2,1,0.8718071094880399,True
3360,3360,1686,1,sty+tfidf,2,1,0.9423662829873777,True
3361,3361,1687,0,sty+tfidf,2,0,0.04284800669084639,True
3362,3362,1687,1,sty+tfidf,2,1,0.9982692907896978,True
3363,3363,1688,0,sty+tfidf,2,0,0.03300518145483911,True
3364,3364,1688,1,sty+tfidf,2,1,0.9761520309746953,True
3365,3365,1689,0,sty+tfidf,2,0,0.0006309935041264618,True
3366,3366,1689,1,sty+tfidf,2,1,0.9980635497922824,True
3367,3367,1690,0,sty+tfidf,2,0,0.0013983907504074055,True
3368,3368,1690,1,sty+tfidf,2,1,0.8580553197882567,True
3369,3369,1691,0,sty+tfidf,2,0,0.10188293349981842,True
3370,3370,1691,1,sty+tfidf,2,1,0.9715755991074346,True
3371,3371,1692,0,sty+tfidf,2,0,0.0017733095392738138,True
3372,3372,1692,1,sty+tfidf,2,1,0.5517312129861908,True
3373,3373,1693,0,sty+tfidf,2,0,0.0065817287047177965,True
3374,3374,1693,1,sty+tfidf,2,1,0.9841210341390435,True
3375,3375,1694,0,sty+tfidf,2,0,0.006374554467358061,True
3376,3376,1694,1,sty+tfidf,2,1,0.9949994010306714,True
3377,3377,1695,0,sty+tfidf,2,0,0.005298707274217387,True
3378,3378,1695,1,sty+tfidf,2,1,0.9992573992780474,True
3379,3379,1696,0,sty+tfidf,2,0,0.009062923522407711,True
3380,3380,1696,1,sty+tfidf,2,1,0.9688372161968617,True
3381,3381,1697,0,sty+tfidf,2,0,0.0033096446094631644,True
3382,3382,1697,1,sty+tfidf,2,1,0.9959959571780876,True
3383,3383,1698,0,sty+tfidf,2,0,0.03031344094014815,True
3384,3384,1698,1,sty+tfidf,2,1,0.9871180636586664,True
3385,3385,1699,0,sty+tfidf,2,0,0.005753529100382767,True
3386,3386,1699,1,sty+tfidf,2,1,0.9482961742666639,True
3387,3387,1700,0,sty+tfidf,2,0,0.0025683314967215307,True
3388,3388,1700,1,sty+tfidf,2,1,0.9971689074752614,True
3389,3389,1701,0,sty+tfidf,2,0,0.002301660832715023,True
3390,3390,1701,1,sty+tfidf,2,1,0.7994260283098261,True
3391,3391,1702,0,sty+tfidf,2,0,0.0029247339101554624,True
3392,3392,1702,1,sty+tfidf,2,1,0.9811834442696712,True
3393,3393,1703,0,sty+tfidf,2,0,0.001130692200331319,True
3394,3394,1703,1,sty+tfidf,2,1,0.7816991347609089,True
3395,3395,1704,0,sty+tfidf,2,0,0.006742772976865266,True
3396,3396,1704,1,sty+tfidf,2,1,0.9984730387237812,True
3397,3397,1705,0,sty+tfidf,2,0,0.08550275432832731,True
3398,3398,1705,1,sty+tfidf,2,1,0.9589832850814705,True
3399,3399,1706,0,sty+tfidf,2,0,0.010190603702576453,True
3400,3400,1706,1,sty+tfidf,2,1,0.9973125289670997,True
3401,3401,1707,0,sty+tfidf,2,0,0.02900278417803572,True
3402,3402,1707,1,sty+tfidf,2,1,0.9985596408496885,True
3403,3403,1708,0,sty+tfidf,2,0,0.0016027957529781765,True
3404,3404,1708,1,sty+tfidf,2,1,0.9840536447444573,True
3405,3405,1709,0,sty+tfidf,2,0,0.13580285166260533,True
3406,3406,1709,1,sty+tfidf,2,0,0.4183018950997991,False
3407,3407,1710,0,sty+tfidf,2,0,0.001772126483002692,True
3408,3408,1710,1,sty+tfidf,2,1,0.9818507858109972,True
3409,3409,1711,0,sty+tfidf,2,0,0.002076662688562213,True
3410,3410,1711,1,sty+tfidf,2,1,0.9997118775607619,True
3411,3411,1712,0,sty+tfidf,2,0,0.1197104009588986,True
3412,3412,1712,1,sty+tfidf,2,1,0.9984998869462642,True
3413,3413,1713,0,sty+tfidf,2,0,0.0018955984284253406,True
3414,3414,1713,1,sty+tfidf,2,1,0.9997402305844622,True
3415,3415,1714,0,sty+tfidf,2,1,0.7023741165261256,False
3416,3416,1714,1,sty+tfidf,2,1,0.9409544070702925,True
3417,3417,1715,0,sty+tfidf,2,0,0.0013493675799303552,True
3418,3418,1715,1,sty+tfidf,2,1,0.9701220201188538,True
3419,3419,1716,0,sty+tfidf,2,0,0.0007292597433275529,True
3420,3420,1716,1,sty+tfidf,2,1,0.9729908948404531,True
3421,3421,1717,0,sty+tfidf,2,0,0.001567969981471417,True
3422,3422,1717,1,sty+tfidf,2,0,0.42670833763062604,False
3423,3423,1718,0,sty+tfidf,2,0,0.00813582232294105,True
3424,3424,1718,1,sty+tfidf,2,1,0.9986870218067578,True
3425,3425,1719,0,sty+tfidf,2,0,0.4693158147909844,True
3426,3426,1719,1,sty+tfidf,2,1,0.994240846880336,True
3427,3427,1720,0,sty+tfidf,2,0,0.05851688957632885,True
3428,3428,1720,1,sty+tfidf,2,1,0.992078889493027,True
3429,3429,1721,0,sty+tfidf,2,0,0.004899922423407439,True
3430,3430,1721,1,sty+tfidf,2,1,0.9853986695213484,True
3431,3431,1722,0,sty+tfidf,2,0,0.00801554090098532,True
3432,3432,1722,1,sty+tfidf,2,1,0.9753352446744934,True
3433,3433,1723,0,sty+tfidf,2,0,0.002476100465996202,True
3434,3434,1723,1,sty+tfidf,2,1,0.9993949027656044,True
3435,3435,1724,0,sty+tfidf,2,0,0.011418314303397303,True
3436,3436,1724,1,sty+tfidf,2,1,0.9993622552536977,True
3437,3437,1725,0,sty+tfidf,2,0,0.005413932278765216,True
3438,3438,1725,1,sty+tfidf,2,1,0.9993429751517986,True
3439,3439,1726,0,sty+tfidf,2,0,0.0004665791356629941,True
3440,3440,1726,1,sty+tfidf,2,0,0.0852463857934934,False
3441,3441,1727,0,sty+tfidf,2,0,0.006707633731546505,True
3442,3442,1727,1,sty+tfidf,2,1,0.9997431185359471,True
3443,3443,1728,0,sty+tfidf,2,0,0.002139168998932885,True
3444,3444,1728,1,sty+tfidf,2,1,0.8611290939946445,True
3445,3445,1729,0,sty+tfidf,2,0,0.000752153011664608,True
3446,3446,1729,1,sty+tfidf,2,1,0.9597377890156257,True
3447,3447,1730,0,sty+tfidf,2,0,0.0004894109489856616,True
3448,3448,1730,1,sty+tfidf,2,1,0.9488265124015763,True
3449,3449,1731,0,sty+tfidf,2,0,0.01724973993139993,True
3450,3450,1731,1,sty+tfidf,2,1,0.9944015116979082,True
3451,3451,1732,0,sty+tfidf,2,0,0.0037924296542324286,True
3452,3452,1732,1,sty+tfidf,2,0,0.4279182734749505,False
3453,3453,1733,0,sty+tfidf,2,0,0.012515013996689769,True
3454,3454,1733,1,sty+tfidf,2,1,0.998580038745525,True
3455,3455,1734,0,sty+tfidf,2,0,0.0024274802723126855,True
3456,3456,1734,1,sty+tfidf,2,1,0.9833800426636382,True
3457,3457,1735,0,sty+tfidf,2,0,0.0002252140104591553,True
3458,3458,1735,1,sty+tfidf,2,0,0.38719286926537205,False
3459,3459,1736,0,sty+tfidf,2,0,0.0077719794362274145,True
3460,3460,1736,1,sty+tfidf,2,1,0.6899823314121966,True
3461,3461,1737,0,sty+tfidf,2,0,0.00039145840110733747,True
3462,3462,1737,1,sty+tfidf,2,1,0.5280631067755438,True
3463,3463,1738,0,sty+tfidf,2,0,0.26588984532698073,True
3464,3464,1738,1,sty+tfidf,2,1,0.9994643902377462,True
3465,3465,1739,0,sty+tfidf,2,0,0.03512529265273233,True
3466,3466,1739,1,sty+tfidf,2,1,0.975818097419612,True
3467,3467,1740,0,sty+tfidf,2,0,0.0012814568497197974,True
3468,3468,1740,1,sty+tfidf,2,1,0.9994540201447386,True
3469,3469,1741,0,sty+tfidf,2,0,0.024993795130268386,True
3470,3470,1741,1,sty+tfidf,2,1,0.9988459596720826,True
3471,3471,1742,0,sty+tfidf,2,0,0.001699535303052347,True
3472,3472,1742,1,sty+tfidf,2,1,0.9989118894101743,True
3473,3473,1743,0,sty+tfidf,2,0,0.004983705517201557,True
3474,3474,1743,1,sty+tfidf,2,1,0.9983643315309797,True
3475,3475,1744,0,sty+tfidf,2,0,0.04050939262648327,True
3476,3476,1744,1,sty+tfidf,2,1,0.982838377254652,True
3477,3477,1745,0,sty+tfidf,2,0,0.0001709937660176821,True
3478,3478,1745,1,sty+tfidf,2,1,0.9733251455645502,True
3479,3479,1746,0,sty+tfidf,2,0,0.004243869313994506,True
3480,3480,1746,1,sty+tfidf,2,1,0.9342080444356515,True
3481,3481,1747,0,sty+tfidf,2,0,0.38721273270252266,True
3482,3482,1747,1,sty+tfidf,2,1,0.9872795397343576,True
3483,3483,1748,0,sty+tfidf,2,0,0.03629356748585354,True
3484,3484,1748,1,sty+tfidf,2,1,0.9986581242002166,True
3485,3485,1749,0,sty+tfidf,2,0,0.022291278758140205,True
3486,3486,1749,1,sty+tfidf,2,1,0.9910798564591373,True
3487,3487,1750,0,sty+tfidf,2,0,0.10907875683276388,True
3488,3488,1750,1,sty+tfidf,2,1,0.9924599542697932,True
3489,3489,1751,0,sty+tfidf,2,0,0.18952490434242686,True
3490,3490,1751,1,sty+tfidf,2,1,0.9944041047022554,True
3491,3491,1752,0,sty+tfidf,2,0,0.0042248595452240995,True
3492,3492,1752,1,sty+tfidf,2,1,0.8552677973432724,True
3493,3493,1753,0,sty+tfidf,2,0,0.003214046997032077,True
3494,3494,1753,1,sty+tfidf,2,1,0.9978063544948604,True
3495,3495,1754,1,sty+tfidf,2,1,0.9979901365809783,True
3496,3496,1755,0,sty+tfidf,2,0,0.0009692232236783486,True
3497,3497,1755,1,sty+tfidf,2,0,0.22200304968503543,False
3498,3498,1756,0,sty+tfidf,2,0,0.004028000200904831,True
3499,3499,1756,1,sty+tfidf,2,1,0.9981927227703399,True
3500,3500,1757,0,sty+tfidf,2,1,0.8157986808422037,False
3501,3501,1757,1,sty+tfidf,2,1,0.9630416519794931,True
3502,3502,1758,0,sty+tfidf,2,0,0.00878079016829511,True
3503,3503,1758,1,sty+tfidf,2,1,0.9875684183377644,True
3504,3504,1759,0,sty+tfidf,2,0,0.1466761178139836,True
3505,3505,1759,1,sty+tfidf,2,1,0.9977676209484944,True
3506,3506,1760,0,sty+tfidf,2,0,0.0097360205492421,True
3507,3507,1760,1,sty+tfidf,2,1,0.9963024323661134,True
3508,3508,1761,0,sty+tfidf,2,0,0.3816980349646598,True
3509,3509,1761,1,sty+tfidf,2,1,0.9990975974228541,True
3510,3510,1762,0,sty+tfidf,2,0,0.0021193105914261005,True
3511,3511,1762,1,sty+tfidf,2,1,0.9579163157676246,True
3512,3512,1763,0,sty+tfidf,2,0,0.03785166672419865,True
3513,3513,1763,1,sty+tfidf,2,1,0.9480142733497913,True
3514,3514,1764,0,sty+tfidf,2,0,0.01490667126353559,True
3515,3515,1764,1,sty+tfidf,2,1,0.7072216730586249,True
3516,3516,1765,0,sty+tfidf,2,0,0.0013479892570130347,True
3517,3517,1765,1,sty+tfidf,2,1,0.9968551335807759,True
3518,3518,1766,0,sty+tfidf,2,0,0.03711293425907995,True
3519,3519,1766,1,sty+tfidf,2,1,0.9489025570218799,True
3520,3520,1767,0,sty+tfidf,2,0,0.02395556332464459,True
3521,3521,1767,1,sty+tfidf,2,1,0.9964905874532531,True
3522,3522,1768,0,sty+tfidf,2,0,0.004208413352455154,True
3523,3523,1768,1,sty+tfidf,2,1,0.9230848789717995,True
3524,3524,1769,0,sty+tfidf,2,0,0.0014495633447174036,True
3525,3525,1769,1,sty+tfidf,2,1,0.970170785259771,True
3526,3526,1770,0,sty+tfidf,2,0,0.004547679221878696,True
3527,3527,1770,1,sty+tfidf,2,1,0.9996811948010655,True
3528,3528,1771,0,sty+tfidf,2,0,0.0012555242221209937,True
3529,3529,1771,1,sty+tfidf,2,1,0.9945553771390722,True
3530,3530,1772,0,sty+tfidf,2,0,0.0028847682110043323,True
3531,3531,1772,1,sty+tfidf,2,1,0.9967331875763218,True
3532,3532,1773,0,sty+tfidf,2,0,0.014329984431178625,True
3533,3533,1773,1,sty+tfidf,2,1,0.9904083511039689,True
3534,3534,1774,0,sty+tfidf,2,0,0.01933103369863853,True
3535,3535,1774,1,sty+tfidf,2,1,0.9987050372560328,True
3536,3536,1775,0,sty+tfidf,2,0,0.0019917616905269046,True
3537,3537,1775,1,sty+tfidf,2,1,0.9965117924010843,True
3538,3538,1776,0,sty+tfidf,2,0,0.0021450443680234147,True
3539,3539,1776,1,sty+tfidf,2,1,0.9734185520586107,True
3540,3540,1777,0,sty+tfidf,2,0,0.00215695737813356,True
3541,3541,1777,1,sty+tfidf,2,1,0.9989843833265947,True
3542,3542,1778,0,sty+tfidf,2,0,0.0008745389775388676,True
3543,3543,1778,1,sty+tfidf,2,1,0.7710914182761066,True
3544,3544,1779,0,sty+tfidf,2,0,0.0006041895519824027,True
3545,3545,1779,1,sty+tfidf,2,1,0.9983647339792159,True
3546,3546,1780,0,sty+tfidf,2,0,0.0001669891183316227,True
3547,3547,1780,1,sty+tfidf,2,1,0.9993158450718812,True
3548,3548,1781,0,sty+tfidf,2,0,0.0008375636220802831,True
3549,3549,1781,1,sty+tfidf,2,1,0.9877311542499314,True
3550,3550,1782,0,sty+tfidf,2,0,0.025066800089544594,True
3551,3551,1782,1,sty+tfidf,2,1,0.9903877017197825,True
3552,3552,1783,0,sty+tfidf,2,0,0.01107588812142503,True
3553,3553,1783,1,sty+tfidf,2,1,0.6529857859657116,True
3554,3554,1784,0,sty+tfidf,2,1,0.7750540913490792,False
3555,3555,1784,1,sty+tfidf,2,1,0.9964648773575195,True
3556,3556,1785,0,sty+tfidf,2,0,0.0009263618812968364,True
3557,3557,1785,1,sty+tfidf,2,1,0.9806638001964537,True
3558,3558,1786,0,sty+tfidf,2,0,0.028167285751174165,True
3559,3559,1786,1,sty+tfidf,2,1,0.9963715839012789,True
3560,3560,1787,0,sty+tfidf,2,0,0.0005234842486142148,True
3561,3561,1787,1,sty+tfidf,2,1,0.9633410505993701,True
3562,3562,1788,0,sty+tfidf,2,0,0.11376833761864477,True
3563,3563,1788,1,sty+tfidf,2,1,0.9980137554502202,True
3564,3564,1789,0,sty+tfidf,2,0,0.00040468370820044347,True
3565,3565,1789,1,sty+tfidf,2,1,0.9939201976077121,True
3566,3566,1790,0,sty+tfidf,2,0,0.24232316348774072,True
3567,3567,1790,1,sty+tfidf,2,1,0.9998582258349502,True
3568,3568,1791,0,sty+tfidf,2,0,0.0003872447298737453,True
3569,3569,1791,1,sty+tfidf,2,1,0.9985825008267264,True
3570,3570,1792,0,sty+tfidf,2,0,0.008953033853591086,True
3571,3571,1792,1,sty+tfidf,2,1,0.9976043042822699,True
3572,3572,1793,0,sty+tfidf,2,0,0.02155635151939865,True
3573,3573,1793,1,sty+tfidf,2,1,0.9943870180275058,True
3574,3574,1794,0,sty+tfidf,2,0,0.0003800348472431535,True
3575,3575,1794,1,sty+tfidf,2,1,0.9269003775891903,True
3576,3576,1795,0,sty+tfidf,2,0,0.006891887489032379,True
3577,3577,1795,1,sty+tfidf,2,1,0.9867256680849152,True
3578,3578,1796,0,sty+tfidf,2,0,0.0015727872632702962,True
3579,3579,1796,1,sty+tfidf,2,1,0.9416614445643406,True
3580,3580,1797,0,sty+tfidf,2,0,0.0008089659633803605,True
3581,3581,1797,1,sty+tfidf,2,1,0.8985969077643943,True
3582,3582,1798,0,sty+tfidf,2,0,0.02153248151373203,True
3583,3583,1798,1,sty+tfidf,2,1,0.9908339427645124,True
3584,3584,1799,0,sty+tfidf,2,0,0.0015014951252036398,True
3585,3585,1799,1,sty+tfidf,2,1,0.9972438768941702,True
3586,3586,1800,0,sty+tfidf,2,0,0.024485423342156174,True
3587,3587,1800,1,sty+tfidf,2,1,0.9976191226526848,True
3588,3588,1801,0,sty+tfidf,2,0,0.05347425830981254,True
3589,3589,1801,1,sty+tfidf,2,1,0.9441383896050225,True
3590,3590,1802,0,sty+tfidf,2,0,0.0015843840657679736,True
3591,3591,1802,1,sty+tfidf,2,1,0.9955281677992557,True
3592,3592,1803,0,sty+tfidf,2,0,0.0015788587206639324,True
3593,3593,1803,1,sty+tfidf,2,1,0.9979377239601429,True
3594,3594,1804,0,sty+tfidf,2,0,0.0989896713696919,True
3595,3595,1804,1,sty+tfidf,2,1,0.9977317767060293,True
3596,3596,1805,0,sty+tfidf,2,1,0.5644117499684395,False
3597,3597,1805,1,sty+tfidf,2,1,0.9996687204280663,True
3598,3598,1806,0,sty+tfidf,2,0,0.0034988769161435488,True
3599,3599,1806,1,sty+tfidf,2,1,0.9335632302723808,True
3600,3600,1807,0,sty+tfidf,2,0,0.012196203553049477,True
3601,3601,1807,1,sty+tfidf,2,1,0.979918506439719,True
3602,3602,1808,0,sty+tfidf,2,0,0.03015375541106666,True
3603,3603,1808,1,sty+tfidf,2,1,0.9987006169813251,True
3604,3604,1809,0,sty+tfidf,2,0,0.021677654225398853,True
3605,3605,1809,1,sty+tfidf,2,1,0.5823289932693696,True
3606,3606,1810,0,sty+tfidf,2,0,0.009919851869731057,True
3607,3607,1810,1,sty+tfidf,2,1,0.9988388993361818,True
3608,3608,1811,0,sty+tfidf,2,0,0.01015407467197926,True
3609,3609,1811,1,sty+tfidf,2,1,0.9994013735474572,True
3610,3610,1812,0,sty+tfidf,2,0,0.002477742848957899,True
3611,3611,1812,1,sty+tfidf,2,1,0.9995962775227986,True
3612,3612,1813,0,sty+tfidf,2,0,0.010629413285742333,True
3613,3613,1813,1,sty+tfidf,2,1,0.9976866685986937,True
3614,3614,1814,0,sty+tfidf,2,0,0.006151512559527124,True
3615,3615,1814,1,sty+tfidf,2,1,0.9697123176241992,True
3616,3616,1815,0,sty+tfidf,2,0,0.0005788024249836064,True
3617,3617,1815,1,sty+tfidf,2,1,0.9983695163398545,True
3618,3618,1816,0,sty+tfidf,2,0,0.023042499300314358,True
3619,3619,1816,1,sty+tfidf,2,1,0.9879520514110363,True
3620,3620,1817,0,sty+tfidf,2,0,0.00028376184759251955,True
3621,3621,1817,1,sty+tfidf,2,1,0.9892023362254031,True
3622,3622,1818,0,sty+tfidf,2,0,0.09463300022336714,True
3623,3623,1818,1,sty+tfidf,2,1,0.9987025143837359,True
3624,3624,1819,0,sty+tfidf,2,0,0.08845378354635566,True
3625,3625,1819,1,sty+tfidf,2,1,0.9995379592448417,True
3626,3626,1820,0,sty+tfidf,2,0,0.24164697290515158,True
3627,3627,1820,1,sty+tfidf,2,1,0.9953544310252853,True
3628,3628,1821,0,sty+tfidf,2,0,0.26251593432265524,True
3629,3629,1821,1,sty+tfidf,2,1,0.9942858764986885,True
3630,3630,1822,0,sty+tfidf,2,0,0.010017968556139283,True
3631,3631,1822,1,sty+tfidf,2,1,0.9971203374767054,True
3632,3632,1823,0,sty+tfidf,2,0,8.931599610873176e-05,True
3633,3633,1823,1,sty+tfidf,2,1,0.9517161195884624,True
3634,3634,1824,0,sty+tfidf,2,0,0.11864573846789443,True
3635,3635,1824,1,sty+tfidf,2,1,0.9994074441843582,True
3636,3636,1825,0,sty+tfidf,2,0,0.40607271008005813,True
3637,3637,1825,1,sty+tfidf,2,1,0.9986650053809962,True
3638,3638,1826,0,sty+tfidf,2,0,0.0011944018296498424,True
3639,3639,1826,1,sty+tfidf,2,1,0.9966973736697599,True
3640,3640,1827,0,sty+tfidf,2,0,0.0010007098735750808,True
3641,3641,1827,1,sty+tfidf,2,0,0.08417230455920861,False
3642,3642,1828,0,sty+tfidf,2,1,0.5236130449434938,False
3643,3643,1828,1,sty+tfidf,2,1,0.9853612749648198,True
3644,3644,1829,0,sty+tfidf,2,0,0.005258859684264245,True
3645,3645,1829,1,sty+tfidf,2,1,0.9931053003457784,True
3646,3646,1830,0,sty+tfidf,2,0,0.0022157305212374143,True
3647,3647,1830,1,sty+tfidf,2,1,0.9699171211342552,True
3648,3648,1831,0,sty+tfidf,2,0,0.0018893487210678663,True
3649,3649,1831,1,sty+tfidf,2,1,0.9800801218033508,True
3650,3650,1832,0,sty+tfidf,2,0,0.0015051182387189122,True
3651,3651,1832,1,sty+tfidf,2,1,0.9896311938573573,True
3652,3652,1833,0,sty+tfidf,2,0,0.0006295831729637082,True
3653,3653,1833,1,sty+tfidf,2,1,0.9808917076593823,True
3654,3654,1834,0,sty+tfidf,2,0,0.006785525568287815,True
3655,3655,1834,1,sty+tfidf,2,1,0.9893676410090795,True
3656,3656,1835,0,sty+tfidf,2,0,0.00036345743053330446,True
3657,3657,1835,1,sty+tfidf,2,1,0.9964526898578151,True
3658,3658,1836,0,sty+tfidf,2,0,0.0003756532978142287,True
3659,3659,1836,1,sty+tfidf,2,1,0.9947459773093915,True
3660,3660,1837,0,sty+tfidf,2,1,0.6337114630858341,False
3661,3661,1837,1,sty+tfidf,2,1,0.9984031765418762,True
3662,3662,1838,0,sty+tfidf,2,0,0.0006577882038819349,True
3663,3663,1838,1,sty+tfidf,2,1,0.9995669836546603,True
3664,3664,1839,0,sty+tfidf,2,0,0.05409652217734838,True
3665,3665,1839,1,sty+tfidf,2,1,0.9934522854083754,True
3666,3666,1840,0,sty+tfidf,2,0,0.006099138470485952,True
3667,3667,1840,1,sty+tfidf,2,1,0.7895816616435736,True
3668,3668,1841,0,sty+tfidf,2,0,0.006779813191133713,True
3669,3669,1841,1,sty+tfidf,2,1,0.9937144232950715,True
3670,3670,1842,0,sty+tfidf,2,0,0.0001722041017714524,True
3671,3671,1842,1,sty+tfidf,2,1,0.9813823681250495,True
3672,3672,1843,0,sty+tfidf,2,0,0.006372654025746258,True
3673,3673,1843,1,sty+tfidf,2,1,0.996353239554584,True
3674,3674,1844,0,sty+tfidf,2,0,0.008181306052102058,True
3675,3675,1844,1,sty+tfidf,2,1,0.9565414792899516,True
3676,3676,1845,0,sty+tfidf,2,0,0.0010914379416693217,True
3677,3677,1845,1,sty+tfidf,2,1,0.9986403292590315,True
3678,3678,1846,0,sty+tfidf,2,1,0.7794173779700229,False
3679,3679,1846,1,sty+tfidf,2,1,0.9963696051630673,True
3680,3680,1847,0,sty+tfidf,2,0,0.1461279050260106,True
3681,3681,1847,1,sty+tfidf,2,1,0.9911326029928813,True
3682,3682,1848,0,sty+tfidf,2,0,0.010429459677207775,True
3683,3683,1848,1,sty+tfidf,2,1,0.9979309096432907,True
3684,3684,1849,0,sty+tfidf,2,0,0.2003359568594567,True
3685,3685,1849,1,sty+tfidf,2,1,0.9911840775705371,True
3686,3686,1850,0,sty+tfidf,2,0,0.009814791543175721,True
3687,3687,1850,1,sty+tfidf,2,0,0.3369915623320718,False
3688,3688,1851,0,sty+tfidf,2,0,0.0008012884274326395,True
3689,3689,1851,1,sty+tfidf,2,1,0.9562252764395558,True
3690,3690,1852,0,sty+tfidf,2,0,0.000721803233838454,True
3691,3691,1852,1,sty+tfidf,2,1,0.9968303501744636,True
3692,3692,1853,0,sty+tfidf,2,0,0.11239755126774126,True
3693,3693,1853,1,sty+tfidf,2,1,0.9787557671971503,True
3694,3694,1854,0,sty+tfidf,2,0,0.004270828423530431,True
3695,3695,1854,1,sty+tfidf,2,1,0.9917412213809574,True
3696,3696,1855,0,sty+tfidf,2,0,0.00040412300761894047,True
3697,3697,1855,1,sty+tfidf,2,1,0.9997469482794503,True
3698,3698,1856,0,sty+tfidf,2,0,0.002418649971688061,True
3699,3699,1856,1,sty+tfidf,2,1,0.9963814313138923,True
3700,3700,1857,0,sty+tfidf,2,0,0.002418475386249167,True
3701,3701,1857,1,sty+tfidf,2,1,0.9996854966397684,True
3702,3702,1858,0,sty+tfidf,2,0,0.00842513458638627,True
3703,3703,1858,1,sty+tfidf,2,1,0.9948326407473018,True
3704,3704,1859,0,sty+tfidf,2,0,0.09199385896163856,True
3705,3705,1859,1,sty+tfidf,2,1,0.9989316382579928,True
3706,3706,1860,0,sty+tfidf,2,0,0.011270343740723008,True
3707,3707,1860,1,sty+tfidf,2,0,0.10085894359849301,False
3708,3708,1861,0,sty+tfidf,2,0,8.572570119463798e-05,True
3709,3709,1861,1,sty+tfidf,2,1,0.8395039155755691,True
3710,3710,1862,0,sty+tfidf,2,0,0.0007887265649308757,True
3711,3711,1862,1,sty+tfidf,2,1,0.9992514066873001,True
3712,3712,1863,0,sty+tfidf,2,0,0.08237053960064143,True
3713,3713,1863,1,sty+tfidf,2,1,0.9855463556634007,True
3714,3714,1864,0,sty+tfidf,2,0,0.00213311100646714,True
3715,3715,1864,1,sty+tfidf,2,1,0.9976917907500549,True
3716,3716,1865,0,sty+tfidf,2,0,0.05724769637305863,True
3717,3717,1865,1,sty+tfidf,2,1,0.9977598577238933,True
3718,3718,1866,0,sty+tfidf,2,0,0.0025770986891852114,True
3719,3719,1866,1,sty+tfidf,2,1,0.9134192144716838,True
3720,3720,1867,0,sty+tfidf,2,0,0.004813923374885204,True
3721,3721,1867,1,sty+tfidf,2,1,0.8692454663622664,True
3722,3722,1868,0,sty+tfidf,2,0,0.0025992234953264846,True
3723,3723,1868,1,sty+tfidf,2,1,0.9968343827814987,True
3724,3724,1869,0,sty+tfidf,2,0,0.16735211678580866,True
3725,3725,1869,1,sty+tfidf,2,1,0.956685475265379,True
3726,3726,1870,0,sty+tfidf,2,0,0.0031758058279146096,True
3727,3727,1870,1,sty+tfidf,2,1,0.9822514436222831,True
3728,3728,1871,0,sty+tfidf,2,0,0.02102821680562947,True
3729,3729,1871,1,sty+tfidf,2,1,0.9924855052508617,True
3730,3730,1872,0,sty+tfidf,2,0,0.0022108545557638203,True
3731,3731,1872,1,sty+tfidf,2,1,0.9768857344463037,True
3732,3732,1873,0,sty+tfidf,2,0,0.0002885263544670411,True
3733,3733,1873,1,sty+tfidf,2,1,0.9788779454215588,True
3734,3734,1874,0,sty+tfidf,2,0,0.001658134616126168,True
3735,3735,1874,1,sty+tfidf,2,1,0.9858929966897698,True
3736,3736,1875,0,sty+tfidf,2,0,0.0004600753170975817,True
3737,3737,1875,1,sty+tfidf,2,1,0.9822972477996423,True
3738,3738,1876,0,sty+tfidf,2,0,0.0013914928100097331,True
3739,3739,1876,1,sty+tfidf,2,1,0.974128087281189,True
3740,3740,1877,0,sty+tfidf,2,0,0.00020459014644093668,True
3741,3741,1877,1,sty+tfidf,2,1,0.9985453984879067,True
3742,3742,1878,0,sty+tfidf,2,0,6.796333545459027e-05,True
3743,3743,1878,1,sty+tfidf,2,1,0.9982939804607491,True
3744,3744,1879,0,sty+tfidf,2,0,0.006456743761002787,True
3745,3745,1879,1,sty+tfidf,2,1,0.9882992857830665,True
3746,3746,1880,0,sty+tfidf,2,0,0.0019063748982963747,True
3747,3747,1880,1,sty+tfidf,2,1,0.969081169024855,True
3748,3748,1881,0,sty+tfidf,2,0,0.0033928392930507784,True
3749,3749,1881,1,sty+tfidf,2,1,0.9751924986083295,True
3750,3750,1882,0,sty+tfidf,2,0,0.011819373438338701,True
3751,3751,1882,1,sty+tfidf,2,1,0.9968460962739671,True
3752,3752,1883,0,sty+tfidf,2,0,0.0004390336098255454,True
3753,3753,1883,1,sty+tfidf,2,1,0.9980446215368062,True
3754,3754,1884,0,sty+tfidf,2,0,0.008915216485269937,True
3755,3755,1884,1,sty+tfidf,2,1,0.9978293135686886,True
3756,3756,1885,0,sty+tfidf,2,0,0.00244280741284881,True
3757,3757,1885,1,sty+tfidf,2,1,0.9993649645117056,True
3758,3758,1886,0,sty+tfidf,2,0,0.0006288033848795214,True
3759,3759,1886,1,sty+tfidf,2,0,0.02034728025912543,False
3760,3760,1887,0,sty+tfidf,2,0,0.0014823491026258995,True
3761,3761,1887,1,sty+tfidf,2,1,0.9979298346439758,True
3762,3762,1888,0,sty+tfidf,2,0,0.39942047508630807,True
3763,3763,1888,1,sty+tfidf,2,1,0.9993483597052221,True
3764,3764,1889,0,sty+tfidf,2,0,0.006817780394327774,True
3765,3765,1889,1,sty+tfidf,2,1,0.9996569277798516,True
3766,3766,1890,0,sty+tfidf,2,0,0.000317198745963085,True
3767,3767,1890,1,sty+tfidf,2,1,0.9986274558542195,True
3768,3768,1891,0,sty+tfidf,2,0,0.0005060433868344634,True
3769,3769,1891,1,sty+tfidf,2,1,0.9898920535503939,True
3770,3770,1892,0,sty+tfidf,2,0,0.0025592152196231674,True
3771,3771,1892,1,sty+tfidf,2,1,0.9966072116461638,True
3772,3772,1893,0,sty+tfidf,2,0,0.0004907529935875483,True
3773,3773,1893,1,sty+tfidf,2,1,0.995305168568527,True
3774,3774,1894,0,sty+tfidf,2,0,0.0022153511221347628,True
3775,3775,1894,1,sty+tfidf,2,1,0.9978836061099132,True
3776,3776,1895,0,sty+tfidf,2,0,0.0031914689206862874,True
3777,3777,1895,1,sty+tfidf,2,1,0.9911960502749935,True
3778,3778,1896,0,sty+tfidf,2,0,0.48414838365717533,True
3779,3779,1896,1,sty+tfidf,2,1,0.9967279970457522,True
3780,3780,1897,0,sty+tfidf,2,0,0.01842226316605393,True
3781,3781,1897,1,sty+tfidf,2,1,0.9144116159061897,True
3782,3782,1898,0,sty+tfidf,2,1,0.8445425902869442,False
3783,3783,1898,1,sty+tfidf,2,1,0.9870355964524372,True
3784,3784,1899,0,sty+tfidf,2,0,0.009244663474513077,True
3785,3785,1899,1,sty+tfidf,2,1,0.9978846204437873,True
3786,3786,1900,0,sty+tfidf,2,1,0.5023157125444679,False
3787,3787,1900,1,sty+tfidf,2,1,0.9986620469361546,True
3788,3788,1901,0,sty+tfidf,2,0,0.0023369496320314606,True
3789,3789,1901,1,sty+tfidf,2,1,0.7074565266764086,True
3790,3790,1902,0,sty+tfidf,2,0,0.007170387622000066,True
3791,3791,1902,1,sty+tfidf,2,1,0.9935364383520476,True
3792,3792,1903,0,sty+tfidf,2,0,0.11227395864428465,True
3793,3793,1903,1,sty+tfidf,2,1,0.8700960325209441,True
3794,3794,1904,0,sty+tfidf,2,0,0.00655676205501198,True
3795,3795,1904,1,sty+tfidf,2,0,0.0977203533780139,False
3796,3796,1905,0,sty+tfidf,2,0,0.0013614409083159233,True
3797,3797,1905,1,sty+tfidf,2,1,0.8844936305616891,True
3798,3798,1906,1,sty+tfidf,2,1,0.9732656272427894,True
3799,3799,1907,0,sty+tfidf,2,0,0.0017476917255169467,True
3800,3800,1907,1,sty+tfidf,2,1,0.9981199030206758,True
3801,3801,1908,0,sty+tfidf,2,0,0.0781832370973133,True
3802,3802,1908,1,sty+tfidf,2,1,0.9973960760628097,True
3803,3803,1909,0,sty+tfidf,2,0,0.00034184071640647694,True
3804,3804,1909,1,sty+tfidf,2,1,0.5049215825865124,True
3805,3805,1910,0,sty+tfidf,2,0,0.026684346393524298,True
3806,3806,1910,1,sty+tfidf,2,1,0.9965472170312777,True
3807,3807,1911,0,sty+tfidf,2,0,0.1800397043730729,True
3808,3808,1911,1,sty+tfidf,2,1,0.9885465405875915,True
3809,3809,1912,0,sty+tfidf,2,0,0.0008294911773445023,True
3810,3810,1912,1,sty+tfidf,2,1,0.9478750201698338,True
3811,3811,1913,0,sty+tfidf,2,0,0.001619640773937083,True
3812,3812,1913,1,sty+tfidf,2,1,0.9935786975174211,True
3813,3813,1914,0,sty+tfidf,2,0,0.005450441760285828,True
3814,3814,1914,1,sty+tfidf,2,1,0.9971074085808124,True
3815,3815,1915,0,sty+tfidf,2,0,0.003116108084920705,True
3816,3816,1915,1,sty+tfidf,2,1,0.9958337829477169,True
3817,3817,1916,0,sty+tfidf,2,0,0.0010929508776962036,True
3818,3818,1916,1,sty+tfidf,2,1,0.9944945388446709,True
3819,3819,1917,0,sty+tfidf,2,0,0.0032018758594965263,True
3820,3820,1917,1,sty+tfidf,2,1,0.9889790358992515,True
3821,3821,1918,0,sty+tfidf,2,0,0.0005697764669053397,True
3822,3822,1918,1,sty+tfidf,2,1,0.9816169257022533,True
3823,3823,1919,0,sty+tfidf,2,0,0.0002562160755313153,True
3824,3824,1919,1,sty+tfidf,2,1,0.9991379250952892,True
3825,3825,1920,0,sty+tfidf,2,0,0.007583280620857747,True
3826,3826,1920,1,sty+tfidf,2,1,0.998529166357645,True
3827,3827,1921,0,sty+tfidf,2,0,0.002045006981344707,True
3828,3828,1921,1,sty+tfidf,2,1,0.9964340552342044,True
3829,3829,1922,0,sty+tfidf,2,0,0.0007808707600430038,True
3830,3830,1922,1,sty+tfidf,2,1,0.9973923762051884,True
3831,3831,1923,0,sty+tfidf,2,0,0.000595236183508043,True
3832,3832,1923,1,sty+tfidf,2,1,0.997606621024265,True
3833,3833,1924,0,sty+tfidf,2,0,0.0538883773815252,True
3834,3834,1924,1,sty+tfidf,2,1,0.9988420429725193,True
3835,3835,1925,0,sty+tfidf,2,0,0.0004993703854718807,True
3836,3836,1925,1,sty+tfidf,2,1,0.9992358406059123,True
3837,3837,1926,0,sty+tfidf,2,0,0.0003191282879080036,True
3838,3838,1926,1,sty+tfidf,2,0,0.25098750671221237,False
3839,3839,1927,0,sty+tfidf,2,0,0.01456724384136762,True
3840,3840,1927,1,sty+tfidf,2,1,0.9994478962285444,True
3841,3841,1928,0,sty+tfidf,2,0,0.0006515791471649212,True
3842,3842,1928,1,sty+tfidf,2,0,0.3404815879832653,False
3843,3843,1929,0,sty+tfidf,2,0,0.0036270741361086,True
3844,3844,1929,1,sty+tfidf,2,1,0.9985579520293314,True
3845,3845,1930,0,sty+tfidf,2,0,0.00014225315639678981,True
3846,3846,1930,1,sty+tfidf,2,1,0.7997497996608299,True
3847,3847,1931,0,sty+tfidf,2,0,0.0009896665192182367,True
3848,3848,1931,1,sty+tfidf,2,1,0.9855498261291613,True
3849,3849,1932,0,sty+tfidf,2,0,0.002491474785164814,True
3850,3850,1932,1,sty+tfidf,2,1,0.9797162080685892,True
3851,3851,1933,0,sty+tfidf,2,0,0.0008145952993673805,True
3852,3852,1933,1,sty+tfidf,2,1,0.9727952422508647,True
3853,3853,1934,0,sty+tfidf,2,0,0.09377513652610671,True
3854,3854,1934,1,sty+tfidf,2,1,0.9908453444986505,True
3855,3855,1935,0,sty+tfidf,2,1,0.5204053113182879,False
3856,3856,1935,1,sty+tfidf,2,1,0.9934688089089679,True
3857,3857,1936,0,sty+tfidf,2,1,0.5699342108217317,False
3858,3858,1936,1,sty+tfidf,2,1,0.9994727770760026,True
3859,3859,1937,0,sty+tfidf,2,0,0.001635421642919996,True
3860,3860,1937,1,sty+tfidf,2,1,0.9677528955546795,True
3861,3861,1938,0,sty+tfidf,2,0,0.3876382519949407,True
3862,3862,1938,1,sty+tfidf,2,1,0.9453089135576713,True
3863,3863,1939,0,sty+tfidf,2,0,0.00046481354504615,True
3864,3864,1939,1,sty+tfidf,2,0,0.2876541632860273,False
3865,3865,1940,0,sty+tfidf,2,1,0.7756274123726946,False
3866,3866,1940,1,sty+tfidf,2,1,0.9965147577021818,True
3867,3867,1941,0,sty+tfidf,2,0,0.36749372261348756,True
3868,3868,1941,1,sty+tfidf,2,1,0.9906163602456703,True
3869,3869,1942,0,sty+tfidf,2,0,0.0009293378159678378,True
3870,3870,1942,1,sty+tfidf,2,1,0.6915519360305,True
3871,3871,1943,0,sty+tfidf,2,0,5.079882947089795e-05,True
3872,3872,1943,1,sty+tfidf,2,1,0.9779512040455021,True
3873,3873,1944,0,sty+tfidf,2,0,0.009817793331744186,True
3874,3874,1944,1,sty+tfidf,2,1,0.9963969621826708,True
3875,3875,1945,0,sty+tfidf,2,0,0.0001710435714335923,True
3876,3876,1945,1,sty+tfidf,2,1,0.6330589386230392,True
3877,3877,1946,0,sty+tfidf,2,0,0.001090669352130172,True
3878,3878,1946,1,sty+tfidf,2,1,0.985288364214005,True
3879,3879,1947,0,sty+tfidf,2,0,0.0015594509740022272,True
3880,3880,1947,1,sty+tfidf,2,1,0.9973345796098494,True
3881,3881,1948,0,sty+tfidf,2,0,9.056808460671316e-05,True
3882,3882,1948,1,sty+tfidf,2,1,0.9941541379035044,True
3883,3883,1949,0,sty+tfidf,2,0,0.0012202946869307456,True
3884,3884,1949,1,sty+tfidf,2,1,0.9949970444571206,True
3885,3885,1950,0,sty+tfidf,2,0,0.0005755875413094993,True
3886,3886,1950,1,sty+tfidf,2,1,0.9881583432067135,True
3887,3887,1951,0,sty+tfidf,2,0,0.0017492605162979715,True
3888,3888,1951,1,sty+tfidf,2,1,0.9988183637325689,True
3889,3889,1952,0,sty+tfidf,2,0,0.011721986174694473,True
3890,3890,1952,1,sty+tfidf,2,1,0.9943304700408604,True
3891,3891,1953,0,sty+tfidf,2,0,0.013249777722608224,True
3892,3892,1953,1,sty+tfidf,2,1,0.9901554248000035,True
3893,3893,1954,0,sty+tfidf,2,0,0.00048724154836634557,True
3894,3894,1954,1,sty+tfidf,2,1,0.9854644299171208,True
3895,3895,1955,0,sty+tfidf,2,0,1.9369337406515427e-05,True
3896,3896,1955,1,sty+tfidf,2,1,0.9197022214558044,True
3897,3897,1956,0,sty+tfidf,2,0,0.17979431851409006,True
3898,3898,1956,1,sty+tfidf,2,1,0.9852585754443282,True
3899,3899,1957,0,sty+tfidf,2,0,0.00033527983399555297,True
3900,3900,1957,1,sty+tfidf,2,1,0.7232999915269676,True
3901,3901,1958,0,sty+tfidf,2,0,0.0010284485176250465,True
3902,3902,1958,1,sty+tfidf,2,1,0.9994398222421814,True
3903,3903,1959,0,sty+tfidf,2,0,0.004755866315446592,True
3904,3904,1959,1,sty+tfidf,2,0,0.4194889726616872,False
3905,3905,1960,0,sty+tfidf,2,0,0.0016960199944282804,True
3906,3906,1960,1,sty+tfidf,2,1,0.9736598314910657,True
3907,3907,1961,0,sty+tfidf,2,0,0.00258039259740125,True
3908,3908,1961,1,sty+tfidf,2,1,0.9981832259287836,True
3909,3909,1962,0,sty+tfidf,2,0,0.011814949750779569,True
3910,3910,1962,1,sty+tfidf,2,1,0.9931009913154806,True
3911,3911,1963,0,sty+tfidf,2,0,0.0016205481019725822,True
3912,3912,1963,1,sty+tfidf,2,1,0.9791865308292598,True
3913,3913,1964,0,sty+tfidf,2,0,0.0009741765645734542,True
3914,3914,1964,1,sty+tfidf,2,1,0.9744149344114182,True
3915,3915,1965,0,sty+tfidf,2,0,0.022781199371494747,True
3916,3916,1965,1,sty+tfidf,2,1,0.8787798661756787,True
3917,3917,1966,0,sty+tfidf,2,0,0.0012067547733742396,True
3918,3918,1966,1,sty+tfidf,2,1,0.9998418354977064,True
3919,3919,1967,0,sty+tfidf,2,0,0.005138452427431092,True
3920,3920,1967,1,sty+tfidf,2,1,0.9987275402710145,True
3921,3921,1968,0,sty+tfidf,2,0,0.0041474560708275356,True
3922,3922,1968,1,sty+tfidf,2,1,0.977572542487143,True
3923,3923,1969,0,sty+tfidf,2,0,0.0004932291505524923,True
3924,3924,1969,1,sty+tfidf,2,1,0.9914958107228556,True
3925,3925,1970,0,sty+tfidf,2,0,0.012388735965412226,True
3926,3926,1970,1,sty+tfidf,2,1,0.9490038067055332,True
3927,3927,1971,0,sty+tfidf,2,0,0.00021322915070617218,True
3928,3928,1971,1,sty+tfidf,2,0,0.08632962957566828,False
3929,3929,1972,0,sty+tfidf,2,0,0.03996573309279972,True
3930,3930,1972,1,sty+tfidf,2,1,0.9995624063422928,True
3931,3931,1973,0,sty+tfidf,2,0,0.006183307270546554,True
3932,3932,1973,1,sty+tfidf,2,1,0.9904560165953443,True
3933,3933,1974,0,sty+tfidf,2,0,0.0009940074755692106,True
3934,3934,1974,1,sty+tfidf,2,1,0.807109313644354,True
3935,3935,1975,0,sty+tfidf,2,0,0.0002569697201408968,True
3936,3936,1975,1,sty+tfidf,2,1,0.8504333964559345,True
3937,3937,1976,0,sty+tfidf,2,0,0.0013773074762893419,True
3938,3938,1976,1,sty+tfidf,2,1,0.9981061056275805,True
3939,3939,1977,0,sty+tfidf,2,0,0.0007501668864421673,True
3940,3940,1977,1,sty+tfidf,2,1,0.98563973303596,True
3941,3941,1978,0,sty+tfidf,2,0,0.028100921727095867,True
3942,3942,1978,1,sty+tfidf,2,1,0.989987797018883,True
3943,3943,1979,0,sty+tfidf,2,0,0.0003483302723487524,True
3944,3944,1979,1,sty+tfidf,2,1,0.9994854512409626,True
3945,3945,1980,0,sty+tfidf,2,0,0.4166095104891195,True
3946,3946,1980,1,sty+tfidf,2,1,0.9991922244773468,True
3947,3947,1981,0,sty+tfidf,2,0,0.0010067988247788309,True
3948,3948,1981,1,sty+tfidf,2,1,0.9981460306218506,True
3949,3949,1982,0,sty+tfidf,2,0,0.012867161625000127,True
3950,3950,1982,1,sty+tfidf,2,1,0.9889977956448059,True
3951,3951,1983,0,sty+tfidf,2,0,0.003073396481302041,True
3952,3952,1983,1,sty+tfidf,2,1,0.9938920717239703,True
3953,3953,1984,0,sty+tfidf,2,0,0.0005725595026141793,True
3954,3954,1984,1,sty+tfidf,2,1,0.9133632417715775,True
3955,3955,1985,0,sty+tfidf,2,0,0.015588914320404807,True
3956,3956,1985,1,sty+tfidf,2,1,0.9965435317554573,True
3957,3957,1986,0,sty+tfidf,2,0,0.0005271671148435344,True
3958,3958,1986,1,sty+tfidf,2,1,0.9399900145177038,True
3959,3959,1987,0,sty+tfidf,2,0,0.003733904704723046,True
3960,3960,1987,1,sty+tfidf,2,1,0.993719319354936,True
3961,3961,1988,0,sty+tfidf,2,0,0.0009823739297916477,True
3962,3962,1988,1,sty+tfidf,2,1,0.9966585201837033,True
3963,3963,1989,0,sty+tfidf,2,0,0.03468756268331572,True
3964,3964,1989,1,sty+tfidf,2,1,0.9994211306645977,True
3965,3965,1990,0,sty+tfidf,2,0,0.05278563479370206,True
3966,3966,1990,1,sty+tfidf,2,1,0.9944903600661148,True
3967,3967,1991,0,sty+tfidf,2,0,0.006768481599182982,True
3968,3968,1991,1,sty+tfidf,2,1,0.9969142786596733,True
3969,3969,1992,0,sty+tfidf,2,0,0.14403182338446913,True
3970,3970,1992,1,sty+tfidf,2,1,0.9975302325988051,True
3971,3971,1993,0,sty+tfidf,2,0,0.0002652750275122669,True
3972,3972,1993,1,sty+tfidf,2,1,0.9502152763447059,True
3973,3973,1994,0,sty+tfidf,2,0,0.005916988586834503,True
3974,3974,1994,1,sty+tfidf,2,0,0.16882341395319525,False
3975,3975,1995,0,sty+tfidf,2,0,0.003326009052307422,True
3976,3976,1995,1,sty+tfidf,2,1,0.587169594658548,True
3977,3977,1996,0,sty+tfidf,2,0,0.0003382224395759849,True
3978,3978,1996,1,sty+tfidf,2,1,0.9958261352666218,True
3979,3979,1997,0,sty+tfidf,2,0,0.018594811477760157,True
3980,3980,1997,1,sty+tfidf,2,1,0.996464074511829,True
3981,3981,1998,0,sty+tfidf,2,0,0.0004126289157531255,True
3982,3982,1998,1,sty+tfidf,2,1,0.9959303393687544,True
3983,3983,1999,0,sty+tfidf,2,0,0.001993723132414628,True
3984,3984,1999,1,sty+tfidf,2,1,0.9955921775336709,True
3985,3985,2000,0,sty+tfidf,2,0,0.002974374103688236,True
3986,3986,2000,1,sty+tfidf,2,1,0.9918247270385329,True
3987,3987,2001,0,sty+tfidf,2,1,0.6207498270178884,False
3988,3988,2001,1,sty+tfidf,2,0,0.194113662668564,False
3989,3989,2002,0,sty+tfidf,2,0,0.0009562434327624175,True
3990,3990,2002,1,sty+tfidf,2,1,0.9897928311135109,True
3991,3991,2003,0,sty+tfidf,2,0,0.026318261006174435,True
3992,3992,2003,1,sty+tfidf,2,1,0.9995286998534464,True
3993,3993,2004,0,sty+tfidf,2,0,0.0037261603912713344,True
3994,3994,2004,1,sty+tfidf,2,1,0.9915333488999349,True
3995,3995,2005,0,sty+tfidf,2,0,0.0004764484452823266,True
3996,3996,2005,1,sty+tfidf,2,1,0.998657703088429,True
3997,3997,2006,0,sty+tfidf,2,0,0.10387296170552078,True
3998,3998,2006,1,sty+tfidf,2,1,0.9989842924347887,True
3999,3999,2007,0,sty+tfidf,2,0,0.03007862793368661,True
4000,4000,2007,1,sty+tfidf,2,1,0.9907303471765205,True
4001,4001,2008,0,sty+tfidf,2,0,0.0006025156798636772,True
4002,4002,2008,1,sty+tfidf,2,1,0.976829130735864,True
4003,4003,2009,0,sty+tfidf,2,0,0.0006267764891567494,True
4004,4004,2009,1,sty+tfidf,2,1,0.996769454066715,True
4005,4005,2010,0,sty+tfidf,2,0,0.08329919429777013,True
4006,4006,2010,1,sty+tfidf,2,1,0.9949433641404603,True
4007,4007,2011,0,sty+tfidf,2,0,0.00022241332591071836,True
4008,4008,2011,1,sty+tfidf,2,1,0.8493072760319421,True
4009,4009,2012,0,sty+tfidf,2,0,0.2892397685759468,True
4010,4010,2012,1,sty+tfidf,2,1,0.9990292543610443,True
4011,4011,2013,0,sty+tfidf,2,0,0.003616929700216315,True
4012,4012,2013,1,sty+tfidf,2,1,0.9754332672436374,True
4013,4013,2014,0,sty+tfidf,2,0,0.011111513230954873,True
4014,4014,2014,1,sty+tfidf,2,1,0.9992907836882088,True
4015,4015,2015,0,sty+tfidf,2,1,0.8197970558502391,False
4016,4016,2015,1,sty+tfidf,2,1,0.9994636606063554,True
4017,4017,2016,0,sty+tfidf,2,0,0.0004296574974960802,True
4018,4018,2016,1,sty+tfidf,2,0,0.1744462862991896,False
4019,4019,2017,0,sty+tfidf,2,0,0.007044929962462721,True
4020,4020,2017,1,sty+tfidf,2,1,0.9567868646237853,True
4021,4021,2018,0,sty+tfidf,2,0,0.001314285764210397,True
4022,4022,2018,1,sty+tfidf,2,0,0.38146425179868576,False
4023,4023,2019,0,sty+tfidf,2,0,0.00141517795287725,True
4024,4024,2019,1,sty+tfidf,2,1,0.9780277658742441,True
4025,4025,2020,0,sty+tfidf,2,0,0.0009344049409900631,True
4026,4026,2020,1,sty+tfidf,2,1,0.7243058908769258,True
4027,4027,2021,0,sty+tfidf,2,0,0.2976823441346289,True
4028,4028,2021,1,sty+tfidf,2,1,0.9117931752004488,True
4029,4029,2022,0,sty+tfidf,2,0,0.00010661277824466618,True
4030,4030,2022,1,sty+tfidf,2,1,0.9974097542160312,True
4031,4031,2023,0,sty+tfidf,2,0,0.06164970786840156,True
4032,4032,2023,1,sty+tfidf,2,1,0.9938082948766782,True
4033,4033,2024,0,sty+tfidf,2,0,0.0038439046039212272,True
4034,4034,2024,1,sty+tfidf,2,1,0.9995332647983273,True
4035,4035,2025,0,sty+tfidf,2,0,0.003768970289105719,True
4036,4036,2025,1,sty+tfidf,2,1,0.8291331578227289,True
4037,4037,2026,0,sty+tfidf,2,0,0.19902960469567038,True
4038,4038,2026,1,sty+tfidf,2,1,0.9872378073374551,True
4039,4039,2027,0,sty+tfidf,2,0,0.002993281603568964,True
4040,4040,2027,1,sty+tfidf,2,1,0.9979109650247606,True
4041,4041,2028,0,sty+tfidf,2,0,0.0015836782979287039,True
4042,4042,2028,1,sty+tfidf,2,1,0.9995121718095402,True
4043,4043,2029,0,sty+tfidf,2,0,8.58678521145507e-05,True
4044,4044,2029,1,sty+tfidf,2,1,0.9925056199179456,True
4045,4045,2030,0,sty+tfidf,2,0,0.3039439922722138,True
4046,4046,2030,1,sty+tfidf,2,1,0.9950900729487541,True
4047,4047,2031,0,sty+tfidf,2,0,0.0002843170865786269,True
4048,4048,2031,1,sty+tfidf,2,1,0.9997494210688987,True
4049,4049,2032,0,sty+tfidf,2,0,0.0004666454887171091,True
4050,4050,2032,1,sty+tfidf,2,1,0.8762032932466745,True
4051,4051,2033,0,sty+tfidf,2,0,0.027231556521280446,True
4052,4052,2033,1,sty+tfidf,2,1,0.9992299691616889,True
4053,4053,2034,0,sty+tfidf,2,0,0.0011426444426280036,True
4054,4054,2034,1,sty+tfidf,2,1,0.9987393579570332,True
4055,4055,2035,0,sty+tfidf,2,0,0.0003347580219465139,True
4056,4056,2035,1,sty+tfidf,2,1,0.9972654631128807,True
4057,4057,2036,0,sty+tfidf,2,1,0.6291754743681252,False
4058,4058,2036,1,sty+tfidf,2,1,0.9996624351343395,True
4059,4059,2037,0,sty+tfidf,2,0,0.01593124183019865,True
4060,4060,2037,1,sty+tfidf,2,1,0.9916766844586243,True
4061,4061,2038,0,sty+tfidf,2,1,0.6582115041377631,False
4062,4062,2038,1,sty+tfidf,2,1,0.9539180184298317,True
4063,4063,2039,0,sty+tfidf,2,0,0.0002111950971557999,True
4064,4064,2039,1,sty+tfidf,2,1,0.9697259730518688,True
4065,4065,2040,0,sty+tfidf,2,0,0.25014400587799246,True
4066,4066,2040,1,sty+tfidf,2,1,0.9993990887024463,True
4067,4067,2041,0,sty+tfidf,2,0,0.003832394585370143,True
4068,4068,2041,1,sty+tfidf,2,1,0.997463728042845,True
4069,4069,2042,0,sty+tfidf,2,0,1.9072549028936124e-05,True
4070,4070,2042,1,sty+tfidf,2,1,0.9724233780209015,True
4071,4071,2043,0,sty+tfidf,2,1,0.7960229259086471,False
4072,4072,2043,1,sty+tfidf,2,1,0.9958687448747661,True
4073,4073,2044,0,sty+tfidf,2,0,0.003905040573866807,True
4074,4074,2044,1,sty+tfidf,2,1,0.9199381448118724,True
4075,4075,2045,0,sty+tfidf,2,0,0.1633743709827581,True
4076,4076,2045,1,sty+tfidf,2,1,0.9996525590199289,True
4077,4077,2046,0,sty+tfidf,2,0,0.0021243225290418608,True
4078,4078,2046,1,sty+tfidf,2,1,0.943649948750676,True
4079,4079,2047,0,sty+tfidf,2,0,2.322272281840241e-05,True
4080,4080,2047,1,sty+tfidf,2,1,0.9985488191984841,True
4081,4081,2048,0,sty+tfidf,2,0,0.00281079999932596,True
4082,4082,2048,1,sty+tfidf,2,1,0.9942621796603314,True
4083,4083,2049,0,sty+tfidf,2,0,0.0008026412647878966,True
4084,4084,2049,1,sty+tfidf,2,1,0.9990596286647752,True
4085,4085,2050,0,sty+tfidf,2,0,0.0006714663301946018,True
4086,4086,2050,1,sty+tfidf,2,1,0.9989950839721811,True
4087,4087,2051,0,sty+tfidf,2,0,0.0014998074754853496,True
4088,4088,2051,1,sty+tfidf,2,1,0.9892030798088217,True
4089,4089,2052,0,sty+tfidf,2,0,0.0009812182849441718,True
4090,4090,2052,1,sty+tfidf,2,1,0.9703953661471397,True
4091,4091,2053,0,sty+tfidf,2,0,0.08241973014530331,True
4092,4092,2053,1,sty+tfidf,2,1,0.9972698680123613,True
4093,4093,2054,0,sty+tfidf,2,0,0.4402216113879486,True
4094,4094,2054,1,sty+tfidf,2,1,0.932538702043391,True
4095,4095,2055,0,sty+tfidf,2,0,0.0013161407389269456,True
4096,4096,2055,1,sty+tfidf,2,1,0.9989958842522363,True
4097,4097,2056,0,sty+tfidf,2,0,0.0016904552927375584,True
4098,4098,2056,1,sty+tfidf,2,1,0.9992727305388479,True
4099,4099,2057,0,sty+tfidf,2,0,0.008056484231889375,True
4100,4100,2057,1,sty+tfidf,2,1,0.9974781174492867,True
4101,4101,2058,0,sty+tfidf,2,0,0.0019477145119925954,True
4102,4102,2058,1,sty+tfidf,2,1,0.9996517927292297,True
4103,4103,2059,0,sty+tfidf,2,0,0.0009074785408358005,True
4104,4104,2059,1,sty+tfidf,2,1,0.552990423376946,True
4105,4105,2060,0,sty+tfidf,2,0,0.005763915729342905,True
4106,4106,2060,1,sty+tfidf,2,1,0.9956267023774132,True
4107,4107,2061,0,sty+tfidf,2,0,0.037353399979966825,True
4108,4108,2061,1,sty+tfidf,2,1,0.6994877456368186,True
4109,4109,2062,0,sty+tfidf,2,0,0.001188796508192007,True
4110,4110,2062,1,sty+tfidf,2,1,0.9966202471277441,True
4111,4111,2063,0,sty+tfidf,2,0,0.0010147080775517053,True
4112,4112,2063,1,sty+tfidf,2,1,0.9990946963263417,True
4113,4113,2064,0,sty+tfidf,2,0,0.0015243231716560604,True
4114,4114,2064,1,sty+tfidf,2,1,0.8086997030118395,True
4115,4115,2065,0,sty+tfidf,2,1,0.8389424534528265,False
4116,4116,2065,1,sty+tfidf,2,1,0.9881965091261904,True
4117,4117,2066,0,sty+tfidf,2,0,0.0009831660293605556,True
4118,4118,2066,1,sty+tfidf,2,1,0.989655097322048,True
4119,4119,2067,0,sty+tfidf,2,0,0.24603275212096015,True
4120,4120,2067,1,sty+tfidf,2,1,0.8424563893254271,True
4121,4121,2068,0,sty+tfidf,2,0,0.002538792385184397,True
4122,4122,2068,1,sty+tfidf,2,1,0.9980731540089391,True
4123,4123,2069,0,sty+tfidf,2,0,0.020865938849673065,True
4124,4124,2069,1,sty+tfidf,2,1,0.9957494746002524,True
4125,4125,2070,0,sty+tfidf,2,0,0.030255524498498488,True
4126,4126,2070,1,sty+tfidf,2,1,0.99633985030921,True
4127,4127,2071,0,sty+tfidf,2,0,0.02615327629804115,True
4128,4128,2071,1,sty+tfidf,2,1,0.9997938076397241,True
4129,4129,2072,0,sty+tfidf,2,0,0.00038264677636183793,True
4130,4130,2072,1,sty+tfidf,2,1,0.9381803960891006,True
4131,4131,2073,0,sty+tfidf,2,0,0.007368344917337229,True
4132,4132,2073,1,sty+tfidf,2,1,0.9859713640239247,True
4133,4133,2074,0,sty+tfidf,2,1,0.7983007593259698,False
4134,4134,2074,1,sty+tfidf,2,1,0.9980715485803937,True
4135,4135,2075,0,sty+tfidf,2,0,0.0026223585943339865,True
4136,4136,2075,1,sty+tfidf,2,1,0.992944048696488,True
4137,4137,2076,0,sty+tfidf,2,0,0.0022275215219689074,True
4138,4138,2076,1,sty+tfidf,2,1,0.9919553313388123,True
4139,4139,2077,0,sty+tfidf,2,0,0.004063747333099292,True
4140,4140,2077,1,sty+tfidf,2,1,0.9836480049808829,True
4141,4141,2078,0,sty+tfidf,2,0,0.0009599115852940756,True
4142,4142,2078,1,sty+tfidf,2,1,0.9924131658595116,True
4143,4143,2079,0,sty+tfidf,2,0,0.003221390207580031,True
4144,4144,2079,1,sty+tfidf,2,1,0.9822387444923996,True
4145,4145,2080,0,sty+tfidf,2,0,0.0015165063571334096,True
4146,4146,2080,1,sty+tfidf,2,0,0.44806487787308014,False
4147,4147,2081,0,sty+tfidf,2,0,0.02328515471688631,True
4148,4148,2081,1,sty+tfidf,2,1,0.9791773445901041,True
4149,4149,2082,0,sty+tfidf,2,0,0.30866037274673713,True
4150,4150,2082,1,sty+tfidf,2,1,0.8837100698047725,True
4151,4151,2083,0,sty+tfidf,2,0,0.0007554782479953913,True
4152,4152,2083,1,sty+tfidf,2,1,0.9955478005404773,True
4153,4153,2084,0,sty+tfidf,2,0,0.009022827465415603,True
4154,4154,2084,1,sty+tfidf,2,1,0.9953900273968533,True
4155,4155,2085,0,sty+tfidf,2,0,0.002598790117304075,True
4156,4156,2085,1,sty+tfidf,2,1,0.9791257677872854,True
4157,4157,2086,0,sty+tfidf,2,0,0.046943980125285105,True
4158,4158,2086,1,sty+tfidf,2,1,0.9996152636782778,True
4159,4159,2087,0,sty+tfidf,2,1,0.7426015257957728,False
4160,4160,2087,1,sty+tfidf,2,1,0.8587672893226599,True
4161,4161,2088,0,sty+tfidf,2,0,0.002772168808981135,True
4162,4162,2088,1,sty+tfidf,2,1,0.9978725369978494,True
4163,4163,2089,0,sty+tfidf,2,0,0.0006786519789004515,True
4164,4164,2089,1,sty+tfidf,2,1,0.9939699625971806,True
4165,4165,2090,0,sty+tfidf,2,0,0.004852562224822564,True
4166,4166,2090,1,sty+tfidf,2,1,0.9276074666904311,True
4167,4167,2091,0,sty+tfidf,2,0,0.039924644925964405,True
4168,4168,2091,1,sty+tfidf,2,1,0.9951510030373566,True
4169,4169,2092,0,sty+tfidf,2,0,0.07364680511839347,True
4170,4170,2092,1,sty+tfidf,2,1,0.9926645754505509,True
4171,4171,2093,0,sty+tfidf,2,0,0.008602669554449497,True
4172,4172,2093,1,sty+tfidf,2,1,0.9801768650837789,True
4173,4173,2094,0,sty+tfidf,2,0,0.0023869375686152794,True
4174,4174,2094,1,sty+tfidf,2,1,0.9997389172682186,True
4175,4175,2095,0,sty+tfidf,2,0,0.00033532948063371137,True
4176,4176,2095,1,sty+tfidf,2,1,0.9729785786679196,True
4177,4177,2096,0,sty+tfidf,2,0,0.0002957658327966549,True
4178,4178,2096,1,sty+tfidf,2,1,0.9886669391964451,True
4179,4179,2097,0,sty+tfidf,2,0,0.0004284776767947357,True
4180,4180,2097,1,sty+tfidf,2,1,0.9985737008877336,True
4181,4181,2098,0,sty+tfidf,2,0,0.00231684285150651,True
4182,4182,2098,1,sty+tfidf,2,1,0.9958928740240521,True
4183,4183,2099,0,sty+tfidf,2,0,0.00010644393360066993,True
4184,4184,2099,1,sty+tfidf,2,1,0.9839115402344653,True
4185,4185,2100,0,sty+tfidf,2,0,0.004047028162565221,True
4186,4186,2100,1,sty+tfidf,2,1,0.9778411460671136,True
4187,4187,2101,0,sty+tfidf,2,0,0.0020104345806336126,True
4188,4188,2101,1,sty+tfidf,2,1,0.9981074665825763,True
4189,4189,2102,0,sty+tfidf,2,0,0.022367898322258013,True
4190,4190,2102,1,sty+tfidf,2,1,0.7972855755522011,True
4191,4191,2103,0,sty+tfidf,2,0,0.012213399911287445,True
4192,4192,2103,1,sty+tfidf,2,0,0.4807770391185216,False
4193,4193,2104,0,sty+tfidf,2,0,0.0013418144892408522,True
4194,4194,2104,1,sty+tfidf,2,1,0.9983309315387502,True
4195,4195,2105,0,sty+tfidf,2,0,0.00024762330659267576,True
4196,4196,2105,1,sty+tfidf,2,1,0.996429499479243,True
4197,4197,2106,0,sty+tfidf,2,0,0.0013759853437590324,True
4198,4198,2106,1,sty+tfidf,2,1,0.7128828732432789,True
4199,4199,2107,0,sty+tfidf,2,0,0.0004982284515976999,True
4200,4200,2107,1,sty+tfidf,2,0,0.38037840568650055,False
4201,4201,2108,0,sty+tfidf,2,0,0.00046249255106154595,True
4202,4202,2108,1,sty+tfidf,2,1,0.5936523538506109,True
4203,4203,2109,0,sty+tfidf,2,0,0.0001079339717896127,True
4204,4204,2109,1,sty+tfidf,2,1,0.8958385061965322,True
4205,4205,2110,0,sty+tfidf,2,0,0.01563300252383146,True
4206,4206,2110,1,sty+tfidf,2,1,0.9979598215964278,True
4207,4207,2111,0,sty+tfidf,2,0,0.019321288313852377,True
4208,4208,2111,1,sty+tfidf,2,1,0.9253914220657052,True
4209,4209,2112,0,sty+tfidf,2,0,0.0009335018476498464,True
4210,4210,2112,1,sty+tfidf,2,1,0.9947920022498744,True
4211,4211,2113,0,sty+tfidf,2,0,0.08893403831053577,True
4212,4212,2113,1,sty+tfidf,2,1,0.9917233172604301,True
4213,4213,2114,0,sty+tfidf,2,0,0.006005781332520479,True
4214,4214,2114,1,sty+tfidf,2,0,0.2338224356767784,False
4215,4215,2115,0,sty+tfidf,2,0,0.0005056523760642915,True
4216,4216,2115,1,sty+tfidf,2,1,0.989753891957265,True
4217,4217,2116,0,sty+tfidf,2,0,0.0018707418004187497,True
4218,4218,2116,1,sty+tfidf,2,1,0.9994242175795529,True
4219,4219,2117,0,sty+tfidf,2,0,0.02969741571859932,True
4220,4220,2117,1,sty+tfidf,2,1,0.9991324287439042,True
4221,4221,2118,0,sty+tfidf,2,0,0.002881743482065001,True
4222,4222,2118,1,sty+tfidf,2,1,0.9905530180793719,True
4223,4223,2119,0,sty+tfidf,2,1,0.7349853280820614,False
4224,4224,2119,1,sty+tfidf,2,1,0.9993365156988409,True
4225,4225,2120,0,sty+tfidf,2,0,0.0044544460079510885,True
4226,4226,2120,1,sty+tfidf,2,1,0.9931539490182075,True
4227,4227,2121,0,sty+tfidf,2,0,0.002975019671934319,True
4228,4228,2121,1,sty+tfidf,2,1,0.9992546642568438,True
4229,4229,2122,0,sty+tfidf,2,0,0.028411796948862374,True
4230,4230,2122,1,sty+tfidf,2,1,0.9983342161891436,True
4231,4231,2123,0,sty+tfidf,2,0,0.0016747476962713861,True
4232,4232,2123,1,sty+tfidf,2,1,0.9083375784819436,True
4233,4233,2124,0,sty+tfidf,2,0,0.12731344711104534,True
4234,4234,2124,1,sty+tfidf,2,1,0.9959972956248752,True
4235,4235,2125,0,sty+tfidf,2,0,0.0007991911481258306,True
4236,4236,2125,1,sty+tfidf,2,1,0.9817727985147001,True
4237,4237,2126,0,sty+tfidf,2,0,0.013318655021788327,True
4238,4238,2126,1,sty+tfidf,2,1,0.9982380224267942,True
4239,4239,2127,0,sty+tfidf,2,0,0.04614169670598789,True
4240,4240,2127,1,sty+tfidf,2,1,0.7724887459410668,True
4241,4241,2128,0,sty+tfidf,2,1,0.6570893599609446,False
4242,4242,2128,1,sty+tfidf,2,1,0.9205308318012548,True
4243,4243,2129,0,sty+tfidf,2,0,0.0038875470470544795,True
4244,4244,2129,1,sty+tfidf,2,1,0.9318868933420701,True
4245,4245,2130,0,sty+tfidf,2,0,0.003024927729594818,True
4246,4246,2130,1,sty+tfidf,2,1,0.9650116382321943,True
4247,4247,2131,0,sty+tfidf,2,0,0.14908770167321175,True
4248,4248,2131,1,sty+tfidf,2,1,0.9563792949342287,True
4249,4249,2132,0,sty+tfidf,2,0,0.0012783500478353164,True
4250,4250,2132,1,sty+tfidf,2,1,0.9995323679586563,True
4251,4251,2133,0,sty+tfidf,2,0,0.01119637694534619,True
4252,4252,2133,1,sty+tfidf,2,1,0.9957817028042865,True
4253,4253,2134,0,sty+tfidf,2,0,0.0005251165066767805,True
4254,4254,2134,1,sty+tfidf,2,1,0.9777470890185316,True
4255,4255,2135,0,sty+tfidf,2,0,0.00544018888746363,True
4256,4256,2135,1,sty+tfidf,2,1,0.9992175775811234,True
4257,4257,2136,0,sty+tfidf,2,0,0.15329087064386676,True
4258,4258,2136,1,sty+tfidf,2,1,0.9999288185084371,True
4259,4259,2137,0,sty+tfidf,2,0,0.020583503955069807,True
4260,4260,2137,1,sty+tfidf,2,1,0.9986807778768327,True
4261,4261,2138,0,sty+tfidf,2,0,0.009404774237047785,True
4262,4262,2138,1,sty+tfidf,2,1,0.8596552063950619,True
4263,4263,2139,0,sty+tfidf,2,0,0.3963804099064547,True
4264,4264,2139,1,sty+tfidf,2,1,0.9969987749107188,True
4265,4265,2140,0,sty+tfidf,2,0,0.0035476452800667943,True
4266,4266,2140,1,sty+tfidf,2,1,0.9990104874018069,True
4267,4267,2141,0,sty+tfidf,2,0,0.0004977292164394401,True
4268,4268,2141,1,sty+tfidf,2,1,0.9998599544187559,True
4269,4269,2142,0,sty+tfidf,2,1,0.5180072192022094,False
4270,4270,2142,1,sty+tfidf,2,1,0.9958072807651132,True
4271,4271,2143,0,sty+tfidf,2,0,0.06704725953626958,True
4272,4272,2143,1,sty+tfidf,2,1,0.995628552061529,True
4273,4273,2144,0,sty+tfidf,2,0,0.0007888872616500015,True
4274,4274,2144,1,sty+tfidf,2,1,0.9965114555369228,True
4275,4275,2145,0,sty+tfidf,2,0,0.0009074915605362559,True
4276,4276,2145,1,sty+tfidf,2,1,0.9989019610730936,True
4277,4277,2146,0,sty+tfidf,2,0,0.3432832191416756,True
4278,4278,2146,1,sty+tfidf,2,1,0.9948835653657659,True
4279,4279,2147,0,sty+tfidf,2,0,0.0008872832192726076,True
4280,4280,2147,1,sty+tfidf,2,1,0.9992430349671015,True
4281,4281,2148,0,sty+tfidf,2,0,0.04507848505210027,True
4282,4282,2148,1,sty+tfidf,2,1,0.9920330727339217,True
4283,4283,2149,0,sty+tfidf,2,0,0.11570610417086864,True
4284,4284,2149,1,sty+tfidf,2,1,0.9993379908201614,True
4285,4285,2150,0,sty+tfidf,2,0,0.0009102909908018712,True
4286,4286,2150,1,sty+tfidf,2,1,0.9978740947019648,True
4287,4287,2151,0,sty+tfidf,2,0,0.15566508748931784,True
4288,4288,2151,1,sty+tfidf,2,1,0.9744478273877533,True
4289,4289,2152,0,sty+tfidf,2,0,0.0008936466162340973,True
4290,4290,2152,1,sty+tfidf,2,1,0.9221270307228403,True
4291,4291,2153,0,sty+tfidf,2,1,0.5257468098812977,False
4292,4292,2153,1,sty+tfidf,2,1,0.9982240917329549,True
4293,4293,2154,0,sty+tfidf,2,0,0.00724511679524957,True
4294,4294,2154,1,sty+tfidf,2,1,0.9968156537404403,True
4295,4295,2155,0,sty+tfidf,2,0,0.390534082877943,True
4296,4296,2155,1,sty+tfidf,2,1,0.9936294662880936,True
4297,4297,2156,0,sty+tfidf,2,0,0.051628259558835585,True
4298,4298,2156,1,sty+tfidf,2,1,0.7569295783619376,True
4299,4299,2157,0,sty+tfidf,2,0,0.022896820157361955,True
4300,4300,2157,1,sty+tfidf,2,1,0.9975484043013556,True
4301,4301,2158,0,sty+tfidf,2,0,0.004653556853394959,True
4302,4302,2158,1,sty+tfidf,2,1,0.9984489480860893,True
4303,4303,2159,0,sty+tfidf,2,0,0.0003333920513323472,True
4304,4304,2159,1,sty+tfidf,2,1,0.9942598241428185,True
4305,4305,2160,0,sty+tfidf,2,0,0.0003689399655012962,True
4306,4306,2160,1,sty+tfidf,2,1,0.9986024782157016,True
4307,4307,2161,0,sty+tfidf,2,0,0.006138491391798875,True
4308,4308,2161,1,sty+tfidf,2,1,0.9998251682819239,True
4309,4309,2162,0,sty+tfidf,2,1,0.5675502206452233,False
4310,4310,2162,1,sty+tfidf,2,1,0.9975119978597552,True
4311,4311,2163,0,sty+tfidf,2,0,0.0035554945775917867,True
4312,4312,2163,1,sty+tfidf,2,1,0.9980498635351367,True
4313,4313,2164,0,sty+tfidf,2,0,0.004882260954765414,True
4314,4314,2164,1,sty+tfidf,2,1,0.925868919932521,True
4315,4315,2165,0,sty+tfidf,2,0,0.011980667752192338,True
4316,4316,2165,1,sty+tfidf,2,1,0.9993737007332856,True
4317,4317,2166,0,sty+tfidf,2,0,0.001018855740464794,True
4318,4318,2166,1,sty+tfidf,2,1,0.9909683308242321,True
4319,4319,2167,0,sty+tfidf,2,0,0.18073975706869083,True
4320,4320,2167,1,sty+tfidf,2,1,0.9997998470484417,True
4321,4321,2168,0,sty+tfidf,2,0,0.002271770449306608,True
4322,4322,2168,1,sty+tfidf,2,1,0.9899067465069127,True
4323,4323,2169,0,sty+tfidf,2,0,0.0005349969245834747,True
4324,4324,2169,1,sty+tfidf,2,1,0.9991676547513763,True
4325,4325,2170,0,sty+tfidf,2,0,0.0005380717048593432,True
4326,4326,2170,1,sty+tfidf,2,1,0.996643129742722,True
4327,4327,2171,0,sty+tfidf,2,0,0.0821667994959739,True
4328,4328,2171,1,sty+tfidf,2,1,0.9990788472394976,True
4329,4329,2172,0,sty+tfidf,2,0,0.0053759308105337566,True
4330,4330,2172,1,sty+tfidf,2,1,0.9984832530553073,True
4331,4331,2173,0,sty+tfidf,2,0,0.0014694077202735776,True
4332,4332,2173,1,sty+tfidf,2,1,0.9823534317771897,True
4333,4333,2174,0,sty+tfidf,2,1,0.736309343588549,False
4334,4334,2174,1,sty+tfidf,2,1,0.9990206434573841,True
4335,4335,2175,0,sty+tfidf,2,0,0.0040299838413508345,True
4336,4336,2175,1,sty+tfidf,2,1,0.989148601739964,True
4337,4337,2176,0,sty+tfidf,2,0,0.019332450340889866,True
4338,4338,2176,1,sty+tfidf,2,1,0.9984153594043764,True
4339,4339,2177,0,sty+tfidf,2,0,0.00811774107660501,True
4340,4340,2177,1,sty+tfidf,2,1,0.9254493919751666,True
4341,4341,2178,0,sty+tfidf,2,0,0.009644421266053988,True
4342,4342,2178,1,sty+tfidf,2,1,0.9938510491962842,True
4343,4343,2179,0,sty+tfidf,2,0,0.1544728862267001,True
4344,4344,2179,1,sty+tfidf,2,1,0.9992344375224371,True
4345,4345,2180,0,sty+tfidf,2,0,0.40114469000283276,True
4346,4346,2180,1,sty+tfidf,2,1,0.9990398434604962,True
4347,4347,2181,0,sty+tfidf,2,0,0.04196117263195507,True
4348,4348,2181,1,sty+tfidf,2,1,0.929653231850046,True
4349,4349,2182,0,sty+tfidf,2,1,0.9644530854937281,False
4350,4350,2182,1,sty+tfidf,2,1,0.8763233200713936,True
4351,4351,2183,0,sty+tfidf,2,0,0.26887415898923894,True
4352,4352,2183,1,sty+tfidf,2,1,0.9989399835484598,True
4353,4353,2184,0,sty+tfidf,2,0,0.0044968143975159984,True
4354,4354,2184,1,sty+tfidf,2,1,0.9990514694244946,True
4355,4355,2185,0,sty+tfidf,2,0,0.0018216011908691735,True
4356,4356,2185,1,sty+tfidf,2,1,0.9988458641488106,True
4357,4357,2186,0,sty+tfidf,2,0,0.0018563983309564578,True
4358,4358,2186,1,sty+tfidf,2,1,0.9578061854134434,True
4359,4359,2187,0,sty+tfidf,2,0,0.004070655888389327,True
4360,4360,2187,1,sty+tfidf,2,1,0.9951697934829863,True
4361,4361,2188,0,sty+tfidf,2,0,0.02653814386790986,True
4362,4362,2188,1,sty+tfidf,2,1,0.9200666520414686,True
4363,4363,2189,0,sty+tfidf,2,0,0.005839005991447392,True
4364,4364,2189,1,sty+tfidf,2,1,0.9476279012594768,True
4365,4365,2190,0,sty+tfidf,2,0,0.0015390501245004923,True
4366,4366,2190,1,sty+tfidf,2,1,0.9859965221061265,True
4367,4367,2191,0,sty+tfidf,2,0,0.0013992864030275237,True
4368,4368,2191,1,sty+tfidf,2,1,0.989197260275227,True
4369,4369,2192,0,sty+tfidf,2,0,0.031720321374399264,True
4370,4370,2192,1,sty+tfidf,2,1,0.9992235421705545,True
4371,4371,2193,0,sty+tfidf,2,0,0.028164779346705682,True
4372,4372,2193,1,sty+tfidf,2,1,0.9487836684532148,True
4373,4373,2194,1,sty+tfidf,2,1,0.5704308952344566,True
4374,4374,2195,0,sty+tfidf,2,0,0.0140106415973707,True
4375,4375,2195,1,sty+tfidf,2,1,0.9646862715832789,True
4376,4376,2196,0,sty+tfidf,2,0,0.029297732517185503,True
4377,4377,2196,1,sty+tfidf,2,1,0.996387884565723,True
4378,4378,2197,0,sty+tfidf,2,0,0.0001479999103032627,True
4379,4379,2197,1,sty+tfidf,2,1,0.9780507256788703,True
4380,4380,2198,0,sty+tfidf,2,0,0.004501021627311081,True
4381,4381,2198,1,sty+tfidf,2,1,0.9743321275468045,True
4382,4382,2199,0,sty+tfidf,2,0,0.021476946066231885,True
4383,4383,2199,1,sty+tfidf,2,1,0.9983135996786443,True
4384,4384,2200,0,sty+tfidf,2,0,0.016836934975887428,True
4385,4385,2200,1,sty+tfidf,2,1,0.9989977537299523,True
4386,4386,2201,0,sty+tfidf,2,0,0.007941888479230143,True
4387,4387,2201,1,sty+tfidf,2,1,0.9992331318573989,True
4388,4388,2202,0,sty+tfidf,2,0,0.0023016873147343937,True
4389,4389,2202,1,sty+tfidf,2,1,0.99584622528807,True
4390,4390,2203,0,sty+tfidf,2,0,0.019214480933361585,True
4391,4391,2203,1,sty+tfidf,2,1,0.9974497966765484,True
4392,4392,2204,0,sty+tfidf,2,0,0.2664414076401818,True
4393,4393,2204,1,sty+tfidf,2,1,0.9991018704468975,True
4394,4394,2205,0,sty+tfidf,2,0,0.0011870563294397254,True
4395,4395,2205,1,sty+tfidf,2,1,0.9992999908298589,True
4396,4396,2206,0,sty+tfidf,2,0,0.0010092246415052805,True
4397,4397,2206,1,sty+tfidf,2,1,0.9990447775176845,True
4398,4398,2207,0,sty+tfidf,2,0,0.03858298575189622,True
4399,4399,2207,1,sty+tfidf,2,1,0.9830868532022223,True
4400,4400,2208,0,sty+tfidf,2,0,0.007349655834764469,True
4401,4401,2208,1,sty+tfidf,2,1,0.9996421401124197,True
4402,4402,2209,0,sty+tfidf,2,0,0.002327899661348132,True
4403,4403,2209,1,sty+tfidf,2,1,0.8260480913210285,True
4404,4404,2210,0,sty+tfidf,2,0,0.02134060990760988,True
4405,4405,2210,1,sty+tfidf,2,1,0.9900832811424543,True
4406,4406,2211,0,sty+tfidf,2,0,0.0007379035585303444,True
4407,4407,2211,1,sty+tfidf,2,1,0.9640261196149625,True
4408,4408,2212,0,sty+tfidf,2,0,0.16322205782862148,True
4409,4409,2212,1,sty+tfidf,2,1,0.5893773457530865,True
4410,4410,2213,0,sty+tfidf,2,0,0.001767685772760356,True
4411,4411,2213,1,sty+tfidf,2,1,0.9982365873818887,True
4412,4412,2214,0,sty+tfidf,2,0,0.3545385569609677,True
4413,4413,2214,1,sty+tfidf,2,1,0.998845835038333,True
4414,4414,2215,0,sty+tfidf,2,0,0.0427751420935594,True
4415,4415,2215,1,sty+tfidf,2,1,0.9959609406277737,True
4416,4416,2216,0,sty+tfidf,2,0,0.003301584454432201,True
4417,4417,2216,1,sty+tfidf,2,1,0.9997084199935555,True
4418,4418,2217,0,sty+tfidf,2,0,0.00019646630442496328,True
4419,4419,2217,1,sty+tfidf,2,1,0.9996440358003599,True
4420,4420,2218,0,sty+tfidf,2,0,0.0018225850541058223,True
4421,4421,2218,1,sty+tfidf,2,1,0.9804154809582333,True
4422,4422,2219,0,sty+tfidf,2,0,0.0674787947874623,True
4423,4423,2219,1,sty+tfidf,2,1,0.9420308580262359,True
4424,4424,2220,0,sty+tfidf,2,0,0.009478037602175199,True
4425,4425,2220,1,sty+tfidf,2,1,0.9874841100890691,True
4426,4426,2221,0,sty+tfidf,2,0,0.09013379368396383,True
4427,4427,2221,1,sty+tfidf,2,1,0.8961375526172057,True
4428,4428,2222,0,sty+tfidf,2,0,0.0030615347005993826,True
4429,4429,2222,1,sty+tfidf,2,1,0.9970660866932519,True
4430,4430,2223,0,sty+tfidf,2,0,0.001341964735538669,True
4431,4431,2223,1,sty+tfidf,2,1,0.9993769505533269,True
4432,4432,2224,0,sty+tfidf,2,0,0.012616511973233649,True
4433,4433,2224,1,sty+tfidf,2,1,0.9985279973878287,True
4434,4434,2225,0,sty+tfidf,2,0,0.1325003698965579,True
4435,4435,2225,1,sty+tfidf,2,1,0.9909073742206429,True
4436,4436,2226,0,sty+tfidf,2,0,0.4367568493732504,True
4437,4437,2226,1,sty+tfidf,2,1,0.9962973452200573,True
4438,4438,2227,0,sty+tfidf,2,0,0.0009291682892158625,True
4439,4439,2227,1,sty+tfidf,2,1,0.9992608349317481,True
4440,4440,2228,0,sty+tfidf,2,0,0.0002482196963654628,True
4441,4441,2228,1,sty+tfidf,2,1,0.9974300554316249,True
4442,4442,2229,0,sty+tfidf,2,0,0.0037825671104627008,True
4443,4443,2229,1,sty+tfidf,2,1,0.9981302284980994,True
4444,4444,2230,0,sty+tfidf,2,0,0.007221055223427842,True
4445,4445,2230,1,sty+tfidf,2,1,0.9763524800986902,True
4446,4446,2231,0,sty+tfidf,2,0,0.012083769537427314,True
4447,4447,2231,1,sty+tfidf,2,0,0.21662848260188403,False
4448,4448,2232,0,sty+tfidf,2,0,0.0005217345761133969,True
4449,4449,2232,1,sty+tfidf,2,0,0.01786235142816476,False
4450,4450,2233,0,sty+tfidf,2,0,0.32479624533881085,True
4451,4451,2233,1,sty+tfidf,2,0,0.27546234536847614,False
4452,4452,2234,0,sty+tfidf,2,0,0.09807504025468122,True
4453,4453,2234,1,sty+tfidf,2,1,0.9880434239462972,True
4454,4454,2235,0,sty+tfidf,2,0,0.1287479683476192,True
4455,4455,2235,1,sty+tfidf,2,1,0.9746905086502996,True
4456,4456,2236,0,sty+tfidf,2,0,0.38968029029836737,True
4457,4457,2236,1,sty+tfidf,2,1,0.9946435963817757,True
4458,4458,2237,0,sty+tfidf,2,0,0.011693986062982345,True
4459,4459,2237,1,sty+tfidf,2,1,0.9931096888403739,True
4460,4460,2238,0,sty+tfidf,2,0,0.003474354048043182,True
4461,4461,2238,1,sty+tfidf,2,1,0.9594003636649774,True
4462,4462,2239,0,sty+tfidf,2,0,0.0010647086386882713,True
4463,4463,2239,1,sty+tfidf,2,1,0.9991327068169217,True
4464,4464,2240,0,sty+tfidf,2,0,0.00923314247614851,True
4465,4465,2240,1,sty+tfidf,2,1,0.9989763776925634,True
4466,4466,2241,0,sty+tfidf,2,0,0.0024093464047163296,True
4467,4467,2241,1,sty+tfidf,2,1,0.9927738020363839,True
4468,4468,2242,0,sty+tfidf,2,0,0.06407813378116375,True
4469,4469,2242,1,sty+tfidf,2,1,0.9608167498298724,True
4470,4470,2243,0,sty+tfidf,2,0,0.0007113218895103249,True
4471,4471,2243,1,sty+tfidf,2,1,0.9323551125836841,True
4472,4472,2244,0,sty+tfidf,2,0,0.005966690450689538,True
4473,4473,2244,1,sty+tfidf,2,1,0.9874533364943,True
4474,4474,2245,0,sty+tfidf,2,0,0.0018180145915618984,True
4475,4475,2245,1,sty+tfidf,2,1,0.9996382645709008,True
4476,4476,2246,0,sty+tfidf,2,0,0.007492773455087803,True
4477,4477,2246,1,sty+tfidf,2,1,0.9913428896864324,True
4478,4478,2247,0,sty+tfidf,2,0,0.006949148503676264,True
4479,4479,2247,1,sty+tfidf,2,1,0.9725824552567319,True
4480,4480,2248,0,sty+tfidf,2,0,0.00030336488969461716,True
4481,4481,2248,1,sty+tfidf,2,1,0.975675152621469,True
4482,4482,2249,0,sty+tfidf,2,0,0.0070398185164412125,True
4483,4483,2249,1,sty+tfidf,2,1,0.9971421709151052,True
4484,4484,2250,0,sty+tfidf,2,0,0.010648114210994044,True
4485,4485,2250,1,sty+tfidf,2,1,0.9905981879457374,True
4486,4486,2251,0,sty+tfidf,2,0,0.004527056224992421,True
4487,4487,2251,1,sty+tfidf,2,1,0.9992768810456406,True
4488,4488,2252,0,sty+tfidf,2,0,0.08459484698514212,True
4489,4489,2252,1,sty+tfidf,2,1,0.9997100167110754,True
4490,4490,2253,0,sty+tfidf,2,0,0.2739109692501059,True
4491,4491,2253,1,sty+tfidf,2,1,0.9973200210730518,True
4492,4492,2254,0,sty+tfidf,2,0,0.035684629017148445,True
4493,4493,2254,1,sty+tfidf,2,1,0.9863289063854364,True
4494,4494,2255,0,sty+tfidf,2,0,0.06804401631030564,True
4495,4495,2255,1,sty+tfidf,2,1,0.9980977265337622,True
4496,4496,2256,0,sty+tfidf,2,0,0.06942547817968213,True
4497,4497,2256,1,sty+tfidf,2,1,0.9895179723417586,True
4498,4498,2257,0,sty+tfidf,2,0,0.0005844544789362428,True
4499,4499,2257,1,sty+tfidf,2,1,0.9933584300324494,True
4500,4500,2258,0,sty+tfidf,2,0,0.0003833125615061891,True
4501,4501,2258,1,sty+tfidf,2,1,0.9996269703951799,True
4502,4502,2259,0,sty+tfidf,2,0,0.07279084457385367,True
4503,4503,2259,1,sty+tfidf,2,1,0.9926397015137888,True
4504,4504,2260,0,sty+tfidf,2,0,0.0027639079621581777,True
4505,4505,2260,1,sty+tfidf,2,1,0.9653804730275138,True
4506,4506,2261,0,sty+tfidf,2,0,0.01783193032687894,True
4507,4507,2261,1,sty+tfidf,2,1,0.9933469873150326,True
4508,4508,2262,0,sty+tfidf,2,0,0.024330213070103853,True
4509,4509,2262,1,sty+tfidf,2,1,0.9986553812543139,True
4510,4510,2263,0,sty+tfidf,2,0,0.000482585086745318,True
4511,4511,2263,1,sty+tfidf,2,1,0.9965428364131956,True
4512,4512,2264,0,sty+tfidf,2,0,0.015889205847697926,True
4513,4513,2264,1,sty+tfidf,2,0,0.20763023531722982,False
4514,4514,2265,0,sty+tfidf,2,0,0.002285470464185151,True
4515,4515,2265,1,sty+tfidf,2,1,0.9854486450490857,True
4516,4516,2266,0,sty+tfidf,2,0,0.008032785671929289,True
4517,4517,2266,1,sty+tfidf,2,1,0.9944691527297181,True
4518,4518,2267,0,sty+tfidf,2,0,0.01473757871691284,True
4519,4519,2267,1,sty+tfidf,2,1,0.9976759907942511,True
4520,4520,2268,0,sty+tfidf,2,0,0.33242331823646915,True
4521,4521,2268,1,sty+tfidf,2,1,0.9714550123701736,True
4522,4522,2269,0,sty+tfidf,2,0,0.005740027603558865,True
4523,4523,2269,1,sty+tfidf,2,1,0.99682660041838,True
4524,4524,2270,0,sty+tfidf,2,0,0.009656263446980468,True
4525,4525,2270,1,sty+tfidf,2,1,0.9987275963679277,True
4526,4526,2271,0,sty+tfidf,2,0,0.001010896231796193,True
4527,4527,2271,1,sty+tfidf,2,1,0.9996196864212504,True
4528,4528,2272,0,sty+tfidf,2,0,0.004708718952596713,True
4529,4529,2272,1,sty+tfidf,2,1,0.9975951128691138,True
4530,4530,2273,0,sty+tfidf,2,0,0.0003438398555915513,True
4531,4531,2273,1,sty+tfidf,2,1,0.9997799387413309,True
4532,4532,2274,0,sty+tfidf,2,0,0.00010100845011992153,True
4533,4533,2274,1,sty+tfidf,2,1,0.990941712374011,True
4534,4534,2275,0,sty+tfidf,2,0,0.1220116947764876,True
4535,4535,2275,1,sty+tfidf,2,1,0.9952057776999578,True
4536,4536,2276,0,sty+tfidf,2,0,0.08128951816246391,True
4537,4537,2276,1,sty+tfidf,2,1,0.5084876233178798,True
4538,4538,2277,0,sty+tfidf,2,0,0.0015847560432154426,True
4539,4539,2277,1,sty+tfidf,2,1,0.9560420130675632,True
4540,4540,2278,0,sty+tfidf,2,0,0.2360000250167769,True
4541,4541,2278,1,sty+tfidf,2,1,0.9991911570355421,True
4542,4542,2279,0,sty+tfidf,2,0,0.03444014608754212,True
4543,4543,2279,1,sty+tfidf,2,1,0.975017970717048,True
4544,4544,2280,0,sty+tfidf,2,0,0.004060898699640917,True
4545,4545,2280,1,sty+tfidf,2,1,0.9928878231235484,True
4546,4546,2281,0,sty+tfidf,2,0,0.0014160586982784574,True
4547,4547,2281,1,sty+tfidf,2,1,0.7811786030172392,True
4548,4548,2282,0,sty+tfidf,2,0,0.004143017325691691,True
4549,4549,2282,1,sty+tfidf,2,1,0.9991105078180593,True
4550,4550,2283,0,sty+tfidf,2,0,0.00043904674336369586,True
4551,4551,2283,1,sty+tfidf,2,1,0.9990202352652378,True
4552,4552,2284,0,sty+tfidf,2,0,0.02998883350174936,True
4553,4553,2284,1,sty+tfidf,2,1,0.993576848741359,True
4554,4554,2285,0,sty+tfidf,2,1,0.7957534990262001,False
4555,4555,2285,1,sty+tfidf,2,1,0.9784571601961033,True
4556,4556,2286,0,sty+tfidf,2,0,0.00018479601911016363,True
4557,4557,2286,1,sty+tfidf,2,1,0.9901214841802009,True
4558,4558,2287,0,sty+tfidf,2,0,0.02473531984045899,True
4559,4559,2287,1,sty+tfidf,2,1,0.9972956372976518,True
4560,4560,2288,0,sty+tfidf,2,0,0.007980298798293258,True
4561,4561,2288,1,sty+tfidf,2,1,0.9589010030156333,True
4562,4562,2289,0,sty+tfidf,2,0,0.004049491811661569,True
4563,4563,2289,1,sty+tfidf,2,1,0.9215458555109062,True
4564,4564,2290,0,sty+tfidf,2,1,0.7908779624742129,False
4565,4565,2290,1,sty+tfidf,2,1,0.9920309468361196,True
4566,4566,2291,0,sty+tfidf,2,0,0.0031523907905643186,True
4567,4567,2291,1,sty+tfidf,2,1,0.9978438911232864,True
4568,4568,2292,0,sty+tfidf,2,0,0.0002478473112196988,True
4569,4569,2292,1,sty+tfidf,2,1,0.6641848150318846,True
4570,4570,2293,0,sty+tfidf,2,0,0.005200548596164314,True
4571,4571,2293,1,sty+tfidf,2,1,0.9967250354841186,True
4572,4572,2294,0,sty+tfidf,2,0,0.032586172158192185,True
4573,4573,2294,1,sty+tfidf,2,1,0.9114227734273632,True
4574,4574,2295,0,sty+tfidf,2,0,0.00046289365807856617,True
4575,4575,2295,1,sty+tfidf,2,1,0.9995867100366748,True
4576,4576,2296,0,sty+tfidf,2,1,0.6226855755514232,False
4577,4577,2296,1,sty+tfidf,2,1,0.999225940600442,True
4578,4578,2297,0,sty+tfidf,2,0,0.35533336118261294,True
4579,4579,2297,1,sty+tfidf,2,1,0.9996057161032067,True
4580,4580,2298,0,sty+tfidf,2,0,0.0005164695090841668,True
4581,4581,2298,1,sty+tfidf,2,1,0.9790717423291239,True
4582,4582,2299,0,sty+tfidf,2,0,0.00242666544693917,True
4583,4583,2299,1,sty+tfidf,2,1,0.9985552559612139,True
4584,4584,2300,0,sty+tfidf,2,0,0.011199466937038565,True
4585,4585,2300,1,sty+tfidf,2,1,0.9997254176034288,True
4586,4586,2301,0,sty+tfidf,2,0,0.0017492882510197001,True
4587,4587,2301,1,sty+tfidf,2,1,0.9993069433446171,True
4588,4588,2302,0,sty+tfidf,2,0,0.00046757224047596095,True
4589,4589,2302,1,sty+tfidf,2,1,0.9992646614157062,True
4590,4590,2303,0,sty+tfidf,2,0,0.001530558366742676,True
4591,4591,2303,1,sty+tfidf,2,1,0.9978514299377051,True
4592,4592,2304,0,sty+tfidf,2,0,0.059323634811959444,True
4593,4593,2304,1,sty+tfidf,2,1,0.97938440014744,True
4594,4594,2305,0,sty+tfidf,2,0,0.008178738576911954,True
4595,4595,2305,1,sty+tfidf,2,1,0.9998293426561587,True
4596,4596,2306,0,sty+tfidf,2,0,0.0016257961600556353,True
4597,4597,2306,1,sty+tfidf,2,1,0.9425625125125967,True
4598,4598,2307,0,sty+tfidf,2,0,0.0014654970880786926,True
4599,4599,2307,1,sty+tfidf,2,1,0.9898127398130928,True
4600,4600,2308,0,sty+tfidf,2,0,9.988343767697949e-05,True
4601,4601,2308,1,sty+tfidf,2,1,0.9216767469671344,True
4602,4602,2309,0,sty+tfidf,2,0,0.19983839028895495,True
4603,4603,2309,1,sty+tfidf,2,1,0.994999123824713,True
4604,4604,2310,0,sty+tfidf,2,0,0.01565454165640675,True
4605,4605,2310,1,sty+tfidf,2,1,0.9872066150147732,True
4606,4606,2311,0,sty+tfidf,2,0,0.0006422065398811718,True
4607,4607,2311,1,sty+tfidf,2,1,0.9996391125095375,True
4608,4608,2312,0,sty+tfidf,2,0,0.0025188053979001614,True
4609,4609,2312,1,sty+tfidf,2,1,0.9502102925613144,True
4610,4610,2313,0,sty+tfidf,2,0,0.015906374088776598,True
4611,4611,2313,1,sty+tfidf,2,1,0.9867373433029862,True
4612,4612,2314,0,sty+tfidf,2,0,0.0016520029154111382,True
4613,4613,2314,1,sty+tfidf,2,1,0.874222258637377,True
4614,4614,2315,0,sty+tfidf,2,0,0.0010421794647264945,True
4615,4615,2315,1,sty+tfidf,2,1,0.8818272828154725,True
4616,4616,2316,0,sty+tfidf,2,1,0.5934151319255361,False
4617,4617,2316,1,sty+tfidf,2,1,0.9991120662434761,True
4618,4618,2317,0,sty+tfidf,2,0,8.788530094392099e-05,True
4619,4619,2317,1,sty+tfidf,2,1,0.9765296095158937,True
4620,4620,2318,0,sty+tfidf,2,0,0.4359551988069682,True
4621,4621,2318,1,sty+tfidf,2,1,0.9972977069543789,True
4622,4622,2319,0,sty+tfidf,2,0,8.146490365797296e-05,True
4623,4623,2319,1,sty+tfidf,2,1,0.9927863306810749,True
4624,4624,2320,0,sty+tfidf,2,0,0.004840031732286063,True
4625,4625,2320,1,sty+tfidf,2,0,0.30284247693570526,False
4626,4626,2321,0,sty+tfidf,2,0,0.48430205594163256,True
4627,4627,2321,1,sty+tfidf,2,1,0.9972132335151096,True
4628,4628,2322,0,sty+tfidf,2,0,0.0003099191041495006,True
4629,4629,2322,1,sty+tfidf,2,1,0.9743979483091314,True
4630,4630,2323,0,sty+tfidf,2,0,0.0009405583880198618,True
4631,4631,2323,1,sty+tfidf,2,1,0.9985540166951041,True
4632,4632,2324,0,sty+tfidf,2,0,0.0005008831059763352,True
4633,4633,2324,1,sty+tfidf,2,1,0.9979209462413697,True
4634,4634,2325,0,sty+tfidf,2,0,0.0019854440063768347,True
4635,4635,2325,1,sty+tfidf,2,1,0.9995840207446233,True
4636,4636,2326,0,sty+tfidf,2,0,0.00031311743439612147,True
4637,4637,2326,1,sty+tfidf,2,1,0.9928519351116647,True
4638,4638,2327,0,sty+tfidf,2,0,0.00018645884065450976,True
4639,4639,2327,1,sty+tfidf,2,1,0.7326777705585727,True
4640,4640,2328,0,sty+tfidf,2,0,0.01099585675684171,True
4641,4641,2328,1,sty+tfidf,2,1,0.9992860527822753,True
4642,4642,2329,0,sty+tfidf,2,1,0.505044793708166,False
4643,4643,2329,1,sty+tfidf,2,1,0.9953170692725967,True
4644,4644,2330,0,sty+tfidf,2,0,0.01255290249421644,True
4645,4645,2330,1,sty+tfidf,2,1,0.9928929308211245,True
4646,4646,2331,0,sty+tfidf,2,0,0.03669245503526724,True
4647,4647,2331,1,sty+tfidf,2,1,0.9989857233232978,True
4648,4648,2332,0,sty+tfidf,2,0,0.003688275072720773,True
4649,4649,2332,1,sty+tfidf,2,1,0.9951131820177925,True
4650,4650,2333,0,sty+tfidf,2,1,0.7866787177398193,False
4651,4651,2333,1,sty+tfidf,2,1,0.9997809106692233,True
4652,4652,2334,0,sty+tfidf,2,0,0.20423639871445395,True
4653,4653,2334,1,sty+tfidf,2,1,0.7764494124563021,True
4654,4654,2335,0,sty+tfidf,2,0,0.00770310745499496,True
4655,4655,2335,1,sty+tfidf,2,1,0.9987624709129292,True
4656,4656,2336,0,sty+tfidf,2,0,0.0003693725455978035,True
4657,4657,2336,1,sty+tfidf,2,1,0.9728774791246669,True
4658,4658,2337,0,sty+tfidf,2,0,0.0009255556116195578,True
4659,4659,2337,1,sty+tfidf,2,1,0.9884499001034224,True
4660,4660,2338,0,sty+tfidf,2,0,0.005641316645635538,True
4661,4661,2338,1,sty+tfidf,2,1,0.9779059188402718,True
4662,4662,2339,0,sty+tfidf,2,0,0.0028497938317911652,True
4663,4663,2339,1,sty+tfidf,2,1,0.9981846658438727,True
4664,4664,2340,0,sty+tfidf,2,0,0.00017815034771764056,True
4665,4665,2340,1,sty+tfidf,2,1,0.9920406621656352,True
4666,4666,2341,0,sty+tfidf,2,0,0.016680875100278998,True
4667,4667,2341,1,sty+tfidf,2,1,0.9809152011811852,True
4668,4668,2342,0,sty+tfidf,2,0,0.17553091195071194,True
4669,4669,2342,1,sty+tfidf,2,1,0.9817424061607074,True
4670,4670,2343,0,sty+tfidf,2,0,6.711822083099528e-05,True
4671,4671,2343,1,sty+tfidf,2,1,0.5348784086713005,True
4672,4672,2344,0,sty+tfidf,2,0,0.01936549719173394,True
4673,4673,2344,1,sty+tfidf,2,1,0.9984360416273724,True
4674,4674,2345,0,sty+tfidf,2,0,0.07521041351274672,True
4675,4675,2345,1,sty+tfidf,2,1,0.9956557855377564,True
4676,4676,2346,0,sty+tfidf,2,0,0.038193338615532244,True
4677,4677,2346,1,sty+tfidf,2,1,0.9959409471550194,True
4678,4678,2347,0,sty+tfidf,2,0,0.00021760311537791447,True
4679,4679,2347,1,sty+tfidf,2,1,0.9750564866762123,True
4680,4680,2348,0,sty+tfidf,2,0,0.003358359571726026,True
4681,4681,2348,1,sty+tfidf,2,1,0.9601409167983446,True
4682,4682,2349,0,sty+tfidf,2,0,0.0022713676836088417,True
4683,4683,2349,1,sty+tfidf,2,1,0.975609681190271,True
4684,4684,2350,0,sty+tfidf,2,0,0.012200074104362807,True
4685,4685,2350,1,sty+tfidf,2,1,0.9885681344117037,True
4686,4686,2351,0,sty+tfidf,2,1,0.5958901936842691,False
4687,4687,2351,1,sty+tfidf,2,1,0.9952882540250383,True
4688,4688,2352,0,sty+tfidf,2,0,0.0010173311748468605,True
4689,4689,2352,1,sty+tfidf,2,0,0.08025303569642268,False
4690,4690,2353,0,sty+tfidf,2,0,0.00017975567808431393,True
4691,4691,2353,1,sty+tfidf,2,1,0.9942402844758901,True
4692,4692,2354,0,sty+tfidf,2,0,0.00030884387373231154,True
4693,4693,2354,1,sty+tfidf,2,1,0.9942410065963057,True
4694,4694,2355,0,sty+tfidf,2,0,0.001053168686869341,True
4695,4695,2355,1,sty+tfidf,2,1,0.9969032956942877,True
4696,4696,2356,0,sty+tfidf,2,0,0.38168902776607555,True
4697,4697,2356,1,sty+tfidf,2,1,0.993623243145867,True
4698,4698,2357,0,sty+tfidf,2,1,0.543092374226635,False
4699,4699,2357,1,sty+tfidf,2,1,0.9997360139934901,True
4700,4700,2358,0,sty+tfidf,2,0,0.0033735526844883043,True
4701,4701,2358,1,sty+tfidf,2,1,0.9985358268743464,True
4702,4702,2359,0,sty+tfidf,2,0,0.00040320988954049505,True
4703,4703,2359,1,sty+tfidf,2,1,0.9944485616316956,True
4704,4704,2360,0,sty+tfidf,2,1,0.9623048276605118,False
4705,4705,2360,1,sty+tfidf,2,1,0.9991263493209414,True
4706,4706,2361,0,sty+tfidf,2,0,0.04146394875425913,True
4707,4707,2361,1,sty+tfidf,2,1,0.8095348397627257,True
4708,4708,2362,0,sty+tfidf,2,0,0.01577750333209523,True
4709,4709,2362,1,sty+tfidf,2,1,0.9982849129977052,True
4710,4710,2363,0,sty+tfidf,2,0,0.049869818831879804,True
4711,4711,2363,1,sty+tfidf,2,1,0.9678081921363348,True
4712,4712,2364,0,sty+tfidf,2,0,0.0701122865536902,True
4713,4713,2364,1,sty+tfidf,2,1,0.9798895988969292,True
4714,4714,2365,0,sty+tfidf,2,1,0.8576569486334644,False
4715,4715,2365,1,sty+tfidf,2,1,0.999625106219212,True
4716,4716,2366,0,sty+tfidf,2,0,0.024513285126438494,True
4717,4717,2366,1,sty+tfidf,2,1,0.9854594694726898,True
4718,4718,2367,0,sty+tfidf,2,0,0.012691838223103153,True
4719,4719,2367,1,sty+tfidf,2,1,0.9920121054926697,True
4720,4720,2368,0,sty+tfidf,2,0,0.01093516210469499,True
4721,4721,2368,1,sty+tfidf,2,1,0.999487321753339,True
4722,4722,2369,0,sty+tfidf,2,0,0.03178591582855402,True
4723,4723,2369,1,sty+tfidf,2,1,0.9735164209780198,True
4724,4724,2370,0,sty+tfidf,2,0,0.0031859979274584333,True
4725,4725,2370,1,sty+tfidf,2,1,0.9919937235079324,True
4726,4726,2371,0,sty+tfidf,2,0,0.0748440979247089,True
4727,4727,2371,1,sty+tfidf,2,1,0.9996217538860228,True
4728,4728,2372,0,sty+tfidf,2,0,0.025145588703660446,True
4729,4729,2372,1,sty+tfidf,2,1,0.7441511500008967,True
4730,4730,2373,0,sty+tfidf,2,0,0.0016262161243551373,True
4731,4731,2373,1,sty+tfidf,2,1,0.997245709292632,True
4732,4732,2374,0,sty+tfidf,2,0,0.001432453989050705,True
4733,4733,2374,1,sty+tfidf,2,1,0.7073403482690871,True
4734,4734,2375,0,sty+tfidf,2,0,0.0004790843514685303,True
4735,4735,2375,1,sty+tfidf,2,1,0.9365146658706763,True
4736,4736,2376,0,sty+tfidf,2,1,0.8984892548703025,False
4737,4737,2376,1,sty+tfidf,2,1,0.9978504220198187,True
4738,4738,2377,0,sty+tfidf,2,0,0.020010012529384193,True
4739,4739,2377,1,sty+tfidf,2,1,0.9978777676137237,True
4740,4740,2378,0,sty+tfidf,2,0,0.0020956843853025577,True
4741,4741,2378,1,sty+tfidf,2,1,0.8442136961050125,True
4742,4742,2379,0,sty+tfidf,2,0,0.2261445855067174,True
4743,4743,2379,1,sty+tfidf,2,1,0.9987660126457886,True
4744,4744,2380,0,sty+tfidf,2,0,0.005062467271502877,True
4745,4745,2380,1,sty+tfidf,2,1,0.9946919704762762,True
4746,4746,2381,0,sty+tfidf,2,0,0.00030052509479479327,True
4747,4747,2381,1,sty+tfidf,2,1,0.9463105422389756,True
4748,4748,2382,0,sty+tfidf,2,0,0.005025859301209261,True
4749,4749,2382,1,sty+tfidf,2,1,0.9993641664830843,True
4750,4750,2383,0,sty+tfidf,2,0,0.0005995275230726875,True
4751,4751,2383,1,sty+tfidf,2,1,0.99824129912276,True
4752,4752,2384,0,sty+tfidf,2,0,0.0014183314267823524,True
4753,4753,2384,1,sty+tfidf,2,1,0.9956552581528729,True
4754,4754,2385,0,sty+tfidf,2,0,0.00046397703229699556,True
4755,4755,2385,1,sty+tfidf,2,0,0.04003103871501518,False
4756,4756,2386,0,sty+tfidf,2,0,0.008588367580179493,True
4757,4757,2386,1,sty+tfidf,2,1,0.8987295971683187,True
4758,4758,2387,0,sty+tfidf,2,0,0.0002347390320528911,True
4759,4759,2387,1,sty+tfidf,2,1,0.9997756898182205,True
4760,4760,2388,0,sty+tfidf,2,0,0.01960041811000282,True
4761,4761,2388,1,sty+tfidf,2,1,0.9080683053842324,True
4762,4762,2389,0,sty+tfidf,2,0,0.0002581079142891303,True
4763,4763,2389,1,sty+tfidf,2,1,0.9436668688232294,True
4764,4764,2390,0,sty+tfidf,2,0,0.012894741804591887,True
4765,4765,2390,1,sty+tfidf,2,1,0.9937931185467235,True
4766,4766,2391,0,sty+tfidf,2,0,0.30982375778415255,True
4767,4767,2391,1,sty+tfidf,2,1,0.9918050208850325,True
4768,4768,2392,0,sty+tfidf,2,0,0.0001671540707365557,True
4769,4769,2392,1,sty+tfidf,2,1,0.6427962485580841,True
4770,4770,2393,0,sty+tfidf,2,0,0.004648748493406995,True
4771,4771,2393,1,sty+tfidf,2,1,0.9893737601585928,True
4772,4772,2394,0,sty+tfidf,2,0,0.0017600607182153506,True
4773,4773,2394,1,sty+tfidf,2,1,0.9847958707427796,True
4774,4774,2395,0,sty+tfidf,2,0,0.21015442608242366,True
4775,4775,2395,1,sty+tfidf,2,1,0.7367657645339768,True
4776,4776,2396,0,sty+tfidf,2,0,0.05834735328186461,True
4777,4777,2396,1,sty+tfidf,2,1,0.9955600599215756,True
4778,4778,2397,0,sty+tfidf,2,0,0.014307544920619924,True
4779,4779,2397,1,sty+tfidf,2,1,0.8621243621002176,True
4780,4780,2398,0,sty+tfidf,2,0,0.0007359112035876904,True
4781,4781,2398,1,sty+tfidf,2,1,0.999736555315396,True
4782,4782,2399,0,sty+tfidf,2,0,0.04291540154513706,True
4783,4783,2399,1,sty+tfidf,2,1,0.947491990014283,True
4784,4784,2400,0,sty+tfidf,2,0,0.004710902469548669,True
4785,4785,2400,1,sty+tfidf,2,1,0.9849259791149235,True
4786,4786,2401,0,sty+tfidf,2,0,0.13962491764268356,True
4787,4787,2401,1,sty+tfidf,2,1,0.9960031232755817,True
4788,4788,2402,0,sty+tfidf,2,0,0.001682939781721808,True
4789,4789,2402,1,sty+tfidf,2,1,0.9970342515542534,True
4790,4790,2403,0,sty+tfidf,2,0,0.0009267840871722545,True
4791,4791,2403,1,sty+tfidf,2,1,0.9995569784790372,True
4792,4792,2404,0,sty+tfidf,2,0,0.04336667853101395,True
4793,4793,2404,1,sty+tfidf,2,1,0.9979864825194357,True
4794,4794,2405,0,sty+tfidf,2,0,0.003009061259135653,True
4795,4795,2405,1,sty+tfidf,2,1,0.9945017155151815,True
4796,4796,2406,0,sty+tfidf,2,0,0.004553438075185575,True
4797,4797,2406,1,sty+tfidf,2,1,0.5536249433800318,True
4798,4798,2407,0,sty+tfidf,2,0,0.01003530194213218,True
4799,4799,2407,1,sty+tfidf,2,1,0.9996268194564454,True
4800,4800,2408,0,sty+tfidf,2,0,0.001898733472845175,True
4801,4801,2408,1,sty+tfidf,2,1,0.9822743362686372,True
4802,4802,2409,0,sty+tfidf,2,0,0.008215551384955744,True
4803,4803,2409,1,sty+tfidf,2,1,0.9550982312594234,True
4804,4804,2410,0,sty+tfidf,2,0,0.018993860762594215,True
4805,4805,2410,1,sty+tfidf,2,1,0.997228645766738,True
4806,4806,2411,0,sty+tfidf,2,0,0.012409119040696942,True
4807,4807,2411,1,sty+tfidf,2,1,0.9994667441160596,True
4808,4808,2412,0,sty+tfidf,2,0,0.00048223014496333316,True
4809,4809,2412,1,sty+tfidf,2,1,0.9047305686601999,True
4810,4810,2413,0,sty+tfidf,2,0,0.0002951564900191794,True
4811,4811,2413,1,sty+tfidf,2,1,0.928475942467217,True
4812,4812,2414,0,sty+tfidf,2,0,0.0014279684172043736,True
4813,4813,2414,1,sty+tfidf,2,1,0.9894665549825951,True
4814,4814,2415,0,sty+tfidf,2,0,0.0009296764863333081,True
4815,4815,2415,1,sty+tfidf,2,1,0.987154363955442,True
4816,4816,2416,0,sty+tfidf,2,0,0.02992707400469409,True
4817,4817,2416,1,sty+tfidf,2,0,0.3264034327320975,False
4818,4818,2417,0,sty+tfidf,2,0,0.004460087270181168,True
4819,4819,2417,1,sty+tfidf,2,1,0.9986891831452634,True
4820,4820,2418,0,sty+tfidf,2,0,0.000690057889924374,True
4821,4821,2418,1,sty+tfidf,2,1,0.9903162631166452,True
4822,4822,2419,0,sty+tfidf,2,0,0.00048703594037190944,True
4823,4823,2419,1,sty+tfidf,2,1,0.9813418621046724,True
4824,4824,2420,0,sty+tfidf,2,0,0.0010132308030809352,True
4825,4825,2420,1,sty+tfidf,2,1,0.9563910590984318,True
4826,4826,2421,0,sty+tfidf,2,0,0.03499505558983806,True
4827,4827,2421,1,sty+tfidf,2,1,0.8424038100534579,True
4828,4828,2422,0,sty+tfidf,2,0,0.0022938893869914726,True
4829,4829,2422,1,sty+tfidf,2,1,0.9992847587994291,True
4830,4830,2423,0,sty+tfidf,2,0,0.0010663191449872588,True
4831,4831,2423,1,sty+tfidf,2,1,0.9990021414674687,True
4832,4832,2424,0,sty+tfidf,2,0,0.001176446884985132,True
4833,4833,2424,1,sty+tfidf,2,1,0.9885256595723885,True
4834,4834,2425,0,sty+tfidf,2,0,0.0010508661842929155,True
4835,4835,2425,1,sty+tfidf,2,1,0.9644103923222831,True
4836,4836,2426,0,sty+tfidf,2,0,0.04764625408408153,True
4837,4837,2426,1,sty+tfidf,2,1,0.9883212554332469,True
4838,4838,2427,1,sty+tfidf,2,1,0.9944848667643542,True
4839,4839,2428,0,sty+tfidf,2,0,0.012742929549693287,True
4840,4840,2428,1,sty+tfidf,2,1,0.9934347077059934,True
4841,4841,2429,0,sty+tfidf,2,0,0.0025138805838433734,True
4842,4842,2429,1,sty+tfidf,2,1,0.998013045741317,True
4843,4843,2430,0,sty+tfidf,2,0,0.005565577914220074,True
4844,4844,2430,1,sty+tfidf,2,1,0.9975583693093777,True
4845,4845,2431,0,sty+tfidf,2,0,0.22720520437581757,True
4846,4846,2431,1,sty+tfidf,2,1,0.6085668297846663,True
4847,4847,2432,0,sty+tfidf,2,1,0.5045140573216848,False
4848,4848,2432,1,sty+tfidf,2,1,0.9238644639300966,True
4849,4849,2433,0,sty+tfidf,2,0,0.26588362816806244,True
4850,4850,2433,1,sty+tfidf,2,1,0.9671872350218351,True
4851,4851,2434,0,sty+tfidf,2,0,0.0006104309575483463,True
4852,4852,2434,1,sty+tfidf,2,1,0.9801126099519943,True
4853,4853,2435,0,sty+tfidf,2,0,6.160812876760775e-05,True
4854,4854,2435,1,sty+tfidf,2,1,0.9955657593009385,True
4855,4855,2436,0,sty+tfidf,2,0,0.001466421332135722,True
4856,4856,2436,1,sty+tfidf,2,1,0.9936442727465635,True
4857,4857,2437,0,sty+tfidf,2,0,0.015450235039289252,True
4858,4858,2437,1,sty+tfidf,2,1,0.9971150422877318,True
4859,4859,2438,0,sty+tfidf,2,0,0.005759997112073526,True
4860,4860,2438,1,sty+tfidf,2,1,0.9840884881200961,True
4861,4861,2439,0,sty+tfidf,2,0,0.030710415499316187,True
4862,4862,2439,1,sty+tfidf,2,1,0.9958139693339499,True
4863,4863,2440,0,sty+tfidf,2,0,0.006183808716373792,True
4864,4864,2440,1,sty+tfidf,2,1,0.9685293789710787,True
4865,4865,2441,0,sty+tfidf,2,0,0.13224193621033506,True
4866,4866,2441,1,sty+tfidf,2,1,0.9961208286619953,True
4867,4867,2442,0,sty+tfidf,2,0,0.001577156789591198,True
4868,4868,2442,1,sty+tfidf,2,1,0.9868849248841627,True
4869,4869,2443,0,sty+tfidf,2,0,0.028686054991570693,True
4870,4870,2443,1,sty+tfidf,2,1,0.9956742775979887,True
4871,4871,2444,0,sty+tfidf,2,0,0.009090361946241576,True
4872,4872,2444,1,sty+tfidf,2,1,0.9982475786226201,True
4873,4873,2445,0,sty+tfidf,2,0,0.20918360767708188,True
4874,4874,2445,1,sty+tfidf,2,1,0.9960556204864103,True
4875,4875,2446,0,sty+tfidf,2,0,0.0018150583852671704,True
4876,4876,2446,1,sty+tfidf,2,1,0.9992023695924054,True
4877,4877,2447,0,sty+tfidf,2,0,0.004193174502589119,True
4878,4878,2447,1,sty+tfidf,2,1,0.9951912388353568,True
4879,4879,2448,0,sty+tfidf,2,0,6.629939141922898e-05,True
4880,4880,2448,1,sty+tfidf,2,1,0.9977732544852268,True
4881,4881,2449,0,sty+tfidf,2,0,0.00013339459170503645,True
4882,4882,2449,1,sty+tfidf,2,1,0.9287216272873355,True
4883,4883,2450,0,sty+tfidf,2,0,0.006361922705945118,True
4884,4884,2450,1,sty+tfidf,2,1,0.9926986735379085,True
4885,4885,2451,0,sty+tfidf,2,0,0.008944901811850398,True
4886,4886,2451,1,sty+tfidf,2,1,0.9948840339749071,True
4887,4887,2452,0,sty+tfidf,2,1,0.6605552724023512,False
4888,4888,2452,1,sty+tfidf,2,1,0.9988821910283097,True
4889,4889,2453,0,sty+tfidf,2,0,0.07229984881825599,True
4890,4890,2453,1,sty+tfidf,2,1,0.9983853883885003,True
4891,4891,2454,0,sty+tfidf,2,1,0.5369471491876248,False
4892,4892,2454,1,sty+tfidf,2,1,0.9983429095957455,True
4893,4893,2455,1,sty+tfidf,2,1,0.9764319024097365,True
4894,4894,2456,0,sty+tfidf,2,0,0.0008982280098111306,True
4895,4895,2456,1,sty+tfidf,2,1,0.9950041637355719,True
4896,4896,2457,0,sty+tfidf,2,0,0.01201870372489102,True
4897,4897,2457,1,sty+tfidf,2,0,0.12083446120164898,False
4898,4898,2458,0,sty+tfidf,2,0,0.005077502894204978,True
4899,4899,2458,1,sty+tfidf,2,1,0.9989797658752863,True
4900,4900,2459,0,sty+tfidf,2,0,0.005404236987065415,True
4901,4901,2459,1,sty+tfidf,2,1,0.9994214731811439,True
4902,4902,2460,0,sty+tfidf,2,0,0.38509968594994515,True
4903,4903,2460,1,sty+tfidf,2,1,0.9626016219469274,True
4904,4904,2461,0,sty+tfidf,2,0,0.05634714703159355,True
4905,4905,2461,1,sty+tfidf,2,1,0.9995963097795509,True
4906,4906,2462,0,sty+tfidf,2,0,0.0032946745482947655,True
4907,4907,2462,1,sty+tfidf,2,1,0.5895317480174622,True
4908,4908,2463,0,sty+tfidf,2,0,0.0008606603901836344,True
4909,4909,2463,1,sty+tfidf,2,1,0.9932118206362054,True
4910,4910,2464,0,sty+tfidf,2,0,0.013897991536213034,True
4911,4911,2464,1,sty+tfidf,2,1,0.9917047763870303,True
4912,4912,2465,0,sty+tfidf,2,0,0.0027487653456833034,True
4913,4913,2465,1,sty+tfidf,2,1,0.9907204640768886,True
4914,4914,2466,0,sty+tfidf,2,0,0.0001750094849705539,True
4915,4915,2466,1,sty+tfidf,2,0,0.34442799962049725,False
4916,4916,2467,0,sty+tfidf,2,0,0.003455116683570372,True
4917,4917,2467,1,sty+tfidf,2,1,0.9976795007449335,True
4918,4918,2468,0,sty+tfidf,2,0,0.0007969036824430459,True
4919,4919,2468,1,sty+tfidf,2,1,0.9953782666226018,True
4920,4920,2469,0,sty+tfidf,2,0,0.0015394837823286753,True
4921,4921,2469,1,sty+tfidf,2,1,0.9683431163862847,True
4922,4922,2470,0,sty+tfidf,2,0,0.19378390052621744,True
4923,4923,2470,1,sty+tfidf,2,1,0.998545061856462,True
4924,4924,2471,0,sty+tfidf,2,0,0.014080489490163378,True
4925,4925,2471,1,sty+tfidf,2,1,0.9998787215001146,True
4926,4926,2472,0,sty+tfidf,2,0,0.005833781182276836,True
4927,4927,2472,1,sty+tfidf,2,1,0.9374831444576207,True
4928,4928,2473,0,sty+tfidf,2,0,0.13900013230120084,True
4929,4929,2473,1,sty+tfidf,2,1,0.8579744410751395,True
4930,4930,2474,0,sty+tfidf,2,0,0.0015706670701660782,True
4931,4931,2474,1,sty+tfidf,2,1,0.7145044544394419,True
4932,4932,2475,0,sty+tfidf,2,0,0.0002985181235860695,True
4933,4933,2475,1,sty+tfidf,2,1,0.9938044719852563,True
4934,4934,2476,0,sty+tfidf,2,0,0.0005801767339101156,True
4935,4935,2476,1,sty+tfidf,2,1,0.9932149999838624,True
4936,4936,2477,0,sty+tfidf,2,0,0.07996685884804218,True
4937,4937,2477,1,sty+tfidf,2,1,0.9927383897404242,True
4938,4938,2478,0,sty+tfidf,2,0,0.005381954152833792,True
4939,4939,2478,1,sty+tfidf,2,1,0.9958663508748004,True
4940,4940,2479,0,sty+tfidf,2,0,0.00631294676458779,True
4941,4941,2479,1,sty+tfidf,2,1,0.9994169137575999,True
4942,4942,2480,0,sty+tfidf,2,0,0.0012178026695045115,True
4943,4943,2480,1,sty+tfidf,2,1,0.9819623084410243,True
4944,4944,2481,0,sty+tfidf,2,0,0.0007734033730090694,True
4945,4945,2481,1,sty+tfidf,2,1,0.9840487143753077,True
4946,4946,2482,0,sty+tfidf,2,0,0.003952549121043878,True
4947,4947,2482,1,sty+tfidf,2,1,0.9961213962643588,True
4948,4948,2483,0,sty+tfidf,2,0,0.0020522741259304043,True
4949,4949,2483,1,sty+tfidf,2,1,0.9995380295612164,True
4950,4950,2484,0,sty+tfidf,2,0,0.001065861602795039,True
4951,4951,2484,1,sty+tfidf,2,1,0.989748880854499,True
4952,4952,2485,0,sty+tfidf,2,0,0.005393803245301,True
4953,4953,2485,1,sty+tfidf,2,1,0.9981712407842293,True
4954,4954,2486,0,sty+tfidf,2,0,0.001326796191876492,True
4955,4955,2486,1,sty+tfidf,2,1,0.9917289476252733,True
4956,4956,2487,0,sty+tfidf,2,0,0.0921929430324665,True
4957,4957,2487,1,sty+tfidf,2,1,0.9986441619268833,True
4958,4958,2488,0,sty+tfidf,2,0,0.19198862556194735,True
4959,4959,2488,1,sty+tfidf,2,1,0.9956586851208665,True
4960,4960,2489,0,sty+tfidf,2,0,9.91270140443596e-05,True
4961,4961,2489,1,sty+tfidf,2,1,0.9990289847932348,True
4962,4962,2490,0,sty+tfidf,2,0,0.0026252302618827946,True
4963,4963,2490,1,sty+tfidf,2,1,0.998869475358993,True
4964,4964,2491,0,sty+tfidf,2,0,0.03709368611151266,True
4965,4965,2491,1,sty+tfidf,2,1,0.9641987879761351,True
4966,4966,2492,0,sty+tfidf,2,0,0.0024141693565389644,True
4967,4967,2492,1,sty+tfidf,2,1,0.9972661302815908,True
4968,4968,2493,0,sty+tfidf,2,0,0.036096375387949325,True
4969,4969,2493,1,sty+tfidf,2,1,0.9995597032501956,True
4970,4970,2494,0,sty+tfidf,2,0,0.0029599253636274714,True
4971,4971,2494,1,sty+tfidf,2,1,0.9988099805522654,True
4972,4972,2495,0,sty+tfidf,2,0,0.00211820494203817,True
4973,4973,2495,1,sty+tfidf,2,1,0.9975609780281296,True
4974,4974,2496,0,sty+tfidf,2,0,0.2988000205805713,True
4975,4975,2496,1,sty+tfidf,2,1,0.9986286766360878,True
4976,4976,2497,0,sty+tfidf,2,0,0.32179038023011386,True
4977,4977,2497,1,sty+tfidf,2,1,0.9977851128597719,True
4978,4978,2498,0,sty+tfidf,2,0,0.262487231931563,True
4979,4979,2498,1,sty+tfidf,2,1,0.9683699983171384,True
4980,4980,2499,0,sty+tfidf,2,0,0.019311123368114483,True
4981,4981,2499,1,sty+tfidf,2,1,0.999073567301164,True
4982,4982,2500,0,sty+tfidf,2,0,0.0016359057461734017,True
4983,4983,2500,1,sty+tfidf,2,1,0.8263226245592304,True
4984,4984,2501,0,sty+tfidf,2,0,0.018263840890796357,True
4985,4985,2501,1,sty+tfidf,2,1,0.9991851710168107,True
4986,4986,2502,0,sty+tfidf,2,0,0.0013912467143196619,True
4987,4987,2502,1,sty+tfidf,2,1,0.9765888500177042,True
4988,4988,2503,0,sty+tfidf,2,0,0.0005570368549734857,True
4989,4989,2503,1,sty+tfidf,2,1,0.9989713186855909,True
4990,4990,2504,0,sty+tfidf,2,0,0.00819909040140513,True
4991,4991,2504,1,sty+tfidf,2,1,0.9882425111848996,True
4992,4992,2505,0,sty+tfidf,2,0,0.001188265715598873,True
4993,4993,2505,1,sty+tfidf,2,1,0.9853151992280883,True
4994,4994,2506,0,sty+tfidf,2,0,0.06228670311941563,True
4995,4995,2506,1,sty+tfidf,2,1,0.999492096037397,True
4996,4996,2507,0,sty+tfidf,2,0,0.05068814811603856,True
4997,4997,2507,1,sty+tfidf,2,1,0.9364481329606187,True
4998,4998,2508,0,sty+tfidf,2,0,0.12701335579630285,True
4999,4999,2508,1,sty+tfidf,2,1,0.9993871540532884,True
5000,5000,2509,0,sty+tfidf,2,0,0.020589354674564898,True
5001,5001,2509,1,sty+tfidf,2,1,0.8774735187494712,True
5002,5002,2510,0,sty+tfidf,2,0,0.02716691200622223,True
5003,5003,2510,1,sty+tfidf,2,1,0.9985469472947405,True
5004,5004,2511,0,sty+tfidf,2,0,0.01270787647838692,True
5005,5005,2511,1,sty+tfidf,2,1,0.9969668630092025,True
5006,5006,2512,0,sty+tfidf,2,0,0.05173034402271314,True
5007,5007,2512,1,sty+tfidf,2,1,0.9983312417493427,True
5008,5008,2513,0,sty+tfidf,2,0,0.0019214150280736015,True
5009,5009,2513,1,sty+tfidf,2,1,0.995666282241333,True
5010,5010,2514,0,sty+tfidf,2,0,0.0023616705676316164,True
5011,5011,2514,1,sty+tfidf,2,1,0.9902319509591934,True
5012,5012,2515,0,sty+tfidf,2,0,0.0041254692516852565,True
5013,5013,2515,1,sty+tfidf,2,1,0.9811518105524141,True
5014,5014,2516,0,sty+tfidf,2,0,0.08755270438079887,True
5015,5015,2516,1,sty+tfidf,2,1,0.9959224697779224,True
5016,5016,2517,0,sty+tfidf,2,0,6.305725194456614e-05,True
5017,5017,2517,1,sty+tfidf,2,1,0.5128767297817666,True
5018,5018,2518,1,sty+tfidf,2,1,0.9968087584409315,True
5019,5019,2519,0,sty+tfidf,2,0,0.0027499717543501504,True
5020,5020,2519,1,sty+tfidf,2,1,0.9990277218958153,True
5021,5021,2520,0,sty+tfidf,2,0,0.02590746212238942,True
5022,5022,2520,1,sty+tfidf,2,1,0.9978223108582084,True
5023,5023,2521,0,sty+tfidf,2,0,0.00047108767982673757,True
5024,5024,2521,1,sty+tfidf,2,1,0.9993932188896407,True
5025,5025,2522,0,sty+tfidf,2,1,0.8020416890197591,False
5026,5026,2522,1,sty+tfidf,2,1,0.8894058614094239,True
5027,5027,2523,0,sty+tfidf,2,0,0.00033094294441345784,True
5028,5028,2523,1,sty+tfidf,2,1,0.9959672880698633,True
5029,5029,2524,0,sty+tfidf,2,0,0.00022926656738428262,True
5030,5030,2524,1,sty+tfidf,2,1,0.8035842137031055,True
5031,5031,2525,0,sty+tfidf,2,0,0.00370102405873531,True
5032,5032,2525,1,sty+tfidf,2,1,0.9978207583248936,True
5033,5033,2526,0,sty+tfidf,2,0,0.0016495366353939701,True
5034,5034,2526,1,sty+tfidf,2,1,0.9983280683806616,True
5035,5035,2527,0,sty+tfidf,2,0,0.08593208855274123,True
5036,5036,2527,1,sty+tfidf,2,1,0.9867416683276677,True
5037,5037,2528,0,sty+tfidf,2,0,0.011036707721189911,True
5038,5038,2528,1,sty+tfidf,2,1,0.9727048271423673,True
5039,5039,2529,0,sty+tfidf,2,0,0.31912129274735707,True
5040,5040,2529,1,sty+tfidf,2,1,0.9991486475303453,True
5041,5041,2530,0,sty+tfidf,2,0,0.0017640684049152902,True
5042,5042,2530,1,sty+tfidf,2,1,0.9993677785725572,True
5043,5043,2531,0,sty+tfidf,2,0,0.06481164312332323,True
5044,5044,2531,1,sty+tfidf,2,1,0.9939306722475187,True
5045,5045,2532,0,sty+tfidf,2,0,0.007286994007629365,True
5046,5046,2532,1,sty+tfidf,2,1,0.9996677509929741,True
5047,5047,2533,0,sty+tfidf,2,0,0.0034320174047440554,True
5048,5048,2533,1,sty+tfidf,2,1,0.9986141329288575,True
5049,5049,2534,0,sty+tfidf,2,0,0.2748570875593664,True
5050,5050,2534,1,sty+tfidf,2,1,0.9968588740168033,True
5051,5051,2535,0,sty+tfidf,2,0,0.00011108099820216718,True
5052,5052,2535,1,sty+tfidf,2,1,0.99387810328367,True
5053,5053,2536,0,sty+tfidf,2,1,0.6915224853739822,False
5054,5054,2536,1,sty+tfidf,2,1,0.9809086465848771,True
5055,5055,2537,0,sty+tfidf,2,0,0.034792233005525273,True
5056,5056,2537,1,sty+tfidf,2,1,0.9958028451346411,True
5057,5057,2538,0,sty+tfidf,2,0,0.10201668302966202,True
5058,5058,2538,1,sty+tfidf,2,1,0.9868145388802123,True
5059,5059,2539,0,sty+tfidf,2,0,0.012554264880018467,True
5060,5060,2539,1,sty+tfidf,2,1,0.9997889656031008,True
5061,5061,2540,0,sty+tfidf,2,0,0.009081998026534963,True
5062,5062,2540,1,sty+tfidf,2,1,0.9984543116371517,True
5063,5063,2541,0,sty+tfidf,2,0,0.14959067594949746,True
5064,5064,2541,1,sty+tfidf,2,1,0.9980671876723711,True
5065,5065,2542,0,sty+tfidf,2,1,0.6867604343717483,False
5066,5066,2542,1,sty+tfidf,2,1,0.9248344979283117,True
5067,5067,2543,0,sty+tfidf,2,0,0.013684562453317808,True
5068,5068,2543,1,sty+tfidf,2,1,0.999282917902629,True
5069,5069,2544,0,sty+tfidf,2,0,0.012569901135716408,True
5070,5070,2544,1,sty+tfidf,2,1,0.9302722638954838,True
5071,5071,2545,0,sty+tfidf,2,0,0.00042135647963056493,True
5072,5072,2545,1,sty+tfidf,2,1,0.9953334324916132,True
5073,5073,2546,0,sty+tfidf,2,1,0.8079569726562174,False
5074,5074,2546,1,sty+tfidf,2,1,0.9995902117890266,True
5075,5075,2547,0,sty+tfidf,2,0,0.001918611542589219,True
5076,5076,2547,1,sty+tfidf,2,1,0.9445292493456799,True
5077,5077,2548,0,sty+tfidf,2,0,0.011411990317309226,True
5078,5078,2548,1,sty+tfidf,2,1,0.9986751426238492,True
5079,5079,2549,0,sty+tfidf,2,0,0.026558574487914845,True
5080,5080,2549,1,sty+tfidf,2,1,0.9569036237695864,True
5081,5081,2550,0,sty+tfidf,2,0,0.06657513777647976,True
5082,5082,2550,1,sty+tfidf,2,1,0.9978490546586178,True
5083,5083,2551,0,sty+tfidf,2,0,0.00012291452983746078,True
5084,5084,2551,1,sty+tfidf,2,1,0.9979159526301874,True
5085,5085,2552,0,sty+tfidf,2,0,0.002167063164115398,True
5086,5086,2552,1,sty+tfidf,2,1,0.6087948043816301,True
5087,5087,2553,0,sty+tfidf,2,0,0.2639311980726881,True
5088,5088,2553,1,sty+tfidf,2,1,0.9974546513912598,True
5089,5089,2554,0,sty+tfidf,2,0,0.0019380055847140786,True
5090,5090,2554,1,sty+tfidf,2,1,0.9719654843543502,True
5091,5091,2555,0,sty+tfidf,2,0,0.006957503933884277,True
5092,5092,2555,1,sty+tfidf,2,1,0.9932057658705302,True
5093,5093,2556,0,sty+tfidf,2,1,0.541163215225066,False
5094,5094,2556,1,sty+tfidf,2,1,0.9997674243670112,True
5095,5095,2557,0,sty+tfidf,2,0,0.0005539488113013817,True
5096,5096,2557,1,sty+tfidf,2,1,0.998593782203687,True
5097,5097,2558,0,sty+tfidf,2,0,0.002645418451491366,True
5098,5098,2558,1,sty+tfidf,2,1,0.96836584850899,True
5099,5099,2559,0,sty+tfidf,2,0,0.1374732741435992,True
5100,5100,2559,1,sty+tfidf,2,1,0.9703550530589816,True
5101,5101,2560,0,sty+tfidf,2,0,0.0018524310144714896,True
5102,5102,2560,1,sty+tfidf,2,1,0.9997604464227426,True
5103,5103,2561,0,sty+tfidf,2,0,0.018158896399083416,True
5104,5104,2561,1,sty+tfidf,2,1,0.9101115210711305,True
5105,5105,2562,0,sty+tfidf,2,0,0.09110168073321394,True
5106,5106,2562,1,sty+tfidf,2,1,0.9890715589706749,True
5107,5107,2563,0,sty+tfidf,2,0,0.14628338472849708,True
5108,5108,2563,1,sty+tfidf,2,1,0.98353299571792,True
5109,5109,2564,0,sty+tfidf,2,0,0.0031707216191226273,True
5110,5110,2564,1,sty+tfidf,2,1,0.9975598915249019,True
5111,5111,2565,0,sty+tfidf,2,0,0.0012115949322635167,True
5112,5112,2565,1,sty+tfidf,2,1,0.9958109360208062,True
5113,5113,2566,0,sty+tfidf,2,0,0.0007025221719833724,True
5114,5114,2566,1,sty+tfidf,2,1,0.9365847212390067,True
5115,5115,2567,0,sty+tfidf,2,0,0.0007109064426877417,True
5116,5116,2567,1,sty+tfidf,2,1,0.9986358234093147,True
5117,5117,2568,0,sty+tfidf,2,0,0.0356565027012534,True
5118,5118,2568,1,sty+tfidf,2,1,0.9683319030251475,True
5119,5119,2569,0,sty+tfidf,2,0,0.0034600180887440087,True
5120,5120,2569,1,sty+tfidf,2,0,0.1858810389664395,False
5121,5121,2570,0,sty+tfidf,2,0,0.004581924377526805,True
5122,5122,2570,1,sty+tfidf,2,1,0.9553536781260794,True
5123,5123,2571,0,sty+tfidf,2,1,0.9225094291539504,False
5124,5124,2571,1,sty+tfidf,2,1,0.9997478753753506,True
5125,5125,2572,0,sty+tfidf,2,0,0.0014758224867417703,True
5126,5126,2572,1,sty+tfidf,2,1,0.991571305436301,True
5127,5127,2573,0,sty+tfidf,2,0,0.0310658045876609,True
5128,5128,2573,1,sty+tfidf,2,1,0.9967331644261553,True
5129,5129,2574,0,sty+tfidf,2,0,0.02627554677544569,True
5130,5130,2574,1,sty+tfidf,2,1,0.9786670264157701,True
5131,5131,2575,0,sty+tfidf,2,0,0.002481850702795846,True
5132,5132,2575,1,sty+tfidf,2,1,0.9597500537148589,True
5133,5133,2576,0,sty+tfidf,2,0,0.008702544133056659,True
5134,5134,2576,1,sty+tfidf,2,1,0.9894106598172244,True
5135,5135,2577,0,sty+tfidf,2,0,0.08011508459364566,True
5136,5136,2577,1,sty+tfidf,2,1,0.7889743534129203,True
5137,5137,2578,0,sty+tfidf,2,0,0.003760707793448533,True
5138,5138,2578,1,sty+tfidf,2,1,0.9083741352093149,True
5139,5139,2579,0,sty+tfidf,2,0,0.0008807294563401407,True
5140,5140,2579,1,sty+tfidf,2,1,0.9956444442052941,True
5141,5141,2580,0,sty+tfidf,2,0,0.001985624556805008,True
5142,5142,2580,1,sty+tfidf,2,1,0.9647243155819917,True
5143,5143,2581,0,sty+tfidf,2,0,0.0010367985183666135,True
5144,5144,2581,1,sty+tfidf,2,1,0.9956771649929276,True
5145,5145,2582,0,sty+tfidf,2,0,0.009114251601368348,True
5146,5146,2582,1,sty+tfidf,2,1,0.9654063319113384,True
5147,5147,2583,0,sty+tfidf,2,0,0.0010444739351646234,True
5148,5148,2583,1,sty+tfidf,2,1,0.9955783114967913,True
5149,5149,2584,0,sty+tfidf,2,0,0.03448558584504503,True
5150,5150,2584,1,sty+tfidf,2,1,0.7691165604514975,True
5151,5151,2585,0,sty+tfidf,2,0,0.061136276648417955,True
5152,5152,2585,1,sty+tfidf,2,1,0.998202883529495,True
5153,5153,2586,0,sty+tfidf,2,0,0.0007606291510040605,True
5154,5154,2586,1,sty+tfidf,2,1,0.9963301595096851,True
5155,5155,2587,0,sty+tfidf,2,0,0.015094901027727146,True
5156,5156,2587,1,sty+tfidf,2,1,0.9612554747591572,True
5157,5157,2588,0,sty+tfidf,2,0,0.012704500770847713,True
5158,5158,2588,1,sty+tfidf,2,1,0.9966394742692223,True
5159,5159,2589,0,sty+tfidf,2,0,0.014356831748419273,True
5160,5160,2589,1,sty+tfidf,2,1,0.8428596578573238,True
5161,5161,2590,0,sty+tfidf,2,0,0.005612986793576201,True
5162,5162,2590,1,sty+tfidf,2,1,0.9944626709580229,True
5163,5163,2591,0,sty+tfidf,2,0,0.00016327837549585066,True
5164,5164,2591,1,sty+tfidf,2,1,0.9915099372156436,True
5165,5165,2592,0,sty+tfidf,2,0,0.016523886473985703,True
5166,5166,2592,1,sty+tfidf,2,1,0.9663367082537697,True
5167,5167,2593,0,sty+tfidf,2,0,0.00032551847908149784,True
5168,5168,2593,1,sty+tfidf,2,1,0.9631723699024806,True
5169,5169,2594,0,sty+tfidf,2,0,0.1152127834649705,True
5170,5170,2594,1,sty+tfidf,2,1,0.9993018116383836,True
5171,5171,2595,0,sty+tfidf,2,0,0.0022272743576998884,True
5172,5172,2595,1,sty+tfidf,2,1,0.9996441271756048,True
5173,5173,2596,0,sty+tfidf,2,0,0.00043570358679482265,True
5174,5174,2596,1,sty+tfidf,2,1,0.9957247544291673,True
5175,5175,2597,0,sty+tfidf,2,0,0.015413728683828433,True
5176,5176,2597,1,sty+tfidf,2,1,0.9164507402026094,True
5177,5177,2598,0,sty+tfidf,2,0,0.0009197767501264262,True
5178,5178,2598,1,sty+tfidf,2,1,0.9987609827400632,True
5179,5179,2599,0,sty+tfidf,2,0,0.003632769394517511,True
5180,5180,2599,1,sty+tfidf,2,1,0.984708348768468,True
5181,5181,2600,0,sty+tfidf,2,0,0.00040875745918962793,True
5182,5182,2600,1,sty+tfidf,2,1,0.9932191105687403,True
5183,5183,2601,0,sty+tfidf,2,0,0.0016109476758413694,True
5184,5184,2601,1,sty+tfidf,2,1,0.9993342143526548,True
5185,5185,2602,0,sty+tfidf,2,1,0.8926194250834323,False
5186,5186,2602,1,sty+tfidf,2,1,0.9931322580495366,True
5187,5187,2603,0,sty+tfidf,2,0,0.005755263911676404,True
5188,5188,2603,1,sty+tfidf,2,1,0.9388931841224644,True
5189,5189,2604,0,sty+tfidf,2,0,0.020522750921847924,True
5190,5190,2604,1,sty+tfidf,2,1,0.9976774002952725,True
5191,5191,2605,0,sty+tfidf,2,0,0.005007807573851044,True
5192,5192,2605,1,sty+tfidf,2,1,0.7425581693658273,True
5193,5193,2606,0,sty+tfidf,2,0,0.0002224640716540504,True
5194,5194,2606,1,sty+tfidf,2,1,0.9994680857539191,True
5195,5195,2607,0,sty+tfidf,2,0,0.00820223242255276,True
5196,5196,2607,1,sty+tfidf,2,1,0.9980589717106927,True
5197,5197,2608,0,sty+tfidf,2,0,0.00026139668173225295,True
5198,5198,2608,1,sty+tfidf,2,1,0.9798791440701332,True
5199,5199,2609,0,sty+tfidf,2,0,0.01359458026657114,True
5200,5200,2609,1,sty+tfidf,2,1,0.9966559454255398,True
5201,5201,2610,0,sty+tfidf,2,1,0.8607506470873563,False
5202,5202,2610,1,sty+tfidf,2,1,0.9996098014708116,True
5203,5203,2611,0,sty+tfidf,2,0,0.01620038776255614,True
5204,5204,2611,1,sty+tfidf,2,1,0.9936821309568107,True
5205,5205,2612,0,sty+tfidf,2,0,0.014851937421375841,True
5206,5206,2612,1,sty+tfidf,2,1,0.9985183405011704,True
5207,5207,2613,0,sty+tfidf,2,0,0.004406562028108345,True
5208,5208,2613,1,sty+tfidf,2,1,0.9990062250044016,True
5209,5209,2614,1,sty+tfidf,2,1,0.9931245690782979,True
5210,5210,2615,0,sty+tfidf,2,0,0.18010502600860434,True
5211,5211,2615,1,sty+tfidf,2,1,0.9918814353016334,True
5212,5212,2616,0,sty+tfidf,2,0,0.0004768297399756499,True
5213,5213,2616,1,sty+tfidf,2,1,0.9996009109101237,True
5214,5214,2617,0,sty+tfidf,2,0,0.02173547176973237,True
5215,5215,2617,1,sty+tfidf,2,1,0.9462340421394623,True
5216,5216,2618,0,sty+tfidf,2,0,0.006588762846238108,True
5217,5217,2618,1,sty+tfidf,2,1,0.9993979962122337,True
5218,5218,2619,0,sty+tfidf,2,0,0.005223741597797804,True
5219,5219,2619,1,sty+tfidf,2,1,0.9964786652706882,True
5220,5220,2620,0,sty+tfidf,2,0,0.0010404599697756154,True
5221,5221,2620,1,sty+tfidf,2,1,0.9978994963431113,True
5222,5222,2621,0,sty+tfidf,2,0,0.003546314420336691,True
5223,5223,2621,1,sty+tfidf,2,1,0.9783817424101815,True
5224,5224,2622,0,sty+tfidf,2,0,0.006353611063441143,True
5225,5225,2622,1,sty+tfidf,2,1,0.9989842866720677,True
5226,5226,2623,0,sty+tfidf,2,0,0.030870355654915128,True
5227,5227,2623,1,sty+tfidf,2,1,0.9946942017613951,True
5228,5228,2624,0,sty+tfidf,2,0,0.03227652820601647,True
5229,5229,2624,1,sty+tfidf,2,1,0.9328534237103638,True
5230,5230,2625,0,sty+tfidf,2,0,0.0048203671991316815,True
5231,5231,2625,1,sty+tfidf,2,1,0.9847398754453939,True
5232,5232,2626,0,sty+tfidf,2,0,0.0005959372333836597,True
5233,5233,2626,1,sty+tfidf,2,1,0.9990732096436518,True
5234,5234,2627,0,sty+tfidf,2,0,0.0602342753053795,True
5235,5235,2627,1,sty+tfidf,2,1,0.9941309876192571,True
5236,5236,2628,0,sty+tfidf,2,1,0.5488213776926418,False
5237,5237,2628,1,sty+tfidf,2,1,0.998426049234664,True
5238,5238,2629,0,sty+tfidf,2,1,0.7203663392515366,False
5239,5239,2629,1,sty+tfidf,2,1,0.5524441710010133,True
5240,5240,2630,0,sty+tfidf,2,0,0.0029247382841458753,True
5241,5241,2630,1,sty+tfidf,2,1,0.9957601762489035,True
5242,5242,2631,0,sty+tfidf,2,0,0.004167161369881041,True
5243,5243,2631,1,sty+tfidf,2,1,0.9990884179653541,True
5244,5244,2632,0,sty+tfidf,2,0,0.001062445989243997,True
5245,5245,2632,1,sty+tfidf,2,1,0.9986093151130802,True
5246,5246,2633,0,sty+tfidf,2,0,0.0013836647135971921,True
5247,5247,2633,1,sty+tfidf,2,1,0.9567148995949829,True
5248,5248,2634,0,sty+tfidf,2,0,0.02184529373866521,True
5249,5249,2634,1,sty+tfidf,2,1,0.98572497209781,True
5250,5250,2635,0,sty+tfidf,2,0,0.0012700771561088317,True
5251,5251,2635,1,sty+tfidf,2,1,0.9986820605073279,True
5252,5252,2636,0,sty+tfidf,2,1,0.7715711175607126,False
5253,5253,2636,1,sty+tfidf,2,1,0.9927959800883738,True
5254,5254,2637,0,sty+tfidf,2,0,0.04544013358221079,True
5255,5255,2637,1,sty+tfidf,2,1,0.9944720310853716,True
5256,5256,2638,0,sty+tfidf,2,0,0.007270519225444533,True
5257,5257,2638,1,sty+tfidf,2,1,0.9998235371464644,True
5258,5258,2639,0,sty+tfidf,2,0,0.00219352109263494,True
5259,5259,2639,1,sty+tfidf,2,1,0.987133568520343,True
5260,5260,2640,0,sty+tfidf,2,0,0.005195552799457703,True
5261,5261,2640,1,sty+tfidf,2,1,0.9985933604030204,True
5262,5262,2641,0,sty+tfidf,2,0,0.004307396302140162,True
5263,5263,2641,1,sty+tfidf,2,1,0.9980818688764441,True
5264,5264,2642,0,sty+tfidf,2,0,0.0007149768244170425,True
5265,5265,2642,1,sty+tfidf,2,1,0.9984735964929968,True
5266,5266,2643,0,sty+tfidf,2,0,0.000987747912257575,True
5267,5267,2643,1,sty+tfidf,2,1,0.9997750496561829,True
5268,5268,2644,0,sty+tfidf,2,0,0.0002974127091060188,True
5269,5269,2644,1,sty+tfidf,2,1,0.8532232872391345,True
5270,5270,2645,0,sty+tfidf,2,0,0.005684676297087131,True
5271,5271,2645,1,sty+tfidf,2,1,0.9381899707222628,True
5272,5272,2646,0,sty+tfidf,2,0,0.0004675146938156847,True
5273,5273,2646,1,sty+tfidf,2,0,0.1966275844573685,False
5274,5274,2647,0,sty+tfidf,2,0,0.004345394657386654,True
5275,5275,2647,1,sty+tfidf,2,1,0.9794597247498197,True
5276,5276,2648,0,sty+tfidf,2,0,0.007943518179662974,True
5277,5277,2648,1,sty+tfidf,2,1,0.9661891776609729,True
5278,5278,2649,0,sty+tfidf,2,0,0.004125993796061911,True
5279,5279,2649,1,sty+tfidf,2,1,0.9970644685493969,True
5280,5280,2650,0,sty+tfidf,2,0,0.0014941223889323317,True
5281,5281,2650,1,sty+tfidf,2,1,0.9916279631146951,True
5282,5282,2651,0,sty+tfidf,2,0,0.025182852428389996,True
5283,5283,2651,1,sty+tfidf,2,1,0.9995310982809951,True
5284,5284,2652,0,sty+tfidf,2,0,0.00950403779865814,True
5285,5285,2652,1,sty+tfidf,2,1,0.975121030186109,True
5286,5286,2653,0,sty+tfidf,2,0,0.004372741669351954,True
5287,5287,2653,1,sty+tfidf,2,1,0.9987832746991001,True
5288,5288,2654,0,sty+tfidf,2,0,0.00021896977015055882,True
5289,5289,2654,1,sty+tfidf,2,1,0.9972168335076307,True
5290,5290,2655,0,sty+tfidf,2,0,0.06641982104210657,True
5291,5291,2655,1,sty+tfidf,2,1,0.9975330923784779,True
5292,5292,2656,0,sty+tfidf,2,0,0.00044824109298453115,True
5293,5293,2656,1,sty+tfidf,2,1,0.7344152645042591,True
5294,5294,2657,0,sty+tfidf,2,0,0.042466801966227104,True
5295,5295,2657,1,sty+tfidf,2,1,0.9942077892750433,True
5296,5296,2658,0,sty+tfidf,2,0,0.08725077414929401,True
5297,5297,2658,1,sty+tfidf,2,1,0.9917067897185671,True
5298,5298,2659,0,sty+tfidf,2,0,0.00135161504433964,True
5299,5299,2659,1,sty+tfidf,2,1,0.9987200443111638,True
5300,5300,2660,0,sty+tfidf,2,0,0.0037547793940441976,True
5301,5301,2660,1,sty+tfidf,2,1,0.9893175372880124,True
5302,5302,2661,0,sty+tfidf,2,0,0.024579961045263977,True
5303,5303,2661,1,sty+tfidf,2,1,0.9981338046780759,True
5304,5304,2662,0,sty+tfidf,2,0,0.0032356778928837714,True
5305,5305,2662,1,sty+tfidf,2,1,0.9821480167105369,True
5306,5306,2663,0,sty+tfidf,2,0,0.006497057992089087,True
5307,5307,2663,1,sty+tfidf,2,1,0.99795617298002,True
5308,5308,2664,0,sty+tfidf,2,0,0.0017730183027801225,True
5309,5309,2664,1,sty+tfidf,2,1,0.9948223085878225,True
5310,5310,2665,0,sty+tfidf,2,0,0.045574612425522014,True
5311,5311,2665,1,sty+tfidf,2,1,0.9962255334545163,True
5312,5312,2666,0,sty+tfidf,2,0,0.027238534141139015,True
5313,5313,2666,1,sty+tfidf,2,1,0.9994950594917488,True
5314,5314,2667,0,sty+tfidf,2,0,5.806504911567835e-05,True
5315,5315,2667,1,sty+tfidf,2,1,0.9986585609810995,True
5316,5316,2668,0,sty+tfidf,2,0,0.0032294093049240243,True
5317,5317,2668,1,sty+tfidf,2,1,0.9777031263894191,True
5318,5318,2669,0,sty+tfidf,2,0,0.0011064670648645396,True
5319,5319,2669,1,sty+tfidf,2,1,0.9983411798273168,True
5320,5320,2670,0,sty+tfidf,2,0,0.0002915328467033473,True
5321,5321,2670,1,sty+tfidf,2,1,0.9971264306134318,True
5322,5322,2671,0,sty+tfidf,2,0,0.000604890531112095,True
5323,5323,2671,1,sty+tfidf,2,1,0.9980291221959117,True
5324,5324,2672,0,sty+tfidf,2,0,0.01733123210049865,True
5325,5325,2672,1,sty+tfidf,2,1,0.9998250354299604,True
5326,5326,2673,0,sty+tfidf,2,0,0.00036546452022456104,True
5327,5327,2673,1,sty+tfidf,2,1,0.9987769956601883,True
5328,5328,2674,0,sty+tfidf,2,0,0.0007765219566276497,True
5329,5329,2674,1,sty+tfidf,2,1,0.9903943098571398,True
5330,5330,2675,0,sty+tfidf,2,0,0.0013609488412376534,True
5331,5331,2675,1,sty+tfidf,2,1,0.9071252229153675,True
5332,5332,2676,0,sty+tfidf,2,0,0.0002795253164050741,True
5333,5333,2676,1,sty+tfidf,2,1,0.9966254693944807,True
5334,5334,2677,0,sty+tfidf,2,0,0.0010179596857227172,True
5335,5335,2677,1,sty+tfidf,2,1,0.9973223844062339,True
5336,5336,2678,0,sty+tfidf,2,0,0.001393800295420446,True
5337,5337,2678,1,sty+tfidf,2,1,0.9962899590173088,True
5338,5338,2679,0,sty+tfidf,2,0,0.028445673003844058,True
5339,5339,2679,1,sty+tfidf,2,1,0.9929950636566002,True
5340,5340,2680,0,sty+tfidf,2,0,0.07994616149207744,True
5341,5341,2680,1,sty+tfidf,2,1,0.9995900245537804,True
5342,5342,2681,0,sty+tfidf,2,0,0.01673064544328824,True
5343,5343,2681,1,sty+tfidf,2,1,0.9986360878570091,True
5344,5344,2682,0,sty+tfidf,2,0,0.0027660493596649393,True
5345,5345,2682,1,sty+tfidf,2,1,0.9973229519320411,True
5346,5346,2683,0,sty+tfidf,2,0,0.0007715657050625718,True
5347,5347,2683,1,sty+tfidf,2,1,0.996796822790837,True
5348,5348,2684,0,sty+tfidf,2,0,0.0023121276116406433,True
5349,5349,2684,1,sty+tfidf,2,1,0.9939113648648942,True
5350,5350,2685,0,sty+tfidf,2,0,0.10668544878292531,True
5351,5351,2685,1,sty+tfidf,2,1,0.9992280992284767,True
5352,5352,2686,0,sty+tfidf,2,0,0.0009107337916529259,True
5353,5353,2686,1,sty+tfidf,2,1,0.9577274052212507,True
5354,5354,2687,0,sty+tfidf,2,0,0.02721853300340157,True
5355,5355,2687,1,sty+tfidf,2,1,0.9970666029770373,True
5356,5356,2688,0,sty+tfidf,2,1,0.5930806399295473,False
5357,5357,2688,1,sty+tfidf,2,1,0.9629010552190803,True
5358,5358,2689,0,sty+tfidf,2,0,0.0010710395603036162,True
5359,5359,2689,1,sty+tfidf,2,1,0.9901215891046045,True
5360,5360,2690,0,sty+tfidf,2,1,0.7801523298012065,False
5361,5361,2690,1,sty+tfidf,2,1,0.9968848576919727,True
5362,5362,2691,0,sty+tfidf,2,0,0.0032061587484115118,True
5363,5363,2691,1,sty+tfidf,2,1,0.6916776909049343,True
5364,5364,2692,0,sty+tfidf,2,0,0.0014751907650170004,True
5365,5365,2692,1,sty+tfidf,2,1,0.9988860755192683,True
5366,5366,2693,0,sty+tfidf,2,0,0.009439722132872252,True
5367,5367,2693,1,sty+tfidf,2,1,0.9924977626481664,True
5368,5368,2694,0,sty+tfidf,2,0,0.05513306564853322,True
5369,5369,2694,1,sty+tfidf,2,1,0.7501959529005685,True
5370,5370,2695,0,sty+tfidf,2,0,0.23918707549002435,True
5371,5371,2695,1,sty+tfidf,2,1,0.9970339453200228,True
5372,5372,2696,0,sty+tfidf,2,0,0.015394686390776019,True
5373,5373,2696,1,sty+tfidf,2,1,0.9809509570039625,True
5374,5374,2697,0,sty+tfidf,2,0,7.709745781291365e-05,True
5375,5375,2697,1,sty+tfidf,2,1,0.9995359561303211,True
5376,5376,2698,0,sty+tfidf,2,0,0.007648244662087806,True
5377,5377,2698,1,sty+tfidf,2,1,0.9956911211094457,True
5378,5378,2699,0,sty+tfidf,2,0,0.0034654837424117286,True
5379,5379,2699,1,sty+tfidf,2,1,0.99364463297389,True
5380,5380,2700,0,sty+tfidf,2,0,0.013354910591502588,True
5381,5381,2700,1,sty+tfidf,2,1,0.9990897613425228,True
5382,5382,2701,0,sty+tfidf,2,0,0.036109181119891844,True
5383,5383,2701,1,sty+tfidf,2,1,0.5342079786212275,True
5384,5384,2702,0,sty+tfidf,2,0,0.014938394673347115,True
5385,5385,2702,1,sty+tfidf,2,1,0.998842306457253,True
5386,5386,2703,0,sty+tfidf,2,0,0.1954087701477718,True
5387,5387,2703,1,sty+tfidf,2,1,0.9975307827928581,True
5388,5388,2704,0,sty+tfidf,2,0,0.44753435711563344,True
5389,5389,2704,1,sty+tfidf,2,1,0.9793389070586349,True
5390,5390,2705,0,sty+tfidf,2,0,0.00182906603664926,True
5391,5391,2705,1,sty+tfidf,2,1,0.9251776634774765,True
5392,5392,2706,0,sty+tfidf,2,0,0.02475158143292705,True
5393,5393,2706,1,sty+tfidf,2,1,0.9894714097110373,True
5394,5394,2707,0,sty+tfidf,2,0,0.11792071011069702,True
5395,5395,2707,1,sty+tfidf,2,1,0.9834567669894582,True
5396,5396,2708,0,sty+tfidf,2,0,0.040519183501161356,True
5397,5397,2708,1,sty+tfidf,2,1,0.9983077363997166,True
5398,5398,2709,0,sty+tfidf,2,0,0.008715974429872606,True
5399,5399,2709,1,sty+tfidf,2,1,0.9982773045853643,True
5400,5400,2710,0,sty+tfidf,2,0,0.0010369764956174542,True
5401,5401,2710,1,sty+tfidf,2,1,0.9935577721263925,True
5402,5402,2711,0,sty+tfidf,2,0,0.029898207658378945,True
5403,5403,2711,1,sty+tfidf,2,1,0.9978385028661572,True
5404,5404,2712,0,sty+tfidf,2,0,0.002062481470889507,True
5405,5405,2712,1,sty+tfidf,2,1,0.9942455105358988,True
5406,5406,2713,0,sty+tfidf,2,0,0.0032838386610039043,True
5407,5407,2713,1,sty+tfidf,2,1,0.6047575060578544,True
5408,5408,2714,0,sty+tfidf,2,0,0.2001300369492386,True
5409,5409,2714,1,sty+tfidf,2,1,0.9756499340828477,True
5410,5410,2715,0,sty+tfidf,2,0,0.07049770562420504,True
5411,5411,2715,1,sty+tfidf,2,1,0.9965804714540792,True
5412,5412,2716,0,sty+tfidf,2,0,0.0053438837958889865,True
5413,5413,2716,1,sty+tfidf,2,1,0.9828314215486176,True
5414,5414,2717,0,sty+tfidf,2,0,0.0005436080363128678,True
5415,5415,2717,1,sty+tfidf,2,1,0.9958211964083031,True
5416,5416,2718,0,sty+tfidf,2,0,0.0050020903626418044,True
5417,5417,2718,1,sty+tfidf,2,1,0.9855817471819225,True
5418,5418,2719,0,sty+tfidf,2,0,0.0008260992943308933,True
5419,5419,2719,1,sty+tfidf,2,1,0.9899067796451054,True
5420,5420,2720,0,sty+tfidf,2,1,0.8917640272191124,False
5421,5421,2720,1,sty+tfidf,2,1,0.9986944351730177,True
5422,5422,2721,0,sty+tfidf,2,0,0.0017959582202525391,True
5423,5423,2721,1,sty+tfidf,2,1,0.9984048119699941,True
5424,5424,2722,0,sty+tfidf,2,0,0.003907024984014064,True
5425,5425,2722,1,sty+tfidf,2,1,0.9925528112038344,True
5426,5426,2723,0,sty+tfidf,2,0,0.1176594713152972,True
5427,5427,2723,1,sty+tfidf,2,1,0.9933175855232356,True
5428,5428,2724,0,sty+tfidf,2,0,0.0010676800269373316,True
5429,5429,2724,1,sty+tfidf,2,1,0.9424006337241503,True
5430,5430,2725,0,sty+tfidf,2,0,0.004125443637589377,True
5431,5431,2725,1,sty+tfidf,2,1,0.9957210895551768,True
5432,5432,2726,0,sty+tfidf,2,0,0.0007019861896248135,True
5433,5433,2726,1,sty+tfidf,2,1,0.9917915931079139,True
5434,5434,2727,0,sty+tfidf,2,1,0.6097115097824909,False
5435,5435,2727,1,sty+tfidf,2,1,0.9987230381313247,True
5436,5436,2728,0,sty+tfidf,2,0,0.006752303999159428,True
5437,5437,2728,1,sty+tfidf,2,1,0.9991407100065087,True
5438,5438,2729,0,sty+tfidf,2,0,0.0007774255719585562,True
5439,5439,2729,1,sty+tfidf,2,1,0.9891564023386522,True
5440,5440,2730,0,sty+tfidf,2,0,0.43993707919672437,True
5441,5441,2730,1,sty+tfidf,2,1,0.9722860829997607,True
5442,5442,2731,0,sty+tfidf,2,0,0.00012125102467832868,True
5443,5443,2731,1,sty+tfidf,2,1,0.8802590674121173,True
5444,5444,2732,0,sty+tfidf,2,0,0.00013263427587437566,True
5445,5445,2732,1,sty+tfidf,2,1,0.943215880450899,True
5446,5446,2733,0,sty+tfidf,2,1,0.670515852867341,False
5447,5447,2733,1,sty+tfidf,2,1,0.907672134421442,True
5448,5448,2734,0,sty+tfidf,2,0,0.21909697918439924,True
5449,5449,2734,1,sty+tfidf,2,1,0.9988231136126184,True
5450,5450,2735,0,sty+tfidf,2,0,0.2306491738661853,True
5451,5451,2735,1,sty+tfidf,2,1,0.9488449749930107,True
5452,5452,2736,0,sty+tfidf,2,0,0.004526345462195114,True
5453,5453,2736,1,sty+tfidf,2,1,0.9776340330148142,True
5454,5454,2737,0,sty+tfidf,2,0,0.0025000950271394456,True
5455,5455,2737,1,sty+tfidf,2,1,0.997543134196481,True
5456,5456,2738,0,sty+tfidf,2,1,0.7970607963514553,False
5457,5457,2738,1,sty+tfidf,2,1,0.9904530162201738,True
5458,5458,2739,0,sty+tfidf,2,0,0.0005072874460576924,True
5459,5459,2739,1,sty+tfidf,2,1,0.9702944954056563,True
5460,5460,2740,0,sty+tfidf,2,0,0.011543261420730361,True
5461,5461,2740,1,sty+tfidf,2,1,0.9995950810684171,True
5462,5462,2741,0,sty+tfidf,2,0,0.010848088480464767,True
5463,5463,2741,1,sty+tfidf,2,1,0.9991357537300999,True
5464,5464,2742,0,sty+tfidf,2,0,0.0013283513899065896,True
5465,5465,2742,1,sty+tfidf,2,1,0.9994188221044822,True
5466,5466,2743,0,sty+tfidf,2,1,0.9699483893306721,False
5467,5467,2743,1,sty+tfidf,2,1,0.9980166238550184,True
5468,5468,2744,0,sty+tfidf,2,0,0.005246849883083531,True
5469,5469,2744,1,sty+tfidf,2,1,0.9979359464588377,True
5470,5470,2745,0,sty+tfidf,2,0,0.0005695467895798645,True
5471,5471,2745,1,sty+tfidf,2,1,0.9974845136842424,True
5472,5472,2746,0,sty+tfidf,2,0,0.006387541352895479,True
5473,5473,2746,1,sty+tfidf,2,0,0.042087497853484306,False
5474,5474,2747,0,sty+tfidf,2,0,0.06644407218868682,True
5475,5475,2747,1,sty+tfidf,2,1,0.985761431760747,True
5476,5476,2748,0,sty+tfidf,2,0,0.0037235512288984005,True
5477,5477,2748,1,sty+tfidf,2,1,0.9866329528083296,True
5478,5478,2749,0,sty+tfidf,2,0,0.012209141883093579,True
5479,5479,2749,1,sty+tfidf,2,0,0.2712689371364266,False
5480,5480,2750,0,sty+tfidf,2,0,0.004903166869372557,True
5481,5481,2750,1,sty+tfidf,2,1,0.9939983625630394,True
5482,5482,2751,0,sty+tfidf,2,0,0.0001632002813293427,True
5483,5483,2751,1,sty+tfidf,2,1,0.9259161027255765,True
5484,5484,2752,0,sty+tfidf,2,1,0.8984688063905785,False
5485,5485,2752,1,sty+tfidf,2,1,0.9993552851464416,True
5486,5486,2753,0,sty+tfidf,2,0,0.006972736291616088,True
5487,5487,2753,1,sty+tfidf,2,1,0.9983991264137483,True
5488,5488,2754,0,sty+tfidf,2,0,0.014757870057781387,True
5489,5489,2754,1,sty+tfidf,2,1,0.9920944816718729,True
5490,5490,2755,0,sty+tfidf,2,0,0.015305273570565442,True
5491,5491,2755,1,sty+tfidf,2,1,0.9958542998617758,True
5492,5492,2756,0,sty+tfidf,2,0,0.05480700756939511,True
5493,5493,2756,1,sty+tfidf,2,1,0.9962863349042841,True
5494,5494,2757,0,sty+tfidf,2,0,0.003573535722176832,True
5495,5495,2757,1,sty+tfidf,2,1,0.8541637091667283,True
5496,5496,2758,0,sty+tfidf,2,0,0.026107996710908864,True
5497,5497,2758,1,sty+tfidf,2,1,0.9893948993396362,True
5498,5498,2759,0,sty+tfidf,2,0,0.0044923353740578134,True
5499,5499,2759,1,sty+tfidf,2,1,0.8033301510062494,True
5500,5500,2760,0,sty+tfidf,2,0,0.0013854343974952282,True
5501,5501,2760,1,sty+tfidf,2,1,0.9933347981904802,True
5502,5502,2761,0,sty+tfidf,2,0,0.021956135319184746,True
5503,5503,2761,1,sty+tfidf,2,1,0.9950892049048023,True
5504,5504,2762,0,sty+tfidf,2,0,0.00015837196582299925,True
5505,5505,2762,1,sty+tfidf,2,1,0.997954168640687,True
5506,5506,2763,0,sty+tfidf,2,0,0.0009326705960140217,True
5507,5507,2763,1,sty+tfidf,2,1,0.9994642779515791,True
5508,5508,2764,0,sty+tfidf,2,0,0.0061902062802259685,True
5509,5509,2764,1,sty+tfidf,2,1,0.6441896407945682,True
5510,5510,2765,0,sty+tfidf,2,0,0.049845075580710656,True
5511,5511,2765,1,sty+tfidf,2,1,0.9975712183434992,True
5512,5512,2766,0,sty+tfidf,2,0,0.0537854139372914,True
5513,5513,2766,1,sty+tfidf,2,1,0.999661362401458,True
5514,5514,2767,0,sty+tfidf,2,0,0.04142197607113678,True
5515,5515,2767,1,sty+tfidf,2,1,0.9977543070027259,True
5516,5516,2768,0,sty+tfidf,2,0,0.049322083667854906,True
5517,5517,2768,1,sty+tfidf,2,1,0.9963523602575751,True
5518,5518,2769,0,sty+tfidf,2,0,0.020796380688087618,True
5519,5519,2769,1,sty+tfidf,2,1,0.9801428850075408,True
5520,5520,2770,0,sty+tfidf,2,0,0.0006224648301795205,True
5521,5521,2770,1,sty+tfidf,2,1,0.998645144583551,True
5522,5522,2771,0,sty+tfidf,2,0,0.3372106031556049,True
5523,5523,2771,1,sty+tfidf,2,1,0.9298448519160103,True
5524,5524,2772,0,sty+tfidf,2,0,0.051303493123370555,True
5525,5525,2772,1,sty+tfidf,2,1,0.9989996848478186,True
5526,5526,2773,0,sty+tfidf,2,0,0.006624743619074726,True
5527,5527,2773,1,sty+tfidf,2,1,0.9966915972453434,True
5528,5528,2774,0,sty+tfidf,2,0,0.0020987683876865434,True
5529,5529,2774,1,sty+tfidf,2,1,0.9958755485106312,True
5530,5530,2775,0,sty+tfidf,2,0,0.04394215374146577,True
5531,5531,2775,1,sty+tfidf,2,1,0.9892299686802843,True
5532,5532,2776,0,sty+tfidf,2,0,0.004535038861279111,True
5533,5533,2776,1,sty+tfidf,2,1,0.9961396863438281,True
5534,5534,2777,0,sty+tfidf,2,0,0.0012685085080753485,True
5535,5535,2777,1,sty+tfidf,2,1,0.9981820139359576,True
5536,5536,2778,0,sty+tfidf,2,0,0.00040057626854322643,True
5537,5537,2778,1,sty+tfidf,2,1,0.9991101319196236,True
5538,5538,2779,0,sty+tfidf,2,0,0.00022673119053069016,True
5539,5539,2779,1,sty+tfidf,2,1,0.999419755944934,True
5540,5540,2780,0,sty+tfidf,2,0,0.14384933149226736,True
5541,5541,2780,1,sty+tfidf,2,1,0.999829931386429,True
5542,5542,2781,0,sty+tfidf,2,0,0.022004918421369573,True
5543,5543,2781,1,sty+tfidf,2,1,0.9995374953076771,True
5544,5544,2782,0,sty+tfidf,2,0,0.0015523544870550948,True
5545,5545,2782,1,sty+tfidf,2,1,0.9980049228120005,True
5546,5546,2783,0,sty+tfidf,2,0,0.004010003023884719,True
5547,5547,2783,1,sty+tfidf,2,1,0.990938060924449,True
5548,5548,2784,0,sty+tfidf,2,0,0.0020286179097527184,True
5549,5549,2784,1,sty+tfidf,2,1,0.9721660737585579,True
5550,5550,2785,0,sty+tfidf,2,0,7.894867795871898e-05,True
5551,5551,2785,1,sty+tfidf,2,1,0.9840958789098385,True
5552,5552,2786,0,sty+tfidf,2,0,0.45768526414448213,True
5553,5553,2786,1,sty+tfidf,2,1,0.9977296574065567,True
5554,5554,2787,0,sty+tfidf,2,0,0.0038027765349554587,True
5555,5555,2787,1,sty+tfidf,2,1,0.995151151137162,True
5556,5556,2788,0,sty+tfidf,2,1,0.5501972361426799,False
5557,5557,2788,1,sty+tfidf,2,1,0.9755882856985225,True
5558,5558,2789,0,sty+tfidf,2,0,0.03037509181420578,True
5559,5559,2789,1,sty+tfidf,2,1,0.928663474115941,True
5560,5560,2790,0,sty+tfidf,2,0,0.0006809796586394051,True
5561,5561,2790,1,sty+tfidf,2,1,0.9969005567798136,True
5562,5562,2791,0,sty+tfidf,2,0,0.051683993772964294,True
5563,5563,2791,1,sty+tfidf,2,1,0.9986824108407427,True
5564,5564,2792,0,sty+tfidf,2,0,0.010491528439010479,True
5565,5565,2792,1,sty+tfidf,2,1,0.9977657824807956,True
5566,5566,2793,0,sty+tfidf,2,0,0.2703380680116443,True
5567,5567,2793,1,sty+tfidf,2,1,0.9972712206876962,True
5568,5568,2794,0,sty+tfidf,2,1,0.6802137045482101,False
5569,5569,2794,1,sty+tfidf,2,1,0.9935976470664911,True
5570,5570,2795,0,sty+tfidf,2,0,0.0007009514279035588,True
5571,5571,2795,1,sty+tfidf,2,0,0.2706692816329074,False
5572,5572,2796,0,sty+tfidf,2,0,0.010373604049681283,True
5573,5573,2796,1,sty+tfidf,2,1,0.9589398174264371,True
5574,5574,2797,0,sty+tfidf,2,0,0.016850224769316878,True
5575,5575,2797,1,sty+tfidf,2,1,0.9212606076405545,True
5576,5576,2798,0,sty+tfidf,2,0,0.0005957130404527483,True
5577,5577,2798,1,sty+tfidf,2,1,0.7686098926145569,True
5578,5578,2799,0,sty+tfidf,2,0,0.0028793365104366826,True
5579,5579,2799,1,sty+tfidf,2,1,0.9989401496550798,True
5580,5580,2800,0,sty+tfidf,2,0,0.002427557873859748,True
5581,5581,2800,1,sty+tfidf,2,1,0.7323038731000285,True
5582,5582,2801,0,sty+tfidf,2,0,5.1140408892657175e-05,True
5583,5583,2801,1,sty+tfidf,2,1,0.9832617923802157,True
5584,5584,2802,0,sty+tfidf,2,0,0.0006509015266787266,True
5585,5585,2802,1,sty+tfidf,2,1,0.9340766965012025,True
5586,5586,2803,0,sty+tfidf,2,0,0.043911308516248346,True
5587,5587,2803,1,sty+tfidf,2,1,0.9990347104407736,True
5588,5588,2804,0,sty+tfidf,2,0,0.007195600854474538,True
5589,5589,2804,1,sty+tfidf,2,1,0.9947381240678649,True
5590,5590,2805,0,sty+tfidf,2,0,0.005751556083556244,True
5591,5591,2805,1,sty+tfidf,2,1,0.9963813420243688,True
5592,5592,2806,0,sty+tfidf,2,0,0.010506102027905712,True
5593,5593,2806,1,sty+tfidf,2,1,0.8210529824327532,True
5594,5594,2807,0,sty+tfidf,2,0,0.0001523528914465725,True
5595,5595,2807,1,sty+tfidf,2,1,0.9964447982067753,True
5596,5596,2808,0,sty+tfidf,2,0,0.0032711460066567463,True
5597,5597,2808,1,sty+tfidf,2,1,0.9946306039395886,True
5598,5598,2809,0,sty+tfidf,2,0,0.0004274128010103941,True
5599,5599,2809,1,sty+tfidf,2,1,0.9984936954286132,True
5600,5600,2810,0,sty+tfidf,2,0,0.00013786542900432432,True
5601,5601,2810,1,sty+tfidf,2,1,0.9988302334827078,True
5602,5602,2811,0,sty+tfidf,2,0,0.007656009751692237,True
5603,5603,2811,1,sty+tfidf,2,0,0.388050153108537,False
5604,5604,2812,0,sty+tfidf,2,0,0.0031965862976001333,True
5605,5605,2812,1,sty+tfidf,2,1,0.9997506503205285,True
5606,5606,2813,0,sty+tfidf,2,0,0.0013993721040539424,True
5607,5607,2813,1,sty+tfidf,2,1,0.9997072866003089,True
5608,5608,2814,0,sty+tfidf,2,0,0.0003834411222694759,True
5609,5609,2814,1,sty+tfidf,2,1,0.9983580507379837,True
5610,5610,2815,0,sty+tfidf,2,0,0.11513332813362612,True
5611,5611,2815,1,sty+tfidf,2,1,0.987417291111717,True
5612,5612,2816,0,sty+tfidf,2,0,0.004320594399253504,True
5613,5613,2816,1,sty+tfidf,2,1,0.9992365600518197,True
5614,5614,2817,0,sty+tfidf,2,0,0.0004952330437475595,True
5615,5615,2817,1,sty+tfidf,2,1,0.9954910085232413,True
5616,5616,2818,0,sty+tfidf,2,0,0.0017923280407378928,True
5617,5617,2818,1,sty+tfidf,2,1,0.988710564618378,True
5618,5618,2819,0,sty+tfidf,2,0,0.007474674568172195,True
5619,5619,2819,1,sty+tfidf,2,1,0.9955537081534069,True
5620,5620,2820,0,sty+tfidf,2,0,0.05053655454697724,True
5621,5621,2820,1,sty+tfidf,2,1,0.9933831032145921,True
5622,5622,2821,0,sty+tfidf,2,0,0.03665859319440423,True
5623,5623,2821,1,sty+tfidf,2,1,0.9923017011209446,True
5624,5624,2822,0,sty+tfidf,2,0,0.017514925173496686,True
5625,5625,2822,1,sty+tfidf,2,1,0.9972043205357513,True
5626,5626,2823,0,sty+tfidf,2,1,0.5604587081323853,False
5627,5627,2823,1,sty+tfidf,2,1,0.9993963686138226,True
5628,5628,2824,0,sty+tfidf,2,0,0.0006921012399301991,True
5629,5629,2824,1,sty+tfidf,2,1,0.9975646126154373,True
5630,5630,2825,0,sty+tfidf,2,0,0.0004952440327493336,True
5631,5631,2825,1,sty+tfidf,2,1,0.982392083849525,True
5632,5632,2826,0,sty+tfidf,2,0,0.001596307347833169,True
5633,5633,2826,1,sty+tfidf,2,1,0.9943661574559528,True
5634,5634,2827,0,sty+tfidf,2,0,0.004231677254887363,True
5635,5635,2827,1,sty+tfidf,2,1,0.9892895392998021,True
5636,5636,2828,0,sty+tfidf,2,0,0.15576903043150161,True
5637,5637,2828,1,sty+tfidf,2,1,0.9985269455564607,True
5638,5638,2829,0,sty+tfidf,2,0,0.043626090153986066,True
5639,5639,2829,1,sty+tfidf,2,1,0.9948052003809666,True
5640,5640,2830,0,sty+tfidf,2,0,0.0013821959638997175,True
5641,5641,2830,1,sty+tfidf,2,1,0.9836361746953122,True
5642,5642,2831,0,sty+tfidf,2,0,0.00010147578235999119,True
5643,5643,2831,1,sty+tfidf,2,1,0.9994912064526955,True
5644,5644,2832,0,sty+tfidf,2,0,0.043488795536772235,True
5645,5645,2832,1,sty+tfidf,2,1,0.9945950499101468,True
5646,5646,2833,0,sty+tfidf,2,0,0.001144094512866247,True
5647,5647,2833,1,sty+tfidf,2,1,0.8371572316493542,True
5648,5648,2834,0,sty+tfidf,2,0,0.00041788994480263084,True
5649,5649,2834,1,sty+tfidf,2,1,0.9871957819240499,True
5650,5650,2835,0,sty+tfidf,2,0,0.0021930008557426517,True
5651,5651,2835,1,sty+tfidf,2,1,0.9969559397323994,True
5652,5652,2836,0,sty+tfidf,2,1,0.5678389831372284,False
5653,5653,2836,1,sty+tfidf,2,1,0.9990353404973414,True
5654,5654,2837,0,sty+tfidf,2,0,0.11666405523119178,True
5655,5655,2837,1,sty+tfidf,2,1,0.999193028963638,True
5656,5656,2838,0,sty+tfidf,2,0,0.15491583994387262,True
5657,5657,2838,1,sty+tfidf,2,1,0.9938828795269831,True
5658,5658,2839,0,sty+tfidf,2,0,0.02442865803964848,True
5659,5659,2839,1,sty+tfidf,2,1,0.9962754601465228,True
5660,5660,2840,0,sty+tfidf,2,0,0.0017043590000443787,True
5661,5661,2840,1,sty+tfidf,2,1,0.8620379590222296,True
5662,5662,2841,0,sty+tfidf,2,0,0.0022152178517910346,True
5663,5663,2841,1,sty+tfidf,2,1,0.9910979330091789,True
5664,5664,2842,0,sty+tfidf,2,0,0.0007536841775565737,True
5665,5665,2842,1,sty+tfidf,2,1,0.9045853629471607,True
5666,5666,2843,0,sty+tfidf,2,0,0.06938430363125558,True
5667,5667,2843,1,sty+tfidf,2,1,0.9979650023027017,True
5668,5668,2844,0,sty+tfidf,2,0,0.0010630596257968443,True
5669,5669,2844,1,sty+tfidf,2,1,0.9357054104379257,True
5670,5670,2845,0,sty+tfidf,2,0,0.00022376248181308947,True
5671,5671,2845,1,sty+tfidf,2,1,0.9940383814692456,True
5672,5672,2846,0,sty+tfidf,2,0,0.020381257064024067,True
5673,5673,2846,1,sty+tfidf,2,1,0.9638864151727454,True
5674,5674,2847,0,sty+tfidf,2,0,0.2777475239912926,True
5675,5675,2847,1,sty+tfidf,2,1,0.9871707763083069,True
5676,5676,2848,0,sty+tfidf,2,0,0.004445998892771463,True
5677,5677,2848,1,sty+tfidf,2,1,0.9947138827342867,True
5678,5678,2849,0,sty+tfidf,2,0,0.01608187919164219,True
5679,5679,2849,1,sty+tfidf,2,1,0.9993123695787823,True
5680,5680,2850,0,sty+tfidf,2,0,0.007691910554328608,True
5681,5681,2850,1,sty+tfidf,2,1,0.9980862445623302,True
5682,5682,2851,0,sty+tfidf,2,0,0.0009908803165531827,True
5683,5683,2851,1,sty+tfidf,2,0,0.29875665364331977,False
5684,5684,2852,0,sty+tfidf,2,0,0.0002674423726207918,True
5685,5685,2852,1,sty+tfidf,2,1,0.9937057991191505,True
5686,5686,2853,0,sty+tfidf,2,0,0.006559721902098394,True
5687,5687,2853,1,sty+tfidf,2,1,0.9842483737146106,True
5688,5688,2854,0,sty+tfidf,2,0,0.00027374817159934935,True
5689,5689,2854,1,sty+tfidf,2,1,0.992599822268852,True
5690,5690,2855,0,sty+tfidf,2,0,0.0064760626131435675,True
5691,5691,2855,1,sty+tfidf,2,1,0.9955898777067869,True
5692,5692,2856,0,sty+tfidf,2,0,0.0037839302832981614,True
5693,5693,2856,1,sty+tfidf,2,1,0.9185183983110796,True
5694,5694,2857,0,sty+tfidf,2,0,0.0012417783809000858,True
5695,5695,2857,1,sty+tfidf,2,1,0.9950591146192171,True
5696,5696,2858,0,sty+tfidf,2,0,0.004426196916911644,True
5697,5697,2858,1,sty+tfidf,2,1,0.9945186969727736,True
5698,5698,2859,0,sty+tfidf,2,0,0.0013448657935606644,True
5699,5699,2859,1,sty+tfidf,2,1,0.9934060064379038,True
5700,5700,2860,0,sty+tfidf,2,0,0.0005464282167799853,True
5701,5701,2860,1,sty+tfidf,2,1,0.8771618807637236,True
5702,5702,2861,0,sty+tfidf,2,0,0.015072706962141991,True
5703,5703,2861,1,sty+tfidf,2,0,0.061628730555648756,False
5704,5704,2862,0,sty+tfidf,2,0,0.00014856141510653827,True
5705,5705,2862,1,sty+tfidf,2,1,0.9092628794198915,True
5706,5706,2863,0,sty+tfidf,2,0,0.01740143899310424,True
5707,5707,2863,1,sty+tfidf,2,1,0.9961856798709754,True
5708,5708,2864,0,sty+tfidf,2,0,0.012808488360695133,True
5709,5709,2864,1,sty+tfidf,2,1,0.9990170916058958,True
5710,5710,2865,0,sty+tfidf,2,0,0.00019837581727119092,True
5711,5711,2865,1,sty+tfidf,2,1,0.9997103457723968,True
5712,5712,2866,0,sty+tfidf,2,0,0.008280467277875072,True
5713,5713,2866,1,sty+tfidf,2,1,0.9986890782007887,True
5714,5714,2867,0,sty+tfidf,2,0,0.000520240997321379,True
5715,5715,2867,1,sty+tfidf,2,1,0.9817610266498601,True
5716,5716,2868,0,sty+tfidf,2,0,0.0007176714457683854,True
5717,5717,2868,1,sty+tfidf,2,1,0.9558081497027726,True
5718,5718,2869,0,sty+tfidf,2,0,0.004438241937959222,True
5719,5719,2869,1,sty+tfidf,2,1,0.9963050125550669,True
5720,5720,2870,0,sty+tfidf,2,0,0.018490657413880805,True
5721,5721,2870,1,sty+tfidf,2,1,0.9976416083996633,True
5722,5722,2871,0,sty+tfidf,2,0,0.015677286620986566,True
5723,5723,2871,1,sty+tfidf,2,1,0.9943171207562186,True
5724,5724,2872,0,sty+tfidf,2,0,0.020028117173758166,True
5725,5725,2872,1,sty+tfidf,2,1,0.9989482421520537,True
5726,5726,2873,0,sty+tfidf,2,0,0.026121830229907998,True
5727,5727,2873,1,sty+tfidf,2,1,0.9943648525560234,True
5728,5728,2874,0,sty+tfidf,2,0,0.049017100874240924,True
5729,5729,2874,1,sty+tfidf,2,1,0.5248712145534972,True
5730,5730,2875,0,sty+tfidf,2,0,0.04894739854526786,True
5731,5731,2875,1,sty+tfidf,2,1,0.9906223907757628,True
5732,5732,2876,0,sty+tfidf,2,0,0.0011692275033374439,True
5733,5733,2876,1,sty+tfidf,2,1,0.9896439292238578,True
5734,5734,2877,0,sty+tfidf,2,0,0.02645831488650426,True
5735,5735,2877,1,sty+tfidf,2,1,0.6023367024465146,True
5736,5736,2878,0,sty+tfidf,2,0,0.00644272466767482,True
5737,5737,2878,1,sty+tfidf,2,1,0.9846322845948725,True
5738,5738,2879,0,sty+tfidf,2,0,0.0005638651179189929,True
5739,5739,2879,1,sty+tfidf,2,1,0.9877448302660736,True
5740,5740,2880,0,sty+tfidf,2,0,0.005129726511881488,True
5741,5741,2880,1,sty+tfidf,2,1,0.9949324028932875,True
5742,5742,2881,0,sty+tfidf,2,0,0.003802061225734911,True
5743,5743,2881,1,sty+tfidf,2,1,0.8762080029582322,True
5744,5744,2882,0,sty+tfidf,2,0,0.0003401582038208225,True
5745,5745,2882,1,sty+tfidf,2,1,0.9966756924518198,True
5746,5746,2883,0,sty+tfidf,2,0,0.025091006515496127,True
5747,5747,2883,1,sty+tfidf,2,1,0.9954926938718236,True
5748,5748,2884,0,sty+tfidf,2,0,0.028090414803232978,True
5749,5749,2884,1,sty+tfidf,2,1,0.997022149136629,True
5750,5750,2885,0,sty+tfidf,2,0,0.31961052728324024,True
5751,5751,2885,1,sty+tfidf,2,1,0.9926637823503899,True
5752,5752,2886,0,sty+tfidf,2,0,0.00045947644364554945,True
5753,5753,2886,1,sty+tfidf,2,1,0.9942670282957753,True
5754,5754,2887,0,sty+tfidf,2,0,0.020884529008232018,True
5755,5755,2887,1,sty+tfidf,2,1,0.9969198865751956,True
5756,5756,2888,0,sty+tfidf,2,0,0.007567678073673882,True
5757,5757,2888,1,sty+tfidf,2,1,0.9992390129574769,True
5758,5758,2889,0,sty+tfidf,2,0,0.3577151135006439,True
5759,5759,2889,1,sty+tfidf,2,1,0.9981441765885832,True
5760,5760,2890,0,sty+tfidf,2,0,0.022024831981765875,True
5761,5761,2890,1,sty+tfidf,2,1,0.997986567457303,True
5762,5762,2891,0,sty+tfidf,2,0,0.006832047532961804,True
5763,5763,2891,1,sty+tfidf,2,1,0.9991218191585772,True
5764,5764,2892,0,sty+tfidf,2,0,0.055252220305648816,True
5765,5765,2892,1,sty+tfidf,2,1,0.9907718378873259,True
5766,5766,2893,0,sty+tfidf,2,0,0.010427114532044642,True
5767,5767,2893,1,sty+tfidf,2,1,0.9789320727464775,True
5768,5768,2894,0,sty+tfidf,2,0,0.0004689011329266801,True
5769,5769,2894,1,sty+tfidf,2,0,0.3506472111995051,False
5770,5770,2895,0,sty+tfidf,2,0,0.014009731259262345,True
5771,5771,2895,1,sty+tfidf,2,1,0.944050236461672,True
5772,5772,2896,0,sty+tfidf,2,0,0.3760361380172285,True
5773,5773,2896,1,sty+tfidf,2,1,0.9591683697201888,True
5774,5774,2897,0,sty+tfidf,2,0,0.028391643833507094,True
5775,5775,2897,1,sty+tfidf,2,1,0.9967554473158801,True
5776,5776,2898,0,sty+tfidf,2,0,0.009511623388401821,True
5777,5777,2898,1,sty+tfidf,2,1,0.999496343619447,True
5778,5778,2899,0,sty+tfidf,2,0,0.018524887969108075,True
5779,5779,2899,1,sty+tfidf,2,1,0.991069395947545,True
5780,5780,2900,0,sty+tfidf,2,0,0.023736356920404798,True
5781,5781,2900,1,sty+tfidf,2,1,0.6697458305589284,True
5782,5782,2901,0,sty+tfidf,2,0,0.0005851921007428171,True
5783,5783,2901,1,sty+tfidf,2,1,0.9933456455575664,True
5784,5784,2902,0,sty+tfidf,2,0,0.008353842628088833,True
5785,5785,2902,1,sty+tfidf,2,1,0.9939809936749225,True
5786,5786,2903,0,sty+tfidf,2,0,0.01577086371709703,True
5787,5787,2903,1,sty+tfidf,2,1,0.9346903854342373,True
5788,5788,2904,0,sty+tfidf,2,0,0.008937521701433348,True
5789,5789,2904,1,sty+tfidf,2,0,0.25784753735896315,False
5790,5790,2905,0,sty+tfidf,2,0,0.00026660333337884116,True
5791,5791,2905,1,sty+tfidf,2,1,0.9976446855241183,True
5792,5792,2906,0,sty+tfidf,2,0,0.1559345252293564,True
5793,5793,2906,1,sty+tfidf,2,1,0.9967287575001372,True
5794,5794,2907,0,sty+tfidf,2,0,0.0008160247055408468,True
5795,5795,2907,1,sty+tfidf,2,1,0.9994762137908116,True
5796,5796,2908,0,sty+tfidf,2,0,0.001362029353885091,True
5797,5797,2908,1,sty+tfidf,2,1,0.9978808037240727,True
5798,5798,2909,0,sty+tfidf,2,0,0.00018829174020313548,True
5799,5799,2909,1,sty+tfidf,2,1,0.9993174448776834,True
5800,5800,2910,0,sty+tfidf,2,0,0.015899200756643292,True
5801,5801,2910,1,sty+tfidf,2,1,0.9971455889562033,True
5802,5802,2911,0,sty+tfidf,2,0,0.0006133844046938066,True
5803,5803,2911,1,sty+tfidf,2,1,0.9988475692495691,True
5804,5804,2912,0,sty+tfidf,2,0,7.28070362525126e-05,True
5805,5805,2912,1,sty+tfidf,2,1,0.9990604289417936,True
5806,5806,2913,0,sty+tfidf,2,0,0.0010168679858068332,True
5807,5807,2913,1,sty+tfidf,2,1,0.9985206026476662,True
5808,5808,2914,0,sty+tfidf,2,0,0.04658711226939865,True
5809,5809,2914,1,sty+tfidf,2,1,0.9964080792015908,True
5810,5810,2915,0,sty+tfidf,2,0,0.009913466109571448,True
5811,5811,2915,1,sty+tfidf,2,1,0.9985347098839117,True
5812,5812,2916,0,sty+tfidf,2,0,0.0032865365309408625,True
5813,5813,2916,1,sty+tfidf,2,1,0.9987422291057627,True
5814,5814,2917,0,sty+tfidf,2,0,0.0009120640086584271,True
5815,5815,2917,1,sty+tfidf,2,1,0.9981291283625714,True
5816,5816,2918,0,sty+tfidf,2,0,0.0003033101810363107,True
5817,5817,2918,1,sty+tfidf,2,1,0.997837359010437,True
5818,5818,2919,0,sty+tfidf,2,0,8.433168983265002e-05,True
5819,5819,2919,1,sty+tfidf,2,1,0.9671017000037339,True
5820,5820,2920,0,sty+tfidf,2,0,0.00018798777164717219,True
5821,5821,2920,1,sty+tfidf,2,1,0.9988528101551527,True
5822,5822,2921,0,sty+tfidf,2,0,0.005461022893477232,True
5823,5823,2921,1,sty+tfidf,2,1,0.9738935468180843,True
5824,5824,2922,0,sty+tfidf,2,0,4.639409457662151e-05,True
5825,5825,2922,1,sty+tfidf,2,1,0.9865010352476358,True
5826,5826,2923,0,sty+tfidf,2,0,0.002710573644449052,True
5827,5827,2923,1,sty+tfidf,2,1,0.998970668058941,True
5828,5828,2924,0,sty+tfidf,2,0,0.00013648440500843063,True
5829,5829,2924,1,sty+tfidf,2,1,0.9879385909108894,True
5830,5830,2925,0,sty+tfidf,2,0,0.0002115953343772576,True
5831,5831,2925,1,sty+tfidf,2,1,0.7802980984104739,True
5832,5832,2926,0,sty+tfidf,2,0,0.0026156181625440838,True
5833,5833,2926,1,sty+tfidf,2,1,0.9980396072532699,True
5834,5834,2927,0,sty+tfidf,2,1,0.901106437934107,False
5835,5835,2927,1,sty+tfidf,2,1,0.9964121085393379,True
5836,5836,2928,0,sty+tfidf,2,0,0.13059560854552374,True
5837,5837,2928,1,sty+tfidf,2,1,0.9988040124131516,True
5838,5838,2929,0,sty+tfidf,2,0,0.03856367713308854,True
5839,5839,2929,1,sty+tfidf,2,1,0.995548625984628,True
5840,5840,2930,0,sty+tfidf,2,0,0.0002632980344713639,True
5841,5841,2930,1,sty+tfidf,2,1,0.9993254065891028,True
5842,5842,2931,0,sty+tfidf,2,0,0.1632846955938775,True
5843,5843,2931,1,sty+tfidf,2,1,0.9794492571191014,True
5844,5844,2932,0,sty+tfidf,2,0,0.010836110154745773,True
5845,5845,2932,1,sty+tfidf,2,1,0.9984405552059641,True
5846,5846,2933,0,sty+tfidf,2,0,0.0007770673189121887,True
5847,5847,2933,1,sty+tfidf,2,1,0.9976175759096639,True
5848,5848,2934,0,sty+tfidf,2,0,0.010498935227540002,True
5849,5849,2934,1,sty+tfidf,2,1,0.99615797192827,True
5850,5850,2935,0,sty+tfidf,2,0,0.04069638493446748,True
5851,5851,2935,1,sty+tfidf,2,1,0.9947966529982729,True
5852,5852,2936,0,sty+tfidf,2,0,0.0022744849216624224,True
5853,5853,2936,1,sty+tfidf,2,1,0.8557246197501513,True
5854,5854,2937,0,sty+tfidf,2,0,0.004054744623417734,True
5855,5855,2937,1,sty+tfidf,2,0,0.369424077218571,False
5856,5856,2938,0,sty+tfidf,2,0,0.06904474115840419,True
5857,5857,2938,1,sty+tfidf,2,1,0.9973934214089718,True
5858,5858,2939,0,sty+tfidf,2,0,0.005180278621097764,True
5859,5859,2939,1,sty+tfidf,2,1,0.9802828764168313,True
5860,5860,2940,0,sty+tfidf,2,0,0.018258047991995378,True
5861,5861,2940,1,sty+tfidf,2,1,0.7598699356857449,True
5862,5862,2941,0,sty+tfidf,2,0,0.0003570026641453979,True
5863,5863,2941,1,sty+tfidf,2,1,0.9872519606834445,True
5864,5864,2942,0,sty+tfidf,2,0,0.08690127126347354,True
5865,5865,2942,1,sty+tfidf,2,1,0.9868083325265361,True
5866,5866,2943,0,sty+tfidf,2,0,0.007834418966479963,True
5867,5867,2943,1,sty+tfidf,2,1,0.9803326498619161,True
5868,5868,2944,0,sty+tfidf,2,0,0.19867625205954803,True
5869,5869,2944,1,sty+tfidf,2,1,0.9680433182410343,True
5870,5870,2945,0,sty+tfidf,2,1,0.576751253755614,False
5871,5871,2945,1,sty+tfidf,2,1,0.9993791373939694,True
5872,5872,2946,0,sty+tfidf,2,0,0.01763229550640423,True
5873,5873,2946,1,sty+tfidf,2,1,0.9990187847609152,True
5874,5874,2947,0,sty+tfidf,2,0,0.00043583784358539594,True
5875,5875,2947,1,sty+tfidf,2,1,0.9808509936663679,True
5876,5876,2948,0,sty+tfidf,2,0,0.0019088105447409,True
5877,5877,2948,1,sty+tfidf,2,1,0.8622826947916594,True
5878,5878,2949,0,sty+tfidf,2,0,0.00032755737694044795,True
5879,5879,2949,1,sty+tfidf,2,1,0.8934359073385431,True
5880,5880,2950,0,sty+tfidf,2,0,0.4347421991040853,True
5881,5881,2950,1,sty+tfidf,2,1,0.9984204239394164,True
5882,5882,2951,0,sty+tfidf,2,0,0.0006379476504335736,True
5883,5883,2951,1,sty+tfidf,2,1,0.9378445242923805,True
5884,5884,2952,0,sty+tfidf,2,0,0.00021861392043936363,True
5885,5885,2952,1,sty+tfidf,2,1,0.9975145234605516,True
5886,5886,2953,0,sty+tfidf,2,0,0.021627140329598366,True
5887,5887,2953,1,sty+tfidf,2,1,0.9970214628573969,True
5888,5888,2954,0,sty+tfidf,2,0,0.0436393445797195,True
5889,5889,2954,1,sty+tfidf,2,1,0.9986932833547039,True
5890,5890,2955,0,sty+tfidf,2,1,0.6681293118013846,False
5891,5891,2955,1,sty+tfidf,2,1,0.9981225716837762,True
5892,5892,2956,0,sty+tfidf,2,0,0.004797495208644113,True
5893,5893,2956,1,sty+tfidf,2,1,0.9966466823192603,True
5894,5894,2957,0,sty+tfidf,2,0,0.07807628501796776,True
5895,5895,2957,1,sty+tfidf,2,1,0.9423915384533987,True
5896,5896,2958,0,sty+tfidf,2,0,0.000652913681296893,True
5897,5897,2958,1,sty+tfidf,2,1,0.9979803679340589,True
5898,5898,2959,0,sty+tfidf,2,0,0.007650653372317226,True
5899,5899,2959,1,sty+tfidf,2,1,0.9973925532072616,True
5900,5900,2960,0,sty+tfidf,2,0,0.00040806288143212124,True
5901,5901,2960,1,sty+tfidf,2,1,0.9917998102219545,True
5902,5902,2961,0,sty+tfidf,2,0,0.01901253698956863,True
5903,5903,2961,1,sty+tfidf,2,1,0.5853790690171368,True
5904,5904,2962,0,sty+tfidf,2,0,0.05575896850399809,True
5905,5905,2962,1,sty+tfidf,2,1,0.9958692141509055,True
5906,5906,2963,0,sty+tfidf,2,0,0.0016262233481090173,True
5907,5907,2963,1,sty+tfidf,2,1,0.9954019487428389,True
5908,5908,2964,0,sty+tfidf,2,0,0.03513097103734982,True
5909,5909,2964,1,sty+tfidf,2,1,0.908008109941104,True
5910,5910,2965,0,sty+tfidf,2,0,0.0020670983355712967,True
5911,5911,2965,1,sty+tfidf,2,1,0.9911195658133638,True
5912,5912,2966,0,sty+tfidf,2,0,0.001989967862428006,True
5913,5913,2966,1,sty+tfidf,2,1,0.9885940989174431,True
5914,5914,2967,0,sty+tfidf,2,0,0.02230058864225085,True
5915,5915,2967,1,sty+tfidf,2,1,0.605808582949857,True
5916,5916,2968,0,sty+tfidf,2,0,0.21948754036623544,True
5917,5917,2968,1,sty+tfidf,2,1,0.9188393660189385,True
5918,5918,2969,0,sty+tfidf,2,0,0.024277200829559593,True
5919,5919,2969,1,sty+tfidf,2,1,0.9923446136722315,True
5920,5920,2970,0,sty+tfidf,2,0,0.0001800314151332616,True
5921,5921,2970,1,sty+tfidf,2,1,0.9994274975275801,True
5922,5922,2971,0,sty+tfidf,2,0,0.007040651208565897,True
5923,5923,2971,1,sty+tfidf,2,1,0.9945897110082077,True
5924,5924,2972,0,sty+tfidf,2,0,0.01608246597988534,True
5925,5925,2972,1,sty+tfidf,2,1,0.9663536939363054,True
5926,5926,2973,1,sty+tfidf,2,1,0.995134494057133,True
5927,5927,2974,0,sty+tfidf,2,0,0.0009437572640425812,True
5928,5928,2974,1,sty+tfidf,2,0,0.3554804838402435,False
5929,5929,2975,0,sty+tfidf,2,0,0.0020653964461079515,True
5930,5930,2975,1,sty+tfidf,2,1,0.9696031401722518,True
5931,5931,2976,0,sty+tfidf,2,0,0.0016827390143220747,True
5932,5932,2976,1,sty+tfidf,2,1,0.9806984149140358,True
5933,5933,2977,0,sty+tfidf,2,0,0.01737615853347944,True
5934,5934,2977,1,sty+tfidf,2,1,0.9995820699887918,True
5935,5935,2978,0,sty+tfidf,2,0,0.04167768579800674,True
5936,5936,2978,1,sty+tfidf,2,1,0.9966213335938212,True
5937,5937,2979,0,sty+tfidf,2,0,6.621851163995048e-05,True
5938,5938,2979,1,sty+tfidf,2,1,0.8983222386769703,True
5939,5939,2980,0,sty+tfidf,2,0,0.013663919274098187,True
5940,5940,2980,1,sty+tfidf,2,1,0.9991328777634485,True
5941,5941,2981,0,sty+tfidf,2,0,0.000607679423536683,True
5942,5942,2981,1,sty+tfidf,2,1,0.9823988677687027,True
5943,5943,2982,0,sty+tfidf,2,0,0.0009844611799266927,True
5944,5944,2982,1,sty+tfidf,2,1,0.7880699602234098,True
5945,5945,2983,0,sty+tfidf,2,0,0.4123227831873497,True
5946,5946,2983,1,sty+tfidf,2,1,0.9989073391378035,True
5947,5947,2984,0,sty+tfidf,2,0,0.0008725863535563716,True
5948,5948,2984,1,sty+tfidf,2,1,0.9900624923947754,True
5949,5949,2985,0,sty+tfidf,2,0,0.0004510390700842538,True
5950,5950,2985,1,sty+tfidf,2,1,0.9993417293703156,True
5951,5951,2986,0,sty+tfidf,2,0,0.017571561461873834,True
5952,5952,2986,1,sty+tfidf,2,1,0.9962093650301702,True
5953,5953,2987,0,sty+tfidf,2,0,0.0011660824867906244,True
5954,5954,2987,1,sty+tfidf,2,1,0.9837252744152832,True
5955,5955,2988,0,sty+tfidf,2,0,0.06970298501525224,True
5956,5956,2988,1,sty+tfidf,2,1,0.9918314618108801,True
5957,5957,2989,0,sty+tfidf,2,0,0.004689753018415594,True
5958,5958,2989,1,sty+tfidf,2,1,0.9996952349132144,True
5959,5959,2990,0,sty+tfidf,2,0,0.001204666891778733,True
5960,5960,2990,1,sty+tfidf,2,1,0.9975966561008399,True
5961,5961,2991,0,sty+tfidf,2,0,0.12508955718659082,True
5962,5962,2991,1,sty+tfidf,2,1,0.9993874587573418,True
5963,5963,2992,0,sty+tfidf,2,0,0.055855943404980686,True
5964,5964,2992,1,sty+tfidf,2,1,0.9992126992820412,True
5965,5965,2993,0,sty+tfidf,2,0,0.00018807225541713133,True
5966,5966,2993,1,sty+tfidf,2,1,0.9934077383770804,True
5967,5967,2994,0,sty+tfidf,2,0,0.3391522056689437,True
5968,5968,2994,1,sty+tfidf,2,1,0.9994649809165654,True
5969,5969,2995,0,sty+tfidf,2,0,0.0046241655193081845,True
5970,5970,2995,1,sty+tfidf,2,1,0.9990546788776055,True
5971,5971,2996,0,sty+tfidf,2,0,0.05374389712863613,True
5972,5972,2996,1,sty+tfidf,2,1,0.9987507915968236,True
5973,5973,2997,0,sty+tfidf,2,0,0.0008728082261561885,True
5974,5974,2997,1,sty+tfidf,2,1,0.9991440191694239,True
5975,5975,2998,0,sty+tfidf,2,0,0.02575682665564678,True
5976,5976,2998,1,sty+tfidf,2,1,0.9779781809623477,True
5977,5977,2999,0,sty+tfidf,2,0,0.05824053837618726,True
5978,5978,2999,1,sty+tfidf,2,1,0.9789947923136375,True
