row_index,doc_id,source_id,label_aktual,kombinasi,n_fitur,prediksi,probabilitas_AI,benar
0,0,0,0,sty+tfidf+perp,3,0,0.10201681655468596,True
1,1,0,1,sty+tfidf+perp,3,1,0.9982429361645287,True
2,2,1,0,sty+tfidf+perp,3,0,0.0014894091818189576,True
3,3,1,1,sty+tfidf+perp,3,1,0.9973349862332864,True
4,4,2,0,sty+tfidf+perp,3,0,0.008789440191858261,True
5,5,2,1,sty+tfidf+perp,3,1,0.9842742983428852,True
6,6,3,0,sty+tfidf+perp,3,0,0.006131722226391549,True
7,7,3,1,sty+tfidf+perp,3,1,0.9998506269641444,True
8,8,4,0,sty+tfidf+perp,3,0,0.0022655897807024603,True
9,9,4,1,sty+tfidf+perp,3,1,0.9991253484306432,True
10,10,5,0,sty+tfidf+perp,3,0,0.005539944797320257,True
11,11,5,1,sty+tfidf+perp,3,1,0.980026928214469,True
12,12,6,0,sty+tfidf+perp,3,0,0.0002253573244919231,True
13,13,6,1,sty+tfidf+perp,3,1,0.9994171147293724,True
14,14,7,0,sty+tfidf+perp,3,0,0.0006924579046680872,True
15,15,7,1,sty+tfidf+perp,3,1,0.9992420131744023,True
16,16,8,0,sty+tfidf+perp,3,0,0.000326967764164856,True
17,17,8,1,sty+tfidf+perp,3,1,0.9998767148855081,True
18,18,9,0,sty+tfidf+perp,3,1,0.5213982010605979,False
19,19,9,1,sty+tfidf+perp,3,1,0.9978806302400288,True
20,20,10,0,sty+tfidf+perp,3,0,0.04130934167562228,True
21,21,10,1,sty+tfidf+perp,3,1,0.9957924106906916,True
22,22,11,0,sty+tfidf+perp,3,0,0.0012612855020053449,True
23,23,11,1,sty+tfidf+perp,3,1,0.9946821610270933,True
24,24,12,0,sty+tfidf+perp,3,0,0.003313445871338507,True
25,25,12,1,sty+tfidf+perp,3,1,0.9967505152572327,True
26,26,13,0,sty+tfidf+perp,3,0,0.003277413568460872,True
27,27,13,1,sty+tfidf+perp,3,1,0.9993232298874289,True
28,28,14,0,sty+tfidf+perp,3,0,0.0006383357332947512,True
29,29,14,1,sty+tfidf+perp,3,1,0.9976141539010724,True
30,30,15,0,sty+tfidf+perp,3,0,0.0008287845898039889,True
31,31,15,1,sty+tfidf+perp,3,1,0.9989685788706761,True
32,32,16,0,sty+tfidf+perp,3,0,0.04933047682151219,True
33,33,16,1,sty+tfidf+perp,3,1,0.9966873214778591,True
34,34,17,0,sty+tfidf+perp,3,0,0.0026971200063885337,True
35,35,17,1,sty+tfidf+perp,3,1,0.9996583458672273,True
36,36,18,0,sty+tfidf+perp,3,0,0.029002766941558726,True
37,37,18,1,sty+tfidf+perp,3,1,0.9988881935826375,True
38,38,19,0,sty+tfidf+perp,3,0,0.019804376841471,True
39,39,19,1,sty+tfidf+perp,3,1,0.9933717653691879,True
40,40,20,0,sty+tfidf+perp,3,0,0.00033863511147930777,True
41,41,20,1,sty+tfidf+perp,3,1,0.9894250291735529,True
42,42,21,0,sty+tfidf+perp,3,0,0.014149091058277474,True
43,43,21,1,sty+tfidf+perp,3,1,0.9941550399492558,True
44,44,22,0,sty+tfidf+perp,3,0,0.013819541739997438,True
45,45,22,1,sty+tfidf+perp,3,1,0.9994707159577989,True
46,46,23,0,sty+tfidf+perp,3,0,0.00011504370569601934,True
47,47,23,1,sty+tfidf+perp,3,1,0.9995888613195838,True
48,48,24,0,sty+tfidf+perp,3,0,0.02794815769283721,True
49,49,24,1,sty+tfidf+perp,3,1,0.9631136222439419,True
50,50,25,0,sty+tfidf+perp,3,0,0.0027443677054061586,True
51,51,25,1,sty+tfidf+perp,3,1,0.9986332707863096,True
52,52,26,0,sty+tfidf+perp,3,0,0.0059780925529673715,True
53,53,26,1,sty+tfidf+perp,3,1,0.9991312257145024,True
54,54,27,0,sty+tfidf+perp,3,0,0.000177399159749115,True
55,55,27,1,sty+tfidf+perp,3,1,0.9834155555838953,True
56,56,28,0,sty+tfidf+perp,3,1,0.9418977944275503,False
57,57,28,1,sty+tfidf+perp,3,1,0.9998032202146495,True
58,58,29,0,sty+tfidf+perp,3,0,0.004204068703524866,True
59,59,29,1,sty+tfidf+perp,3,1,0.9995065912050706,True
60,60,30,0,sty+tfidf+perp,3,0,0.000947002297346269,True
61,61,30,1,sty+tfidf+perp,3,1,0.9997427182025801,True
62,62,31,0,sty+tfidf+perp,3,0,0.00017540976870896363,True
63,63,31,1,sty+tfidf+perp,3,1,0.8806311376678605,True
64,64,32,0,sty+tfidf+perp,3,0,0.01329072015409207,True
65,65,32,1,sty+tfidf+perp,3,0,0.0005816699815631961,False
66,66,33,0,sty+tfidf+perp,3,0,0.00036802515511564365,True
67,67,33,1,sty+tfidf+perp,3,1,0.9994105240106794,True
68,68,34,0,sty+tfidf+perp,3,0,0.004519631929896705,True
69,69,34,1,sty+tfidf+perp,3,1,0.9815301357765945,True
70,70,35,0,sty+tfidf+perp,3,0,0.0148823730820664,True
71,71,35,1,sty+tfidf+perp,3,1,0.9991375345118414,True
72,72,36,0,sty+tfidf+perp,3,0,7.091975077698499e-05,True
73,73,36,1,sty+tfidf+perp,3,1,0.9960115062936196,True
74,74,37,0,sty+tfidf+perp,3,0,0.00025586806232855066,True
75,75,37,1,sty+tfidf+perp,3,1,0.999494652702275,True
76,76,38,0,sty+tfidf+perp,3,0,0.015183995113241809,True
77,77,38,1,sty+tfidf+perp,3,1,0.9998615783464877,True
78,78,39,0,sty+tfidf+perp,3,0,0.004176527860466924,True
79,79,39,1,sty+tfidf+perp,3,1,0.9996454616884533,True
80,80,40,0,sty+tfidf+perp,3,0,0.008436189379335159,True
81,81,40,1,sty+tfidf+perp,3,1,0.9972311759933502,True
82,82,41,0,sty+tfidf+perp,3,0,0.00020767032840540776,True
83,83,41,1,sty+tfidf+perp,3,1,0.9895642986433225,True
84,84,42,0,sty+tfidf+perp,3,0,0.027764876240708385,True
85,85,42,1,sty+tfidf+perp,3,1,0.9994797595054206,True
86,86,43,0,sty+tfidf+perp,3,0,0.01469245225464075,True
87,87,43,1,sty+tfidf+perp,3,1,0.9983406725164499,True
88,88,44,0,sty+tfidf+perp,3,0,0.03328774104775615,True
89,89,44,1,sty+tfidf+perp,3,1,0.7822580706416956,True
90,90,45,0,sty+tfidf+perp,3,0,0.012868793318151104,True
91,91,45,1,sty+tfidf+perp,3,1,0.6824157831663276,True
92,92,46,0,sty+tfidf+perp,3,0,0.0009232098224479356,True
93,93,46,1,sty+tfidf+perp,3,1,0.9998414905912916,True
94,94,47,0,sty+tfidf+perp,3,0,0.0020246592368918345,True
95,95,47,1,sty+tfidf+perp,3,1,0.9985318829957099,True
96,96,48,0,sty+tfidf+perp,3,0,0.00042905480340029454,True
97,97,48,1,sty+tfidf+perp,3,1,0.8924904779480375,True
98,98,49,0,sty+tfidf+perp,3,0,0.00032205148372583837,True
99,99,49,1,sty+tfidf+perp,3,1,0.9994851012162101,True
100,100,50,0,sty+tfidf+perp,3,0,0.025259320554047133,True
101,101,50,1,sty+tfidf+perp,3,1,0.9997905894835745,True
102,102,51,0,sty+tfidf+perp,3,0,0.006079253336079525,True
103,103,51,1,sty+tfidf+perp,3,1,0.9999308050442474,True
104,104,52,0,sty+tfidf+perp,3,0,0.0013785984842169432,True
105,105,52,1,sty+tfidf+perp,3,1,0.9814670525319066,True
106,106,53,0,sty+tfidf+perp,3,0,0.004419566454700093,True
107,107,53,1,sty+tfidf+perp,3,1,0.9994116188404363,True
108,108,54,0,sty+tfidf+perp,3,0,0.005450025632712947,True
109,109,54,1,sty+tfidf+perp,3,1,0.7744058780846688,True
110,110,55,0,sty+tfidf+perp,3,0,0.016560893316081588,True
111,111,55,1,sty+tfidf+perp,3,1,0.9992929042161899,True
112,112,56,0,sty+tfidf+perp,3,0,0.00026953990363578345,True
113,113,56,1,sty+tfidf+perp,3,1,0.999560443884562,True
114,114,57,0,sty+tfidf+perp,3,0,0.0019002474936072216,True
115,115,57,1,sty+tfidf+perp,3,1,0.9997259251619712,True
116,116,58,0,sty+tfidf+perp,3,0,0.008034259612120025,True
117,117,58,1,sty+tfidf+perp,3,1,0.9982132295309893,True
118,118,59,0,sty+tfidf+perp,3,0,0.0010542814495088436,True
119,119,59,1,sty+tfidf+perp,3,1,0.9998614715991799,True
120,120,60,0,sty+tfidf+perp,3,0,0.0007527420274742433,True
121,121,60,1,sty+tfidf+perp,3,1,0.99816448484118,True
122,122,61,0,sty+tfidf+perp,3,0,0.0035925942128874322,True
123,123,61,1,sty+tfidf+perp,3,1,0.9955003581331644,True
124,124,62,0,sty+tfidf+perp,3,0,0.00529926869635976,True
125,125,62,1,sty+tfidf+perp,3,1,0.997771030974572,True
126,126,63,0,sty+tfidf+perp,3,0,0.0038225010221266224,True
127,127,63,1,sty+tfidf+perp,3,1,0.9859726512500042,True
128,128,64,0,sty+tfidf+perp,3,0,0.0021319582868387695,True
129,129,64,1,sty+tfidf+perp,3,1,0.7904797110464247,True
130,130,65,0,sty+tfidf+perp,3,1,0.7726133489140293,False
131,131,65,1,sty+tfidf+perp,3,1,0.9938387698196481,True
132,132,66,0,sty+tfidf+perp,3,0,0.1260934151802418,True
133,133,66,1,sty+tfidf+perp,3,1,0.9971994563922201,True
134,134,67,0,sty+tfidf+perp,3,0,0.01370222298877951,True
135,135,67,1,sty+tfidf+perp,3,1,0.9992704581342764,True
136,136,68,0,sty+tfidf+perp,3,0,0.014521917654734783,True
137,137,68,1,sty+tfidf+perp,3,1,0.9958719742084409,True
138,138,69,0,sty+tfidf+perp,3,0,0.029255114619285143,True
139,139,69,1,sty+tfidf+perp,3,1,0.9846695815708976,True
140,140,70,0,sty+tfidf+perp,3,0,0.0031923671442101163,True
141,141,70,1,sty+tfidf+perp,3,1,0.9878506028203929,True
142,142,71,0,sty+tfidf+perp,3,0,9.81655728543018e-05,True
143,143,71,1,sty+tfidf+perp,3,1,0.999904642655027,True
144,144,72,0,sty+tfidf+perp,3,0,0.0033136252076857576,True
145,145,72,1,sty+tfidf+perp,3,1,0.9974619855841984,True
146,146,73,1,sty+tfidf+perp,3,1,0.9996322976304062,True
147,147,74,0,sty+tfidf+perp,3,0,6.095943437809082e-05,True
148,148,74,1,sty+tfidf+perp,3,1,0.9998007296480961,True
149,149,75,0,sty+tfidf+perp,3,0,0.0020807616530488468,True
150,150,75,1,sty+tfidf+perp,3,1,0.9967297395179551,True
151,151,76,0,sty+tfidf+perp,3,0,0.001809632164522988,True
152,152,76,1,sty+tfidf+perp,3,1,0.9985473276430306,True
153,153,77,0,sty+tfidf+perp,3,0,0.008425666951641163,True
154,154,77,1,sty+tfidf+perp,3,1,0.9312904090513701,True
155,155,78,0,sty+tfidf+perp,3,0,0.03085470596463653,True
156,156,78,1,sty+tfidf+perp,3,0,0.04790677521036753,False
157,157,79,0,sty+tfidf+perp,3,0,0.43054034125137514,True
158,158,79,1,sty+tfidf+perp,3,1,0.6699293703672944,True
159,159,80,0,sty+tfidf+perp,3,0,0.0020285742436653856,True
160,160,80,1,sty+tfidf+perp,3,1,0.8752119366911306,True
161,161,81,0,sty+tfidf+perp,3,0,0.0008217672619786942,True
162,162,81,1,sty+tfidf+perp,3,1,0.9998464627902575,True
163,163,82,0,sty+tfidf+perp,3,0,0.0005161009940042845,True
164,164,82,1,sty+tfidf+perp,3,1,0.9995217930772362,True
165,165,83,0,sty+tfidf+perp,3,0,0.0008349420295040985,True
166,166,83,1,sty+tfidf+perp,3,1,0.9823612760054402,True
167,167,84,0,sty+tfidf+perp,3,0,0.0017484520873433424,True
168,168,84,1,sty+tfidf+perp,3,1,0.9995835735785658,True
169,169,85,0,sty+tfidf+perp,3,0,0.0012292221056753529,True
170,170,85,1,sty+tfidf+perp,3,1,0.9948372399712231,True
171,171,86,0,sty+tfidf+perp,3,0,0.13065466664663708,True
172,172,86,1,sty+tfidf+perp,3,1,0.9998615326207528,True
173,173,87,0,sty+tfidf+perp,3,0,0.0008467239729517412,True
174,174,87,1,sty+tfidf+perp,3,1,0.9996665005434685,True
175,175,88,0,sty+tfidf+perp,3,0,0.0322527034674658,True
176,176,88,1,sty+tfidf+perp,3,1,0.9610320793781081,True
177,177,89,0,sty+tfidf+perp,3,0,0.000660053576530018,True
178,178,89,1,sty+tfidf+perp,3,1,0.9989427857882259,True
179,179,90,0,sty+tfidf+perp,3,0,0.002605545060881733,True
180,180,90,1,sty+tfidf+perp,3,1,0.9353230940559264,True
181,181,91,0,sty+tfidf+perp,3,0,0.022294262006530875,True
182,182,91,1,sty+tfidf+perp,3,1,0.9984566161553027,True
183,183,92,0,sty+tfidf+perp,3,0,0.08312876912986304,True
184,184,92,1,sty+tfidf+perp,3,1,0.9998476474047283,True
185,185,93,0,sty+tfidf+perp,3,0,0.0012574895742545767,True
186,186,93,1,sty+tfidf+perp,3,1,0.9993614092301231,True
187,187,94,0,sty+tfidf+perp,3,0,0.04577344952276182,True
188,188,94,1,sty+tfidf+perp,3,1,0.9985506392203697,True
189,189,95,0,sty+tfidf+perp,3,0,0.0007605569985722352,True
190,190,95,1,sty+tfidf+perp,3,1,0.9353631084088675,True
191,191,96,0,sty+tfidf+perp,3,0,0.00024961116061730283,True
192,192,96,1,sty+tfidf+perp,3,1,0.999500024550069,True
193,193,97,0,sty+tfidf+perp,3,0,0.008421308796648647,True
194,194,97,1,sty+tfidf+perp,3,1,0.9997200022940268,True
195,195,98,0,sty+tfidf+perp,3,0,0.00028736224275203174,True
196,196,98,1,sty+tfidf+perp,3,1,0.992406528622563,True
197,197,99,0,sty+tfidf+perp,3,0,0.000525963414593151,True
198,198,99,1,sty+tfidf+perp,3,1,0.9998611024061677,True
199,199,100,0,sty+tfidf+perp,3,0,4.120551497333125e-05,True
200,200,100,1,sty+tfidf+perp,3,1,0.9994840253163365,True
201,201,101,0,sty+tfidf+perp,3,0,0.0003525908015006015,True
202,202,101,1,sty+tfidf+perp,3,1,0.9983339951294972,True
203,203,102,0,sty+tfidf+perp,3,0,0.0002098816474170332,True
204,204,102,1,sty+tfidf+perp,3,1,0.9990588987670265,True
205,205,103,0,sty+tfidf+perp,3,0,0.00045116403104746635,True
206,206,103,1,sty+tfidf+perp,3,1,0.9993777915472931,True
207,207,104,0,sty+tfidf+perp,3,0,0.02004861658285657,True
208,208,104,1,sty+tfidf+perp,3,1,0.9995592779422401,True
209,209,105,0,sty+tfidf+perp,3,0,0.001531026734752161,True
210,210,105,1,sty+tfidf+perp,3,1,0.9981668642242509,True
211,211,106,0,sty+tfidf+perp,3,0,0.0003770605549975786,True
212,212,106,1,sty+tfidf+perp,3,1,0.9927218993694366,True
213,213,107,0,sty+tfidf+perp,3,0,0.02805446671073415,True
214,214,107,1,sty+tfidf+perp,3,1,0.9989215750272604,True
215,215,108,0,sty+tfidf+perp,3,0,5.26113618794965e-05,True
216,216,108,1,sty+tfidf+perp,3,1,0.9762263143281579,True
217,217,109,0,sty+tfidf+perp,3,0,0.00036135559365434546,True
218,218,109,1,sty+tfidf+perp,3,0,0.05130648234030058,False
219,219,110,0,sty+tfidf+perp,3,0,0.0013578033179948324,True
220,220,110,1,sty+tfidf+perp,3,1,0.9662295510926971,True
221,221,111,0,sty+tfidf+perp,3,0,0.0030607865280611944,True
222,222,111,1,sty+tfidf+perp,3,1,0.998751932123062,True
223,223,112,0,sty+tfidf+perp,3,0,4.455269047274085e-05,True
224,224,112,1,sty+tfidf+perp,3,1,0.9996621201840621,True
225,225,113,0,sty+tfidf+perp,3,0,8.719739123325423e-05,True
226,226,113,1,sty+tfidf+perp,3,1,0.9751120214870606,True
227,227,114,0,sty+tfidf+perp,3,0,0.0031129678091865354,True
228,228,114,1,sty+tfidf+perp,3,1,0.9974326351568569,True
229,229,115,0,sty+tfidf+perp,3,0,0.0011744983666298894,True
230,230,115,1,sty+tfidf+perp,3,1,0.9987707612590958,True
231,231,116,0,sty+tfidf+perp,3,0,0.00012017609109177737,True
232,232,116,1,sty+tfidf+perp,3,1,0.9995732097171596,True
233,233,117,0,sty+tfidf+perp,3,0,0.0005297586714533008,True
234,234,117,1,sty+tfidf+perp,3,1,0.9971953707724489,True
235,235,118,0,sty+tfidf+perp,3,0,0.0934959504147711,True
236,236,118,1,sty+tfidf+perp,3,1,0.999940937986886,True
237,237,119,0,sty+tfidf+perp,3,0,0.0003123978566350018,True
238,238,119,1,sty+tfidf+perp,3,1,0.9983927777029629,True
239,239,120,0,sty+tfidf+perp,3,0,0.2044179426923028,True
240,240,120,1,sty+tfidf+perp,3,1,0.9992559930394003,True
241,241,121,0,sty+tfidf+perp,3,0,0.0009684556274661819,True
242,242,121,1,sty+tfidf+perp,3,1,0.9998742798093565,True
243,243,122,0,sty+tfidf+perp,3,0,0.061314597453753616,True
244,244,122,1,sty+tfidf+perp,3,1,0.9999588523337787,True
245,245,123,0,sty+tfidf+perp,3,0,0.21319859242888836,True
246,246,123,1,sty+tfidf+perp,3,1,0.9974785165335114,True
247,247,124,0,sty+tfidf+perp,3,0,0.003002071023018821,True
248,248,124,1,sty+tfidf+perp,3,1,0.9998601310500164,True
249,249,125,0,sty+tfidf+perp,3,0,0.018979563592482155,True
250,250,125,1,sty+tfidf+perp,3,1,0.6574616135162692,True
251,251,126,0,sty+tfidf+perp,3,0,0.0004290835103639545,True
252,252,126,1,sty+tfidf+perp,3,1,0.9992411377731231,True
253,253,127,0,sty+tfidf+perp,3,0,0.0011332489593703925,True
254,254,127,1,sty+tfidf+perp,3,1,0.9994899935482027,True
255,255,128,0,sty+tfidf+perp,3,0,0.008903839104568103,True
256,256,128,1,sty+tfidf+perp,3,1,0.867237061057401,True
257,257,129,0,sty+tfidf+perp,3,0,0.00016319442101581788,True
258,258,129,1,sty+tfidf+perp,3,1,0.9979051721754472,True
259,259,130,0,sty+tfidf+perp,3,0,0.0002768304972231538,True
260,260,130,1,sty+tfidf+perp,3,1,0.9849372887413761,True
261,261,131,0,sty+tfidf+perp,3,0,0.00026278416959180865,True
262,262,131,1,sty+tfidf+perp,3,1,0.9988083096931023,True
263,263,132,0,sty+tfidf+perp,3,0,0.03705534990984972,True
264,264,132,1,sty+tfidf+perp,3,1,0.9991752659094537,True
265,265,133,0,sty+tfidf+perp,3,0,2.698108319768376e-05,True
266,266,133,1,sty+tfidf+perp,3,1,0.9992277996700688,True
267,267,134,0,sty+tfidf+perp,3,0,0.0022704438714679235,True
268,268,134,1,sty+tfidf+perp,3,0,0.13550155496947133,False
269,269,135,0,sty+tfidf+perp,3,0,0.010238817375090768,True
270,270,135,1,sty+tfidf+perp,3,1,0.9976320140191927,True
271,271,136,0,sty+tfidf+perp,3,0,0.008155952776141982,True
272,272,136,1,sty+tfidf+perp,3,1,0.9993832876058943,True
273,273,137,0,sty+tfidf+perp,3,0,0.0004973999908578717,True
274,274,137,1,sty+tfidf+perp,3,1,0.9994733826768207,True
275,275,138,0,sty+tfidf+perp,3,0,0.008535115007496727,True
276,276,138,1,sty+tfidf+perp,3,1,0.9988766309274403,True
277,277,139,0,sty+tfidf+perp,3,0,0.00028656607133767587,True
278,278,139,1,sty+tfidf+perp,3,1,0.9909984925939622,True
279,279,140,0,sty+tfidf+perp,3,0,0.015115268560631105,True
280,280,140,1,sty+tfidf+perp,3,1,0.9980679126332762,True
281,281,141,0,sty+tfidf+perp,3,0,0.0008572014751268462,True
282,282,141,1,sty+tfidf+perp,3,1,0.996042357167567,True
283,283,142,0,sty+tfidf+perp,3,0,0.001406439702654379,True
284,284,142,1,sty+tfidf+perp,3,1,0.9999151864880887,True
285,285,143,0,sty+tfidf+perp,3,0,0.0003013705444844137,True
286,286,143,1,sty+tfidf+perp,3,1,0.9997296932854758,True
287,287,144,0,sty+tfidf+perp,3,0,0.00038965531946875574,True
288,288,144,1,sty+tfidf+perp,3,1,0.999040744168775,True
289,289,145,0,sty+tfidf+perp,3,0,0.0072178188288507875,True
290,290,145,1,sty+tfidf+perp,3,1,0.9956947001087394,True
291,291,146,0,sty+tfidf+perp,3,0,0.2627637239377503,True
292,292,146,1,sty+tfidf+perp,3,1,0.9986790365241166,True
293,293,147,0,sty+tfidf+perp,3,0,0.084767877371243,True
294,294,147,1,sty+tfidf+perp,3,1,0.9612225119082665,True
295,295,148,0,sty+tfidf+perp,3,0,0.00041888350762571674,True
296,296,148,1,sty+tfidf+perp,3,1,0.9987963832441396,True
297,297,149,0,sty+tfidf+perp,3,0,0.0015348668752344474,True
298,298,149,1,sty+tfidf+perp,3,1,0.9973776124167517,True
299,299,150,0,sty+tfidf+perp,3,0,0.0005753319915338997,True
300,300,150,1,sty+tfidf+perp,3,1,0.9909439796734308,True
301,301,151,0,sty+tfidf+perp,3,0,0.0016794503349551457,True
302,302,151,1,sty+tfidf+perp,3,1,0.994789031942676,True
303,303,152,0,sty+tfidf+perp,3,0,0.0004666790523374168,True
304,304,152,1,sty+tfidf+perp,3,1,0.9750345520600038,True
305,305,153,0,sty+tfidf+perp,3,0,0.000443200557872191,True
306,306,153,1,sty+tfidf+perp,3,1,0.9834477819430208,True
307,307,154,0,sty+tfidf+perp,3,0,0.016355843036861203,True
308,308,154,1,sty+tfidf+perp,3,1,0.9994172268451634,True
309,309,155,0,sty+tfidf+perp,3,0,0.0012777991914294838,True
310,310,155,1,sty+tfidf+perp,3,1,0.999543950133709,True
311,311,156,0,sty+tfidf+perp,3,0,0.0010478227570679998,True
312,312,156,1,sty+tfidf+perp,3,1,0.9999273084512775,True
313,313,157,0,sty+tfidf+perp,3,0,0.00014461184286536474,True
314,314,157,1,sty+tfidf+perp,3,1,0.9934616773646141,True
315,315,158,0,sty+tfidf+perp,3,0,0.00016210803553342863,True
316,316,158,1,sty+tfidf+perp,3,1,0.9990860640337971,True
317,317,159,0,sty+tfidf+perp,3,0,0.00018603163569034723,True
318,318,159,1,sty+tfidf+perp,3,1,0.9999387308194603,True
319,319,160,0,sty+tfidf+perp,3,0,0.005853819790374642,True
320,320,160,1,sty+tfidf+perp,3,1,0.9005984229049309,True
321,321,161,0,sty+tfidf+perp,3,0,7.458864070672046e-05,True
322,322,161,1,sty+tfidf+perp,3,1,0.9996366593387394,True
323,323,162,0,sty+tfidf+perp,3,0,0.003176794842983665,True
324,324,162,1,sty+tfidf+perp,3,1,0.999917616150456,True
325,325,163,0,sty+tfidf+perp,3,0,0.00161760315238991,True
326,326,163,1,sty+tfidf+perp,3,1,0.9955364365323358,True
327,327,164,0,sty+tfidf+perp,3,0,0.00024231416309925414,True
328,328,164,1,sty+tfidf+perp,3,1,0.9773977098603671,True
329,329,165,0,sty+tfidf+perp,3,1,0.674763785996794,False
330,330,165,1,sty+tfidf+perp,3,1,0.9997360947754009,True
331,331,166,0,sty+tfidf+perp,3,0,0.04645014724008032,True
332,332,166,1,sty+tfidf+perp,3,1,0.9957626745888457,True
333,333,167,0,sty+tfidf+perp,3,0,0.00048692256533083725,True
334,334,167,1,sty+tfidf+perp,3,1,0.7464245525480545,True
335,335,168,0,sty+tfidf+perp,3,0,0.0334366908337324,True
336,336,168,1,sty+tfidf+perp,3,1,0.99935876828508,True
337,337,169,0,sty+tfidf+perp,3,0,0.0002462467448509254,True
338,338,169,1,sty+tfidf+perp,3,1,0.999458608442076,True
339,339,170,0,sty+tfidf+perp,3,0,0.00025911628478977796,True
340,340,170,1,sty+tfidf+perp,3,1,0.9991233912993807,True
341,341,171,0,sty+tfidf+perp,3,0,0.0002800710847368907,True
342,342,171,1,sty+tfidf+perp,3,1,0.9995251846985769,True
343,343,172,0,sty+tfidf+perp,3,0,0.0241985610184891,True
344,344,172,1,sty+tfidf+perp,3,1,0.9849957793093336,True
345,345,173,0,sty+tfidf+perp,3,0,0.02658580608530574,True
346,346,173,1,sty+tfidf+perp,3,1,0.999881136183463,True
347,347,174,0,sty+tfidf+perp,3,0,0.0006069345106815394,True
348,348,174,1,sty+tfidf+perp,3,1,0.9993893242154731,True
349,349,175,0,sty+tfidf+perp,3,0,0.002439320896914391,True
350,350,175,1,sty+tfidf+perp,3,1,0.9661032571765951,True
351,351,176,0,sty+tfidf+perp,3,0,0.026035971199126103,True
352,352,176,1,sty+tfidf+perp,3,1,0.9995765202389651,True
353,353,177,0,sty+tfidf+perp,3,0,0.0006991843864228035,True
354,354,177,1,sty+tfidf+perp,3,1,0.9826508019952795,True
355,355,178,0,sty+tfidf+perp,3,0,0.00668345844601889,True
356,356,178,1,sty+tfidf+perp,3,1,0.9992907275610659,True
357,357,179,0,sty+tfidf+perp,3,0,0.0026771310798210106,True
358,358,179,1,sty+tfidf+perp,3,1,0.9993906824949074,True
359,359,180,0,sty+tfidf+perp,3,0,0.014683031633529759,True
360,360,180,1,sty+tfidf+perp,3,1,0.9994305133195109,True
361,361,181,0,sty+tfidf+perp,3,0,0.00024234865947370704,True
362,362,181,1,sty+tfidf+perp,3,1,0.9997616772845883,True
363,363,182,0,sty+tfidf+perp,3,0,9.559289419717e-05,True
364,364,182,1,sty+tfidf+perp,3,1,0.9989074597109305,True
365,365,183,0,sty+tfidf+perp,3,0,6.868741898824266e-05,True
366,366,183,1,sty+tfidf+perp,3,1,0.9176891007586102,True
367,367,184,0,sty+tfidf+perp,3,0,0.004634382184923945,True
368,368,184,1,sty+tfidf+perp,3,1,0.993751364926785,True
369,369,185,0,sty+tfidf+perp,3,0,0.004458347213587008,True
370,370,185,1,sty+tfidf+perp,3,1,0.9538989474608562,True
371,371,186,0,sty+tfidf+perp,3,0,0.022412626488790013,True
372,372,186,1,sty+tfidf+perp,3,1,0.9995041357122066,True
373,373,187,0,sty+tfidf+perp,3,0,0.004732066774584179,True
374,374,187,1,sty+tfidf+perp,3,1,0.9999287082947185,True
375,375,188,0,sty+tfidf+perp,3,0,0.000567248824842124,True
376,376,188,1,sty+tfidf+perp,3,1,0.9998501404930765,True
377,377,189,0,sty+tfidf+perp,3,0,1.824679391137732e-05,True
378,378,189,1,sty+tfidf+perp,3,1,0.975839285024647,True
379,379,190,0,sty+tfidf+perp,3,0,0.000272348384659141,True
380,380,190,1,sty+tfidf+perp,3,1,0.8045538358680794,True
381,381,191,0,sty+tfidf+perp,3,0,0.000849026206206481,True
382,382,191,1,sty+tfidf+perp,3,1,0.9974527190260242,True
383,383,192,0,sty+tfidf+perp,3,0,0.026991425088210487,True
384,384,192,1,sty+tfidf+perp,3,1,0.9992114770077913,True
385,385,193,0,sty+tfidf+perp,3,0,0.008273510078428092,True
386,386,193,1,sty+tfidf+perp,3,1,0.9931600275415245,True
387,387,194,0,sty+tfidf+perp,3,0,0.001535301762671214,True
388,388,194,1,sty+tfidf+perp,3,1,0.9368947536196411,True
389,389,195,0,sty+tfidf+perp,3,0,0.00019172905224057297,True
390,390,195,1,sty+tfidf+perp,3,1,0.9500339364602736,True
391,391,196,0,sty+tfidf+perp,3,0,0.0029459726202533294,True
392,392,196,1,sty+tfidf+perp,3,1,0.999409832421349,True
393,393,197,0,sty+tfidf+perp,3,0,0.03918474797101134,True
394,394,197,1,sty+tfidf+perp,3,1,0.9995837600956494,True
395,395,198,0,sty+tfidf+perp,3,0,0.0003927084571217398,True
396,396,198,1,sty+tfidf+perp,3,1,0.9998349071531919,True
397,397,199,0,sty+tfidf+perp,3,0,0.0029650790576634793,True
398,398,199,1,sty+tfidf+perp,3,1,0.9698590523260688,True
399,399,200,0,sty+tfidf+perp,3,0,0.005844964837028256,True
400,400,200,1,sty+tfidf+perp,3,1,0.5787741676509535,True
401,401,201,0,sty+tfidf+perp,3,0,0.0031144023827314638,True
402,402,201,1,sty+tfidf+perp,3,1,0.9983883121734014,True
403,403,202,0,sty+tfidf+perp,3,0,0.0008757772479992634,True
404,404,202,1,sty+tfidf+perp,3,1,0.9922081837558345,True
405,405,203,0,sty+tfidf+perp,3,0,0.002292041810996711,True
406,406,203,1,sty+tfidf+perp,3,1,0.9897301983914243,True
407,407,204,0,sty+tfidf+perp,3,0,0.3133465039339709,True
408,408,204,1,sty+tfidf+perp,3,1,0.5385655827741433,True
409,409,205,0,sty+tfidf+perp,3,0,0.0009125822821871554,True
410,410,205,1,sty+tfidf+perp,3,1,0.9943160383841326,True
411,411,206,0,sty+tfidf+perp,3,0,0.13369725993279497,True
412,412,206,1,sty+tfidf+perp,3,1,0.9997781854919745,True
413,413,207,0,sty+tfidf+perp,3,0,0.0002601948320569183,True
414,414,207,1,sty+tfidf+perp,3,1,0.9453804802081414,True
415,415,208,0,sty+tfidf+perp,3,0,0.006618065245448281,True
416,416,208,1,sty+tfidf+perp,3,1,0.9713109976777031,True
417,417,209,0,sty+tfidf+perp,3,0,0.0006139522889522555,True
418,418,209,1,sty+tfidf+perp,3,1,0.9998632965270404,True
419,419,210,0,sty+tfidf+perp,3,0,0.02723540158682421,True
420,420,210,1,sty+tfidf+perp,3,1,0.9748663817066333,True
421,421,211,0,sty+tfidf+perp,3,0,0.0003402763338136825,True
422,422,211,1,sty+tfidf+perp,3,0,0.007819004750398305,False
423,423,212,0,sty+tfidf+perp,3,0,0.0066963119561992065,True
424,424,212,1,sty+tfidf+perp,3,1,0.9991042378500108,True
425,425,213,0,sty+tfidf+perp,3,1,0.7252523519884323,False
426,426,213,1,sty+tfidf+perp,3,1,0.9997914990094092,True
427,427,214,0,sty+tfidf+perp,3,0,0.02325860504627972,True
428,428,214,1,sty+tfidf+perp,3,1,0.999178716682383,True
429,429,215,0,sty+tfidf+perp,3,0,0.00024958355225591775,True
430,430,215,1,sty+tfidf+perp,3,1,0.9863671506049743,True
431,431,216,0,sty+tfidf+perp,3,0,0.00024413059486016518,True
432,432,216,1,sty+tfidf+perp,3,1,0.9921887925383416,True
433,433,217,0,sty+tfidf+perp,3,0,5.91310289183903e-05,True
434,434,217,1,sty+tfidf+perp,3,1,0.9973794938171033,True
435,435,218,0,sty+tfidf+perp,3,0,8.794626926440206e-05,True
436,436,218,1,sty+tfidf+perp,3,1,0.997485567316411,True
437,437,219,0,sty+tfidf+perp,3,0,0.0031475437338737786,True
438,438,219,1,sty+tfidf+perp,3,1,0.998284473038103,True
439,439,220,0,sty+tfidf+perp,3,0,0.0014991283814078313,True
440,440,220,1,sty+tfidf+perp,3,1,0.9991027738388963,True
441,441,221,0,sty+tfidf+perp,3,0,0.007411769293376639,True
442,442,221,1,sty+tfidf+perp,3,1,0.9989581056888551,True
443,443,222,0,sty+tfidf+perp,3,0,0.00213202281763702,True
444,444,222,1,sty+tfidf+perp,3,1,0.9997505232497143,True
445,445,223,0,sty+tfidf+perp,3,0,0.0010517125587017969,True
446,446,223,1,sty+tfidf+perp,3,1,0.9999156210947238,True
447,447,224,0,sty+tfidf+perp,3,0,0.0013306486651970602,True
448,448,224,1,sty+tfidf+perp,3,1,0.9996196190980877,True
449,449,225,0,sty+tfidf+perp,3,0,2.112171635815471e-05,True
450,450,225,1,sty+tfidf+perp,3,1,0.9993595646786466,True
451,451,226,0,sty+tfidf+perp,3,0,0.03167744489305191,True
452,452,226,1,sty+tfidf+perp,3,0,0.48720518799066764,False
453,453,227,0,sty+tfidf+perp,3,0,0.000354717971075912,True
454,454,227,1,sty+tfidf+perp,3,1,0.9969539009652236,True
455,455,228,0,sty+tfidf+perp,3,0,0.0012457277781080488,True
456,456,228,1,sty+tfidf+perp,3,1,0.9997267638940606,True
457,457,229,0,sty+tfidf+perp,3,0,0.001080980126558011,True
458,458,229,1,sty+tfidf+perp,3,1,0.9996398901781242,True
459,459,230,0,sty+tfidf+perp,3,0,0.0007130768376813966,True
460,460,230,1,sty+tfidf+perp,3,0,0.2523785366050877,False
461,461,231,0,sty+tfidf+perp,3,0,0.0001559797180188522,True
462,462,231,1,sty+tfidf+perp,3,1,0.9981327670644802,True
463,463,232,0,sty+tfidf+perp,3,1,0.9957758232866555,False
464,464,232,1,sty+tfidf+perp,3,1,0.998763522302351,True
465,465,233,0,sty+tfidf+perp,3,0,0.00025992768309679535,True
466,466,233,1,sty+tfidf+perp,3,1,0.9967122142831067,True
467,467,234,0,sty+tfidf+perp,3,0,0.0021242060274518477,True
468,468,234,1,sty+tfidf+perp,3,1,0.9990101213011852,True
469,469,235,0,sty+tfidf+perp,3,0,0.0005690940924197709,True
470,470,235,1,sty+tfidf+perp,3,1,0.9882636447986658,True
471,471,236,0,sty+tfidf+perp,3,0,0.07529255682977924,True
472,472,236,1,sty+tfidf+perp,3,1,0.9858757288011071,True
473,473,237,0,sty+tfidf+perp,3,0,0.0007523848245501234,True
474,474,237,1,sty+tfidf+perp,3,1,0.9998243131394107,True
475,475,238,0,sty+tfidf+perp,3,0,0.00014118390418596177,True
476,476,238,1,sty+tfidf+perp,3,1,0.9963886843666329,True
477,477,239,0,sty+tfidf+perp,3,0,0.005186522248761506,True
478,478,239,1,sty+tfidf+perp,3,1,0.9998295976652647,True
479,479,240,0,sty+tfidf+perp,3,0,0.02625365666706953,True
480,480,240,1,sty+tfidf+perp,3,1,0.9964888526384853,True
481,481,241,0,sty+tfidf+perp,3,0,0.03720769315055636,True
482,482,241,1,sty+tfidf+perp,3,1,0.9995109598562069,True
483,483,242,0,sty+tfidf+perp,3,0,0.0013732222582332069,True
484,484,242,1,sty+tfidf+perp,3,1,0.9999199494364518,True
485,485,243,0,sty+tfidf+perp,3,0,0.008750062385516027,True
486,486,243,1,sty+tfidf+perp,3,1,0.9998597981016772,True
487,487,244,0,sty+tfidf+perp,3,0,0.000499844009583231,True
488,488,244,1,sty+tfidf+perp,3,1,0.9983163307523237,True
489,489,245,0,sty+tfidf+perp,3,0,0.014160876442281166,True
490,490,245,1,sty+tfidf+perp,3,1,0.9997520738445093,True
491,491,246,0,sty+tfidf+perp,3,0,0.019744389377922358,True
492,492,246,1,sty+tfidf+perp,3,1,0.9996828078647485,True
493,493,247,0,sty+tfidf+perp,3,0,0.0640478864207204,True
494,494,247,1,sty+tfidf+perp,3,1,0.9997467009712936,True
495,495,248,0,sty+tfidf+perp,3,0,0.0027990186270502055,True
496,496,248,1,sty+tfidf+perp,3,1,0.9972183781139907,True
497,497,249,0,sty+tfidf+perp,3,0,0.0015955503625153086,True
498,498,249,1,sty+tfidf+perp,3,1,0.8895066399662711,True
499,499,250,0,sty+tfidf+perp,3,0,0.007162760324219685,True
500,500,250,1,sty+tfidf+perp,3,1,0.998788952956238,True
501,501,251,0,sty+tfidf+perp,3,0,0.00043628774573243483,True
502,502,251,1,sty+tfidf+perp,3,1,0.9997327975948119,True
503,503,252,0,sty+tfidf+perp,3,0,0.00013857832830325604,True
504,504,252,1,sty+tfidf+perp,3,1,0.9999461561074706,True
505,505,253,0,sty+tfidf+perp,3,0,0.00019816812940635407,True
506,506,253,1,sty+tfidf+perp,3,1,0.9990047130430715,True
507,507,254,0,sty+tfidf+perp,3,0,0.00023651700925884814,True
508,508,254,1,sty+tfidf+perp,3,1,0.9987214483490106,True
509,509,255,0,sty+tfidf+perp,3,0,0.012952226197540868,True
510,510,255,1,sty+tfidf+perp,3,1,0.9996160139658459,True
511,511,256,0,sty+tfidf+perp,3,0,0.46979190222151684,True
512,512,256,1,sty+tfidf+perp,3,1,0.9960504128508522,True
513,513,257,0,sty+tfidf+perp,3,0,0.0020782429213654476,True
514,514,257,1,sty+tfidf+perp,3,1,0.9967802452640683,True
515,515,258,0,sty+tfidf+perp,3,0,0.012759913535933122,True
516,516,258,1,sty+tfidf+perp,3,1,0.9997254136406358,True
517,517,259,0,sty+tfidf+perp,3,0,0.0013878927922656398,True
518,518,259,1,sty+tfidf+perp,3,1,0.9996258260287911,True
519,519,260,0,sty+tfidf+perp,3,0,0.0017284721584793247,True
520,520,260,1,sty+tfidf+perp,3,1,0.994000963383756,True
521,521,261,0,sty+tfidf+perp,3,0,0.002384043743412134,True
522,522,261,1,sty+tfidf+perp,3,1,0.9996898176005362,True
523,523,262,0,sty+tfidf+perp,3,0,0.012143235695670652,True
524,524,262,1,sty+tfidf+perp,3,1,0.999525069984586,True
525,525,263,0,sty+tfidf+perp,3,0,0.00018818945646358347,True
526,526,263,1,sty+tfidf+perp,3,1,0.9945150931064537,True
527,527,264,0,sty+tfidf+perp,3,0,0.017863750649958158,True
528,528,264,1,sty+tfidf+perp,3,1,0.999456928880406,True
529,529,265,0,sty+tfidf+perp,3,0,0.0004584483789600952,True
530,530,265,1,sty+tfidf+perp,3,1,0.9890715227875714,True
531,531,266,0,sty+tfidf+perp,3,0,0.0005136778061806997,True
532,532,266,1,sty+tfidf+perp,3,1,0.9983114616147047,True
533,533,267,0,sty+tfidf+perp,3,0,0.00033703065401971506,True
534,534,267,1,sty+tfidf+perp,3,1,0.9205605560121308,True
535,535,268,0,sty+tfidf+perp,3,0,0.0015552757975623734,True
536,536,268,1,sty+tfidf+perp,3,1,0.9994600725207816,True
537,537,269,0,sty+tfidf+perp,3,0,0.000972120865597289,True
538,538,269,1,sty+tfidf+perp,3,1,0.9994780631667745,True
539,539,270,0,sty+tfidf+perp,3,0,0.0008349930276657868,True
540,540,270,1,sty+tfidf+perp,3,1,0.9987044475229722,True
541,541,271,0,sty+tfidf+perp,3,0,0.003947645577659752,True
542,542,271,1,sty+tfidf+perp,3,1,0.9990035441599522,True
543,543,272,0,sty+tfidf+perp,3,0,0.00690091389408437,True
544,544,272,1,sty+tfidf+perp,3,1,0.9988814912383125,True
545,545,273,0,sty+tfidf+perp,3,0,0.001535903179287154,True
546,546,273,1,sty+tfidf+perp,3,1,0.9972640663344908,True
547,547,274,0,sty+tfidf+perp,3,0,0.00020462231536729123,True
548,548,274,1,sty+tfidf+perp,3,1,0.9998310907087192,True
549,549,275,0,sty+tfidf+perp,3,0,0.00037183134987181906,True
550,550,275,1,sty+tfidf+perp,3,1,0.9975267657208069,True
551,551,276,0,sty+tfidf+perp,3,0,0.024076657477425926,True
552,552,276,1,sty+tfidf+perp,3,1,0.7723821337987313,True
553,553,277,0,sty+tfidf+perp,3,0,0.007370828326686499,True
554,554,277,1,sty+tfidf+perp,3,1,0.9991481625869436,True
555,555,278,0,sty+tfidf+perp,3,0,0.001793353281734654,True
556,556,278,1,sty+tfidf+perp,3,1,0.9998331641704394,True
557,557,279,0,sty+tfidf+perp,3,0,0.0007453300972708796,True
558,558,279,1,sty+tfidf+perp,3,1,0.9999309755972086,True
559,559,280,0,sty+tfidf+perp,3,0,0.0023313500870788483,True
560,560,280,1,sty+tfidf+perp,3,1,0.6722591460426784,True
561,561,281,0,sty+tfidf+perp,3,0,0.000538453083109134,True
562,562,281,1,sty+tfidf+perp,3,1,0.9953556685368097,True
563,563,282,0,sty+tfidf+perp,3,0,0.008324982662591476,True
564,564,282,1,sty+tfidf+perp,3,1,0.9996605395559737,True
565,565,283,0,sty+tfidf+perp,3,0,0.0004121952616989866,True
566,566,283,1,sty+tfidf+perp,3,1,0.9999126543325554,True
567,567,284,0,sty+tfidf+perp,3,0,0.016102939120801456,True
568,568,284,1,sty+tfidf+perp,3,1,0.9997101450320887,True
569,569,285,0,sty+tfidf+perp,3,0,0.017896372331195804,True
570,570,285,1,sty+tfidf+perp,3,1,0.9997623008461977,True
571,571,286,0,sty+tfidf+perp,3,0,0.01819440005723201,True
572,572,286,1,sty+tfidf+perp,3,1,0.9862159693722713,True
573,573,287,0,sty+tfidf+perp,3,0,0.3424591161174347,True
574,574,287,1,sty+tfidf+perp,3,1,0.9980925204051592,True
575,575,288,0,sty+tfidf+perp,3,0,0.0023188333831055774,True
576,576,288,1,sty+tfidf+perp,3,1,0.9997879721016076,True
577,577,289,0,sty+tfidf+perp,3,0,0.0005703326273634189,True
578,578,289,1,sty+tfidf+perp,3,1,0.9997835597639421,True
579,579,290,0,sty+tfidf+perp,3,0,0.0009497796032124872,True
580,580,290,1,sty+tfidf+perp,3,1,0.9997191762518192,True
581,581,291,0,sty+tfidf+perp,3,0,0.06450483057896766,True
582,582,291,1,sty+tfidf+perp,3,1,0.999279149379902,True
583,583,292,0,sty+tfidf+perp,3,0,0.009784015455996626,True
584,584,292,1,sty+tfidf+perp,3,1,0.9999583129148822,True
585,585,293,0,sty+tfidf+perp,3,0,0.0025518116595176794,True
586,586,293,1,sty+tfidf+perp,3,1,0.9992867495294963,True
587,587,294,0,sty+tfidf+perp,3,0,0.00046485497627037314,True
588,588,294,1,sty+tfidf+perp,3,0,0.4782739341173459,False
589,589,295,0,sty+tfidf+perp,3,0,0.0005291230164799116,True
590,590,295,1,sty+tfidf+perp,3,1,0.9638437826819839,True
591,591,296,0,sty+tfidf+perp,3,0,0.0019681578652383067,True
592,592,296,1,sty+tfidf+perp,3,1,0.9987907495810877,True
593,593,297,0,sty+tfidf+perp,3,0,0.00040147321550091964,True
594,594,297,1,sty+tfidf+perp,3,1,0.999949878160982,True
595,595,298,0,sty+tfidf+perp,3,0,0.002543212699796205,True
596,596,298,1,sty+tfidf+perp,3,1,0.9984852949752863,True
597,597,299,0,sty+tfidf+perp,3,0,0.009703759177364754,True
598,598,299,1,sty+tfidf+perp,3,1,0.9992324635120148,True
599,599,300,0,sty+tfidf+perp,3,0,0.00262209455347132,True
600,600,300,1,sty+tfidf+perp,3,1,0.9997062143486896,True
601,601,301,0,sty+tfidf+perp,3,0,0.00025094073320054125,True
602,602,301,1,sty+tfidf+perp,3,1,0.9922785155382432,True
603,603,302,0,sty+tfidf+perp,3,0,0.011234068396451634,True
604,604,302,1,sty+tfidf+perp,3,1,0.9997807255031685,True
605,605,303,0,sty+tfidf+perp,3,0,0.008622939145267926,True
606,606,303,1,sty+tfidf+perp,3,1,0.9999305608602097,True
607,607,304,0,sty+tfidf+perp,3,0,0.0133514257436375,True
608,608,304,1,sty+tfidf+perp,3,1,0.9998880650873752,True
609,609,305,0,sty+tfidf+perp,3,0,0.0002393687262045165,True
610,610,305,1,sty+tfidf+perp,3,1,0.9779174806960078,True
611,611,306,0,sty+tfidf+perp,3,0,6.934044878295196e-05,True
612,612,306,1,sty+tfidf+perp,3,1,0.9982696963434209,True
613,613,307,0,sty+tfidf+perp,3,0,0.002201005221845433,True
614,614,307,1,sty+tfidf+perp,3,1,0.9781575198245862,True
615,615,308,0,sty+tfidf+perp,3,0,0.00028791217397089377,True
616,616,308,1,sty+tfidf+perp,3,1,0.9998350592925478,True
617,617,309,0,sty+tfidf+perp,3,0,0.004864162359648974,True
618,618,309,1,sty+tfidf+perp,3,1,0.999913875322368,True
619,619,310,0,sty+tfidf+perp,3,0,0.0001879136991203722,True
620,620,310,1,sty+tfidf+perp,3,1,0.9997814395106345,True
621,621,311,0,sty+tfidf+perp,3,0,0.00024252104639295528,True
622,622,311,1,sty+tfidf+perp,3,1,0.9420279015425971,True
623,623,312,0,sty+tfidf+perp,3,0,0.0008545550800660286,True
624,624,312,1,sty+tfidf+perp,3,1,0.9999301408116484,True
625,625,313,0,sty+tfidf+perp,3,0,0.0004227646178136272,True
626,626,313,1,sty+tfidf+perp,3,1,0.9967299348567428,True
627,627,314,0,sty+tfidf+perp,3,0,0.030314428848187698,True
628,628,314,1,sty+tfidf+perp,3,1,0.9997191012751412,True
629,629,315,0,sty+tfidf+perp,3,0,0.0007662772499936399,True
630,630,315,1,sty+tfidf+perp,3,1,0.9989337156322039,True
631,631,316,0,sty+tfidf+perp,3,0,0.013142446014165428,True
632,632,316,1,sty+tfidf+perp,3,1,0.9943719982629632,True
633,633,317,0,sty+tfidf+perp,3,0,0.00043796436259136166,True
634,634,317,1,sty+tfidf+perp,3,1,0.9995814265625313,True
635,635,318,0,sty+tfidf+perp,3,0,0.0001557852358454529,True
636,636,318,1,sty+tfidf+perp,3,1,0.9955571471516462,True
637,637,319,0,sty+tfidf+perp,3,0,0.0016163275209824704,True
638,638,319,1,sty+tfidf+perp,3,1,0.9855419706422264,True
639,639,320,0,sty+tfidf+perp,3,0,0.00033805991914437713,True
640,640,320,1,sty+tfidf+perp,3,1,0.9988827876138562,True
641,641,321,0,sty+tfidf+perp,3,0,0.003024350821065152,True
642,642,321,1,sty+tfidf+perp,3,1,0.9997694790273395,True
643,643,322,0,sty+tfidf+perp,3,0,0.3884936146459903,True
644,644,322,1,sty+tfidf+perp,3,1,0.9995304415406686,True
645,645,323,0,sty+tfidf+perp,3,0,0.0053275414902695896,True
646,646,323,1,sty+tfidf+perp,3,1,0.987108305100409,True
647,647,324,0,sty+tfidf+perp,3,0,0.0063486236148136465,True
648,648,324,1,sty+tfidf+perp,3,1,0.9997752403935496,True
649,649,325,0,sty+tfidf+perp,3,0,0.00046775623787816974,True
650,650,325,1,sty+tfidf+perp,3,1,0.996378049450235,True
651,651,326,0,sty+tfidf+perp,3,0,0.0007374623372440086,True
652,652,326,1,sty+tfidf+perp,3,1,0.9992178810178993,True
653,653,327,0,sty+tfidf+perp,3,0,0.00746739727321071,True
654,654,327,1,sty+tfidf+perp,3,1,0.9680056979716829,True
655,655,328,0,sty+tfidf+perp,3,0,0.0020779080578063897,True
656,656,328,1,sty+tfidf+perp,3,1,0.9998327235356829,True
657,657,329,0,sty+tfidf+perp,3,0,5.280467325794102e-05,True
658,658,329,1,sty+tfidf+perp,3,1,0.99973168765163,True
659,659,330,0,sty+tfidf+perp,3,0,0.0001742996385694286,True
660,660,330,1,sty+tfidf+perp,3,1,0.9835050396378426,True
661,661,331,0,sty+tfidf+perp,3,0,0.0015500789015140827,True
662,662,331,1,sty+tfidf+perp,3,1,0.9990645124123668,True
663,663,332,0,sty+tfidf+perp,3,0,0.05703624947423371,True
664,664,332,1,sty+tfidf+perp,3,1,0.9805593625357967,True
665,665,333,0,sty+tfidf+perp,3,0,0.0002424706654437908,True
666,666,333,1,sty+tfidf+perp,3,0,0.05996483606791512,False
667,667,334,0,sty+tfidf+perp,3,0,0.009238501093179058,True
668,668,334,1,sty+tfidf+perp,3,1,0.9972551183245122,True
669,669,335,0,sty+tfidf+perp,3,0,0.015077775258281476,True
670,670,335,1,sty+tfidf+perp,3,1,0.9942256379803849,True
671,671,336,0,sty+tfidf+perp,3,0,0.0005791136727185036,True
672,672,336,1,sty+tfidf+perp,3,1,0.9983386240963494,True
673,673,337,0,sty+tfidf+perp,3,0,0.005146593959117116,True
674,674,337,1,sty+tfidf+perp,3,1,0.9998501351243245,True
675,675,338,0,sty+tfidf+perp,3,0,0.020620231330580635,True
676,676,338,1,sty+tfidf+perp,3,1,0.5241486337932254,True
677,677,339,0,sty+tfidf+perp,3,0,0.0006888428981467271,True
678,678,339,1,sty+tfidf+perp,3,1,0.9992772215108766,True
679,679,340,0,sty+tfidf+perp,3,0,0.030178655482534178,True
680,680,340,1,sty+tfidf+perp,3,1,0.9999448587177503,True
681,681,341,0,sty+tfidf+perp,3,0,0.00010190148584865262,True
682,682,341,1,sty+tfidf+perp,3,1,0.9971787505241033,True
683,683,342,0,sty+tfidf+perp,3,0,0.014954329983567834,True
684,684,342,1,sty+tfidf+perp,3,1,0.9992452305376401,True
685,685,343,0,sty+tfidf+perp,3,0,0.003060634443838729,True
686,686,343,1,sty+tfidf+perp,3,1,0.9991906149988231,True
687,687,344,0,sty+tfidf+perp,3,0,0.012511846283791572,True
688,688,344,1,sty+tfidf+perp,3,1,0.9990100187155025,True
689,689,345,0,sty+tfidf+perp,3,0,0.005136188046460487,True
690,690,345,1,sty+tfidf+perp,3,1,0.9996245484930016,True
691,691,346,0,sty+tfidf+perp,3,0,0.17197927887396808,True
692,692,346,1,sty+tfidf+perp,3,1,0.9998540684999953,True
693,693,347,0,sty+tfidf+perp,3,0,0.0017575317117794358,True
694,694,347,1,sty+tfidf+perp,3,1,0.9985531930499005,True
695,695,348,0,sty+tfidf+perp,3,0,0.004354295439013383,True
696,696,348,1,sty+tfidf+perp,3,1,0.9997441332926503,True
697,697,349,0,sty+tfidf+perp,3,0,0.00043998001646504864,True
698,698,349,1,sty+tfidf+perp,3,1,0.9969093183387736,True
699,699,350,0,sty+tfidf+perp,3,0,0.003925344780127265,True
700,700,350,1,sty+tfidf+perp,3,0,0.09813012489950323,False
701,701,351,0,sty+tfidf+perp,3,0,0.004632134030638243,True
702,702,351,1,sty+tfidf+perp,3,1,0.9983210468196593,True
703,703,352,0,sty+tfidf+perp,3,0,0.002811804380541003,True
704,704,352,1,sty+tfidf+perp,3,1,0.9999441060055676,True
705,705,353,0,sty+tfidf+perp,3,0,0.11861712931666384,True
706,706,353,1,sty+tfidf+perp,3,1,0.9985409311108115,True
707,707,354,0,sty+tfidf+perp,3,0,0.005625741188872571,True
708,708,354,1,sty+tfidf+perp,3,1,0.6676697408370664,True
709,709,355,0,sty+tfidf+perp,3,0,0.11045603495512027,True
710,710,355,1,sty+tfidf+perp,3,1,0.9962704920489507,True
711,711,356,0,sty+tfidf+perp,3,0,0.003602410900758158,True
712,712,356,1,sty+tfidf+perp,3,1,0.9999134012579608,True
713,713,357,0,sty+tfidf+perp,3,0,0.0003697671054682023,True
714,714,357,1,sty+tfidf+perp,3,1,0.9998678649149682,True
715,715,358,0,sty+tfidf+perp,3,0,0.0015855626930710307,True
716,716,358,1,sty+tfidf+perp,3,1,0.9998466706884522,True
717,717,359,0,sty+tfidf+perp,3,0,0.00014953150171324764,True
718,718,359,1,sty+tfidf+perp,3,1,0.9999225635175553,True
719,719,360,0,sty+tfidf+perp,3,0,0.00047636563376229213,True
720,720,360,1,sty+tfidf+perp,3,1,0.9997854524794207,True
721,721,361,0,sty+tfidf+perp,3,0,0.0015767910261950083,True
722,722,361,1,sty+tfidf+perp,3,0,0.025321588167557748,False
723,723,362,0,sty+tfidf+perp,3,0,0.0003927383259932241,True
724,724,362,1,sty+tfidf+perp,3,1,0.9972786753842864,True
725,725,363,0,sty+tfidf+perp,3,0,8.697434303879111e-05,True
726,726,363,1,sty+tfidf+perp,3,1,0.599704395999004,True
727,727,364,0,sty+tfidf+perp,3,0,0.008085451329724118,True
728,728,364,1,sty+tfidf+perp,3,1,0.9926080224166245,True
729,729,365,0,sty+tfidf+perp,3,0,0.0027286846000098078,True
730,730,365,1,sty+tfidf+perp,3,1,0.9985780556201544,True
731,731,366,0,sty+tfidf+perp,3,0,0.00012894028559857595,True
732,732,366,1,sty+tfidf+perp,3,1,0.9616018153599083,True
733,733,367,0,sty+tfidf+perp,3,0,0.0004245437185049868,True
734,734,367,1,sty+tfidf+perp,3,1,0.969612276027678,True
735,735,368,0,sty+tfidf+perp,3,0,0.0010174391694471028,True
736,736,368,1,sty+tfidf+perp,3,1,0.9994284727891937,True
737,737,369,0,sty+tfidf+perp,3,0,0.01386303224074702,True
738,738,369,1,sty+tfidf+perp,3,1,0.998957100310172,True
739,739,370,0,sty+tfidf+perp,3,0,0.0013914148599989422,True
740,740,370,1,sty+tfidf+perp,3,1,0.9965542072723768,True
741,741,371,0,sty+tfidf+perp,3,0,0.0010982193127885168,True
742,742,371,1,sty+tfidf+perp,3,1,0.9978884356782735,True
743,743,372,1,sty+tfidf+perp,3,1,0.9868843334960575,True
744,744,373,0,sty+tfidf+perp,3,0,0.011419183875790502,True
745,745,373,1,sty+tfidf+perp,3,1,0.9979218699925864,True
746,746,374,0,sty+tfidf+perp,3,0,0.00048657225010593916,True
747,747,374,1,sty+tfidf+perp,3,1,0.9971266935319062,True
748,748,375,0,sty+tfidf+perp,3,0,0.19918515144120286,True
749,749,375,1,sty+tfidf+perp,3,1,0.9974083532238271,True
750,750,376,0,sty+tfidf+perp,3,0,0.00016924168930666897,True
751,751,376,1,sty+tfidf+perp,3,1,0.9993730476052638,True
752,752,377,0,sty+tfidf+perp,3,0,0.004700397033837988,True
753,753,377,1,sty+tfidf+perp,3,1,0.9983577418918309,True
754,754,378,0,sty+tfidf+perp,3,0,0.31912642953713133,True
755,755,378,1,sty+tfidf+perp,3,1,0.9798083153085826,True
756,756,379,0,sty+tfidf+perp,3,0,0.0017972407960213479,True
757,757,379,1,sty+tfidf+perp,3,1,0.9999297615716294,True
758,758,380,0,sty+tfidf+perp,3,0,0.12868142205330085,True
759,759,380,1,sty+tfidf+perp,3,1,0.9998521238952984,True
760,760,381,0,sty+tfidf+perp,3,0,0.21154898417909748,True
761,761,381,1,sty+tfidf+perp,3,1,0.9996591784783357,True
762,762,382,0,sty+tfidf+perp,3,0,0.000624899241844988,True
763,763,382,1,sty+tfidf+perp,3,1,0.9997003205380445,True
764,764,383,0,sty+tfidf+perp,3,0,0.0009711612074746853,True
765,765,383,1,sty+tfidf+perp,3,1,0.999537677284951,True
766,766,384,0,sty+tfidf+perp,3,0,1.991186941938695e-05,True
767,767,384,1,sty+tfidf+perp,3,1,0.9994113043158226,True
768,768,385,0,sty+tfidf+perp,3,0,0.008903056270961954,True
769,769,385,1,sty+tfidf+perp,3,1,0.9942434023988238,True
770,770,386,1,sty+tfidf+perp,3,1,0.999856718038234,True
771,771,387,0,sty+tfidf+perp,3,0,0.1913428428742248,True
772,772,387,1,sty+tfidf+perp,3,1,0.9722722147996219,True
773,773,388,0,sty+tfidf+perp,3,0,0.0007140412229586254,True
774,774,388,1,sty+tfidf+perp,3,1,0.9996788503892245,True
775,775,389,0,sty+tfidf+perp,3,0,0.004688537799132947,True
776,776,389,1,sty+tfidf+perp,3,1,0.9996515040726793,True
777,777,390,0,sty+tfidf+perp,3,0,0.0001008898588193626,True
778,778,390,1,sty+tfidf+perp,3,1,0.9994361279592994,True
779,779,391,0,sty+tfidf+perp,3,0,0.0002660637588913735,True
780,780,391,1,sty+tfidf+perp,3,1,0.9983431660548714,True
781,781,392,0,sty+tfidf+perp,3,0,0.0017965527650134483,True
782,782,392,1,sty+tfidf+perp,3,1,0.9997443011055104,True
783,783,393,0,sty+tfidf+perp,3,0,0.0013464693454224854,True
784,784,393,1,sty+tfidf+perp,3,1,0.9997670026790858,True
785,785,394,0,sty+tfidf+perp,3,0,0.004034031382396724,True
786,786,394,1,sty+tfidf+perp,3,1,0.9997609350880045,True
787,787,395,0,sty+tfidf+perp,3,0,3.925035970569065e-05,True
788,788,395,1,sty+tfidf+perp,3,1,0.961751033394538,True
789,789,396,0,sty+tfidf+perp,3,0,0.41366077454874994,True
790,790,396,1,sty+tfidf+perp,3,1,0.9995647059270779,True
791,791,397,0,sty+tfidf+perp,3,0,0.00017218320848323872,True
792,792,397,1,sty+tfidf+perp,3,1,0.9991136381006284,True
793,793,398,0,sty+tfidf+perp,3,0,0.00017572100523977142,True
794,794,398,1,sty+tfidf+perp,3,1,0.9990725749898177,True
795,795,399,0,sty+tfidf+perp,3,0,0.09500467802794366,True
796,796,399,1,sty+tfidf+perp,3,1,0.9998497506005952,True
797,797,400,0,sty+tfidf+perp,3,0,0.04197612558740666,True
798,798,400,1,sty+tfidf+perp,3,1,0.9996789809345734,True
799,799,401,0,sty+tfidf+perp,3,0,0.0002619640226465723,True
800,800,401,1,sty+tfidf+perp,3,1,0.9997999240677823,True
801,801,402,0,sty+tfidf+perp,3,0,3.1786455905408406e-05,True
802,802,402,1,sty+tfidf+perp,3,1,0.6199377703982205,True
803,803,403,0,sty+tfidf+perp,3,0,0.0005899686539469655,True
804,804,403,1,sty+tfidf+perp,3,1,0.9945847284059978,True
805,805,404,0,sty+tfidf+perp,3,0,0.0028136742196489643,True
806,806,404,1,sty+tfidf+perp,3,1,0.9990835295555816,True
807,807,405,0,sty+tfidf+perp,3,0,0.0004486604498455053,True
808,808,405,1,sty+tfidf+perp,3,1,0.9998443883680163,True
809,809,406,0,sty+tfidf+perp,3,0,0.1346843402352328,True
810,810,406,1,sty+tfidf+perp,3,1,0.9996691426321549,True
811,811,407,0,sty+tfidf+perp,3,0,0.0010439219897776814,True
812,812,407,1,sty+tfidf+perp,3,1,0.9992968097189133,True
813,813,408,0,sty+tfidf+perp,3,0,0.0037052928998979936,True
814,814,408,1,sty+tfidf+perp,3,1,0.9901047729322379,True
815,815,409,0,sty+tfidf+perp,3,0,7.827096909663812e-05,True
816,816,409,1,sty+tfidf+perp,3,1,0.9994105948140676,True
817,817,410,0,sty+tfidf+perp,3,0,0.0018682561941467703,True
818,818,410,1,sty+tfidf+perp,3,1,0.9997894372479168,True
819,819,411,0,sty+tfidf+perp,3,0,0.0006800794181649509,True
820,820,411,1,sty+tfidf+perp,3,1,0.9998926696973379,True
821,821,412,0,sty+tfidf+perp,3,0,0.00013519824756738928,True
822,822,412,1,sty+tfidf+perp,3,1,0.9902437113630288,True
823,823,413,0,sty+tfidf+perp,3,0,0.0029612769545196427,True
824,824,413,1,sty+tfidf+perp,3,1,0.9999001782773581,True
825,825,414,0,sty+tfidf+perp,3,0,0.04226983833847327,True
826,826,414,1,sty+tfidf+perp,3,1,0.9301594990347718,True
827,827,415,0,sty+tfidf+perp,3,0,0.017329980398327494,True
828,828,415,1,sty+tfidf+perp,3,1,0.9394246414190779,True
829,829,416,0,sty+tfidf+perp,3,0,0.0005086207403441912,True
830,830,416,1,sty+tfidf+perp,3,1,0.9893558885404462,True
831,831,417,0,sty+tfidf+perp,3,0,0.029170589616379607,True
832,832,417,1,sty+tfidf+perp,3,1,0.995631926639972,True
833,833,418,0,sty+tfidf+perp,3,0,0.0015448397383666416,True
834,834,418,1,sty+tfidf+perp,3,1,0.9997623294022733,True
835,835,419,0,sty+tfidf+perp,3,1,0.9216193221074992,False
836,836,419,1,sty+tfidf+perp,3,1,0.9996959820960567,True
837,837,420,0,sty+tfidf+perp,3,0,0.06614985555571119,True
838,838,420,1,sty+tfidf+perp,3,1,0.9990388468029555,True
839,839,421,0,sty+tfidf+perp,3,0,0.0004899773157951123,True
840,840,421,1,sty+tfidf+perp,3,1,0.934124904986734,True
841,841,422,0,sty+tfidf+perp,3,0,0.0004464436115387852,True
842,842,422,1,sty+tfidf+perp,3,1,0.9987599825001058,True
843,843,423,0,sty+tfidf+perp,3,0,0.00029496900149401017,True
844,844,423,1,sty+tfidf+perp,3,1,0.9993804532092694,True
845,845,424,0,sty+tfidf+perp,3,0,0.01042299874349251,True
846,846,424,1,sty+tfidf+perp,3,1,0.9993809025747091,True
847,847,425,1,sty+tfidf+perp,3,1,0.9973068298573723,True
848,848,426,1,sty+tfidf+perp,3,1,0.9997956535281514,True
849,849,427,0,sty+tfidf+perp,3,0,0.000530943585761223,True
850,850,427,1,sty+tfidf+perp,3,1,0.9996888236685448,True
851,851,428,0,sty+tfidf+perp,3,0,0.00046340248906400855,True
852,852,428,1,sty+tfidf+perp,3,1,0.9960362882253098,True
853,853,429,0,sty+tfidf+perp,3,0,0.00014479364911414822,True
854,854,429,1,sty+tfidf+perp,3,1,0.9991978142497145,True
855,855,430,0,sty+tfidf+perp,3,0,0.022311510721436695,True
856,856,430,1,sty+tfidf+perp,3,1,0.9996869687247428,True
857,857,431,0,sty+tfidf+perp,3,0,0.0001836842121924559,True
858,858,431,1,sty+tfidf+perp,3,1,0.9998096397833518,True
859,859,432,0,sty+tfidf+perp,3,0,0.0005024842736907854,True
860,860,432,1,sty+tfidf+perp,3,1,0.999709576931288,True
861,861,433,0,sty+tfidf+perp,3,0,0.00014936138674220102,True
862,862,433,1,sty+tfidf+perp,3,1,0.9987973836245497,True
863,863,434,0,sty+tfidf+perp,3,0,0.0006377029292217109,True
864,864,434,1,sty+tfidf+perp,3,1,0.7622381718986508,True
865,865,435,0,sty+tfidf+perp,3,0,0.23570088838269548,True
866,866,435,1,sty+tfidf+perp,3,1,0.6900125859010158,True
867,867,436,0,sty+tfidf+perp,3,0,0.0002237263586876362,True
868,868,436,1,sty+tfidf+perp,3,1,0.9974465997189987,True
869,869,437,0,sty+tfidf+perp,3,0,0.000894885212977429,True
870,870,437,1,sty+tfidf+perp,3,1,0.9997150416188794,True
871,871,438,0,sty+tfidf+perp,3,0,0.008642263211328436,True
872,872,438,1,sty+tfidf+perp,3,1,0.9993306155324111,True
873,873,439,0,sty+tfidf+perp,3,0,0.0005047569079883788,True
874,874,439,1,sty+tfidf+perp,3,1,0.9988551112132962,True
875,875,440,0,sty+tfidf+perp,3,0,0.0013961074055224524,True
876,876,440,1,sty+tfidf+perp,3,1,0.9994539124889507,True
877,877,441,0,sty+tfidf+perp,3,0,2.2840164851033555e-05,True
878,878,441,1,sty+tfidf+perp,3,1,0.9999118999620893,True
879,879,442,0,sty+tfidf+perp,3,0,0.0008931856369087431,True
880,880,442,1,sty+tfidf+perp,3,1,0.9849273747976456,True
881,881,443,0,sty+tfidf+perp,3,0,0.02191031135269129,True
882,882,443,1,sty+tfidf+perp,3,1,0.9999548815724998,True
883,883,444,0,sty+tfidf+perp,3,0,0.00016065557372360224,True
884,884,444,1,sty+tfidf+perp,3,1,0.9928396797304275,True
885,885,445,0,sty+tfidf+perp,3,0,0.002024320478960044,True
886,886,445,1,sty+tfidf+perp,3,1,0.659243808132618,True
887,887,446,0,sty+tfidf+perp,3,0,0.01610177378765745,True
888,888,446,1,sty+tfidf+perp,3,1,0.9822383810497318,True
889,889,447,0,sty+tfidf+perp,3,0,0.0002234452930462192,True
890,890,447,1,sty+tfidf+perp,3,1,0.9994974929051906,True
891,891,448,0,sty+tfidf+perp,3,0,0.004700058002663717,True
892,892,448,1,sty+tfidf+perp,3,1,0.999697642144509,True
893,893,449,0,sty+tfidf+perp,3,0,0.002111555539610403,True
894,894,449,1,sty+tfidf+perp,3,1,0.9797972911774978,True
895,895,450,0,sty+tfidf+perp,3,0,0.0004503656173777946,True
896,896,450,1,sty+tfidf+perp,3,1,0.9972693516835991,True
897,897,451,0,sty+tfidf+perp,3,0,0.09181356816482066,True
898,898,451,1,sty+tfidf+perp,3,1,0.9445839175783703,True
899,899,452,0,sty+tfidf+perp,3,0,0.0017727283919084576,True
900,900,452,1,sty+tfidf+perp,3,1,0.9936028509083747,True
901,901,453,0,sty+tfidf+perp,3,0,0.0006494963301687996,True
902,902,453,1,sty+tfidf+perp,3,1,0.9995244972270072,True
903,903,454,0,sty+tfidf+perp,3,1,0.692061377804842,False
904,904,454,1,sty+tfidf+perp,3,1,0.999805731578394,True
905,905,455,0,sty+tfidf+perp,3,0,0.03978035348990069,True
906,906,455,1,sty+tfidf+perp,3,1,0.9987631394504485,True
907,907,456,0,sty+tfidf+perp,3,0,0.0001225167701054765,True
908,908,456,1,sty+tfidf+perp,3,1,0.999885946483905,True
909,909,457,0,sty+tfidf+perp,3,0,0.00027174169800988696,True
910,910,457,1,sty+tfidf+perp,3,1,0.9371697598518103,True
911,911,458,0,sty+tfidf+perp,3,0,0.0003757164600175863,True
912,912,458,1,sty+tfidf+perp,3,1,0.9989601090774296,True
913,913,459,0,sty+tfidf+perp,3,0,0.023404410652935276,True
914,914,459,1,sty+tfidf+perp,3,1,0.9996803126509171,True
915,915,460,0,sty+tfidf+perp,3,0,0.0019291908694197373,True
916,916,460,1,sty+tfidf+perp,3,1,0.9998198192456297,True
917,917,461,0,sty+tfidf+perp,3,0,0.00033518634927336404,True
918,918,461,1,sty+tfidf+perp,3,1,0.9999231549308518,True
919,919,462,0,sty+tfidf+perp,3,0,0.0014564949446558956,True
920,920,462,1,sty+tfidf+perp,3,1,0.9993048516157038,True
921,921,463,0,sty+tfidf+perp,3,0,0.0007906768434432487,True
922,922,463,1,sty+tfidf+perp,3,1,0.9841670402854013,True
923,923,464,0,sty+tfidf+perp,3,0,0.01040286496587948,True
924,924,464,1,sty+tfidf+perp,3,1,0.9998802263685909,True
925,925,465,0,sty+tfidf+perp,3,0,0.00011530184716737264,True
926,926,465,1,sty+tfidf+perp,3,1,0.9908086021230349,True
927,927,466,0,sty+tfidf+perp,3,0,0.2133535871340264,True
928,928,466,1,sty+tfidf+perp,3,1,0.9760703796077985,True
929,929,467,0,sty+tfidf+perp,3,0,0.0012662630045226849,True
930,930,467,1,sty+tfidf+perp,3,1,0.9996449029790564,True
931,931,468,0,sty+tfidf+perp,3,0,0.0006341358646910892,True
932,932,468,1,sty+tfidf+perp,3,1,0.9890855113970937,True
933,933,469,0,sty+tfidf+perp,3,0,0.021576760178589623,True
934,934,469,1,sty+tfidf+perp,3,1,0.9997494500564629,True
935,935,470,0,sty+tfidf+perp,3,0,0.002399738855764803,True
936,936,470,1,sty+tfidf+perp,3,1,0.9988259476924983,True
937,937,471,0,sty+tfidf+perp,3,0,0.0013333492514984392,True
938,938,471,1,sty+tfidf+perp,3,1,0.9997541963062596,True
939,939,472,0,sty+tfidf+perp,3,0,0.022955702629408044,True
940,940,472,1,sty+tfidf+perp,3,1,0.9998843289960063,True
941,941,473,0,sty+tfidf+perp,3,0,0.003492618396931421,True
942,942,473,1,sty+tfidf+perp,3,1,0.9993840995907052,True
943,943,474,0,sty+tfidf+perp,3,0,0.0007045724681650721,True
944,944,474,1,sty+tfidf+perp,3,1,0.9619716583071882,True
945,945,475,0,sty+tfidf+perp,3,0,0.01984282216122096,True
946,946,475,1,sty+tfidf+perp,3,1,0.9997390349919512,True
947,947,476,0,sty+tfidf+perp,3,0,0.0008050651351151273,True
948,948,476,1,sty+tfidf+perp,3,1,0.9984272972541921,True
949,949,477,0,sty+tfidf+perp,3,0,0.0011725569717492082,True
950,950,477,1,sty+tfidf+perp,3,1,0.9995927711618472,True
951,951,478,0,sty+tfidf+perp,3,1,0.5624411661774728,False
952,952,478,1,sty+tfidf+perp,3,1,0.9976981794509959,True
953,953,479,0,sty+tfidf+perp,3,0,7.169345116758481e-05,True
954,954,479,1,sty+tfidf+perp,3,1,0.9981824559197255,True
955,955,480,0,sty+tfidf+perp,3,0,0.001028622785728893,True
956,956,480,1,sty+tfidf+perp,3,1,0.9993022902527956,True
957,957,481,0,sty+tfidf+perp,3,0,0.00038775522132084575,True
958,958,481,1,sty+tfidf+perp,3,1,0.8948125108568136,True
959,959,482,0,sty+tfidf+perp,3,0,0.026503529298884117,True
960,960,482,1,sty+tfidf+perp,3,1,0.9998181981854255,True
961,961,483,0,sty+tfidf+perp,3,0,0.00837446526248196,True
962,962,483,1,sty+tfidf+perp,3,1,0.9994928121461301,True
963,963,484,0,sty+tfidf+perp,3,0,0.006392381608517714,True
964,964,484,1,sty+tfidf+perp,3,1,0.9998195822114981,True
965,965,485,0,sty+tfidf+perp,3,0,0.0006145813192776623,True
966,966,485,1,sty+tfidf+perp,3,1,0.9973735526920778,True
967,967,486,0,sty+tfidf+perp,3,0,0.04662065881760074,True
968,968,486,1,sty+tfidf+perp,3,1,0.9960764676871348,True
969,969,487,0,sty+tfidf+perp,3,0,0.03533139206809675,True
970,970,487,1,sty+tfidf+perp,3,1,0.9992972253969422,True
971,971,488,0,sty+tfidf+perp,3,0,0.0008211950829977785,True
972,972,488,1,sty+tfidf+perp,3,1,0.999635074896318,True
973,973,489,0,sty+tfidf+perp,3,0,0.002305755198544494,True
974,974,489,1,sty+tfidf+perp,3,1,0.9972209616626285,True
975,975,490,0,sty+tfidf+perp,3,0,0.07132976481431656,True
976,976,490,1,sty+tfidf+perp,3,1,0.998741483306316,True
977,977,491,0,sty+tfidf+perp,3,0,0.000698055384032186,True
978,978,491,1,sty+tfidf+perp,3,1,0.9996690801743826,True
979,979,492,0,sty+tfidf+perp,3,0,0.000581868982749621,True
980,980,492,1,sty+tfidf+perp,3,1,0.9978687192330257,True
981,981,493,0,sty+tfidf+perp,3,0,0.006885746008368013,True
982,982,493,1,sty+tfidf+perp,3,1,0.9970639277300828,True
983,983,494,0,sty+tfidf+perp,3,0,0.0023870669308130583,True
984,984,494,1,sty+tfidf+perp,3,1,0.9786640918976055,True
985,985,495,0,sty+tfidf+perp,3,0,0.01814096665887699,True
986,986,495,1,sty+tfidf+perp,3,1,0.9995666451437364,True
987,987,496,0,sty+tfidf+perp,3,0,0.00020410935071654514,True
988,988,496,1,sty+tfidf+perp,3,1,0.9986756342950613,True
989,989,497,0,sty+tfidf+perp,3,0,0.000582709563028225,True
990,990,497,1,sty+tfidf+perp,3,1,0.9997503026685434,True
991,991,498,0,sty+tfidf+perp,3,0,0.00022355996893729988,True
992,992,498,1,sty+tfidf+perp,3,1,0.995333214377482,True
993,993,499,0,sty+tfidf+perp,3,0,0.0007557675773336405,True
994,994,499,1,sty+tfidf+perp,3,1,0.9671977434470569,True
995,995,500,0,sty+tfidf+perp,3,0,0.0002702136254777561,True
996,996,500,1,sty+tfidf+perp,3,1,0.9998909787459805,True
997,997,501,0,sty+tfidf+perp,3,0,0.0011478178764950289,True
998,998,501,1,sty+tfidf+perp,3,1,0.9999709236958817,True
999,999,502,0,sty+tfidf+perp,3,0,0.0025450777175336494,True
1000,1000,502,1,sty+tfidf+perp,3,1,0.9993330378429927,True
1001,1001,503,0,sty+tfidf+perp,3,0,0.0002002701712007546,True
1002,1002,503,1,sty+tfidf+perp,3,1,0.999710914047208,True
1003,1003,504,0,sty+tfidf+perp,3,0,0.0024247151223778947,True
1004,1004,504,1,sty+tfidf+perp,3,1,0.9998829647630788,True
1005,1005,505,0,sty+tfidf+perp,3,0,0.0011953364054923552,True
1006,1006,505,1,sty+tfidf+perp,3,1,0.9939099361775378,True
1007,1007,506,0,sty+tfidf+perp,3,0,0.010842762388914661,True
1008,1008,506,1,sty+tfidf+perp,3,1,0.989868502061323,True
1009,1009,507,0,sty+tfidf+perp,3,0,0.05134479089021036,True
1010,1010,507,1,sty+tfidf+perp,3,1,0.9997638335376245,True
1011,1011,508,0,sty+tfidf+perp,3,0,0.006524887081433176,True
1012,1012,508,1,sty+tfidf+perp,3,1,0.9991038168538926,True
1013,1013,509,0,sty+tfidf+perp,3,0,0.0002479805189949885,True
1014,1014,509,1,sty+tfidf+perp,3,1,0.9995996468800461,True
1015,1015,510,0,sty+tfidf+perp,3,0,0.0010893473113646026,True
1016,1016,510,1,sty+tfidf+perp,3,1,0.5855491071479124,True
1017,1017,511,0,sty+tfidf+perp,3,0,0.00013840629767905018,True
1018,1018,511,1,sty+tfidf+perp,3,1,0.99949483233212,True
1019,1019,512,0,sty+tfidf+perp,3,0,0.006687024995133476,True
1020,1020,512,1,sty+tfidf+perp,3,1,0.9191283146644593,True
1021,1021,513,0,sty+tfidf+perp,3,0,0.060351186467024115,True
1022,1022,513,1,sty+tfidf+perp,3,1,0.9998552159062445,True
1023,1023,514,0,sty+tfidf+perp,3,0,0.005289963540431156,True
1024,1024,514,1,sty+tfidf+perp,3,1,0.999457939304653,True
1025,1025,515,0,sty+tfidf+perp,3,0,0.0010501073597721294,True
1026,1026,515,1,sty+tfidf+perp,3,1,0.9342523962486836,True
1027,1027,516,0,sty+tfidf+perp,3,0,0.0006382976244103375,True
1028,1028,516,1,sty+tfidf+perp,3,1,0.9995891698257335,True
1029,1029,517,0,sty+tfidf+perp,3,0,0.0012658530829730021,True
1030,1030,517,1,sty+tfidf+perp,3,1,0.9995962216403875,True
1031,1031,518,0,sty+tfidf+perp,3,0,0.0005134441074676462,True
1032,1032,518,1,sty+tfidf+perp,3,1,0.998533558326357,True
1033,1033,519,0,sty+tfidf+perp,3,0,0.001011265241610497,True
1034,1034,519,1,sty+tfidf+perp,3,1,0.999543489327757,True
1035,1035,520,0,sty+tfidf+perp,3,0,0.00795411592923474,True
1036,1036,520,1,sty+tfidf+perp,3,1,0.9998986855876794,True
1037,1037,521,0,sty+tfidf+perp,3,0,0.0003108410493384991,True
1038,1038,521,1,sty+tfidf+perp,3,1,0.9998110663196562,True
1039,1039,522,0,sty+tfidf+perp,3,0,0.0013906890805891988,True
1040,1040,522,1,sty+tfidf+perp,3,1,0.9947622893836,True
1041,1041,523,0,sty+tfidf+perp,3,0,0.0009309097615236532,True
1042,1042,523,1,sty+tfidf+perp,3,1,0.9864499602546252,True
1043,1043,524,0,sty+tfidf+perp,3,0,0.0010296466342955915,True
1044,1044,524,1,sty+tfidf+perp,3,1,0.7667798043102855,True
1045,1045,525,0,sty+tfidf+perp,3,0,0.0007727206125062787,True
1046,1046,525,1,sty+tfidf+perp,3,1,0.99816688200301,True
1047,1047,526,0,sty+tfidf+perp,3,0,0.021618252722136435,True
1048,1048,526,1,sty+tfidf+perp,3,1,0.9943796805950158,True
1049,1049,527,0,sty+tfidf+perp,3,0,0.00021121429278718362,True
1050,1050,527,1,sty+tfidf+perp,3,1,0.9994571804874295,True
1051,1051,528,0,sty+tfidf+perp,3,0,0.0008138632753819787,True
1052,1052,528,1,sty+tfidf+perp,3,1,0.999705940084313,True
1053,1053,529,0,sty+tfidf+perp,3,0,0.0004107747290398716,True
1054,1054,529,1,sty+tfidf+perp,3,1,0.9994341439075508,True
1055,1055,530,0,sty+tfidf+perp,3,0,0.001105561667572459,True
1056,1056,530,1,sty+tfidf+perp,3,1,0.9998896814061404,True
1057,1057,531,0,sty+tfidf+perp,3,0,0.040936856546292345,True
1058,1058,531,1,sty+tfidf+perp,3,1,0.9996449182380637,True
1059,1059,532,0,sty+tfidf+perp,3,0,3.230111181634339e-05,True
1060,1060,532,1,sty+tfidf+perp,3,1,0.9998102514510271,True
1061,1061,533,0,sty+tfidf+perp,3,0,0.04742853084154763,True
1062,1062,533,1,sty+tfidf+perp,3,1,0.9992408789238686,True
1063,1063,534,0,sty+tfidf+perp,3,0,0.0004148768746912276,True
1064,1064,534,1,sty+tfidf+perp,3,1,0.9609712118548481,True
1065,1065,535,0,sty+tfidf+perp,3,0,0.1187498918080474,True
1066,1066,535,1,sty+tfidf+perp,3,0,0.029731423268867074,False
1067,1067,536,0,sty+tfidf+perp,3,0,0.007478499277201593,True
1068,1068,536,1,sty+tfidf+perp,3,1,0.9991446557194296,True
1069,1069,537,0,sty+tfidf+perp,3,0,0.0002452185748494787,True
1070,1070,537,1,sty+tfidf+perp,3,1,0.9994595380243867,True
1071,1071,538,0,sty+tfidf+perp,3,0,0.001344154128722718,True
1072,1072,538,1,sty+tfidf+perp,3,1,0.9997864523124764,True
1073,1073,539,0,sty+tfidf+perp,3,0,0.00043141096982626326,True
1074,1074,539,1,sty+tfidf+perp,3,1,0.994127130038503,True
1075,1075,540,0,sty+tfidf+perp,3,0,0.0004096863846872789,True
1076,1076,540,1,sty+tfidf+perp,3,1,0.9950039301480504,True
1077,1077,541,0,sty+tfidf+perp,3,0,0.028141098468464236,True
1078,1078,541,1,sty+tfidf+perp,3,1,0.9981911216942245,True
1079,1079,542,0,sty+tfidf+perp,3,0,0.002180356120498968,True
1080,1080,542,1,sty+tfidf+perp,3,1,0.8030353746143364,True
1081,1081,543,0,sty+tfidf+perp,3,0,0.0011315147323366136,True
1082,1082,543,1,sty+tfidf+perp,3,1,0.9962841441249518,True
1083,1083,544,0,sty+tfidf+perp,3,0,0.016048342271338622,True
1084,1084,544,1,sty+tfidf+perp,3,1,0.9997949872250402,True
1085,1085,545,0,sty+tfidf+perp,3,0,0.0008891298807487315,True
1086,1086,545,1,sty+tfidf+perp,3,1,0.9995303169130779,True
1087,1087,546,0,sty+tfidf+perp,3,0,0.0001497721312271804,True
1088,1088,546,1,sty+tfidf+perp,3,1,0.7331633359215469,True
1089,1089,547,0,sty+tfidf+perp,3,0,0.03329531070151874,True
1090,1090,547,1,sty+tfidf+perp,3,1,0.9833265095668221,True
1091,1091,548,0,sty+tfidf+perp,3,0,0.0004614097818702555,True
1092,1092,548,1,sty+tfidf+perp,3,0,0.4210566589425136,False
1093,1093,549,0,sty+tfidf+perp,3,0,0.0005335094082465401,True
1094,1094,549,1,sty+tfidf+perp,3,1,0.9991726426903406,True
1095,1095,550,0,sty+tfidf+perp,3,0,0.0021038159113339863,True
1096,1096,550,1,sty+tfidf+perp,3,1,0.9986726832801429,True
1097,1097,551,0,sty+tfidf+perp,3,0,0.017198449527645068,True
1098,1098,551,1,sty+tfidf+perp,3,1,0.9969715147969669,True
1099,1099,552,0,sty+tfidf+perp,3,0,0.01310514914191048,True
1100,1100,552,1,sty+tfidf+perp,3,1,0.9994113171599653,True
1101,1101,553,0,sty+tfidf+perp,3,0,0.05884178140287149,True
1102,1102,553,1,sty+tfidf+perp,3,1,0.9997567050052907,True
1103,1103,554,0,sty+tfidf+perp,3,0,0.009158198148436426,True
1104,1104,554,1,sty+tfidf+perp,3,1,0.9837096771200591,True
1105,1105,555,0,sty+tfidf+perp,3,0,0.005601137540292778,True
1106,1106,555,1,sty+tfidf+perp,3,1,0.9997472312146486,True
1107,1107,556,0,sty+tfidf+perp,3,0,0.005301060839969659,True
1108,1108,556,1,sty+tfidf+perp,3,0,0.09244433381980381,False
1109,1109,557,0,sty+tfidf+perp,3,0,0.013056270807727964,True
1110,1110,557,1,sty+tfidf+perp,3,1,0.9913233712070446,True
1111,1111,558,0,sty+tfidf+perp,3,0,0.011101749014084153,True
1112,1112,558,1,sty+tfidf+perp,3,1,0.9991584221291718,True
1113,1113,559,0,sty+tfidf+perp,3,0,0.0005930348480913824,True
1114,1114,559,1,sty+tfidf+perp,3,1,0.9502272744989657,True
1115,1115,560,0,sty+tfidf+perp,3,0,0.0004243555633492821,True
1116,1116,560,1,sty+tfidf+perp,3,1,0.9937511138793708,True
1117,1117,561,0,sty+tfidf+perp,3,0,0.34679606874342883,True
1118,1118,561,1,sty+tfidf+perp,3,1,0.9023930291640644,True
1119,1119,562,0,sty+tfidf+perp,3,0,0.0013073783918485416,True
1120,1120,562,1,sty+tfidf+perp,3,1,0.6510713997278003,True
1121,1121,563,0,sty+tfidf+perp,3,0,0.0004781843486061091,True
1122,1122,563,1,sty+tfidf+perp,3,1,0.9990334013950845,True
1123,1123,564,0,sty+tfidf+perp,3,0,0.0014712203348243578,True
1124,1124,564,1,sty+tfidf+perp,3,1,0.9034682190349979,True
1125,1125,565,0,sty+tfidf+perp,3,0,0.01580659450366828,True
1126,1126,565,1,sty+tfidf+perp,3,1,0.9996924798208072,True
1127,1127,566,0,sty+tfidf+perp,3,0,0.0023518871188292264,True
1128,1128,566,1,sty+tfidf+perp,3,1,0.9998099814294923,True
1129,1129,567,0,sty+tfidf+perp,3,0,5.676475217214688e-05,True
1130,1130,567,1,sty+tfidf+perp,3,1,0.9744632369759567,True
1131,1131,568,0,sty+tfidf+perp,3,0,7.299291397882781e-05,True
1132,1132,568,1,sty+tfidf+perp,3,1,0.9990817992089885,True
1133,1133,569,0,sty+tfidf+perp,3,0,0.000791404620126906,True
1134,1134,569,1,sty+tfidf+perp,3,1,0.9978591469010826,True
1135,1135,570,0,sty+tfidf+perp,3,0,0.05900639271228154,True
1136,1136,570,1,sty+tfidf+perp,3,1,0.9986980542788341,True
1137,1137,571,0,sty+tfidf+perp,3,0,0.11049427183355605,True
1138,1138,571,1,sty+tfidf+perp,3,1,0.9526886026442645,True
1139,1139,572,0,sty+tfidf+perp,3,0,0.006477646394752772,True
1140,1140,572,1,sty+tfidf+perp,3,1,0.9966498119138474,True
1141,1141,573,0,sty+tfidf+perp,3,0,0.0020368226660209755,True
1142,1142,573,1,sty+tfidf+perp,3,1,0.6851516325306012,True
1143,1143,574,0,sty+tfidf+perp,3,0,0.00027102393849856473,True
1144,1144,574,1,sty+tfidf+perp,3,1,0.999513194273315,True
1145,1145,575,0,sty+tfidf+perp,3,0,0.0004666712517315899,True
1146,1146,575,1,sty+tfidf+perp,3,1,0.9997777566471899,True
1147,1147,576,0,sty+tfidf+perp,3,0,7.237874376691267e-05,True
1148,1148,576,1,sty+tfidf+perp,3,1,0.9631669754949697,True
1149,1149,577,0,sty+tfidf+perp,3,0,0.37554010788942144,True
1150,1150,577,1,sty+tfidf+perp,3,1,0.9996982274126922,True
1151,1151,578,0,sty+tfidf+perp,3,0,0.0004166335900714588,True
1152,1152,578,1,sty+tfidf+perp,3,1,0.9982328571327791,True
1153,1153,579,0,sty+tfidf+perp,3,0,0.005539787709843262,True
1154,1154,579,1,sty+tfidf+perp,3,1,0.944288009656127,True
1155,1155,580,0,sty+tfidf+perp,3,0,0.006072038386376825,True
1156,1156,580,1,sty+tfidf+perp,3,1,0.9993377755352799,True
1157,1157,581,0,sty+tfidf+perp,3,0,0.0042932820136394705,True
1158,1158,581,1,sty+tfidf+perp,3,1,0.9998053374675612,True
1159,1159,582,0,sty+tfidf+perp,3,0,0.001805241716655227,True
1160,1160,582,1,sty+tfidf+perp,3,1,0.5929579850237131,True
1161,1161,583,0,sty+tfidf+perp,3,0,0.0006568103690311916,True
1162,1162,583,1,sty+tfidf+perp,3,1,0.9978260976243527,True
1163,1163,584,0,sty+tfidf+perp,3,0,0.006615782268954578,True
1164,1164,584,1,sty+tfidf+perp,3,1,0.996489498701147,True
1165,1165,585,0,sty+tfidf+perp,3,0,4.437366166047805e-05,True
1166,1166,585,1,sty+tfidf+perp,3,1,0.9875401177579162,True
1167,1167,586,0,sty+tfidf+perp,3,0,7.533866323095615e-05,True
1168,1168,586,1,sty+tfidf+perp,3,1,0.9997888082817618,True
1169,1169,587,0,sty+tfidf+perp,3,0,0.0009868226152571868,True
1170,1170,587,1,sty+tfidf+perp,3,1,0.9992092589044591,True
1171,1171,588,0,sty+tfidf+perp,3,0,0.003303097962350027,True
1172,1172,588,1,sty+tfidf+perp,3,1,0.9994478980273714,True
1173,1173,589,0,sty+tfidf+perp,3,0,0.01990865388741177,True
1174,1174,589,1,sty+tfidf+perp,3,1,0.9965491804085903,True
1175,1175,590,0,sty+tfidf+perp,3,0,0.00018882376935959788,True
1176,1176,590,1,sty+tfidf+perp,3,1,0.9974665077509405,True
1177,1177,591,0,sty+tfidf+perp,3,0,0.007927850252215533,True
1178,1178,591,1,sty+tfidf+perp,3,1,0.9990788722327208,True
1179,1179,592,0,sty+tfidf+perp,3,0,0.0036131385588297183,True
1180,1180,592,1,sty+tfidf+perp,3,1,0.998277788001257,True
1181,1181,593,0,sty+tfidf+perp,3,0,0.00011342061292531136,True
1182,1182,593,1,sty+tfidf+perp,3,1,0.9988645044160597,True
1183,1183,594,0,sty+tfidf+perp,3,0,0.000881033680510456,True
1184,1184,594,1,sty+tfidf+perp,3,1,0.9998189730642122,True
1185,1185,595,0,sty+tfidf+perp,3,0,0.00016579718849901343,True
1186,1186,595,1,sty+tfidf+perp,3,1,0.9983610537070057,True
1187,1187,596,0,sty+tfidf+perp,3,0,0.05422910141768133,True
1188,1188,596,1,sty+tfidf+perp,3,1,0.999727330467734,True
1189,1189,597,0,sty+tfidf+perp,3,0,0.008272128926685622,True
1190,1190,597,1,sty+tfidf+perp,3,1,0.9893040295522444,True
1191,1191,598,0,sty+tfidf+perp,3,0,0.0009387045342638287,True
1192,1192,598,1,sty+tfidf+perp,3,1,0.9944283908287115,True
1193,1193,599,0,sty+tfidf+perp,3,0,0.04868839263679761,True
1194,1194,599,1,sty+tfidf+perp,3,1,0.999325458679373,True
1195,1195,600,0,sty+tfidf+perp,3,0,0.0013487434733527072,True
1196,1196,600,1,sty+tfidf+perp,3,1,0.998589584516142,True
1197,1197,601,0,sty+tfidf+perp,3,0,0.0538006840208318,True
1198,1198,601,1,sty+tfidf+perp,3,1,0.9837155323944641,True
1199,1199,602,0,sty+tfidf+perp,3,0,0.006608473909238644,True
1200,1200,602,1,sty+tfidf+perp,3,1,0.9992138206426652,True
1201,1201,603,0,sty+tfidf+perp,3,0,0.00016100648947422273,True
1202,1202,603,1,sty+tfidf+perp,3,1,0.9949770670553485,True
1203,1203,604,0,sty+tfidf+perp,3,0,0.00030601448874547325,True
1204,1204,604,1,sty+tfidf+perp,3,1,0.9998271479392447,True
1205,1205,605,0,sty+tfidf+perp,3,0,0.007173274630153576,True
1206,1206,605,1,sty+tfidf+perp,3,1,0.9977254798290465,True
1207,1207,606,0,sty+tfidf+perp,3,0,0.08342487382200778,True
1208,1208,606,1,sty+tfidf+perp,3,1,0.9989036468282219,True
1209,1209,607,0,sty+tfidf+perp,3,0,0.03304195795366546,True
1210,1210,607,1,sty+tfidf+perp,3,1,0.9995823372446614,True
1211,1211,608,0,sty+tfidf+perp,3,0,0.00019395591429556522,True
1212,1212,608,1,sty+tfidf+perp,3,1,0.9999275661871996,True
1213,1213,609,0,sty+tfidf+perp,3,0,0.001032656342558552,True
1214,1214,609,1,sty+tfidf+perp,3,1,0.9993857900947815,True
1215,1215,610,0,sty+tfidf+perp,3,0,0.0009645225597667745,True
1216,1216,610,1,sty+tfidf+perp,3,1,0.8219451026230752,True
1217,1217,611,0,sty+tfidf+perp,3,0,0.00013660938417009986,True
1218,1218,611,1,sty+tfidf+perp,3,1,0.9995172253791417,True
1219,1219,612,0,sty+tfidf+perp,3,0,0.038837299444439616,True
1220,1220,612,1,sty+tfidf+perp,3,1,0.9954936069642581,True
1221,1221,613,0,sty+tfidf+perp,3,0,0.002313164085724995,True
1222,1222,613,1,sty+tfidf+perp,3,1,0.9997706161667776,True
1223,1223,614,0,sty+tfidf+perp,3,0,0.003742709405056345,True
1224,1224,614,1,sty+tfidf+perp,3,1,0.9991922261090357,True
1225,1225,615,0,sty+tfidf+perp,3,0,0.0003869595051109487,True
1226,1226,615,1,sty+tfidf+perp,3,1,0.9992051037437837,True
1227,1227,616,0,sty+tfidf+perp,3,0,0.2436434600247105,True
1228,1228,616,1,sty+tfidf+perp,3,1,0.9816935080867509,True
1229,1229,617,0,sty+tfidf+perp,3,0,0.008658783394293006,True
1230,1230,617,1,sty+tfidf+perp,3,1,0.9984279465265402,True
1231,1231,618,0,sty+tfidf+perp,3,0,0.0012153419239076821,True
1232,1232,618,1,sty+tfidf+perp,3,1,0.9998268248552944,True
1233,1233,619,0,sty+tfidf+perp,3,1,0.6103319185699742,False
1234,1234,619,1,sty+tfidf+perp,3,1,0.9974280917268432,True
1235,1235,620,0,sty+tfidf+perp,3,0,9.287286007002323e-05,True
1236,1236,620,1,sty+tfidf+perp,3,1,0.9934657482805269,True
1237,1237,621,0,sty+tfidf+perp,3,0,0.00884900952621061,True
1238,1238,621,1,sty+tfidf+perp,3,1,0.9993941581790322,True
1239,1239,622,0,sty+tfidf+perp,3,0,0.02812889577342252,True
1240,1240,622,1,sty+tfidf+perp,3,1,0.9999290774198862,True
1241,1241,623,0,sty+tfidf+perp,3,0,0.07625320998198677,True
1242,1242,623,1,sty+tfidf+perp,3,1,0.9953951591014031,True
1243,1243,624,0,sty+tfidf+perp,3,0,0.0028207920587545996,True
1244,1244,624,1,sty+tfidf+perp,3,1,0.9987072289108306,True
1245,1245,625,0,sty+tfidf+perp,3,0,0.0005379581246264375,True
1246,1246,625,1,sty+tfidf+perp,3,1,0.9161671796028211,True
1247,1247,626,0,sty+tfidf+perp,3,0,0.00023938853939666502,True
1248,1248,626,1,sty+tfidf+perp,3,1,0.9996906773248845,True
1249,1249,627,0,sty+tfidf+perp,3,0,0.00011359381387706112,True
1250,1250,627,1,sty+tfidf+perp,3,1,0.9998226425320565,True
1251,1251,628,0,sty+tfidf+perp,3,0,0.0005243010122181998,True
1252,1252,628,1,sty+tfidf+perp,3,1,0.999454848962711,True
1253,1253,629,0,sty+tfidf+perp,3,0,0.0019807514233843456,True
1254,1254,629,1,sty+tfidf+perp,3,0,0.3773803474828552,False
1255,1255,630,0,sty+tfidf+perp,3,0,0.00039201178570123985,True
1256,1256,630,1,sty+tfidf+perp,3,1,0.9997525882933823,True
1257,1257,631,0,sty+tfidf+perp,3,0,0.00018282407355846918,True
1258,1258,631,1,sty+tfidf+perp,3,1,0.8980365517420166,True
1259,1259,632,0,sty+tfidf+perp,3,0,0.0015549110133334712,True
1260,1260,632,1,sty+tfidf+perp,3,1,0.9980416635689906,True
1261,1261,633,0,sty+tfidf+perp,3,0,0.00010196006806643584,True
1262,1262,633,1,sty+tfidf+perp,3,1,0.9634399462634463,True
1263,1263,634,0,sty+tfidf+perp,3,0,0.013172404784004584,True
1264,1264,634,1,sty+tfidf+perp,3,1,0.9967162440156038,True
1265,1265,635,0,sty+tfidf+perp,3,0,0.002670594195393302,True
1266,1266,635,1,sty+tfidf+perp,3,1,0.9956017509898141,True
1267,1267,636,0,sty+tfidf+perp,3,0,0.003227628142052599,True
1268,1268,636,1,sty+tfidf+perp,3,1,0.9994675606622769,True
1269,1269,637,0,sty+tfidf+perp,3,1,0.6555638408251938,False
1270,1270,637,1,sty+tfidf+perp,3,1,0.999856498003686,True
1271,1271,638,0,sty+tfidf+perp,3,0,0.0005832368132554922,True
1272,1272,638,1,sty+tfidf+perp,3,1,0.9995056000660202,True
1273,1273,639,0,sty+tfidf+perp,3,0,0.000314600766096421,True
1274,1274,639,1,sty+tfidf+perp,3,1,0.9998596636090313,True
1275,1275,640,0,sty+tfidf+perp,3,0,0.0003717564113404965,True
1276,1276,640,1,sty+tfidf+perp,3,1,0.9989643870959514,True
1277,1277,641,0,sty+tfidf+perp,3,0,0.020366552513895117,True
1278,1278,641,1,sty+tfidf+perp,3,1,0.998655131221636,True
1279,1279,642,0,sty+tfidf+perp,3,0,9.840412986487772e-05,True
1280,1280,642,1,sty+tfidf+perp,3,1,0.9918894108416852,True
1281,1281,643,0,sty+tfidf+perp,3,0,0.0005187520776711994,True
1282,1282,643,1,sty+tfidf+perp,3,1,0.9989939569547753,True
1283,1283,644,0,sty+tfidf+perp,3,0,0.003221964361279008,True
1284,1284,644,1,sty+tfidf+perp,3,1,0.9998809094690879,True
1285,1285,645,0,sty+tfidf+perp,3,0,0.0018247996245422439,True
1286,1286,645,1,sty+tfidf+perp,3,1,0.9997308394591579,True
1287,1287,646,0,sty+tfidf+perp,3,0,0.0008901930621151302,True
1288,1288,646,1,sty+tfidf+perp,3,1,0.9995635048197012,True
1289,1289,647,0,sty+tfidf+perp,3,0,0.00019360222683938372,True
1290,1290,647,1,sty+tfidf+perp,3,1,0.9998823580288461,True
1291,1291,648,0,sty+tfidf+perp,3,0,0.0015012615144677963,True
1292,1292,648,1,sty+tfidf+perp,3,1,0.998238298940357,True
1293,1293,649,0,sty+tfidf+perp,3,0,2.1949702341546317e-05,True
1294,1294,649,1,sty+tfidf+perp,3,1,0.9992213868290116,True
1295,1295,650,0,sty+tfidf+perp,3,0,7.960413579731348e-05,True
1296,1296,650,1,sty+tfidf+perp,3,1,0.9635966128803743,True
1297,1297,651,0,sty+tfidf+perp,3,0,0.001293463438542281,True
1298,1298,651,1,sty+tfidf+perp,3,1,0.9977747344145798,True
1299,1299,652,0,sty+tfidf+perp,3,0,0.002101793557643347,True
1300,1300,652,1,sty+tfidf+perp,3,1,0.9871473796293607,True
1301,1301,653,0,sty+tfidf+perp,3,0,0.00034513253206424846,True
1302,1302,653,1,sty+tfidf+perp,3,1,0.9985570696585431,True
1303,1303,654,0,sty+tfidf+perp,3,0,0.007130758374908798,True
1304,1304,654,1,sty+tfidf+perp,3,1,0.9980269768275556,True
1305,1305,655,0,sty+tfidf+perp,3,0,0.000566834784418201,True
1306,1306,655,1,sty+tfidf+perp,3,1,0.9965054060630909,True
1307,1307,656,0,sty+tfidf+perp,3,0,0.0011956722003726955,True
1308,1308,656,1,sty+tfidf+perp,3,1,0.9914869642089609,True
1309,1309,657,0,sty+tfidf+perp,3,0,0.001540334531473374,True
1310,1310,657,1,sty+tfidf+perp,3,1,0.9989745507010647,True
1311,1311,658,0,sty+tfidf+perp,3,0,0.000148530854601909,True
1312,1312,658,1,sty+tfidf+perp,3,1,0.996395020157929,True
1313,1313,659,0,sty+tfidf+perp,3,0,0.0004699653551391017,True
1314,1314,659,1,sty+tfidf+perp,3,1,0.9994212983805876,True
1315,1315,660,0,sty+tfidf+perp,3,0,0.00040685667268178114,True
1316,1316,660,1,sty+tfidf+perp,3,1,0.9658774453524246,True
1317,1317,661,0,sty+tfidf+perp,3,0,0.0001535628844000547,True
1318,1318,661,1,sty+tfidf+perp,3,1,0.9991094802817153,True
1319,1319,662,0,sty+tfidf+perp,3,0,0.00024375253391842273,True
1320,1320,662,1,sty+tfidf+perp,3,1,0.9998199871124583,True
1321,1321,663,0,sty+tfidf+perp,3,0,0.00013602461162872125,True
1322,1322,663,1,sty+tfidf+perp,3,1,0.9988183521330994,True
1323,1323,664,0,sty+tfidf+perp,3,0,0.002654316959232393,True
1324,1324,664,1,sty+tfidf+perp,3,1,0.999684993478453,True
1325,1325,665,0,sty+tfidf+perp,3,0,0.00214160426345282,True
1326,1326,665,1,sty+tfidf+perp,3,1,0.995848033975302,True
1327,1327,666,0,sty+tfidf+perp,3,0,0.0005113129168857368,True
1328,1328,666,1,sty+tfidf+perp,3,1,0.9302203794155388,True
1329,1329,667,0,sty+tfidf+perp,3,0,8.27038153135117e-05,True
1330,1330,667,1,sty+tfidf+perp,3,1,0.9996762247583475,True
1331,1331,668,0,sty+tfidf+perp,3,0,0.09726852884605838,True
1332,1332,668,1,sty+tfidf+perp,3,1,0.879948702002565,True
1333,1333,669,0,sty+tfidf+perp,3,0,7.690919935687613e-05,True
1334,1334,669,1,sty+tfidf+perp,3,1,0.9973442510024548,True
1335,1335,670,0,sty+tfidf+perp,3,0,0.0014672765161566866,True
1336,1336,670,1,sty+tfidf+perp,3,1,0.999888633998138,True
1337,1337,671,0,sty+tfidf+perp,3,0,0.00043895201472081435,True
1338,1338,671,1,sty+tfidf+perp,3,1,0.9989948119169664,True
1339,1339,672,0,sty+tfidf+perp,3,0,0.00026466887163800404,True
1340,1340,672,1,sty+tfidf+perp,3,1,0.9569740384748344,True
1341,1341,673,0,sty+tfidf+perp,3,0,0.00926978690599862,True
1342,1342,673,1,sty+tfidf+perp,3,1,0.9999350410525506,True
1343,1343,674,0,sty+tfidf+perp,3,0,0.0045321906034127765,True
1344,1344,674,1,sty+tfidf+perp,3,1,0.9130320229557989,True
1345,1345,675,0,sty+tfidf+perp,3,0,0.00023590597645428701,True
1346,1346,675,1,sty+tfidf+perp,3,1,0.987363869830968,True
1347,1347,676,0,sty+tfidf+perp,3,0,0.0439274415406447,True
1348,1348,676,1,sty+tfidf+perp,3,1,0.9996088444367566,True
1349,1349,677,0,sty+tfidf+perp,3,0,0.00012780473642284764,True
1350,1350,677,1,sty+tfidf+perp,3,1,0.9998707053806365,True
1351,1351,678,0,sty+tfidf+perp,3,0,0.0007928098694578669,True
1352,1352,678,1,sty+tfidf+perp,3,1,0.996932595362031,True
1353,1353,679,0,sty+tfidf+perp,3,0,0.0009370333941297565,True
1354,1354,679,1,sty+tfidf+perp,3,1,0.995170288956109,True
1355,1355,680,0,sty+tfidf+perp,3,1,0.5684354363123763,False
1356,1356,680,1,sty+tfidf+perp,3,1,0.9980895905661229,True
1357,1357,681,0,sty+tfidf+perp,3,0,0.0001452889467225074,True
1358,1358,681,1,sty+tfidf+perp,3,1,0.9919148733165758,True
1359,1359,682,0,sty+tfidf+perp,3,0,6.108361385042958e-05,True
1360,1360,682,1,sty+tfidf+perp,3,1,0.9973160092572546,True
1361,1361,683,0,sty+tfidf+perp,3,0,0.00023753362946001003,True
1362,1362,683,1,sty+tfidf+perp,3,1,0.9972522662098406,True
1363,1363,684,0,sty+tfidf+perp,3,0,0.0005469977332184092,True
1364,1364,684,1,sty+tfidf+perp,3,1,0.9995785292178764,True
1365,1365,685,0,sty+tfidf+perp,3,0,0.0077372449606904195,True
1366,1366,685,1,sty+tfidf+perp,3,1,0.997511258062293,True
1367,1367,686,0,sty+tfidf+perp,3,0,0.00048799036354847544,True
1368,1368,686,1,sty+tfidf+perp,3,1,0.9997668468514281,True
1369,1369,687,0,sty+tfidf+perp,3,0,0.00012607127304327363,True
1370,1370,687,1,sty+tfidf+perp,3,1,0.9979820581994966,True
1371,1371,688,0,sty+tfidf+perp,3,0,0.0001724519845234059,True
1372,1372,688,1,sty+tfidf+perp,3,1,0.9972169737259764,True
1373,1373,689,0,sty+tfidf+perp,3,0,0.0012478621256590229,True
1374,1374,689,1,sty+tfidf+perp,3,1,0.9994535763925059,True
1375,1375,690,0,sty+tfidf+perp,3,0,0.00195388484376727,True
1376,1376,690,1,sty+tfidf+perp,3,1,0.9983933935844003,True
1377,1377,691,0,sty+tfidf+perp,3,0,0.004806415126273188,True
1378,1378,691,1,sty+tfidf+perp,3,0,0.36106373718316115,False
1379,1379,692,0,sty+tfidf+perp,3,0,8.308841332662438e-05,True
1380,1380,692,1,sty+tfidf+perp,3,1,0.9981717316702186,True
1381,1381,693,0,sty+tfidf+perp,3,0,0.016366013839998868,True
1382,1382,693,1,sty+tfidf+perp,3,1,0.9973658132975848,True
1383,1383,694,0,sty+tfidf+perp,3,0,0.00038914092755401553,True
1384,1384,694,1,sty+tfidf+perp,3,1,0.7514189622451071,True
1385,1385,695,0,sty+tfidf+perp,3,0,0.011845858114852148,True
1386,1386,695,1,sty+tfidf+perp,3,1,0.9998166649854936,True
1387,1387,696,0,sty+tfidf+perp,3,0,0.001330271747255475,True
1388,1388,696,1,sty+tfidf+perp,3,1,0.9985855191527514,True
1389,1389,697,0,sty+tfidf+perp,3,0,0.00012306610736577,True
1390,1390,697,1,sty+tfidf+perp,3,1,0.998421601290486,True
1391,1391,698,0,sty+tfidf+perp,3,0,0.0002563745070493336,True
1392,1392,698,1,sty+tfidf+perp,3,1,0.9856668409356043,True
1393,1393,699,0,sty+tfidf+perp,3,0,0.04361435030945126,True
1394,1394,699,1,sty+tfidf+perp,3,1,0.9997695944392162,True
1395,1395,700,0,sty+tfidf+perp,3,0,0.00048630248125245253,True
1396,1396,700,1,sty+tfidf+perp,3,1,0.9990979977994667,True
1397,1397,701,0,sty+tfidf+perp,3,0,0.0003046088914976099,True
1398,1398,701,1,sty+tfidf+perp,3,1,0.999489866128444,True
1399,1399,702,0,sty+tfidf+perp,3,0,0.0013144555528243121,True
1400,1400,702,1,sty+tfidf+perp,3,1,0.9482804676725812,True
1401,1401,703,0,sty+tfidf+perp,3,0,0.009744149507827093,True
1402,1402,703,1,sty+tfidf+perp,3,1,0.8072750374312329,True
1403,1403,704,0,sty+tfidf+perp,3,0,0.22403065217543897,True
1404,1404,704,1,sty+tfidf+perp,3,1,0.9990091348366026,True
1405,1405,705,0,sty+tfidf+perp,3,0,0.0006378615309439652,True
1406,1406,705,1,sty+tfidf+perp,3,1,0.9997918247371017,True
1407,1407,706,0,sty+tfidf+perp,3,0,0.001965593850951799,True
1408,1408,706,1,sty+tfidf+perp,3,1,0.9366085468954425,True
1409,1409,707,0,sty+tfidf+perp,3,0,0.02163181577563836,True
1410,1410,707,1,sty+tfidf+perp,3,1,0.9999328784181079,True
1411,1411,708,0,sty+tfidf+perp,3,0,0.0004179311884524625,True
1412,1412,708,1,sty+tfidf+perp,3,1,0.8984174702455928,True
1413,1413,709,0,sty+tfidf+perp,3,0,0.0015870126605415918,True
1414,1414,709,1,sty+tfidf+perp,3,1,0.9993074048965167,True
1415,1415,710,0,sty+tfidf+perp,3,0,5.547307368868073e-05,True
1416,1416,710,1,sty+tfidf+perp,3,1,0.9992652731345247,True
1417,1417,711,0,sty+tfidf+perp,3,0,9.768210194048178e-05,True
1418,1418,711,1,sty+tfidf+perp,3,1,0.9979747754283305,True
1419,1419,712,0,sty+tfidf+perp,3,0,0.004638331478159348,True
1420,1420,712,1,sty+tfidf+perp,3,1,0.9897761084856543,True
1421,1421,713,0,sty+tfidf+perp,3,0,0.01076497889274766,True
1422,1422,713,1,sty+tfidf+perp,3,1,0.99981644719202,True
1423,1423,714,0,sty+tfidf+perp,3,0,0.00122081721861317,True
1424,1424,714,1,sty+tfidf+perp,3,1,0.9923193404480615,True
1425,1425,715,0,sty+tfidf+perp,3,0,0.0002568798189307418,True
1426,1426,715,1,sty+tfidf+perp,3,1,0.997810550990566,True
1427,1427,716,0,sty+tfidf+perp,3,0,0.0017821071483500861,True
1428,1428,716,1,sty+tfidf+perp,3,1,0.999753649529253,True
1429,1429,717,0,sty+tfidf+perp,3,0,0.009172507602154434,True
1430,1430,717,1,sty+tfidf+perp,3,1,0.9944440498382464,True
1431,1431,718,0,sty+tfidf+perp,3,0,0.0012722016750589382,True
1432,1432,718,1,sty+tfidf+perp,3,1,0.999744789546609,True
1433,1433,719,0,sty+tfidf+perp,3,0,0.007072370582475499,True
1434,1434,719,1,sty+tfidf+perp,3,1,0.9973573678334354,True
1435,1435,720,0,sty+tfidf+perp,3,1,0.6645104653751164,False
1436,1436,720,1,sty+tfidf+perp,3,1,0.992386813108918,True
1437,1437,721,0,sty+tfidf+perp,3,0,0.0007324429478661771,True
1438,1438,721,1,sty+tfidf+perp,3,1,0.9987550019479965,True
1439,1439,722,0,sty+tfidf+perp,3,0,0.0015920397702659174,True
1440,1440,722,1,sty+tfidf+perp,3,1,0.9958729896827766,True
1441,1441,723,0,sty+tfidf+perp,3,0,0.018561005961210138,True
1442,1442,723,1,sty+tfidf+perp,3,1,0.9995643399694044,True
1443,1443,724,0,sty+tfidf+perp,3,0,0.0008201710514275784,True
1444,1444,724,1,sty+tfidf+perp,3,1,0.9998467460271293,True
1445,1445,725,0,sty+tfidf+perp,3,0,0.0013339057816080956,True
1446,1446,725,1,sty+tfidf+perp,3,1,0.9994747545650173,True
1447,1447,726,0,sty+tfidf+perp,3,0,0.000376432936831484,True
1448,1448,726,1,sty+tfidf+perp,3,1,0.9998497648610533,True
1449,1449,727,0,sty+tfidf+perp,3,0,4.3715544317821885e-05,True
1450,1450,727,1,sty+tfidf+perp,3,1,0.9820050235235022,True
1451,1451,728,0,sty+tfidf+perp,3,0,0.001251615122976918,True
1452,1452,728,1,sty+tfidf+perp,3,1,0.9999235630859589,True
1453,1453,729,0,sty+tfidf+perp,3,0,0.00026485615423661084,True
1454,1454,729,1,sty+tfidf+perp,3,0,0.4482799018218661,False
1455,1455,730,0,sty+tfidf+perp,3,0,0.008627500009458357,True
1456,1456,730,1,sty+tfidf+perp,3,1,0.9993184353089573,True
1457,1457,731,0,sty+tfidf+perp,3,0,0.00780023277784303,True
1458,1458,731,1,sty+tfidf+perp,3,1,0.9996911026457308,True
1459,1459,732,0,sty+tfidf+perp,3,0,0.00016900276856004635,True
1460,1460,732,1,sty+tfidf+perp,3,1,0.9972823306150262,True
1461,1461,733,0,sty+tfidf+perp,3,0,9.638044678153012e-05,True
1462,1462,733,1,sty+tfidf+perp,3,1,0.9992156995836411,True
1463,1463,734,0,sty+tfidf+perp,3,0,0.007982524043202684,True
1464,1464,734,1,sty+tfidf+perp,3,1,0.9985857369464591,True
1465,1465,735,0,sty+tfidf+perp,3,0,0.00014052026916518647,True
1466,1466,735,1,sty+tfidf+perp,3,1,0.9930270167445737,True
1467,1467,736,0,sty+tfidf+perp,3,0,0.0007007056764955883,True
1468,1468,736,1,sty+tfidf+perp,3,1,0.9987463428378844,True
1469,1469,737,0,sty+tfidf+perp,3,0,0.000223062382745626,True
1470,1470,737,1,sty+tfidf+perp,3,1,0.9967275875611704,True
1471,1471,738,0,sty+tfidf+perp,3,0,0.005023201164841971,True
1472,1472,738,1,sty+tfidf+perp,3,1,0.9989788013413581,True
1473,1473,739,0,sty+tfidf+perp,3,0,0.022816083179257138,True
1474,1474,739,1,sty+tfidf+perp,3,1,0.9998192021597566,True
1475,1475,740,0,sty+tfidf+perp,3,0,0.00029163017088007124,True
1476,1476,740,1,sty+tfidf+perp,3,1,0.9999355629989477,True
1477,1477,741,0,sty+tfidf+perp,3,0,0.0016975994942427246,True
1478,1478,741,1,sty+tfidf+perp,3,1,0.9960580160652744,True
1479,1479,742,0,sty+tfidf+perp,3,0,0.01973568219980403,True
1480,1480,742,1,sty+tfidf+perp,3,1,0.9912587790696762,True
1481,1481,743,0,sty+tfidf+perp,3,0,0.0018957363439682533,True
1482,1482,743,1,sty+tfidf+perp,3,1,0.9971501784073412,True
1483,1483,744,0,sty+tfidf+perp,3,0,0.00022342356096146046,True
1484,1484,744,1,sty+tfidf+perp,3,1,0.9965100746252932,True
1485,1485,745,0,sty+tfidf+perp,3,0,0.0012850646072253386,True
1486,1486,745,1,sty+tfidf+perp,3,1,0.9997473038038736,True
1487,1487,746,0,sty+tfidf+perp,3,0,0.00010377240981279382,True
1488,1488,746,1,sty+tfidf+perp,3,1,0.9993809921842858,True
1489,1489,747,0,sty+tfidf+perp,3,0,0.00613740279364916,True
1490,1490,747,1,sty+tfidf+perp,3,1,0.9989140894921846,True
1491,1491,748,0,sty+tfidf+perp,3,0,0.00015787687539372847,True
1492,1492,748,1,sty+tfidf+perp,3,1,0.995077784131104,True
1493,1493,749,0,sty+tfidf+perp,3,0,0.0012968652667264312,True
1494,1494,749,1,sty+tfidf+perp,3,1,0.6441568910744141,True
1495,1495,750,0,sty+tfidf+perp,3,0,0.00014591088925668496,True
1496,1496,750,1,sty+tfidf+perp,3,1,0.9998905945773023,True
1497,1497,751,0,sty+tfidf+perp,3,0,0.3890044099479485,True
1498,1498,751,1,sty+tfidf+perp,3,1,0.999287735509034,True
1499,1499,752,0,sty+tfidf+perp,3,0,0.00014583522191879478,True
1500,1500,752,1,sty+tfidf+perp,3,1,0.9999173312430689,True
1501,1501,753,0,sty+tfidf+perp,3,0,0.00028754578704814183,True
1502,1502,753,1,sty+tfidf+perp,3,1,0.9948502275456592,True
1503,1503,754,0,sty+tfidf+perp,3,0,0.0002977105571077009,True
1504,1504,754,1,sty+tfidf+perp,3,1,0.9994519733904382,True
1505,1505,755,0,sty+tfidf+perp,3,0,0.0003582115906646945,True
1506,1506,755,1,sty+tfidf+perp,3,1,0.9989368565551355,True
1507,1507,756,0,sty+tfidf+perp,3,0,0.00017099105144517365,True
1508,1508,756,1,sty+tfidf+perp,3,1,0.9997957612240383,True
1509,1509,757,0,sty+tfidf+perp,3,0,0.22453126504571638,True
1510,1510,757,1,sty+tfidf+perp,3,1,0.9981083072177204,True
1511,1511,758,0,sty+tfidf+perp,3,0,0.00017506228848032218,True
1512,1512,758,1,sty+tfidf+perp,3,1,0.9893872258096248,True
1513,1513,759,0,sty+tfidf+perp,3,0,0.0005816052512871183,True
1514,1514,759,1,sty+tfidf+perp,3,1,0.9979089510189016,True
1515,1515,760,0,sty+tfidf+perp,3,0,0.00010297047121624479,True
1516,1516,760,1,sty+tfidf+perp,3,1,0.9996374508022058,True
1517,1517,761,0,sty+tfidf+perp,3,0,0.0002781740312643491,True
1518,1518,761,1,sty+tfidf+perp,3,1,0.9985093360461036,True
1519,1519,762,0,sty+tfidf+perp,3,0,0.00590941116761958,True
1520,1520,762,1,sty+tfidf+perp,3,1,0.9993793535999006,True
1521,1521,763,0,sty+tfidf+perp,3,0,0.0007606930099147822,True
1522,1522,763,1,sty+tfidf+perp,3,1,0.7830062266123687,True
1523,1523,764,0,sty+tfidf+perp,3,0,5.3212302146177996e-05,True
1524,1524,764,1,sty+tfidf+perp,3,1,0.9998170806739213,True
1525,1525,765,0,sty+tfidf+perp,3,0,0.0008247357251517875,True
1526,1526,765,1,sty+tfidf+perp,3,1,0.9825911752459168,True
1527,1527,766,0,sty+tfidf+perp,3,0,0.00017313027191176978,True
1528,1528,766,1,sty+tfidf+perp,3,1,0.9999256258958727,True
1529,1529,767,0,sty+tfidf+perp,3,0,0.008834549026919826,True
1530,1530,767,1,sty+tfidf+perp,3,1,0.9987461576112506,True
1531,1531,768,0,sty+tfidf+perp,3,0,0.00040075716830220107,True
1532,1532,768,1,sty+tfidf+perp,3,1,0.999493393063748,True
1533,1533,769,0,sty+tfidf+perp,3,0,0.001386132896192648,True
1534,1534,769,1,sty+tfidf+perp,3,1,0.9993012041804017,True
1535,1535,770,0,sty+tfidf+perp,3,0,0.0010084584203507092,True
1536,1536,770,1,sty+tfidf+perp,3,1,0.9963438829581066,True
1537,1537,771,0,sty+tfidf+perp,3,0,0.007033541998734859,True
1538,1538,771,1,sty+tfidf+perp,3,1,0.9980824628865638,True
1539,1539,772,0,sty+tfidf+perp,3,0,0.006562348192633236,True
1540,1540,772,1,sty+tfidf+perp,3,1,0.9997397933765385,True
1541,1541,773,0,sty+tfidf+perp,3,0,0.019792337726548963,True
1542,1542,773,1,sty+tfidf+perp,3,1,0.9980032080479901,True
1543,1543,774,0,sty+tfidf+perp,3,0,0.034249574571248755,True
1544,1544,774,1,sty+tfidf+perp,3,1,0.979031169579099,True
1545,1545,775,0,sty+tfidf+perp,3,0,0.20752625552708046,True
1546,1546,775,1,sty+tfidf+perp,3,1,0.9993941618666231,True
1547,1547,776,0,sty+tfidf+perp,3,0,0.0009578183982935967,True
1548,1548,776,1,sty+tfidf+perp,3,1,0.9998762815172076,True
1549,1549,777,0,sty+tfidf+perp,3,0,0.0008947270905255645,True
1550,1550,777,1,sty+tfidf+perp,3,1,0.999910365543026,True
1551,1551,778,0,sty+tfidf+perp,3,0,8.141522120848455e-05,True
1552,1552,778,1,sty+tfidf+perp,3,1,0.9962282828583526,True
1553,1553,779,0,sty+tfidf+perp,3,0,0.001579270886274354,True
1554,1554,779,1,sty+tfidf+perp,3,1,0.9986185890740743,True
1555,1555,780,0,sty+tfidf+perp,3,0,0.00010350051476823167,True
1556,1556,780,1,sty+tfidf+perp,3,1,0.9994075618043399,True
1557,1557,781,0,sty+tfidf+perp,3,0,0.00011792981451126447,True
1558,1558,781,1,sty+tfidf+perp,3,1,0.9977447835603234,True
1559,1559,782,0,sty+tfidf+perp,3,0,7.765100171910194e-05,True
1560,1560,782,1,sty+tfidf+perp,3,1,0.9996541093721911,True
1561,1561,783,0,sty+tfidf+perp,3,0,0.0005630964139170181,True
1562,1562,783,1,sty+tfidf+perp,3,1,0.9984406967106023,True
1563,1563,784,1,sty+tfidf+perp,3,1,0.9993095334458888,True
1564,1564,785,0,sty+tfidf+perp,3,0,0.349191916917461,True
1565,1565,785,1,sty+tfidf+perp,3,1,0.9815799230961146,True
1566,1566,786,0,sty+tfidf+perp,3,0,0.00011413429735846918,True
1567,1567,786,1,sty+tfidf+perp,3,1,0.999822716179409,True
1568,1568,787,0,sty+tfidf+perp,3,0,0.010720922889849006,True
1569,1569,787,1,sty+tfidf+perp,3,1,0.9998195067718106,True
1570,1570,788,0,sty+tfidf+perp,3,0,0.0023067153123223047,True
1571,1571,788,1,sty+tfidf+perp,3,1,0.9980542216568947,True
1572,1572,789,0,sty+tfidf+perp,3,0,0.033852613269753334,True
1573,1573,789,1,sty+tfidf+perp,3,1,0.998503767479905,True
1574,1574,790,0,sty+tfidf+perp,3,0,0.007123585926650817,True
1575,1575,790,1,sty+tfidf+perp,3,1,0.9991912003011474,True
1576,1576,791,0,sty+tfidf+perp,3,0,0.024191177959347155,True
1577,1577,791,1,sty+tfidf+perp,3,1,0.9971541725382932,True
1578,1578,792,0,sty+tfidf+perp,3,0,0.005830964470055872,True
1579,1579,792,1,sty+tfidf+perp,3,1,0.9998394315139686,True
1580,1580,793,0,sty+tfidf+perp,3,0,0.001802567642571198,True
1581,1581,793,1,sty+tfidf+perp,3,1,0.9992263349925034,True
1582,1582,794,0,sty+tfidf+perp,3,0,0.005393319998546906,True
1583,1583,794,1,sty+tfidf+perp,3,1,0.9791929231163843,True
1584,1584,795,0,sty+tfidf+perp,3,0,0.011547810811735065,True
1585,1585,795,1,sty+tfidf+perp,3,0,0.16178354231951683,False
1586,1586,796,0,sty+tfidf+perp,3,0,0.0019278504378501889,True
1587,1587,796,1,sty+tfidf+perp,3,1,0.9994784748989385,True
1588,1588,797,0,sty+tfidf+perp,3,0,0.006670377754261653,True
1589,1589,797,1,sty+tfidf+perp,3,1,0.896710710466887,True
1590,1590,798,0,sty+tfidf+perp,3,0,0.0016733983756134557,True
1591,1591,798,1,sty+tfidf+perp,3,1,0.9987798316997781,True
1592,1592,799,0,sty+tfidf+perp,3,0,0.0023533725291663126,True
1593,1593,799,1,sty+tfidf+perp,3,1,0.9985443975278084,True
1594,1594,800,0,sty+tfidf+perp,3,0,0.0010799310393817627,True
1595,1595,800,1,sty+tfidf+perp,3,1,0.9983225542568164,True
1596,1596,801,0,sty+tfidf+perp,3,0,0.010769704933590434,True
1597,1597,801,1,sty+tfidf+perp,3,1,0.9998177081748311,True
1598,1598,802,0,sty+tfidf+perp,3,0,0.18249996294433404,True
1599,1599,802,1,sty+tfidf+perp,3,1,0.9998261441612959,True
1600,1600,803,0,sty+tfidf+perp,3,0,0.0015293596773111669,True
1601,1601,803,1,sty+tfidf+perp,3,1,0.9998942346416604,True
1602,1602,804,0,sty+tfidf+perp,3,0,0.006870034478253453,True
1603,1603,804,1,sty+tfidf+perp,3,1,0.9940000245787334,True
1604,1604,805,0,sty+tfidf+perp,3,0,0.000684497078145293,True
1605,1605,805,1,sty+tfidf+perp,3,1,0.9999050269219586,True
1606,1606,806,0,sty+tfidf+perp,3,0,0.0002966016540720772,True
1607,1607,806,1,sty+tfidf+perp,3,1,0.9163105287491451,True
1608,1608,807,0,sty+tfidf+perp,3,1,0.7719739908406851,False
1609,1609,807,1,sty+tfidf+perp,3,1,0.9973313883165134,True
1610,1610,808,0,sty+tfidf+perp,3,0,0.00016188675506455564,True
1611,1611,808,1,sty+tfidf+perp,3,1,0.9972661514960396,True
1612,1612,809,0,sty+tfidf+perp,3,0,0.00010752780836468105,True
1613,1613,809,1,sty+tfidf+perp,3,1,0.9988592301119933,True
1614,1614,810,0,sty+tfidf+perp,3,0,0.000906607235224863,True
1615,1615,810,1,sty+tfidf+perp,3,1,0.998901130371689,True
1616,1616,811,0,sty+tfidf+perp,3,0,0.00022588106680957053,True
1617,1617,811,1,sty+tfidf+perp,3,1,0.9491040878351985,True
1618,1618,812,0,sty+tfidf+perp,3,0,0.0053402036136264,True
1619,1619,812,1,sty+tfidf+perp,3,1,0.9446143879296293,True
1620,1620,813,1,sty+tfidf+perp,3,1,0.9749486454357918,True
1621,1621,814,0,sty+tfidf+perp,3,0,0.1609962812456947,True
1622,1622,814,1,sty+tfidf+perp,3,1,0.9999411009347074,True
1623,1623,815,0,sty+tfidf+perp,3,0,0.024610965211866807,True
1624,1624,815,1,sty+tfidf+perp,3,1,0.999817169259789,True
1625,1625,816,0,sty+tfidf+perp,3,0,0.005686956980643311,True
1626,1626,816,1,sty+tfidf+perp,3,1,0.9991933971686993,True
1627,1627,817,0,sty+tfidf+perp,3,0,0.016061792052583415,True
1628,1628,817,1,sty+tfidf+perp,3,1,0.9994391992840711,True
1629,1629,818,0,sty+tfidf+perp,3,0,0.00025963529341163513,True
1630,1630,818,1,sty+tfidf+perp,3,1,0.9931055099772956,True
1631,1631,819,0,sty+tfidf+perp,3,0,8.265489241458297e-05,True
1632,1632,819,1,sty+tfidf+perp,3,1,0.9995950807012942,True
1633,1633,820,0,sty+tfidf+perp,3,0,0.005168119659428618,True
1634,1634,820,1,sty+tfidf+perp,3,1,0.997802151187663,True
1635,1635,821,0,sty+tfidf+perp,3,0,0.030559336829668705,True
1636,1636,821,1,sty+tfidf+perp,3,1,0.9981558228256654,True
1637,1637,822,0,sty+tfidf+perp,3,0,0.0007401357465868872,True
1638,1638,822,1,sty+tfidf+perp,3,1,0.9996522932907238,True
1639,1639,823,0,sty+tfidf+perp,3,0,0.0002120848542192005,True
1640,1640,823,1,sty+tfidf+perp,3,1,0.9998432850294706,True
1641,1641,824,0,sty+tfidf+perp,3,0,7.130853834661418e-05,True
1642,1642,824,1,sty+tfidf+perp,3,1,0.9983638896664371,True
1643,1643,825,0,sty+tfidf+perp,3,0,0.0016771917680570621,True
1644,1644,825,1,sty+tfidf+perp,3,1,0.9993594036756469,True
1645,1645,826,0,sty+tfidf+perp,3,0,0.0001457613574724129,True
1646,1646,826,1,sty+tfidf+perp,3,1,0.9943917344177724,True
1647,1647,827,0,sty+tfidf+perp,3,0,8.177530348580957e-05,True
1648,1648,827,1,sty+tfidf+perp,3,1,0.9998601945952323,True
1649,1649,828,0,sty+tfidf+perp,3,0,0.0018356400420763224,True
1650,1650,828,1,sty+tfidf+perp,3,1,0.9990532978385811,True
1651,1651,829,0,sty+tfidf+perp,3,0,0.43678452381238836,True
1652,1652,829,1,sty+tfidf+perp,3,1,0.998024027067941,True
1653,1653,830,0,sty+tfidf+perp,3,0,0.004886917185884279,True
1654,1654,830,1,sty+tfidf+perp,3,1,0.9958245917426808,True
1655,1655,831,0,sty+tfidf+perp,3,0,0.026135284944774795,True
1656,1656,831,1,sty+tfidf+perp,3,1,0.8898497948850438,True
1657,1657,832,0,sty+tfidf+perp,3,0,0.0006399338100556353,True
1658,1658,832,1,sty+tfidf+perp,3,1,0.9996841538600385,True
1659,1659,833,0,sty+tfidf+perp,3,0,0.03719066380379688,True
1660,1660,833,1,sty+tfidf+perp,3,1,0.9998933157709223,True
1661,1661,834,0,sty+tfidf+perp,3,0,2.873652267394662e-05,True
1662,1662,834,1,sty+tfidf+perp,3,1,0.9980644791134242,True
1663,1663,835,0,sty+tfidf+perp,3,0,0.0004142648193866584,True
1664,1664,835,1,sty+tfidf+perp,3,1,0.9993567358490606,True
1665,1665,836,0,sty+tfidf+perp,3,0,0.00018369543622018757,True
1666,1666,836,1,sty+tfidf+perp,3,1,0.9835771864368169,True
1667,1667,837,0,sty+tfidf+perp,3,0,0.0016011952519894303,True
1668,1668,837,1,sty+tfidf+perp,3,1,0.9918436867208836,True
1669,1669,838,0,sty+tfidf+perp,3,0,0.0006295267673530989,True
1670,1670,838,1,sty+tfidf+perp,3,1,0.9945386498165943,True
1671,1671,839,0,sty+tfidf+perp,3,0,3.277321732455163e-05,True
1672,1672,839,1,sty+tfidf+perp,3,1,0.9898728732713702,True
1673,1673,840,0,sty+tfidf+perp,3,0,0.00292824889315179,True
1674,1674,840,1,sty+tfidf+perp,3,1,0.9980922029367625,True
1675,1675,841,0,sty+tfidf+perp,3,0,0.00020277447050255838,True
1676,1676,841,1,sty+tfidf+perp,3,1,0.9800797442179014,True
1677,1677,842,0,sty+tfidf+perp,3,0,0.0008848852321479831,True
1678,1678,842,1,sty+tfidf+perp,3,1,0.9984146123429971,True
1679,1679,843,0,sty+tfidf+perp,3,0,0.10064977658196025,True
1680,1680,843,1,sty+tfidf+perp,3,1,0.9978270781913776,True
1681,1681,844,0,sty+tfidf+perp,3,0,0.005793741262861223,True
1682,1682,844,1,sty+tfidf+perp,3,1,0.9782733454911617,True
1683,1683,845,0,sty+tfidf+perp,3,0,0.0007484654131866577,True
1684,1684,845,1,sty+tfidf+perp,3,1,0.9999098399313205,True
1685,1685,846,0,sty+tfidf+perp,3,0,0.4086360902544802,True
1686,1686,846,1,sty+tfidf+perp,3,1,0.9992660122237964,True
1687,1687,847,0,sty+tfidf+perp,3,0,0.001000341772750103,True
1688,1688,847,1,sty+tfidf+perp,3,1,0.9983152445053781,True
1689,1689,848,0,sty+tfidf+perp,3,0,0.00020362822894390238,True
1690,1690,848,1,sty+tfidf+perp,3,1,0.9998334394749875,True
1691,1691,849,0,sty+tfidf+perp,3,0,0.00021221106456154864,True
1692,1692,849,1,sty+tfidf+perp,3,1,0.9998920351546347,True
1693,1693,850,0,sty+tfidf+perp,3,0,0.000731254849361038,True
1694,1694,850,1,sty+tfidf+perp,3,1,0.9994215812526063,True
1695,1695,851,0,sty+tfidf+perp,3,0,0.003701808986069796,True
1696,1696,851,1,sty+tfidf+perp,3,1,0.9981997760361349,True
1697,1697,852,0,sty+tfidf+perp,3,0,3.8618843057203484e-05,True
1698,1698,852,1,sty+tfidf+perp,3,1,0.9979863975248735,True
1699,1699,853,0,sty+tfidf+perp,3,0,0.002662193290989586,True
1700,1700,853,1,sty+tfidf+perp,3,1,0.9999513467287879,True
1701,1701,854,0,sty+tfidf+perp,3,0,0.0005179031338712398,True
1702,1702,854,1,sty+tfidf+perp,3,1,0.9998976137704785,True
1703,1703,855,0,sty+tfidf+perp,3,0,0.002404499829421256,True
1704,1704,855,1,sty+tfidf+perp,3,1,0.9976082835639504,True
1705,1705,856,0,sty+tfidf+perp,3,0,9.512065166268658e-05,True
1706,1706,856,1,sty+tfidf+perp,3,1,0.9999095123640223,True
1707,1707,857,0,sty+tfidf+perp,3,0,0.00030728209885049574,True
1708,1708,857,1,sty+tfidf+perp,3,1,0.9849282953216669,True
1709,1709,858,0,sty+tfidf+perp,3,0,0.09679592402262888,True
1710,1710,858,1,sty+tfidf+perp,3,1,0.9999450669923773,True
1711,1711,859,0,sty+tfidf+perp,3,0,8.917255631063235e-05,True
1712,1712,859,1,sty+tfidf+perp,3,1,0.8650668986977299,True
1713,1713,860,0,sty+tfidf+perp,3,0,0.0023747351178500984,True
1714,1714,860,1,sty+tfidf+perp,3,1,0.999678426482139,True
1715,1715,861,0,sty+tfidf+perp,3,0,0.0017055640817704339,True
1716,1716,861,1,sty+tfidf+perp,3,1,0.9848495951610152,True
1717,1717,862,0,sty+tfidf+perp,3,0,0.02124446905984817,True
1718,1718,862,1,sty+tfidf+perp,3,0,0.16483513762054128,False
1719,1719,863,0,sty+tfidf+perp,3,0,0.0178099593411253,True
1720,1720,863,1,sty+tfidf+perp,3,1,0.9992359802911651,True
1721,1721,864,0,sty+tfidf+perp,3,0,0.007982682438542268,True
1722,1722,864,1,sty+tfidf+perp,3,1,0.993063534842768,True
1723,1723,865,0,sty+tfidf+perp,3,0,0.0005754086847289359,True
1724,1724,865,1,sty+tfidf+perp,3,1,0.9950645517772004,True
1725,1725,866,0,sty+tfidf+perp,3,0,0.0002568964776433604,True
1726,1726,866,1,sty+tfidf+perp,3,1,0.9996322950376111,True
1727,1727,867,0,sty+tfidf+perp,3,0,0.003140427966017069,True
1728,1728,867,1,sty+tfidf+perp,3,1,0.9994835783839836,True
1729,1729,868,0,sty+tfidf+perp,3,0,0.0008316013017034454,True
1730,1730,868,1,sty+tfidf+perp,3,1,0.9995885345123906,True
1731,1731,869,0,sty+tfidf+perp,3,0,0.004414919622933218,True
1732,1732,869,1,sty+tfidf+perp,3,1,0.9988868079174501,True
1733,1733,870,0,sty+tfidf+perp,3,0,0.0012561477240684612,True
1734,1734,870,1,sty+tfidf+perp,3,1,0.9948382034198423,True
1735,1735,871,0,sty+tfidf+perp,3,0,0.003966552180485189,True
1736,1736,871,1,sty+tfidf+perp,3,1,0.9997004529288694,True
1737,1737,872,0,sty+tfidf+perp,3,0,0.02371154595300758,True
1738,1738,872,1,sty+tfidf+perp,3,1,0.9998842512219566,True
1739,1739,873,0,sty+tfidf+perp,3,0,0.004621007432186862,True
1740,1740,873,1,sty+tfidf+perp,3,1,0.9995593453454258,True
1741,1741,874,0,sty+tfidf+perp,3,0,0.0004458810348039499,True
1742,1742,874,1,sty+tfidf+perp,3,1,0.8804946390235204,True
1743,1743,875,0,sty+tfidf+perp,3,0,5.470268569534407e-05,True
1744,1744,875,1,sty+tfidf+perp,3,1,0.9977619557558834,True
1745,1745,876,0,sty+tfidf+perp,3,0,0.0017016998629342454,True
1746,1746,876,1,sty+tfidf+perp,3,1,0.9993306184537473,True
1747,1747,877,0,sty+tfidf+perp,3,0,0.0014498999667543063,True
1748,1748,877,1,sty+tfidf+perp,3,1,0.9997599205953603,True
1749,1749,878,0,sty+tfidf+perp,3,0,0.09783578375559777,True
1750,1750,878,1,sty+tfidf+perp,3,1,0.9998638010402642,True
1751,1751,879,0,sty+tfidf+perp,3,0,0.011983714405858386,True
1752,1752,879,1,sty+tfidf+perp,3,1,0.9808927969615909,True
1753,1753,880,0,sty+tfidf+perp,3,0,0.012327604431701025,True
1754,1754,880,1,sty+tfidf+perp,3,1,0.9984180468459467,True
1755,1755,881,0,sty+tfidf+perp,3,0,0.0005106113755914857,True
1756,1756,881,1,sty+tfidf+perp,3,1,0.994858214372716,True
1757,1757,882,0,sty+tfidf+perp,3,0,0.00035360125945229737,True
1758,1758,882,1,sty+tfidf+perp,3,1,0.9954927210781235,True
1759,1759,883,0,sty+tfidf+perp,3,0,0.0014963946182173899,True
1760,1760,883,1,sty+tfidf+perp,3,1,0.9988335706157024,True
1761,1761,884,0,sty+tfidf+perp,3,0,7.789510995500757e-05,True
1762,1762,884,1,sty+tfidf+perp,3,1,0.9963182897139883,True
1763,1763,885,0,sty+tfidf+perp,3,0,0.00024943624484726704,True
1764,1764,885,1,sty+tfidf+perp,3,1,0.9986893400552399,True
1765,1765,886,0,sty+tfidf+perp,3,0,0.005772209909433956,True
1766,1766,886,1,sty+tfidf+perp,3,1,0.9992099530850871,True
1767,1767,887,0,sty+tfidf+perp,3,0,0.00027417605890261553,True
1768,1768,887,1,sty+tfidf+perp,3,1,0.5419686698993129,True
1769,1769,888,0,sty+tfidf+perp,3,0,0.0002743481662256703,True
1770,1770,888,1,sty+tfidf+perp,3,1,0.9999454613066384,True
1771,1771,889,0,sty+tfidf+perp,3,0,0.030773738620146995,True
1772,1772,889,1,sty+tfidf+perp,3,1,0.9998389921923241,True
1773,1773,890,0,sty+tfidf+perp,3,0,0.0012423462663919374,True
1774,1774,890,1,sty+tfidf+perp,3,1,0.9992918852580607,True
1775,1775,891,0,sty+tfidf+perp,3,1,0.6245609606221489,False
1776,1776,891,1,sty+tfidf+perp,3,1,0.9230729080604918,True
1777,1777,892,0,sty+tfidf+perp,3,0,0.000811000761130687,True
1778,1778,892,1,sty+tfidf+perp,3,1,0.9999575189587384,True
1779,1779,893,0,sty+tfidf+perp,3,0,0.0014796236734238852,True
1780,1780,893,1,sty+tfidf+perp,3,1,0.9990381038779301,True
1781,1781,894,0,sty+tfidf+perp,3,0,0.0005484543599743366,True
1782,1782,894,1,sty+tfidf+perp,3,1,0.9992922454642194,True
1783,1783,895,0,sty+tfidf+perp,3,0,6.95358705809697e-05,True
1784,1784,895,1,sty+tfidf+perp,3,1,0.9659102305497598,True
1785,1785,896,0,sty+tfidf+perp,3,0,0.0038847843935168854,True
1786,1786,896,1,sty+tfidf+perp,3,1,0.9970243439478521,True
1787,1787,897,0,sty+tfidf+perp,3,0,0.0005437641121787049,True
1788,1788,897,1,sty+tfidf+perp,3,1,0.9998168501463561,True
1789,1789,898,0,sty+tfidf+perp,3,0,0.01934179677801229,True
1790,1790,898,1,sty+tfidf+perp,3,1,0.9993694291132951,True
1791,1791,899,0,sty+tfidf+perp,3,0,0.0012490365001610645,True
1792,1792,899,1,sty+tfidf+perp,3,1,0.9992298742062953,True
1793,1793,900,0,sty+tfidf+perp,3,0,0.0023117816508208145,True
1794,1794,900,1,sty+tfidf+perp,3,1,0.9589139748256897,True
1795,1795,901,0,sty+tfidf+perp,3,0,0.015393476624967312,True
1796,1796,901,1,sty+tfidf+perp,3,1,0.9993085016923638,True
1797,1797,902,0,sty+tfidf+perp,3,0,0.00859047779217227,True
1798,1798,902,1,sty+tfidf+perp,3,1,0.9927915345306476,True
1799,1799,903,0,sty+tfidf+perp,3,0,9.179500082602879e-05,True
1800,1800,903,1,sty+tfidf+perp,3,1,0.9996999530379073,True
1801,1801,904,0,sty+tfidf+perp,3,0,0.011485377162515246,True
1802,1802,904,1,sty+tfidf+perp,3,1,0.999081976229242,True
1803,1803,905,0,sty+tfidf+perp,3,0,0.000485634947608635,True
1804,1804,905,1,sty+tfidf+perp,3,1,0.9992472145965045,True
1805,1805,906,0,sty+tfidf+perp,3,0,0.0002492700628444854,True
1806,1806,906,1,sty+tfidf+perp,3,1,0.9985138229976471,True
1807,1807,907,0,sty+tfidf+perp,3,0,0.00032416229558440625,True
1808,1808,907,1,sty+tfidf+perp,3,1,0.9990238494985244,True
1809,1809,908,0,sty+tfidf+perp,3,0,0.0021847526639982057,True
1810,1810,908,1,sty+tfidf+perp,3,0,0.0925835807507104,False
1811,1811,909,0,sty+tfidf+perp,3,0,0.0014519034491412815,True
1812,1812,909,1,sty+tfidf+perp,3,1,0.9989714523080876,True
1813,1813,910,0,sty+tfidf+perp,3,0,0.0047318206504539904,True
1814,1814,910,1,sty+tfidf+perp,3,1,0.7864645466662028,True
1815,1815,911,0,sty+tfidf+perp,3,0,0.10697620272151026,True
1816,1816,911,1,sty+tfidf+perp,3,1,0.985895771720668,True
1817,1817,912,0,sty+tfidf+perp,3,0,0.012307052581395523,True
1818,1818,912,1,sty+tfidf+perp,3,1,0.9997891290287535,True
1819,1819,913,0,sty+tfidf+perp,3,0,0.00015278214243314637,True
1820,1820,913,1,sty+tfidf+perp,3,1,0.9997801193453504,True
1821,1821,914,0,sty+tfidf+perp,3,0,0.019046176896612532,True
1822,1822,914,1,sty+tfidf+perp,3,1,0.9999139797968021,True
1823,1823,915,0,sty+tfidf+perp,3,0,0.0004008231484973767,True
1824,1824,915,1,sty+tfidf+perp,3,1,0.9732153372771135,True
1825,1825,916,0,sty+tfidf+perp,3,0,0.011839606627026822,True
1826,1826,916,1,sty+tfidf+perp,3,1,0.9985367593768562,True
1827,1827,917,0,sty+tfidf+perp,3,0,0.0003503472460464259,True
1828,1828,917,1,sty+tfidf+perp,3,1,0.9997825633228177,True
1829,1829,918,0,sty+tfidf+perp,3,0,0.00024867969020054913,True
1830,1830,918,1,sty+tfidf+perp,3,1,0.9997708697995921,True
1831,1831,919,0,sty+tfidf+perp,3,0,0.009215509380481426,True
1832,1832,919,1,sty+tfidf+perp,3,1,0.9996556137678156,True
1833,1833,920,0,sty+tfidf+perp,3,0,0.02176446331519927,True
1834,1834,920,1,sty+tfidf+perp,3,1,0.999576769458101,True
1835,1835,921,0,sty+tfidf+perp,3,0,0.005479201513312426,True
1836,1836,921,1,sty+tfidf+perp,3,1,0.9992237983062738,True
1837,1837,922,0,sty+tfidf+perp,3,0,0.0005701971522320648,True
1838,1838,922,1,sty+tfidf+perp,3,1,0.9998027287353167,True
1839,1839,923,0,sty+tfidf+perp,3,0,0.014198069921298071,True
1840,1840,923,1,sty+tfidf+perp,3,1,0.9999116131893239,True
1841,1841,924,0,sty+tfidf+perp,3,0,0.0004978155325534674,True
1842,1842,924,1,sty+tfidf+perp,3,1,0.8884668730669333,True
1843,1843,925,0,sty+tfidf+perp,3,0,0.0009950540694544441,True
1844,1844,925,1,sty+tfidf+perp,3,1,0.9997676886760927,True
1845,1845,926,0,sty+tfidf+perp,3,0,0.0031677110517971305,True
1846,1846,926,1,sty+tfidf+perp,3,1,0.9983997434571172,True
1847,1847,927,0,sty+tfidf+perp,3,0,0.0025870196037025145,True
1848,1848,927,1,sty+tfidf+perp,3,1,0.99968692197091,True
1849,1849,928,0,sty+tfidf+perp,3,0,0.0019702241405370846,True
1850,1850,928,1,sty+tfidf+perp,3,1,0.9997844420721878,True
1851,1851,929,0,sty+tfidf+perp,3,0,0.0003814569072288488,True
1852,1852,929,1,sty+tfidf+perp,3,1,0.9996668559335579,True
1853,1853,930,0,sty+tfidf+perp,3,0,0.013271182485394653,True
1854,1854,930,1,sty+tfidf+perp,3,1,0.999933148269736,True
1855,1855,931,0,sty+tfidf+perp,3,0,0.24721305876612734,True
1856,1856,931,1,sty+tfidf+perp,3,1,0.9053223049900031,True
1857,1857,932,0,sty+tfidf+perp,3,0,0.03518806970794742,True
1858,1858,932,1,sty+tfidf+perp,3,1,0.9995301233183844,True
1859,1859,933,0,sty+tfidf+perp,3,0,0.00016390914059190084,True
1860,1860,933,1,sty+tfidf+perp,3,1,0.9997171563677156,True
1861,1861,934,0,sty+tfidf+perp,3,0,0.0019634484762154863,True
1862,1862,934,1,sty+tfidf+perp,3,1,0.9982896184614798,True
1863,1863,935,0,sty+tfidf+perp,3,0,0.005953445415968693,True
1864,1864,935,1,sty+tfidf+perp,3,1,0.998858242036421,True
1865,1865,936,0,sty+tfidf+perp,3,0,0.02087378477863936,True
1866,1866,936,1,sty+tfidf+perp,3,1,0.9944990356256599,True
1867,1867,937,0,sty+tfidf+perp,3,0,0.0016255067781470898,True
1868,1868,937,1,sty+tfidf+perp,3,1,0.9976097782251238,True
1869,1869,938,0,sty+tfidf+perp,3,0,0.0026867913859612807,True
1870,1870,938,1,sty+tfidf+perp,3,1,0.9308223851111103,True
1871,1871,939,0,sty+tfidf+perp,3,0,0.012732028140149135,True
1872,1872,939,1,sty+tfidf+perp,3,1,0.9992145069962829,True
1873,1873,940,0,sty+tfidf+perp,3,0,0.0003719621611147404,True
1874,1874,940,1,sty+tfidf+perp,3,1,0.9979830390915642,True
1875,1875,941,0,sty+tfidf+perp,3,0,0.0009219042976202205,True
1876,1876,941,1,sty+tfidf+perp,3,1,0.992974703723935,True
1877,1877,942,0,sty+tfidf+perp,3,0,0.0009483981234065075,True
1878,1878,942,1,sty+tfidf+perp,3,1,0.9999411449715622,True
1879,1879,943,0,sty+tfidf+perp,3,0,0.0008191194816662024,True
1880,1880,943,1,sty+tfidf+perp,3,1,0.9997007973808363,True
1881,1881,944,0,sty+tfidf+perp,3,0,0.000615073694966012,True
1882,1882,944,1,sty+tfidf+perp,3,1,0.9996501139566851,True
1883,1883,945,0,sty+tfidf+perp,3,0,0.0005466276811633809,True
1884,1884,945,1,sty+tfidf+perp,3,1,0.9978887783228503,True
1885,1885,946,0,sty+tfidf+perp,3,0,7.75675394825625e-05,True
1886,1886,946,1,sty+tfidf+perp,3,1,0.9984616273395414,True
1887,1887,947,0,sty+tfidf+perp,3,0,0.056875735518918474,True
1888,1888,947,1,sty+tfidf+perp,3,1,0.9997060015486837,True
1889,1889,948,0,sty+tfidf+perp,3,0,0.0009027728515640228,True
1890,1890,948,1,sty+tfidf+perp,3,1,0.9997183768460003,True
1891,1891,949,0,sty+tfidf+perp,3,0,0.005523417200304643,True
1892,1892,949,1,sty+tfidf+perp,3,1,0.9975522330258794,True
1893,1893,950,0,sty+tfidf+perp,3,0,0.008218001759837527,True
1894,1894,950,1,sty+tfidf+perp,3,1,0.9963280490442613,True
1895,1895,951,0,sty+tfidf+perp,3,0,0.00391294716260878,True
1896,1896,951,1,sty+tfidf+perp,3,1,0.9997371713792511,True
1897,1897,952,0,sty+tfidf+perp,3,0,0.0020684102123022796,True
1898,1898,952,1,sty+tfidf+perp,3,1,0.7503303223652222,True
1899,1899,953,0,sty+tfidf+perp,3,0,0.0020983088566395133,True
1900,1900,953,1,sty+tfidf+perp,3,1,0.9993297163572629,True
1901,1901,954,0,sty+tfidf+perp,3,0,0.24302052440231411,True
1902,1902,954,1,sty+tfidf+perp,3,1,0.9992398361147177,True
1903,1903,955,0,sty+tfidf+perp,3,0,0.011791048170598976,True
1904,1904,955,1,sty+tfidf+perp,3,1,0.9983545837418799,True
1905,1905,956,0,sty+tfidf+perp,3,0,9.392438819896663e-05,True
1906,1906,956,1,sty+tfidf+perp,3,1,0.9997660021549967,True
1907,1907,957,0,sty+tfidf+perp,3,0,0.010754770397080882,True
1908,1908,957,1,sty+tfidf+perp,3,1,0.9998110747574094,True
1909,1909,958,0,sty+tfidf+perp,3,0,0.0007491498971226743,True
1910,1910,958,1,sty+tfidf+perp,3,1,0.9987066362940484,True
1911,1911,959,0,sty+tfidf+perp,3,0,4.907653135152362e-05,True
1912,1912,959,1,sty+tfidf+perp,3,1,0.9923983975526826,True
1913,1913,960,0,sty+tfidf+perp,3,0,0.0007761394177110257,True
1914,1914,960,1,sty+tfidf+perp,3,1,0.9991475036022824,True
1915,1915,961,0,sty+tfidf+perp,3,0,0.00011992207160134147,True
1916,1916,961,1,sty+tfidf+perp,3,1,0.9978605290878686,True
1917,1917,962,0,sty+tfidf+perp,3,0,0.06437105107615439,True
1918,1918,962,1,sty+tfidf+perp,3,1,0.9994728895978228,True
1919,1919,963,0,sty+tfidf+perp,3,0,0.0004322047965025499,True
1920,1920,963,1,sty+tfidf+perp,3,1,0.9985148212773198,True
1921,1921,964,0,sty+tfidf+perp,3,0,0.4951293397698738,True
1922,1922,964,1,sty+tfidf+perp,3,1,0.9990240790994341,True
1923,1923,965,0,sty+tfidf+perp,3,0,0.0003232481518932937,True
1924,1924,965,1,sty+tfidf+perp,3,1,0.9998552836524296,True
1925,1925,966,0,sty+tfidf+perp,3,0,0.015304213118166652,True
1926,1926,966,1,sty+tfidf+perp,3,1,0.9805361068281685,True
1927,1927,967,0,sty+tfidf+perp,3,0,0.0240048313533163,True
1928,1928,967,1,sty+tfidf+perp,3,1,0.9470066045814294,True
1929,1929,968,0,sty+tfidf+perp,3,0,0.0010852630212800586,True
1930,1930,968,1,sty+tfidf+perp,3,1,0.999698650201218,True
1931,1931,969,0,sty+tfidf+perp,3,0,0.0025928954832511427,True
1932,1932,969,1,sty+tfidf+perp,3,1,0.9988017825731699,True
1933,1933,970,0,sty+tfidf+perp,3,0,0.09973812798620683,True
1934,1934,970,1,sty+tfidf+perp,3,1,0.9994604004574583,True
1935,1935,971,1,sty+tfidf+perp,3,1,0.9996453318462128,True
1936,1936,972,0,sty+tfidf+perp,3,0,0.00247221599182821,True
1937,1937,972,1,sty+tfidf+perp,3,1,0.9744685480090887,True
1938,1938,973,0,sty+tfidf+perp,3,0,0.00045350843713988704,True
1939,1939,973,1,sty+tfidf+perp,3,1,0.9987065829998787,True
1940,1940,974,0,sty+tfidf+perp,3,0,0.0004350232809533589,True
1941,1941,974,1,sty+tfidf+perp,3,1,0.9997740543501422,True
1942,1942,975,0,sty+tfidf+perp,3,0,0.0003154027772979276,True
1943,1943,975,1,sty+tfidf+perp,3,1,0.9992913339798046,True
1944,1944,976,0,sty+tfidf+perp,3,0,9.499416735718687e-05,True
1945,1945,976,1,sty+tfidf+perp,3,1,0.9991299254334174,True
1946,1946,977,0,sty+tfidf+perp,3,0,0.0008360736081052168,True
1947,1947,977,1,sty+tfidf+perp,3,1,0.9956595628591739,True
1948,1948,978,0,sty+tfidf+perp,3,0,0.0009096064212385539,True
1949,1949,978,1,sty+tfidf+perp,3,1,0.9964710953881382,True
1950,1950,979,0,sty+tfidf+perp,3,0,5.466706939820037e-05,True
1951,1951,979,1,sty+tfidf+perp,3,1,0.9996012873178733,True
1952,1952,980,0,sty+tfidf+perp,3,0,0.0014443783151644816,True
1953,1953,980,1,sty+tfidf+perp,3,1,0.7435118357795564,True
1954,1954,981,0,sty+tfidf+perp,3,0,0.0012940721511224935,True
1955,1955,981,1,sty+tfidf+perp,3,1,0.9988907866153156,True
1956,1956,982,0,sty+tfidf+perp,3,0,0.0042768707493689995,True
1957,1957,982,1,sty+tfidf+perp,3,1,0.8721307443816148,True
1958,1958,983,0,sty+tfidf+perp,3,0,0.014710853552806012,True
1959,1959,983,1,sty+tfidf+perp,3,1,0.9994241399697832,True
1960,1960,984,0,sty+tfidf+perp,3,0,0.0037051739686069607,True
1961,1961,984,1,sty+tfidf+perp,3,1,0.9968155676483331,True
1962,1962,985,0,sty+tfidf+perp,3,0,0.008349510342877193,True
1963,1963,985,1,sty+tfidf+perp,3,1,0.9998438838975425,True
1964,1964,986,0,sty+tfidf+perp,3,0,0.0021019497030089,True
1965,1965,986,1,sty+tfidf+perp,3,1,0.9996814705787542,True
1966,1966,987,0,sty+tfidf+perp,3,0,0.0034078118713479722,True
1967,1967,987,1,sty+tfidf+perp,3,1,0.9998934467953735,True
1968,1968,988,0,sty+tfidf+perp,3,0,3.2161516589599486e-05,True
1969,1969,988,1,sty+tfidf+perp,3,1,0.9894238706913151,True
1970,1970,989,0,sty+tfidf+perp,3,0,5.729225056612444e-05,True
1971,1971,989,1,sty+tfidf+perp,3,1,0.9986825290177066,True
1972,1972,990,0,sty+tfidf+perp,3,0,0.013777190036296289,True
1973,1973,990,1,sty+tfidf+perp,3,1,0.999308812110498,True
1974,1974,991,0,sty+tfidf+perp,3,0,0.0006322217052341135,True
1975,1975,991,1,sty+tfidf+perp,3,1,0.9928420774200981,True
1976,1976,992,0,sty+tfidf+perp,3,0,0.016535786070180407,True
1977,1977,992,1,sty+tfidf+perp,3,1,0.8935203510823271,True
1978,1978,993,0,sty+tfidf+perp,3,0,0.00011462572458413852,True
1979,1979,993,1,sty+tfidf+perp,3,1,0.9999288401297363,True
1980,1980,994,0,sty+tfidf+perp,3,0,0.008481404145745126,True
1981,1981,994,1,sty+tfidf+perp,3,1,0.9970481582509922,True
1982,1982,995,0,sty+tfidf+perp,3,0,0.008073899564240745,True
1983,1983,995,1,sty+tfidf+perp,3,1,0.988191676432034,True
1984,1984,996,0,sty+tfidf+perp,3,0,0.0066124349915421205,True
1985,1985,996,1,sty+tfidf+perp,3,1,0.9763421935669159,True
1986,1986,997,0,sty+tfidf+perp,3,0,0.0005480868741496914,True
1987,1987,997,1,sty+tfidf+perp,3,1,0.9998037869442906,True
1988,1988,998,0,sty+tfidf+perp,3,0,0.005406606456613958,True
1989,1989,998,1,sty+tfidf+perp,3,1,0.9992843105863854,True
1990,1990,999,0,sty+tfidf+perp,3,0,0.0012549952388719917,True
1991,1991,999,1,sty+tfidf+perp,3,1,0.9993888122665948,True
1992,1992,1000,0,sty+tfidf+perp,3,0,0.008872602278751649,True
1993,1993,1000,1,sty+tfidf+perp,3,1,0.9987163164186815,True
1994,1994,1001,0,sty+tfidf+perp,3,1,0.9434278119650069,False
1995,1995,1001,1,sty+tfidf+perp,3,1,0.9995758248928773,True
1996,1996,1002,0,sty+tfidf+perp,3,0,0.00034632553028336786,True
1997,1997,1002,1,sty+tfidf+perp,3,1,0.9983002641264735,True
1998,1998,1003,0,sty+tfidf+perp,3,0,0.01138390674930579,True
1999,1999,1003,1,sty+tfidf+perp,3,1,0.999904617576641,True
2000,2000,1004,0,sty+tfidf+perp,3,0,0.004128971659231417,True
2001,2001,1004,1,sty+tfidf+perp,3,1,0.9995904282673892,True
2002,2002,1005,0,sty+tfidf+perp,3,0,0.0003536047391693479,True
2003,2003,1005,1,sty+tfidf+perp,3,1,0.9993661500345266,True
2004,2004,1006,0,sty+tfidf+perp,3,0,0.04052235039322544,True
2005,2005,1006,1,sty+tfidf+perp,3,1,0.9991932238894069,True
2006,2006,1007,0,sty+tfidf+perp,3,0,0.0031874549239004797,True
2007,2007,1007,1,sty+tfidf+perp,3,1,0.7227729281181029,True
2008,2008,1008,0,sty+tfidf+perp,3,0,0.0002883982367259252,True
2009,2009,1008,1,sty+tfidf+perp,3,1,0.9996578427050986,True
2010,2010,1009,0,sty+tfidf+perp,3,0,0.12693228644277232,True
2011,2011,1009,1,sty+tfidf+perp,3,1,0.9952421502578108,True
2012,2012,1010,0,sty+tfidf+perp,3,0,0.06765152646141791,True
2013,2013,1010,1,sty+tfidf+perp,3,1,0.9971302534388705,True
2014,2014,1011,0,sty+tfidf+perp,3,0,0.0002482476452049081,True
2015,2015,1011,1,sty+tfidf+perp,3,1,0.99851919662,True
2016,2016,1012,0,sty+tfidf+perp,3,0,0.0007915194213333861,True
2017,2017,1012,1,sty+tfidf+perp,3,1,0.9756143694239481,True
2018,2018,1013,0,sty+tfidf+perp,3,0,0.006380841617592348,True
2019,2019,1013,1,sty+tfidf+perp,3,1,0.9992879897495053,True
2020,2020,1014,0,sty+tfidf+perp,3,0,0.00041384335974807367,True
2021,2021,1014,1,sty+tfidf+perp,3,1,0.9999201691781116,True
2022,2022,1015,0,sty+tfidf+perp,3,0,0.0008944398368059352,True
2023,2023,1015,1,sty+tfidf+perp,3,0,0.30972138878876165,False
2024,2024,1016,0,sty+tfidf+perp,3,0,4.72227495239349e-05,True
2025,2025,1016,1,sty+tfidf+perp,3,1,0.9954496989362491,True
2026,2026,1017,0,sty+tfidf+perp,3,0,0.0006462742956295031,True
2027,2027,1017,1,sty+tfidf+perp,3,1,0.9881583669078408,True
2028,2028,1018,0,sty+tfidf+perp,3,0,0.0003517029618697634,True
2029,2029,1018,1,sty+tfidf+perp,3,1,0.992387788218459,True
2030,2030,1019,0,sty+tfidf+perp,3,0,0.0005565611398464558,True
2031,2031,1019,1,sty+tfidf+perp,3,1,0.5007085209078285,True
2032,2032,1020,0,sty+tfidf+perp,3,0,0.006914842663003313,True
2033,2033,1020,1,sty+tfidf+perp,3,1,0.9657560990806144,True
2034,2034,1021,0,sty+tfidf+perp,3,0,0.000516585688612548,True
2035,2035,1021,1,sty+tfidf+perp,3,1,0.9991338233427007,True
2036,2036,1022,0,sty+tfidf+perp,3,0,0.00011741443796918095,True
2037,2037,1022,1,sty+tfidf+perp,3,1,0.9980334457562949,True
2038,2038,1023,0,sty+tfidf+perp,3,0,0.00088953349482409,True
2039,2039,1023,1,sty+tfidf+perp,3,1,0.9212464229515248,True
2040,2040,1024,0,sty+tfidf+perp,3,0,0.0008437156426736372,True
2041,2041,1024,1,sty+tfidf+perp,3,1,0.999821066000859,True
2042,2042,1025,0,sty+tfidf+perp,3,0,0.000807214615501988,True
2043,2043,1025,1,sty+tfidf+perp,3,0,0.3230862367932072,False
2044,2044,1026,0,sty+tfidf+perp,3,0,0.10538407370290662,True
2045,2045,1026,1,sty+tfidf+perp,3,1,0.99945942759079,True
2046,2046,1027,0,sty+tfidf+perp,3,0,0.00022408639428977712,True
2047,2047,1027,1,sty+tfidf+perp,3,1,0.9990691700455298,True
2048,2048,1028,0,sty+tfidf+perp,3,0,0.02034719497513153,True
2049,2049,1028,1,sty+tfidf+perp,3,1,0.9991840587544998,True
2050,2050,1029,0,sty+tfidf+perp,3,0,0.008009337672678812,True
2051,2051,1029,1,sty+tfidf+perp,3,1,0.9992096118373083,True
2052,2052,1030,0,sty+tfidf+perp,3,0,0.0002397558191961282,True
2053,2053,1030,1,sty+tfidf+perp,3,1,0.9998963147720379,True
2054,2054,1031,0,sty+tfidf+perp,3,0,0.0019674414072797046,True
2055,2055,1031,1,sty+tfidf+perp,3,1,0.9922071272788129,True
2056,2056,1032,0,sty+tfidf+perp,3,0,0.0003034862491424309,True
2057,2057,1032,1,sty+tfidf+perp,3,1,0.9998234471880527,True
2058,2058,1033,0,sty+tfidf+perp,3,0,0.00822854547105151,True
2059,2059,1033,1,sty+tfidf+perp,3,1,0.9995802722407887,True
2060,2060,1034,0,sty+tfidf+perp,3,0,0.002320289463792754,True
2061,2061,1034,1,sty+tfidf+perp,3,1,0.5973062526640547,True
2062,2062,1035,0,sty+tfidf+perp,3,0,0.002075300330935321,True
2063,2063,1035,1,sty+tfidf+perp,3,1,0.997904339106389,True
2064,2064,1036,0,sty+tfidf+perp,3,0,0.013210570954226484,True
2065,2065,1036,1,sty+tfidf+perp,3,1,0.9939725798962682,True
2066,2066,1037,0,sty+tfidf+perp,3,0,0.0006604098481774462,True
2067,2067,1037,1,sty+tfidf+perp,3,1,0.9707128131983371,True
2068,2068,1038,0,sty+tfidf+perp,3,0,0.010466443501445417,True
2069,2069,1038,1,sty+tfidf+perp,3,1,0.9994014795773309,True
2070,2070,1039,0,sty+tfidf+perp,3,0,0.005288605593502727,True
2071,2071,1039,1,sty+tfidf+perp,3,1,0.5874821755191378,True
2072,2072,1040,0,sty+tfidf+perp,3,0,0.0002051283028135888,True
2073,2073,1040,1,sty+tfidf+perp,3,1,0.9996515598329261,True
2074,2074,1041,0,sty+tfidf+perp,3,0,0.00022848102181330525,True
2075,2075,1041,1,sty+tfidf+perp,3,1,0.9993657701894727,True
2076,2076,1042,0,sty+tfidf+perp,3,0,0.23419392082160306,True
2077,2077,1042,1,sty+tfidf+perp,3,1,0.9995086934799456,True
2078,2078,1043,0,sty+tfidf+perp,3,0,0.03207491774473957,True
2079,2079,1043,1,sty+tfidf+perp,3,1,0.9997323176932448,True
2080,2080,1044,0,sty+tfidf+perp,3,0,0.01728325818882927,True
2081,2081,1044,1,sty+tfidf+perp,3,1,0.9997125537912976,True
2082,2082,1045,0,sty+tfidf+perp,3,0,0.001158411053239861,True
2083,2083,1045,1,sty+tfidf+perp,3,1,0.9971291753077675,True
2084,2084,1046,0,sty+tfidf+perp,3,0,0.00014175712966865337,True
2085,2085,1046,1,sty+tfidf+perp,3,1,0.9949138899930052,True
2086,2086,1047,0,sty+tfidf+perp,3,0,0.0002102122029155927,True
2087,2087,1047,1,sty+tfidf+perp,3,1,0.9993049768539845,True
2088,2088,1048,0,sty+tfidf+perp,3,0,0.032895969703257366,True
2089,2089,1048,1,sty+tfidf+perp,3,1,0.9721583911828107,True
2090,2090,1049,0,sty+tfidf+perp,3,0,0.011772558095991729,True
2091,2091,1049,1,sty+tfidf+perp,3,1,0.9998324032458533,True
2092,2092,1050,0,sty+tfidf+perp,3,0,0.0013785560409938097,True
2093,2093,1050,1,sty+tfidf+perp,3,1,0.9948763741929121,True
2094,2094,1051,0,sty+tfidf+perp,3,0,0.10783085055105199,True
2095,2095,1051,1,sty+tfidf+perp,3,1,0.9998242710218558,True
2096,2096,1052,0,sty+tfidf+perp,3,0,0.43443393869361957,True
2097,2097,1052,1,sty+tfidf+perp,3,1,0.9437560762595596,True
2098,2098,1053,0,sty+tfidf+perp,3,0,0.0005527110219963058,True
2099,2099,1053,1,sty+tfidf+perp,3,1,0.9661596040454011,True
2100,2100,1054,0,sty+tfidf+perp,3,0,0.00013608472245871516,True
2101,2101,1054,1,sty+tfidf+perp,3,1,0.9960017822254118,True
2102,2102,1055,0,sty+tfidf+perp,3,0,0.43966910500543555,True
2103,2103,1055,1,sty+tfidf+perp,3,1,0.9885715439850022,True
2104,2104,1056,0,sty+tfidf+perp,3,0,0.0017549265289689565,True
2105,2105,1056,1,sty+tfidf+perp,3,1,0.9999125030494401,True
2106,2106,1057,0,sty+tfidf+perp,3,0,8.39348608246102e-05,True
2107,2107,1057,1,sty+tfidf+perp,3,1,0.9940641989027957,True
2108,2108,1058,0,sty+tfidf+perp,3,0,0.08109379898948631,True
2109,2109,1058,1,sty+tfidf+perp,3,1,0.9998628306834287,True
2110,2110,1059,0,sty+tfidf+perp,3,0,0.0015440548601425765,True
2111,2111,1059,1,sty+tfidf+perp,3,1,0.9958402226143028,True
2112,2112,1060,0,sty+tfidf+perp,3,0,0.00047364960739628353,True
2113,2113,1060,1,sty+tfidf+perp,3,1,0.9979538827477602,True
2114,2114,1061,0,sty+tfidf+perp,3,0,0.0401984628781444,True
2115,2115,1061,1,sty+tfidf+perp,3,1,0.998657681899705,True
2116,2116,1062,0,sty+tfidf+perp,3,0,0.0005087845890854144,True
2117,2117,1062,1,sty+tfidf+perp,3,1,0.9997215383739682,True
2118,2118,1063,0,sty+tfidf+perp,3,0,0.000634507880370812,True
2119,2119,1063,1,sty+tfidf+perp,3,1,0.9766612372574384,True
2120,2120,1064,0,sty+tfidf+perp,3,0,8.550637724758859e-05,True
2121,2121,1064,1,sty+tfidf+perp,3,1,0.9997127136714322,True
2122,2122,1065,0,sty+tfidf+perp,3,0,7.684328326030162e-05,True
2123,2123,1065,1,sty+tfidf+perp,3,1,0.9628586730915065,True
2124,2124,1066,0,sty+tfidf+perp,3,0,3.698292952286501e-05,True
2125,2125,1066,1,sty+tfidf+perp,3,1,0.9970590545671094,True
2126,2126,1067,0,sty+tfidf+perp,3,0,7.03781222919506e-05,True
2127,2127,1067,1,sty+tfidf+perp,3,1,0.9985142240102332,True
2128,2128,1068,0,sty+tfidf+perp,3,0,0.00010537702893916953,True
2129,2129,1068,1,sty+tfidf+perp,3,1,0.9998013316042382,True
2130,2130,1069,0,sty+tfidf+perp,3,0,3.6033661657735754e-05,True
2131,2131,1069,1,sty+tfidf+perp,3,1,0.6840034937815649,True
2132,2132,1070,0,sty+tfidf+perp,3,0,0.022642169619489234,True
2133,2133,1070,1,sty+tfidf+perp,3,1,0.9730006480821285,True
2134,2134,1071,0,sty+tfidf+perp,3,0,0.0009369041928301655,True
2135,2135,1071,1,sty+tfidf+perp,3,1,0.9998425290836365,True
2136,2136,1072,0,sty+tfidf+perp,3,0,0.02525332351914265,True
2137,2137,1072,1,sty+tfidf+perp,3,1,0.9797730435118363,True
2138,2138,1073,0,sty+tfidf+perp,3,0,0.0012350921030271729,True
2139,2139,1073,1,sty+tfidf+perp,3,1,0.99938896249126,True
2140,2140,1074,0,sty+tfidf+perp,3,0,0.007716181589775614,True
2141,2141,1074,1,sty+tfidf+perp,3,1,0.9995917415631262,True
2142,2142,1075,0,sty+tfidf+perp,3,0,0.02345524463295379,True
2143,2143,1075,1,sty+tfidf+perp,3,1,0.9994026968668391,True
2144,2144,1076,0,sty+tfidf+perp,3,0,0.0024006082175536928,True
2145,2145,1076,1,sty+tfidf+perp,3,1,0.969486918954783,True
2146,2146,1077,0,sty+tfidf+perp,3,0,0.0007669972658142077,True
2147,2147,1077,1,sty+tfidf+perp,3,1,0.9998453245929376,True
2148,2148,1078,0,sty+tfidf+perp,3,0,0.044869837545389424,True
2149,2149,1078,1,sty+tfidf+perp,3,1,0.9995806059762901,True
2150,2150,1079,0,sty+tfidf+perp,3,0,0.0007726368744401945,True
2151,2151,1079,1,sty+tfidf+perp,3,1,0.9996216925439049,True
2152,2152,1080,0,sty+tfidf+perp,3,0,0.002164245001562203,True
2153,2153,1080,1,sty+tfidf+perp,3,1,0.9988985590737001,True
2154,2154,1081,0,sty+tfidf+perp,3,0,0.02024109836744981,True
2155,2155,1081,1,sty+tfidf+perp,3,1,0.9991497789441006,True
2156,2156,1082,0,sty+tfidf+perp,3,0,0.0003508130616901244,True
2157,2157,1082,1,sty+tfidf+perp,3,1,0.9995196613531288,True
2158,2158,1083,0,sty+tfidf+perp,3,0,0.011601532300662543,True
2159,2159,1083,1,sty+tfidf+perp,3,1,0.9985762291720519,True
2160,2160,1084,0,sty+tfidf+perp,3,0,0.0002595670055281837,True
2161,2161,1084,1,sty+tfidf+perp,3,1,0.9995506522806106,True
2162,2162,1085,0,sty+tfidf+perp,3,0,0.01005242849497389,True
2163,2163,1085,1,sty+tfidf+perp,3,1,0.9994061074547527,True
2164,2164,1086,0,sty+tfidf+perp,3,0,0.0003140570967520105,True
2165,2165,1086,1,sty+tfidf+perp,3,1,0.999508746752497,True
2166,2166,1087,0,sty+tfidf+perp,3,0,0.00408575836347211,True
2167,2167,1087,1,sty+tfidf+perp,3,1,0.9998221161605297,True
2168,2168,1088,0,sty+tfidf+perp,3,0,0.008789531920913033,True
2169,2169,1088,1,sty+tfidf+perp,3,1,0.9915586842400514,True
2170,2170,1089,0,sty+tfidf+perp,3,0,3.839309988285031e-05,True
2171,2171,1089,1,sty+tfidf+perp,3,1,0.9994261921534644,True
2172,2172,1090,0,sty+tfidf+perp,3,0,0.0017601953663634855,True
2173,2173,1090,1,sty+tfidf+perp,3,1,0.9930017208033748,True
2174,2174,1091,0,sty+tfidf+perp,3,0,0.00019878717221230398,True
2175,2175,1091,1,sty+tfidf+perp,3,1,0.8466165280016975,True
2176,2176,1092,0,sty+tfidf+perp,3,0,0.00201766950889768,True
2177,2177,1092,1,sty+tfidf+perp,3,1,0.9274730149104482,True
2178,2178,1093,0,sty+tfidf+perp,3,0,0.0244454694005716,True
2179,2179,1093,1,sty+tfidf+perp,3,1,0.9997825669147393,True
2180,2180,1094,0,sty+tfidf+perp,3,0,0.003598151621753086,True
2181,2181,1094,1,sty+tfidf+perp,3,1,0.9999396909862247,True
2182,2182,1095,0,sty+tfidf+perp,3,0,0.00042838976678125735,True
2183,2183,1095,1,sty+tfidf+perp,3,1,0.9997594380837568,True
2184,2184,1096,0,sty+tfidf+perp,3,0,0.18134650021656784,True
2185,2185,1096,1,sty+tfidf+perp,3,1,0.9989320792479917,True
2186,2186,1097,0,sty+tfidf+perp,3,0,0.001756781410024623,True
2187,2187,1097,1,sty+tfidf+perp,3,1,0.9995245360090682,True
2188,2188,1098,0,sty+tfidf+perp,3,0,0.007119882374350676,True
2189,2189,1098,1,sty+tfidf+perp,3,1,0.9996219760546071,True
2190,2190,1099,0,sty+tfidf+perp,3,0,0.0007859820162537447,True
2191,2191,1099,1,sty+tfidf+perp,3,1,0.9992431795047928,True
2192,2192,1100,0,sty+tfidf+perp,3,0,0.006150346486474548,True
2193,2193,1100,1,sty+tfidf+perp,3,1,0.886490374891396,True
2194,2194,1101,0,sty+tfidf+perp,3,0,0.0006629557350250289,True
2195,2195,1101,1,sty+tfidf+perp,3,1,0.9980003150351388,True
2196,2196,1102,0,sty+tfidf+perp,3,0,0.0005855687797167781,True
2197,2197,1102,1,sty+tfidf+perp,3,1,0.9938517993559063,True
2198,2198,1103,0,sty+tfidf+perp,3,0,0.0015883877588861541,True
2199,2199,1103,1,sty+tfidf+perp,3,1,0.8957906958010565,True
2200,2200,1104,0,sty+tfidf+perp,3,0,0.0011558103989068166,True
2201,2201,1104,1,sty+tfidf+perp,3,1,0.9948474951971501,True
2202,2202,1105,0,sty+tfidf+perp,3,0,0.007391473341344642,True
2203,2203,1105,1,sty+tfidf+perp,3,1,0.9997951785361068,True
2204,2204,1106,0,sty+tfidf+perp,3,0,0.000292044384505179,True
2205,2205,1106,1,sty+tfidf+perp,3,1,0.9992419154741785,True
2206,2206,1107,0,sty+tfidf+perp,3,0,0.002236716742142919,True
2207,2207,1107,1,sty+tfidf+perp,3,1,0.9988708737924964,True
2208,2208,1108,0,sty+tfidf+perp,3,0,0.010243854454055328,True
2209,2209,1108,1,sty+tfidf+perp,3,1,0.9970426420640265,True
2210,2210,1109,0,sty+tfidf+perp,3,0,0.37361853110699106,True
2211,2211,1109,1,sty+tfidf+perp,3,1,0.9997100289347783,True
2212,2212,1110,0,sty+tfidf+perp,3,0,0.0019927933092243554,True
2213,2213,1110,1,sty+tfidf+perp,3,1,0.9627639979039819,True
2214,2214,1111,0,sty+tfidf+perp,3,0,0.0003329169910486164,True
2215,2215,1111,1,sty+tfidf+perp,3,1,0.7796525585647791,True
2216,2216,1112,0,sty+tfidf+perp,3,0,0.00010932655230145352,True
2217,2217,1112,1,sty+tfidf+perp,3,1,0.9932671911764136,True
2218,2218,1113,0,sty+tfidf+perp,3,0,0.016458964434619573,True
2219,2219,1113,1,sty+tfidf+perp,3,1,0.9995124111046937,True
2220,2220,1114,0,sty+tfidf+perp,3,0,0.009170355643201174,True
2221,2221,1114,1,sty+tfidf+perp,3,1,0.9995432625228018,True
2222,2222,1115,0,sty+tfidf+perp,3,0,0.00013915827576157526,True
2223,2223,1115,1,sty+tfidf+perp,3,1,0.999875191371631,True
2224,2224,1116,0,sty+tfidf+perp,3,0,0.0034263853650352578,True
2225,2225,1116,1,sty+tfidf+perp,3,1,0.9994472974703382,True
2226,2226,1117,0,sty+tfidf+perp,3,0,0.006392448843719345,True
2227,2227,1117,1,sty+tfidf+perp,3,1,0.9971488065631594,True
2228,2228,1118,0,sty+tfidf+perp,3,0,0.00022721455747353516,True
2229,2229,1118,1,sty+tfidf+perp,3,1,0.999252038556754,True
2230,2230,1119,0,sty+tfidf+perp,3,0,0.001190913613297725,True
2231,2231,1119,1,sty+tfidf+perp,3,1,0.9998179517184963,True
2232,2232,1120,0,sty+tfidf+perp,3,0,0.007252549349629302,True
2233,2233,1120,1,sty+tfidf+perp,3,1,0.9984961517376959,True
2234,2234,1121,0,sty+tfidf+perp,3,0,0.0055421654159616305,True
2235,2235,1121,1,sty+tfidf+perp,3,1,0.597713660412685,True
2236,2236,1122,0,sty+tfidf+perp,3,0,4.7496503358660384e-05,True
2237,2237,1122,1,sty+tfidf+perp,3,1,0.9964681535945202,True
2238,2238,1123,0,sty+tfidf+perp,3,0,0.00045647699806985114,True
2239,2239,1123,1,sty+tfidf+perp,3,1,0.9995304703038737,True
2240,2240,1124,0,sty+tfidf+perp,3,0,0.0016982761405649797,True
2241,2241,1124,1,sty+tfidf+perp,3,1,0.9999477603548161,True
2242,2242,1125,0,sty+tfidf+perp,3,0,0.0029668540303968254,True
2243,2243,1125,1,sty+tfidf+perp,3,1,0.9997853367780247,True
2244,2244,1126,0,sty+tfidf+perp,3,0,0.0042480380823581325,True
2245,2245,1126,1,sty+tfidf+perp,3,1,0.9794600859740149,True
2246,2246,1127,0,sty+tfidf+perp,3,0,0.00048556018390567975,True
2247,2247,1127,1,sty+tfidf+perp,3,1,0.9992783489972006,True
2248,2248,1128,0,sty+tfidf+perp,3,0,0.0032358959524493164,True
2249,2249,1128,1,sty+tfidf+perp,3,1,0.999929979630311,True
2250,2250,1129,0,sty+tfidf+perp,3,0,0.0017790355015766938,True
2251,2251,1129,1,sty+tfidf+perp,3,1,0.9848505535266538,True
2252,2252,1130,0,sty+tfidf+perp,3,0,0.21440791923654495,True
2253,2253,1130,1,sty+tfidf+perp,3,1,0.9990900081319819,True
2254,2254,1131,0,sty+tfidf+perp,3,0,0.001370607454769993,True
2255,2255,1131,1,sty+tfidf+perp,3,1,0.9970299675503841,True
2256,2256,1132,0,sty+tfidf+perp,3,0,0.14569723353809877,True
2257,2257,1132,1,sty+tfidf+perp,3,1,0.9969763896958677,True
2258,2258,1133,0,sty+tfidf+perp,3,0,0.043166067083001344,True
2259,2259,1133,1,sty+tfidf+perp,3,1,0.9993212297729814,True
2260,2260,1134,0,sty+tfidf+perp,3,0,0.0014098675918587996,True
2261,2261,1134,1,sty+tfidf+perp,3,1,0.9997988859904396,True
2262,2262,1135,0,sty+tfidf+perp,3,0,0.0002324010615218643,True
2263,2263,1135,1,sty+tfidf+perp,3,1,0.9998628074383097,True
2264,2264,1136,0,sty+tfidf+perp,3,0,0.0012591258202285136,True
2265,2265,1136,1,sty+tfidf+perp,3,1,0.9998343049153062,True
2266,2266,1137,0,sty+tfidf+perp,3,0,0.0013564362564820775,True
2267,2267,1137,1,sty+tfidf+perp,3,1,0.9994676653660173,True
2268,2268,1138,0,sty+tfidf+perp,3,0,8.839879098530245e-05,True
2269,2269,1138,1,sty+tfidf+perp,3,1,0.9989248103496247,True
2270,2270,1139,0,sty+tfidf+perp,3,0,0.0022879244034352013,True
2271,2271,1139,1,sty+tfidf+perp,3,1,0.9783880448166224,True
2272,2272,1140,0,sty+tfidf+perp,3,0,0.12902129466869539,True
2273,2273,1140,1,sty+tfidf+perp,3,1,0.9993349334521818,True
2274,2274,1141,0,sty+tfidf+perp,3,0,5.5400581972793075e-05,True
2275,2275,1141,1,sty+tfidf+perp,3,1,0.9973983160182526,True
2276,2276,1142,0,sty+tfidf+perp,3,0,0.09884054794900414,True
2277,2277,1142,1,sty+tfidf+perp,3,1,0.999650378802184,True
2278,2278,1143,0,sty+tfidf+perp,3,0,0.00010908595128597122,True
2279,2279,1143,1,sty+tfidf+perp,3,1,0.9158680535908335,True
2280,2280,1144,0,sty+tfidf+perp,3,0,0.0025444468726636784,True
2281,2281,1144,1,sty+tfidf+perp,3,1,0.9998962553390169,True
2282,2282,1145,0,sty+tfidf+perp,3,0,0.04727342713395052,True
2283,2283,1145,1,sty+tfidf+perp,3,1,0.9993053755189142,True
2284,2284,1146,0,sty+tfidf+perp,3,0,0.02960113534131285,True
2285,2285,1146,1,sty+tfidf+perp,3,1,0.9990977350130117,True
2286,2286,1147,0,sty+tfidf+perp,3,0,0.059782052552258845,True
2287,2287,1147,1,sty+tfidf+perp,3,1,0.9997132743372762,True
2288,2288,1148,0,sty+tfidf+perp,3,0,0.0013350153463253809,True
2289,2289,1148,1,sty+tfidf+perp,3,1,0.9991592811023553,True
2290,2290,1149,0,sty+tfidf+perp,3,0,0.0020395954194698594,True
2291,2291,1149,1,sty+tfidf+perp,3,1,0.9871090207612633,True
2292,2292,1150,0,sty+tfidf+perp,3,0,0.013256667895614029,True
2293,2293,1150,1,sty+tfidf+perp,3,1,0.9976524216649308,True
2294,2294,1151,0,sty+tfidf+perp,3,0,0.0010112192341709618,True
2295,2295,1151,1,sty+tfidf+perp,3,1,0.9998260113273124,True
2296,2296,1152,0,sty+tfidf+perp,3,0,0.008915862532277528,True
2297,2297,1152,1,sty+tfidf+perp,3,1,0.998319786920862,True
2298,2298,1153,0,sty+tfidf+perp,3,0,0.005093800499837115,True
2299,2299,1153,1,sty+tfidf+perp,3,1,0.9999081879339232,True
2300,2300,1154,0,sty+tfidf+perp,3,0,0.1498206252485207,True
2301,2301,1154,1,sty+tfidf+perp,3,1,0.9981059373374694,True
2302,2302,1155,0,sty+tfidf+perp,3,0,0.00015326628748303515,True
2303,2303,1155,1,sty+tfidf+perp,3,1,0.9994129795831771,True
2304,2304,1156,0,sty+tfidf+perp,3,0,6.827064906861622e-05,True
2305,2305,1156,1,sty+tfidf+perp,3,1,0.987131256490641,True
2306,2306,1157,0,sty+tfidf+perp,3,0,4.0225209302731195e-05,True
2307,2307,1157,1,sty+tfidf+perp,3,1,0.979802432081912,True
2308,2308,1158,0,sty+tfidf+perp,3,0,0.0004094004739539047,True
2309,2309,1158,1,sty+tfidf+perp,3,1,0.9932503520396382,True
2310,2310,1159,0,sty+tfidf+perp,3,0,0.012778531762190026,True
2311,2311,1159,1,sty+tfidf+perp,3,1,0.9998963718793712,True
2312,2312,1160,0,sty+tfidf+perp,3,0,0.0017773077704537333,True
2313,2313,1160,1,sty+tfidf+perp,3,1,0.956450008065659,True
2314,2314,1161,0,sty+tfidf+perp,3,0,0.002780808177472389,True
2315,2315,1161,1,sty+tfidf+perp,3,1,0.9993354398818445,True
2316,2316,1162,0,sty+tfidf+perp,3,0,0.06310404872950498,True
2317,2317,1162,1,sty+tfidf+perp,3,1,0.9516063557236054,True
2318,2318,1163,0,sty+tfidf+perp,3,1,0.58589609210227,False
2319,2319,1163,1,sty+tfidf+perp,3,1,0.9971019516280084,True
2320,2320,1164,0,sty+tfidf+perp,3,0,0.0104550127273085,True
2321,2321,1164,1,sty+tfidf+perp,3,1,0.999329277187696,True
2322,2322,1165,0,sty+tfidf+perp,3,0,0.0011252948370327198,True
2323,2323,1165,1,sty+tfidf+perp,3,1,0.9991507503106335,True
2324,2324,1166,0,sty+tfidf+perp,3,0,0.00022454433865358285,True
2325,2325,1166,1,sty+tfidf+perp,3,1,0.9235472420740611,True
2326,2326,1167,0,sty+tfidf+perp,3,0,0.48118660603883406,True
2327,2327,1167,1,sty+tfidf+perp,3,1,0.9976436884318984,True
2328,2328,1168,0,sty+tfidf+perp,3,0,0.0007382643414665504,True
2329,2329,1168,1,sty+tfidf+perp,3,1,0.9997031381079854,True
2330,2330,1169,0,sty+tfidf+perp,3,0,0.00992147650501257,True
2331,2331,1169,1,sty+tfidf+perp,3,1,0.9156816716597397,True
2332,2332,1170,0,sty+tfidf+perp,3,0,0.007937794009847291,True
2333,2333,1170,1,sty+tfidf+perp,3,1,0.9987036716063229,True
2334,2334,1171,0,sty+tfidf+perp,3,0,0.13222237159287373,True
2335,2335,1171,1,sty+tfidf+perp,3,1,0.9996764389070368,True
2336,2336,1172,0,sty+tfidf+perp,3,0,0.0007806434833202357,True
2337,2337,1172,1,sty+tfidf+perp,3,1,0.9997435517072804,True
2338,2338,1173,0,sty+tfidf+perp,3,0,0.0014178926759577885,True
2339,2339,1173,1,sty+tfidf+perp,3,1,0.9987852966438757,True
2340,2340,1174,0,sty+tfidf+perp,3,0,8.859556109491589e-05,True
2341,2341,1174,1,sty+tfidf+perp,3,1,0.9997083524743824,True
2342,2342,1175,0,sty+tfidf+perp,3,0,0.00014425745859870796,True
2343,2343,1175,1,sty+tfidf+perp,3,1,0.9998932946966973,True
2344,2344,1176,0,sty+tfidf+perp,3,1,0.719782096362619,False
2345,2345,1176,1,sty+tfidf+perp,3,1,0.879137793229306,True
2346,2346,1177,0,sty+tfidf+perp,3,0,0.002799671401503341,True
2347,2347,1177,1,sty+tfidf+perp,3,1,0.9989436427762326,True
2348,2348,1178,0,sty+tfidf+perp,3,0,0.0001973180688073626,True
2349,2349,1178,1,sty+tfidf+perp,3,1,0.9993984103976644,True
2350,2350,1179,0,sty+tfidf+perp,3,1,0.7662087332431491,False
2351,2351,1179,1,sty+tfidf+perp,3,1,0.9983783979048485,True
2352,2352,1180,0,sty+tfidf+perp,3,0,0.004043511084314769,True
2353,2353,1180,1,sty+tfidf+perp,3,1,0.998647529702194,True
2354,2354,1181,1,sty+tfidf+perp,3,1,0.9998303698002349,True
2355,2355,1182,0,sty+tfidf+perp,3,0,0.0009578750177076346,True
2356,2356,1182,1,sty+tfidf+perp,3,1,0.9994686554245817,True
2357,2357,1183,0,sty+tfidf+perp,3,0,0.0013869525068651166,True
2358,2358,1183,1,sty+tfidf+perp,3,1,0.9980027510196247,True
2359,2359,1184,0,sty+tfidf+perp,3,0,0.013502594072580058,True
2360,2360,1184,1,sty+tfidf+perp,3,1,0.9988851205802776,True
2361,2361,1185,0,sty+tfidf+perp,3,0,0.002186965244623736,True
2362,2362,1185,1,sty+tfidf+perp,3,1,0.9621423997888264,True
2363,2363,1186,0,sty+tfidf+perp,3,0,0.000444615977648227,True
2364,2364,1186,1,sty+tfidf+perp,3,1,0.9976300386319634,True
2365,2365,1187,0,sty+tfidf+perp,3,0,0.0017861307198117726,True
2366,2366,1187,1,sty+tfidf+perp,3,1,0.9996617372997385,True
2367,2367,1188,0,sty+tfidf+perp,3,0,0.039821589663180626,True
2368,2368,1188,1,sty+tfidf+perp,3,1,0.9996042478221202,True
2369,2369,1189,0,sty+tfidf+perp,3,0,0.00025949921331310416,True
2370,2370,1189,1,sty+tfidf+perp,3,1,0.9954461082646224,True
2371,2371,1190,0,sty+tfidf+perp,3,0,0.009389742321880473,True
2372,2372,1190,1,sty+tfidf+perp,3,1,0.998691320294641,True
2373,2373,1191,0,sty+tfidf+perp,3,0,7.526286740601239e-05,True
2374,2374,1191,1,sty+tfidf+perp,3,1,0.9995468385764442,True
2375,2375,1192,0,sty+tfidf+perp,3,0,0.0003210351920085414,True
2376,2376,1192,1,sty+tfidf+perp,3,1,0.999810020111377,True
2377,2377,1193,0,sty+tfidf+perp,3,0,0.06135691467974489,True
2378,2378,1193,1,sty+tfidf+perp,3,1,0.9995869888544099,True
2379,2379,1194,0,sty+tfidf+perp,3,0,0.0012758637766705505,True
2380,2380,1194,1,sty+tfidf+perp,3,1,0.9999089649883507,True
2381,2381,1195,0,sty+tfidf+perp,3,0,0.00010542800637615536,True
2382,2382,1195,1,sty+tfidf+perp,3,1,0.9280830900000098,True
2383,2383,1196,0,sty+tfidf+perp,3,0,0.017379316212269312,True
2384,2384,1196,1,sty+tfidf+perp,3,1,0.9898550145541133,True
2385,2385,1197,0,sty+tfidf+perp,3,0,0.0003896007835256163,True
2386,2386,1197,1,sty+tfidf+perp,3,1,0.9905045756357079,True
2387,2387,1198,0,sty+tfidf+perp,3,0,0.22382906929527005,True
2388,2388,1198,1,sty+tfidf+perp,3,1,0.9991987767342526,True
2389,2389,1199,0,sty+tfidf+perp,3,0,0.002720428696363539,True
2390,2390,1199,1,sty+tfidf+perp,3,1,0.9994679042150106,True
2391,2391,1200,0,sty+tfidf+perp,3,0,0.002341748196893976,True
2392,2392,1200,1,sty+tfidf+perp,3,1,0.99994794737864,True
2393,2393,1201,0,sty+tfidf+perp,3,0,0.040670804074566635,True
2394,2394,1201,1,sty+tfidf+perp,3,1,0.9998279528774489,True
2395,2395,1202,0,sty+tfidf+perp,3,0,0.004268119077958852,True
2396,2396,1202,1,sty+tfidf+perp,3,1,0.9971063356629809,True
2397,2397,1203,0,sty+tfidf+perp,3,0,0.0003667753747188438,True
2398,2398,1203,1,sty+tfidf+perp,3,1,0.9996892388192999,True
2399,2399,1204,0,sty+tfidf+perp,3,0,0.32120211482572275,True
2400,2400,1204,1,sty+tfidf+perp,3,1,0.994164120891121,True
2401,2401,1205,0,sty+tfidf+perp,3,0,0.49367653807936396,True
2402,2402,1205,1,sty+tfidf+perp,3,1,0.9999001705793062,True
2403,2403,1206,0,sty+tfidf+perp,3,0,0.00041063657438460474,True
2404,2404,1206,1,sty+tfidf+perp,3,1,0.9983260277965007,True
2405,2405,1207,0,sty+tfidf+perp,3,0,0.16773605725439322,True
2406,2406,1207,1,sty+tfidf+perp,3,1,0.9926228568065388,True
2407,2407,1208,0,sty+tfidf+perp,3,0,0.03992050303117695,True
2408,2408,1208,1,sty+tfidf+perp,3,1,0.9997375393716412,True
2409,2409,1209,0,sty+tfidf+perp,3,0,0.002212508252302631,True
2410,2410,1209,1,sty+tfidf+perp,3,1,0.998864028735345,True
2411,2411,1210,0,sty+tfidf+perp,3,0,0.007081435809712891,True
2412,2412,1210,1,sty+tfidf+perp,3,1,0.9996572221652924,True
2413,2413,1211,0,sty+tfidf+perp,3,0,0.01679105494903944,True
2414,2414,1211,1,sty+tfidf+perp,3,1,0.9947976584700505,True
2415,2415,1212,0,sty+tfidf+perp,3,0,0.006006478437308261,True
2416,2416,1212,1,sty+tfidf+perp,3,1,0.998771629091049,True
2417,2417,1213,0,sty+tfidf+perp,3,0,0.0014023437272754576,True
2418,2418,1213,1,sty+tfidf+perp,3,1,0.9986797620837337,True
2419,2419,1214,0,sty+tfidf+perp,3,0,0.013145877782872191,True
2420,2420,1214,1,sty+tfidf+perp,3,1,0.9208710165446784,True
2421,2421,1215,0,sty+tfidf+perp,3,0,0.0009001392320198605,True
2422,2422,1215,1,sty+tfidf+perp,3,1,0.9989734994320048,True
2423,2423,1216,0,sty+tfidf+perp,3,0,2.8603341540949375e-05,True
2424,2424,1216,1,sty+tfidf+perp,3,1,0.9992613543543826,True
2425,2425,1217,0,sty+tfidf+perp,3,0,0.0004621479379838695,True
2426,2426,1217,1,sty+tfidf+perp,3,1,0.649728659708468,True
2427,2427,1218,0,sty+tfidf+perp,3,0,0.21116748281144196,True
2428,2428,1218,1,sty+tfidf+perp,3,1,0.9940032261198913,True
2429,2429,1219,0,sty+tfidf+perp,3,1,0.7896820737269455,False
2430,2430,1219,1,sty+tfidf+perp,3,1,0.9979787198784011,True
2431,2431,1220,0,sty+tfidf+perp,3,0,0.012399697889047562,True
2432,2432,1220,1,sty+tfidf+perp,3,1,0.9965227899867704,True
2433,2433,1221,0,sty+tfidf+perp,3,0,0.014405196125843222,True
2434,2434,1221,1,sty+tfidf+perp,3,1,0.9998238131755899,True
2435,2435,1222,0,sty+tfidf+perp,3,0,0.013219016488516503,True
2436,2436,1222,1,sty+tfidf+perp,3,1,0.9907198809062833,True
2437,2437,1223,0,sty+tfidf+perp,3,0,0.011819318864561196,True
2438,2438,1223,1,sty+tfidf+perp,3,1,0.9827038596898326,True
2439,2439,1224,0,sty+tfidf+perp,3,0,0.0669406590812231,True
2440,2440,1224,1,sty+tfidf+perp,3,1,0.9999163790041263,True
2441,2441,1225,0,sty+tfidf+perp,3,0,0.010347477206961506,True
2442,2442,1225,1,sty+tfidf+perp,3,1,0.9982322730082882,True
2443,2443,1226,0,sty+tfidf+perp,3,0,0.00023363333948415695,True
2444,2444,1226,1,sty+tfidf+perp,3,1,0.9995710373564035,True
2445,2445,1227,0,sty+tfidf+perp,3,0,0.00046750860272570387,True
2446,2446,1227,1,sty+tfidf+perp,3,1,0.9997393357749649,True
2447,2447,1228,0,sty+tfidf+perp,3,0,0.0013993955647629655,True
2448,2448,1228,1,sty+tfidf+perp,3,1,0.9997849469594281,True
2449,2449,1229,0,sty+tfidf+perp,3,0,0.00014157551577236117,True
2450,2450,1229,1,sty+tfidf+perp,3,1,0.9956543676078965,True
2451,2451,1230,0,sty+tfidf+perp,3,0,0.04985020768875762,True
2452,2452,1230,1,sty+tfidf+perp,3,1,0.995346684050242,True
2453,2453,1231,0,sty+tfidf+perp,3,0,0.005870369584439338,True
2454,2454,1231,1,sty+tfidf+perp,3,1,0.9814690637411949,True
2455,2455,1232,0,sty+tfidf+perp,3,0,0.006355458198314416,True
2456,2456,1232,1,sty+tfidf+perp,3,1,0.9995742091105932,True
2457,2457,1233,0,sty+tfidf+perp,3,0,4.8763037368592365e-05,True
2458,2458,1233,1,sty+tfidf+perp,3,1,0.9991006458978562,True
2459,2459,1234,0,sty+tfidf+perp,3,0,0.00039778096100459397,True
2460,2460,1234,1,sty+tfidf+perp,3,1,0.992199390577087,True
2461,2461,1235,0,sty+tfidf+perp,3,0,2.8886988790903967e-05,True
2462,2462,1235,1,sty+tfidf+perp,3,0,0.0026784047150327167,False
2463,2463,1236,0,sty+tfidf+perp,3,0,0.007304414558770706,True
2464,2464,1236,1,sty+tfidf+perp,3,1,0.9998784377782624,True
2465,2465,1237,0,sty+tfidf+perp,3,0,0.014642959702258025,True
2466,2466,1237,1,sty+tfidf+perp,3,1,0.9978805774042434,True
2467,2467,1238,0,sty+tfidf+perp,3,0,0.001455016097770486,True
2468,2468,1238,1,sty+tfidf+perp,3,1,0.9699199501250654,True
2469,2469,1239,0,sty+tfidf+perp,3,0,0.00030854262490938636,True
2470,2470,1239,1,sty+tfidf+perp,3,1,0.9992313651856257,True
2471,2471,1240,0,sty+tfidf+perp,3,0,0.0002771785911161026,True
2472,2472,1240,1,sty+tfidf+perp,3,1,0.9987160533279781,True
2473,2473,1241,0,sty+tfidf+perp,3,0,0.2687496865745208,True
2474,2474,1241,1,sty+tfidf+perp,3,1,0.9954552044799514,True
2475,2475,1242,0,sty+tfidf+perp,3,0,0.009303135128646254,True
2476,2476,1242,1,sty+tfidf+perp,3,1,0.9996936241206112,True
2477,2477,1243,0,sty+tfidf+perp,3,0,9.772046575063181e-05,True
2478,2478,1243,1,sty+tfidf+perp,3,1,0.9998747123240567,True
2479,2479,1244,0,sty+tfidf+perp,3,0,0.0003748084831120848,True
2480,2480,1244,1,sty+tfidf+perp,3,1,0.9903907801272611,True
2481,2481,1245,0,sty+tfidf+perp,3,0,0.009845195336013975,True
2482,2482,1245,1,sty+tfidf+perp,3,1,0.9981044739815351,True
2483,2483,1246,0,sty+tfidf+perp,3,0,0.00995543976415484,True
2484,2484,1246,1,sty+tfidf+perp,3,1,0.9987376268597278,True
2485,2485,1247,0,sty+tfidf+perp,3,0,0.008621790718185635,True
2486,2486,1247,1,sty+tfidf+perp,3,1,0.8543722626099274,True
2487,2487,1248,0,sty+tfidf+perp,3,0,0.00012981658147544754,True
2488,2488,1248,1,sty+tfidf+perp,3,1,0.9991396327595065,True
2489,2489,1249,0,sty+tfidf+perp,3,0,0.002103822280885179,True
2490,2490,1249,1,sty+tfidf+perp,3,1,0.9996996833644813,True
2491,2491,1250,0,sty+tfidf+perp,3,0,0.0017045046035208053,True
2492,2492,1250,1,sty+tfidf+perp,3,1,0.9988463095930605,True
2493,2493,1251,0,sty+tfidf+perp,3,0,0.0019165622318562101,True
2494,2494,1251,1,sty+tfidf+perp,3,1,0.8724737883276805,True
2495,2495,1252,0,sty+tfidf+perp,3,0,0.04386173150762319,True
2496,2496,1252,1,sty+tfidf+perp,3,1,0.9965918632527682,True
2497,2497,1253,0,sty+tfidf+perp,3,0,0.0013081133759174077,True
2498,2498,1253,1,sty+tfidf+perp,3,1,0.9992608950828747,True
2499,2499,1254,0,sty+tfidf+perp,3,0,0.0666103051228998,True
2500,2500,1254,1,sty+tfidf+perp,3,1,0.9987543290720658,True
2501,2501,1255,0,sty+tfidf+perp,3,0,0.003853307236718081,True
2502,2502,1255,1,sty+tfidf+perp,3,1,0.999227858909833,True
2503,2503,1256,0,sty+tfidf+perp,3,0,0.00020548936860784208,True
2504,2504,1256,1,sty+tfidf+perp,3,1,0.9980846015665467,True
2505,2505,1257,0,sty+tfidf+perp,3,0,0.005995959383359997,True
2506,2506,1257,1,sty+tfidf+perp,3,1,0.5011282350163354,True
2507,2507,1258,0,sty+tfidf+perp,3,0,0.0010636425622788102,True
2508,2508,1258,1,sty+tfidf+perp,3,1,0.9989639754438467,True
2509,2509,1259,0,sty+tfidf+perp,3,0,0.00024713154024146044,True
2510,2510,1259,1,sty+tfidf+perp,3,1,0.9909567526030811,True
2511,2511,1260,0,sty+tfidf+perp,3,0,0.0018467922588706863,True
2512,2512,1260,1,sty+tfidf+perp,3,1,0.9972602239300782,True
2513,2513,1261,0,sty+tfidf+perp,3,0,0.002833673342476484,True
2514,2514,1261,1,sty+tfidf+perp,3,1,0.9999090159999627,True
2515,2515,1262,0,sty+tfidf+perp,3,0,0.1363470090317213,True
2516,2516,1262,1,sty+tfidf+perp,3,1,0.9339083250618968,True
2517,2517,1263,0,sty+tfidf+perp,3,0,0.0033135234524631044,True
2518,2518,1263,1,sty+tfidf+perp,3,1,0.9760156293060168,True
2519,2519,1264,0,sty+tfidf+perp,3,0,0.0011958204067578396,True
2520,2520,1264,1,sty+tfidf+perp,3,1,0.9870690918928126,True
2521,2521,1265,0,sty+tfidf+perp,3,0,0.0001777637357599783,True
2522,2522,1265,1,sty+tfidf+perp,3,1,0.9997622436553785,True
2523,2523,1266,0,sty+tfidf+perp,3,0,6.930982046794141e-05,True
2524,2524,1266,1,sty+tfidf+perp,3,1,0.9772764743780397,True
2525,2525,1267,0,sty+tfidf+perp,3,0,0.013506659445060095,True
2526,2526,1267,1,sty+tfidf+perp,3,1,0.9990061107924391,True
2527,2527,1268,1,sty+tfidf+perp,3,1,0.9949327544438111,True
2528,2528,1269,0,sty+tfidf+perp,3,0,0.00011555946994697461,True
2529,2529,1269,1,sty+tfidf+perp,3,1,0.9892723490570501,True
2530,2530,1270,0,sty+tfidf+perp,3,0,0.000200774071954757,True
2531,2531,1270,1,sty+tfidf+perp,3,1,0.999915342004286,True
2532,2532,1271,0,sty+tfidf+perp,3,0,0.0005270421404200726,True
2533,2533,1271,1,sty+tfidf+perp,3,0,0.2185140233126296,False
2534,2534,1272,0,sty+tfidf+perp,3,0,0.0037057797636478682,True
2535,2535,1272,1,sty+tfidf+perp,3,1,0.9998464575310102,True
2536,2536,1273,0,sty+tfidf+perp,3,0,0.002623320520043517,True
2537,2537,1273,1,sty+tfidf+perp,3,1,0.9993651773673228,True
2538,2538,1274,0,sty+tfidf+perp,3,0,0.000951363001026278,True
2539,2539,1274,1,sty+tfidf+perp,3,1,0.9972403240798345,True
2540,2540,1275,0,sty+tfidf+perp,3,0,0.002249927821234512,True
2541,2541,1275,1,sty+tfidf+perp,3,1,0.9630126748762613,True
2542,2542,1276,0,sty+tfidf+perp,3,0,0.0004081474804764936,True
2543,2543,1276,1,sty+tfidf+perp,3,1,0.9992189514643186,True
2544,2544,1277,0,sty+tfidf+perp,3,0,0.005411446417533934,True
2545,2545,1277,1,sty+tfidf+perp,3,1,0.9976126420745606,True
2546,2546,1278,0,sty+tfidf+perp,3,0,0.2465509209162019,True
2547,2547,1278,1,sty+tfidf+perp,3,1,0.9989418892091767,True
2548,2548,1279,0,sty+tfidf+perp,3,0,0.00303249154893337,True
2549,2549,1279,1,sty+tfidf+perp,3,1,0.9986986523356197,True
2550,2550,1280,0,sty+tfidf+perp,3,0,0.0005079150157577675,True
2551,2551,1280,1,sty+tfidf+perp,3,1,0.9997683457740791,True
2552,2552,1281,0,sty+tfidf+perp,3,0,0.0017380867766825774,True
2553,2553,1281,1,sty+tfidf+perp,3,1,0.9999600528189545,True
2554,2554,1282,0,sty+tfidf+perp,3,0,0.0026903232389908225,True
2555,2555,1282,1,sty+tfidf+perp,3,1,0.9961908765601246,True
2556,2556,1283,0,sty+tfidf+perp,3,0,0.10641733338919805,True
2557,2557,1283,1,sty+tfidf+perp,3,1,0.9998099712183158,True
2558,2558,1284,0,sty+tfidf+perp,3,0,0.0029502748738820072,True
2559,2559,1284,1,sty+tfidf+perp,3,1,0.9996796493445125,True
2560,2560,1285,0,sty+tfidf+perp,3,0,0.004053811878938101,True
2561,2561,1285,1,sty+tfidf+perp,3,1,0.9985121861980173,True
2562,2562,1286,0,sty+tfidf+perp,3,0,0.00026130890703208244,True
2563,2563,1286,1,sty+tfidf+perp,3,1,0.9985438667428187,True
2564,2564,1287,0,sty+tfidf+perp,3,0,0.00121092710633617,True
2565,2565,1287,1,sty+tfidf+perp,3,1,0.9848731148392917,True
2566,2566,1288,0,sty+tfidf+perp,3,0,0.0003600256849490948,True
2567,2567,1288,1,sty+tfidf+perp,3,1,0.9720381957777928,True
2568,2568,1289,0,sty+tfidf+perp,3,0,0.0006160388994547635,True
2569,2569,1289,1,sty+tfidf+perp,3,1,0.9977850996372941,True
2570,2570,1290,0,sty+tfidf+perp,3,0,0.00010347049190104513,True
2571,2571,1290,1,sty+tfidf+perp,3,1,0.9997729491860177,True
2572,2572,1291,0,sty+tfidf+perp,3,0,0.10631342528363162,True
2573,2573,1291,1,sty+tfidf+perp,3,1,0.9994171308105897,True
2574,2574,1292,0,sty+tfidf+perp,3,0,0.00031875069881550413,True
2575,2575,1292,1,sty+tfidf+perp,3,1,0.9999060709044744,True
2576,2576,1293,0,sty+tfidf+perp,3,0,0.10301256416662452,True
2577,2577,1293,1,sty+tfidf+perp,3,1,0.9956811449689654,True
2578,2578,1294,0,sty+tfidf+perp,3,0,0.0009396724400577862,True
2579,2579,1294,1,sty+tfidf+perp,3,1,0.5110612530381482,True
2580,2580,1295,0,sty+tfidf+perp,3,0,0.0005056405914493586,True
2581,2581,1295,1,sty+tfidf+perp,3,1,0.9995192020708515,True
2582,2582,1296,0,sty+tfidf+perp,3,0,0.010083489116279503,True
2583,2583,1296,1,sty+tfidf+perp,3,1,0.9980181340906145,True
2584,2584,1297,0,sty+tfidf+perp,3,0,0.07657526687962066,True
2585,2585,1297,1,sty+tfidf+perp,3,1,0.9970895474060625,True
2586,2586,1298,0,sty+tfidf+perp,3,0,0.0019231659554381374,True
2587,2587,1298,1,sty+tfidf+perp,3,1,0.9749369410938282,True
2588,2588,1299,0,sty+tfidf+perp,3,0,0.0006969785818881765,True
2589,2589,1299,1,sty+tfidf+perp,3,1,0.9998277630215865,True
2590,2590,1300,0,sty+tfidf+perp,3,0,0.00044509952338815347,True
2591,2591,1300,1,sty+tfidf+perp,3,1,0.9998716395458418,True
2592,2592,1301,0,sty+tfidf+perp,3,0,0.00035477775673751295,True
2593,2593,1301,1,sty+tfidf+perp,3,1,0.9992533274761302,True
2594,2594,1302,0,sty+tfidf+perp,3,0,0.010725557387965705,True
2595,2595,1302,1,sty+tfidf+perp,3,1,0.9996518257296406,True
2596,2596,1303,0,sty+tfidf+perp,3,0,0.0007265573163969543,True
2597,2597,1303,1,sty+tfidf+perp,3,1,0.994774353867896,True
2598,2598,1304,0,sty+tfidf+perp,3,0,0.00020509974536991763,True
2599,2599,1304,1,sty+tfidf+perp,3,1,0.9995537603618068,True
2600,2600,1305,0,sty+tfidf+perp,3,0,0.018738360056571438,True
2601,2601,1305,1,sty+tfidf+perp,3,1,0.9997454330298152,True
2602,2602,1306,0,sty+tfidf+perp,3,0,0.00011931499773216863,True
2603,2603,1306,1,sty+tfidf+perp,3,1,0.9960030873145187,True
2604,2604,1307,0,sty+tfidf+perp,3,0,0.013450211390269935,True
2605,2605,1307,1,sty+tfidf+perp,3,1,0.9997244247072204,True
2606,2606,1308,0,sty+tfidf+perp,3,0,0.000269532647448275,True
2607,2607,1308,1,sty+tfidf+perp,3,1,0.9997971976434573,True
2608,2608,1309,0,sty+tfidf+perp,3,0,0.00037041336303407697,True
2609,2609,1309,1,sty+tfidf+perp,3,1,0.966523899416642,True
2610,2610,1310,0,sty+tfidf+perp,3,0,0.0001611734114500109,True
2611,2611,1310,1,sty+tfidf+perp,3,1,0.9984701016584845,True
2612,2612,1311,0,sty+tfidf+perp,3,0,0.0009599472230392122,True
2613,2613,1311,1,sty+tfidf+perp,3,1,0.9986884209489241,True
2614,2614,1312,0,sty+tfidf+perp,3,0,0.0018276231541852575,True
2615,2615,1312,1,sty+tfidf+perp,3,1,0.9941956860839417,True
2616,2616,1313,0,sty+tfidf+perp,3,0,0.00024108391364949765,True
2617,2617,1313,1,sty+tfidf+perp,3,1,0.9997625756935173,True
2618,2618,1314,0,sty+tfidf+perp,3,0,0.07892871170193483,True
2619,2619,1314,1,sty+tfidf+perp,3,1,0.9984589280258466,True
2620,2620,1315,0,sty+tfidf+perp,3,0,0.00010332535184254644,True
2621,2621,1315,1,sty+tfidf+perp,3,1,0.9997411227962498,True
2622,2622,1316,0,sty+tfidf+perp,3,0,0.00024758271350300146,True
2623,2623,1316,1,sty+tfidf+perp,3,1,0.999164897809975,True
2624,2624,1317,0,sty+tfidf+perp,3,0,0.0026186321813067063,True
2625,2625,1317,1,sty+tfidf+perp,3,1,0.9999382667596828,True
2626,2626,1318,0,sty+tfidf+perp,3,1,0.7409030874216656,False
2627,2627,1318,1,sty+tfidf+perp,3,1,0.9998247682417859,True
2628,2628,1319,0,sty+tfidf+perp,3,0,0.0001754781996951572,True
2629,2629,1319,1,sty+tfidf+perp,3,1,0.99963915686644,True
2630,2630,1320,0,sty+tfidf+perp,3,0,0.00424612225547413,True
2631,2631,1320,1,sty+tfidf+perp,3,1,0.9976836943470571,True
2632,2632,1321,0,sty+tfidf+perp,3,0,0.009548838903521147,True
2633,2633,1321,1,sty+tfidf+perp,3,1,0.9996687167330895,True
2634,2634,1322,0,sty+tfidf+perp,3,0,0.0008771312890014676,True
2635,2635,1322,1,sty+tfidf+perp,3,1,0.9983789815689444,True
2636,2636,1323,0,sty+tfidf+perp,3,0,0.00032876022054510783,True
2637,2637,1323,1,sty+tfidf+perp,3,1,0.998790787603631,True
2638,2638,1324,0,sty+tfidf+perp,3,0,0.049576339134925054,True
2639,2639,1324,1,sty+tfidf+perp,3,1,0.999721050207609,True
2640,2640,1325,0,sty+tfidf+perp,3,0,0.040329616757167466,True
2641,2641,1325,1,sty+tfidf+perp,3,1,0.9349566209552137,True
2642,2642,1326,0,sty+tfidf+perp,3,0,0.0005681449399852379,True
2643,2643,1326,1,sty+tfidf+perp,3,1,0.9538561210774535,True
2644,2644,1327,0,sty+tfidf+perp,3,0,6.400494322359018e-05,True
2645,2645,1327,1,sty+tfidf+perp,3,1,0.603879604237007,True
2646,2646,1328,0,sty+tfidf+perp,3,0,0.0015260085851649399,True
2647,2647,1328,1,sty+tfidf+perp,3,1,0.8085007012949303,True
2648,2648,1329,0,sty+tfidf+perp,3,0,0.0015899293500981604,True
2649,2649,1329,1,sty+tfidf+perp,3,1,0.9984800796032843,True
2650,2650,1330,0,sty+tfidf+perp,3,0,0.0008421142267882353,True
2651,2651,1330,1,sty+tfidf+perp,3,1,0.9963969517429241,True
2652,2652,1331,0,sty+tfidf+perp,3,0,0.0002961937701253294,True
2653,2653,1331,1,sty+tfidf+perp,3,1,0.9995488252836645,True
2654,2654,1332,0,sty+tfidf+perp,3,0,0.002414779714817463,True
2655,2655,1332,1,sty+tfidf+perp,3,1,0.9996161850890904,True
2656,2656,1333,0,sty+tfidf+perp,3,0,0.0022307206108799485,True
2657,2657,1333,1,sty+tfidf+perp,3,1,0.9987487172787917,True
2658,2658,1334,0,sty+tfidf+perp,3,0,0.007478769257130084,True
2659,2659,1334,1,sty+tfidf+perp,3,1,0.9984738447243017,True
2660,2660,1335,0,sty+tfidf+perp,3,0,0.0013121518829125442,True
2661,2661,1335,1,sty+tfidf+perp,3,1,0.9996450488292214,True
2662,2662,1336,0,sty+tfidf+perp,3,0,0.11612973378507986,True
2663,2663,1336,1,sty+tfidf+perp,3,1,0.9994978966686908,True
2664,2664,1337,0,sty+tfidf+perp,3,0,0.15719646761629152,True
2665,2665,1337,1,sty+tfidf+perp,3,1,0.9994914281753537,True
2666,2666,1338,0,sty+tfidf+perp,3,0,0.0019772846785308727,True
2667,2667,1338,1,sty+tfidf+perp,3,1,0.9994061481957992,True
2668,2668,1339,0,sty+tfidf+perp,3,0,0.0001433060175743402,True
2669,2669,1339,1,sty+tfidf+perp,3,1,0.9998374807685462,True
2670,2670,1340,0,sty+tfidf+perp,3,0,0.031109964905054358,True
2671,2671,1340,1,sty+tfidf+perp,3,1,0.9997075848470658,True
2672,2672,1341,0,sty+tfidf+perp,3,0,0.03286657392530713,True
2673,2673,1341,1,sty+tfidf+perp,3,1,0.9991738778990783,True
2674,2674,1342,0,sty+tfidf+perp,3,0,0.0003317548842548857,True
2675,2675,1342,1,sty+tfidf+perp,3,1,0.9842991595870151,True
2676,2676,1343,0,sty+tfidf+perp,3,0,0.021303538577523675,True
2677,2677,1343,1,sty+tfidf+perp,3,1,0.9998303691130512,True
2678,2678,1344,0,sty+tfidf+perp,3,0,0.05564028819286307,True
2679,2679,1344,1,sty+tfidf+perp,3,0,0.06835070564651391,False
2680,2680,1345,0,sty+tfidf+perp,3,0,0.00014823107775688497,True
2681,2681,1345,1,sty+tfidf+perp,3,1,0.980656273065024,True
2682,2682,1346,0,sty+tfidf+perp,3,0,0.011342800385087011,True
2683,2683,1346,1,sty+tfidf+perp,3,1,0.9998022461537417,True
2684,2684,1347,0,sty+tfidf+perp,3,0,0.002476027594512542,True
2685,2685,1347,1,sty+tfidf+perp,3,1,0.9980429112415659,True
2686,2686,1348,0,sty+tfidf+perp,3,0,0.00030068952833878514,True
2687,2687,1348,1,sty+tfidf+perp,3,1,0.9997344401611694,True
2688,2688,1349,0,sty+tfidf+perp,3,0,0.00027235695475490764,True
2689,2689,1349,1,sty+tfidf+perp,3,1,0.9459680867570455,True
2690,2690,1350,0,sty+tfidf+perp,3,0,0.05548724179233595,True
2691,2691,1350,1,sty+tfidf+perp,3,1,0.6971226749672175,True
2692,2692,1351,0,sty+tfidf+perp,3,0,8.766148987906039e-05,True
2693,2693,1351,1,sty+tfidf+perp,3,1,0.9996871791035427,True
2694,2694,1352,0,sty+tfidf+perp,3,0,0.010370495670242992,True
2695,2695,1352,1,sty+tfidf+perp,3,1,0.9996338510038124,True
2696,2696,1353,0,sty+tfidf+perp,3,0,0.0005561476208290225,True
2697,2697,1353,1,sty+tfidf+perp,3,1,0.9365709221998245,True
2698,2698,1354,0,sty+tfidf+perp,3,0,0.0025490221270512235,True
2699,2699,1354,1,sty+tfidf+perp,3,1,0.9987787455593975,True
2700,2700,1355,0,sty+tfidf+perp,3,0,0.05841837754556741,True
2701,2701,1355,1,sty+tfidf+perp,3,1,0.9970233965192686,True
2702,2702,1356,0,sty+tfidf+perp,3,1,0.9787865319340254,False
2703,2703,1356,1,sty+tfidf+perp,3,1,0.9997956068778706,True
2704,2704,1357,0,sty+tfidf+perp,3,0,0.009975109918313959,True
2705,2705,1357,1,sty+tfidf+perp,3,1,0.9878374802305374,True
2706,2706,1358,0,sty+tfidf+perp,3,0,0.003856207989799323,True
2707,2707,1358,1,sty+tfidf+perp,3,1,0.5550171003009081,True
2708,2708,1359,0,sty+tfidf+perp,3,0,0.0008123162071705974,True
2709,2709,1359,1,sty+tfidf+perp,3,1,0.997870711587382,True
2710,2710,1360,0,sty+tfidf+perp,3,0,0.001073203835947526,True
2711,2711,1360,1,sty+tfidf+perp,3,1,0.9990660400030218,True
2712,2712,1361,0,sty+tfidf+perp,3,0,0.0023485457384029036,True
2713,2713,1361,1,sty+tfidf+perp,3,1,0.9886646908714376,True
2714,2714,1362,0,sty+tfidf+perp,3,0,0.0016585943416482947,True
2715,2715,1362,1,sty+tfidf+perp,3,1,0.9991100402393002,True
2716,2716,1363,0,sty+tfidf+perp,3,0,0.003489455128356673,True
2717,2717,1363,1,sty+tfidf+perp,3,1,0.9995173370185271,True
2718,2718,1364,0,sty+tfidf+perp,3,0,0.010283924586125455,True
2719,2719,1364,1,sty+tfidf+perp,3,1,0.9997699929844254,True
2720,2720,1365,0,sty+tfidf+perp,3,0,0.0007916641336996182,True
2721,2721,1365,1,sty+tfidf+perp,3,1,0.9989261451425253,True
2722,2722,1366,0,sty+tfidf+perp,3,0,0.006811443459910303,True
2723,2723,1366,1,sty+tfidf+perp,3,1,0.9990874190954508,True
2724,2724,1367,0,sty+tfidf+perp,3,0,0.04442733600489352,True
2725,2725,1367,1,sty+tfidf+perp,3,1,0.997536111314859,True
2726,2726,1368,0,sty+tfidf+perp,3,0,0.00512341926630903,True
2727,2727,1368,1,sty+tfidf+perp,3,1,0.9857594679436974,True
2728,2728,1369,0,sty+tfidf+perp,3,0,0.0005325696393464825,True
2729,2729,1369,1,sty+tfidf+perp,3,1,0.9938361134659601,True
2730,2730,1370,0,sty+tfidf+perp,3,0,0.0003832641067285168,True
2731,2731,1370,1,sty+tfidf+perp,3,1,0.9994119352943642,True
2732,2732,1371,0,sty+tfidf+perp,3,0,0.0003803903612632738,True
2733,2733,1371,1,sty+tfidf+perp,3,1,0.9997343920991331,True
2734,2734,1372,0,sty+tfidf+perp,3,0,0.11130057625982326,True
2735,2735,1372,1,sty+tfidf+perp,3,1,0.9959617530182151,True
2736,2736,1373,0,sty+tfidf+perp,3,0,0.003841013798021261,True
2737,2737,1373,1,sty+tfidf+perp,3,1,0.9990981865494106,True
2738,2738,1374,0,sty+tfidf+perp,3,0,0.0007317770452147138,True
2739,2739,1374,1,sty+tfidf+perp,3,1,0.9922455088553016,True
2740,2740,1375,0,sty+tfidf+perp,3,0,0.02623715732631789,True
2741,2741,1375,1,sty+tfidf+perp,3,1,0.9999154758824796,True
2742,2742,1376,0,sty+tfidf+perp,3,0,0.0005079170511705833,True
2743,2743,1376,1,sty+tfidf+perp,3,1,0.9989539697730476,True
2744,2744,1377,0,sty+tfidf+perp,3,0,0.08856675936154791,True
2745,2745,1377,1,sty+tfidf+perp,3,1,0.9984410140693671,True
2746,2746,1378,0,sty+tfidf+perp,3,0,7.547643194912855e-05,True
2747,2747,1378,1,sty+tfidf+perp,3,1,0.9980329546950711,True
2748,2748,1379,0,sty+tfidf+perp,3,0,3.859185537268032e-05,True
2749,2749,1379,1,sty+tfidf+perp,3,1,0.9990940600472484,True
2750,2750,1380,0,sty+tfidf+perp,3,0,0.007382581232658456,True
2751,2751,1380,1,sty+tfidf+perp,3,1,0.9761384143616596,True
2752,2752,1381,0,sty+tfidf+perp,3,0,0.20684240025628686,True
2753,2753,1381,1,sty+tfidf+perp,3,1,0.9878918430590713,True
2754,2754,1382,0,sty+tfidf+perp,3,0,7.60839385550367e-05,True
2755,2755,1382,1,sty+tfidf+perp,3,1,0.9990505490302124,True
2756,2756,1383,0,sty+tfidf+perp,3,0,0.000682472781855918,True
2757,2757,1383,1,sty+tfidf+perp,3,1,0.9994967138384586,True
2758,2758,1384,0,sty+tfidf+perp,3,0,0.0015520829898828191,True
2759,2759,1384,1,sty+tfidf+perp,3,1,0.906865442655263,True
2760,2760,1385,0,sty+tfidf+perp,3,0,0.0005039105234529041,True
2761,2761,1385,1,sty+tfidf+perp,3,1,0.7505338158564665,True
2762,2762,1386,0,sty+tfidf+perp,3,0,0.0009068587295806483,True
2763,2763,1386,1,sty+tfidf+perp,3,1,0.99992970619465,True
2764,2764,1387,0,sty+tfidf+perp,3,0,9.641322512822075e-05,True
2765,2765,1387,1,sty+tfidf+perp,3,1,0.9860255554935491,True
2766,2766,1388,0,sty+tfidf+perp,3,0,0.0003509377116700507,True
2767,2767,1388,1,sty+tfidf+perp,3,1,0.9974797987166448,True
2768,2768,1389,0,sty+tfidf+perp,3,0,0.0021164975147227303,True
2769,2769,1389,1,sty+tfidf+perp,3,1,0.9980978396488709,True
2770,2770,1390,0,sty+tfidf+perp,3,0,0.0001963338826710557,True
2771,2771,1390,1,sty+tfidf+perp,3,1,0.9985578154514124,True
2772,2772,1391,0,sty+tfidf+perp,3,0,0.008539657573505003,True
2773,2773,1391,1,sty+tfidf+perp,3,1,0.9985819706507861,True
2774,2774,1392,0,sty+tfidf+perp,3,0,0.022805542477423987,True
2775,2775,1392,1,sty+tfidf+perp,3,0,0.24913689323381916,False
2776,2776,1393,0,sty+tfidf+perp,3,0,0.0001424402377151431,True
2777,2777,1393,1,sty+tfidf+perp,3,1,0.9676431997471412,True
2778,2778,1394,0,sty+tfidf+perp,3,0,0.3195516566061315,True
2779,2779,1394,1,sty+tfidf+perp,3,1,0.984837514378617,True
2780,2780,1395,0,sty+tfidf+perp,3,0,0.008049266722008928,True
2781,2781,1395,1,sty+tfidf+perp,3,0,0.032293964508296656,False
2782,2782,1396,0,sty+tfidf+perp,3,0,0.0008709205795927056,True
2783,2783,1396,1,sty+tfidf+perp,3,1,0.9998554135372331,True
2784,2784,1397,0,sty+tfidf+perp,3,0,0.0014403031432541182,True
2785,2785,1397,1,sty+tfidf+perp,3,1,0.9992568802189441,True
2786,2786,1398,0,sty+tfidf+perp,3,0,0.0027742302519869477,True
2787,2787,1398,1,sty+tfidf+perp,3,1,0.9995739468754515,True
2788,2788,1399,0,sty+tfidf+perp,3,0,0.0001305430247006385,True
2789,2789,1399,1,sty+tfidf+perp,3,1,0.9903217370853861,True
2790,2790,1400,0,sty+tfidf+perp,3,0,0.01897012692428455,True
2791,2791,1400,1,sty+tfidf+perp,3,1,0.999929627438872,True
2792,2792,1401,0,sty+tfidf+perp,3,0,0.000162287470732491,True
2793,2793,1401,1,sty+tfidf+perp,3,1,0.9701813543611947,True
2794,2794,1402,0,sty+tfidf+perp,3,0,0.015358191319597578,True
2795,2795,1402,1,sty+tfidf+perp,3,1,0.999532359416391,True
2796,2796,1403,0,sty+tfidf+perp,3,0,0.028026605278758734,True
2797,2797,1403,1,sty+tfidf+perp,3,1,0.9974723992986924,True
2798,2798,1404,0,sty+tfidf+perp,3,0,0.010548437236715351,True
2799,2799,1404,1,sty+tfidf+perp,3,1,0.9691359966911086,True
2800,2800,1405,0,sty+tfidf+perp,3,0,0.0002575918454787354,True
2801,2801,1405,1,sty+tfidf+perp,3,1,0.9933431904471627,True
2802,2802,1406,0,sty+tfidf+perp,3,0,0.002818114188289165,True
2803,2803,1406,1,sty+tfidf+perp,3,1,0.9996053519743973,True
2804,2804,1407,0,sty+tfidf+perp,3,0,0.0006062824166437418,True
2805,2805,1407,1,sty+tfidf+perp,3,1,0.9979639299223526,True
2806,2806,1408,0,sty+tfidf+perp,3,0,0.0020852587038673646,True
2807,2807,1408,1,sty+tfidf+perp,3,1,0.9995419974255756,True
2808,2808,1409,0,sty+tfidf+perp,3,0,0.00015414941387266717,True
2809,2809,1409,1,sty+tfidf+perp,3,1,0.9640961551360908,True
2810,2810,1410,0,sty+tfidf+perp,3,0,0.000902460198096544,True
2811,2811,1410,1,sty+tfidf+perp,3,1,0.9999250917332202,True
2812,2812,1411,0,sty+tfidf+perp,3,0,0.005229470718397648,True
2813,2813,1411,1,sty+tfidf+perp,3,1,0.9997736725821258,True
2814,2814,1412,0,sty+tfidf+perp,3,0,0.25734647217557666,True
2815,2815,1412,1,sty+tfidf+perp,3,1,0.999689542970058,True
2816,2816,1413,0,sty+tfidf+perp,3,0,0.0006422735463405193,True
2817,2817,1413,1,sty+tfidf+perp,3,1,0.998970975423201,True
2818,2818,1414,0,sty+tfidf+perp,3,0,0.00015797667162682462,True
2819,2819,1414,1,sty+tfidf+perp,3,1,0.9994586556299035,True
2820,2820,1415,0,sty+tfidf+perp,3,0,0.006264521051402094,True
2821,2821,1415,1,sty+tfidf+perp,3,1,0.9998404384693482,True
2822,2822,1416,0,sty+tfidf+perp,3,0,0.06804655762483502,True
2823,2823,1416,1,sty+tfidf+perp,3,1,0.9988745950614429,True
2824,2824,1417,0,sty+tfidf+perp,3,0,6.272073282998166e-05,True
2825,2825,1417,1,sty+tfidf+perp,3,1,0.9921912525559344,True
2826,2826,1418,0,sty+tfidf+perp,3,0,0.00768273256284041,True
2827,2827,1418,1,sty+tfidf+perp,3,1,0.9404447234343155,True
2828,2828,1419,0,sty+tfidf+perp,3,0,0.00019997356327042834,True
2829,2829,1419,1,sty+tfidf+perp,3,1,0.9993667773140771,True
2830,2830,1420,0,sty+tfidf+perp,3,0,0.0019802896695162338,True
2831,2831,1420,1,sty+tfidf+perp,3,1,0.9997413639548747,True
2832,2832,1421,0,sty+tfidf+perp,3,0,0.056216901189655125,True
2833,2833,1421,1,sty+tfidf+perp,3,1,0.9998734371439733,True
2834,2834,1422,0,sty+tfidf+perp,3,0,0.002569718557148005,True
2835,2835,1422,1,sty+tfidf+perp,3,1,0.9981856928068948,True
2836,2836,1423,0,sty+tfidf+perp,3,0,0.0031477628586321993,True
2837,2837,1423,1,sty+tfidf+perp,3,1,0.9996310366593735,True
2838,2838,1424,0,sty+tfidf+perp,3,0,0.00031946920515108927,True
2839,2839,1424,1,sty+tfidf+perp,3,1,0.9754902346221086,True
2840,2840,1425,0,sty+tfidf+perp,3,0,0.012229855672871914,True
2841,2841,1425,1,sty+tfidf+perp,3,1,0.9995756426542011,True
2842,2842,1426,0,sty+tfidf+perp,3,0,0.28058250728976236,True
2843,2843,1426,1,sty+tfidf+perp,3,1,0.9994409914151958,True
2844,2844,1427,0,sty+tfidf+perp,3,0,0.00017459948950992177,True
2845,2845,1427,1,sty+tfidf+perp,3,1,0.9998544726402672,True
2846,2846,1428,0,sty+tfidf+perp,3,0,0.001542615535347579,True
2847,2847,1428,1,sty+tfidf+perp,3,1,0.9995831381783388,True
2848,2848,1429,0,sty+tfidf+perp,3,0,0.0011353164508045965,True
2849,2849,1429,1,sty+tfidf+perp,3,1,0.9957750835544784,True
2850,2850,1430,0,sty+tfidf+perp,3,0,0.0006142631213766375,True
2851,2851,1430,1,sty+tfidf+perp,3,1,0.9983237978944063,True
2852,2852,1431,0,sty+tfidf+perp,3,0,0.005166334844468544,True
2853,2853,1431,1,sty+tfidf+perp,3,1,0.9964152199465912,True
2854,2854,1432,0,sty+tfidf+perp,3,0,0.023200642352551794,True
2855,2855,1432,1,sty+tfidf+perp,3,1,0.9955096070131262,True
2856,2856,1433,0,sty+tfidf+perp,3,0,0.006029033914332034,True
2857,2857,1433,1,sty+tfidf+perp,3,1,0.9481482010219524,True
2858,2858,1434,0,sty+tfidf+perp,3,0,0.0008015343102832039,True
2859,2859,1434,1,sty+tfidf+perp,3,1,0.9870276303064577,True
2860,2860,1435,0,sty+tfidf+perp,3,0,0.0779074720656556,True
2861,2861,1435,1,sty+tfidf+perp,3,1,0.9998636426482979,True
2862,2862,1436,0,sty+tfidf+perp,3,0,0.10031866120012513,True
2863,2863,1436,1,sty+tfidf+perp,3,1,0.9997974962950645,True
2864,2864,1437,0,sty+tfidf+perp,3,0,0.00895162817423908,True
2865,2865,1437,1,sty+tfidf+perp,3,1,0.9844343768483077,True
2866,2866,1438,0,sty+tfidf+perp,3,0,0.025692285030671412,True
2867,2867,1438,1,sty+tfidf+perp,3,1,0.998322643627273,True
2868,2868,1439,0,sty+tfidf+perp,3,0,0.0089479601936407,True
2869,2869,1439,1,sty+tfidf+perp,3,1,0.8758659018791972,True
2870,2870,1440,0,sty+tfidf+perp,3,0,0.0022284361458430905,True
2871,2871,1440,1,sty+tfidf+perp,3,1,0.9996601059752099,True
2872,2872,1441,0,sty+tfidf+perp,3,0,0.0727719459270729,True
2873,2873,1441,1,sty+tfidf+perp,3,1,0.9996888120073005,True
2874,2874,1442,0,sty+tfidf+perp,3,0,0.00025044895105019163,True
2875,2875,1442,1,sty+tfidf+perp,3,1,0.9998397309574755,True
2876,2876,1443,0,sty+tfidf+perp,3,0,0.0003308441944474678,True
2877,2877,1443,1,sty+tfidf+perp,3,1,0.8915262580265874,True
2878,2878,1444,0,sty+tfidf+perp,3,0,0.007211773355727152,True
2879,2879,1444,1,sty+tfidf+perp,3,1,0.9995423257470992,True
2880,2880,1445,0,sty+tfidf+perp,3,0,0.001128717323804087,True
2881,2881,1445,1,sty+tfidf+perp,3,1,0.9994485002854361,True
2882,2882,1446,0,sty+tfidf+perp,3,0,0.007078788912692321,True
2883,2883,1446,1,sty+tfidf+perp,3,1,0.9975357269698091,True
2884,2884,1447,0,sty+tfidf+perp,3,0,5.385406210817144e-05,True
2885,2885,1447,1,sty+tfidf+perp,3,1,0.999801034602766,True
2886,2886,1448,0,sty+tfidf+perp,3,0,0.0001897658406888432,True
2887,2887,1448,1,sty+tfidf+perp,3,1,0.9960759859662802,True
2888,2888,1449,0,sty+tfidf+perp,3,0,0.000897667452269536,True
2889,2889,1449,1,sty+tfidf+perp,3,1,0.9995471192629027,True
2890,2890,1450,0,sty+tfidf+perp,3,0,0.02888720139723956,True
2891,2891,1450,1,sty+tfidf+perp,3,1,0.783755719295782,True
2892,2892,1451,0,sty+tfidf+perp,3,0,0.00021468413692553616,True
2893,2893,1451,1,sty+tfidf+perp,3,1,0.9901435903124023,True
2894,2894,1452,0,sty+tfidf+perp,3,0,0.001984075180564357,True
2895,2895,1452,1,sty+tfidf+perp,3,1,0.9984337335223668,True
2896,2896,1453,0,sty+tfidf+perp,3,0,0.004861045498860167,True
2897,2897,1453,1,sty+tfidf+perp,3,1,0.9989801343819148,True
2898,2898,1454,0,sty+tfidf+perp,3,0,0.02276741886067962,True
2899,2899,1454,1,sty+tfidf+perp,3,1,0.9992976623895974,True
2900,2900,1455,0,sty+tfidf+perp,3,0,0.0006243081768613179,True
2901,2901,1455,1,sty+tfidf+perp,3,1,0.999864317725832,True
2902,2902,1456,0,sty+tfidf+perp,3,0,0.0007467998924587575,True
2903,2903,1456,1,sty+tfidf+perp,3,1,0.9994912584216623,True
2904,2904,1457,0,sty+tfidf+perp,3,0,0.00045787686149014226,True
2905,2905,1457,1,sty+tfidf+perp,3,1,0.998645639264849,True
2906,2906,1458,0,sty+tfidf+perp,3,0,0.0019841695349373406,True
2907,2907,1458,1,sty+tfidf+perp,3,1,0.9996611471773421,True
2908,2908,1459,0,sty+tfidf+perp,3,0,0.0011025299967331557,True
2909,2909,1459,1,sty+tfidf+perp,3,1,0.9984645688891776,True
2910,2910,1460,0,sty+tfidf+perp,3,0,0.0016784570222207473,True
2911,2911,1460,1,sty+tfidf+perp,3,1,0.9984027876955748,True
2912,2912,1461,0,sty+tfidf+perp,3,0,0.006687143376055854,True
2913,2913,1461,1,sty+tfidf+perp,3,1,0.9999495695337695,True
2914,2914,1462,0,sty+tfidf+perp,3,0,0.0006942389895697541,True
2915,2915,1462,1,sty+tfidf+perp,3,1,0.9946734422973934,True
2916,2916,1463,1,sty+tfidf+perp,3,1,0.9996138211069115,True
2917,2917,1464,0,sty+tfidf+perp,3,0,0.0012520014901200125,True
2918,2918,1464,1,sty+tfidf+perp,3,1,0.9997093087057098,True
2919,2919,1465,0,sty+tfidf+perp,3,0,0.0028551839412644846,True
2920,2920,1465,1,sty+tfidf+perp,3,1,0.9980817696521652,True
2921,2921,1466,0,sty+tfidf+perp,3,0,0.00039521648281122946,True
2922,2922,1466,1,sty+tfidf+perp,3,1,0.9915139570278976,True
2923,2923,1467,0,sty+tfidf+perp,3,0,3.8064081384044096e-05,True
2924,2924,1467,1,sty+tfidf+perp,3,1,0.9971667585799316,True
2925,2925,1468,0,sty+tfidf+perp,3,0,0.0012196451591482398,True
2926,2926,1468,1,sty+tfidf+perp,3,1,0.9997685521395064,True
2927,2927,1469,0,sty+tfidf+perp,3,0,6.397097707572857e-05,True
2928,2928,1469,1,sty+tfidf+perp,3,1,0.9995094782616956,True
2929,2929,1470,0,sty+tfidf+perp,3,0,0.0009680328506777975,True
2930,2930,1470,1,sty+tfidf+perp,3,1,0.9997737844601062,True
2931,2931,1471,0,sty+tfidf+perp,3,0,0.4597143110656312,True
2932,2932,1471,1,sty+tfidf+perp,3,1,0.9989562722736245,True
2933,2933,1472,0,sty+tfidf+perp,3,0,0.03880573471059514,True
2934,2934,1472,1,sty+tfidf+perp,3,1,0.9997843154601899,True
2935,2935,1473,0,sty+tfidf+perp,3,0,0.0007029609605544838,True
2936,2936,1473,1,sty+tfidf+perp,3,1,0.999155333822745,True
2937,2937,1474,0,sty+tfidf+perp,3,0,0.0005599186640957251,True
2938,2938,1474,1,sty+tfidf+perp,3,1,0.9983744464761034,True
2939,2939,1475,0,sty+tfidf+perp,3,0,0.00020787109402910315,True
2940,2940,1475,1,sty+tfidf+perp,3,1,0.999753827208501,True
2941,2941,1476,0,sty+tfidf+perp,3,0,0.0002702136254777561,True
2942,2942,1476,1,sty+tfidf+perp,3,1,0.9897195327616252,True
2943,2943,1477,0,sty+tfidf+perp,3,0,0.03925263147838856,True
2944,2944,1477,1,sty+tfidf+perp,3,1,0.9374380499276955,True
2945,2945,1478,0,sty+tfidf+perp,3,0,0.0006924336294285985,True
2946,2946,1478,1,sty+tfidf+perp,3,1,0.9998998384636234,True
2947,2947,1479,0,sty+tfidf+perp,3,0,0.0008278684341381676,True
2948,2948,1479,1,sty+tfidf+perp,3,1,0.9998977184522094,True
2949,2949,1480,0,sty+tfidf+perp,3,0,0.010979983072364665,True
2950,2950,1480,1,sty+tfidf+perp,3,1,0.9995566723380894,True
2951,2951,1481,0,sty+tfidf+perp,3,0,0.006289363512441603,True
2952,2952,1481,1,sty+tfidf+perp,3,1,0.807771083469765,True
2953,2953,1482,0,sty+tfidf+perp,3,0,0.004195171578522044,True
2954,2954,1482,1,sty+tfidf+perp,3,1,0.9984902277755567,True
2955,2955,1483,0,sty+tfidf+perp,3,0,0.00042231700390513215,True
2956,2956,1483,1,sty+tfidf+perp,3,1,0.9995263018944198,True
2957,2957,1484,0,sty+tfidf+perp,3,0,0.003660393390051435,True
2958,2958,1484,1,sty+tfidf+perp,3,1,0.999417815176634,True
2959,2959,1485,0,sty+tfidf+perp,3,0,0.0002840629407123666,True
2960,2960,1485,1,sty+tfidf+perp,3,1,0.9990538982583441,True
2961,2961,1486,0,sty+tfidf+perp,3,0,0.0051129914765090205,True
2962,2962,1486,1,sty+tfidf+perp,3,1,0.9894511245933206,True
2963,2963,1487,0,sty+tfidf+perp,3,0,0.0007221894179761703,True
2964,2964,1487,1,sty+tfidf+perp,3,1,0.9991227974793502,True
2965,2965,1488,0,sty+tfidf+perp,3,0,9.50247205398806e-05,True
2966,2966,1488,1,sty+tfidf+perp,3,0,0.2488055752038594,False
2967,2967,1489,0,sty+tfidf+perp,3,0,0.0030672806347263985,True
2968,2968,1489,1,sty+tfidf+perp,3,1,0.6407798487129587,True
2969,2969,1490,0,sty+tfidf+perp,3,0,0.3106904629852559,True
2970,2970,1490,1,sty+tfidf+perp,3,0,0.3581623078715597,False
2971,2971,1491,0,sty+tfidf+perp,3,0,0.0010897084759624001,True
2972,2972,1491,1,sty+tfidf+perp,3,1,0.6139898902538586,True
2973,2973,1492,0,sty+tfidf+perp,3,0,0.0001687387419616844,True
2974,2974,1492,1,sty+tfidf+perp,3,1,0.9017033294695588,True
2975,2975,1493,0,sty+tfidf+perp,3,0,0.002884762277575183,True
2976,2976,1493,1,sty+tfidf+perp,3,1,0.9979023016488623,True
2977,2977,1494,0,sty+tfidf+perp,3,0,0.00038259356401816293,True
2978,2978,1494,1,sty+tfidf+perp,3,1,0.9994833471778516,True
2979,2979,1495,0,sty+tfidf+perp,3,0,0.0011775153470343226,True
2980,2980,1495,1,sty+tfidf+perp,3,1,0.9990738402622961,True
2981,2981,1496,0,sty+tfidf+perp,3,0,0.019917335539003062,True
2982,2982,1496,1,sty+tfidf+perp,3,1,0.9988742534536702,True
2983,2983,1497,0,sty+tfidf+perp,3,0,0.0003316605747789643,True
2984,2984,1497,1,sty+tfidf+perp,3,1,0.9992870229864496,True
2985,2985,1498,0,sty+tfidf+perp,3,0,0.01162769337295157,True
2986,2986,1498,1,sty+tfidf+perp,3,1,0.6371315263842185,True
2987,2987,1499,0,sty+tfidf+perp,3,0,0.15868047301935842,True
2988,2988,1499,1,sty+tfidf+perp,3,1,0.8591588311143,True
2989,2989,1500,0,sty+tfidf+perp,3,0,0.0013043074629124265,True
2990,2990,1500,1,sty+tfidf+perp,3,1,0.9919479116507354,True
2991,2991,1501,0,sty+tfidf+perp,3,0,0.00015832062953686173,True
2992,2992,1501,1,sty+tfidf+perp,3,1,0.9968552162721852,True
2993,2993,1502,0,sty+tfidf+perp,3,0,0.021363440637568086,True
2994,2994,1502,1,sty+tfidf+perp,3,1,0.999825255077965,True
2995,2995,1503,0,sty+tfidf+perp,3,0,0.04494402587848591,True
2996,2996,1503,1,sty+tfidf+perp,3,1,0.9988063867435071,True
2997,2997,1504,0,sty+tfidf+perp,3,0,0.0014508720951672304,True
2998,2998,1504,1,sty+tfidf+perp,3,0,0.4029004140122733,False
2999,2999,1505,0,sty+tfidf+perp,3,0,0.0001887646896435071,True
3000,3000,1505,1,sty+tfidf+perp,3,1,0.9534270865380778,True
3001,3001,1506,0,sty+tfidf+perp,3,0,0.002395268443275606,True
3002,3002,1506,1,sty+tfidf+perp,3,1,0.9999462251940546,True
3003,3003,1507,0,sty+tfidf+perp,3,0,0.0020721472226895464,True
3004,3004,1507,1,sty+tfidf+perp,3,1,0.991104635869298,True
3005,3005,1508,0,sty+tfidf+perp,3,0,0.00080036943803446,True
3006,3006,1508,1,sty+tfidf+perp,3,1,0.9988509840356845,True
3007,3007,1509,0,sty+tfidf+perp,3,0,0.0003257817141156115,True
3008,3008,1509,1,sty+tfidf+perp,3,1,0.9993518112813395,True
3009,3009,1510,0,sty+tfidf+perp,3,0,0.0018581525105965683,True
3010,3010,1510,1,sty+tfidf+perp,3,1,0.9223023307531939,True
3011,3011,1511,0,sty+tfidf+perp,3,0,0.000480452142753033,True
3012,3012,1511,1,sty+tfidf+perp,3,0,0.18705720238746273,False
3013,3013,1512,0,sty+tfidf+perp,3,0,0.0032543671135512203,True
3014,3014,1512,1,sty+tfidf+perp,3,0,0.24884684011980376,False
3015,3015,1513,0,sty+tfidf+perp,3,0,0.004073724914181226,True
3016,3016,1513,1,sty+tfidf+perp,3,1,0.998688214405395,True
3017,3017,1514,0,sty+tfidf+perp,3,0,0.001704600950666097,True
3018,3018,1514,1,sty+tfidf+perp,3,1,0.9995288925506222,True
3019,3019,1515,0,sty+tfidf+perp,3,0,0.0023731714367952747,True
3020,3020,1515,1,sty+tfidf+perp,3,1,0.9985715842842192,True
3021,3021,1516,0,sty+tfidf+perp,3,0,0.15342350574317593,True
3022,3022,1516,1,sty+tfidf+perp,3,1,0.969222600269727,True
3023,3023,1517,0,sty+tfidf+perp,3,0,0.0002505223616599516,True
3024,3024,1517,1,sty+tfidf+perp,3,1,0.9997066447445928,True
3025,3025,1518,0,sty+tfidf+perp,3,0,0.0016354747936870168,True
3026,3026,1518,1,sty+tfidf+perp,3,1,0.9993287338732454,True
3027,3027,1519,0,sty+tfidf+perp,3,0,0.01474489355138145,True
3028,3028,1519,1,sty+tfidf+perp,3,1,0.9986780534907701,True
3029,3029,1520,0,sty+tfidf+perp,3,0,6.677946942260919e-05,True
3030,3030,1520,1,sty+tfidf+perp,3,1,0.9340282723292976,True
3031,3031,1521,0,sty+tfidf+perp,3,0,0.0482359908587722,True
3032,3032,1521,1,sty+tfidf+perp,3,1,0.9997033574386665,True
3033,3033,1522,0,sty+tfidf+perp,3,1,0.7842208903354286,False
3034,3034,1522,1,sty+tfidf+perp,3,1,0.9995490873389161,True
3035,3035,1523,0,sty+tfidf+perp,3,0,0.0003452526547237009,True
3036,3036,1523,1,sty+tfidf+perp,3,1,0.9870537496876154,True
3037,3037,1524,0,sty+tfidf+perp,3,0,0.0021117477169516675,True
3038,3038,1524,1,sty+tfidf+perp,3,1,0.9033666976167093,True
3039,3039,1525,0,sty+tfidf+perp,3,0,0.0006667488950179812,True
3040,3040,1525,1,sty+tfidf+perp,3,1,0.9173676164436397,True
3041,3041,1526,0,sty+tfidf+perp,3,0,0.0233686464014988,True
3042,3042,1526,1,sty+tfidf+perp,3,1,0.9679157376150621,True
3043,3043,1527,0,sty+tfidf+perp,3,0,0.001217231102082486,True
3044,3044,1527,1,sty+tfidf+perp,3,1,0.99985979895975,True
3045,3045,1528,0,sty+tfidf+perp,3,0,0.0021986207457298785,True
3046,3046,1528,1,sty+tfidf+perp,3,1,0.999407110944239,True
3047,3047,1529,0,sty+tfidf+perp,3,0,0.16979294534245276,True
3048,3048,1529,1,sty+tfidf+perp,3,1,0.9998049935562013,True
3049,3049,1530,0,sty+tfidf+perp,3,0,0.0014745754661188613,True
3050,3050,1530,1,sty+tfidf+perp,3,1,0.7824326890153996,True
3051,3051,1531,0,sty+tfidf+perp,3,0,0.001006236023185254,True
3052,3052,1531,1,sty+tfidf+perp,3,1,0.9163615587901905,True
3053,3053,1532,0,sty+tfidf+perp,3,0,0.0024015063016520027,True
3054,3054,1532,1,sty+tfidf+perp,3,1,0.9938066328054397,True
3055,3055,1533,0,sty+tfidf+perp,3,0,0.015526079731629502,True
3056,3056,1533,1,sty+tfidf+perp,3,1,0.9995440280060832,True
3057,3057,1534,0,sty+tfidf+perp,3,0,0.0002397639517432395,True
3058,3058,1534,1,sty+tfidf+perp,3,1,0.9997970529939582,True
3059,3059,1535,0,sty+tfidf+perp,3,0,0.005447979038594593,True
3060,3060,1535,1,sty+tfidf+perp,3,1,0.9996382817686836,True
3061,3061,1536,0,sty+tfidf+perp,3,0,0.01566651604492988,True
3062,3062,1536,1,sty+tfidf+perp,3,1,0.9996618050834073,True
3063,3063,1537,0,sty+tfidf+perp,3,0,0.48999743929375367,True
3064,3064,1537,1,sty+tfidf+perp,3,1,0.9666984978138105,True
3065,3065,1538,0,sty+tfidf+perp,3,0,0.002060312979496559,True
3066,3066,1538,1,sty+tfidf+perp,3,1,0.9998295961482992,True
3067,3067,1539,0,sty+tfidf+perp,3,0,0.014676189820605805,True
3068,3068,1539,1,sty+tfidf+perp,3,1,0.9975156668545639,True
3069,3069,1540,0,sty+tfidf+perp,3,0,0.030932154903909277,True
3070,3070,1540,1,sty+tfidf+perp,3,1,0.9996118155750001,True
3071,3071,1541,0,sty+tfidf+perp,3,0,0.0009975973393953018,True
3072,3072,1541,1,sty+tfidf+perp,3,1,0.9994920874926599,True
3073,3073,1542,0,sty+tfidf+perp,3,0,0.012858853646661637,True
3074,3074,1542,1,sty+tfidf+perp,3,1,0.99385940354873,True
3075,3075,1543,0,sty+tfidf+perp,3,0,0.002785091325813848,True
3076,3076,1543,1,sty+tfidf+perp,3,1,0.9997890498403956,True
3077,3077,1544,0,sty+tfidf+perp,3,0,0.0009636666369598331,True
3078,3078,1544,1,sty+tfidf+perp,3,1,0.9982540616141651,True
3079,3079,1545,0,sty+tfidf+perp,3,0,0.004262163495113333,True
3080,3080,1545,1,sty+tfidf+perp,3,1,0.9996778234298633,True
3081,3081,1546,0,sty+tfidf+perp,3,0,0.003940583179271549,True
3082,3082,1546,1,sty+tfidf+perp,3,1,0.992594248786434,True
3083,3083,1547,0,sty+tfidf+perp,3,0,0.00010388242588313998,True
3084,3084,1547,1,sty+tfidf+perp,3,1,0.9997598757084383,True
3085,3085,1548,0,sty+tfidf+perp,3,0,2.5901320707091212e-05,True
3086,3086,1548,1,sty+tfidf+perp,3,1,0.7875674059401016,True
3087,3087,1549,0,sty+tfidf+perp,3,0,0.33530864039076164,True
3088,3088,1549,1,sty+tfidf+perp,3,1,0.9993944421393782,True
3089,3089,1550,0,sty+tfidf+perp,3,0,0.00031104200706322417,True
3090,3090,1550,1,sty+tfidf+perp,3,0,0.48249936708262575,False
3091,3091,1551,0,sty+tfidf+perp,3,0,0.0002888908813211435,True
3092,3092,1551,1,sty+tfidf+perp,3,1,0.9991609438963446,True
3093,3093,1552,0,sty+tfidf+perp,3,0,0.00048373860000482425,True
3094,3094,1552,1,sty+tfidf+perp,3,1,0.9998625179495986,True
3095,3095,1553,0,sty+tfidf+perp,3,0,0.000920986227148444,True
3096,3096,1553,1,sty+tfidf+perp,3,1,0.98294585076191,True
3097,3097,1554,0,sty+tfidf+perp,3,0,0.012943148891765073,True
3098,3098,1554,1,sty+tfidf+perp,3,1,0.9994296457653512,True
3099,3099,1555,0,sty+tfidf+perp,3,0,0.0013456843544624058,True
3100,3100,1555,1,sty+tfidf+perp,3,1,0.9933118758949265,True
3101,3101,1556,0,sty+tfidf+perp,3,0,0.000321415629717081,True
3102,3102,1556,1,sty+tfidf+perp,3,1,0.9997757079669527,True
3103,3103,1557,0,sty+tfidf+perp,3,0,0.02236728374095906,True
3104,3104,1557,1,sty+tfidf+perp,3,1,0.9982968807520359,True
3105,3105,1558,0,sty+tfidf+perp,3,0,0.0003609051375134542,True
3106,3106,1558,1,sty+tfidf+perp,3,1,0.9851412510512695,True
3107,3107,1559,0,sty+tfidf+perp,3,0,0.023586510560957324,True
3108,3108,1559,1,sty+tfidf+perp,3,1,0.9992085681673814,True
3109,3109,1560,0,sty+tfidf+perp,3,0,0.00679619733834086,True
3110,3110,1560,1,sty+tfidf+perp,3,1,0.9975097201923049,True
3111,3111,1561,0,sty+tfidf+perp,3,0,0.04082185030991153,True
3112,3112,1561,1,sty+tfidf+perp,3,1,0.9823545428440639,True
3113,3113,1562,0,sty+tfidf+perp,3,0,0.022067554328250395,True
3114,3114,1562,1,sty+tfidf+perp,3,1,0.992899168470316,True
3115,3115,1563,0,sty+tfidf+perp,3,0,0.0003538105136315804,True
3116,3116,1563,1,sty+tfidf+perp,3,1,0.9998467162391453,True
3117,3117,1564,0,sty+tfidf+perp,3,0,0.04235325500255745,True
3118,3118,1564,1,sty+tfidf+perp,3,1,0.9996008457500057,True
3119,3119,1565,0,sty+tfidf+perp,3,1,0.5864840005726094,False
3120,3120,1565,1,sty+tfidf+perp,3,1,0.9977395063440796,True
3121,3121,1566,0,sty+tfidf+perp,3,0,0.0016726919144693286,True
3122,3122,1566,1,sty+tfidf+perp,3,1,0.9948579847235222,True
3123,3123,1567,0,sty+tfidf+perp,3,0,0.0006392869237674879,True
3124,3124,1567,1,sty+tfidf+perp,3,1,0.9996634377002299,True
3125,3125,1568,0,sty+tfidf+perp,3,0,0.18435135484355367,True
3126,3126,1568,1,sty+tfidf+perp,3,1,0.9997615765299815,True
3127,3127,1569,0,sty+tfidf+perp,3,0,0.00022323532710652344,True
3128,3128,1569,1,sty+tfidf+perp,3,1,0.998151791665429,True
3129,3129,1570,0,sty+tfidf+perp,3,0,0.0007239845764040045,True
3130,3130,1570,1,sty+tfidf+perp,3,1,0.9995372304526513,True
3131,3131,1571,0,sty+tfidf+perp,3,0,0.009800139699482353,True
3132,3132,1571,1,sty+tfidf+perp,3,1,0.999595397004113,True
3133,3133,1572,0,sty+tfidf+perp,3,1,0.9367535857273008,False
3134,3134,1572,1,sty+tfidf+perp,3,1,0.949607646664318,True
3135,3135,1573,0,sty+tfidf+perp,3,0,0.00027474317187749936,True
3136,3136,1573,1,sty+tfidf+perp,3,0,0.14195996204572173,False
3137,3137,1574,0,sty+tfidf+perp,3,0,0.012810119124550316,True
3138,3138,1574,1,sty+tfidf+perp,3,1,0.9998299827747896,True
3139,3139,1575,0,sty+tfidf+perp,3,0,0.004867792530559501,True
3140,3140,1575,1,sty+tfidf+perp,3,1,0.987599542780269,True
3141,3141,1576,0,sty+tfidf+perp,3,0,0.001483672917307531,True
3142,3142,1576,1,sty+tfidf+perp,3,1,0.9997975315646894,True
3143,3143,1577,0,sty+tfidf+perp,3,0,0.005578927745177401,True
3144,3144,1577,1,sty+tfidf+perp,3,1,0.9909602644876642,True
3145,3145,1578,0,sty+tfidf+perp,3,0,0.0024856709458318557,True
3146,3146,1578,1,sty+tfidf+perp,3,1,0.9996783184522279,True
3147,3147,1579,0,sty+tfidf+perp,3,0,0.0009344959769842782,True
3148,3148,1579,1,sty+tfidf+perp,3,1,0.9918436838941255,True
3149,3149,1580,0,sty+tfidf+perp,3,0,0.0016082256026038343,True
3150,3150,1580,1,sty+tfidf+perp,3,1,0.9922931498146802,True
3151,3151,1581,0,sty+tfidf+perp,3,0,0.04694951490620177,True
3152,3152,1581,1,sty+tfidf+perp,3,1,0.9993219723916458,True
3153,3153,1582,0,sty+tfidf+perp,3,0,0.015725949771506986,True
3154,3154,1582,1,sty+tfidf+perp,3,1,0.998774952132346,True
3155,3155,1583,0,sty+tfidf+perp,3,0,0.2593917302571976,True
3156,3156,1583,1,sty+tfidf+perp,3,1,0.9989204138820846,True
3157,3157,1584,0,sty+tfidf+perp,3,0,0.07270305331876585,True
3158,3158,1584,1,sty+tfidf+perp,3,1,0.999912554028332,True
3159,3159,1585,0,sty+tfidf+perp,3,0,0.19394372567235046,True
3160,3160,1585,1,sty+tfidf+perp,3,1,0.9962912872077639,True
3161,3161,1586,0,sty+tfidf+perp,3,0,0.27547975814708225,True
3162,3162,1586,1,sty+tfidf+perp,3,1,0.9997784125883055,True
3163,3163,1587,0,sty+tfidf+perp,3,0,0.04216014714418306,True
3164,3164,1587,1,sty+tfidf+perp,3,1,0.9999056995428137,True
3165,3165,1588,0,sty+tfidf+perp,3,0,0.01007845527397808,True
3166,3166,1588,1,sty+tfidf+perp,3,1,0.9996832929543594,True
3167,3167,1589,0,sty+tfidf+perp,3,0,0.0010358099333896273,True
3168,3168,1589,1,sty+tfidf+perp,3,1,0.9998906710531558,True
3169,3169,1590,0,sty+tfidf+perp,3,0,0.10877430798299538,True
3170,3170,1590,1,sty+tfidf+perp,3,1,0.9995990230339129,True
3171,3171,1591,0,sty+tfidf+perp,3,0,0.00020121663953492948,True
3172,3172,1591,1,sty+tfidf+perp,3,1,0.9977598034178896,True
3173,3173,1592,0,sty+tfidf+perp,3,0,0.0004133874314839909,True
3174,3174,1592,1,sty+tfidf+perp,3,1,0.998276708101882,True
3175,3175,1593,0,sty+tfidf+perp,3,0,0.00045251501463476027,True
3176,3176,1593,1,sty+tfidf+perp,3,1,0.993115330821565,True
3177,3177,1594,0,sty+tfidf+perp,3,0,0.0004968917078730143,True
3178,3178,1594,1,sty+tfidf+perp,3,1,0.9996017585245305,True
3179,3179,1595,0,sty+tfidf+perp,3,0,0.0017312763395694645,True
3180,3180,1595,1,sty+tfidf+perp,3,0,0.15837775809449176,False
3181,3181,1596,0,sty+tfidf+perp,3,0,0.00026406786566741085,True
3182,3182,1596,1,sty+tfidf+perp,3,1,0.9997369683133864,True
3183,3183,1597,0,sty+tfidf+perp,3,0,3.214267644944247e-05,True
3184,3184,1597,1,sty+tfidf+perp,3,1,0.9895194749440266,True
3185,3185,1598,0,sty+tfidf+perp,3,0,0.0007861339403373061,True
3186,3186,1598,1,sty+tfidf+perp,3,1,0.9998753170211225,True
3187,3187,1599,0,sty+tfidf+perp,3,0,0.0005281336692953707,True
3188,3188,1599,1,sty+tfidf+perp,3,1,0.8812816553468199,True
3189,3189,1600,0,sty+tfidf+perp,3,0,0.03779412518839206,True
3190,3190,1600,1,sty+tfidf+perp,3,1,0.9925282273086422,True
3191,3191,1601,0,sty+tfidf+perp,3,0,0.0021023155989919437,True
3192,3192,1601,1,sty+tfidf+perp,3,1,0.9953139126698485,True
3193,3193,1602,0,sty+tfidf+perp,3,0,0.0011049424864189455,True
3194,3194,1602,1,sty+tfidf+perp,3,1,0.9997660446805836,True
3195,3195,1603,0,sty+tfidf+perp,3,0,0.00016261680905095723,True
3196,3196,1603,1,sty+tfidf+perp,3,1,0.9990905022877448,True
3197,3197,1604,0,sty+tfidf+perp,3,0,0.055324984278945034,True
3198,3198,1604,1,sty+tfidf+perp,3,1,0.9990930530909292,True
3199,3199,1605,0,sty+tfidf+perp,3,0,0.00026463551524962806,True
3200,3200,1605,1,sty+tfidf+perp,3,1,0.9370821540773591,True
3201,3201,1606,0,sty+tfidf+perp,3,0,0.0006233631377161542,True
3202,3202,1606,1,sty+tfidf+perp,3,1,0.9874240926454012,True
3203,3203,1607,0,sty+tfidf+perp,3,0,0.017730132433569985,True
3204,3204,1607,1,sty+tfidf+perp,3,1,0.9999357850389293,True
3205,3205,1608,0,sty+tfidf+perp,3,0,0.002474654595322554,True
3206,3206,1608,1,sty+tfidf+perp,3,1,0.9998775477950632,True
3207,3207,1609,0,sty+tfidf+perp,3,0,0.003750701253927792,True
3208,3208,1609,1,sty+tfidf+perp,3,1,0.6569604186536744,True
3209,3209,1610,0,sty+tfidf+perp,3,0,0.0017718144656550382,True
3210,3210,1610,1,sty+tfidf+perp,3,1,0.9940869898961493,True
3211,3211,1611,0,sty+tfidf+perp,3,0,0.0031585959015889733,True
3212,3212,1611,1,sty+tfidf+perp,3,1,0.9966044375123159,True
3213,3213,1612,1,sty+tfidf+perp,3,1,0.9984416773054002,True
3214,3214,1613,0,sty+tfidf+perp,3,0,0.008128613654081587,True
3215,3215,1613,1,sty+tfidf+perp,3,1,0.9986294507010509,True
3216,3216,1614,0,sty+tfidf+perp,3,0,0.04164034946352513,True
3217,3217,1614,1,sty+tfidf+perp,3,1,0.9961757387432613,True
3218,3218,1615,0,sty+tfidf+perp,3,0,0.0008829336174776296,True
3219,3219,1615,1,sty+tfidf+perp,3,1,0.6929389417346313,True
3220,3220,1616,0,sty+tfidf+perp,3,0,0.012312046269488066,True
3221,3221,1616,1,sty+tfidf+perp,3,1,0.9991745259082444,True
3222,3222,1617,0,sty+tfidf+perp,3,0,8.914333547141859e-05,True
3223,3223,1617,1,sty+tfidf+perp,3,1,0.9784961611684643,True
3224,3224,1618,0,sty+tfidf+perp,3,0,0.004126580288025393,True
3225,3225,1618,1,sty+tfidf+perp,3,1,0.9960522459634077,True
3226,3226,1619,0,sty+tfidf+perp,3,0,0.0004844322918112269,True
3227,3227,1619,1,sty+tfidf+perp,3,1,0.9996798616825574,True
3228,3228,1620,0,sty+tfidf+perp,3,0,0.0060318580224479265,True
3229,3229,1620,1,sty+tfidf+perp,3,1,0.9997278236410687,True
3230,3230,1621,0,sty+tfidf+perp,3,0,0.009233725532015544,True
3231,3231,1621,1,sty+tfidf+perp,3,1,0.9995369392373399,True
3232,3232,1622,0,sty+tfidf+perp,3,0,0.00031792063004424195,True
3233,3233,1622,1,sty+tfidf+perp,3,1,0.9991800669084772,True
3234,3234,1623,0,sty+tfidf+perp,3,0,0.00011951517431838313,True
3235,3235,1623,1,sty+tfidf+perp,3,1,0.9992182213867771,True
3236,3236,1624,0,sty+tfidf+perp,3,0,0.01881107512619024,True
3237,3237,1624,1,sty+tfidf+perp,3,1,0.9973675311881328,True
3238,3238,1625,0,sty+tfidf+perp,3,0,0.001085231860261701,True
3239,3239,1625,1,sty+tfidf+perp,3,1,0.9998422155472603,True
3240,3240,1626,0,sty+tfidf+perp,3,0,0.0013534931645030343,True
3241,3241,1626,1,sty+tfidf+perp,3,1,0.9983618556753412,True
3242,3242,1627,0,sty+tfidf+perp,3,0,0.024692929396040477,True
3243,3243,1627,1,sty+tfidf+perp,3,1,0.9801969085505302,True
3244,3244,1628,0,sty+tfidf+perp,3,0,0.0007482507800460489,True
3245,3245,1628,1,sty+tfidf+perp,3,1,0.7793374428071664,True
3246,3246,1629,0,sty+tfidf+perp,3,0,0.0036915002467472167,True
3247,3247,1629,1,sty+tfidf+perp,3,1,0.9934625257313994,True
3248,3248,1630,0,sty+tfidf+perp,3,0,0.061688858867358205,True
3249,3249,1630,1,sty+tfidf+perp,3,1,0.9995048373652208,True
3250,3250,1631,0,sty+tfidf+perp,3,0,0.017219184157404407,True
3251,3251,1631,1,sty+tfidf+perp,3,1,0.9997521221434663,True
3252,3252,1632,0,sty+tfidf+perp,3,0,0.06447395151296534,True
3253,3253,1632,1,sty+tfidf+perp,3,1,0.9995361127771932,True
3254,3254,1633,0,sty+tfidf+perp,3,0,0.0008007677652866231,True
3255,3255,1633,1,sty+tfidf+perp,3,1,0.9999359428645049,True
3256,3256,1634,0,sty+tfidf+perp,3,0,0.0010779776448936419,True
3257,3257,1634,1,sty+tfidf+perp,3,0,0.030385234931137137,False
3258,3258,1635,0,sty+tfidf+perp,3,0,0.0005673278425566852,True
3259,3259,1635,1,sty+tfidf+perp,3,1,0.9998257910273681,True
3260,3260,1636,0,sty+tfidf+perp,3,0,0.011959314489995286,True
3261,3261,1636,1,sty+tfidf+perp,3,1,0.9998997307964559,True
3262,3262,1637,0,sty+tfidf+perp,3,0,0.047228986104674915,True
3263,3263,1637,1,sty+tfidf+perp,3,1,0.9999070043839285,True
3264,3264,1638,0,sty+tfidf+perp,3,0,0.00011629787248241685,True
3265,3265,1638,1,sty+tfidf+perp,3,1,0.999345912917242,True
3266,3266,1639,0,sty+tfidf+perp,3,0,0.0010910891798207895,True
3267,3267,1639,1,sty+tfidf+perp,3,1,0.9974224750420725,True
3268,3268,1640,0,sty+tfidf+perp,3,0,5.1476896352581954e-05,True
3269,3269,1640,1,sty+tfidf+perp,3,1,0.9855502972082671,True
3270,3270,1641,0,sty+tfidf+perp,3,0,0.002005587823078022,True
3271,3271,1641,1,sty+tfidf+perp,3,1,0.9051446955047464,True
3272,3272,1642,0,sty+tfidf+perp,3,0,8.139901072261695e-05,True
3273,3273,1642,1,sty+tfidf+perp,3,1,0.9973598572333355,True
3274,3274,1643,0,sty+tfidf+perp,3,0,0.0004388905207486077,True
3275,3275,1643,1,sty+tfidf+perp,3,1,0.9998967221624155,True
3276,3276,1644,0,sty+tfidf+perp,3,0,0.0018627279285009588,True
3277,3277,1644,1,sty+tfidf+perp,3,1,0.9994653877373953,True
3278,3278,1645,0,sty+tfidf+perp,3,1,0.8948133045955701,False
3279,3279,1645,1,sty+tfidf+perp,3,1,0.9690375058244874,True
3280,3280,1646,0,sty+tfidf+perp,3,0,0.04142235547363993,True
3281,3281,1646,1,sty+tfidf+perp,3,1,0.9997539893531743,True
3282,3282,1647,0,sty+tfidf+perp,3,0,0.008741128335925897,True
3283,3283,1647,1,sty+tfidf+perp,3,1,0.9980306584587461,True
3284,3284,1648,0,sty+tfidf+perp,3,0,3.033304011957821e-05,True
3285,3285,1648,1,sty+tfidf+perp,3,1,0.999928019786953,True
3286,3286,1649,0,sty+tfidf+perp,3,0,0.0009695887861683139,True
3287,3287,1649,1,sty+tfidf+perp,3,1,0.9989163646269729,True
3288,3288,1650,0,sty+tfidf+perp,3,0,0.0032561009531427926,True
3289,3289,1650,1,sty+tfidf+perp,3,1,0.9239570511972032,True
3290,3290,1651,0,sty+tfidf+perp,3,0,0.001683191341906664,True
3291,3291,1651,1,sty+tfidf+perp,3,1,0.999916708684394,True
3292,3292,1652,0,sty+tfidf+perp,3,0,0.00010302350026047549,True
3293,3293,1652,1,sty+tfidf+perp,3,1,0.9940306764619131,True
3294,3294,1653,0,sty+tfidf+perp,3,0,0.0027800364760172586,True
3295,3295,1653,1,sty+tfidf+perp,3,1,0.9994901833210406,True
3296,3296,1654,0,sty+tfidf+perp,3,0,4.6121341176249525e-05,True
3297,3297,1654,1,sty+tfidf+perp,3,1,0.9035758787315633,True
3298,3298,1655,0,sty+tfidf+perp,3,0,0.00029708916897172946,True
3299,3299,1655,1,sty+tfidf+perp,3,1,0.9996390330079822,True
3300,3300,1656,0,sty+tfidf+perp,3,0,0.0018178582995656254,True
3301,3301,1656,1,sty+tfidf+perp,3,1,0.9078024056745237,True
3302,3302,1657,0,sty+tfidf+perp,3,0,0.0033100802934725128,True
3303,3303,1657,1,sty+tfidf+perp,3,1,0.999667967068495,True
3304,3304,1658,0,sty+tfidf+perp,3,0,0.06318252087908115,True
3305,3305,1658,1,sty+tfidf+perp,3,1,0.9991031597833007,True
3306,3306,1659,0,sty+tfidf+perp,3,0,0.0008237993229194946,True
3307,3307,1659,1,sty+tfidf+perp,3,1,0.9994589823876223,True
3308,3308,1660,0,sty+tfidf+perp,3,0,0.003951257960585285,True
3309,3309,1660,1,sty+tfidf+perp,3,1,0.9999444198121399,True
3310,3310,1661,0,sty+tfidf+perp,3,0,0.0005270174785312162,True
3311,3311,1661,1,sty+tfidf+perp,3,1,0.9995775629108182,True
3312,3312,1662,0,sty+tfidf+perp,3,0,0.022868975620275584,True
3313,3313,1662,1,sty+tfidf+perp,3,1,0.9992715647744111,True
3314,3314,1663,0,sty+tfidf+perp,3,0,0.00017543250283754964,True
3315,3315,1663,1,sty+tfidf+perp,3,1,0.999853806221353,True
3316,3316,1664,0,sty+tfidf+perp,3,0,0.016003758274689455,True
3317,3317,1664,1,sty+tfidf+perp,3,1,0.9870527859163571,True
3318,3318,1665,0,sty+tfidf+perp,3,0,0.017166527733841648,True
3319,3319,1665,1,sty+tfidf+perp,3,1,0.9995858545437772,True
3320,3320,1666,0,sty+tfidf+perp,3,0,0.0005482284551135708,True
3321,3321,1666,1,sty+tfidf+perp,3,1,0.9919805289809853,True
3322,3322,1667,0,sty+tfidf+perp,3,0,0.4555433839820135,True
3323,3323,1667,1,sty+tfidf+perp,3,1,0.960682604882362,True
3324,3324,1668,0,sty+tfidf+perp,3,0,0.032759720862968626,True
3325,3325,1668,1,sty+tfidf+perp,3,1,0.9987144740835181,True
3326,3326,1669,0,sty+tfidf+perp,3,0,0.004102113511247092,True
3327,3327,1669,1,sty+tfidf+perp,3,1,0.9997121024772695,True
3328,3328,1670,0,sty+tfidf+perp,3,0,0.00162685008213307,True
3329,3329,1670,1,sty+tfidf+perp,3,1,0.9815041770125715,True
3330,3330,1671,0,sty+tfidf+perp,3,0,0.0021936759183019436,True
3331,3331,1671,1,sty+tfidf+perp,3,1,0.9996694839120143,True
3332,3332,1672,0,sty+tfidf+perp,3,0,3.431207203774431e-05,True
3333,3333,1672,1,sty+tfidf+perp,3,1,0.9998512502429824,True
3334,3334,1673,0,sty+tfidf+perp,3,0,0.0035122767236785367,True
3335,3335,1673,1,sty+tfidf+perp,3,1,0.994009682176918,True
3336,3336,1674,0,sty+tfidf+perp,3,0,0.0027822807606555275,True
3337,3337,1674,1,sty+tfidf+perp,3,1,0.9995459995025336,True
3338,3338,1675,0,sty+tfidf+perp,3,0,0.0024168955717004193,True
3339,3339,1675,1,sty+tfidf+perp,3,1,0.9983388692530363,True
3340,3340,1676,0,sty+tfidf+perp,3,0,0.010134199924356657,True
3341,3341,1676,1,sty+tfidf+perp,3,1,0.9163704428148307,True
3342,3342,1677,0,sty+tfidf+perp,3,0,0.0168905293708021,True
3343,3343,1677,1,sty+tfidf+perp,3,1,0.9900490499381731,True
3344,3344,1678,0,sty+tfidf+perp,3,0,0.00017961686556932453,True
3345,3345,1678,1,sty+tfidf+perp,3,1,0.9991000976702898,True
3346,3346,1679,0,sty+tfidf+perp,3,0,0.0017212615458288328,True
3347,3347,1679,1,sty+tfidf+perp,3,1,0.999420515005498,True
3348,3348,1680,0,sty+tfidf+perp,3,0,0.001001767441743608,True
3349,3349,1680,1,sty+tfidf+perp,3,1,0.9998301563280607,True
3350,3350,1681,0,sty+tfidf+perp,3,0,0.2579850528571493,True
3351,3351,1681,1,sty+tfidf+perp,3,1,0.6744019156701776,True
3352,3352,1682,0,sty+tfidf+perp,3,0,0.0006302318574963143,True
3353,3353,1682,1,sty+tfidf+perp,3,1,0.9993039182553622,True
3354,3354,1683,0,sty+tfidf+perp,3,0,0.0009046625268945809,True
3355,3355,1683,1,sty+tfidf+perp,3,1,0.98047926554907,True
3356,3356,1684,0,sty+tfidf+perp,3,0,0.008633671202094758,True
3357,3357,1684,1,sty+tfidf+perp,3,1,0.9997733839115254,True
3358,3358,1685,0,sty+tfidf+perp,3,0,0.007842846443488281,True
3359,3359,1685,1,sty+tfidf+perp,3,1,0.9836721376574938,True
3360,3360,1686,1,sty+tfidf+perp,3,1,0.9917885662176155,True
3361,3361,1687,0,sty+tfidf+perp,3,0,0.02055652773357904,True
3362,3362,1687,1,sty+tfidf+perp,3,1,0.9969488522251689,True
3363,3363,1688,0,sty+tfidf+perp,3,0,0.09080704022102032,True
3364,3364,1688,1,sty+tfidf+perp,3,1,0.9911220904013546,True
3365,3365,1689,0,sty+tfidf+perp,3,0,0.010019244840213019,True
3366,3366,1689,1,sty+tfidf+perp,3,1,0.9996020660675455,True
3367,3367,1690,0,sty+tfidf+perp,3,0,0.006235146597552985,True
3368,3368,1690,1,sty+tfidf+perp,3,1,0.9965016141327399,True
3369,3369,1691,0,sty+tfidf+perp,3,0,0.04241996365937907,True
3370,3370,1691,1,sty+tfidf+perp,3,1,0.9986765302726136,True
3371,3371,1692,0,sty+tfidf+perp,3,0,0.000429417018992555,True
3372,3372,1692,1,sty+tfidf+perp,3,1,0.8734455453295806,True
3373,3373,1693,0,sty+tfidf+perp,3,0,0.0038011705443607782,True
3374,3374,1693,1,sty+tfidf+perp,3,1,0.9972676957230958,True
3375,3375,1694,0,sty+tfidf+perp,3,0,0.0024054451175146573,True
3376,3376,1694,1,sty+tfidf+perp,3,1,0.9996914628827634,True
3377,3377,1695,0,sty+tfidf+perp,3,0,0.030913250970534132,True
3378,3378,1695,1,sty+tfidf+perp,3,1,0.9998872254415943,True
3379,3379,1696,0,sty+tfidf+perp,3,0,0.0017080579109260434,True
3380,3380,1696,1,sty+tfidf+perp,3,1,0.998882941139949,True
3381,3381,1697,0,sty+tfidf+perp,3,0,0.0011731807065806347,True
3382,3382,1697,1,sty+tfidf+perp,3,1,0.9997207850215794,True
3383,3383,1698,0,sty+tfidf+perp,3,0,0.008219478467167054,True
3384,3384,1698,1,sty+tfidf+perp,3,1,0.9982156567286161,True
3385,3385,1699,0,sty+tfidf+perp,3,0,0.0021293039449207115,True
3386,3386,1699,1,sty+tfidf+perp,3,1,0.9891390891496857,True
3387,3387,1700,0,sty+tfidf+perp,3,0,0.00022932612925833314,True
3388,3388,1700,1,sty+tfidf+perp,3,1,0.999267070546847,True
3389,3389,1701,0,sty+tfidf+perp,3,0,0.0011710194370644557,True
3390,3390,1701,1,sty+tfidf+perp,3,1,0.9376435972244683,True
3391,3391,1702,0,sty+tfidf+perp,3,0,0.003253942461637889,True
3392,3392,1702,1,sty+tfidf+perp,3,1,0.9990559204993846,True
3393,3393,1703,0,sty+tfidf+perp,3,0,0.029190603164379245,True
3394,3394,1703,1,sty+tfidf+perp,3,1,0.9900690557640976,True
3395,3395,1704,0,sty+tfidf+perp,3,0,0.0009536907777633936,True
3396,3396,1704,1,sty+tfidf+perp,3,1,0.9998870774791726,True
3397,3397,1705,0,sty+tfidf+perp,3,0,0.05231587704791714,True
3398,3398,1705,1,sty+tfidf+perp,3,1,0.5431602477795756,True
3399,3399,1706,0,sty+tfidf+perp,3,0,0.0012680920470889345,True
3400,3400,1706,1,sty+tfidf+perp,3,1,0.9996762469947355,True
3401,3401,1707,0,sty+tfidf+perp,3,0,0.08972808825210823,True
3402,3402,1707,1,sty+tfidf+perp,3,1,0.999822021501864,True
3403,3403,1708,0,sty+tfidf+perp,3,0,0.03628178336246606,True
3404,3404,1708,1,sty+tfidf+perp,3,1,0.9975056986684271,True
3405,3405,1709,0,sty+tfidf+perp,3,0,0.012573300587089505,True
3406,3406,1709,1,sty+tfidf+perp,3,1,0.6623364969003286,True
3407,3407,1710,0,sty+tfidf+perp,3,0,0.00012075324777183922,True
3408,3408,1710,1,sty+tfidf+perp,3,1,0.6391757437891555,True
3409,3409,1711,0,sty+tfidf+perp,3,0,0.00042762370495530943,True
3410,3410,1711,1,sty+tfidf+perp,3,1,0.999928412776435,True
3411,3411,1712,0,sty+tfidf+perp,3,0,0.011636579954079773,True
3412,3412,1712,1,sty+tfidf+perp,3,1,0.9992723042047548,True
3413,3413,1713,0,sty+tfidf+perp,3,0,0.00022998099636536865,True
3414,3414,1713,1,sty+tfidf+perp,3,1,0.999931534932772,True
3415,3415,1714,0,sty+tfidf+perp,3,0,0.03833120921015988,True
3416,3416,1714,1,sty+tfidf+perp,3,1,0.9948787603673119,True
3417,3417,1715,0,sty+tfidf+perp,3,0,0.00418722617361729,True
3418,3418,1715,1,sty+tfidf+perp,3,1,0.9992676785423459,True
3419,3419,1716,0,sty+tfidf+perp,3,0,0.000184207971726833,True
3420,3420,1716,1,sty+tfidf+perp,3,1,0.9974350679431249,True
3421,3421,1717,0,sty+tfidf+perp,3,0,0.00042076257947794716,True
3422,3422,1717,1,sty+tfidf+perp,3,1,0.8329790129657779,True
3423,3423,1718,0,sty+tfidf+perp,3,0,0.0020578542079181666,True
3424,3424,1718,1,sty+tfidf+perp,3,1,0.9998884530926595,True
3425,3425,1719,0,sty+tfidf+perp,3,0,0.04953899449780963,True
3426,3426,1719,1,sty+tfidf+perp,3,1,0.9997675838592489,True
3427,3427,1720,0,sty+tfidf+perp,3,0,0.01440232963926856,True
3428,3428,1720,1,sty+tfidf+perp,3,1,0.9996120847580195,True
3429,3429,1721,0,sty+tfidf+perp,3,0,0.03328644365545955,True
3430,3430,1721,1,sty+tfidf+perp,3,1,0.9953250161028606,True
3431,3431,1722,0,sty+tfidf+perp,3,0,0.0008502182363711506,True
3432,3432,1722,1,sty+tfidf+perp,3,1,0.9786614046593927,True
3433,3433,1723,0,sty+tfidf+perp,3,0,0.0006989443445521697,True
3434,3434,1723,1,sty+tfidf+perp,3,1,0.9998914789628334,True
3435,3435,1724,0,sty+tfidf+perp,3,0,0.016462001827647427,True
3436,3436,1724,1,sty+tfidf+perp,3,1,0.9999291659883296,True
3437,3437,1725,0,sty+tfidf+perp,3,0,0.02693390095063154,True
3438,3438,1725,1,sty+tfidf+perp,3,1,0.9997455885943791,True
3439,3439,1726,0,sty+tfidf+perp,3,0,0.0008327066097050977,True
3440,3440,1726,1,sty+tfidf+perp,3,0,0.14749089387263256,False
3441,3441,1727,0,sty+tfidf+perp,3,0,0.011612709376605433,True
3442,3442,1727,1,sty+tfidf+perp,3,1,0.9996015396778117,True
3443,3443,1728,0,sty+tfidf+perp,3,0,0.0008214472811771076,True
3444,3444,1728,1,sty+tfidf+perp,3,1,0.9918531496047315,True
3445,3445,1729,0,sty+tfidf+perp,3,0,0.000227359619207497,True
3446,3446,1729,1,sty+tfidf+perp,3,1,0.6661163456375744,True
3447,3447,1730,0,sty+tfidf+perp,3,0,0.00037941187774475027,True
3448,3448,1730,1,sty+tfidf+perp,3,1,0.9914663559941952,True
3449,3449,1731,0,sty+tfidf+perp,3,0,0.0008121193323043361,True
3450,3450,1731,1,sty+tfidf+perp,3,1,0.9953562599276686,True
3451,3451,1732,0,sty+tfidf+perp,3,0,0.032515051787238514,True
3452,3452,1732,1,sty+tfidf+perp,3,1,0.7683189882694199,True
3453,3453,1733,0,sty+tfidf+perp,3,0,0.0009503535687161943,True
3454,3454,1733,1,sty+tfidf+perp,3,1,0.9996233188517095,True
3455,3455,1734,0,sty+tfidf+perp,3,0,0.00459260478304525,True
3456,3456,1734,1,sty+tfidf+perp,3,1,0.9936253992547557,True
3457,3457,1735,0,sty+tfidf+perp,3,0,4.308674293458308e-05,True
3458,3458,1735,1,sty+tfidf+perp,3,1,0.7969308404453321,True
3459,3459,1736,0,sty+tfidf+perp,3,0,0.0004642867051646621,True
3460,3460,1736,1,sty+tfidf+perp,3,1,0.8716584859209525,True
3461,3461,1737,0,sty+tfidf+perp,3,0,0.00013103392391280972,True
3462,3462,1737,1,sty+tfidf+perp,3,1,0.9758000423405093,True
3463,3463,1738,0,sty+tfidf+perp,3,0,0.18345085764765867,True
3464,3464,1738,1,sty+tfidf+perp,3,1,0.9998525408107505,True
3465,3465,1739,0,sty+tfidf+perp,3,0,0.05464448720648238,True
3466,3466,1739,1,sty+tfidf+perp,3,1,0.9984128452787566,True
3467,3467,1740,0,sty+tfidf+perp,3,0,0.0008126718531372589,True
3468,3468,1740,1,sty+tfidf+perp,3,1,0.999851293245675,True
3469,3469,1741,0,sty+tfidf+perp,3,0,0.03391174076863732,True
3470,3470,1741,1,sty+tfidf+perp,3,1,0.9998019412713307,True
3471,3471,1742,0,sty+tfidf+perp,3,0,0.000142962385200288,True
3472,3472,1742,1,sty+tfidf+perp,3,1,0.9983647955814026,True
3473,3473,1743,0,sty+tfidf+perp,3,0,0.0033318820268881974,True
3474,3474,1743,1,sty+tfidf+perp,3,1,0.9995973993148306,True
3475,3475,1744,0,sty+tfidf+perp,3,0,0.0015127213859766626,True
3476,3476,1744,1,sty+tfidf+perp,3,1,0.997380135220312,True
3477,3477,1745,0,sty+tfidf+perp,3,0,0.00026653641108905326,True
3478,3478,1745,1,sty+tfidf+perp,3,1,0.9880841669934334,True
3479,3479,1746,0,sty+tfidf+perp,3,0,0.0014143922007736238,True
3480,3480,1746,1,sty+tfidf+perp,3,1,0.9868077286120412,True
3481,3481,1747,0,sty+tfidf+perp,3,0,0.09615608690531247,True
3482,3482,1747,1,sty+tfidf+perp,3,1,0.9982717160937397,True
3483,3483,1748,0,sty+tfidf+perp,3,0,0.006209274937070994,True
3484,3484,1748,1,sty+tfidf+perp,3,1,0.9996241665500443,True
3485,3485,1749,0,sty+tfidf+perp,3,0,0.0009336303801048553,True
3486,3486,1749,1,sty+tfidf+perp,3,1,0.9978732483339973,True
3487,3487,1750,0,sty+tfidf+perp,3,0,0.013369064578951142,True
3488,3488,1750,1,sty+tfidf+perp,3,1,0.9987618551336939,True
3489,3489,1751,0,sty+tfidf+perp,3,0,0.04921463177334627,True
3490,3490,1751,1,sty+tfidf+perp,3,1,0.998874269287752,True
3491,3491,1752,0,sty+tfidf+perp,3,0,0.002789985196626565,True
3492,3492,1752,1,sty+tfidf+perp,3,1,0.9461727135843223,True
3493,3493,1753,0,sty+tfidf+perp,3,0,0.0008706022884797162,True
3494,3494,1753,1,sty+tfidf+perp,3,1,0.9993754053398399,True
3495,3495,1754,1,sty+tfidf+perp,3,1,0.9997573936099712,True
3496,3496,1755,0,sty+tfidf+perp,3,0,0.0002818857675860462,True
3497,3497,1755,1,sty+tfidf+perp,3,0,0.09263274228420512,False
3498,3498,1756,0,sty+tfidf+perp,3,0,0.0002688666747345203,True
3499,3499,1756,1,sty+tfidf+perp,3,1,0.9994907996603479,True
3500,3500,1757,0,sty+tfidf+perp,3,1,0.8515257607327505,False
3501,3501,1757,1,sty+tfidf+perp,3,1,0.8491233227403685,True
3502,3502,1758,0,sty+tfidf+perp,3,0,0.0017688092697678145,True
3503,3503,1758,1,sty+tfidf+perp,3,1,0.9983811995891946,True
3504,3504,1759,0,sty+tfidf+perp,3,0,0.0034920925994331577,True
3505,3505,1759,1,sty+tfidf+perp,3,1,0.9993373216280139,True
3506,3506,1760,0,sty+tfidf+perp,3,0,0.00047332330286623165,True
3507,3507,1760,1,sty+tfidf+perp,3,1,0.9990862127898542,True
3508,3508,1761,0,sty+tfidf+perp,3,0,0.26919413293215666,True
3509,3509,1761,1,sty+tfidf+perp,3,1,0.9996229684694511,True
3510,3510,1762,0,sty+tfidf+perp,3,0,0.0005026327082217674,True
3511,3511,1762,1,sty+tfidf+perp,3,1,0.9882204551391766,True
3512,3512,1763,0,sty+tfidf+perp,3,0,0.004645158040869671,True
3513,3513,1763,1,sty+tfidf+perp,3,1,0.9964896678143119,True
3514,3514,1764,0,sty+tfidf+perp,3,0,0.14222324399978287,True
3515,3515,1764,1,sty+tfidf+perp,3,1,0.9679357136269561,True
3516,3516,1765,0,sty+tfidf+perp,3,0,0.00048813288158214014,True
3517,3517,1765,1,sty+tfidf+perp,3,1,0.9990995285405213,True
3518,3518,1766,0,sty+tfidf+perp,3,0,0.004047501681500029,True
3519,3519,1766,1,sty+tfidf+perp,3,1,0.9991333951839706,True
3520,3520,1767,0,sty+tfidf+perp,3,0,0.1512433345573162,True
3521,3521,1767,1,sty+tfidf+perp,3,1,0.9997781277327995,True
3522,3522,1768,0,sty+tfidf+perp,3,0,0.014570786805981421,True
3523,3523,1768,1,sty+tfidf+perp,3,1,0.9915231509623925,True
3524,3524,1769,0,sty+tfidf+perp,3,0,0.0004233949696174631,True
3525,3525,1769,1,sty+tfidf+perp,3,1,0.9978508223233559,True
3526,3526,1770,0,sty+tfidf+perp,3,0,0.00026710706217932895,True
3527,3527,1770,1,sty+tfidf+perp,3,1,0.9998360568997683,True
3528,3528,1771,0,sty+tfidf+perp,3,0,0.00015325334223652775,True
3529,3529,1771,1,sty+tfidf+perp,3,1,0.9984876100998289,True
3530,3530,1772,0,sty+tfidf+perp,3,0,0.003990972929351166,True
3531,3531,1772,1,sty+tfidf+perp,3,1,0.9998058556401664,True
3532,3532,1773,0,sty+tfidf+perp,3,0,0.005795218961457843,True
3533,3533,1773,1,sty+tfidf+perp,3,1,0.9246646082480886,True
3534,3534,1774,0,sty+tfidf+perp,3,0,0.0057922140630930295,True
3535,3535,1774,1,sty+tfidf+perp,3,1,0.9982628225452517,True
3536,3536,1775,0,sty+tfidf+perp,3,0,0.00016933395324082213,True
3537,3537,1775,1,sty+tfidf+perp,3,1,0.9953975912061799,True
3538,3538,1776,0,sty+tfidf+perp,3,0,0.0015667562640890352,True
3539,3539,1776,1,sty+tfidf+perp,3,1,0.9882301268063974,True
3540,3540,1777,0,sty+tfidf+perp,3,0,0.0002264458332892119,True
3541,3541,1777,1,sty+tfidf+perp,3,1,0.9998602381093922,True
3542,3542,1778,0,sty+tfidf+perp,3,0,0.00014281388066830363,True
3543,3543,1778,1,sty+tfidf+perp,3,0,0.41507930526733083,False
3544,3544,1779,0,sty+tfidf+perp,3,0,0.00018216633035524714,True
3545,3545,1779,1,sty+tfidf+perp,3,1,0.9997747023256293,True
3546,3546,1780,0,sty+tfidf+perp,3,0,3.156296399808013e-05,True
3547,3547,1780,1,sty+tfidf+perp,3,1,0.9997676832616325,True
3548,3548,1781,0,sty+tfidf+perp,3,0,0.00020249873907168562,True
3549,3549,1781,1,sty+tfidf+perp,3,1,0.9988975131700585,True
3550,3550,1782,0,sty+tfidf+perp,3,0,0.007938757271770031,True
3551,3551,1782,1,sty+tfidf+perp,3,1,0.9994821833192873,True
3552,3552,1783,0,sty+tfidf+perp,3,0,0.002766970999391806,True
3553,3553,1783,1,sty+tfidf+perp,3,1,0.9881754940117056,True
3554,3554,1784,0,sty+tfidf+perp,3,0,0.04155485547345596,True
3555,3555,1784,1,sty+tfidf+perp,3,1,0.9138310575386308,True
3556,3556,1785,0,sty+tfidf+perp,3,0,0.0017813014757957215,True
3557,3557,1785,1,sty+tfidf+perp,3,1,0.9992330863538448,True
3558,3558,1786,0,sty+tfidf+perp,3,0,0.0006752834129385291,True
3559,3559,1786,1,sty+tfidf+perp,3,1,0.9995793168166069,True
3560,3560,1787,0,sty+tfidf+perp,3,0,0.002151042348431271,True
3561,3561,1787,1,sty+tfidf+perp,3,1,0.994550999032728,True
3562,3562,1788,0,sty+tfidf+perp,3,0,0.02079550429422548,True
3563,3563,1788,1,sty+tfidf+perp,3,1,0.9992742792879732,True
3564,3564,1789,0,sty+tfidf+perp,3,0,0.00120789554518616,True
3565,3565,1789,1,sty+tfidf+perp,3,1,0.9968560064237172,True
3566,3566,1790,0,sty+tfidf+perp,3,0,0.02776850074359601,True
3567,3567,1790,1,sty+tfidf+perp,3,1,0.9999500128959774,True
3568,3568,1791,0,sty+tfidf+perp,3,0,0.00014774353942489002,True
3569,3569,1791,1,sty+tfidf+perp,3,1,0.9997899799587046,True
3570,3570,1792,0,sty+tfidf+perp,3,0,0.0692326758644839,True
3571,3571,1792,1,sty+tfidf+perp,3,1,0.9997508037191742,True
3572,3572,1793,0,sty+tfidf+perp,3,0,0.0029744040697792812,True
3573,3573,1793,1,sty+tfidf+perp,3,1,0.999703314504058,True
3574,3574,1794,0,sty+tfidf+perp,3,0,0.000209270119250214,True
3575,3575,1794,1,sty+tfidf+perp,3,1,0.9817043552115182,True
3576,3576,1795,0,sty+tfidf+perp,3,0,0.0008895181776379451,True
3577,3577,1795,1,sty+tfidf+perp,3,1,0.9973043804070049,True
3578,3578,1796,0,sty+tfidf+perp,3,0,0.0003947514545152244,True
3579,3579,1796,1,sty+tfidf+perp,3,1,0.9959092401303636,True
3580,3580,1797,0,sty+tfidf+perp,3,0,0.0001566257767436716,True
3581,3581,1797,1,sty+tfidf+perp,3,1,0.9897952232916077,True
3582,3582,1798,0,sty+tfidf+perp,3,0,0.08842389945813844,True
3583,3583,1798,1,sty+tfidf+perp,3,1,0.9984970312795741,True
3584,3584,1799,0,sty+tfidf+perp,3,0,0.00012151713099023626,True
3585,3585,1799,1,sty+tfidf+perp,3,1,0.9983567961792952,True
3586,3586,1800,0,sty+tfidf+perp,3,0,0.0026861280159244673,True
3587,3587,1800,1,sty+tfidf+perp,3,1,0.9987363323741941,True
3588,3588,1801,0,sty+tfidf+perp,3,0,0.49630843933836927,True
3589,3589,1801,1,sty+tfidf+perp,3,1,0.9638910418487465,True
3590,3590,1802,0,sty+tfidf+perp,3,0,0.0013890492179407842,True
3591,3591,1802,1,sty+tfidf+perp,3,1,0.9996856791878552,True
3592,3592,1803,0,sty+tfidf+perp,3,0,0.0003984751202954841,True
3593,3593,1803,1,sty+tfidf+perp,3,1,0.999743044304263,True
3594,3594,1804,0,sty+tfidf+perp,3,0,0.0028073080462953214,True
3595,3595,1804,1,sty+tfidf+perp,3,1,0.9993369352899402,True
3596,3596,1805,0,sty+tfidf+perp,3,0,0.33693195639920476,True
3597,3597,1805,1,sty+tfidf+perp,3,1,0.9999451220445825,True
3598,3598,1806,0,sty+tfidf+perp,3,0,0.020103271168388916,True
3599,3599,1806,1,sty+tfidf+perp,3,1,0.9987635734955413,True
3600,3600,1807,0,sty+tfidf+perp,3,0,0.007703078742505747,True
3601,3601,1807,1,sty+tfidf+perp,3,1,0.997840092710688,True
3602,3602,1808,0,sty+tfidf+perp,3,0,0.028128431025317233,True
3603,3603,1808,1,sty+tfidf+perp,3,1,0.9995890039697155,True
3604,3604,1809,0,sty+tfidf+perp,3,0,0.0017316706290225277,True
3605,3605,1809,1,sty+tfidf+perp,3,1,0.7077919852653111,True
3606,3606,1810,0,sty+tfidf+perp,3,0,0.008232378349044896,True
3607,3607,1810,1,sty+tfidf+perp,3,1,0.9996883642551545,True
3608,3608,1811,0,sty+tfidf+perp,3,0,0.25815083481408013,True
3609,3609,1811,1,sty+tfidf+perp,3,1,0.9999205903758155,True
3610,3610,1812,0,sty+tfidf+perp,3,0,0.000993801403292212,True
3611,3611,1812,1,sty+tfidf+perp,3,1,0.9997729931602677,True
3612,3612,1813,0,sty+tfidf+perp,3,0,0.008564901603716864,True
3613,3613,1813,1,sty+tfidf+perp,3,1,0.9995567101790761,True
3614,3614,1814,0,sty+tfidf+perp,3,0,0.00633809636701469,True
3615,3615,1814,1,sty+tfidf+perp,3,1,0.9974693524181802,True
3616,3616,1815,0,sty+tfidf+perp,3,0,8.462039950192247e-05,True
3617,3617,1815,1,sty+tfidf+perp,3,1,0.9995062739866724,True
3618,3618,1816,0,sty+tfidf+perp,3,0,0.0013941635201825818,True
3619,3619,1816,1,sty+tfidf+perp,3,1,0.9944915451863555,True
3620,3620,1817,0,sty+tfidf+perp,3,0,9.004174679159695e-05,True
3621,3621,1817,1,sty+tfidf+perp,3,1,0.9987145366066081,True
3622,3622,1818,0,sty+tfidf+perp,3,0,0.00785444636746221,True
3623,3623,1818,1,sty+tfidf+perp,3,1,0.9998664775014122,True
3624,3624,1819,0,sty+tfidf+perp,3,0,0.01811441668059385,True
3625,3625,1819,1,sty+tfidf+perp,3,1,0.9997872677970108,True
3626,3626,1820,0,sty+tfidf+perp,3,0,0.006055389528694765,True
3627,3627,1820,1,sty+tfidf+perp,3,1,0.9994231407193214,True
3628,3628,1821,0,sty+tfidf+perp,3,0,0.007739654924849463,True
3629,3629,1821,1,sty+tfidf+perp,3,1,0.9947405046181522,True
3630,3630,1822,0,sty+tfidf+perp,3,0,0.00315161179810882,True
3631,3631,1822,1,sty+tfidf+perp,3,1,0.9856671148820917,True
3632,3632,1823,0,sty+tfidf+perp,3,0,0.00023635116508916826,True
3633,3633,1823,1,sty+tfidf+perp,3,1,0.9859636363479504,True
3634,3634,1824,0,sty+tfidf+perp,3,0,0.011302192297644637,True
3635,3635,1824,1,sty+tfidf+perp,3,1,0.9998657570444816,True
3636,3636,1825,0,sty+tfidf+perp,3,0,0.012370816774197374,True
3637,3637,1825,1,sty+tfidf+perp,3,1,0.9998681441287944,True
3638,3638,1826,0,sty+tfidf+perp,3,0,0.00011410047261937341,True
3639,3639,1826,1,sty+tfidf+perp,3,1,0.99902970671574,True
3640,3640,1827,0,sty+tfidf+perp,3,0,0.0003044443573483575,True
3641,3641,1827,1,sty+tfidf+perp,3,0,0.22809519364848246,False
3642,3642,1828,0,sty+tfidf+perp,3,0,0.05336243435731031,True
3643,3643,1828,1,sty+tfidf+perp,3,1,0.9966478755073349,True
3644,3644,1829,0,sty+tfidf+perp,3,0,0.0021545475724339858,True
3645,3645,1829,1,sty+tfidf+perp,3,1,0.9998877196452769,True
3646,3646,1830,0,sty+tfidf+perp,3,0,0.004419558170498785,True
3647,3647,1830,1,sty+tfidf+perp,3,1,0.9977232782543636,True
3648,3648,1831,0,sty+tfidf+perp,3,0,0.0028921077541541164,True
3649,3649,1831,1,sty+tfidf+perp,3,1,0.998207535241006,True
3650,3650,1832,0,sty+tfidf+perp,3,0,0.0006866651968513508,True
3651,3651,1832,1,sty+tfidf+perp,3,1,0.9902331636483102,True
3652,3652,1833,0,sty+tfidf+perp,3,0,0.007664511989332289,True
3653,3653,1833,1,sty+tfidf+perp,3,1,0.9973047753284899,True
3654,3654,1834,0,sty+tfidf+perp,3,0,0.0011954434997013335,True
3655,3655,1834,1,sty+tfidf+perp,3,1,0.9973441879179723,True
3656,3656,1835,0,sty+tfidf+perp,3,0,0.0010404695171468792,True
3657,3657,1835,1,sty+tfidf+perp,3,1,0.9995071962311058,True
3658,3658,1836,0,sty+tfidf+perp,3,0,7.758036804588018e-05,True
3659,3659,1836,1,sty+tfidf+perp,3,1,0.9983696611203235,True
3660,3660,1837,0,sty+tfidf+perp,3,0,0.1780445589313797,True
3661,3661,1837,1,sty+tfidf+perp,3,1,0.9994157132949169,True
3662,3662,1838,0,sty+tfidf+perp,3,0,0.00020261635720328323,True
3663,3663,1838,1,sty+tfidf+perp,3,1,0.9998576467652668,True
3664,3664,1839,0,sty+tfidf+perp,3,0,0.0054461345754288565,True
3665,3665,1839,1,sty+tfidf+perp,3,0,0.42988399560430285,False
3666,3666,1840,0,sty+tfidf+perp,3,0,0.14181057456400528,True
3667,3667,1840,1,sty+tfidf+perp,3,1,0.9856195515966073,True
3668,3668,1841,0,sty+tfidf+perp,3,0,0.00019060866782585087,True
3669,3669,1841,1,sty+tfidf+perp,3,1,0.9994909588825732,True
3670,3670,1842,0,sty+tfidf+perp,3,0,4.522379654084096e-05,True
3671,3671,1842,1,sty+tfidf+perp,3,1,0.9963995231262455,True
3672,3672,1843,0,sty+tfidf+perp,3,0,0.0036182133530159324,True
3673,3673,1843,1,sty+tfidf+perp,3,1,0.9983865988720141,True
3674,3674,1844,0,sty+tfidf+perp,3,0,0.0012447943190426925,True
3675,3675,1844,1,sty+tfidf+perp,3,1,0.9969934268252246,True
3676,3676,1845,0,sty+tfidf+perp,3,0,0.0003136686518717924,True
3677,3677,1845,1,sty+tfidf+perp,3,1,0.9998537405544142,True
3678,3678,1846,0,sty+tfidf+perp,3,0,0.02392328801376576,True
3679,3679,1846,1,sty+tfidf+perp,3,1,0.9997421522693705,True
3680,3680,1847,0,sty+tfidf+perp,3,0,0.015171562659927576,True
3681,3681,1847,1,sty+tfidf+perp,3,1,0.9984902368048075,True
3682,3682,1848,0,sty+tfidf+perp,3,0,0.0014138252326838167,True
3683,3683,1848,1,sty+tfidf+perp,3,1,0.9960842592979348,True
3684,3684,1849,0,sty+tfidf+perp,3,0,0.013305276063308677,True
3685,3685,1849,1,sty+tfidf+perp,3,1,0.9985659836074205,True
3686,3686,1850,0,sty+tfidf+perp,3,0,0.0409591542371738,True
3687,3687,1850,1,sty+tfidf+perp,3,0,0.12088964110657485,False
3688,3688,1851,0,sty+tfidf+perp,3,0,0.0009450343609939049,True
3689,3689,1851,1,sty+tfidf+perp,3,1,0.9824288865586295,True
3690,3690,1852,0,sty+tfidf+perp,3,0,0.00045184037951465853,True
3691,3691,1852,1,sty+tfidf+perp,3,1,0.9996061233525716,True
3692,3692,1853,0,sty+tfidf+perp,3,0,0.012437833489611232,True
3693,3693,1853,1,sty+tfidf+perp,3,1,0.8581069145841841,True
3694,3694,1854,0,sty+tfidf+perp,3,0,0.000602949241264907,True
3695,3695,1854,1,sty+tfidf+perp,3,1,0.9987688641177402,True
3696,3696,1855,0,sty+tfidf+perp,3,0,0.0004247615263017485,True
3697,3697,1855,1,sty+tfidf+perp,3,1,0.9999019016629023,True
3698,3698,1856,0,sty+tfidf+perp,3,0,0.0007325068017742835,True
3699,3699,1856,1,sty+tfidf+perp,3,1,0.999651226793423,True
3700,3700,1857,0,sty+tfidf+perp,3,0,0.0017260073660536816,True
3701,3701,1857,1,sty+tfidf+perp,3,1,0.9997474715267763,True
3702,3702,1858,0,sty+tfidf+perp,3,0,0.053163689402451725,True
3703,3703,1858,1,sty+tfidf+perp,3,1,0.9983799011912557,True
3704,3704,1859,0,sty+tfidf+perp,3,0,0.010996050001304799,True
3705,3705,1859,1,sty+tfidf+perp,3,1,0.9997382361042706,True
3706,3706,1860,0,sty+tfidf+perp,3,0,0.004152310487417511,True
3707,3707,1860,1,sty+tfidf+perp,3,0,0.4604624626970082,False
3708,3708,1861,0,sty+tfidf+perp,3,0,0.00013283400476206785,True
3709,3709,1861,1,sty+tfidf+perp,3,0,0.3926353199540157,False
3710,3710,1862,0,sty+tfidf+perp,3,0,0.00034346945798055875,True
3711,3711,1862,1,sty+tfidf+perp,3,1,0.9998527471655146,True
3712,3712,1863,0,sty+tfidf+perp,3,0,0.09442023919608265,True
3713,3713,1863,1,sty+tfidf+perp,3,1,0.9987933365273518,True
3714,3714,1864,0,sty+tfidf+perp,3,0,0.0004051309403371002,True
3715,3715,1864,1,sty+tfidf+perp,3,1,0.9995561439444706,True
3716,3716,1865,0,sty+tfidf+perp,3,0,0.007513865646031311,True
3717,3717,1865,1,sty+tfidf+perp,3,1,0.9998179981864586,True
3718,3718,1866,0,sty+tfidf+perp,3,0,0.025155356468699656,True
3719,3719,1866,1,sty+tfidf+perp,3,1,0.9905731453313027,True
3720,3720,1867,0,sty+tfidf+perp,3,0,0.002492748074567089,True
3721,3721,1867,1,sty+tfidf+perp,3,1,0.6847341279060549,True
3722,3722,1868,0,sty+tfidf+perp,3,0,0.002846811990802035,True
3723,3723,1868,1,sty+tfidf+perp,3,1,0.9997576071593599,True
3724,3724,1869,0,sty+tfidf+perp,3,0,0.015164222187376238,True
3725,3725,1869,1,sty+tfidf+perp,3,1,0.9944521706878869,True
3726,3726,1870,0,sty+tfidf+perp,3,0,0.00011800179689975403,True
3727,3727,1870,1,sty+tfidf+perp,3,1,0.9978580334255354,True
3728,3728,1871,0,sty+tfidf+perp,3,0,0.001480001965156207,True
3729,3729,1871,1,sty+tfidf+perp,3,1,0.9988115489006854,True
3730,3730,1872,0,sty+tfidf+perp,3,0,0.0029316235581305122,True
3731,3731,1872,1,sty+tfidf+perp,3,1,0.998224499771529,True
3732,3732,1873,0,sty+tfidf+perp,3,0,0.00020307291284312463,True
3733,3733,1873,1,sty+tfidf+perp,3,1,0.9964690540106658,True
3734,3734,1874,0,sty+tfidf+perp,3,0,0.0002970057218581999,True
3735,3735,1874,1,sty+tfidf+perp,3,1,0.9984314989323656,True
3736,3736,1875,0,sty+tfidf+perp,3,0,0.0006056077512959245,True
3737,3737,1875,1,sty+tfidf+perp,3,1,0.9996797114308823,True
3738,3738,1876,0,sty+tfidf+perp,3,0,0.0011767294767673448,True
3739,3739,1876,1,sty+tfidf+perp,3,1,0.9968934244393618,True
3740,3740,1877,0,sty+tfidf+perp,3,0,6.952482589527599e-05,True
3741,3741,1877,1,sty+tfidf+perp,3,1,0.9987132954467158,True
3742,3742,1878,0,sty+tfidf+perp,3,0,5.2120396379056316e-05,True
3743,3743,1878,1,sty+tfidf+perp,3,1,0.9984145154240429,True
3744,3744,1879,0,sty+tfidf+perp,3,0,0.0050726374320874,True
3745,3745,1879,1,sty+tfidf+perp,3,1,0.9760352272690153,True
3746,3746,1880,0,sty+tfidf+perp,3,0,0.0004768840013954872,True
3747,3747,1880,1,sty+tfidf+perp,3,1,0.7491322340498952,True
3748,3748,1881,0,sty+tfidf+perp,3,0,0.0010333104504415738,True
3749,3749,1881,1,sty+tfidf+perp,3,1,0.9774975623049501,True
3750,3750,1882,0,sty+tfidf+perp,3,0,0.08956191710171109,True
3751,3751,1882,1,sty+tfidf+perp,3,1,0.9999121924560238,True
3752,3752,1883,0,sty+tfidf+perp,3,0,0.00017346688931697062,True
3753,3753,1883,1,sty+tfidf+perp,3,1,0.9993966097554101,True
3754,3754,1884,0,sty+tfidf+perp,3,0,0.10997114284103669,True
3755,3755,1884,1,sty+tfidf+perp,3,1,0.9983255175827712,True
3756,3756,1885,0,sty+tfidf+perp,3,0,0.0017701111843460848,True
3757,3757,1885,1,sty+tfidf+perp,3,1,0.9995939696279343,True
3758,3758,1886,0,sty+tfidf+perp,3,0,0.00028798934566296624,True
3759,3759,1886,1,sty+tfidf+perp,3,0,0.158403530386387,False
3760,3760,1887,0,sty+tfidf+perp,3,0,0.00033290587253660377,True
3761,3761,1887,1,sty+tfidf+perp,3,1,0.9998901526820395,True
3762,3762,1888,0,sty+tfidf+perp,3,0,0.025004287789701284,True
3763,3763,1888,1,sty+tfidf+perp,3,1,0.9997052452220119,True
3764,3764,1889,0,sty+tfidf+perp,3,0,0.04975955879738538,True
3765,3765,1889,1,sty+tfidf+perp,3,1,0.999924691513719,True
3766,3766,1890,0,sty+tfidf+perp,3,0,0.0007343863332880704,True
3767,3767,1890,1,sty+tfidf+perp,3,1,0.9993574400636317,True
3768,3768,1891,0,sty+tfidf+perp,3,0,0.005025022693768649,True
3769,3769,1891,1,sty+tfidf+perp,3,1,0.9962401706256218,True
3770,3770,1892,0,sty+tfidf+perp,3,0,0.03474050669931719,True
3771,3771,1892,1,sty+tfidf+perp,3,1,0.9997634670374694,True
3772,3772,1893,0,sty+tfidf+perp,3,0,0.0004721546664442977,True
3773,3773,1893,1,sty+tfidf+perp,3,1,0.9988711648490375,True
3774,3774,1894,0,sty+tfidf+perp,3,0,0.003958661740766223,True
3775,3775,1894,1,sty+tfidf+perp,3,1,0.9995842244988733,True
3776,3776,1895,0,sty+tfidf+perp,3,0,0.0001737020833689807,True
3777,3777,1895,1,sty+tfidf+perp,3,1,0.9976710218005114,True
3778,3778,1896,0,sty+tfidf+perp,3,0,0.02298897592553778,True
3779,3779,1896,1,sty+tfidf+perp,3,1,0.9991511315752376,True
3780,3780,1897,0,sty+tfidf+perp,3,0,0.08246288084223483,True
3781,3781,1897,1,sty+tfidf+perp,3,1,0.9964250013627313,True
3782,3782,1898,0,sty+tfidf+perp,3,0,0.36453274620530784,True
3783,3783,1898,1,sty+tfidf+perp,3,1,0.9736803689774288,True
3784,3784,1899,0,sty+tfidf+perp,3,0,0.002876560406171721,True
3785,3785,1899,1,sty+tfidf+perp,3,1,0.995973279443389,True
3786,3786,1900,0,sty+tfidf+perp,3,1,0.5913316957896085,False
3787,3787,1900,1,sty+tfidf+perp,3,1,0.9998202877559901,True
3788,3788,1901,0,sty+tfidf+perp,3,0,0.0009099922148955123,True
3789,3789,1901,1,sty+tfidf+perp,3,1,0.9581580585240965,True
3790,3790,1902,0,sty+tfidf+perp,3,0,0.0018521247409494712,True
3791,3791,1902,1,sty+tfidf+perp,3,1,0.9980735948837289,True
3792,3792,1903,0,sty+tfidf+perp,3,0,0.025076122305599174,True
3793,3793,1903,1,sty+tfidf+perp,3,0,0.2642957893178738,False
3794,3794,1904,0,sty+tfidf+perp,3,0,0.001128003428375857,True
3795,3795,1904,1,sty+tfidf+perp,3,1,0.6275983482542603,True
3796,3796,1905,0,sty+tfidf+perp,3,0,0.0001221868952852978,True
3797,3797,1905,1,sty+tfidf+perp,3,1,0.9639434190642934,True
3798,3798,1906,1,sty+tfidf+perp,3,1,0.997450303326005,True
3799,3799,1907,0,sty+tfidf+perp,3,0,0.0380071511487202,True
3800,3800,1907,1,sty+tfidf+perp,3,1,0.9996420455961859,True
3801,3801,1908,0,sty+tfidf+perp,3,0,0.17552097681993845,True
3802,3802,1908,1,sty+tfidf+perp,3,1,0.9997299177397914,True
3803,3803,1909,0,sty+tfidf+perp,3,0,0.00021541406243870374,True
3804,3804,1909,1,sty+tfidf+perp,3,1,0.9474842040919165,True
3805,3805,1910,0,sty+tfidf+perp,3,0,0.03206030559909242,True
3806,3806,1910,1,sty+tfidf+perp,3,1,0.9996662891780145,True
3807,3807,1911,0,sty+tfidf+perp,3,0,0.06638215267066351,True
3808,3808,1911,1,sty+tfidf+perp,3,1,0.9974704903011076,True
3809,3809,1912,0,sty+tfidf+perp,3,0,9.485723116974339e-05,True
3810,3810,1912,1,sty+tfidf+perp,3,1,0.754166622207283,True
3811,3811,1913,0,sty+tfidf+perp,3,0,0.002770838176517074,True
3812,3812,1913,1,sty+tfidf+perp,3,1,0.9980256139959807,True
3813,3813,1914,0,sty+tfidf+perp,3,0,0.0002995601695350645,True
3814,3814,1914,1,sty+tfidf+perp,3,1,0.9976609972498994,True
3815,3815,1915,0,sty+tfidf+perp,3,0,0.004572823943069111,True
3816,3816,1915,1,sty+tfidf+perp,3,1,0.9995973039774761,True
3817,3817,1916,0,sty+tfidf+perp,3,0,0.014672746069876293,True
3818,3818,1916,1,sty+tfidf+perp,3,1,0.9994390113117839,True
3819,3819,1917,0,sty+tfidf+perp,3,0,0.0010545138989663438,True
3820,3820,1917,1,sty+tfidf+perp,3,1,0.9657012059886994,True
3821,3821,1918,0,sty+tfidf+perp,3,0,0.00011724362166326847,True
3822,3822,1918,1,sty+tfidf+perp,3,1,0.9805069144828025,True
3823,3823,1919,0,sty+tfidf+perp,3,0,0.0003288092144531544,True
3824,3824,1919,1,sty+tfidf+perp,3,1,0.9996099168019427,True
3825,3825,1920,0,sty+tfidf+perp,3,0,0.013536571403209442,True
3826,3826,1920,1,sty+tfidf+perp,3,1,0.9997778828937723,True
3827,3827,1921,0,sty+tfidf+perp,3,0,7.449517315366289e-05,True
3828,3828,1921,1,sty+tfidf+perp,3,1,0.9989881635387167,True
3829,3829,1922,0,sty+tfidf+perp,3,0,0.0009238586468019905,True
3830,3830,1922,1,sty+tfidf+perp,3,1,0.9994904190828507,True
3831,3831,1923,0,sty+tfidf+perp,3,0,0.00027139595440711374,True
3832,3832,1923,1,sty+tfidf+perp,3,1,0.9990955030852331,True
3833,3833,1924,0,sty+tfidf+perp,3,0,0.0440961046498501,True
3834,3834,1924,1,sty+tfidf+perp,3,1,0.9997594449778394,True
3835,3835,1925,0,sty+tfidf+perp,3,0,0.0004055725971156724,True
3836,3836,1925,1,sty+tfidf+perp,3,1,0.9999485246079551,True
3837,3837,1926,0,sty+tfidf+perp,3,0,0.0036015012147206397,True
3838,3838,1926,1,sty+tfidf+perp,3,1,0.9130427567680333,True
3839,3839,1927,0,sty+tfidf+perp,3,0,0.0033617879896105716,True
3840,3840,1927,1,sty+tfidf+perp,3,1,0.9996360241967576,True
3841,3841,1928,0,sty+tfidf+perp,3,0,0.0001839356630249614,True
3842,3842,1928,1,sty+tfidf+perp,3,1,0.5885775845237032,True
3843,3843,1929,0,sty+tfidf+perp,3,0,0.0008504961116164173,True
3844,3844,1929,1,sty+tfidf+perp,3,1,0.9997915673936647,True
3845,3845,1930,0,sty+tfidf+perp,3,0,8.22580766264013e-05,True
3846,3846,1930,1,sty+tfidf+perp,3,1,0.9680283867165372,True
3847,3847,1931,0,sty+tfidf+perp,3,0,0.0013824599391589435,True
3848,3848,1931,1,sty+tfidf+perp,3,1,0.99567191831779,True
3849,3849,1932,0,sty+tfidf+perp,3,0,0.047025390986872966,True
3850,3850,1932,1,sty+tfidf+perp,3,1,0.9990793528703905,True
3851,3851,1933,0,sty+tfidf+perp,3,0,0.0001444751691078592,True
3852,3852,1933,1,sty+tfidf+perp,3,1,0.9987947084300294,True
3853,3853,1934,0,sty+tfidf+perp,3,0,0.0046989886853167715,True
3854,3854,1934,1,sty+tfidf+perp,3,1,0.9987900571856193,True
3855,3855,1935,0,sty+tfidf+perp,3,0,0.02178617048065603,True
3856,3856,1935,1,sty+tfidf+perp,3,1,0.9989256551889206,True
3857,3857,1936,0,sty+tfidf+perp,3,0,0.05955266918477139,True
3858,3858,1936,1,sty+tfidf+perp,3,1,0.9999131930334705,True
3859,3859,1937,0,sty+tfidf+perp,3,0,0.0012334286129985989,True
3860,3860,1937,1,sty+tfidf+perp,3,1,0.9948443947128925,True
3861,3861,1938,0,sty+tfidf+perp,3,0,0.04608717611586662,True
3862,3862,1938,1,sty+tfidf+perp,3,1,0.998652117712,True
3863,3863,1939,0,sty+tfidf+perp,3,0,5.258005457939022e-05,True
3864,3864,1939,1,sty+tfidf+perp,3,0,0.41447280061095054,False
3865,3865,1940,0,sty+tfidf+perp,3,0,0.08681451090083257,True
3866,3866,1940,1,sty+tfidf+perp,3,1,0.9995519227868815,True
3867,3867,1941,0,sty+tfidf+perp,3,0,0.032556334721419854,True
3868,3868,1941,1,sty+tfidf+perp,3,1,0.9998097351247233,True
3869,3869,1942,0,sty+tfidf+perp,3,0,0.00039781412310972963,True
3870,3870,1942,1,sty+tfidf+perp,3,1,0.9571247290569025,True
3871,3871,1943,0,sty+tfidf+perp,3,0,2.9109142482098126e-05,True
3872,3872,1943,1,sty+tfidf+perp,3,1,0.9988326080111533,True
3873,3873,1944,0,sty+tfidf+perp,3,0,0.004584338886677237,True
3874,3874,1944,1,sty+tfidf+perp,3,1,0.99904670784636,True
3875,3875,1945,0,sty+tfidf+perp,3,0,0.00028801180735395535,True
3876,3876,1945,1,sty+tfidf+perp,3,1,0.9974536732689292,True
3877,3877,1946,0,sty+tfidf+perp,3,0,7.15367550604531e-05,True
3878,3878,1946,1,sty+tfidf+perp,3,1,0.9983018322451459,True
3879,3879,1947,0,sty+tfidf+perp,3,0,0.004562916480972981,True
3880,3880,1947,1,sty+tfidf+perp,3,1,0.9998167774260865,True
3881,3881,1948,0,sty+tfidf+perp,3,0,4.216363674689054e-05,True
3882,3882,1948,1,sty+tfidf+perp,3,1,0.9996927876617894,True
3883,3883,1949,0,sty+tfidf+perp,3,0,0.003457725330575428,True
3884,3884,1949,1,sty+tfidf+perp,3,1,0.9975210337201494,True
3885,3885,1950,0,sty+tfidf+perp,3,0,6.91733920995433e-05,True
3886,3886,1950,1,sty+tfidf+perp,3,1,0.9985780154427744,True
3887,3887,1951,0,sty+tfidf+perp,3,0,0.0011501688209528615,True
3888,3888,1951,1,sty+tfidf+perp,3,1,0.9998736419715948,True
3889,3889,1952,0,sty+tfidf+perp,3,0,0.0007259596610690718,True
3890,3890,1952,1,sty+tfidf+perp,3,1,0.9697190718975417,True
3891,3891,1953,0,sty+tfidf+perp,3,0,0.031017646034947513,True
3892,3892,1953,1,sty+tfidf+perp,3,1,0.9974036974816178,True
3893,3893,1954,0,sty+tfidf+perp,3,0,0.0030599599318863044,True
3894,3894,1954,1,sty+tfidf+perp,3,1,0.9951431413631746,True
3895,3895,1955,0,sty+tfidf+perp,3,0,7.260020823976293e-05,True
3896,3896,1955,1,sty+tfidf+perp,3,1,0.9909070562103304,True
3897,3897,1956,0,sty+tfidf+perp,3,0,0.04340666026836791,True
3898,3898,1956,1,sty+tfidf+perp,3,1,0.9989368210615397,True
3899,3899,1957,0,sty+tfidf+perp,3,0,0.00014421164345258418,True
3900,3900,1957,1,sty+tfidf+perp,3,1,0.9608253450981448,True
3901,3901,1958,0,sty+tfidf+perp,3,0,0.0007118804867451875,True
3902,3902,1958,1,sty+tfidf+perp,3,1,0.9998586556123232,True
3903,3903,1959,0,sty+tfidf+perp,3,0,0.00499049182793114,True
3904,3904,1959,1,sty+tfidf+perp,3,1,0.73483464944046,True
3905,3905,1960,0,sty+tfidf+perp,3,0,0.01783432807903671,True
3906,3906,1960,1,sty+tfidf+perp,3,1,0.9332314773115528,True
3907,3907,1961,0,sty+tfidf+perp,3,0,0.00022061176064733614,True
3908,3908,1961,1,sty+tfidf+perp,3,1,0.9997581806426665,True
3909,3909,1962,0,sty+tfidf+perp,3,0,0.0021508079343501726,True
3910,3910,1962,1,sty+tfidf+perp,3,1,0.9993538813150965,True
3911,3911,1963,0,sty+tfidf+perp,3,0,0.00017473513687683937,True
3912,3912,1963,1,sty+tfidf+perp,3,1,0.9906568255205027,True
3913,3913,1964,0,sty+tfidf+perp,3,0,0.00047409104533069064,True
3914,3914,1964,1,sty+tfidf+perp,3,1,0.9988415303113598,True
3915,3915,1965,0,sty+tfidf+perp,3,0,0.01693468795689365,True
3916,3916,1965,1,sty+tfidf+perp,3,1,0.9958183662270285,True
3917,3917,1966,0,sty+tfidf+perp,3,0,0.0003842527779573296,True
3918,3918,1966,1,sty+tfidf+perp,3,1,0.9999785263197688,True
3919,3919,1967,0,sty+tfidf+perp,3,0,0.008229645705414767,True
3920,3920,1967,1,sty+tfidf+perp,3,1,0.9999099820936047,True
3921,3921,1968,0,sty+tfidf+perp,3,0,0.0022740828063043403,True
3922,3922,1968,1,sty+tfidf+perp,3,1,0.9815011337602904,True
3923,3923,1969,0,sty+tfidf+perp,3,0,0.0001276185436603977,True
3924,3924,1969,1,sty+tfidf+perp,3,1,0.9977534892967296,True
3925,3925,1970,0,sty+tfidf+perp,3,0,0.001659029040125814,True
3926,3926,1970,1,sty+tfidf+perp,3,1,0.9827988298081571,True
3927,3927,1971,0,sty+tfidf+perp,3,0,7.086717416973531e-05,True
3928,3928,1971,1,sty+tfidf+perp,3,0,0.44549201985481834,False
3929,3929,1972,0,sty+tfidf+perp,3,0,0.01862787046522429,True
3930,3930,1972,1,sty+tfidf+perp,3,1,0.9999186832774443,True
3931,3931,1973,0,sty+tfidf+perp,3,0,0.0015036906569030949,True
3932,3932,1973,1,sty+tfidf+perp,3,1,0.9995724568068028,True
3933,3933,1974,0,sty+tfidf+perp,3,0,0.0003537165114992435,True
3934,3934,1974,1,sty+tfidf+perp,3,0,0.15791841229001444,False
3935,3935,1975,0,sty+tfidf+perp,3,0,5.9763760943635695e-05,True
3936,3936,1975,1,sty+tfidf+perp,3,0,0.32326347244739007,False
3937,3937,1976,0,sty+tfidf+perp,3,0,0.00046820653989312476,True
3938,3938,1976,1,sty+tfidf+perp,3,1,0.9997762069434863,True
3939,3939,1977,0,sty+tfidf+perp,3,0,0.0002848986814705723,True
3940,3940,1977,1,sty+tfidf+perp,3,1,0.9967882953851972,True
3941,3941,1978,0,sty+tfidf+perp,3,0,0.10000726058617357,True
3942,3942,1978,1,sty+tfidf+perp,3,1,0.9989263014424987,True
3943,3943,1979,0,sty+tfidf+perp,3,0,0.00018895928014003104,True
3944,3944,1979,1,sty+tfidf+perp,3,1,0.9998197321588342,True
3945,3945,1980,0,sty+tfidf+perp,3,0,0.016616082862361686,True
3946,3946,1980,1,sty+tfidf+perp,3,1,0.9997210573540473,True
3947,3947,1981,0,sty+tfidf+perp,3,0,0.0007011774803880804,True
3948,3948,1981,1,sty+tfidf+perp,3,1,0.9998098960934431,True
3949,3949,1982,0,sty+tfidf+perp,3,0,0.018457433127140425,True
3950,3950,1982,1,sty+tfidf+perp,3,1,0.9989363453393179,True
3951,3951,1983,0,sty+tfidf+perp,3,0,0.000290943371194637,True
3952,3952,1983,1,sty+tfidf+perp,3,1,0.9991866934496522,True
3953,3953,1984,0,sty+tfidf+perp,3,0,0.000292817010465078,True
3954,3954,1984,1,sty+tfidf+perp,3,1,0.9871479745279225,True
3955,3955,1985,0,sty+tfidf+perp,3,0,0.0007383954254276175,True
3956,3956,1985,1,sty+tfidf+perp,3,1,0.9991386413761589,True
3957,3957,1986,0,sty+tfidf+perp,3,0,0.0001424358693356127,True
3958,3958,1986,1,sty+tfidf+perp,3,1,0.9891875533948056,True
3959,3959,1987,0,sty+tfidf+perp,3,0,0.0002991548383313741,True
3960,3960,1987,1,sty+tfidf+perp,3,1,0.9991013381832556,True
3961,3961,1988,0,sty+tfidf+perp,3,0,0.00033336892911182156,True
3962,3962,1988,1,sty+tfidf+perp,3,1,0.9997991553159077,True
3963,3963,1989,0,sty+tfidf+perp,3,0,0.07213522620175851,True
3964,3964,1989,1,sty+tfidf+perp,3,1,0.9997482715762407,True
3965,3965,1990,0,sty+tfidf+perp,3,0,0.006393725445538635,True
3966,3966,1990,1,sty+tfidf+perp,3,1,0.9993002023094252,True
3967,3967,1991,0,sty+tfidf+perp,3,0,0.00561192180437914,True
3968,3968,1991,1,sty+tfidf+perp,3,1,0.9995895014195647,True
3969,3969,1992,0,sty+tfidf+perp,3,0,0.001789195750677481,True
3970,3970,1992,1,sty+tfidf+perp,3,1,0.9994687270224466,True
3971,3971,1993,0,sty+tfidf+perp,3,0,0.0007566134883416756,True
3972,3972,1993,1,sty+tfidf+perp,3,1,0.9961125332354971,True
3973,3973,1994,0,sty+tfidf+perp,3,0,0.0015149105909190595,True
3974,3974,1994,1,sty+tfidf+perp,3,0,0.21206700027227876,False
3975,3975,1995,0,sty+tfidf+perp,3,0,0.000771352922443836,True
3976,3976,1995,1,sty+tfidf+perp,3,1,0.9659938457573655,True
3977,3977,1996,0,sty+tfidf+perp,3,0,0.00011755133834319686,True
3978,3978,1996,1,sty+tfidf+perp,3,1,0.9997723805305195,True
3979,3979,1997,0,sty+tfidf+perp,3,0,0.006832706039113901,True
3980,3980,1997,1,sty+tfidf+perp,3,1,0.9994417177827544,True
3981,3981,1998,0,sty+tfidf+perp,3,0,0.00024671074474680115,True
3982,3982,1998,1,sty+tfidf+perp,3,1,0.9997479163439487,True
3983,3983,1999,0,sty+tfidf+perp,3,0,0.0032537541052546576,True
3984,3984,1999,1,sty+tfidf+perp,3,1,0.9930970872313729,True
3985,3985,2000,0,sty+tfidf+perp,3,0,0.00037304671550216834,True
3986,3986,2000,1,sty+tfidf+perp,3,1,0.9987764798855746,True
3987,3987,2001,0,sty+tfidf+perp,3,0,0.014795834147651106,True
3988,3988,2001,1,sty+tfidf+perp,3,1,0.6342284326560246,True
3989,3989,2002,0,sty+tfidf+perp,3,0,0.008703686689777496,True
3990,3990,2002,1,sty+tfidf+perp,3,1,0.9993097568996866,True
3991,3991,2003,0,sty+tfidf+perp,3,0,0.00139367741688771,True
3992,3992,2003,1,sty+tfidf+perp,3,1,0.999940707627524,True
3993,3993,2004,0,sty+tfidf+perp,3,0,0.001979581375071814,True
3994,3994,2004,1,sty+tfidf+perp,3,1,0.9994099650392282,True
3995,3995,2005,0,sty+tfidf+perp,3,0,6.68212547325935e-05,True
3996,3996,2005,1,sty+tfidf+perp,3,1,0.9994393578653145,True
3997,3997,2006,0,sty+tfidf+perp,3,0,0.01374573292339923,True
3998,3998,2006,1,sty+tfidf+perp,3,1,0.9998946757078582,True
3999,3999,2007,0,sty+tfidf+perp,3,0,0.03676993203121205,True
4000,4000,2007,1,sty+tfidf+perp,3,1,0.9948184481940197,True
4001,4001,2008,0,sty+tfidf+perp,3,0,0.0006352831149392849,True
4002,4002,2008,1,sty+tfidf+perp,3,1,0.9941021104633331,True
4003,4003,2009,0,sty+tfidf+perp,3,0,0.0007925271058424424,True
4004,4004,2009,1,sty+tfidf+perp,3,1,0.9995240791679748,True
4005,4005,2010,0,sty+tfidf+perp,3,0,0.05133054129956628,True
4006,4006,2010,1,sty+tfidf+perp,3,1,0.9994878083034004,True
4007,4007,2011,0,sty+tfidf+perp,3,0,0.000975607071401957,True
4008,4008,2011,1,sty+tfidf+perp,3,1,0.9883655158545088,True
4009,4009,2012,0,sty+tfidf+perp,3,0,0.13468454618491427,True
4010,4010,2012,1,sty+tfidf+perp,3,1,0.9999295921054508,True
4011,4011,2013,0,sty+tfidf+perp,3,0,0.0005351433250122853,True
4012,4012,2013,1,sty+tfidf+perp,3,1,0.999339984908535,True
4013,4013,2014,0,sty+tfidf+perp,3,0,0.03445654320454039,True
4014,4014,2014,1,sty+tfidf+perp,3,1,0.9998759133291576,True
4015,4015,2015,0,sty+tfidf+perp,3,1,0.5271108246745441,False
4016,4016,2015,1,sty+tfidf+perp,3,1,0.9999386734545606,True
4017,4017,2016,0,sty+tfidf+perp,3,0,0.0009746308030930366,True
4018,4018,2016,1,sty+tfidf+perp,3,0,0.1255332313903385,False
4019,4019,2017,0,sty+tfidf+perp,3,0,0.0005885480549905962,True
4020,4020,2017,1,sty+tfidf+perp,3,1,0.9971974792190915,True
4021,4021,2018,0,sty+tfidf+perp,3,0,0.0035757126063720997,True
4022,4022,2018,1,sty+tfidf+perp,3,1,0.9795763114881872,True
4023,4023,2019,0,sty+tfidf+perp,3,0,0.004607064206869943,True
4024,4024,2019,1,sty+tfidf+perp,3,1,0.996705658333335,True
4025,4025,2020,0,sty+tfidf+perp,3,0,0.00014445202983290385,True
4026,4026,2020,1,sty+tfidf+perp,3,1,0.9862027181461209,True
4027,4027,2021,0,sty+tfidf+perp,3,0,0.0025257251479452202,True
4028,4028,2021,1,sty+tfidf+perp,3,1,0.9919126029218327,True
4029,4029,2022,0,sty+tfidf+perp,3,0,3.236013466179226e-05,True
4030,4030,2022,1,sty+tfidf+perp,3,1,0.9997645527842992,True
4031,4031,2023,0,sty+tfidf+perp,3,0,0.08547846279771627,True
4032,4032,2023,1,sty+tfidf+perp,3,1,0.999628752711784,True
4033,4033,2024,0,sty+tfidf+perp,3,0,0.008968526040651811,True
4034,4034,2024,1,sty+tfidf+perp,3,1,0.9997703636296816,True
4035,4035,2025,0,sty+tfidf+perp,3,0,0.008369843631383397,True
4036,4036,2025,1,sty+tfidf+perp,3,1,0.864093579737666,True
4037,4037,2026,0,sty+tfidf+perp,3,0,0.01263276920977652,True
4038,4038,2026,1,sty+tfidf+perp,3,1,0.9993486732603113,True
4039,4039,2027,0,sty+tfidf+perp,3,0,0.0013856789916243536,True
4040,4040,2027,1,sty+tfidf+perp,3,1,0.9994893281189046,True
4041,4041,2028,0,sty+tfidf+perp,3,0,0.0019435313339672717,True
4042,4042,2028,1,sty+tfidf+perp,3,1,0.9999144101749646,True
4043,4043,2029,0,sty+tfidf+perp,3,0,4.7142292819740105e-05,True
4044,4044,2029,1,sty+tfidf+perp,3,1,0.9991610391906786,True
4045,4045,2030,0,sty+tfidf+perp,3,1,0.7750282121231846,False
4046,4046,2030,1,sty+tfidf+perp,3,1,0.9992229410470032,True
4047,4047,2031,0,sty+tfidf+perp,3,0,0.00041582246126283017,True
4048,4048,2031,1,sty+tfidf+perp,3,1,0.9999486970515069,True
4049,4049,2032,0,sty+tfidf+perp,3,0,0.0009817302713692822,True
4050,4050,2032,1,sty+tfidf+perp,3,1,0.9551194522332058,True
4051,4051,2033,0,sty+tfidf+perp,3,0,0.006190772978120097,True
4052,4052,2033,1,sty+tfidf+perp,3,1,0.9996155575731887,True
4053,4053,2034,0,sty+tfidf+perp,3,0,0.002169392048807626,True
4054,4054,2034,1,sty+tfidf+perp,3,1,0.9997838477169775,True
4055,4055,2035,0,sty+tfidf+perp,3,0,8.586759272470612e-05,True
4056,4056,2035,1,sty+tfidf+perp,3,1,0.998576356643573,True
4057,4057,2036,0,sty+tfidf+perp,3,0,0.08276697160149366,True
4058,4058,2036,1,sty+tfidf+perp,3,1,0.9999139370444962,True
4059,4059,2037,0,sty+tfidf+perp,3,0,0.001659994952070798,True
4060,4060,2037,1,sty+tfidf+perp,3,1,0.9996725165475402,True
4061,4061,2038,0,sty+tfidf+perp,3,0,0.0757670947576216,True
4062,4062,2038,1,sty+tfidf+perp,3,1,0.994566057596357,True
4063,4063,2039,0,sty+tfidf+perp,3,0,2.3051526744749937e-05,True
4064,4064,2039,1,sty+tfidf+perp,3,1,0.9985012256771888,True
4065,4065,2040,0,sty+tfidf+perp,3,0,0.004274464503995759,True
4066,4066,2040,1,sty+tfidf+perp,3,1,0.9998765339492928,True
4067,4067,2041,0,sty+tfidf+perp,3,0,0.0016771807041336619,True
4068,4068,2041,1,sty+tfidf+perp,3,1,0.9980434150306159,True
4069,4069,2042,0,sty+tfidf+perp,3,0,2.471589190483082e-05,True
4070,4070,2042,1,sty+tfidf+perp,3,1,0.9995409902262264,True
4071,4071,2043,0,sty+tfidf+perp,3,0,0.237663688281646,True
4072,4072,2043,1,sty+tfidf+perp,3,1,0.999916050693029,True
4073,4073,2044,0,sty+tfidf+perp,3,0,0.006892614749064423,True
4074,4074,2044,1,sty+tfidf+perp,3,1,0.9457275668757649,True
4075,4075,2045,0,sty+tfidf+perp,3,0,0.33952273554150114,True
4076,4076,2045,1,sty+tfidf+perp,3,1,0.9999330308894477,True
4077,4077,2046,0,sty+tfidf+perp,3,0,0.00044949467061641547,True
4078,4078,2046,1,sty+tfidf+perp,3,1,0.9930963454016197,True
4079,4079,2047,0,sty+tfidf+perp,3,0,2.0690612837885318e-05,True
4080,4080,2047,1,sty+tfidf+perp,3,1,0.9998280257739495,True
4081,4081,2048,0,sty+tfidf+perp,3,0,0.0006619258880062718,True
4082,4082,2048,1,sty+tfidf+perp,3,1,0.9995598983484475,True
4083,4083,2049,0,sty+tfidf+perp,3,0,0.0005288921613480343,True
4084,4084,2049,1,sty+tfidf+perp,3,1,0.999196684393951,True
4085,4085,2050,0,sty+tfidf+perp,3,0,0.0003933254125474656,True
4086,4086,2050,1,sty+tfidf+perp,3,1,0.9998340072185141,True
4087,4087,2051,0,sty+tfidf+perp,3,0,0.026345461976440047,True
4088,4088,2051,1,sty+tfidf+perp,3,1,0.9989449864078999,True
4089,4089,2052,0,sty+tfidf+perp,3,0,0.0004551866449507727,True
4090,4090,2052,1,sty+tfidf+perp,3,1,0.993583749109714,True
4091,4091,2053,0,sty+tfidf+perp,3,0,0.013043725628696042,True
4092,4092,2053,1,sty+tfidf+perp,3,1,0.9998750831633086,True
4093,4093,2054,0,sty+tfidf+perp,3,0,0.0459616131243347,True
4094,4094,2054,1,sty+tfidf+perp,3,1,0.9970328265526558,True
4095,4095,2055,0,sty+tfidf+perp,3,0,0.0003992247924179507,True
4096,4096,2055,1,sty+tfidf+perp,3,1,0.9998997227686306,True
4097,4097,2056,0,sty+tfidf+perp,3,0,0.0012200951180123358,True
4098,4098,2056,1,sty+tfidf+perp,3,1,0.9998960590817315,True
4099,4099,2057,0,sty+tfidf+perp,3,0,0.0018575290160357603,True
4100,4100,2057,1,sty+tfidf+perp,3,1,0.9995668372624489,True
4101,4101,2058,0,sty+tfidf+perp,3,0,0.0005634305433335787,True
4102,4102,2058,1,sty+tfidf+perp,3,1,0.9999198038959817,True
4103,4103,2059,0,sty+tfidf+perp,3,0,0.00017013817088056227,True
4104,4104,2059,1,sty+tfidf+perp,3,1,0.9758767410650547,True
4105,4105,2060,0,sty+tfidf+perp,3,0,0.0048672269718287005,True
4106,4106,2060,1,sty+tfidf+perp,3,1,0.9995607878409797,True
4107,4107,2061,0,sty+tfidf+perp,3,0,0.001953767895207968,True
4108,4108,2061,1,sty+tfidf+perp,3,1,0.9711939359223019,True
4109,4109,2062,0,sty+tfidf+perp,3,0,0.010026393019518144,True
4110,4110,2062,1,sty+tfidf+perp,3,1,0.9995212883017058,True
4111,4111,2063,0,sty+tfidf+perp,3,0,0.00033857476405018614,True
4112,4112,2063,1,sty+tfidf+perp,3,1,0.9995644347731192,True
4113,4113,2064,0,sty+tfidf+perp,3,0,0.0051703244206674544,True
4114,4114,2064,1,sty+tfidf+perp,3,1,0.9318443912265453,True
4115,4115,2065,0,sty+tfidf+perp,3,1,0.7955589825722756,False
4116,4116,2065,1,sty+tfidf+perp,3,1,0.9990129961367936,True
4117,4117,2066,0,sty+tfidf+perp,3,0,0.0007537661535351359,True
4118,4118,2066,1,sty+tfidf+perp,3,1,0.9728183257266606,True
4119,4119,2067,0,sty+tfidf+perp,3,0,0.005488823809032654,True
4120,4120,2067,1,sty+tfidf+perp,3,1,0.9918720138949845,True
4121,4121,2068,0,sty+tfidf+perp,3,0,0.00014630734594028372,True
4122,4122,2068,1,sty+tfidf+perp,3,1,0.9995906755446032,True
4123,4123,2069,0,sty+tfidf+perp,3,0,0.029319494302675102,True
4124,4124,2069,1,sty+tfidf+perp,3,1,0.9989436426225656,True
4125,4125,2070,0,sty+tfidf+perp,3,0,0.005283569308693692,True
4126,4126,2070,1,sty+tfidf+perp,3,1,0.998892523315167,True
4127,4127,2071,0,sty+tfidf+perp,3,0,0.004791575261172081,True
4128,4128,2071,1,sty+tfidf+perp,3,1,0.9999361844708089,True
4129,4129,2072,0,sty+tfidf+perp,3,0,0.0010183534004131064,True
4130,4130,2072,1,sty+tfidf+perp,3,1,0.9831634062654565,True
4131,4131,2073,0,sty+tfidf+perp,3,0,0.0026544432134705588,True
4132,4132,2073,1,sty+tfidf+perp,3,1,0.9987817328311412,True
4133,4133,2074,0,sty+tfidf+perp,3,0,0.025299363770617332,True
4134,4134,2074,1,sty+tfidf+perp,3,1,0.9995997226326649,True
4135,4135,2075,0,sty+tfidf+perp,3,0,0.0006086313911890793,True
4136,4136,2075,1,sty+tfidf+perp,3,1,0.9996314419145785,True
4137,4137,2076,0,sty+tfidf+perp,3,0,0.00020705181220415154,True
4138,4138,2076,1,sty+tfidf+perp,3,1,0.9992053489408317,True
4139,4139,2077,0,sty+tfidf+perp,3,0,0.018050699317222176,True
4140,4140,2077,1,sty+tfidf+perp,3,1,0.9991852447073856,True
4141,4141,2078,0,sty+tfidf+perp,3,0,0.0003730039253425574,True
4142,4142,2078,1,sty+tfidf+perp,3,1,0.999623436412554,True
4143,4143,2079,0,sty+tfidf+perp,3,0,0.003279512567170911,True
4144,4144,2079,1,sty+tfidf+perp,3,1,0.9982929490552507,True
4145,4145,2080,0,sty+tfidf+perp,3,0,0.0007502883284828418,True
4146,4146,2080,1,sty+tfidf+perp,3,1,0.8609344577850165,True
4147,4147,2081,0,sty+tfidf+perp,3,0,0.016838076577109676,True
4148,4148,2081,1,sty+tfidf+perp,3,1,0.9715629404353849,True
4149,4149,2082,0,sty+tfidf+perp,3,0,0.024798903441828186,True
4150,4150,2082,1,sty+tfidf+perp,3,1,0.914000271219842,True
4151,4151,2083,0,sty+tfidf+perp,3,0,0.0015418199916469165,True
4152,4152,2083,1,sty+tfidf+perp,3,1,0.9992314930251158,True
4153,4153,2084,0,sty+tfidf+perp,3,0,0.001012256037699862,True
4154,4154,2084,1,sty+tfidf+perp,3,1,0.8798034334892743,True
4155,4155,2085,0,sty+tfidf+perp,3,0,0.00027354906123169224,True
4156,4156,2085,1,sty+tfidf+perp,3,1,0.9850759367453639,True
4157,4157,2086,0,sty+tfidf+perp,3,0,0.0030656687310601843,True
4158,4158,2086,1,sty+tfidf+perp,3,1,0.9997355194920376,True
4159,4159,2087,0,sty+tfidf+perp,3,0,0.053897377587930666,True
4160,4160,2087,1,sty+tfidf+perp,3,1,0.7540602271128335,True
4161,4161,2088,0,sty+tfidf+perp,3,0,0.0012791956970712012,True
4162,4162,2088,1,sty+tfidf+perp,3,1,0.9996270536765928,True
4163,4163,2089,0,sty+tfidf+perp,3,0,0.0014037519260680868,True
4164,4164,2089,1,sty+tfidf+perp,3,1,0.9992521834537644,True
4165,4165,2090,0,sty+tfidf+perp,3,0,0.05255997908991514,True
4166,4166,2090,1,sty+tfidf+perp,3,1,0.9936406610202506,True
4167,4167,2091,0,sty+tfidf+perp,3,0,0.0037360600088682553,True
4168,4168,2091,1,sty+tfidf+perp,3,1,0.9987395377584849,True
4169,4169,2092,0,sty+tfidf+perp,3,0,0.005964749321949723,True
4170,4170,2092,1,sty+tfidf+perp,3,1,0.9993750223202826,True
4171,4171,2093,0,sty+tfidf+perp,3,0,0.11561094466305219,True
4172,4172,2093,1,sty+tfidf+perp,3,1,0.9983222537488841,True
4173,4173,2094,0,sty+tfidf+perp,3,0,0.000768789958398806,True
4174,4174,2094,1,sty+tfidf+perp,3,1,0.9997907066164362,True
4175,4175,2095,0,sty+tfidf+perp,3,0,0.00013734159760745205,True
4176,4176,2095,1,sty+tfidf+perp,3,1,0.9822689639904771,True
4177,4177,2096,0,sty+tfidf+perp,3,0,0.0005392805705761321,True
4178,4178,2096,1,sty+tfidf+perp,3,1,0.999900299509633,True
4179,4179,2097,0,sty+tfidf+perp,3,0,0.0004043471329839294,True
4180,4180,2097,1,sty+tfidf+perp,3,1,0.998255576464848,True
4181,4181,2098,0,sty+tfidf+perp,3,0,0.00832192984874462,True
4182,4182,2098,1,sty+tfidf+perp,3,1,0.9993581243760212,True
4183,4183,2099,0,sty+tfidf+perp,3,0,9.30692246949818e-05,True
4184,4184,2099,1,sty+tfidf+perp,3,1,0.9993525939962358,True
4185,4185,2100,0,sty+tfidf+perp,3,0,0.0005907776704166466,True
4186,4186,2100,1,sty+tfidf+perp,3,1,0.9946383394983621,True
4187,4187,2101,0,sty+tfidf+perp,3,0,0.0007675456907873997,True
4188,4188,2101,1,sty+tfidf+perp,3,1,0.9997358316511009,True
4189,4189,2102,0,sty+tfidf+perp,3,0,0.13057741024761654,True
4190,4190,2102,1,sty+tfidf+perp,3,1,0.9896422354835513,True
4191,4191,2103,0,sty+tfidf+perp,3,0,0.0018659211425364826,True
4192,4192,2103,1,sty+tfidf+perp,3,1,0.956808286663793,True
4193,4193,2104,0,sty+tfidf+perp,3,0,0.001044768043980195,True
4194,4194,2104,1,sty+tfidf+perp,3,1,0.9935053382454639,True
4195,4195,2105,0,sty+tfidf+perp,3,0,0.00026343681600104395,True
4196,4196,2105,1,sty+tfidf+perp,3,1,0.9997197716855555,True
4197,4197,2106,0,sty+tfidf+perp,3,0,0.0002727112333426606,True
4198,4198,2106,1,sty+tfidf+perp,3,1,0.9893965187425005,True
4199,4199,2107,0,sty+tfidf+perp,3,0,0.00046426580458663435,True
4200,4200,2107,1,sty+tfidf+perp,3,1,0.8014258060432768,True
4201,4201,2108,0,sty+tfidf+perp,3,0,0.0001629516664471381,True
4202,4202,2108,1,sty+tfidf+perp,3,1,0.9571653059780042,True
4203,4203,2109,0,sty+tfidf+perp,3,0,0.00017371745683019617,True
4204,4204,2109,1,sty+tfidf+perp,3,1,0.9200389541162284,True
4205,4205,2110,0,sty+tfidf+perp,3,0,0.0030995350755692467,True
4206,4206,2110,1,sty+tfidf+perp,3,1,0.9996582415085495,True
4207,4207,2111,0,sty+tfidf+perp,3,0,0.002143934323622019,True
4208,4208,2111,1,sty+tfidf+perp,3,1,0.9960985789528058,True
4209,4209,2112,0,sty+tfidf+perp,3,0,0.00057378259178759,True
4210,4210,2112,1,sty+tfidf+perp,3,1,0.9996615282203222,True
4211,4211,2113,0,sty+tfidf+perp,3,0,0.14513813904338002,True
4212,4212,2113,1,sty+tfidf+perp,3,1,0.9987869948341724,True
4213,4213,2114,0,sty+tfidf+perp,3,0,0.00032652541503140164,True
4214,4214,2114,1,sty+tfidf+perp,3,1,0.9167674057038387,True
4215,4215,2115,0,sty+tfidf+perp,3,0,5.37670316314126e-05,True
4216,4216,2115,1,sty+tfidf+perp,3,1,0.971171516237768,True
4217,4217,2116,0,sty+tfidf+perp,3,0,0.00041622399708191195,True
4218,4218,2116,1,sty+tfidf+perp,3,1,0.9997167593629853,True
4219,4219,2117,0,sty+tfidf+perp,3,0,0.00485739344226687,True
4220,4220,2117,1,sty+tfidf+perp,3,1,0.9999515101648194,True
4221,4221,2118,0,sty+tfidf+perp,3,0,0.0003420980261385159,True
4222,4222,2118,1,sty+tfidf+perp,3,1,0.9993500376711703,True
4223,4223,2119,0,sty+tfidf+perp,3,1,0.7099938473188816,False
4224,4224,2119,1,sty+tfidf+perp,3,1,0.9996695873717988,True
4225,4225,2120,0,sty+tfidf+perp,3,0,0.00211298712757714,True
4226,4226,2120,1,sty+tfidf+perp,3,1,0.999003511136778,True
4227,4227,2121,0,sty+tfidf+perp,3,0,0.0005062060283209498,True
4228,4228,2121,1,sty+tfidf+perp,3,1,0.9988417489299154,True
4229,4229,2122,0,sty+tfidf+perp,3,0,0.004218433775858577,True
4230,4230,2122,1,sty+tfidf+perp,3,1,0.9998095095721429,True
4231,4231,2123,0,sty+tfidf+perp,3,0,0.0005592527121047285,True
4232,4232,2123,1,sty+tfidf+perp,3,1,0.9963828310560895,True
4233,4233,2124,0,sty+tfidf+perp,3,0,0.016844039371256277,True
4234,4234,2124,1,sty+tfidf+perp,3,1,0.9989750780473593,True
4235,4235,2125,0,sty+tfidf+perp,3,0,0.0006932029505785534,True
4236,4236,2125,1,sty+tfidf+perp,3,1,0.989894130719213,True
4237,4237,2126,0,sty+tfidf+perp,3,0,0.005920002651967194,True
4238,4238,2126,1,sty+tfidf+perp,3,1,0.9990992983691446,True
4239,4239,2127,0,sty+tfidf+perp,3,0,0.05119862301958116,True
4240,4240,2127,1,sty+tfidf+perp,3,1,0.9113586348871606,True
4241,4241,2128,0,sty+tfidf+perp,3,1,0.9687912353512929,False
4242,4242,2128,1,sty+tfidf+perp,3,1,0.9967070971246192,True
4243,4243,2129,0,sty+tfidf+perp,3,0,0.0005189264538047347,True
4244,4244,2129,1,sty+tfidf+perp,3,1,0.9930077068245522,True
4245,4245,2130,0,sty+tfidf+perp,3,0,0.01566851746732196,True
4246,4246,2130,1,sty+tfidf+perp,3,1,0.9972358791911958,True
4247,4247,2131,0,sty+tfidf+perp,3,0,0.23648966365504825,True
4248,4248,2131,1,sty+tfidf+perp,3,1,0.9948231009393924,True
4249,4249,2132,0,sty+tfidf+perp,3,0,0.0001626309549105143,True
4250,4250,2132,1,sty+tfidf+perp,3,1,0.9996060484706674,True
4251,4251,2133,0,sty+tfidf+perp,3,0,0.0004022821211876845,True
4252,4252,2133,1,sty+tfidf+perp,3,1,0.9900688201092473,True
4253,4253,2134,0,sty+tfidf+perp,3,0,0.00014602650605842393,True
4254,4254,2134,1,sty+tfidf+perp,3,1,0.9933904600800955,True
4255,4255,2135,0,sty+tfidf+perp,3,0,0.000512427032539737,True
4256,4256,2135,1,sty+tfidf+perp,3,1,0.9992165148921613,True
4257,4257,2136,0,sty+tfidf+perp,3,0,0.0053765333749755985,True
4258,4258,2136,1,sty+tfidf+perp,3,1,0.9998957679675303,True
4259,4259,2137,0,sty+tfidf+perp,3,0,0.0006203703856372393,True
4260,4260,2137,1,sty+tfidf+perp,3,1,0.8719123998790074,True
4261,4261,2138,0,sty+tfidf+perp,3,0,0.07196065240043124,True
4262,4262,2138,1,sty+tfidf+perp,3,1,0.9910590995566031,True
4263,4263,2139,0,sty+tfidf+perp,3,0,0.015436211026882602,True
4264,4264,2139,1,sty+tfidf+perp,3,1,0.9877288108194785,True
4265,4265,2140,0,sty+tfidf+perp,3,0,0.04155309901967368,True
4266,4266,2140,1,sty+tfidf+perp,3,1,0.9996988019211743,True
4267,4267,2141,0,sty+tfidf+perp,3,0,9.112361725114415e-05,True
4268,4268,2141,1,sty+tfidf+perp,3,1,0.9999390150130727,True
4269,4269,2142,0,sty+tfidf+perp,3,0,0.1870075402241289,True
4270,4270,2142,1,sty+tfidf+perp,3,1,0.999761765640428,True
4271,4271,2143,0,sty+tfidf+perp,3,0,0.012308677542262718,True
4272,4272,2143,1,sty+tfidf+perp,3,1,0.9996685713283955,True
4273,4273,2144,0,sty+tfidf+perp,3,0,0.00022822904930924369,True
4274,4274,2144,1,sty+tfidf+perp,3,1,0.9979830860745958,True
4275,4275,2145,0,sty+tfidf+perp,3,0,0.0002121054746680558,True
4276,4276,2145,1,sty+tfidf+perp,3,1,0.9991084873001883,True
4277,4277,2146,0,sty+tfidf+perp,3,1,0.5082181229740574,False
4278,4278,2146,1,sty+tfidf+perp,3,1,0.9969624446197578,True
4279,4279,2147,0,sty+tfidf+perp,3,0,0.00015390427258438116,True
4280,4280,2147,1,sty+tfidf+perp,3,1,0.9998301558574425,True
4281,4281,2148,0,sty+tfidf+perp,3,0,0.004789002839667308,True
4282,4282,2148,1,sty+tfidf+perp,3,1,0.9987500547575138,True
4283,4283,2149,0,sty+tfidf+perp,3,0,0.1315148968102504,True
4284,4284,2149,1,sty+tfidf+perp,3,1,0.9998364139885729,True
4285,4285,2150,0,sty+tfidf+perp,3,0,0.0004920174585881963,True
4286,4286,2150,1,sty+tfidf+perp,3,1,0.9994215880320577,True
4287,4287,2151,0,sty+tfidf+perp,3,0,0.0025910783796217946,True
4288,4288,2151,1,sty+tfidf+perp,3,1,0.9985503110746524,True
4289,4289,2152,0,sty+tfidf+perp,3,0,0.0005585939136270354,True
4290,4290,2152,1,sty+tfidf+perp,3,1,0.9866921851531818,True
4291,4291,2153,0,sty+tfidf+perp,3,0,0.08503740150004292,True
4292,4292,2153,1,sty+tfidf+perp,3,1,0.9997237040380103,True
4293,4293,2154,0,sty+tfidf+perp,3,0,0.0026853908279513795,True
4294,4294,2154,1,sty+tfidf+perp,3,1,0.9991027312079713,True
4295,4295,2155,0,sty+tfidf+perp,3,0,0.08283366641388876,True
4296,4296,2155,1,sty+tfidf+perp,3,1,0.9978227283605026,True
4297,4297,2156,0,sty+tfidf+perp,3,0,0.004749499796369065,True
4298,4298,2156,1,sty+tfidf+perp,3,1,0.977253755621625,True
4299,4299,2157,0,sty+tfidf+perp,3,0,0.22000917985527174,True
4300,4300,2157,1,sty+tfidf+perp,3,1,0.9989377543923966,True
4301,4301,2158,0,sty+tfidf+perp,3,0,0.0012624418871200424,True
4302,4302,2158,1,sty+tfidf+perp,3,1,0.9995114637894166,True
4303,4303,2159,0,sty+tfidf+perp,3,0,0.00015230385928840736,True
4304,4304,2159,1,sty+tfidf+perp,3,1,0.9704505767478548,True
4305,4305,2160,0,sty+tfidf+perp,3,0,0.0004078056282888631,True
4306,4306,2160,1,sty+tfidf+perp,3,1,0.9993231630589503,True
4307,4307,2161,0,sty+tfidf+perp,3,0,0.0010559723222342257,True
4308,4308,2161,1,sty+tfidf+perp,3,1,0.9999414431598033,True
4309,4309,2162,0,sty+tfidf+perp,3,0,0.006307940836475788,True
4310,4310,2162,1,sty+tfidf+perp,3,1,0.9994652972267112,True
4311,4311,2163,0,sty+tfidf+perp,3,0,0.0018110872975044931,True
4312,4312,2163,1,sty+tfidf+perp,3,1,0.9998718846285908,True
4313,4313,2164,0,sty+tfidf+perp,3,0,0.014398273167849416,True
4314,4314,2164,1,sty+tfidf+perp,3,1,0.968590143108253,True
4315,4315,2165,0,sty+tfidf+perp,3,0,0.0005014580204154725,True
4316,4316,2165,1,sty+tfidf+perp,3,1,0.999796347617674,True
4317,4317,2166,0,sty+tfidf+perp,3,0,0.011776306129472858,True
4318,4318,2166,1,sty+tfidf+perp,3,1,0.9994086442579962,True
4319,4319,2167,0,sty+tfidf+perp,3,0,0.02319173562465241,True
4320,4320,2167,1,sty+tfidf+perp,3,1,0.999903501140596,True
4321,4321,2168,0,sty+tfidf+perp,3,0,0.0018604619186094722,True
4322,4322,2168,1,sty+tfidf+perp,3,1,0.9467277091359236,True
4323,4323,2169,0,sty+tfidf+perp,3,0,0.0005280153241747746,True
4324,4324,2169,1,sty+tfidf+perp,3,1,0.9996929669082855,True
4325,4325,2170,0,sty+tfidf+perp,3,0,0.00011757454938629482,True
4326,4326,2170,1,sty+tfidf+perp,3,1,0.9993196260818992,True
4327,4327,2171,0,sty+tfidf+perp,3,0,0.0454926375788313,True
4328,4328,2171,1,sty+tfidf+perp,3,1,0.999887610736421,True
4329,4329,2172,0,sty+tfidf+perp,3,0,0.0007035911451985064,True
4330,4330,2172,1,sty+tfidf+perp,3,1,0.9992976446368294,True
4331,4331,2173,0,sty+tfidf+perp,3,0,0.00048445040516828324,True
4332,4332,2173,1,sty+tfidf+perp,3,1,0.9500553277826299,True
4333,4333,2174,0,sty+tfidf+perp,3,0,0.032312789935152283,True
4334,4334,2174,1,sty+tfidf+perp,3,1,0.9995869697756715,True
4335,4335,2175,0,sty+tfidf+perp,3,0,0.00031328154441189084,True
4336,4336,2175,1,sty+tfidf+perp,3,1,0.9989273535335135,True
4337,4337,2176,0,sty+tfidf+perp,3,0,0.0027488897965032262,True
4338,4338,2176,1,sty+tfidf+perp,3,1,0.9982874670029982,True
4339,4339,2177,0,sty+tfidf+perp,3,0,0.02006697216629607,True
4340,4340,2177,1,sty+tfidf+perp,3,1,0.964140209669379,True
4341,4341,2178,0,sty+tfidf+perp,3,0,0.0007617154012001566,True
4342,4342,2178,1,sty+tfidf+perp,3,1,0.9986792092144269,True
4343,4343,2179,0,sty+tfidf+perp,3,0,0.01624647604496501,True
4344,4344,2179,1,sty+tfidf+perp,3,1,0.9998621454889871,True
4345,4345,2180,0,sty+tfidf+perp,3,0,0.019270917043910783,True
4346,4346,2180,1,sty+tfidf+perp,3,1,0.999658620064582,True
4347,4347,2181,0,sty+tfidf+perp,3,0,0.04440665491464822,True
4348,4348,2181,1,sty+tfidf+perp,3,1,0.9946384756469355,True
4349,4349,2182,0,sty+tfidf+perp,3,1,0.706977159683527,False
4350,4350,2182,1,sty+tfidf+perp,3,1,0.987829631590361,True
4351,4351,2183,0,sty+tfidf+perp,3,0,0.08950013853364269,True
4352,4352,2183,1,sty+tfidf+perp,3,1,0.9996556227632533,True
4353,4353,2184,0,sty+tfidf+perp,3,0,0.007914484297072975,True
4354,4354,2184,1,sty+tfidf+perp,3,1,0.9997846958625775,True
4355,4355,2185,0,sty+tfidf+perp,3,0,0.00032182907387750826,True
4356,4356,2185,1,sty+tfidf+perp,3,1,0.9892641202580962,True
4357,4357,2186,0,sty+tfidf+perp,3,0,8.893452481488712e-05,True
4358,4358,2186,1,sty+tfidf+perp,3,0,0.1337711794067017,False
4359,4359,2187,0,sty+tfidf+perp,3,0,0.0002479921798977249,True
4360,4360,2187,1,sty+tfidf+perp,3,1,0.9991405393260965,True
4361,4361,2188,0,sty+tfidf+perp,3,0,0.0007974665500881234,True
4362,4362,2188,1,sty+tfidf+perp,3,1,0.9967421461123755,True
4363,4363,2189,0,sty+tfidf+perp,3,0,0.008794022738612442,True
4364,4364,2189,1,sty+tfidf+perp,3,1,0.9953150277219945,True
4365,4365,2190,0,sty+tfidf+perp,3,0,0.010369752583146093,True
4366,4366,2190,1,sty+tfidf+perp,3,1,0.9953623271874956,True
4367,4367,2191,0,sty+tfidf+perp,3,0,0.0009344950105694791,True
4368,4368,2191,1,sty+tfidf+perp,3,1,0.9977709174754699,True
4369,4369,2192,0,sty+tfidf+perp,3,0,0.007075682730329299,True
4370,4370,2192,1,sty+tfidf+perp,3,1,0.9997773863866637,True
4371,4371,2193,0,sty+tfidf+perp,3,0,0.11254694942193494,True
4372,4372,2193,1,sty+tfidf+perp,3,1,0.9989999957063727,True
4373,4373,2194,1,sty+tfidf+perp,3,1,0.9188239510952033,True
4374,4374,2195,0,sty+tfidf+perp,3,0,0.002009388808653536,True
4375,4375,2195,1,sty+tfidf+perp,3,1,0.6272008981923755,True
4376,4376,2196,0,sty+tfidf+perp,3,0,0.0021641840233792564,True
4377,4377,2196,1,sty+tfidf+perp,3,1,0.9997041492793148,True
4378,4378,2197,0,sty+tfidf+perp,3,0,6.571319021583988e-05,True
4379,4379,2197,1,sty+tfidf+perp,3,1,0.9916622828102365,True
4380,4380,2198,0,sty+tfidf+perp,3,0,0.0007304877941540233,True
4381,4381,2198,1,sty+tfidf+perp,3,1,0.9800190842420242,True
4382,4382,2199,0,sty+tfidf+perp,3,0,0.007505063786124525,True
4383,4383,2199,1,sty+tfidf+perp,3,1,0.9993647011882161,True
4384,4384,2200,0,sty+tfidf+perp,3,0,0.005197579513439255,True
4385,4385,2200,1,sty+tfidf+perp,3,1,0.9998116516855805,True
4386,4386,2201,0,sty+tfidf+perp,3,0,0.01003658718357465,True
4387,4387,2201,1,sty+tfidf+perp,3,1,0.9999255396109763,True
4388,4388,2202,0,sty+tfidf+perp,3,0,0.001141180703605081,True
4389,4389,2202,1,sty+tfidf+perp,3,1,0.9998326161610769,True
4390,4390,2203,0,sty+tfidf+perp,3,0,0.0011998809603642976,True
4391,4391,2203,1,sty+tfidf+perp,3,1,0.9995207998937462,True
4392,4392,2204,0,sty+tfidf+perp,3,0,0.01400025112486484,True
4393,4393,2204,1,sty+tfidf+perp,3,1,0.9983323442575027,True
4394,4394,2205,0,sty+tfidf+perp,3,0,0.0004156267951114414,True
4395,4395,2205,1,sty+tfidf+perp,3,1,0.9998046877766995,True
4396,4396,2206,0,sty+tfidf+perp,3,0,0.00037109800419242754,True
4397,4397,2206,1,sty+tfidf+perp,3,1,0.9935833680698093,True
4398,4398,2207,0,sty+tfidf+perp,3,0,0.02284597558869924,True
4399,4399,2207,1,sty+tfidf+perp,3,1,0.9987312204607945,True
4400,4400,2208,0,sty+tfidf+perp,3,0,0.0007193985348707111,True
4401,4401,2208,1,sty+tfidf+perp,3,1,0.9997598900584388,True
4402,4402,2209,0,sty+tfidf+perp,3,0,0.00038975378503867036,True
4403,4403,2209,1,sty+tfidf+perp,3,1,0.9690928292105918,True
4404,4404,2210,0,sty+tfidf+perp,3,0,0.006909727036448182,True
4405,4405,2210,1,sty+tfidf+perp,3,1,0.9977397446347339,True
4406,4406,2211,0,sty+tfidf+perp,3,0,0.00016822252490425213,True
4407,4407,2211,1,sty+tfidf+perp,3,1,0.996170240479985,True
4408,4408,2212,0,sty+tfidf+perp,3,0,0.010746204407815376,True
4409,4409,2212,1,sty+tfidf+perp,3,1,0.9918486079280112,True
4410,4410,2213,0,sty+tfidf+perp,3,0,0.00029724325812081925,True
4411,4411,2213,1,sty+tfidf+perp,3,1,0.9998506352316512,True
4412,4412,2214,0,sty+tfidf+perp,3,0,0.003955528762653037,True
4413,4413,2214,1,sty+tfidf+perp,3,1,0.9998533302213881,True
4414,4414,2215,0,sty+tfidf+perp,3,0,0.15065493922287806,True
4415,4415,2215,1,sty+tfidf+perp,3,1,0.9990052625731561,True
4416,4416,2216,0,sty+tfidf+perp,3,0,0.00048219727828621397,True
4417,4417,2216,1,sty+tfidf+perp,3,1,0.9998308250499757,True
4418,4418,2217,0,sty+tfidf+perp,3,0,6.866308028624972e-05,True
4419,4419,2217,1,sty+tfidf+perp,3,1,0.9999089757553394,True
4420,4420,2218,0,sty+tfidf+perp,3,0,0.0028281029894397943,True
4421,4421,2218,1,sty+tfidf+perp,3,1,0.9965340089473044,True
4422,4422,2219,0,sty+tfidf+perp,3,0,0.00804285045279327,True
4423,4423,2219,1,sty+tfidf+perp,3,1,0.9964345920472215,True
4424,4424,2220,0,sty+tfidf+perp,3,0,0.0004133749311505297,True
4425,4425,2220,1,sty+tfidf+perp,3,1,0.9955914790481009,True
4426,4426,2221,0,sty+tfidf+perp,3,0,0.004546828002768565,True
4427,4427,2221,1,sty+tfidf+perp,3,1,0.991180324128845,True
4428,4428,2222,0,sty+tfidf+perp,3,0,0.00039196897889563846,True
4429,4429,2222,1,sty+tfidf+perp,3,1,0.9978491831228744,True
4430,4430,2223,0,sty+tfidf+perp,3,0,0.019427736970890747,True
4431,4431,2223,1,sty+tfidf+perp,3,1,0.9997694159481884,True
4432,4432,2224,0,sty+tfidf+perp,3,0,0.0020126754177668613,True
4433,4433,2224,1,sty+tfidf+perp,3,1,0.9996514954391964,True
4434,4434,2225,0,sty+tfidf+perp,3,0,0.029153956547047524,True
4435,4435,2225,1,sty+tfidf+perp,3,1,0.9990248691077964,True
4436,4436,2226,0,sty+tfidf+perp,3,0,0.08366891571644204,True
4437,4437,2226,1,sty+tfidf+perp,3,1,0.999455412432277,True
4438,4438,2227,0,sty+tfidf+perp,3,0,0.000144403212434076,True
4439,4439,2227,1,sty+tfidf+perp,3,1,0.9981206775829551,True
4440,4440,2228,0,sty+tfidf+perp,3,0,0.00025116295647524284,True
4441,4441,2228,1,sty+tfidf+perp,3,1,0.9993219973784684,True
4442,4442,2229,0,sty+tfidf+perp,3,0,0.0010008718415089536,True
4443,4443,2229,1,sty+tfidf+perp,3,1,0.9998811990786758,True
4444,4444,2230,0,sty+tfidf+perp,3,0,0.005544740286754064,True
4445,4445,2230,1,sty+tfidf+perp,3,1,0.9944327796606578,True
4446,4446,2231,0,sty+tfidf+perp,3,0,0.21764145068033758,True
4447,4447,2231,1,sty+tfidf+perp,3,0,0.19661119394843535,False
4448,4448,2232,0,sty+tfidf+perp,3,0,0.00012147712362688065,True
4449,4449,2232,1,sty+tfidf+perp,3,0,0.018106808848452848,False
4450,4450,2233,0,sty+tfidf+perp,3,0,0.025187272293817647,True
4451,4451,2233,1,sty+tfidf+perp,3,0,0.03264779377686289,False
4452,4452,2234,0,sty+tfidf+perp,3,0,0.007636318543140052,True
4453,4453,2234,1,sty+tfidf+perp,3,1,0.9982643669146676,True
4454,4454,2235,0,sty+tfidf+perp,3,0,0.014365145086438292,True
4455,4455,2235,1,sty+tfidf+perp,3,1,0.9986921782498999,True
4456,4456,2236,0,sty+tfidf+perp,3,0,0.05097038328307638,True
4457,4457,2236,1,sty+tfidf+perp,3,1,0.9983178523952408,True
4458,4458,2237,0,sty+tfidf+perp,3,0,0.0004916235897774429,True
4459,4459,2237,1,sty+tfidf+perp,3,1,0.9996402116746324,True
4460,4460,2238,0,sty+tfidf+perp,3,0,0.0006518574353388743,True
4461,4461,2238,1,sty+tfidf+perp,3,1,0.9901866509538955,True
4462,4462,2239,0,sty+tfidf+perp,3,0,0.0008499271272874534,True
4463,4463,2239,1,sty+tfidf+perp,3,1,0.9995615877794843,True
4464,4464,2240,0,sty+tfidf+perp,3,0,0.03433724137913989,True
4465,4465,2240,1,sty+tfidf+perp,3,1,0.9995858944737309,True
4466,4466,2241,0,sty+tfidf+perp,3,0,0.001289442331425094,True
4467,4467,2241,1,sty+tfidf+perp,3,1,0.9975388837716689,True
4468,4468,2242,0,sty+tfidf+perp,3,0,0.15693797808270987,True
4469,4469,2242,1,sty+tfidf+perp,3,1,0.9802763515872528,True
4470,4470,2243,0,sty+tfidf+perp,3,0,0.0004302494270246348,True
4471,4471,2243,1,sty+tfidf+perp,3,1,0.9716488870394687,True
4472,4472,2244,0,sty+tfidf+perp,3,0,0.0015644683385712336,True
4473,4473,2244,1,sty+tfidf+perp,3,1,0.9993298120021851,True
4474,4474,2245,0,sty+tfidf+perp,3,0,0.0010253109523609568,True
4475,4475,2245,1,sty+tfidf+perp,3,1,0.9998400067738118,True
4476,4476,2246,0,sty+tfidf+perp,3,0,0.0014411967275637573,True
4477,4477,2246,1,sty+tfidf+perp,3,1,0.9981911959362387,True
4478,4478,2247,0,sty+tfidf+perp,3,0,0.0004063727577585393,True
4479,4479,2247,1,sty+tfidf+perp,3,1,0.9985214264610153,True
4480,4480,2248,0,sty+tfidf+perp,3,0,0.00013490332456364993,True
4481,4481,2248,1,sty+tfidf+perp,3,1,0.9951418337344728,True
4482,4482,2249,0,sty+tfidf+perp,3,0,0.0004526684691102957,True
4483,4483,2249,1,sty+tfidf+perp,3,1,0.9993856211709319,True
4484,4484,2250,0,sty+tfidf+perp,3,0,0.0010145470015334803,True
4485,4485,2250,1,sty+tfidf+perp,3,1,0.9986552105049293,True
4486,4486,2251,0,sty+tfidf+perp,3,0,0.008460860314441227,True
4487,4487,2251,1,sty+tfidf+perp,3,1,0.999471350566564,True
4488,4488,2252,0,sty+tfidf+perp,3,0,0.006723044987415157,True
4489,4489,2252,1,sty+tfidf+perp,3,1,0.9999310977105133,True
4490,4490,2253,0,sty+tfidf+perp,3,0,0.03785180719058531,True
4491,4491,2253,1,sty+tfidf+perp,3,1,0.9966181467493624,True
4492,4492,2254,0,sty+tfidf+perp,3,0,0.0010343467991348867,True
4493,4493,2254,1,sty+tfidf+perp,3,1,0.9958450473730289,True
4494,4494,2255,0,sty+tfidf+perp,3,0,0.0037321338026239637,True
4495,4495,2255,1,sty+tfidf+perp,3,1,0.9993725040528604,True
4496,4496,2256,0,sty+tfidf+perp,3,0,0.003378508958898571,True
4497,4497,2256,1,sty+tfidf+perp,3,1,0.999503281180232,True
4498,4498,2257,0,sty+tfidf+perp,3,0,0.00014362064091452055,True
4499,4499,2257,1,sty+tfidf+perp,3,1,0.999311737763998,True
4500,4500,2258,0,sty+tfidf+perp,3,0,0.00039116613484206295,True
4501,4501,2258,1,sty+tfidf+perp,3,1,0.9997067790901472,True
4502,4502,2259,0,sty+tfidf+perp,3,0,0.001692365334442012,True
4503,4503,2259,1,sty+tfidf+perp,3,1,0.9982184583815138,True
4504,4504,2260,0,sty+tfidf+perp,3,0,0.0015037599897579732,True
4505,4505,2260,1,sty+tfidf+perp,3,1,0.9830837935676067,True
4506,4506,2261,0,sty+tfidf+perp,3,0,0.16693907264564462,True
4507,4507,2261,1,sty+tfidf+perp,3,1,0.9986870093950755,True
4508,4508,2262,0,sty+tfidf+perp,3,0,0.0017729812143642781,True
4509,4509,2262,1,sty+tfidf+perp,3,1,0.9998117802363276,True
4510,4510,2263,0,sty+tfidf+perp,3,0,9.705094815170304e-05,True
4511,4511,2263,1,sty+tfidf+perp,3,1,0.9960350817326199,True
4512,4512,2264,0,sty+tfidf+perp,3,0,0.002966502778454277,True
4513,4513,2264,1,sty+tfidf+perp,3,0,0.2736190446051924,False
4514,4514,2265,0,sty+tfidf+perp,3,0,0.0007011098425596725,True
4515,4515,2265,1,sty+tfidf+perp,3,1,0.9926258039189515,True
4516,4516,2266,0,sty+tfidf+perp,3,0,0.024706737372671102,True
4517,4517,2266,1,sty+tfidf+perp,3,1,0.9982097200882246,True
4518,4518,2267,0,sty+tfidf+perp,3,0,0.002869350286744575,True
4519,4519,2267,1,sty+tfidf+perp,3,1,0.9994742837061845,True
4520,4520,2268,0,sty+tfidf+perp,3,0,0.016456896942582552,True
4521,4521,2268,1,sty+tfidf+perp,3,1,0.9870806997941125,True
4522,4522,2269,0,sty+tfidf+perp,3,0,0.0022795428672671442,True
4523,4523,2269,1,sty+tfidf+perp,3,1,0.9999027575336691,True
4524,4524,2270,0,sty+tfidf+perp,3,0,0.00432447089908134,True
4525,4525,2270,1,sty+tfidf+perp,3,1,0.9997277040782557,True
4526,4526,2271,0,sty+tfidf+perp,3,0,0.0015341124059399796,True
4527,4527,2271,1,sty+tfidf+perp,3,1,0.9988739029455131,True
4528,4528,2272,0,sty+tfidf+perp,3,0,0.0006741080047994675,True
4529,4529,2272,1,sty+tfidf+perp,3,1,0.9995395440630779,True
4530,4530,2273,0,sty+tfidf+perp,3,0,6.949303972077961e-05,True
4531,4531,2273,1,sty+tfidf+perp,3,1,0.9999325687448548,True
4532,4532,2274,0,sty+tfidf+perp,3,0,0.00010585421182104624,True
4533,4533,2274,1,sty+tfidf+perp,3,1,0.998991735724703,True
4534,4534,2275,0,sty+tfidf+perp,3,0,0.00976499168309924,True
4535,4535,2275,1,sty+tfidf+perp,3,1,0.9993995794136445,True
4536,4536,2276,0,sty+tfidf+perp,3,0,0.005946542275962567,True
4537,4537,2276,1,sty+tfidf+perp,3,1,0.9502917767574499,True
4538,4538,2277,0,sty+tfidf+perp,3,0,9.525173911600649e-05,True
4539,4539,2277,1,sty+tfidf+perp,3,1,0.9734557331675294,True
4540,4540,2278,0,sty+tfidf+perp,3,0,0.14678900446626011,True
4541,4541,2278,1,sty+tfidf+perp,3,1,0.9998262775740149,True
4542,4542,2279,0,sty+tfidf+perp,3,0,0.010521543500281153,True
4543,4543,2279,1,sty+tfidf+perp,3,1,0.9972031262534681,True
4544,4544,2280,0,sty+tfidf+perp,3,0,0.0006274503194707629,True
4545,4545,2280,1,sty+tfidf+perp,3,1,0.9984184999353801,True
4546,4546,2281,0,sty+tfidf+perp,3,0,0.0001682877293840571,True
4547,4547,2281,1,sty+tfidf+perp,3,1,0.9725146821044944,True
4548,4548,2282,0,sty+tfidf+perp,3,0,0.021759601071217678,True
4549,4549,2282,1,sty+tfidf+perp,3,1,0.9998541324928246,True
4550,4550,2283,0,sty+tfidf+perp,3,0,6.50095672925116e-05,True
4551,4551,2283,1,sty+tfidf+perp,3,1,0.9954187447051432,True
4552,4552,2284,0,sty+tfidf+perp,3,0,0.0005088262590388752,True
4553,4553,2284,1,sty+tfidf+perp,3,1,0.998948983662868,True
4554,4554,2285,0,sty+tfidf+perp,3,0,0.14493929530672364,True
4555,4555,2285,1,sty+tfidf+perp,3,1,0.9982017014891924,True
4556,4556,2286,0,sty+tfidf+perp,3,0,7.01122554786816e-05,True
4557,4557,2286,1,sty+tfidf+perp,3,1,0.998518188192256,True
4558,4558,2287,0,sty+tfidf+perp,3,0,0.002804482196503847,True
4559,4559,2287,1,sty+tfidf+perp,3,1,0.9997433780021167,True
4560,4560,2288,0,sty+tfidf+perp,3,0,0.010321826730143738,True
4561,4561,2288,1,sty+tfidf+perp,3,1,0.9909245589276002,True
4562,4562,2289,0,sty+tfidf+perp,3,0,0.002099905727191757,True
4563,4563,2289,1,sty+tfidf+perp,3,1,0.975484709026939,True
4564,4564,2290,0,sty+tfidf+perp,3,0,0.08226789819313704,True
4565,4565,2290,1,sty+tfidf+perp,3,1,0.9982108903040762,True
4566,4566,2291,0,sty+tfidf+perp,3,0,0.008104374436388584,True
4567,4567,2291,1,sty+tfidf+perp,3,1,0.9995070833499392,True
4568,4568,2292,0,sty+tfidf+perp,3,0,0.0002441498018400831,True
4569,4569,2292,1,sty+tfidf+perp,3,1,0.956161117971997,True
4570,4570,2293,0,sty+tfidf+perp,3,0,0.0005756904791394974,True
4571,4571,2293,1,sty+tfidf+perp,3,1,0.999588070195226,True
4572,4572,2294,0,sty+tfidf+perp,3,0,0.004964603736218228,True
4573,4573,2294,1,sty+tfidf+perp,3,1,0.9906148939987914,True
4574,4574,2295,0,sty+tfidf+perp,3,0,0.00018904025616565373,True
4575,4575,2295,1,sty+tfidf+perp,3,1,0.9983701381326292,True
4576,4576,2296,0,sty+tfidf+perp,3,0,0.11845638888089989,True
4577,4577,2296,1,sty+tfidf+perp,3,1,0.9997755384317308,True
4578,4578,2297,0,sty+tfidf+perp,3,0,0.10489669796944893,True
4579,4579,2297,1,sty+tfidf+perp,3,1,0.9998712286984371,True
4580,4580,2298,0,sty+tfidf+perp,3,0,0.0003634830718288241,True
4581,4581,2298,1,sty+tfidf+perp,3,1,0.9770554203731974,True
4582,4582,2299,0,sty+tfidf+perp,3,0,0.0002612485991249655,True
4583,4583,2299,1,sty+tfidf+perp,3,1,0.9998795344468964,True
4584,4584,2300,0,sty+tfidf+perp,3,0,0.0020481689558582393,True
4585,4585,2300,1,sty+tfidf+perp,3,1,0.9998224229234784,True
4586,4586,2301,0,sty+tfidf+perp,3,0,0.004712217511507163,True
4587,4587,2301,1,sty+tfidf+perp,3,1,0.9997717350003837,True
4588,4588,2302,0,sty+tfidf+perp,3,0,0.009923297446454888,True
4589,4589,2302,1,sty+tfidf+perp,3,1,0.9996829300922174,True
4590,4590,2303,0,sty+tfidf+perp,3,0,0.0001906604471677008,True
4591,4591,2303,1,sty+tfidf+perp,3,1,0.9996625167006518,True
4592,4592,2304,0,sty+tfidf+perp,3,0,0.004983321293315036,True
4593,4593,2304,1,sty+tfidf+perp,3,1,0.9982978015611508,True
4594,4594,2305,0,sty+tfidf+perp,3,0,0.002439279741794024,True
4595,4595,2305,1,sty+tfidf+perp,3,1,0.9999031339342668,True
4596,4596,2306,0,sty+tfidf+perp,3,0,0.0027426298509384693,True
4597,4597,2306,1,sty+tfidf+perp,3,1,0.9946539792953496,True
4598,4598,2307,0,sty+tfidf+perp,3,0,0.0017106418740509548,True
4599,4599,2307,1,sty+tfidf+perp,3,1,0.9985851981700199,True
4600,4600,2308,0,sty+tfidf+perp,3,0,8.950621096222556e-05,True
4601,4601,2308,1,sty+tfidf+perp,3,1,0.9966816302681597,True
4602,4602,2309,0,sty+tfidf+perp,3,0,0.04584170388679671,True
4603,4603,2309,1,sty+tfidf+perp,3,1,0.9988963832866342,True
4604,4604,2310,0,sty+tfidf+perp,3,0,0.0006570787897576091,True
4605,4605,2310,1,sty+tfidf+perp,3,1,0.9986318530762626,True
4606,4606,2311,0,sty+tfidf+perp,3,0,0.00014034421207021,True
4607,4607,2311,1,sty+tfidf+perp,3,1,0.9999242304163358,True
4608,4608,2312,0,sty+tfidf+perp,3,0,0.0001597846925070514,True
4609,4609,2312,1,sty+tfidf+perp,3,1,0.9960622644279977,True
4610,4610,2313,0,sty+tfidf+perp,3,0,0.00033237030313575794,True
4611,4611,2313,1,sty+tfidf+perp,3,1,0.9941589154361232,True
4612,4612,2314,0,sty+tfidf+perp,3,0,0.00029435155396735494,True
4613,4613,2314,1,sty+tfidf+perp,3,1,0.8319297132470563,True
4614,4614,2315,0,sty+tfidf+perp,3,0,0.0006383647951896881,True
4615,4615,2315,1,sty+tfidf+perp,3,1,0.832353390688663,True
4616,4616,2316,0,sty+tfidf+perp,3,0,0.03722657618569036,True
4617,4617,2316,1,sty+tfidf+perp,3,1,0.9999527579846715,True
4618,4618,2317,0,sty+tfidf+perp,3,0,8.011104175677704e-05,True
4619,4619,2317,1,sty+tfidf+perp,3,1,0.9979469676418281,True
4620,4620,2318,0,sty+tfidf+perp,3,0,0.07697292048967005,True
4621,4621,2318,1,sty+tfidf+perp,3,1,0.9525995835259202,True
4622,4622,2319,0,sty+tfidf+perp,3,0,3.0702067382726906e-05,True
4623,4623,2319,1,sty+tfidf+perp,3,1,0.9937276920197525,True
4624,4624,2320,0,sty+tfidf+perp,3,0,0.0008097911714766584,True
4625,4625,2320,1,sty+tfidf+perp,3,0,0.45000050401952185,False
4626,4626,2321,0,sty+tfidf+perp,3,0,0.025451845261183475,True
4627,4627,2321,1,sty+tfidf+perp,3,1,0.9997805197285704,True
4628,4628,2322,0,sty+tfidf+perp,3,0,0.00014491459098239798,True
4629,4629,2322,1,sty+tfidf+perp,3,1,0.9983799233030693,True
4630,4630,2323,0,sty+tfidf+perp,3,0,0.000605463299466136,True
4631,4631,2323,1,sty+tfidf+perp,3,1,0.9997623366483651,True
4632,4632,2324,0,sty+tfidf+perp,3,0,0.00013642595094984022,True
4633,4633,2324,1,sty+tfidf+perp,3,1,0.9998439453072643,True
4634,4634,2325,0,sty+tfidf+perp,3,0,0.00938777702058785,True
4635,4635,2325,1,sty+tfidf+perp,3,1,0.9996617966195115,True
4636,4636,2326,0,sty+tfidf+perp,3,0,0.00018508295992857498,True
4637,4637,2326,1,sty+tfidf+perp,3,1,0.9987062705917997,True
4638,4638,2327,0,sty+tfidf+perp,3,0,8.438168048365318e-05,True
4639,4639,2327,1,sty+tfidf+perp,3,1,0.9732626161452846,True
4640,4640,2328,0,sty+tfidf+perp,3,0,0.013479218215592958,True
4641,4641,2328,1,sty+tfidf+perp,3,1,0.9997217388663873,True
4642,4642,2329,0,sty+tfidf+perp,3,0,0.03124756241861783,True
4643,4643,2329,1,sty+tfidf+perp,3,1,0.9990149138800583,True
4644,4644,2330,0,sty+tfidf+perp,3,0,0.0009052858288996072,True
4645,4645,2330,1,sty+tfidf+perp,3,1,0.9994091250061063,True
4646,4646,2331,0,sty+tfidf+perp,3,0,0.006066977827819757,True
4647,4647,2331,1,sty+tfidf+perp,3,1,0.9998440182027841,True
4648,4648,2332,0,sty+tfidf+perp,3,0,0.0009816229438830986,True
4649,4649,2332,1,sty+tfidf+perp,3,1,0.9992964891254835,True
4650,4650,2333,0,sty+tfidf+perp,3,0,0.02000361778407309,True
4651,4651,2333,1,sty+tfidf+perp,3,1,0.9999454221889632,True
4652,4652,2334,0,sty+tfidf+perp,3,0,0.025776752027175005,True
4653,4653,2334,1,sty+tfidf+perp,3,1,0.9671642800809014,True
4654,4654,2335,0,sty+tfidf+perp,3,0,0.08040661825103328,True
4655,4655,2335,1,sty+tfidf+perp,3,1,0.9998542790193632,True
4656,4656,2336,0,sty+tfidf+perp,3,0,0.00017094810680390264,True
4657,4657,2336,1,sty+tfidf+perp,3,1,0.9956700457210407,True
4658,4658,2337,0,sty+tfidf+perp,3,0,0.0010923584098265276,True
4659,4659,2337,1,sty+tfidf+perp,3,1,0.9993380289038677,True
4660,4660,2338,0,sty+tfidf+perp,3,0,0.00029979355143558255,True
4661,4661,2338,1,sty+tfidf+perp,3,1,0.994270241976078,True
4662,4662,2339,0,sty+tfidf+perp,3,0,0.0010003825409546816,True
4663,4663,2339,1,sty+tfidf+perp,3,1,0.9998324250907059,True
4664,4664,2340,0,sty+tfidf+perp,3,0,0.00017663424665637745,True
4665,4665,2340,1,sty+tfidf+perp,3,1,0.9980878036144526,True
4666,4666,2341,0,sty+tfidf+perp,3,0,0.0064529039051056105,True
4667,4667,2341,1,sty+tfidf+perp,3,1,0.9991398728564393,True
4668,4668,2342,0,sty+tfidf+perp,3,0,0.4013674351045451,True
4669,4669,2342,1,sty+tfidf+perp,3,1,0.9977662124864328,True
4670,4670,2343,0,sty+tfidf+perp,3,0,2.488680075498092e-05,True
4671,4671,2343,1,sty+tfidf+perp,3,1,0.944755354895078,True
4672,4672,2344,0,sty+tfidf+perp,3,0,0.0009012470347907705,True
4673,4673,2344,1,sty+tfidf+perp,3,1,0.9997718279641724,True
4674,4674,2345,0,sty+tfidf+perp,3,0,0.0337325088139463,True
4675,4675,2345,1,sty+tfidf+perp,3,1,0.9993397648367147,True
4676,4676,2346,0,sty+tfidf+perp,3,0,0.014859060230871407,True
4677,4677,2346,1,sty+tfidf+perp,3,1,0.999661375368275,True
4678,4678,2347,0,sty+tfidf+perp,3,0,6.844426947291882e-05,True
4679,4679,2347,1,sty+tfidf+perp,3,1,0.9541126712922023,True
4680,4680,2348,0,sty+tfidf+perp,3,0,0.001446934653103458,True
4681,4681,2348,1,sty+tfidf+perp,3,1,0.9962196019585865,True
4682,4682,2349,0,sty+tfidf+perp,3,0,0.00011906251372303395,True
4683,4683,2349,1,sty+tfidf+perp,3,1,0.9947496283508451,True
4684,4684,2350,0,sty+tfidf+perp,3,0,0.002903504832862532,True
4685,4685,2350,1,sty+tfidf+perp,3,1,0.9972809354982272,True
4686,4686,2351,0,sty+tfidf+perp,3,1,0.9310384187664422,False
4687,4687,2351,1,sty+tfidf+perp,3,1,0.9991759145574328,True
4688,4688,2352,0,sty+tfidf+perp,3,0,0.00041842355031834386,True
4689,4689,2352,1,sty+tfidf+perp,3,1,0.9006950612419582,True
4690,4690,2353,0,sty+tfidf+perp,3,0,4.578962756918061e-05,True
4691,4691,2353,1,sty+tfidf+perp,3,1,0.9984894459081228,True
4692,4692,2354,0,sty+tfidf+perp,3,0,9.017236432317824e-05,True
4693,4693,2354,1,sty+tfidf+perp,3,1,0.9954950565094318,True
4694,4694,2355,0,sty+tfidf+perp,3,0,0.000342612276959757,True
4695,4695,2355,1,sty+tfidf+perp,3,1,0.9827226332180661,True
4696,4696,2356,0,sty+tfidf+perp,3,0,0.01307493461065789,True
4697,4697,2356,1,sty+tfidf+perp,3,1,0.9993424783531726,True
4698,4698,2357,0,sty+tfidf+perp,3,0,0.03710457466622148,True
4699,4699,2357,1,sty+tfidf+perp,3,1,0.9997175643895175,True
4700,4700,2358,0,sty+tfidf+perp,3,0,0.004717609044391146,True
4701,4701,2358,1,sty+tfidf+perp,3,1,0.9996381163088846,True
4702,4702,2359,0,sty+tfidf+perp,3,0,0.0004032313905415518,True
4703,4703,2359,1,sty+tfidf+perp,3,1,0.9996758207060747,True
4704,4704,2360,0,sty+tfidf+perp,3,0,0.18479411005480414,True
4705,4705,2360,1,sty+tfidf+perp,3,1,0.804416994089505,True
4706,4706,2361,0,sty+tfidf+perp,3,0,0.0013207841168718921,True
4707,4707,2361,1,sty+tfidf+perp,3,1,0.8756212354364421,True
4708,4708,2362,0,sty+tfidf+perp,3,0,0.029104555286634935,True
4709,4709,2362,1,sty+tfidf+perp,3,1,0.9991849777485847,True
4710,4710,2363,0,sty+tfidf+perp,3,0,0.258525746998814,True
4711,4711,2363,1,sty+tfidf+perp,3,1,0.9943686967686329,True
4712,4712,2364,0,sty+tfidf+perp,3,0,0.12575943461080474,True
4713,4713,2364,1,sty+tfidf+perp,3,1,0.9985340219273636,True
4714,4714,2365,0,sty+tfidf+perp,3,0,0.05714743295942297,True
4715,4715,2365,1,sty+tfidf+perp,3,1,0.9998475821165056,True
4716,4716,2366,0,sty+tfidf+perp,3,0,0.24354268806783974,True
4717,4717,2366,1,sty+tfidf+perp,3,1,0.998599259815986,True
4718,4718,2367,0,sty+tfidf+perp,3,0,0.005123132189892862,True
4719,4719,2367,1,sty+tfidf+perp,3,1,0.9129168312796332,True
4720,4720,2368,0,sty+tfidf+perp,3,0,0.0029995044321610375,True
4721,4721,2368,1,sty+tfidf+perp,3,1,0.9999618043751003,True
4722,4722,2369,0,sty+tfidf+perp,3,0,0.007488734539310453,True
4723,4723,2369,1,sty+tfidf+perp,3,1,0.9982339076440776,True
4724,4724,2370,0,sty+tfidf+perp,3,0,0.001528626334458001,True
4725,4725,2370,1,sty+tfidf+perp,3,1,0.9992651728764328,True
4726,4726,2371,0,sty+tfidf+perp,3,0,0.016658280221779793,True
4727,4727,2371,1,sty+tfidf+perp,3,1,0.9999581268568131,True
4728,4728,2372,0,sty+tfidf+perp,3,0,0.0007778350608988068,True
4729,4729,2372,1,sty+tfidf+perp,3,1,0.9684897227850447,True
4730,4730,2373,0,sty+tfidf+perp,3,0,0.0007921413979784289,True
4731,4731,2373,1,sty+tfidf+perp,3,1,0.9822921957512594,True
4732,4732,2374,0,sty+tfidf+perp,3,0,0.0002986422838556338,True
4733,4733,2374,1,sty+tfidf+perp,3,1,0.9500273930035426,True
4734,4734,2375,0,sty+tfidf+perp,3,0,0.00010109232197841369,True
4735,4735,2375,1,sty+tfidf+perp,3,1,0.9791173790903125,True
4736,4736,2376,0,sty+tfidf+perp,3,0,0.4740916236011723,True
4737,4737,2376,1,sty+tfidf+perp,3,1,0.9997463713966122,True
4738,4738,2377,0,sty+tfidf+perp,3,0,0.004830766642405163,True
4739,4739,2377,1,sty+tfidf+perp,3,1,0.9998933544563667,True
4740,4740,2378,0,sty+tfidf+perp,3,0,0.0011359201262574046,True
4741,4741,2378,1,sty+tfidf+perp,3,1,0.9958552825550174,True
4742,4742,2379,0,sty+tfidf+perp,3,0,0.4966388720843055,True
4743,4743,2379,1,sty+tfidf+perp,3,1,0.9995901922479045,True
4744,4744,2380,0,sty+tfidf+perp,3,0,0.002088931043075597,True
4745,4745,2380,1,sty+tfidf+perp,3,1,0.999760299607805,True
4746,4746,2381,0,sty+tfidf+perp,3,0,0.00012686057444856566,True
4747,4747,2381,1,sty+tfidf+perp,3,1,0.9938501237468077,True
4748,4748,2382,0,sty+tfidf+perp,3,0,0.0033838066868059472,True
4749,4749,2382,1,sty+tfidf+perp,3,1,0.999576134430301,True
4750,4750,2383,0,sty+tfidf+perp,3,0,0.00021404542785119707,True
4751,4751,2383,1,sty+tfidf+perp,3,1,0.9991063354810056,True
4752,4752,2384,0,sty+tfidf+perp,3,0,0.0005425291795693365,True
4753,4753,2384,1,sty+tfidf+perp,3,1,0.9985755373247821,True
4754,4754,2385,0,sty+tfidf+perp,3,0,0.0001882291456085944,True
4755,4755,2385,1,sty+tfidf+perp,3,1,0.8550285687342515,True
4756,4756,2386,0,sty+tfidf+perp,3,0,0.0008864535287094971,True
4757,4757,2386,1,sty+tfidf+perp,3,1,0.9909920295596686,True
4758,4758,2387,0,sty+tfidf+perp,3,0,0.0004998098961462307,True
4759,4759,2387,1,sty+tfidf+perp,3,1,0.9999767934554186,True
4760,4760,2388,0,sty+tfidf+perp,3,0,0.0019998956150054734,True
4761,4761,2388,1,sty+tfidf+perp,3,0,0.03580653785825365,False
4762,4762,2389,0,sty+tfidf+perp,3,0,0.0002060197532951726,True
4763,4763,2389,1,sty+tfidf+perp,3,1,0.99221411648983,True
4764,4764,2390,0,sty+tfidf+perp,3,0,0.027537509460294544,True
4765,4765,2390,1,sty+tfidf+perp,3,1,0.9996648035334073,True
4766,4766,2391,0,sty+tfidf+perp,3,0,0.09989432375152027,True
4767,4767,2391,1,sty+tfidf+perp,3,1,0.9995087562877664,True
4768,4768,2392,0,sty+tfidf+perp,3,0,0.004431075226478667,True
4769,4769,2392,1,sty+tfidf+perp,3,1,0.9820939916960281,True
4770,4770,2393,0,sty+tfidf+perp,3,0,0.0024782698953806073,True
4771,4771,2393,1,sty+tfidf+perp,3,1,0.9966082084880711,True
4772,4772,2394,0,sty+tfidf+perp,3,0,0.0006080781951357476,True
4773,4773,2394,1,sty+tfidf+perp,3,1,0.9991744339413063,True
4774,4774,2395,0,sty+tfidf+perp,3,0,0.1895453522813196,True
4775,4775,2395,1,sty+tfidf+perp,3,1,0.9747300516696621,True
4776,4776,2396,0,sty+tfidf+perp,3,0,0.00269333815396252,True
4777,4777,2396,1,sty+tfidf+perp,3,1,0.9997051724643011,True
4778,4778,2397,0,sty+tfidf+perp,3,0,0.0003170910998701274,True
4779,4779,2397,1,sty+tfidf+perp,3,1,0.980683572405514,True
4780,4780,2398,0,sty+tfidf+perp,3,0,4.8895229837514735e-05,True
4781,4781,2398,1,sty+tfidf+perp,3,1,0.9999293453310781,True
4782,4782,2399,0,sty+tfidf+perp,3,0,0.005984383872285722,True
4783,4783,2399,1,sty+tfidf+perp,3,1,0.9301112514385071,True
4784,4784,2400,0,sty+tfidf+perp,3,0,0.0015380108952896565,True
4785,4785,2400,1,sty+tfidf+perp,3,1,0.9982996022452456,True
4786,4786,2401,0,sty+tfidf+perp,3,0,0.01234732601742537,True
4787,4787,2401,1,sty+tfidf+perp,3,1,0.9996591719604405,True
4788,4788,2402,0,sty+tfidf+perp,3,0,0.001384904531203044,True
4789,4789,2402,1,sty+tfidf+perp,3,1,0.9997765226752103,True
4790,4790,2403,0,sty+tfidf+perp,3,0,0.0009954357866492742,True
4791,4791,2403,1,sty+tfidf+perp,3,1,0.9996939059318377,True
4792,4792,2404,0,sty+tfidf+perp,3,0,0.029817269022159847,True
4793,4793,2404,1,sty+tfidf+perp,3,1,0.9998696835325991,True
4794,4794,2405,0,sty+tfidf+perp,3,0,0.0024333141787012077,True
4795,4795,2405,1,sty+tfidf+perp,3,1,0.8148210062229753,True
4796,4796,2406,0,sty+tfidf+perp,3,0,0.0002789644265108782,True
4797,4797,2406,1,sty+tfidf+perp,3,1,0.8933084536762006,True
4798,4798,2407,0,sty+tfidf+perp,3,0,0.004442978708171032,True
4799,4799,2407,1,sty+tfidf+perp,3,1,0.999882312248182,True
4800,4800,2408,0,sty+tfidf+perp,3,0,0.0003316160157660432,True
4801,4801,2408,1,sty+tfidf+perp,3,1,0.9984045519297957,True
4802,4802,2409,0,sty+tfidf+perp,3,0,0.005213626276920736,True
4803,4803,2409,1,sty+tfidf+perp,3,1,0.9950686312600517,True
4804,4804,2410,0,sty+tfidf+perp,3,1,0.5203314933761003,False
4805,4805,2410,1,sty+tfidf+perp,3,1,0.9989467216351704,True
4806,4806,2411,0,sty+tfidf+perp,3,0,0.08899617987416301,True
4807,4807,2411,1,sty+tfidf+perp,3,1,0.9997297319484245,True
4808,4808,2412,0,sty+tfidf+perp,3,0,7.264786263796776e-05,True
4809,4809,2412,1,sty+tfidf+perp,3,1,0.9425589957226375,True
4810,4810,2413,0,sty+tfidf+perp,3,0,0.00010130469372999576,True
4811,4811,2413,1,sty+tfidf+perp,3,1,0.9932996032696059,True
4812,4812,2414,0,sty+tfidf+perp,3,0,6.444284861557725e-05,True
4813,4813,2414,1,sty+tfidf+perp,3,1,0.9959627633165171,True
4814,4814,2415,0,sty+tfidf+perp,3,0,0.00017445612735551448,True
4815,4815,2415,1,sty+tfidf+perp,3,0,0.23731744851831912,False
4816,4816,2416,0,sty+tfidf+perp,3,0,0.017353726200933766,True
4817,4817,2416,1,sty+tfidf+perp,3,1,0.9579799149469285,True
4818,4818,2417,0,sty+tfidf+perp,3,0,0.00758106736428133,True
4819,4819,2417,1,sty+tfidf+perp,3,1,0.9996205488043275,True
4820,4820,2418,0,sty+tfidf+perp,3,0,0.00034829458187178776,True
4821,4821,2418,1,sty+tfidf+perp,3,1,0.9994091349651929,True
4822,4822,2419,0,sty+tfidf+perp,3,0,0.000343448501873984,True
4823,4823,2419,1,sty+tfidf+perp,3,1,0.995471489352901,True
4824,4824,2420,0,sty+tfidf+perp,3,0,0.0011232955723474358,True
4825,4825,2420,1,sty+tfidf+perp,3,1,0.9962313021636868,True
4826,4826,2421,0,sty+tfidf+perp,3,0,0.014998197849760843,True
4827,4827,2421,1,sty+tfidf+perp,3,1,0.9786352804718049,True
4828,4828,2422,0,sty+tfidf+perp,3,0,0.002159687721645078,True
4829,4829,2422,1,sty+tfidf+perp,3,1,0.9998102704447939,True
4830,4830,2423,0,sty+tfidf+perp,3,0,0.0002952602612558732,True
4831,4831,2423,1,sty+tfidf+perp,3,1,0.9960891688865419,True
4832,4832,2424,0,sty+tfidf+perp,3,0,0.00016488390128639526,True
4833,4833,2424,1,sty+tfidf+perp,3,1,0.9735776334656746,True
4834,4834,2425,0,sty+tfidf+perp,3,0,0.00010415576135931535,True
4835,4835,2425,1,sty+tfidf+perp,3,1,0.9476127864062567,True
4836,4836,2426,0,sty+tfidf+perp,3,0,0.0056360493548915135,True
4837,4837,2426,1,sty+tfidf+perp,3,1,0.9833295631549324,True
4838,4838,2427,1,sty+tfidf+perp,3,1,0.9991286714240155,True
4839,4839,2428,0,sty+tfidf+perp,3,0,0.0032320862632466444,True
4840,4840,2428,1,sty+tfidf+perp,3,1,0.999711491869161,True
4841,4841,2429,0,sty+tfidf+perp,3,0,0.005303055492924249,True
4842,4842,2429,1,sty+tfidf+perp,3,1,0.9996225459751445,True
4843,4843,2430,0,sty+tfidf+perp,3,0,0.0035164122563443364,True
4844,4844,2430,1,sty+tfidf+perp,3,1,0.9997119290554858,True
4845,4845,2431,0,sty+tfidf+perp,3,0,0.0039393941345312955,True
4846,4846,2431,1,sty+tfidf+perp,3,1,0.9281773729041553,True
4847,4847,2432,0,sty+tfidf+perp,3,0,0.06044726935116734,True
4848,4848,2432,1,sty+tfidf+perp,3,1,0.996188075174927,True
4849,4849,2433,0,sty+tfidf+perp,3,1,0.8169620494775204,False
4850,4850,2433,1,sty+tfidf+perp,3,1,0.9993717115737142,True
4851,4851,2434,0,sty+tfidf+perp,3,0,0.0003412706830288046,True
4852,4852,2434,1,sty+tfidf+perp,3,1,0.8179543415901759,True
4853,4853,2435,0,sty+tfidf+perp,3,0,2.5837962672036972e-05,True
4854,4854,2435,1,sty+tfidf+perp,3,1,0.997674356485029,True
4855,4855,2436,0,sty+tfidf+perp,3,0,0.0015650125778352369,True
4856,4856,2436,1,sty+tfidf+perp,3,1,0.9996796973771841,True
4857,4857,2437,0,sty+tfidf+perp,3,0,0.0017153148674064686,True
4858,4858,2437,1,sty+tfidf+perp,3,1,0.9995857047384464,True
4859,4859,2438,0,sty+tfidf+perp,3,0,0.12071010704054162,True
4860,4860,2438,1,sty+tfidf+perp,3,1,0.998317616587154,True
4861,4861,2439,0,sty+tfidf+perp,3,0,0.0006402977717080157,True
4862,4862,2439,1,sty+tfidf+perp,3,1,0.9994471431687874,True
4863,4863,2440,0,sty+tfidf+perp,3,0,0.0032981299763766513,True
4864,4864,2440,1,sty+tfidf+perp,3,1,0.9938296703823286,True
4865,4865,2441,0,sty+tfidf+perp,3,0,0.0059341256801924095,True
4866,4866,2441,1,sty+tfidf+perp,3,1,0.9991817341874946,True
4867,4867,2442,0,sty+tfidf+perp,3,0,0.00021745560888004051,True
4868,4868,2442,1,sty+tfidf+perp,3,1,0.9983833846152476,True
4869,4869,2443,0,sty+tfidf+perp,3,0,0.010028566521883305,True
4870,4870,2443,1,sty+tfidf+perp,3,1,0.9998395690545727,True
4871,4871,2444,0,sty+tfidf+perp,3,0,0.0262883731446967,True
4872,4872,2444,1,sty+tfidf+perp,3,1,0.9990491921050142,True
4873,4873,2445,0,sty+tfidf+perp,3,0,0.2457638162375603,True
4874,4874,2445,1,sty+tfidf+perp,3,1,0.9997831644953361,True
4875,4875,2446,0,sty+tfidf+perp,3,0,0.00032761873118036854,True
4876,4876,2446,1,sty+tfidf+perp,3,1,0.9997238206356839,True
4877,4877,2447,0,sty+tfidf+perp,3,0,0.0011408729974387018,True
4878,4878,2447,1,sty+tfidf+perp,3,1,0.9998026126477256,True
4879,4879,2448,0,sty+tfidf+perp,3,0,0.0003591143504352797,True
4880,4880,2448,1,sty+tfidf+perp,3,1,0.9993119599690056,True
4881,4881,2449,0,sty+tfidf+perp,3,0,5.0796340202302045e-05,True
4882,4882,2449,1,sty+tfidf+perp,3,1,0.9935031472903949,True
4883,4883,2450,0,sty+tfidf+perp,3,0,0.00025417356124401264,True
4884,4884,2450,1,sty+tfidf+perp,3,1,0.9981148352343538,True
4885,4885,2451,0,sty+tfidf+perp,3,0,0.03376042812759203,True
4886,4886,2451,1,sty+tfidf+perp,3,1,0.9991687224368068,True
4887,4887,2452,0,sty+tfidf+perp,3,0,0.02284987280994871,True
4888,4888,2452,1,sty+tfidf+perp,3,1,0.9997493851682526,True
4889,4889,2453,0,sty+tfidf+perp,3,0,0.007460221937328971,True
4890,4890,2453,1,sty+tfidf+perp,3,1,0.9997752825577746,True
4891,4891,2454,0,sty+tfidf+perp,3,0,0.00874132468945764,True
4892,4892,2454,1,sty+tfidf+perp,3,1,0.9996999550374537,True
4893,4893,2455,1,sty+tfidf+perp,3,1,0.9939432504014195,True
4894,4894,2456,0,sty+tfidf+perp,3,0,0.0005002184338398101,True
4895,4895,2456,1,sty+tfidf+perp,3,1,0.9990043334891588,True
4896,4896,2457,0,sty+tfidf+perp,3,0,0.041387288422963985,True
4897,4897,2457,1,sty+tfidf+perp,3,1,0.8198436068672685,True
4898,4898,2458,0,sty+tfidf+perp,3,0,0.0002762344301274489,True
4899,4899,2458,1,sty+tfidf+perp,3,1,0.9996805056633525,True
4900,4900,2459,0,sty+tfidf+perp,3,0,0.0018845625387073303,True
4901,4901,2459,1,sty+tfidf+perp,3,1,0.99987689338399,True
4902,4902,2460,0,sty+tfidf+perp,3,0,0.010824124323206837,True
4903,4903,2460,1,sty+tfidf+perp,3,1,0.9986236057219818,True
4904,4904,2461,0,sty+tfidf+perp,3,0,0.02591657396660726,True
4905,4905,2461,1,sty+tfidf+perp,3,1,0.9999009887498109,True
4906,4906,2462,0,sty+tfidf+perp,3,0,0.002257589612134499,True
4907,4907,2462,1,sty+tfidf+perp,3,1,0.9731861301593941,True
4908,4908,2463,0,sty+tfidf+perp,3,0,0.00010380403862293989,True
4909,4909,2463,1,sty+tfidf+perp,3,1,0.9568085801882648,True
4910,4910,2464,0,sty+tfidf+perp,3,0,0.12320048415788216,True
4911,4911,2464,1,sty+tfidf+perp,3,1,0.9992010456007452,True
4912,4912,2465,0,sty+tfidf+perp,3,0,0.003387087757481517,True
4913,4913,2465,1,sty+tfidf+perp,3,1,0.9993913080552222,True
4914,4914,2466,0,sty+tfidf+perp,3,0,7.822452097435586e-05,True
4915,4915,2466,1,sty+tfidf+perp,3,1,0.5210517694156526,True
4916,4916,2467,0,sty+tfidf+perp,3,0,0.00056754382818351,True
4917,4917,2467,1,sty+tfidf+perp,3,1,0.9985604662650683,True
4918,4918,2468,0,sty+tfidf+perp,3,0,0.001604593866569231,True
4919,4919,2468,1,sty+tfidf+perp,3,1,0.9991635542984201,True
4920,4920,2469,0,sty+tfidf+perp,3,0,0.0003844815752164654,True
4921,4921,2469,1,sty+tfidf+perp,3,1,0.9976665329916673,True
4922,4922,2470,0,sty+tfidf+perp,3,0,0.24076367349282976,True
4923,4923,2470,1,sty+tfidf+perp,3,1,0.9998329743126767,True
4924,4924,2471,0,sty+tfidf+perp,3,0,0.0007342229248021442,True
4925,4925,2471,1,sty+tfidf+perp,3,1,0.9999398385724362,True
4926,4926,2472,0,sty+tfidf+perp,3,0,0.0007853832635755729,True
4927,4927,2472,1,sty+tfidf+perp,3,1,0.9961448559602599,True
4928,4928,2473,0,sty+tfidf+perp,3,0,0.004322413904897792,True
4929,4929,2473,1,sty+tfidf+perp,3,1,0.9757839800833249,True
4930,4930,2474,0,sty+tfidf+perp,3,0,0.0008731494477024752,True
4931,4931,2474,1,sty+tfidf+perp,3,1,0.8005759588529904,True
4932,4932,2475,0,sty+tfidf+perp,3,0,0.0001256837245350233,True
4933,4933,2475,1,sty+tfidf+perp,3,1,0.9986252599037704,True
4934,4934,2476,0,sty+tfidf+perp,3,0,0.00027988131241889154,True
4935,4935,2476,1,sty+tfidf+perp,3,1,0.9996379437542048,True
4936,4936,2477,0,sty+tfidf+perp,3,0,0.001888480042518354,True
4937,4937,2477,1,sty+tfidf+perp,3,1,0.9984984239450013,True
4938,4938,2478,0,sty+tfidf+perp,3,0,0.27656032495267857,True
4939,4939,2478,1,sty+tfidf+perp,3,1,0.9987841650814685,True
4940,4940,2479,0,sty+tfidf+perp,3,0,0.0006415818046607328,True
4941,4941,2479,1,sty+tfidf+perp,3,1,0.9977469949914453,True
4942,4942,2480,0,sty+tfidf+perp,3,0,0.00047790102194765016,True
4943,4943,2480,1,sty+tfidf+perp,3,1,0.9989020995492764,True
4944,4944,2481,0,sty+tfidf+perp,3,0,0.00036150054858344473,True
4945,4945,2481,1,sty+tfidf+perp,3,1,0.9860317145062779,True
4946,4946,2482,0,sty+tfidf+perp,3,0,0.0014078709366153117,True
4947,4947,2482,1,sty+tfidf+perp,3,1,0.998068434180223,True
4948,4948,2483,0,sty+tfidf+perp,3,0,0.0007259095357076436,True
4949,4949,2483,1,sty+tfidf+perp,3,1,0.9997462658827826,True
4950,4950,2484,0,sty+tfidf+perp,3,0,0.003288547815457005,True
4951,4951,2484,1,sty+tfidf+perp,3,1,0.9978592771734263,True
4952,4952,2485,0,sty+tfidf+perp,3,0,0.0026439797973859115,True
4953,4953,2485,1,sty+tfidf+perp,3,1,0.9999014722229365,True
4954,4954,2486,0,sty+tfidf+perp,3,0,0.0030643672249881042,True
4955,4955,2486,1,sty+tfidf+perp,3,1,0.9996715720302469,True
4956,4956,2487,0,sty+tfidf+perp,3,0,0.014193676813296127,True
4957,4957,2487,1,sty+tfidf+perp,3,1,0.9992459865633475,True
4958,4958,2488,0,sty+tfidf+perp,3,0,0.04504180162900545,True
4959,4959,2488,1,sty+tfidf+perp,3,1,0.9992838819992635,True
4960,4960,2489,0,sty+tfidf+perp,3,0,5.780568513545421e-05,True
4961,4961,2489,1,sty+tfidf+perp,3,1,0.9999321027915228,True
4962,4962,2490,0,sty+tfidf+perp,3,0,0.000314440364044869,True
4963,4963,2490,1,sty+tfidf+perp,3,1,0.9998840102484186,True
4964,4964,2491,0,sty+tfidf+perp,3,0,0.004226508088169063,True
4965,4965,2491,1,sty+tfidf+perp,3,1,0.9951963164413969,True
4966,4966,2492,0,sty+tfidf+perp,3,0,0.001724367173489879,True
4967,4967,2492,1,sty+tfidf+perp,3,1,0.9993838332955933,True
4968,4968,2493,0,sty+tfidf+perp,3,0,0.00602490764142672,True
4969,4969,2493,1,sty+tfidf+perp,3,1,0.9999377050172383,True
4970,4970,2494,0,sty+tfidf+perp,3,0,0.002258165465754681,True
4971,4971,2494,1,sty+tfidf+perp,3,1,0.999865540571262,True
4972,4972,2495,0,sty+tfidf+perp,3,0,0.0007597238776665857,True
4973,4973,2495,1,sty+tfidf+perp,3,1,0.9998314211756558,True
4974,4974,2496,0,sty+tfidf+perp,3,0,0.0075083531191357045,True
4975,4975,2496,1,sty+tfidf+perp,3,1,0.9998807033950013,True
4976,4976,2497,0,sty+tfidf+perp,3,0,0.05904325117910852,True
4977,4977,2497,1,sty+tfidf+perp,3,1,0.9998160640155365,True
4978,4978,2498,0,sty+tfidf+perp,3,0,0.008638957292139062,True
4979,4979,2498,1,sty+tfidf+perp,3,1,0.9990370769865679,True
4980,4980,2499,0,sty+tfidf+perp,3,0,0.0004399772707672084,True
4981,4981,2499,1,sty+tfidf+perp,3,1,0.9989300270029587,True
4982,4982,2500,0,sty+tfidf+perp,3,0,0.016652813249263536,True
4983,4983,2500,1,sty+tfidf+perp,3,1,0.9912806294250028,True
4984,4984,2501,0,sty+tfidf+perp,3,0,0.004296680845311925,True
4985,4985,2501,1,sty+tfidf+perp,3,1,0.9998325029203183,True
4986,4986,2502,0,sty+tfidf+perp,3,0,0.0005722046702881258,True
4987,4987,2502,1,sty+tfidf+perp,3,1,0.9865457996057834,True
4988,4988,2503,0,sty+tfidf+perp,3,0,0.00015461898780250456,True
4989,4989,2503,1,sty+tfidf+perp,3,1,0.9995609952503974,True
4990,4990,2504,0,sty+tfidf+perp,3,0,0.000565249030212319,True
4991,4991,2504,1,sty+tfidf+perp,3,1,0.9705838752747975,True
4992,4992,2505,0,sty+tfidf+perp,3,0,0.00017168701045308294,True
4993,4993,2505,1,sty+tfidf+perp,3,1,0.9988737970123163,True
4994,4994,2506,0,sty+tfidf+perp,3,0,0.002998888224331634,True
4995,4995,2506,1,sty+tfidf+perp,3,1,0.9998945380176498,True
4996,4996,2507,0,sty+tfidf+perp,3,0,0.00801250575560734,True
4997,4997,2507,1,sty+tfidf+perp,3,1,0.9789425778436688,True
4998,4998,2508,0,sty+tfidf+perp,3,0,0.009803417958673715,True
4999,4999,2508,1,sty+tfidf+perp,3,1,0.9998445566876265,True
5000,5000,2509,0,sty+tfidf+perp,3,0,0.007072383426069109,True
5001,5001,2509,1,sty+tfidf+perp,3,1,0.5934541722676245,True
5002,5002,2510,0,sty+tfidf+perp,3,0,0.007889174393788768,True
5003,5003,2510,1,sty+tfidf+perp,3,1,0.9998627942071479,True
5004,5004,2511,0,sty+tfidf+perp,3,0,0.0013647522912156001,True
5005,5005,2511,1,sty+tfidf+perp,3,1,0.9986696559720777,True
5006,5006,2512,0,sty+tfidf+perp,3,0,0.016583736496880833,True
5007,5007,2512,1,sty+tfidf+perp,3,1,0.9994335996657457,True
5008,5008,2513,0,sty+tfidf+perp,3,0,0.00024370526511161624,True
5009,5009,2513,1,sty+tfidf+perp,3,1,0.9980056545297842,True
5010,5010,2514,0,sty+tfidf+perp,3,0,0.0035216765123778334,True
5011,5011,2514,1,sty+tfidf+perp,3,1,0.9990665539390563,True
5012,5012,2515,0,sty+tfidf+perp,3,0,0.0023724050651155854,True
5013,5013,2515,1,sty+tfidf+perp,3,1,0.9901575556266988,True
5014,5014,2516,0,sty+tfidf+perp,3,0,0.008508750896851805,True
5015,5015,2516,1,sty+tfidf+perp,3,1,0.9997462087081859,True
5016,5016,2517,0,sty+tfidf+perp,3,0,0.00012594274171093462,True
5017,5017,2517,1,sty+tfidf+perp,3,1,0.9688931341451391,True
5018,5018,2518,1,sty+tfidf+perp,3,1,0.9996804368176616,True
5019,5019,2519,0,sty+tfidf+perp,3,0,0.0001286569633643219,True
5020,5020,2519,1,sty+tfidf+perp,3,1,0.999738773448716,True
5021,5021,2520,0,sty+tfidf+perp,3,0,0.0018246156429383743,True
5022,5022,2520,1,sty+tfidf+perp,3,1,0.9998064261418476,True
5023,5023,2521,0,sty+tfidf+perp,3,0,0.0004755499842642823,True
5024,5024,2521,1,sty+tfidf+perp,3,1,0.9999003109120013,True
5025,5025,2522,0,sty+tfidf+perp,3,1,0.6287952209757455,False
5026,5026,2522,1,sty+tfidf+perp,3,1,0.9996176276554276,True
5027,5027,2523,0,sty+tfidf+perp,3,0,0.0005069960518430074,True
5028,5028,2523,1,sty+tfidf+perp,3,1,0.9994120110531503,True
5029,5029,2524,0,sty+tfidf+perp,3,0,0.00036015457337755345,True
5030,5030,2524,1,sty+tfidf+perp,3,1,0.9978245550874223,True
5031,5031,2525,0,sty+tfidf+perp,3,0,0.0007562768604689478,True
5032,5032,2525,1,sty+tfidf+perp,3,1,0.9985631095629354,True
5033,5033,2526,0,sty+tfidf+perp,3,0,0.0001159916159859099,True
5034,5034,2526,1,sty+tfidf+perp,3,1,0.9996878908636412,True
5035,5035,2527,0,sty+tfidf+perp,3,0,0.03640078925292975,True
5036,5036,2527,1,sty+tfidf+perp,3,1,0.9989336389783476,True
5037,5037,2528,0,sty+tfidf+perp,3,0,0.05365278607456802,True
5038,5038,2528,1,sty+tfidf+perp,3,1,0.989024170253222,True
5039,5039,2529,0,sty+tfidf+perp,3,0,0.025081839665848333,True
5040,5040,2529,1,sty+tfidf+perp,3,1,0.9998420189920475,True
5041,5041,2530,0,sty+tfidf+perp,3,0,0.008215301231075079,True
5042,5042,2530,1,sty+tfidf+perp,3,1,0.9998743350320173,True
5043,5043,2531,0,sty+tfidf+perp,3,0,0.0013159929933604275,True
5044,5044,2531,1,sty+tfidf+perp,3,1,0.9997376765643053,True
5045,5045,2532,0,sty+tfidf+perp,3,0,0.0009867194697419938,True
5046,5046,2532,1,sty+tfidf+perp,3,1,0.9999051088864039,True
5047,5047,2533,0,sty+tfidf+perp,3,0,0.0003836916726880201,True
5048,5048,2533,1,sty+tfidf+perp,3,1,0.999859566373592,True
5049,5049,2534,0,sty+tfidf+perp,3,0,0.10377174354131653,True
5050,5050,2534,1,sty+tfidf+perp,3,1,0.9993979935987458,True
5051,5051,2535,0,sty+tfidf+perp,3,0,0.00012622054955658966,True
5052,5052,2535,1,sty+tfidf+perp,3,1,0.999249152360766,True
5053,5053,2536,0,sty+tfidf+perp,3,1,0.9552377730059407,False
5054,5054,2536,1,sty+tfidf+perp,3,1,0.9973235008235869,True
5055,5055,2537,0,sty+tfidf+perp,3,0,0.03397812443354254,True
5056,5056,2537,1,sty+tfidf+perp,3,1,0.9989987594067393,True
5057,5057,2538,0,sty+tfidf+perp,3,0,0.0035552668367777405,True
5058,5058,2538,1,sty+tfidf+perp,3,1,0.998432383577645,True
5059,5059,2539,0,sty+tfidf+perp,3,0,0.00410955593849294,True
5060,5060,2539,1,sty+tfidf+perp,3,1,0.9999417055862635,True
5061,5061,2540,0,sty+tfidf+perp,3,0,0.05394579372050916,True
5062,5062,2540,1,sty+tfidf+perp,3,1,0.9993392793090482,True
5063,5063,2541,0,sty+tfidf+perp,3,0,0.004602911612902759,True
5064,5064,2541,1,sty+tfidf+perp,3,1,0.9990359090660141,True
5065,5065,2542,0,sty+tfidf+perp,3,0,0.2426939344425786,True
5066,5066,2542,1,sty+tfidf+perp,3,1,0.9924000142676033,True
5067,5067,2543,0,sty+tfidf+perp,3,0,0.0007628981348814678,True
5068,5068,2543,1,sty+tfidf+perp,3,1,0.9993779566116192,True
5069,5069,2544,0,sty+tfidf+perp,3,0,0.0014275758695334883,True
5070,5070,2544,1,sty+tfidf+perp,3,1,0.9907418555351049,True
5071,5071,2545,0,sty+tfidf+perp,3,0,7.700056893496528e-05,True
5072,5072,2545,1,sty+tfidf+perp,3,1,0.9993155575236374,True
5073,5073,2546,0,sty+tfidf+perp,3,0,0.04273960568806774,True
5074,5074,2546,1,sty+tfidf+perp,3,1,0.9999652902623272,True
5075,5075,2547,0,sty+tfidf+perp,3,0,0.0004972922417559024,True
5076,5076,2547,1,sty+tfidf+perp,3,1,0.9954957326685608,True
5077,5077,2548,0,sty+tfidf+perp,3,0,0.0211429649717711,True
5078,5078,2548,1,sty+tfidf+perp,3,1,0.9995073468210921,True
5079,5079,2549,0,sty+tfidf+perp,3,0,0.0041607758393311,True
5080,5080,2549,1,sty+tfidf+perp,3,1,0.997611337428386,True
5081,5081,2550,0,sty+tfidf+perp,3,0,0.05515929017963357,True
5082,5082,2550,1,sty+tfidf+perp,3,1,0.9998922657138801,True
5083,5083,2551,0,sty+tfidf+perp,3,0,9.081874193714238e-05,True
5084,5084,2551,1,sty+tfidf+perp,3,1,0.9988831304343329,True
5085,5085,2552,0,sty+tfidf+perp,3,0,0.0014956384277863043,True
5086,5086,2552,1,sty+tfidf+perp,3,1,0.9740615031437995,True
5087,5087,2553,0,sty+tfidf+perp,3,0,0.01901406445031356,True
5088,5088,2553,1,sty+tfidf+perp,3,1,0.9994802798975625,True
5089,5089,2554,0,sty+tfidf+perp,3,0,0.0012422692931265968,True
5090,5090,2554,1,sty+tfidf+perp,3,1,0.9940090234745428,True
5091,5091,2555,0,sty+tfidf+perp,3,0,0.0005116434222979894,True
5092,5092,2555,1,sty+tfidf+perp,3,1,0.9980594626971373,True
5093,5093,2556,0,sty+tfidf+perp,3,1,0.8909060981712912,False
5094,5094,2556,1,sty+tfidf+perp,3,1,0.9997300127041501,True
5095,5095,2557,0,sty+tfidf+perp,3,0,0.00012100264773097329,True
5096,5096,2557,1,sty+tfidf+perp,3,1,0.9996999871183833,True
5097,5097,2558,0,sty+tfidf+perp,3,0,0.0011773383692228604,True
5098,5098,2558,1,sty+tfidf+perp,3,1,0.9795907768773581,True
5099,5099,2559,0,sty+tfidf+perp,3,0,0.0056274445340249325,True
5100,5100,2559,1,sty+tfidf+perp,3,1,0.9933189147355062,True
5101,5101,2560,0,sty+tfidf+perp,3,0,0.0003270086766869566,True
5102,5102,2560,1,sty+tfidf+perp,3,1,0.9999351218954199,True
5103,5103,2561,0,sty+tfidf+perp,3,0,0.0011058594508276196,True
5104,5104,2561,1,sty+tfidf+perp,3,1,0.9918539329216703,True
5105,5105,2562,0,sty+tfidf+perp,3,0,0.004870723055153697,True
5106,5106,2562,1,sty+tfidf+perp,3,1,0.9996644409256064,True
5107,5107,2563,0,sty+tfidf+perp,3,0,0.007083243457288105,True
5108,5108,2563,1,sty+tfidf+perp,3,1,0.993353088996906,True
5109,5109,2564,0,sty+tfidf+perp,3,0,0.0012587113200413984,True
5110,5110,2564,1,sty+tfidf+perp,3,1,0.9984033146796673,True
5111,5111,2565,0,sty+tfidf+perp,3,0,0.01043634876859373,True
5112,5112,2565,1,sty+tfidf+perp,3,1,0.9979967356191841,True
5113,5113,2566,0,sty+tfidf+perp,3,0,0.0015469779755863387,True
5114,5114,2566,1,sty+tfidf+perp,3,1,0.9749862210022734,True
5115,5115,2567,0,sty+tfidf+perp,3,0,0.00028349252671105584,True
5116,5116,2567,1,sty+tfidf+perp,3,1,0.9996028222978861,True
5117,5117,2568,0,sty+tfidf+perp,3,0,0.007314280279388613,True
5118,5118,2568,1,sty+tfidf+perp,3,1,0.6031575379375801,True
5119,5119,2569,0,sty+tfidf+perp,3,0,0.0010089257045750345,True
5120,5120,2569,1,sty+tfidf+perp,3,1,0.8408356104260274,True
5121,5121,2570,0,sty+tfidf+perp,3,0,0.008314017803431127,True
5122,5122,2570,1,sty+tfidf+perp,3,1,0.9944604070667132,True
5123,5123,2571,0,sty+tfidf+perp,3,1,0.5668755666135499,False
5124,5124,2571,1,sty+tfidf+perp,3,1,0.999944563988482,True
5125,5125,2572,0,sty+tfidf+perp,3,0,0.0002558312646436723,True
5126,5126,2572,1,sty+tfidf+perp,3,1,0.7369973523827473,True
5127,5127,2573,0,sty+tfidf+perp,3,0,0.0036030744096688452,True
5128,5128,2573,1,sty+tfidf+perp,3,1,0.9976965057872808,True
5129,5129,2574,0,sty+tfidf+perp,3,0,0.008615444930915903,True
5130,5130,2574,1,sty+tfidf+perp,3,1,0.9922040191286204,True
5131,5131,2575,0,sty+tfidf+perp,3,0,0.008279259989447724,True
5132,5132,2575,1,sty+tfidf+perp,3,1,0.9837434992571795,True
5133,5133,2576,0,sty+tfidf+perp,3,0,0.00028588096154564163,True
5134,5134,2576,1,sty+tfidf+perp,3,1,0.9985806271157213,True
5135,5135,2577,0,sty+tfidf+perp,3,0,0.013151753733329533,True
5136,5136,2577,1,sty+tfidf+perp,3,1,0.9929488799536578,True
5137,5137,2578,0,sty+tfidf+perp,3,0,0.005250172493729788,True
5138,5138,2578,1,sty+tfidf+perp,3,1,0.9725838521750485,True
5139,5139,2579,0,sty+tfidf+perp,3,0,0.0003039230694609735,True
5140,5140,2579,1,sty+tfidf+perp,3,1,0.9980995366006664,True
5141,5141,2580,0,sty+tfidf+perp,3,0,0.0010391331227974376,True
5142,5142,2580,1,sty+tfidf+perp,3,1,0.9714793258873528,True
5143,5143,2581,0,sty+tfidf+perp,3,0,0.0003205153939225417,True
5144,5144,2581,1,sty+tfidf+perp,3,1,0.9507042634694681,True
5145,5145,2582,0,sty+tfidf+perp,3,0,0.0012728464564833878,True
5146,5146,2582,1,sty+tfidf+perp,3,1,0.9962140748155224,True
5147,5147,2583,0,sty+tfidf+perp,3,0,0.0001189854425622908,True
5148,5148,2583,1,sty+tfidf+perp,3,1,0.9984242863033207,True
5149,5149,2584,0,sty+tfidf+perp,3,0,0.0034713325138691626,True
5150,5150,2584,1,sty+tfidf+perp,3,1,0.787543432372969,True
5151,5151,2585,0,sty+tfidf+perp,3,0,0.03193621845211989,True
5152,5152,2585,1,sty+tfidf+perp,3,1,0.9998760260710772,True
5153,5153,2586,0,sty+tfidf+perp,3,0,0.0010389361410605002,True
5154,5154,2586,1,sty+tfidf+perp,3,1,0.9995867825888984,True
5155,5155,2587,0,sty+tfidf+perp,3,0,0.0021527682551894835,True
5156,5156,2587,1,sty+tfidf+perp,3,1,0.9923822739428392,True
5157,5157,2588,0,sty+tfidf+perp,3,0,0.0010730560457742997,True
5158,5158,2588,1,sty+tfidf+perp,3,1,0.9995068332242611,True
5159,5159,2589,0,sty+tfidf+perp,3,0,0.002838913898256421,True
5160,5160,2589,1,sty+tfidf+perp,3,1,0.9880993702765963,True
5161,5161,2590,0,sty+tfidf+perp,3,0,0.0005342473910175585,True
5162,5162,2590,1,sty+tfidf+perp,3,1,0.9992631060763898,True
5163,5163,2591,0,sty+tfidf+perp,3,0,5.963084441327022e-05,True
5164,5164,2591,1,sty+tfidf+perp,3,1,0.9977257068474399,True
5165,5165,2592,0,sty+tfidf+perp,3,0,0.02741051317977583,True
5166,5166,2592,1,sty+tfidf+perp,3,1,0.9963515173056774,True
5167,5167,2593,0,sty+tfidf+perp,3,0,0.0009122133174210908,True
5168,5168,2593,1,sty+tfidf+perp,3,1,0.9886782102217374,True
5169,5169,2594,0,sty+tfidf+perp,3,0,0.025919235075451012,True
5170,5170,2594,1,sty+tfidf+perp,3,1,0.9998960740450537,True
5171,5171,2595,0,sty+tfidf+perp,3,0,0.0003359054460883958,True
5172,5172,2595,1,sty+tfidf+perp,3,1,0.9999017981926204,True
5173,5173,2596,0,sty+tfidf+perp,3,0,0.00024181228107305147,True
5174,5174,2596,1,sty+tfidf+perp,3,1,0.999550692051815,True
5175,5175,2597,0,sty+tfidf+perp,3,0,0.0031877413688562424,True
5176,5176,2597,1,sty+tfidf+perp,3,1,0.9958019864630308,True
5177,5177,2598,0,sty+tfidf+perp,3,0,0.0009535849534427878,True
5178,5178,2598,1,sty+tfidf+perp,3,1,0.9995620151940946,True
5179,5179,2599,0,sty+tfidf+perp,3,0,0.0004688915505287518,True
5180,5180,2599,1,sty+tfidf+perp,3,1,0.9993797585945029,True
5181,5181,2600,0,sty+tfidf+perp,3,0,0.00010497778517056003,True
5182,5182,2600,1,sty+tfidf+perp,3,1,0.9972527537152225,True
5183,5183,2601,0,sty+tfidf+perp,3,0,0.0003198516135544459,True
5184,5184,2601,1,sty+tfidf+perp,3,1,0.9999402930930174,True
5185,5185,2602,0,sty+tfidf+perp,3,1,0.9466465067182817,False
5186,5186,2602,1,sty+tfidf+perp,3,1,0.9995603647522123,True
5187,5187,2603,0,sty+tfidf+perp,3,0,0.0008882067362180223,True
5188,5188,2603,1,sty+tfidf+perp,3,1,0.9629156368456285,True
5189,5189,2604,0,sty+tfidf+perp,3,0,0.10191361855394761,True
5190,5190,2604,1,sty+tfidf+perp,3,1,0.9991899998987864,True
5191,5191,2605,0,sty+tfidf+perp,3,0,0.0004952341602728228,True
5192,5192,2605,1,sty+tfidf+perp,3,1,0.9803558518881572,True
5193,5193,2606,0,sty+tfidf+perp,3,0,0.0005090242701696578,True
5194,5194,2606,1,sty+tfidf+perp,3,1,0.9997293598117825,True
5195,5195,2607,0,sty+tfidf+perp,3,0,0.0031888145226466776,True
5196,5196,2607,1,sty+tfidf+perp,3,1,0.9995069458218618,True
5197,5197,2608,0,sty+tfidf+perp,3,0,0.00014008450181836506,True
5198,5198,2608,1,sty+tfidf+perp,3,1,0.9973537390093754,True
5199,5199,2609,0,sty+tfidf+perp,3,0,0.010616149862018896,True
5200,5200,2609,1,sty+tfidf+perp,3,1,0.9976418632788382,True
5201,5201,2610,0,sty+tfidf+perp,3,1,0.929632291007527,False
5202,5202,2610,1,sty+tfidf+perp,3,1,0.9998602891078396,True
5203,5203,2611,0,sty+tfidf+perp,3,0,0.0017736139379035112,True
5204,5204,2611,1,sty+tfidf+perp,3,1,0.9995643102072831,True
5205,5205,2612,0,sty+tfidf+perp,3,0,0.0009766145483219263,True
5206,5206,2612,1,sty+tfidf+perp,3,1,0.999734060865534,True
5207,5207,2613,0,sty+tfidf+perp,3,0,0.0011200384073418673,True
5208,5208,2613,1,sty+tfidf+perp,3,1,0.9999150907806875,True
5209,5209,2614,1,sty+tfidf+perp,3,1,0.9938616303910429,True
5210,5210,2615,0,sty+tfidf+perp,3,0,0.054717982603494156,True
5211,5211,2615,1,sty+tfidf+perp,3,1,0.9998603070781535,True
5212,5212,2616,0,sty+tfidf+perp,3,0,7.686119899821859e-05,True
5213,5213,2616,1,sty+tfidf+perp,3,1,0.9999521605134157,True
5214,5214,2617,0,sty+tfidf+perp,3,0,0.1499976516588347,True
5215,5215,2617,1,sty+tfidf+perp,3,1,0.920892721533117,True
5216,5216,2618,0,sty+tfidf+perp,3,0,0.0016275533458450391,True
5217,5217,2618,1,sty+tfidf+perp,3,1,0.9999315893237242,True
5218,5218,2619,0,sty+tfidf+perp,3,0,0.0016257822883441204,True
5219,5219,2619,1,sty+tfidf+perp,3,1,0.9986747609598937,True
5220,5220,2620,0,sty+tfidf+perp,3,0,0.007766777296871284,True
5221,5221,2620,1,sty+tfidf+perp,3,1,0.9999323231482793,True
5222,5222,2621,0,sty+tfidf+perp,3,0,0.01717820010220167,True
5223,5223,2621,1,sty+tfidf+perp,3,1,0.9986827352268627,True
5224,5224,2622,0,sty+tfidf+perp,3,0,0.0009867438561974573,True
5225,5225,2622,1,sty+tfidf+perp,3,1,0.9997714361962851,True
5226,5226,2623,0,sty+tfidf+perp,3,0,0.007657644845107218,True
5227,5227,2623,1,sty+tfidf+perp,3,1,0.9998515283815212,True
5228,5228,2624,0,sty+tfidf+perp,3,0,0.003342742937004467,True
5229,5229,2624,1,sty+tfidf+perp,3,1,0.7556670695571696,True
5230,5230,2625,0,sty+tfidf+perp,3,0,0.0007629987412022066,True
5231,5231,2625,1,sty+tfidf+perp,3,1,0.9656405702251171,True
5232,5232,2626,0,sty+tfidf+perp,3,0,0.000260162727285316,True
5233,5233,2626,1,sty+tfidf+perp,3,1,0.9999100318049956,True
5234,5234,2627,0,sty+tfidf+perp,3,0,0.048443266368374226,True
5235,5235,2627,1,sty+tfidf+perp,3,1,0.9996299031892627,True
5236,5236,2628,0,sty+tfidf+perp,3,0,0.330386793818306,True
5237,5237,2628,1,sty+tfidf+perp,3,1,0.9998191568094652,True
5238,5238,2629,0,sty+tfidf+perp,3,0,0.027386274432117486,True
5239,5239,2629,1,sty+tfidf+perp,3,1,0.9635653513507136,True
5240,5240,2630,0,sty+tfidf+perp,3,0,0.001985982022881913,True
5241,5241,2630,1,sty+tfidf+perp,3,1,0.9998203520717611,True
5242,5242,2631,0,sty+tfidf+perp,3,0,9.791559681047166e-05,True
5243,5243,2631,1,sty+tfidf+perp,3,1,0.9992258281032121,True
5244,5244,2632,0,sty+tfidf+perp,3,0,0.002475504510314406,True
5245,5245,2632,1,sty+tfidf+perp,3,1,0.9998303628875258,True
5246,5246,2633,0,sty+tfidf+perp,3,0,0.00035841536048895927,True
5247,5247,2633,1,sty+tfidf+perp,3,1,0.9816446626291165,True
5248,5248,2634,0,sty+tfidf+perp,3,0,0.00202343523066618,True
5249,5249,2634,1,sty+tfidf+perp,3,1,0.9987184276024317,True
5250,5250,2635,0,sty+tfidf+perp,3,0,7.526710501166382e-05,True
5251,5251,2635,1,sty+tfidf+perp,3,1,0.9987605672615056,True
5252,5252,2636,0,sty+tfidf+perp,3,0,0.37262677572115743,True
5253,5253,2636,1,sty+tfidf+perp,3,1,0.9988047642754256,True
5254,5254,2637,0,sty+tfidf+perp,3,0,0.00676306012648741,True
5255,5255,2637,1,sty+tfidf+perp,3,1,0.9998762714801941,True
5256,5256,2638,0,sty+tfidf+perp,3,0,0.00045630960600428144,True
5257,5257,2638,1,sty+tfidf+perp,3,1,0.9998402620797715,True
5258,5258,2639,0,sty+tfidf+perp,3,0,0.00014424477998629853,True
5259,5259,2639,1,sty+tfidf+perp,3,1,0.9984686158277126,True
5260,5260,2640,0,sty+tfidf+perp,3,0,0.007048760971540493,True
5261,5261,2640,1,sty+tfidf+perp,3,1,0.9996785161935745,True
5262,5262,2641,0,sty+tfidf+perp,3,0,0.0025394700986676533,True
5263,5263,2641,1,sty+tfidf+perp,3,1,0.999921546154099,True
5264,5264,2642,0,sty+tfidf+perp,3,0,0.00021907938004983663,True
5265,5265,2642,1,sty+tfidf+perp,3,1,0.999859030654501,True
5266,5266,2643,0,sty+tfidf+perp,3,0,0.00010714180713985767,True
5267,5267,2643,1,sty+tfidf+perp,3,1,0.9998264476982457,True
5268,5268,2644,0,sty+tfidf+perp,3,0,0.008459730284193773,True
5269,5269,2644,1,sty+tfidf+perp,3,1,0.96137357102119,True
5270,5270,2645,0,sty+tfidf+perp,3,0,0.001106393240040072,True
5271,5271,2645,1,sty+tfidf+perp,3,1,0.9968624631156884,True
5272,5272,2646,0,sty+tfidf+perp,3,0,0.0003264823121879978,True
5273,5273,2646,1,sty+tfidf+perp,3,1,0.9403691027931187,True
5274,5274,2647,0,sty+tfidf+perp,3,0,0.00849570528870531,True
5275,5275,2647,1,sty+tfidf+perp,3,1,0.9993950698226698,True
5276,5276,2648,0,sty+tfidf+perp,3,0,0.0009781755090540376,True
5277,5277,2648,1,sty+tfidf+perp,3,1,0.9934592457730964,True
5278,5278,2649,0,sty+tfidf+perp,3,0,0.0031992427081842284,True
5279,5279,2649,1,sty+tfidf+perp,3,1,0.9993334108683128,True
5280,5280,2650,0,sty+tfidf+perp,3,0,0.00011153787928538642,True
5281,5281,2650,1,sty+tfidf+perp,3,1,0.9954855842786959,True
5282,5282,2651,0,sty+tfidf+perp,3,0,0.0009480078432373761,True
5283,5283,2651,1,sty+tfidf+perp,3,1,0.9993538522747287,True
5284,5284,2652,0,sty+tfidf+perp,3,0,0.0009252786483752906,True
5285,5285,2652,1,sty+tfidf+perp,3,1,0.9980444418310876,True
5286,5286,2653,0,sty+tfidf+perp,3,0,0.0007019306775404691,True
5287,5287,2653,1,sty+tfidf+perp,3,1,0.999868273271168,True
5288,5288,2654,0,sty+tfidf+perp,3,0,0.000178820995312201,True
5289,5289,2654,1,sty+tfidf+perp,3,1,0.9987287304194062,True
5290,5290,2655,0,sty+tfidf+perp,3,0,0.0036624649911175854,True
5291,5291,2655,1,sty+tfidf+perp,3,1,0.999679028584471,True
5292,5292,2656,0,sty+tfidf+perp,3,0,5.42040314324132e-05,True
5293,5293,2656,1,sty+tfidf+perp,3,1,0.9784240936791052,True
5294,5294,2657,0,sty+tfidf+perp,3,0,0.0020205470820645844,True
5295,5295,2657,1,sty+tfidf+perp,3,1,0.9990962548199871,True
5296,5296,2658,0,sty+tfidf+perp,3,0,0.06277241288529822,True
5297,5297,2658,1,sty+tfidf+perp,3,1,0.9997693605786446,True
5298,5298,2659,0,sty+tfidf+perp,3,0,0.0017776561808707505,True
5299,5299,2659,1,sty+tfidf+perp,3,1,0.999522504619947,True
5300,5300,2660,0,sty+tfidf+perp,3,0,0.03884022010113135,True
5301,5301,2660,1,sty+tfidf+perp,3,1,0.9996086468786277,True
5302,5302,2661,0,sty+tfidf+perp,3,0,0.002601430853706679,True
5303,5303,2661,1,sty+tfidf+perp,3,1,0.9857580668567527,True
5304,5304,2662,0,sty+tfidf+perp,3,0,0.001007526798342227,True
5305,5305,2662,1,sty+tfidf+perp,3,1,0.9987525643074656,True
5306,5306,2663,0,sty+tfidf+perp,3,0,0.07050830877999069,True
5307,5307,2663,1,sty+tfidf+perp,3,1,0.9993418040408435,True
5308,5308,2664,0,sty+tfidf+perp,3,0,0.00030812987597021404,True
5309,5309,2664,1,sty+tfidf+perp,3,1,0.9229092291615064,True
5310,5310,2665,0,sty+tfidf+perp,3,0,0.027381996112738304,True
5311,5311,2665,1,sty+tfidf+perp,3,1,0.9996541149613374,True
5312,5312,2666,0,sty+tfidf+perp,3,0,0.0003523326147836039,True
5313,5313,2666,1,sty+tfidf+perp,3,1,0.9998207084235623,True
5314,5314,2667,0,sty+tfidf+perp,3,0,0.00024711728213489264,True
5315,5315,2667,1,sty+tfidf+perp,3,1,0.9999592587842557,True
5316,5316,2668,0,sty+tfidf+perp,3,0,0.0002169883658492487,True
5317,5317,2668,1,sty+tfidf+perp,3,1,0.99557307197793,True
5318,5318,2669,0,sty+tfidf+perp,3,0,0.0016440086610208157,True
5319,5319,2669,1,sty+tfidf+perp,3,1,0.9997731317171421,True
5320,5320,2670,0,sty+tfidf+perp,3,0,0.0001268003459174235,True
5321,5321,2670,1,sty+tfidf+perp,3,1,0.9995778203799347,True
5322,5322,2671,0,sty+tfidf+perp,3,0,0.00013524806864056047,True
5323,5323,2671,1,sty+tfidf+perp,3,1,0.9986472706983708,True
5324,5324,2672,0,sty+tfidf+perp,3,0,0.1854598705212502,True
5325,5325,2672,1,sty+tfidf+perp,3,1,0.9999546169564354,True
5326,5326,2673,0,sty+tfidf+perp,3,0,0.00032642277605644354,True
5327,5327,2673,1,sty+tfidf+perp,3,1,0.9997836868813615,True
5328,5328,2674,0,sty+tfidf+perp,3,0,0.0002097710757768664,True
5329,5329,2674,1,sty+tfidf+perp,3,1,0.9913360636959924,True
5330,5330,2675,0,sty+tfidf+perp,3,0,0.00034138263255255433,True
5331,5331,2675,1,sty+tfidf+perp,3,1,0.996287098155283,True
5332,5332,2676,0,sty+tfidf+perp,3,0,9.3577634267185e-05,True
5333,5333,2676,1,sty+tfidf+perp,3,1,0.9992110762768633,True
5334,5334,2677,0,sty+tfidf+perp,3,0,0.0003266378897033136,True
5335,5335,2677,1,sty+tfidf+perp,3,1,0.9990998381901265,True
5336,5336,2678,0,sty+tfidf+perp,3,0,0.00035374426842407503,True
5337,5337,2678,1,sty+tfidf+perp,3,1,0.9988362008285364,True
5338,5338,2679,0,sty+tfidf+perp,3,0,0.03146455465408798,True
5339,5339,2679,1,sty+tfidf+perp,3,1,0.9991350733527518,True
5340,5340,2680,0,sty+tfidf+perp,3,0,0.006469448799918294,True
5341,5341,2680,1,sty+tfidf+perp,3,1,0.9998801538142952,True
5342,5342,2681,0,sty+tfidf+perp,3,0,0.001126684805887842,True
5343,5343,2681,1,sty+tfidf+perp,3,1,0.7375011605873257,True
5344,5344,2682,0,sty+tfidf+perp,3,0,0.0012196867093807416,True
5345,5345,2682,1,sty+tfidf+perp,3,1,0.9993141865092096,True
5346,5346,2683,0,sty+tfidf+perp,3,0,0.01706388759718536,True
5347,5347,2683,1,sty+tfidf+perp,3,1,0.9991110489720971,True
5348,5348,2684,0,sty+tfidf+perp,3,0,0.00031098697091714423,True
5349,5349,2684,1,sty+tfidf+perp,3,1,0.9975946099627732,True
5350,5350,2685,0,sty+tfidf+perp,3,0,0.017609134841433064,True
5351,5351,2685,1,sty+tfidf+perp,3,1,0.9996536160735742,True
5352,5352,2686,0,sty+tfidf+perp,3,0,0.0002393862229975742,True
5353,5353,2686,1,sty+tfidf+perp,3,1,0.9947123043555488,True
5354,5354,2687,0,sty+tfidf+perp,3,0,0.003866590453377783,True
5355,5355,2687,1,sty+tfidf+perp,3,1,0.9975324218839241,True
5356,5356,2688,0,sty+tfidf+perp,3,0,0.15207608843742618,True
5357,5357,2688,1,sty+tfidf+perp,3,1,0.9986251166742585,True
5358,5358,2689,0,sty+tfidf+perp,3,0,0.0006215158538973022,True
5359,5359,2689,1,sty+tfidf+perp,3,1,0.9994336827687805,True
5360,5360,2690,0,sty+tfidf+perp,3,0,0.2664300541927642,True
5361,5361,2690,1,sty+tfidf+perp,3,1,0.999694037110865,True
5362,5362,2691,0,sty+tfidf+perp,3,0,0.0001548695252156265,True
5363,5363,2691,1,sty+tfidf+perp,3,1,0.7472048914169963,True
5364,5364,2692,0,sty+tfidf+perp,3,0,0.0010244248186206506,True
5365,5365,2692,1,sty+tfidf+perp,3,1,0.9998933884386483,True
5366,5366,2693,0,sty+tfidf+perp,3,0,0.0017703357931214822,True
5367,5367,2693,1,sty+tfidf+perp,3,1,0.9993524541437637,True
5368,5368,2694,0,sty+tfidf+perp,3,0,0.006795384034590537,True
5369,5369,2694,1,sty+tfidf+perp,3,1,0.9870378482426462,True
5370,5370,2695,0,sty+tfidf+perp,3,0,0.017486904644893744,True
5371,5371,2695,1,sty+tfidf+perp,3,1,0.9996063840429589,True
5372,5372,2696,0,sty+tfidf+perp,3,0,0.02141917462682841,True
5373,5373,2696,1,sty+tfidf+perp,3,1,0.9984631976272375,True
5374,5374,2697,0,sty+tfidf+perp,3,0,0.0008270574356335726,True
5375,5375,2697,1,sty+tfidf+perp,3,1,0.9999118815089029,True
5376,5376,2698,0,sty+tfidf+perp,3,0,0.007778294024482197,True
5377,5377,2698,1,sty+tfidf+perp,3,1,0.9990294620222187,True
5378,5378,2699,0,sty+tfidf+perp,3,0,0.0012847675407595216,True
5379,5379,2699,1,sty+tfidf+perp,3,1,0.9985627542177146,True
5380,5380,2700,0,sty+tfidf+perp,3,0,0.013662321327318403,True
5381,5381,2700,1,sty+tfidf+perp,3,1,0.9990396574237858,True
5382,5382,2701,0,sty+tfidf+perp,3,0,0.002511702177165583,True
5383,5383,2701,1,sty+tfidf+perp,3,1,0.9159538057994066,True
5384,5384,2702,0,sty+tfidf+perp,3,0,0.00470752031533703,True
5385,5385,2702,1,sty+tfidf+perp,3,1,0.9995258677189038,True
5386,5386,2703,0,sty+tfidf+perp,3,0,0.011396682207317493,True
5387,5387,2703,1,sty+tfidf+perp,3,1,0.9986433968078684,True
5388,5388,2704,0,sty+tfidf+perp,3,0,0.08206390749934964,True
5389,5389,2704,1,sty+tfidf+perp,3,1,0.9648829272897137,True
5390,5390,2705,0,sty+tfidf+perp,3,0,0.0107064802872615,True
5391,5391,2705,1,sty+tfidf+perp,3,1,0.9880326299793638,True
5392,5392,2706,0,sty+tfidf+perp,3,0,0.0019547901137290315,True
5393,5393,2706,1,sty+tfidf+perp,3,1,0.9995202464155384,True
5394,5394,2707,0,sty+tfidf+perp,3,0,0.03947464929452377,True
5395,5395,2707,1,sty+tfidf+perp,3,1,0.9982095467418579,True
5396,5396,2708,0,sty+tfidf+perp,3,0,0.03040427776952408,True
5397,5397,2708,1,sty+tfidf+perp,3,1,0.9996755247749595,True
5398,5398,2709,0,sty+tfidf+perp,3,0,0.001816829527152475,True
5399,5399,2709,1,sty+tfidf+perp,3,1,0.9997049101054756,True
5400,5400,2710,0,sty+tfidf+perp,3,0,0.00021909924613829513,True
5401,5401,2710,1,sty+tfidf+perp,3,1,0.9977695648638399,True
5402,5402,2711,0,sty+tfidf+perp,3,0,0.0031039510811551323,True
5403,5403,2711,1,sty+tfidf+perp,3,1,0.9993103242658278,True
5404,5404,2712,0,sty+tfidf+perp,3,0,0.004490940611594904,True
5405,5405,2712,1,sty+tfidf+perp,3,1,0.9993980475087378,True
5406,5406,2713,0,sty+tfidf+perp,3,0,0.06655530401316372,True
5407,5407,2713,1,sty+tfidf+perp,3,0,0.13302317112954995,False
5408,5408,2714,0,sty+tfidf+perp,3,0,0.005813335982112057,True
5409,5409,2714,1,sty+tfidf+perp,3,1,0.9984078397965521,True
5410,5410,2715,0,sty+tfidf+perp,3,0,0.05077932437976794,True
5411,5411,2715,1,sty+tfidf+perp,3,1,0.99980133610047,True
5412,5412,2716,0,sty+tfidf+perp,3,0,0.0011575493792063494,True
5413,5413,2716,1,sty+tfidf+perp,3,1,0.9964855704413023,True
5414,5414,2717,0,sty+tfidf+perp,3,0,0.00013984039596492064,True
5415,5415,2717,1,sty+tfidf+perp,3,1,0.9994258545152732,True
5416,5416,2718,0,sty+tfidf+perp,3,0,0.11931631323311234,True
5417,5417,2718,1,sty+tfidf+perp,3,1,0.9992071354448009,True
5418,5418,2719,0,sty+tfidf+perp,3,0,0.0008426647762510627,True
5419,5419,2719,1,sty+tfidf+perp,3,1,0.9986611449620187,True
5420,5420,2720,0,sty+tfidf+perp,3,1,0.8746795607509793,False
5421,5421,2720,1,sty+tfidf+perp,3,1,0.9120229949126248,True
5422,5422,2721,0,sty+tfidf+perp,3,0,0.00043497726604262046,True
5423,5423,2721,1,sty+tfidf+perp,3,1,0.999863083624161,True
5424,5424,2722,0,sty+tfidf+perp,3,0,0.012402869124399196,True
5425,5425,2722,1,sty+tfidf+perp,3,1,0.9979079460199909,True
5426,5426,2723,0,sty+tfidf+perp,3,0,0.014880149630118291,True
5427,5427,2723,1,sty+tfidf+perp,3,1,0.9992018790730157,True
5428,5428,2724,0,sty+tfidf+perp,3,0,0.0004962170408390376,True
5429,5429,2724,1,sty+tfidf+perp,3,1,0.987958596922224,True
5430,5430,2725,0,sty+tfidf+perp,3,0,0.0014138000619774108,True
5431,5431,2725,1,sty+tfidf+perp,3,1,0.9997575252240225,True
5432,5432,2726,0,sty+tfidf+perp,3,0,0.00024187141712570627,True
5433,5433,2726,1,sty+tfidf+perp,3,1,0.997927403725143,True
5434,5434,2727,0,sty+tfidf+perp,3,0,0.047468650459671774,True
5435,5435,2727,1,sty+tfidf+perp,3,1,0.9997668174784919,True
5436,5436,2728,0,sty+tfidf+perp,3,0,0.0037861261213732434,True
5437,5437,2728,1,sty+tfidf+perp,3,1,0.9999047365485745,True
5438,5438,2729,0,sty+tfidf+perp,3,0,0.008046224197765923,True
5439,5439,2729,1,sty+tfidf+perp,3,1,0.9350336917004304,True
5440,5440,2730,0,sty+tfidf+perp,3,0,0.09314776639876882,True
5441,5441,2730,1,sty+tfidf+perp,3,1,0.8013579119027611,True
5442,5442,2731,0,sty+tfidf+perp,3,0,0.00014351409763008655,True
5443,5443,2731,1,sty+tfidf+perp,3,0,0.3402895334805364,False
5444,5444,2732,0,sty+tfidf+perp,3,0,0.0001500100430398264,True
5445,5445,2732,1,sty+tfidf+perp,3,1,0.9880946771510367,True
5446,5446,2733,0,sty+tfidf+perp,3,0,0.23267585069819754,True
5447,5447,2733,1,sty+tfidf+perp,3,1,0.9554096189517463,True
5448,5448,2734,0,sty+tfidf+perp,3,0,0.009336188179865871,True
5449,5449,2734,1,sty+tfidf+perp,3,1,0.999703473840516,True
5450,5450,2735,0,sty+tfidf+perp,3,0,0.3529251669418446,True
5451,5451,2735,1,sty+tfidf+perp,3,1,0.995107953086041,True
5452,5452,2736,0,sty+tfidf+perp,3,0,0.0005525815626691974,True
5453,5453,2736,1,sty+tfidf+perp,3,1,0.9957834294222325,True
5454,5454,2737,0,sty+tfidf+perp,3,0,0.0031590864488987543,True
5455,5455,2737,1,sty+tfidf+perp,3,1,0.9998639991183538,True
5456,5456,2738,0,sty+tfidf+perp,3,0,0.014235437751645826,True
5457,5457,2738,1,sty+tfidf+perp,3,1,0.9984780534570924,True
5458,5458,2739,0,sty+tfidf+perp,3,0,0.0006810606583990106,True
5459,5459,2739,1,sty+tfidf+perp,3,1,0.9589637344279354,True
5460,5460,2740,0,sty+tfidf+perp,3,0,0.0017734630241839182,True
5461,5461,2740,1,sty+tfidf+perp,3,1,0.9999562017478344,True
5462,5462,2741,0,sty+tfidf+perp,3,0,0.0804893718500145,True
5463,5463,2741,1,sty+tfidf+perp,3,1,0.9997775140181303,True
5464,5464,2742,0,sty+tfidf+perp,3,0,0.0007105134704777717,True
5465,5465,2742,1,sty+tfidf+perp,3,1,0.9999219721931759,True
5466,5466,2743,0,sty+tfidf+perp,3,0,0.4505308368470231,True
5467,5467,2743,1,sty+tfidf+perp,3,1,0.9715133914909062,True
5468,5468,2744,0,sty+tfidf+perp,3,0,0.008212907127668192,True
5469,5469,2744,1,sty+tfidf+perp,3,1,0.9995105189170915,True
5470,5470,2745,0,sty+tfidf+perp,3,0,0.0005849124399053951,True
5471,5471,2745,1,sty+tfidf+perp,3,1,0.9993661752025146,True
5472,5472,2746,0,sty+tfidf+perp,3,0,0.0003611230362254442,True
5473,5473,2746,1,sty+tfidf+perp,3,0,0.303368811596682,False
5474,5474,2747,0,sty+tfidf+perp,3,0,0.007336155420981003,True
5475,5475,2747,1,sty+tfidf+perp,3,1,0.9982381994147516,True
5476,5476,2748,0,sty+tfidf+perp,3,0,0.004360944236729096,True
5477,5477,2748,1,sty+tfidf+perp,3,1,0.999336147634327,True
5478,5478,2749,0,sty+tfidf+perp,3,0,0.003309075429737169,True
5479,5479,2749,1,sty+tfidf+perp,3,1,0.7199884665692949,True
5480,5480,2750,0,sty+tfidf+perp,3,0,0.0012406120353022538,True
5481,5481,2750,1,sty+tfidf+perp,3,1,0.9994645614618057,True
5482,5482,2751,0,sty+tfidf+perp,3,0,5.9086814396000774e-05,True
5483,5483,2751,1,sty+tfidf+perp,3,1,0.9931506777000743,True
5484,5484,2752,0,sty+tfidf+perp,3,0,0.13811241134279165,True
5485,5485,2752,1,sty+tfidf+perp,3,1,0.9984204335074495,True
5486,5486,2753,0,sty+tfidf+perp,3,0,0.003314511267228432,True
5487,5487,2753,1,sty+tfidf+perp,3,1,0.9995913505982776,True
5488,5488,2754,0,sty+tfidf+perp,3,0,0.0057252387842027415,True
5489,5489,2754,1,sty+tfidf+perp,3,1,0.9971219452666008,True
5490,5490,2755,0,sty+tfidf+perp,3,0,0.0016265734227795881,True
5491,5491,2755,1,sty+tfidf+perp,3,1,0.9991360869106,True
5492,5492,2756,0,sty+tfidf+perp,3,0,0.0013670441577635787,True
5493,5493,2756,1,sty+tfidf+perp,3,1,0.9989970424692293,True
5494,5494,2757,0,sty+tfidf+perp,3,0,0.008092532990611802,True
5495,5495,2757,1,sty+tfidf+perp,3,1,0.9600978453206508,True
5496,5496,2758,0,sty+tfidf+perp,3,0,0.00256520213655553,True
5497,5497,2758,1,sty+tfidf+perp,3,1,0.999827456550422,True
5498,5498,2759,0,sty+tfidf+perp,3,0,0.005051091514674576,True
5499,5499,2759,1,sty+tfidf+perp,3,1,0.744843333950068,True
5500,5500,2760,0,sty+tfidf+perp,3,0,0.0003406126581069662,True
5501,5501,2760,1,sty+tfidf+perp,3,1,0.9972916927609978,True
5502,5502,2761,0,sty+tfidf+perp,3,0,0.08015121003120475,True
5503,5503,2761,1,sty+tfidf+perp,3,1,0.9993868546765745,True
5504,5504,2762,0,sty+tfidf+perp,3,0,0.00013694307548612605,True
5505,5505,2762,1,sty+tfidf+perp,3,1,0.9998534375731594,True
5506,5506,2763,0,sty+tfidf+perp,3,0,0.0024289043779232565,True
5507,5507,2763,1,sty+tfidf+perp,3,1,0.9991689996342451,True
5508,5508,2764,0,sty+tfidf+perp,3,0,0.002988565974264754,True
5509,5509,2764,1,sty+tfidf+perp,3,1,0.9398707943550931,True
5510,5510,2765,0,sty+tfidf+perp,3,0,0.17065861620821024,True
5511,5511,2765,1,sty+tfidf+perp,3,1,0.9998688894407394,True
5512,5512,2766,0,sty+tfidf+perp,3,0,0.004947358569112036,True
5513,5513,2766,1,sty+tfidf+perp,3,1,0.9999524789041524,True
5514,5514,2767,0,sty+tfidf+perp,3,0,0.000965652872375871,True
5515,5515,2767,1,sty+tfidf+perp,3,1,0.9981454057877858,True
5516,5516,2768,0,sty+tfidf+perp,3,0,0.05632164203158523,True
5517,5517,2768,1,sty+tfidf+perp,3,1,0.9226646313625114,True
5518,5518,2769,0,sty+tfidf+perp,3,0,0.0007739165812037244,True
5519,5519,2769,1,sty+tfidf+perp,3,1,0.9992501872528938,True
5520,5520,2770,0,sty+tfidf+perp,3,0,0.000469042839764956,True
5521,5521,2770,1,sty+tfidf+perp,3,1,0.9995873140042513,True
5522,5522,2771,0,sty+tfidf+perp,3,0,0.022723044593446387,True
5523,5523,2771,1,sty+tfidf+perp,3,1,0.9954831416709224,True
5524,5524,2772,0,sty+tfidf+perp,3,0,0.003385960766298414,True
5525,5525,2772,1,sty+tfidf+perp,3,1,0.9999590844918385,True
5526,5526,2773,0,sty+tfidf+perp,3,0,0.0010550773720794946,True
5527,5527,2773,1,sty+tfidf+perp,3,1,0.9990930346410221,True
5528,5528,2774,0,sty+tfidf+perp,3,0,0.0006722571498711793,True
5529,5529,2774,1,sty+tfidf+perp,3,1,0.9911936674610116,True
5530,5530,2775,0,sty+tfidf+perp,3,0,0.006009477232601382,True
5531,5531,2775,1,sty+tfidf+perp,3,1,0.9972137965813441,True
5532,5532,2776,0,sty+tfidf+perp,3,0,0.0005250403885995412,True
5533,5533,2776,1,sty+tfidf+perp,3,1,0.9911769223944531,True
5534,5534,2777,0,sty+tfidf+perp,3,0,0.0002772842406082943,True
5535,5535,2777,1,sty+tfidf+perp,3,1,0.9955635854054256,True
5536,5536,2778,0,sty+tfidf+perp,3,0,7.750112890869047e-05,True
5537,5537,2778,1,sty+tfidf+perp,3,1,0.9993715265793217,True
5538,5538,2779,0,sty+tfidf+perp,3,0,0.0009741624045372547,True
5539,5539,2779,1,sty+tfidf+perp,3,1,0.999741453163947,True
5540,5540,2780,0,sty+tfidf+perp,3,0,0.004357454370963985,True
5541,5541,2780,1,sty+tfidf+perp,3,1,0.9998675897376079,True
5542,5542,2781,0,sty+tfidf+perp,3,0,0.010924140908703975,True
5543,5543,2781,1,sty+tfidf+perp,3,1,0.9999048517777555,True
5544,5544,2782,0,sty+tfidf+perp,3,0,0.0011954716098199838,True
5545,5545,2782,1,sty+tfidf+perp,3,1,0.9998554073173077,True
5546,5546,2783,0,sty+tfidf+perp,3,0,0.000972421807413481,True
5547,5547,2783,1,sty+tfidf+perp,3,1,0.9990685067695858,True
5548,5548,2784,0,sty+tfidf+perp,3,0,0.0007293331224667314,True
5549,5549,2784,1,sty+tfidf+perp,3,1,0.9930330648639795,True
5550,5550,2785,0,sty+tfidf+perp,3,0,5.890731530340754e-05,True
5551,5551,2785,1,sty+tfidf+perp,3,1,0.9969979815648424,True
5552,5552,2786,0,sty+tfidf+perp,3,0,0.052959691371289454,True
5553,5553,2786,1,sty+tfidf+perp,3,1,0.9982794848614517,True
5554,5554,2787,0,sty+tfidf+perp,3,0,0.00012962614276868363,True
5555,5555,2787,1,sty+tfidf+perp,3,1,0.9996221440969658,True
5556,5556,2788,0,sty+tfidf+perp,3,0,0.27489960057305823,True
5557,5557,2788,1,sty+tfidf+perp,3,1,0.9986736366000496,True
5558,5558,2789,0,sty+tfidf+perp,3,0,0.002852272643341928,True
5559,5559,2789,1,sty+tfidf+perp,3,1,0.9980704360847311,True
5560,5560,2790,0,sty+tfidf+perp,3,0,0.00018304642916984533,True
5561,5561,2790,1,sty+tfidf+perp,3,1,0.9988114167336515,True
5562,5562,2791,0,sty+tfidf+perp,3,0,0.003932325242522526,True
5563,5563,2791,1,sty+tfidf+perp,3,1,0.9995754579679688,True
5564,5564,2792,0,sty+tfidf+perp,3,0,0.0007348740382890868,True
5565,5565,2792,1,sty+tfidf+perp,3,1,0.9997196073979524,True
5566,5566,2793,0,sty+tfidf+perp,3,0,0.0597287606937292,True
5567,5567,2793,1,sty+tfidf+perp,3,1,0.9995213716699095,True
5568,5568,2794,0,sty+tfidf+perp,3,0,0.09044933076363035,True
5569,5569,2794,1,sty+tfidf+perp,3,1,0.9927660956180144,True
5570,5570,2795,0,sty+tfidf+perp,3,0,9.428432091701451e-05,True
5571,5571,2795,1,sty+tfidf+perp,3,1,0.9010471760371487,True
5572,5572,2796,0,sty+tfidf+perp,3,0,0.0010311627300674338,True
5573,5573,2796,1,sty+tfidf+perp,3,1,0.9894636915941454,True
5574,5574,2797,0,sty+tfidf+perp,3,0,0.0019023882188340493,True
5575,5575,2797,1,sty+tfidf+perp,3,1,0.8288073491956777,True
5576,5576,2798,0,sty+tfidf+perp,3,0,0.0012353669157168727,True
5577,5577,2798,1,sty+tfidf+perp,3,1,0.983703159684451,True
5578,5578,2799,0,sty+tfidf+perp,3,0,0.0006573836483514999,True
5579,5579,2799,1,sty+tfidf+perp,3,1,0.9996536404431124,True
5580,5580,2800,0,sty+tfidf+perp,3,0,0.0005657722867201491,True
5581,5581,2800,1,sty+tfidf+perp,3,1,0.9268296932277371,True
5582,5582,2801,0,sty+tfidf+perp,3,0,3.7772481397214074e-05,True
5583,5583,2801,1,sty+tfidf+perp,3,1,0.9951658576498302,True
5584,5584,2802,0,sty+tfidf+perp,3,0,0.000615700789166241,True
5585,5585,2802,1,sty+tfidf+perp,3,1,0.9961859059012246,True
5586,5586,2803,0,sty+tfidf+perp,3,0,0.006613211466381985,True
5587,5587,2803,1,sty+tfidf+perp,3,1,0.9999493291342523,True
5588,5588,2804,0,sty+tfidf+perp,3,0,0.0006282452208702795,True
5589,5589,2804,1,sty+tfidf+perp,3,1,0.9979056202864287,True
5590,5590,2805,0,sty+tfidf+perp,3,0,0.0008340261430621767,True
5591,5591,2805,1,sty+tfidf+perp,3,1,0.9994291127714447,True
5592,5592,2806,0,sty+tfidf+perp,3,0,0.0012727619341708016,True
5593,5593,2806,1,sty+tfidf+perp,3,1,0.9948335487523414,True
5594,5594,2807,0,sty+tfidf+perp,3,0,6.164063223012145e-05,True
5595,5595,2807,1,sty+tfidf+perp,3,1,0.9983401432222866,True
5596,5596,2808,0,sty+tfidf+perp,3,0,0.0008087374434608987,True
5597,5597,2808,1,sty+tfidf+perp,3,1,0.9996635969254752,True
5598,5598,2809,0,sty+tfidf+perp,3,0,0.0002558148863470313,True
5599,5599,2809,1,sty+tfidf+perp,3,1,0.9995424708447167,True
5600,5600,2810,0,sty+tfidf+perp,3,0,0.0009215450652282889,True
5601,5601,2810,1,sty+tfidf+perp,3,1,0.9997148482383715,True
5602,5602,2811,0,sty+tfidf+perp,3,0,0.0019288022000285528,True
5603,5603,2811,1,sty+tfidf+perp,3,1,0.9507208111711842,True
5604,5604,2812,0,sty+tfidf+perp,3,0,0.005157569888041878,True
5605,5605,2812,1,sty+tfidf+perp,3,1,0.9999632411798941,True
5606,5606,2813,0,sty+tfidf+perp,3,0,0.0016736675219162537,True
5607,5607,2813,1,sty+tfidf+perp,3,1,0.999946060366709,True
5608,5608,2814,0,sty+tfidf+perp,3,0,0.0003206007276428122,True
5609,5609,2814,1,sty+tfidf+perp,3,1,0.9996101973869582,True
5610,5610,2815,0,sty+tfidf+perp,3,0,0.019107073539821592,True
5611,5611,2815,1,sty+tfidf+perp,3,1,0.9980420533817594,True
5612,5612,2816,0,sty+tfidf+perp,3,0,0.0028391942540980306,True
5613,5613,2816,1,sty+tfidf+perp,3,1,0.9998564039955516,True
5614,5614,2817,0,sty+tfidf+perp,3,0,0.00018257241789135118,True
5615,5615,2817,1,sty+tfidf+perp,3,1,0.9995504549770674,True
5616,5616,2818,0,sty+tfidf+perp,3,0,0.00028855845967776906,True
5617,5617,2818,1,sty+tfidf+perp,3,1,0.9992214053427109,True
5618,5618,2819,0,sty+tfidf+perp,3,0,0.020804889384431993,True
5619,5619,2819,1,sty+tfidf+perp,3,1,0.9529108369843112,True
5620,5620,2820,0,sty+tfidf+perp,3,0,0.003576597668541152,True
5621,5621,2820,1,sty+tfidf+perp,3,1,0.6244754559111395,True
5622,5622,2821,0,sty+tfidf+perp,3,0,0.013664950970227683,True
5623,5623,2821,1,sty+tfidf+perp,3,1,0.9989715067241889,True
5624,5624,2822,0,sty+tfidf+perp,3,0,0.09721970721448359,True
5625,5625,2822,1,sty+tfidf+perp,3,1,0.9998446602003261,True
5626,5626,2823,0,sty+tfidf+perp,3,0,0.18249908697520295,True
5627,5627,2823,1,sty+tfidf+perp,3,1,0.9997917653521539,True
5628,5628,2824,0,sty+tfidf+perp,3,0,0.001019547006973945,True
5629,5629,2824,1,sty+tfidf+perp,3,1,0.9991709179812387,True
5630,5630,2825,0,sty+tfidf+perp,3,0,0.0001162673660452824,True
5631,5631,2825,1,sty+tfidf+perp,3,1,0.998690003325334,True
5632,5632,2826,0,sty+tfidf+perp,3,0,0.0007887170165553445,True
5633,5633,2826,1,sty+tfidf+perp,3,1,0.9995111747164244,True
5634,5634,2827,0,sty+tfidf+perp,3,0,0.0009340835952472101,True
5635,5635,2827,1,sty+tfidf+perp,3,1,0.9989873583367134,True
5636,5636,2828,0,sty+tfidf+perp,3,0,0.012252092226754671,True
5637,5637,2828,1,sty+tfidf+perp,3,1,0.9995049106601396,True
5638,5638,2829,0,sty+tfidf+perp,3,0,0.03241576133826436,True
5639,5639,2829,1,sty+tfidf+perp,3,1,0.9980404913679815,True
5640,5640,2830,0,sty+tfidf+perp,3,0,0.0002680259239726861,True
5641,5641,2830,1,sty+tfidf+perp,3,1,0.998200828021674,True
5642,5642,2831,0,sty+tfidf+perp,3,0,1.787306724914741e-05,True
5643,5643,2831,1,sty+tfidf+perp,3,1,0.9995467850199428,True
5644,5644,2832,0,sty+tfidf+perp,3,0,0.057721458110009456,True
5645,5645,2832,1,sty+tfidf+perp,3,1,0.9997627386975791,True
5646,5646,2833,0,sty+tfidf+perp,3,0,0.0002846477211376086,True
5647,5647,2833,1,sty+tfidf+perp,3,1,0.9783013001270774,True
5648,5648,2834,0,sty+tfidf+perp,3,0,0.00026038070636323326,True
5649,5649,2834,1,sty+tfidf+perp,3,1,0.9974007758088758,True
5650,5650,2835,0,sty+tfidf+perp,3,0,0.0005716029796450561,True
5651,5651,2835,1,sty+tfidf+perp,3,1,0.9992536858416018,True
5652,5652,2836,0,sty+tfidf+perp,3,0,0.025906926430187882,True
5653,5653,2836,1,sty+tfidf+perp,3,1,0.99976493575309,True
5654,5654,2837,0,sty+tfidf+perp,3,0,0.007020003159790105,True
5655,5655,2837,1,sty+tfidf+perp,3,1,0.9998474661655784,True
5656,5656,2838,0,sty+tfidf+perp,3,0,0.03668217278819219,True
5657,5657,2838,1,sty+tfidf+perp,3,1,0.9988695645680313,True
5658,5658,2839,0,sty+tfidf+perp,3,0,0.0026511802137490423,True
5659,5659,2839,1,sty+tfidf+perp,3,1,0.9992221678926245,True
5660,5660,2840,0,sty+tfidf+perp,3,0,0.0009306537884776399,True
5661,5661,2840,1,sty+tfidf+perp,3,1,0.9963917971337782,True
5662,5662,2841,0,sty+tfidf+perp,3,0,0.013808753931377031,True
5663,5663,2841,1,sty+tfidf+perp,3,1,0.9991743227963708,True
5664,5664,2842,0,sty+tfidf+perp,3,0,9.286454623586344e-05,True
5665,5665,2842,1,sty+tfidf+perp,3,1,0.9813290452857371,True
5666,5666,2843,0,sty+tfidf+perp,3,0,0.005815155838912827,True
5667,5667,2843,1,sty+tfidf+perp,3,1,0.9997566388695422,True
5668,5668,2844,0,sty+tfidf+perp,3,0,0.000673850863385448,True
5669,5669,2844,1,sty+tfidf+perp,3,1,0.8811810352229926,True
5670,5670,2845,0,sty+tfidf+perp,3,0,0.0001185808827268938,True
5671,5671,2845,1,sty+tfidf+perp,3,1,0.9983775814594348,True
5672,5672,2846,0,sty+tfidf+perp,3,0,0.0015765475286187453,True
5673,5673,2846,1,sty+tfidf+perp,3,1,0.9961250685355366,True
5674,5674,2847,0,sty+tfidf+perp,3,0,0.026441838549437838,True
5675,5675,2847,1,sty+tfidf+perp,3,1,0.9998417161060201,True
5676,5676,2848,0,sty+tfidf+perp,3,0,0.002822388748910829,True
5677,5677,2848,1,sty+tfidf+perp,3,1,0.9474658524579811,True
5678,5678,2849,0,sty+tfidf+perp,3,0,0.004977834753615417,True
5679,5679,2849,1,sty+tfidf+perp,3,1,0.9998693215819026,True
5680,5680,2850,0,sty+tfidf+perp,3,0,0.10255708180967461,True
5681,5681,2850,1,sty+tfidf+perp,3,1,0.9991022759689228,True
5682,5682,2851,0,sty+tfidf+perp,3,0,0.010718447641541362,True
5683,5683,2851,1,sty+tfidf+perp,3,1,0.5441128280014894,True
5684,5684,2852,0,sty+tfidf+perp,3,0,0.0006334768596591653,True
5685,5685,2852,1,sty+tfidf+perp,3,1,0.9966170655894439,True
5686,5686,2853,0,sty+tfidf+perp,3,0,0.001701500008204987,True
5687,5687,2853,1,sty+tfidf+perp,3,1,0.9991986517947979,True
5688,5688,2854,0,sty+tfidf+perp,3,0,0.00020283427533018705,True
5689,5689,2854,1,sty+tfidf+perp,3,1,0.9529327939728236,True
5690,5690,2855,0,sty+tfidf+perp,3,0,0.00027258859288084374,True
5691,5691,2855,1,sty+tfidf+perp,3,1,0.9992946561134584,True
5692,5692,2856,0,sty+tfidf+perp,3,0,0.0034837422099591015,True
5693,5693,2856,1,sty+tfidf+perp,3,1,0.9749884695846948,True
5694,5694,2857,0,sty+tfidf+perp,3,0,0.0001133199313620937,True
5695,5695,2857,1,sty+tfidf+perp,3,1,0.9994868125686953,True
5696,5696,2858,0,sty+tfidf+perp,3,0,0.0017025608037828733,True
5697,5697,2858,1,sty+tfidf+perp,3,1,0.9997584746125762,True
5698,5698,2859,0,sty+tfidf+perp,3,0,0.0006228638795531645,True
5699,5699,2859,1,sty+tfidf+perp,3,1,0.9831862245973888,True
5700,5700,2860,0,sty+tfidf+perp,3,0,0.00040837722407702015,True
5701,5701,2860,1,sty+tfidf+perp,3,1,0.985726424110209,True
5702,5702,2861,0,sty+tfidf+perp,3,0,0.1444249833192601,True
5703,5703,2861,1,sty+tfidf+perp,3,1,0.6649287164197492,True
5704,5704,2862,0,sty+tfidf+perp,3,0,4.518807005601347e-05,True
5705,5705,2862,1,sty+tfidf+perp,3,1,0.9901059883128291,True
5706,5706,2863,0,sty+tfidf+perp,3,0,0.0073321337442361755,True
5707,5707,2863,1,sty+tfidf+perp,3,1,0.9964007013460869,True
5708,5708,2864,0,sty+tfidf+perp,3,0,0.0030915482159774047,True
5709,5709,2864,1,sty+tfidf+perp,3,1,0.9996314327637125,True
5710,5710,2865,0,sty+tfidf+perp,3,0,0.00011319296527701478,True
5711,5711,2865,1,sty+tfidf+perp,3,1,0.9999572994145303,True
5712,5712,2866,0,sty+tfidf+perp,3,0,0.0019999989639029807,True
5713,5713,2866,1,sty+tfidf+perp,3,1,0.9998105167929892,True
5714,5714,2867,0,sty+tfidf+perp,3,0,0.000662508307713469,True
5715,5715,2867,1,sty+tfidf+perp,3,1,0.998793983679629,True
5716,5716,2868,0,sty+tfidf+perp,3,0,0.00023115029160544154,True
5717,5717,2868,1,sty+tfidf+perp,3,1,0.7225469265948754,True
5718,5718,2869,0,sty+tfidf+perp,3,0,0.0015215137605450277,True
5719,5719,2869,1,sty+tfidf+perp,3,1,0.9986780769288427,True
5720,5720,2870,0,sty+tfidf+perp,3,0,0.0065770675085184555,True
5721,5721,2870,1,sty+tfidf+perp,3,1,0.9994957731810706,True
5722,5722,2871,0,sty+tfidf+perp,3,0,0.008120553473243482,True
5723,5723,2871,1,sty+tfidf+perp,3,1,0.9948696367014845,True
5724,5724,2872,0,sty+tfidf+perp,3,0,0.003963426838793224,True
5725,5725,2872,1,sty+tfidf+perp,3,1,0.999593954013058,True
5726,5726,2873,0,sty+tfidf+perp,3,0,0.003152804125322109,True
5727,5727,2873,1,sty+tfidf+perp,3,1,0.9925738360084458,True
5728,5728,2874,0,sty+tfidf+perp,3,0,0.006708384932688894,True
5729,5729,2874,1,sty+tfidf+perp,3,1,0.9265954218481199,True
5730,5730,2875,0,sty+tfidf+perp,3,0,0.005615947903878142,True
5731,5731,2875,1,sty+tfidf+perp,3,1,0.9994044961840504,True
5732,5732,2876,0,sty+tfidf+perp,3,0,0.00034613014031092563,True
5733,5733,2876,1,sty+tfidf+perp,3,1,0.9986465835608476,True
5734,5734,2877,0,sty+tfidf+perp,3,1,0.8201794265098333,False
5735,5735,2877,1,sty+tfidf+perp,3,1,0.8138193250470687,True
5736,5736,2878,0,sty+tfidf+perp,3,0,0.0020107318310813417,True
5737,5737,2878,1,sty+tfidf+perp,3,1,0.9992360156653637,True
5738,5738,2879,0,sty+tfidf+perp,3,0,0.0003274439323745486,True
5739,5739,2879,1,sty+tfidf+perp,3,1,0.8751369856654219,True
5740,5740,2880,0,sty+tfidf+perp,3,0,0.023092362201639734,True
5741,5741,2880,1,sty+tfidf+perp,3,1,0.9992707666231552,True
5742,5742,2881,0,sty+tfidf+perp,3,0,0.011136029204376867,True
5743,5743,2881,1,sty+tfidf+perp,3,1,0.9947104234882921,True
5744,5744,2882,0,sty+tfidf+perp,3,0,0.0003926051316070232,True
5745,5745,2882,1,sty+tfidf+perp,3,1,0.9994174255917206,True
5746,5746,2883,0,sty+tfidf+perp,3,0,0.0024521928870061996,True
5747,5747,2883,1,sty+tfidf+perp,3,1,0.9997754766961456,True
5748,5748,2884,0,sty+tfidf+perp,3,0,0.03476454795987137,True
5749,5749,2884,1,sty+tfidf+perp,3,1,0.9986583491537075,True
5750,5750,2885,0,sty+tfidf+perp,3,0,0.007917797225733055,True
5751,5751,2885,1,sty+tfidf+perp,3,1,0.9977840686414937,True
5752,5752,2886,0,sty+tfidf+perp,3,0,5.4218073566754856e-05,True
5753,5753,2886,1,sty+tfidf+perp,3,1,0.9991424927282884,True
5754,5754,2887,0,sty+tfidf+perp,3,0,0.010149975350382832,True
5755,5755,2887,1,sty+tfidf+perp,3,1,0.9997469775196381,True
5756,5756,2888,0,sty+tfidf+perp,3,0,0.0058759414215537546,True
5757,5757,2888,1,sty+tfidf+perp,3,1,0.9997942809785634,True
5758,5758,2889,0,sty+tfidf+perp,3,0,0.09792169390345576,True
5759,5759,2889,1,sty+tfidf+perp,3,1,0.9994802465364856,True
5760,5760,2890,0,sty+tfidf+perp,3,0,0.0006967553416182782,True
5761,5761,2890,1,sty+tfidf+perp,3,1,0.9991917865934965,True
5762,5762,2891,0,sty+tfidf+perp,3,0,0.001538550334685202,True
5763,5763,2891,1,sty+tfidf+perp,3,1,0.9998308039055077,True
5764,5764,2892,0,sty+tfidf+perp,3,0,0.00348460175950636,True
5765,5765,2892,1,sty+tfidf+perp,3,1,0.9995906914600792,True
5766,5766,2893,0,sty+tfidf+perp,3,0,0.002073301724544148,True
5767,5767,2893,1,sty+tfidf+perp,3,1,0.9964398190143272,True
5768,5768,2894,0,sty+tfidf+perp,3,0,0.008682065042348624,True
5769,5769,2894,1,sty+tfidf+perp,3,1,0.7687238103711624,True
5770,5770,2895,0,sty+tfidf+perp,3,0,0.003207197162800677,True
5771,5771,2895,1,sty+tfidf+perp,3,1,0.9989061689305774,True
5772,5772,2896,0,sty+tfidf+perp,3,0,0.02984432633892937,True
5773,5773,2896,1,sty+tfidf+perp,3,1,0.9822296990233531,True
5774,5774,2897,0,sty+tfidf+perp,3,0,0.004272063278295568,True
5775,5775,2897,1,sty+tfidf+perp,3,1,0.9954022325647084,True
5776,5776,2898,0,sty+tfidf+perp,3,0,0.004103150758305088,True
5777,5777,2898,1,sty+tfidf+perp,3,1,0.9997641722266928,True
5778,5778,2899,0,sty+tfidf+perp,3,0,0.008159600820131148,True
5779,5779,2899,1,sty+tfidf+perp,3,1,0.9988527509283154,True
5780,5780,2900,0,sty+tfidf+perp,3,0,0.058698658443890536,True
5781,5781,2900,1,sty+tfidf+perp,3,1,0.8764993607026148,True
5782,5782,2901,0,sty+tfidf+perp,3,0,0.00023343825382542423,True
5783,5783,2901,1,sty+tfidf+perp,3,1,0.9994880964793238,True
5784,5784,2902,0,sty+tfidf+perp,3,0,0.0015417551111887768,True
5785,5785,2902,1,sty+tfidf+perp,3,1,0.999848642110447,True
5786,5786,2903,0,sty+tfidf+perp,3,0,0.0008819075804006708,True
5787,5787,2903,1,sty+tfidf+perp,3,1,0.9683353690306781,True
5788,5788,2904,0,sty+tfidf+perp,3,0,0.0026318776778952004,True
5789,5789,2904,1,sty+tfidf+perp,3,1,0.8826739892091817,True
5790,5790,2905,0,sty+tfidf+perp,3,0,0.0012457157692795419,True
5791,5791,2905,1,sty+tfidf+perp,3,1,0.999400719181868,True
5792,5792,2906,0,sty+tfidf+perp,3,0,0.040607179092635295,True
5793,5793,2906,1,sty+tfidf+perp,3,1,0.9998438916052896,True
5794,5794,2907,0,sty+tfidf+perp,3,0,0.001111670387987684,True
5795,5795,2907,1,sty+tfidf+perp,3,1,0.9995621458627372,True
5796,5796,2908,0,sty+tfidf+perp,3,0,6.296627076538797e-05,True
5797,5797,2908,1,sty+tfidf+perp,3,1,0.9996585966124015,True
5798,5798,2909,0,sty+tfidf+perp,3,0,0.0002000809249947111,True
5799,5799,2909,1,sty+tfidf+perp,3,1,0.9994248332664595,True
5800,5800,2910,0,sty+tfidf+perp,3,0,0.003038039311297324,True
5801,5801,2910,1,sty+tfidf+perp,3,1,0.9990509169691508,True
5802,5802,2911,0,sty+tfidf+perp,3,0,0.0001483296762133564,True
5803,5803,2911,1,sty+tfidf+perp,3,1,0.9998852395456093,True
5804,5804,2912,0,sty+tfidf+perp,3,0,0.0036503747321681374,True
5805,5805,2912,1,sty+tfidf+perp,3,1,0.9998690114187311,True
5806,5806,2913,0,sty+tfidf+perp,3,0,8.092844236989303e-05,True
5807,5807,2913,1,sty+tfidf+perp,3,1,0.9992805860819981,True
5808,5808,2914,0,sty+tfidf+perp,3,0,0.0029483110535605183,True
5809,5809,2914,1,sty+tfidf+perp,3,1,0.9989272702992015,True
5810,5810,2915,0,sty+tfidf+perp,3,0,0.0010178122610901411,True
5811,5811,2915,1,sty+tfidf+perp,3,1,0.9993921707052649,True
5812,5812,2916,0,sty+tfidf+perp,3,0,0.0075082397319408325,True
5813,5813,2916,1,sty+tfidf+perp,3,1,0.9999072697405327,True
5814,5814,2917,0,sty+tfidf+perp,3,0,9.326132821140543e-05,True
5815,5815,2917,1,sty+tfidf+perp,3,1,0.9999023489937725,True
5816,5816,2918,0,sty+tfidf+perp,3,0,0.00032484028878308996,True
5817,5817,2918,1,sty+tfidf+perp,3,1,0.995581530120846,True
5818,5818,2919,0,sty+tfidf+perp,3,0,0.0001242142705458842,True
5819,5819,2919,1,sty+tfidf+perp,3,1,0.9927456839681913,True
5820,5820,2920,0,sty+tfidf+perp,3,0,0.002168734657824142,True
5821,5821,2920,1,sty+tfidf+perp,3,1,0.9995261405598148,True
5822,5822,2921,0,sty+tfidf+perp,3,0,0.0009407546464707541,True
5823,5823,2921,1,sty+tfidf+perp,3,1,0.9981399960383399,True
5824,5824,2922,0,sty+tfidf+perp,3,0,3.687115811448615e-05,True
5825,5825,2922,1,sty+tfidf+perp,3,1,0.9957138356814333,True
5826,5826,2923,0,sty+tfidf+perp,3,0,0.0006174336027426473,True
5827,5827,2923,1,sty+tfidf+perp,3,1,0.9998825725062194,True
5828,5828,2924,0,sty+tfidf+perp,3,0,0.00016871842680804764,True
5829,5829,2924,1,sty+tfidf+perp,3,1,0.9976866215136655,True
5830,5830,2925,0,sty+tfidf+perp,3,0,0.00010139123709844041,True
5831,5831,2925,1,sty+tfidf+perp,3,1,0.9461743775984701,True
5832,5832,2926,0,sty+tfidf+perp,3,0,0.00011585791374507182,True
5833,5833,2926,1,sty+tfidf+perp,3,1,0.9996014656040105,True
5834,5834,2927,0,sty+tfidf+perp,3,0,0.1516761721458261,True
5835,5835,2927,1,sty+tfidf+perp,3,1,0.9998370833150627,True
5836,5836,2928,0,sty+tfidf+perp,3,0,0.14918544190280292,True
5837,5837,2928,1,sty+tfidf+perp,3,1,0.9997156869653423,True
5838,5838,2929,0,sty+tfidf+perp,3,0,0.026224401139408826,True
5839,5839,2929,1,sty+tfidf+perp,3,1,0.999640256100742,True
5840,5840,2930,0,sty+tfidf+perp,3,0,0.002120369323319232,True
5841,5841,2930,1,sty+tfidf+perp,3,1,0.9998283148956126,True
5842,5842,2931,0,sty+tfidf+perp,3,0,0.06846772553701883,True
5843,5843,2931,1,sty+tfidf+perp,3,1,0.993877805662733,True
5844,5844,2932,0,sty+tfidf+perp,3,0,0.001234791035795661,True
5845,5845,2932,1,sty+tfidf+perp,3,1,0.9999012317599694,True
5846,5846,2933,0,sty+tfidf+perp,3,0,0.0002339226653065629,True
5847,5847,2933,1,sty+tfidf+perp,3,1,0.9994806021490994,True
5848,5848,2934,0,sty+tfidf+perp,3,0,0.004238678801762849,True
5849,5849,2934,1,sty+tfidf+perp,3,1,0.9988010009590966,True
5850,5850,2935,0,sty+tfidf+perp,3,0,0.05291793786899192,True
5851,5851,2935,1,sty+tfidf+perp,3,1,0.9988927127469994,True
5852,5852,2936,0,sty+tfidf+perp,3,0,0.0027209317651214872,True
5853,5853,2936,1,sty+tfidf+perp,3,1,0.9929543310843849,True
5854,5854,2937,0,sty+tfidf+perp,3,0,0.0010843967522607078,True
5855,5855,2937,1,sty+tfidf+perp,3,1,0.9521290682345728,True
5856,5856,2938,0,sty+tfidf+perp,3,0,0.0441188618965994,True
5857,5857,2938,1,sty+tfidf+perp,3,1,0.9990016035153242,True
5858,5858,2939,0,sty+tfidf+perp,3,0,0.004637454759178826,True
5859,5859,2939,1,sty+tfidf+perp,3,1,0.9992877804314163,True
5860,5860,2940,0,sty+tfidf+perp,3,0,0.0006285183920790449,True
5861,5861,2940,1,sty+tfidf+perp,3,1,0.9840836981467839,True
5862,5862,2941,0,sty+tfidf+perp,3,0,0.0001741079738132395,True
5863,5863,2941,1,sty+tfidf+perp,3,1,0.9982932977273024,True
5864,5864,2942,0,sty+tfidf+perp,3,0,0.02910953643009516,True
5865,5865,2942,1,sty+tfidf+perp,3,1,0.9983214191727809,True
5866,5866,2943,0,sty+tfidf+perp,3,0,0.009111470741765427,True
5867,5867,2943,1,sty+tfidf+perp,3,1,0.9990711328749247,True
5868,5868,2944,0,sty+tfidf+perp,3,0,0.08621696497975394,True
5869,5869,2944,1,sty+tfidf+perp,3,1,0.8345066961485499,True
5870,5870,2945,0,sty+tfidf+perp,3,1,0.5672683928567419,False
5871,5871,2945,1,sty+tfidf+perp,3,1,0.999864743774251,True
5872,5872,2946,0,sty+tfidf+perp,3,0,0.004848422455815375,True
5873,5873,2946,1,sty+tfidf+perp,3,1,0.9999287346691115,True
5874,5874,2947,0,sty+tfidf+perp,3,0,0.00012397935651657703,True
5875,5875,2947,1,sty+tfidf+perp,3,1,0.9956153009699144,True
5876,5876,2948,0,sty+tfidf+perp,3,0,0.00024920941037601634,True
5877,5877,2948,1,sty+tfidf+perp,3,1,0.9934713727024896,True
5878,5878,2949,0,sty+tfidf+perp,3,0,7.637787767857923e-05,True
5879,5879,2949,1,sty+tfidf+perp,3,1,0.9899765613707914,True
5880,5880,2950,0,sty+tfidf+perp,3,0,0.10895971894624194,True
5881,5881,2950,1,sty+tfidf+perp,3,1,0.9998580075948302,True
5882,5882,2951,0,sty+tfidf+perp,3,0,3.929242912854564e-05,True
5883,5883,2951,1,sty+tfidf+perp,3,1,0.9934048712837349,True
5884,5884,2952,0,sty+tfidf+perp,3,0,0.00011989447463467834,True
5885,5885,2952,1,sty+tfidf+perp,3,1,0.9994754043637828,True
5886,5886,2953,0,sty+tfidf+perp,3,0,0.03697298540213446,True
5887,5887,2953,1,sty+tfidf+perp,3,1,0.9996583404181967,True
5888,5888,2954,0,sty+tfidf+perp,3,0,0.01466490217981929,True
5889,5889,2954,1,sty+tfidf+perp,3,1,0.9994250718279776,True
5890,5890,2955,0,sty+tfidf+perp,3,0,0.03998052506793027,True
5891,5891,2955,1,sty+tfidf+perp,3,1,0.9992068186585311,True
5892,5892,2956,0,sty+tfidf+perp,3,0,0.00025464252954952095,True
5893,5893,2956,1,sty+tfidf+perp,3,1,0.9994979556563257,True
5894,5894,2957,0,sty+tfidf+perp,3,0,0.033305205068266806,True
5895,5895,2957,1,sty+tfidf+perp,3,1,0.9993453461620381,True
5896,5896,2958,0,sty+tfidf+perp,3,0,0.00033275671128816674,True
5897,5897,2958,1,sty+tfidf+perp,3,1,0.9995549705590929,True
5898,5898,2959,0,sty+tfidf+perp,3,0,0.0009825073533749062,True
5899,5899,2959,1,sty+tfidf+perp,3,1,0.9988327314259128,True
5900,5900,2960,0,sty+tfidf+perp,3,0,0.00010307432023439529,True
5901,5901,2960,1,sty+tfidf+perp,3,1,0.9984433081028943,True
5902,5902,2961,0,sty+tfidf+perp,3,0,0.0017780258628117003,True
5903,5903,2961,1,sty+tfidf+perp,3,1,0.947771775681597,True
5904,5904,2962,0,sty+tfidf+perp,3,0,0.08501248802954224,True
5905,5905,2962,1,sty+tfidf+perp,3,1,0.9894702163700324,True
5906,5906,2963,0,sty+tfidf+perp,3,0,0.0006995687847253666,True
5907,5907,2963,1,sty+tfidf+perp,3,1,0.9996801407915205,True
5908,5908,2964,0,sty+tfidf+perp,3,0,0.001234174164572952,True
5909,5909,2964,1,sty+tfidf+perp,3,1,0.9890834925690426,True
5910,5910,2965,0,sty+tfidf+perp,3,0,0.0005545624473224001,True
5911,5911,2965,1,sty+tfidf+perp,3,1,0.9986068124534299,True
5912,5912,2966,0,sty+tfidf+perp,3,0,0.0006928805455121625,True
5913,5913,2966,1,sty+tfidf+perp,3,1,0.9968714932573328,True
5914,5914,2967,0,sty+tfidf+perp,3,0,0.003773481049176355,True
5915,5915,2967,1,sty+tfidf+perp,3,1,0.9856926625193885,True
5916,5916,2968,0,sty+tfidf+perp,3,0,0.003917401654309587,True
5917,5917,2968,1,sty+tfidf+perp,3,1,0.9916745270659909,True
5918,5918,2969,0,sty+tfidf+perp,3,0,0.02567735177316637,True
5919,5919,2969,1,sty+tfidf+perp,3,1,0.9945428333648866,True
5920,5920,2970,0,sty+tfidf+perp,3,0,5.352920736594817e-05,True
5921,5921,2970,1,sty+tfidf+perp,3,1,0.9998262760399673,True
5922,5922,2971,0,sty+tfidf+perp,3,0,0.003965821450982947,True
5923,5923,2971,1,sty+tfidf+perp,3,1,0.9980167311373637,True
5924,5924,2972,0,sty+tfidf+perp,3,0,0.004967828899455973,True
5925,5925,2972,1,sty+tfidf+perp,3,1,0.9912604433565207,True
5926,5926,2973,1,sty+tfidf+perp,3,1,0.9992267098569387,True
5927,5927,2974,0,sty+tfidf+perp,3,0,9.332373430328162e-05,True
5928,5928,2974,1,sty+tfidf+perp,3,0,0.034909175903289104,False
5929,5929,2975,0,sty+tfidf+perp,3,0,0.0005558095162991534,True
5930,5930,2975,1,sty+tfidf+perp,3,1,0.9879620715127235,True
5931,5931,2976,0,sty+tfidf+perp,3,0,0.0005718497307859119,True
5932,5932,2976,1,sty+tfidf+perp,3,1,0.9989779742318982,True
5933,5933,2977,0,sty+tfidf+perp,3,0,0.0039598113275863284,True
5934,5934,2977,1,sty+tfidf+perp,3,1,0.9988788592684794,True
5935,5935,2978,0,sty+tfidf+perp,3,0,0.02032368008428928,True
5936,5936,2978,1,sty+tfidf+perp,3,1,0.9994676753252772,True
5937,5937,2979,0,sty+tfidf+perp,3,0,2.390306813053051e-05,True
5938,5938,2979,1,sty+tfidf+perp,3,1,0.9987991146327665,True
5939,5939,2980,0,sty+tfidf+perp,3,0,0.0009373672891509515,True
5940,5940,2980,1,sty+tfidf+perp,3,1,0.9997144754251845,True
5941,5941,2981,0,sty+tfidf+perp,3,0,0.00011668453297360942,True
5942,5942,2981,1,sty+tfidf+perp,3,1,0.9976236445814423,True
5943,5943,2982,0,sty+tfidf+perp,3,0,0.0011711903510647364,True
5944,5944,2982,1,sty+tfidf+perp,3,1,0.9940425675026674,True
5945,5945,2983,0,sty+tfidf+perp,3,0,0.03183746381010701,True
5946,5946,2983,1,sty+tfidf+perp,3,1,0.9994872916043491,True
5947,5947,2984,0,sty+tfidf+perp,3,0,3.669134664249906e-05,True
5948,5948,2984,1,sty+tfidf+perp,3,1,0.9989380817025291,True
5949,5949,2985,0,sty+tfidf+perp,3,0,0.00022515501085875828,True
5950,5950,2985,1,sty+tfidf+perp,3,1,0.9985404833888114,True
5951,5951,2986,0,sty+tfidf+perp,3,0,0.002713266053763585,True
5952,5952,2986,1,sty+tfidf+perp,3,1,0.9996757984311623,True
5953,5953,2987,0,sty+tfidf+perp,3,0,0.0002686599347635746,True
5954,5954,2987,1,sty+tfidf+perp,3,1,0.9933303797328741,True
5955,5955,2988,0,sty+tfidf+perp,3,0,0.0049684120183695925,True
5956,5956,2988,1,sty+tfidf+perp,3,1,0.9991752996230847,True
5957,5957,2989,0,sty+tfidf+perp,3,0,0.008377209856988525,True
5958,5958,2989,1,sty+tfidf+perp,3,1,0.9999539220020621,True
5959,5959,2990,0,sty+tfidf+perp,3,0,0.0008529219522406899,True
5960,5960,2990,1,sty+tfidf+perp,3,1,0.997092111487441,True
5961,5961,2991,0,sty+tfidf+perp,3,0,0.4995524404647009,True
5962,5962,2991,1,sty+tfidf+perp,3,1,0.9996265940133499,True
5963,5963,2992,0,sty+tfidf+perp,3,0,0.027671661292039167,True
5964,5964,2992,1,sty+tfidf+perp,3,1,0.9999215366313381,True
5965,5965,2993,0,sty+tfidf+perp,3,0,5.117853662092537e-05,True
5966,5966,2993,1,sty+tfidf+perp,3,1,0.9958611660993365,True
5967,5967,2994,0,sty+tfidf+perp,3,0,0.011880441151228757,True
5968,5968,2994,1,sty+tfidf+perp,3,1,0.9998546911855558,True
5969,5969,2995,0,sty+tfidf+perp,3,0,0.0007786570011157003,True
5970,5970,2995,1,sty+tfidf+perp,3,1,0.9998315514179338,True
5971,5971,2996,0,sty+tfidf+perp,3,0,0.16861720741260647,True
5972,5972,2996,1,sty+tfidf+perp,3,1,0.9994189844876931,True
5973,5973,2997,0,sty+tfidf+perp,3,0,0.0007337683175773192,True
5974,5974,2997,1,sty+tfidf+perp,3,1,0.9998835578148713,True
5975,5975,2998,0,sty+tfidf+perp,3,0,0.001339737372372087,True
5976,5976,2998,1,sty+tfidf+perp,3,1,0.9929379855606526,True
5977,5977,2999,0,sty+tfidf+perp,3,0,0.05431261056744845,True
5978,5978,2999,1,sty+tfidf+perp,3,1,0.9973732464568444,True
