row_index,doc_id,source_id,label_aktual,kombinasi,n_fitur,prediksi,probabilitas_AI,benar
0,0,0,0,tfidf+perp,2,0,0.033283998061442076,True
1,1,0,1,tfidf+perp,2,1,0.9976344938820071,True
2,2,1,0,tfidf+perp,2,0,0.0003535014001062338,True
3,3,1,1,tfidf+perp,2,1,0.9923371266065313,True
4,4,2,0,tfidf+perp,2,0,0.02542748819104071,True
5,5,2,1,tfidf+perp,2,1,0.5351272200471558,True
6,6,3,0,tfidf+perp,2,0,0.006380390595834661,True
7,7,3,1,tfidf+perp,2,1,0.9979474638019697,True
8,8,4,0,tfidf+perp,2,0,0.017221823347228635,True
9,9,4,1,tfidf+perp,2,1,0.9845076846921196,True
10,10,5,0,tfidf+perp,2,0,0.0023950873776504324,True
11,11,5,1,tfidf+perp,2,1,0.9058382182706045,True
12,12,6,0,tfidf+perp,2,0,0.000513651218753062,True
13,13,6,1,tfidf+perp,2,1,0.9932632471411048,True
14,14,7,0,tfidf+perp,2,0,0.000624032296872078,True
15,15,7,1,tfidf+perp,2,1,0.977639778357906,True
16,16,8,0,tfidf+perp,2,0,0.022371088938457025,True
17,17,8,1,tfidf+perp,2,1,0.9991570910533049,True
18,18,9,0,tfidf+perp,2,0,0.3361990580227182,True
19,19,9,1,tfidf+perp,2,1,0.9819449715336059,True
20,20,10,0,tfidf+perp,2,0,0.015420204428086837,True
21,21,10,1,tfidf+perp,2,1,0.9470964300937641,True
22,22,11,0,tfidf+perp,2,0,0.002052036018470787,True
23,23,11,1,tfidf+perp,2,1,0.9536615511231398,True
24,24,12,0,tfidf+perp,2,0,0.02412803346096938,True
25,25,12,1,tfidf+perp,2,1,0.8155720175613558,True
26,26,13,0,tfidf+perp,2,0,0.05806870957496416,True
27,27,13,1,tfidf+perp,2,1,0.9956515730508566,True
28,28,14,0,tfidf+perp,2,0,0.0009700773039237502,True
29,29,14,1,tfidf+perp,2,1,0.9839847970414042,True
30,30,15,0,tfidf+perp,2,0,0.0023858340818739545,True
31,31,15,1,tfidf+perp,2,1,0.993026761629998,True
32,32,16,0,tfidf+perp,2,0,0.31491789870520565,True
33,33,16,1,tfidf+perp,2,1,0.9993235454665249,True
34,34,17,0,tfidf+perp,2,0,0.0032264519980972567,True
35,35,17,1,tfidf+perp,2,1,0.9984653721114773,True
36,36,18,0,tfidf+perp,2,0,0.00917215071673395,True
37,37,18,1,tfidf+perp,2,1,0.9697138473142788,True
38,38,19,0,tfidf+perp,2,0,0.009630602717057186,True
39,39,19,1,tfidf+perp,2,1,0.9897198629779849,True
40,40,20,0,tfidf+perp,2,0,0.0009193143835135095,True
41,41,20,1,tfidf+perp,2,1,0.9788980714260447,True
42,42,21,0,tfidf+perp,2,0,0.06379814164996854,True
43,43,21,1,tfidf+perp,2,1,0.9272772178470284,True
44,44,22,0,tfidf+perp,2,0,0.010783495198394161,True
45,45,22,1,tfidf+perp,2,1,0.9990764423526464,True
46,46,23,0,tfidf+perp,2,0,0.00029641393656744766,True
47,47,23,1,tfidf+perp,2,1,0.9969356197066241,True
48,48,24,0,tfidf+perp,2,0,0.08211396572923035,True
49,49,24,1,tfidf+perp,2,1,0.9911437536616412,True
50,50,25,0,tfidf+perp,2,0,0.0016329706355779133,True
51,51,25,1,tfidf+perp,2,1,0.9674405659135059,True
52,52,26,0,tfidf+perp,2,0,0.02129569184036636,True
53,53,26,1,tfidf+perp,2,1,0.9638519749325747,True
54,54,27,0,tfidf+perp,2,0,0.000976973815092519,True
55,55,27,1,tfidf+perp,2,1,0.9791770722539944,True
56,56,28,0,tfidf+perp,2,1,0.9480513972634206,False
57,57,28,1,tfidf+perp,2,1,0.9975214638640775,True
58,58,29,0,tfidf+perp,2,0,0.00373418946935901,True
59,59,29,1,tfidf+perp,2,1,0.9989736151710285,True
60,60,30,0,tfidf+perp,2,0,0.0015856660119279444,True
61,61,30,1,tfidf+perp,2,1,0.9987305186714271,True
62,62,31,0,tfidf+perp,2,0,0.0026037851414415013,True
63,63,31,1,tfidf+perp,2,1,0.5354908904686452,True
64,64,32,0,tfidf+perp,2,0,0.021470525715116658,True
65,65,32,1,tfidf+perp,2,0,0.009605405150372288,False
66,66,33,0,tfidf+perp,2,0,0.012295430348100942,True
67,67,33,1,tfidf+perp,2,1,0.9990500649094988,True
68,68,34,0,tfidf+perp,2,0,0.007181729028147244,True
69,69,34,1,tfidf+perp,2,1,0.9146410651383959,True
70,70,35,0,tfidf+perp,2,0,0.06706757215506132,True
71,71,35,1,tfidf+perp,2,1,0.9417251327077724,True
72,72,36,0,tfidf+perp,2,0,0.0006237537215263455,True
73,73,36,1,tfidf+perp,2,1,0.9375119767217897,True
74,74,37,0,tfidf+perp,2,0,0.0006262689246421326,True
75,75,37,1,tfidf+perp,2,1,0.9961458347382511,True
76,76,38,0,tfidf+perp,2,0,0.03779342300111713,True
77,77,38,1,tfidf+perp,2,1,0.9983305616319795,True
78,78,39,0,tfidf+perp,2,0,0.003632780994896492,True
79,79,39,1,tfidf+perp,2,1,0.9748436351688452,True
80,80,40,0,tfidf+perp,2,0,0.43267612607235767,True
81,81,40,1,tfidf+perp,2,1,0.9986725389098378,True
82,82,41,0,tfidf+perp,2,0,0.0014980954884155238,True
83,83,41,1,tfidf+perp,2,1,0.9258381152984062,True
84,84,42,0,tfidf+perp,2,0,0.0052179503976703765,True
85,85,42,1,tfidf+perp,2,1,0.9858417290212999,True
86,86,43,0,tfidf+perp,2,0,0.011332984450408524,True
87,87,43,1,tfidf+perp,2,1,0.9950697244839506,True
88,88,44,0,tfidf+perp,2,0,0.01474531885624039,True
89,89,44,1,tfidf+perp,2,1,0.5666581493599034,True
90,90,45,0,tfidf+perp,2,0,0.0034782226933484255,True
91,91,45,1,tfidf+perp,2,0,0.2897839147967163,False
92,92,46,0,tfidf+perp,2,0,0.006616468253731885,True
93,93,46,1,tfidf+perp,2,1,0.9991434825607478,True
94,94,47,0,tfidf+perp,2,0,0.01243624354500327,True
95,95,47,1,tfidf+perp,2,1,0.9988113880998598,True
96,96,48,0,tfidf+perp,2,0,0.03176606797342078,True
97,97,48,1,tfidf+perp,2,1,0.9194468583565547,True
98,98,49,0,tfidf+perp,2,0,0.01739380701006942,True
99,99,49,1,tfidf+perp,2,1,0.9665075243655195,True
100,100,50,0,tfidf+perp,2,0,0.024440794662782067,True
101,101,50,1,tfidf+perp,2,1,0.9920275737845565,True
102,102,51,0,tfidf+perp,2,0,0.044334329078128745,True
103,103,51,1,tfidf+perp,2,1,0.9995808027575397,True
104,104,52,0,tfidf+perp,2,0,0.0022991473664160647,True
105,105,52,1,tfidf+perp,2,1,0.99611025053305,True
106,106,53,0,tfidf+perp,2,0,0.031663537838612504,True
107,107,53,1,tfidf+perp,2,1,0.9772128576514427,True
108,108,54,0,tfidf+perp,2,0,0.19360920314037056,True
109,109,54,1,tfidf+perp,2,1,0.9196065435816874,True
110,110,55,0,tfidf+perp,2,1,0.77706704216941,False
111,111,55,1,tfidf+perp,2,1,0.9753285037288061,True
112,112,56,0,tfidf+perp,2,0,0.004544581995738404,True
113,113,56,1,tfidf+perp,2,1,0.9987714928564229,True
114,114,57,0,tfidf+perp,2,0,0.00493308950319906,True
115,115,57,1,tfidf+perp,2,1,0.992368567584382,True
116,116,58,0,tfidf+perp,2,0,0.0035754800268047076,True
117,117,58,1,tfidf+perp,2,1,0.9850623516681052,True
118,118,59,0,tfidf+perp,2,0,0.001220449486330409,True
119,119,59,1,tfidf+perp,2,1,0.9994759138858235,True
120,120,60,0,tfidf+perp,2,0,0.007124909006457503,True
121,121,60,1,tfidf+perp,2,1,0.9777211785729807,True
122,122,61,0,tfidf+perp,2,0,0.003957142479898613,True
123,123,61,1,tfidf+perp,2,1,0.9720736026889389,True
124,124,62,0,tfidf+perp,2,0,0.03347346493186668,True
125,125,62,1,tfidf+perp,2,1,0.8772427962179882,True
126,126,63,0,tfidf+perp,2,0,0.006856087501073939,True
127,127,63,1,tfidf+perp,2,1,0.9503435700946555,True
128,128,64,0,tfidf+perp,2,0,0.012091910165453894,True
129,129,64,1,tfidf+perp,2,1,0.7919892849257383,True
130,130,65,0,tfidf+perp,2,1,0.84537691632196,False
131,131,65,1,tfidf+perp,2,1,0.9824810406213529,True
132,132,66,0,tfidf+perp,2,0,0.012057318473366689,True
133,133,66,1,tfidf+perp,2,1,0.9400799133747292,True
134,134,67,0,tfidf+perp,2,0,0.05426572413948318,True
135,135,67,1,tfidf+perp,2,1,0.9963672826577871,True
136,136,68,0,tfidf+perp,2,1,0.6919073951615013,False
137,137,68,1,tfidf+perp,2,1,0.9897319141731629,True
138,138,69,0,tfidf+perp,2,0,0.031198170404702935,True
139,139,69,1,tfidf+perp,2,1,0.9947145120674616,True
140,140,70,0,tfidf+perp,2,0,0.03606179396790746,True
141,141,70,1,tfidf+perp,2,1,0.9172311534867766,True
142,142,71,0,tfidf+perp,2,0,0.0005856586592345585,True
143,143,71,1,tfidf+perp,2,1,0.9997229046302986,True
144,144,72,0,tfidf+perp,2,0,0.07719152930468724,True
145,145,72,1,tfidf+perp,2,1,0.9930458794281504,True
146,146,73,1,tfidf+perp,2,1,0.998376798624845,True
147,147,74,0,tfidf+perp,2,0,0.000380690142447379,True
148,148,74,1,tfidf+perp,2,1,0.9977725405340575,True
149,149,75,0,tfidf+perp,2,0,0.02798153211890003,True
150,150,75,1,tfidf+perp,2,1,0.9973671173776077,True
151,151,76,0,tfidf+perp,2,0,0.01472397263516003,True
152,152,76,1,tfidf+perp,2,1,0.9947389606876842,True
153,153,77,0,tfidf+perp,2,0,0.007529968728003346,True
154,154,77,1,tfidf+perp,2,1,0.99290921713827,True
155,155,78,0,tfidf+perp,2,0,0.21462641492637247,True
156,156,78,1,tfidf+perp,2,0,0.14665504566827242,False
157,157,79,0,tfidf+perp,2,1,0.5043754653756147,False
158,158,79,1,tfidf+perp,2,1,0.5925091002746719,True
159,159,80,0,tfidf+perp,2,0,0.023803492693793935,True
160,160,80,1,tfidf+perp,2,1,0.9605105192706062,True
161,161,81,0,tfidf+perp,2,0,0.007077583398553612,True
162,162,81,1,tfidf+perp,2,1,0.9993355680600936,True
163,163,82,0,tfidf+perp,2,0,0.0017677184074483604,True
164,164,82,1,tfidf+perp,2,1,0.9874841184571576,True
165,165,83,0,tfidf+perp,2,0,0.0002933720119605119,True
166,166,83,1,tfidf+perp,2,1,0.7810681338801561,True
167,167,84,0,tfidf+perp,2,0,0.0006592540964450185,True
168,168,84,1,tfidf+perp,2,1,0.9929104630877057,True
169,169,85,0,tfidf+perp,2,0,0.007906770430996775,True
170,170,85,1,tfidf+perp,2,1,0.982971599597668,True
171,171,86,0,tfidf+perp,2,1,0.5940572542715368,False
172,172,86,1,tfidf+perp,2,1,0.9993824229885097,True
173,173,87,0,tfidf+perp,2,0,0.0026265104586134214,True
174,174,87,1,tfidf+perp,2,1,0.9965145174580667,True
175,175,88,0,tfidf+perp,2,0,0.10928173263012934,True
176,176,88,1,tfidf+perp,2,1,0.7106741794787653,True
177,177,89,0,tfidf+perp,2,0,0.0020625657331070067,True
178,178,89,1,tfidf+perp,2,1,0.9635402086013887,True
179,179,90,0,tfidf+perp,2,0,0.058005090900311515,True
180,180,90,1,tfidf+perp,2,1,0.5980080714498933,True
181,181,91,0,tfidf+perp,2,0,0.30844600695695,True
182,182,91,1,tfidf+perp,2,1,0.9995586870636399,True
183,183,92,0,tfidf+perp,2,0,0.20116981932583405,True
184,184,92,1,tfidf+perp,2,1,0.9970875859803426,True
185,185,93,0,tfidf+perp,2,0,0.005617312631955444,True
186,186,93,1,tfidf+perp,2,1,0.9990469315119744,True
187,187,94,0,tfidf+perp,2,0,0.06055704733536753,True
188,188,94,1,tfidf+perp,2,1,0.9697096698767597,True
189,189,95,0,tfidf+perp,2,0,0.0058261536430865455,True
190,190,95,1,tfidf+perp,2,1,0.9568671158294302,True
191,191,96,0,tfidf+perp,2,0,0.0047072856056486366,True
192,192,96,1,tfidf+perp,2,1,0.9635614635561254,True
193,193,97,0,tfidf+perp,2,0,0.039571555859210926,True
194,194,97,1,tfidf+perp,2,1,0.9810194911138735,True
195,195,98,0,tfidf+perp,2,0,0.0007091759198748068,True
196,196,98,1,tfidf+perp,2,1,0.9708860429397793,True
197,197,99,0,tfidf+perp,2,0,0.0008090217654514112,True
198,198,99,1,tfidf+perp,2,1,0.9918195114687834,True
199,199,100,0,tfidf+perp,2,0,0.00030628741417872027,True
200,200,100,1,tfidf+perp,2,1,0.9945735361312541,True
201,201,101,0,tfidf+perp,2,0,0.00607842197914298,True
202,202,101,1,tfidf+perp,2,1,0.9851009630490747,True
203,203,102,0,tfidf+perp,2,0,0.0026961490752288523,True
204,204,102,1,tfidf+perp,2,1,0.9924471680023946,True
205,205,103,0,tfidf+perp,2,0,0.019886424243524135,True
206,206,103,1,tfidf+perp,2,1,0.9897676165497574,True
207,207,104,0,tfidf+perp,2,0,0.0031004572091456787,True
208,208,104,1,tfidf+perp,2,1,0.9704269375719659,True
209,209,105,0,tfidf+perp,2,0,0.020581041159410007,True
210,210,105,1,tfidf+perp,2,1,0.9990974102042222,True
211,211,106,0,tfidf+perp,2,0,0.025018638852467197,True
212,212,106,1,tfidf+perp,2,1,0.8559049317925345,True
213,213,107,0,tfidf+perp,2,0,0.02185968757246854,True
214,214,107,1,tfidf+perp,2,1,0.9842896560488184,True
215,215,108,0,tfidf+perp,2,0,0.0015074564722494526,True
216,216,108,1,tfidf+perp,2,1,0.9961945442517243,True
217,217,109,0,tfidf+perp,2,0,0.0031640326445452477,True
218,218,109,1,tfidf+perp,2,0,0.02666180792058611,False
219,219,110,0,tfidf+perp,2,0,0.008960543685624833,True
220,220,110,1,tfidf+perp,2,1,0.9944036540964004,True
221,221,111,0,tfidf+perp,2,0,0.015255355733960306,True
222,222,111,1,tfidf+perp,2,1,0.9897090651882827,True
223,223,112,0,tfidf+perp,2,0,0.00046880675422033733,True
224,224,112,1,tfidf+perp,2,1,0.9997140113746905,True
225,225,113,0,tfidf+perp,2,0,0.0028416820372798007,True
226,226,113,1,tfidf+perp,2,1,0.9348683054112344,True
227,227,114,0,tfidf+perp,2,0,0.0017098704332217112,True
228,228,114,1,tfidf+perp,2,1,0.9501854472875666,True
229,229,115,0,tfidf+perp,2,0,0.0027559419485706092,True
230,230,115,1,tfidf+perp,2,1,0.6636278190923364,True
231,231,116,0,tfidf+perp,2,0,0.006369011234142764,True
232,232,116,1,tfidf+perp,2,1,0.9929560815433742,True
233,233,117,0,tfidf+perp,2,0,0.005140800228808425,True
234,234,117,1,tfidf+perp,2,1,0.9900841521795252,True
235,235,118,0,tfidf+perp,2,0,0.1760816589860405,True
236,236,118,1,tfidf+perp,2,1,0.999198063248195,True
237,237,119,0,tfidf+perp,2,0,0.0002713375792978684,True
238,238,119,1,tfidf+perp,2,1,0.8995999797035324,True
239,239,120,0,tfidf+perp,2,0,0.3648610034628292,True
240,240,120,1,tfidf+perp,2,1,0.9906402418324937,True
241,241,121,0,tfidf+perp,2,0,0.0038565652082671585,True
242,242,121,1,tfidf+perp,2,1,0.9991697390730473,True
243,243,122,0,tfidf+perp,2,1,0.5513946551114793,False
244,244,122,1,tfidf+perp,2,1,0.999124125115433,True
245,245,123,0,tfidf+perp,2,0,0.06401976513842465,True
246,246,123,1,tfidf+perp,2,1,0.9928907863189619,True
247,247,124,0,tfidf+perp,2,0,0.007875806567494833,True
248,248,124,1,tfidf+perp,2,1,0.9978362352678052,True
249,249,125,0,tfidf+perp,2,0,0.05576030924911394,True
250,250,125,1,tfidf+perp,2,1,0.799113337764416,True
251,251,126,0,tfidf+perp,2,0,0.0002667512125466804,True
252,252,126,1,tfidf+perp,2,1,0.9984315300807302,True
253,253,127,0,tfidf+perp,2,0,0.0007663447414392174,True
254,254,127,1,tfidf+perp,2,1,0.9983202872478227,True
255,255,128,0,tfidf+perp,2,0,0.05300626591752989,True
256,256,128,1,tfidf+perp,2,1,0.6679723576028241,True
257,257,129,0,tfidf+perp,2,0,0.0006541779025195883,True
258,258,129,1,tfidf+perp,2,1,0.8912202002697055,True
259,259,130,0,tfidf+perp,2,0,0.0011316461030114987,True
260,260,130,1,tfidf+perp,2,1,0.9422302308674253,True
261,261,131,0,tfidf+perp,2,0,0.00014322994787203556,True
262,262,131,1,tfidf+perp,2,1,0.9618050693486775,True
263,263,132,0,tfidf+perp,2,0,0.005275315520761354,True
264,264,132,1,tfidf+perp,2,1,0.9930647482508651,True
265,265,133,0,tfidf+perp,2,0,0.0007657460757524615,True
266,266,133,1,tfidf+perp,2,1,0.99358583616311,True
267,267,134,0,tfidf+perp,2,0,0.02070755749179783,True
268,268,134,1,tfidf+perp,2,0,0.31175917448178825,False
269,269,135,0,tfidf+perp,2,0,0.1433506326009445,True
270,270,135,1,tfidf+perp,2,1,0.9934087933626029,True
271,271,136,0,tfidf+perp,2,0,0.011945053413199522,True
272,272,136,1,tfidf+perp,2,1,0.9622220169181096,True
273,273,137,0,tfidf+perp,2,0,0.0032216143322972594,True
274,274,137,1,tfidf+perp,2,1,0.9993979769519072,True
275,275,138,0,tfidf+perp,2,1,0.7772491328299378,False
276,276,138,1,tfidf+perp,2,1,0.998821454128652,True
277,277,139,0,tfidf+perp,2,0,0.0030933359973066236,True
278,278,139,1,tfidf+perp,2,1,0.9148357256829366,True
279,279,140,0,tfidf+perp,2,0,0.011326410416557558,True
280,280,140,1,tfidf+perp,2,1,0.8825840277545499,True
281,281,141,0,tfidf+perp,2,0,0.02077620744433287,True
282,282,141,1,tfidf+perp,2,1,0.995126117187266,True
283,283,142,0,tfidf+perp,2,0,0.04724416849302465,True
284,284,142,1,tfidf+perp,2,1,0.9990847178396927,True
285,285,143,0,tfidf+perp,2,0,0.0004350381401261397,True
286,286,143,1,tfidf+perp,2,1,0.9956767384241593,True
287,287,144,0,tfidf+perp,2,0,0.0004531156432167213,True
288,288,144,1,tfidf+perp,2,1,0.9931493493045822,True
289,289,145,0,tfidf+perp,2,0,0.18937964813828273,True
290,290,145,1,tfidf+perp,2,1,0.9852549834013747,True
291,291,146,0,tfidf+perp,2,1,0.7544363791578274,False
292,292,146,1,tfidf+perp,2,1,0.9767789330828787,True
293,293,147,0,tfidf+perp,2,1,0.8649401476006782,False
294,294,147,1,tfidf+perp,2,1,0.9913309919175409,True
295,295,148,0,tfidf+perp,2,0,0.0005776914909999837,True
296,296,148,1,tfidf+perp,2,1,0.9818922341650492,True
297,297,149,0,tfidf+perp,2,0,0.07729493539486204,True
298,298,149,1,tfidf+perp,2,1,0.9990181242435967,True
299,299,150,0,tfidf+perp,2,0,0.0061064639427840075,True
300,300,150,1,tfidf+perp,2,1,0.9967759273365967,True
301,301,151,0,tfidf+perp,2,0,0.010605177689325448,True
302,302,151,1,tfidf+perp,2,1,0.9761522888791151,True
303,303,152,0,tfidf+perp,2,0,0.006817319256572638,True
304,304,152,1,tfidf+perp,2,1,0.9956186564474401,True
305,305,153,0,tfidf+perp,2,0,0.0016585077826341396,True
306,306,153,1,tfidf+perp,2,1,0.9842403818788352,True
307,307,154,0,tfidf+perp,2,0,0.004686304813476809,True
308,308,154,1,tfidf+perp,2,1,0.9925793854635452,True
309,309,155,0,tfidf+perp,2,0,0.04803478887424405,True
310,310,155,1,tfidf+perp,2,1,0.9844123596999694,True
311,311,156,0,tfidf+perp,2,0,0.0010875553700395708,True
312,312,156,1,tfidf+perp,2,1,0.9997349133603092,True
313,313,157,0,tfidf+perp,2,0,0.001618328565639772,True
314,314,157,1,tfidf+perp,2,1,0.8815451905323073,True
315,315,158,0,tfidf+perp,2,0,0.0003837785191699241,True
316,316,158,1,tfidf+perp,2,1,0.9389925422191643,True
317,317,159,0,tfidf+perp,2,0,0.000961216734476245,True
318,318,159,1,tfidf+perp,2,1,0.9993179527866136,True
319,319,160,0,tfidf+perp,2,0,0.006305042723611115,True
320,320,160,1,tfidf+perp,2,1,0.5961495328556452,True
321,321,161,0,tfidf+perp,2,0,0.0007117852895465812,True
322,322,161,1,tfidf+perp,2,1,0.9971629096335594,True
323,323,162,0,tfidf+perp,2,0,0.016964249433965715,True
324,324,162,1,tfidf+perp,2,1,0.997164753852411,True
325,325,163,0,tfidf+perp,2,0,0.009921339697508254,True
326,326,163,1,tfidf+perp,2,1,0.9962956253490718,True
327,327,164,0,tfidf+perp,2,0,0.0012745533995346457,True
328,328,164,1,tfidf+perp,2,1,0.878120498988877,True
329,329,165,0,tfidf+perp,2,0,0.2878485151365839,True
330,330,165,1,tfidf+perp,2,1,0.9981526929906699,True
331,331,166,0,tfidf+perp,2,0,0.013828718958831223,True
332,332,166,1,tfidf+perp,2,1,0.9483964474512514,True
333,333,167,0,tfidf+perp,2,0,0.029904064553822204,True
334,334,167,1,tfidf+perp,2,1,0.7461111141656352,True
335,335,168,0,tfidf+perp,2,0,0.025067523403348838,True
336,336,168,1,tfidf+perp,2,1,0.9966595198160741,True
337,337,169,0,tfidf+perp,2,0,0.002309755131370335,True
338,338,169,1,tfidf+perp,2,1,0.9871466808794603,True
339,339,170,0,tfidf+perp,2,0,0.00046770784127802043,True
340,340,170,1,tfidf+perp,2,1,0.9924264983348728,True
341,341,171,0,tfidf+perp,2,0,0.0029990827262107705,True
342,342,171,1,tfidf+perp,2,1,0.966947780360352,True
343,343,172,0,tfidf+perp,2,0,0.06608440451547705,True
344,344,172,1,tfidf+perp,2,1,0.9887422244091278,True
345,345,173,0,tfidf+perp,2,0,0.02036438959438441,True
346,346,173,1,tfidf+perp,2,1,0.9984411238711453,True
347,347,174,0,tfidf+perp,2,0,0.008979156340016486,True
348,348,174,1,tfidf+perp,2,1,0.996470492240957,True
349,349,175,0,tfidf+perp,2,0,0.09116226880940581,True
350,350,175,1,tfidf+perp,2,1,0.9966817821426917,True
351,351,176,0,tfidf+perp,2,0,0.012250940526875047,True
352,352,176,1,tfidf+perp,2,1,0.9993706098024118,True
353,353,177,0,tfidf+perp,2,0,0.05031754192350697,True
354,354,177,1,tfidf+perp,2,1,0.9292034612613475,True
355,355,178,0,tfidf+perp,2,0,0.002323148321224752,True
356,356,178,1,tfidf+perp,2,1,0.9977346280906144,True
357,357,179,0,tfidf+perp,2,0,0.009131257043752304,True
358,358,179,1,tfidf+perp,2,1,0.9970637677352153,True
359,359,180,0,tfidf+perp,2,0,0.057766058819488986,True
360,360,180,1,tfidf+perp,2,1,0.9953400062659122,True
361,361,181,0,tfidf+perp,2,0,0.00038412194318528136,True
362,362,181,1,tfidf+perp,2,1,0.9976621198429986,True
363,363,182,0,tfidf+perp,2,0,0.003963128678467309,True
364,364,182,1,tfidf+perp,2,1,0.9948750054771957,True
365,365,183,0,tfidf+perp,2,0,0.0013915094609734083,True
366,366,183,1,tfidf+perp,2,1,0.9913665635437857,True
367,367,184,0,tfidf+perp,2,0,0.28079222173385704,True
368,368,184,1,tfidf+perp,2,1,0.9426918105864006,True
369,369,185,0,tfidf+perp,2,0,0.011864978067635132,True
370,370,185,1,tfidf+perp,2,1,0.8388968121191466,True
371,371,186,0,tfidf+perp,2,0,0.057849441181854165,True
372,372,186,1,tfidf+perp,2,1,0.9974724524649591,True
373,373,187,0,tfidf+perp,2,0,0.00936304947632037,True
374,374,187,1,tfidf+perp,2,1,0.9997875822478947,True
375,375,188,0,tfidf+perp,2,0,0.0024676593446589282,True
376,376,188,1,tfidf+perp,2,1,0.9985777284926091,True
377,377,189,0,tfidf+perp,2,0,0.00012106788944483857,True
378,378,189,1,tfidf+perp,2,1,0.9964843687187843,True
379,379,190,0,tfidf+perp,2,0,0.003679841952335057,True
380,380,190,1,tfidf+perp,2,1,0.9493517213461133,True
381,381,191,0,tfidf+perp,2,0,0.04380728884797814,True
382,382,191,1,tfidf+perp,2,1,0.9232640233466336,True
383,383,192,0,tfidf+perp,2,0,0.10632074845563116,True
384,384,192,1,tfidf+perp,2,1,0.9732187506613561,True
385,385,193,0,tfidf+perp,2,0,0.06514543884957272,True
386,386,193,1,tfidf+perp,2,1,0.9912706338978441,True
387,387,194,0,tfidf+perp,2,0,0.007500048324488809,True
388,388,194,1,tfidf+perp,2,1,0.8872812796881828,True
389,389,195,0,tfidf+perp,2,0,0.0009103353895695402,True
390,390,195,1,tfidf+perp,2,1,0.9555278815154801,True
391,391,196,0,tfidf+perp,2,0,0.19233749671003927,True
392,392,196,1,tfidf+perp,2,1,0.9727056506670911,True
393,393,197,0,tfidf+perp,2,0,0.4105145101074485,True
394,394,197,1,tfidf+perp,2,1,0.998891454296115,True
395,395,198,0,tfidf+perp,2,0,0.018319989329544182,True
396,396,198,1,tfidf+perp,2,1,0.9994996853064725,True
397,397,199,0,tfidf+perp,2,0,0.001547676432973619,True
398,398,199,1,tfidf+perp,2,1,0.9115470247480484,True
399,399,200,0,tfidf+perp,2,0,0.17348069224559318,True
400,400,200,1,tfidf+perp,2,0,0.381385374841487,False
401,401,201,0,tfidf+perp,2,0,0.1315219613696206,True
402,402,201,1,tfidf+perp,2,1,0.9937388888101837,True
403,403,202,0,tfidf+perp,2,0,0.009870896178325535,True
404,404,202,1,tfidf+perp,2,1,0.9462776174939067,True
405,405,203,0,tfidf+perp,2,0,0.0006717953310647689,True
406,406,203,1,tfidf+perp,2,1,0.9488897642844472,True
407,407,204,0,tfidf+perp,2,1,0.5434356844758251,False
408,408,204,1,tfidf+perp,2,0,0.22738989476236807,False
409,409,205,0,tfidf+perp,2,0,0.04406024345211168,True
410,410,205,1,tfidf+perp,2,1,0.9976703008516098,True
411,411,206,0,tfidf+perp,2,0,0.45472951955795893,True
412,412,206,1,tfidf+perp,2,1,0.9979373166302811,True
413,413,207,0,tfidf+perp,2,0,0.00014360114327520483,True
414,414,207,1,tfidf+perp,2,1,0.9952145501493102,True
415,415,208,0,tfidf+perp,2,0,0.017417742378615358,True
416,416,208,1,tfidf+perp,2,1,0.7515342913328594,True
417,417,209,0,tfidf+perp,2,0,0.0009312080863360767,True
418,418,209,1,tfidf+perp,2,1,0.9959691517379319,True
419,419,210,0,tfidf+perp,2,0,0.27895921931972195,True
420,420,210,1,tfidf+perp,2,1,0.9220269217129018,True
421,421,211,0,tfidf+perp,2,0,0.007109684664204048,True
422,422,211,1,tfidf+perp,2,0,0.43782015335493046,False
423,423,212,0,tfidf+perp,2,0,0.002445562328612783,True
424,424,212,1,tfidf+perp,2,1,0.9454095550924189,True
425,425,213,0,tfidf+perp,2,1,0.6051249267259011,False
426,426,213,1,tfidf+perp,2,1,0.998910832421154,True
427,427,214,0,tfidf+perp,2,0,0.15835625904979886,True
428,428,214,1,tfidf+perp,2,1,0.9912162558679197,True
429,429,215,0,tfidf+perp,2,0,0.0009770429171097137,True
430,430,215,1,tfidf+perp,2,1,0.9314419601179048,True
431,431,216,0,tfidf+perp,2,0,0.03302477811659338,True
432,432,216,1,tfidf+perp,2,1,0.9983139163249387,True
433,433,217,0,tfidf+perp,2,0,0.004813519545734588,True
434,434,217,1,tfidf+perp,2,1,0.9861536696029093,True
435,435,218,0,tfidf+perp,2,0,0.0008516068034363415,True
436,436,218,1,tfidf+perp,2,1,0.9251282099052919,True
437,437,219,0,tfidf+perp,2,0,0.13768528875234437,True
438,438,219,1,tfidf+perp,2,1,0.9839567840626348,True
439,439,220,0,tfidf+perp,2,0,0.01728716446346196,True
440,440,220,1,tfidf+perp,2,1,0.9943118401667338,True
441,441,221,0,tfidf+perp,2,0,0.02559742364680251,True
442,442,221,1,tfidf+perp,2,1,0.9839340380279825,True
443,443,222,0,tfidf+perp,2,0,0.0027171955130620247,True
444,444,222,1,tfidf+perp,2,1,0.9987367896087697,True
445,445,223,0,tfidf+perp,2,0,0.00522375790001425,True
446,446,223,1,tfidf+perp,2,1,0.9986959114642117,True
447,447,224,0,tfidf+perp,2,0,0.003000012953753103,True
448,448,224,1,tfidf+perp,2,1,0.9993179599847469,True
449,449,225,0,tfidf+perp,2,0,0.00012817733508245719,True
450,450,225,1,tfidf+perp,2,1,0.9983731497453412,True
451,451,226,0,tfidf+perp,2,0,0.041394019107544026,True
452,452,226,1,tfidf+perp,2,0,0.23706343203875246,False
453,453,227,0,tfidf+perp,2,0,0.0007170587100192434,True
454,454,227,1,tfidf+perp,2,1,0.9407650728991828,True
455,455,228,0,tfidf+perp,2,0,0.021035957116037327,True
456,456,228,1,tfidf+perp,2,1,0.9995458980169951,True
457,457,229,0,tfidf+perp,2,0,0.02127054612750502,True
458,458,229,1,tfidf+perp,2,1,0.974467991402762,True
459,459,230,0,tfidf+perp,2,0,0.005244112680082598,True
460,460,230,1,tfidf+perp,2,0,0.3130344074127829,False
461,461,231,0,tfidf+perp,2,0,0.0026048905849114247,True
462,462,231,1,tfidf+perp,2,1,0.9609259950072405,True
463,463,232,0,tfidf+perp,2,1,0.9777471827641236,False
464,464,232,1,tfidf+perp,2,1,0.9727339402671948,True
465,465,233,0,tfidf+perp,2,0,0.009227907083972581,True
466,466,233,1,tfidf+perp,2,1,0.9850727691870246,True
467,467,234,0,tfidf+perp,2,0,0.004507206227679761,True
468,468,234,1,tfidf+perp,2,1,0.9982098596094424,True
469,469,235,0,tfidf+perp,2,0,0.0038129446378635896,True
470,470,235,1,tfidf+perp,2,1,0.9916019042368852,True
471,471,236,0,tfidf+perp,2,0,0.06509943127365235,True
472,472,236,1,tfidf+perp,2,1,0.998151308313763,True
473,473,237,0,tfidf+perp,2,0,0.08654843818095606,True
474,474,237,1,tfidf+perp,2,1,0.9995841286867051,True
475,475,238,0,tfidf+perp,2,0,0.0024851093946407585,True
476,476,238,1,tfidf+perp,2,1,0.9858409627360809,True
477,477,239,0,tfidf+perp,2,0,0.09143488678454181,True
478,478,239,1,tfidf+perp,2,1,0.9995694587797425,True
479,479,240,0,tfidf+perp,2,1,0.7922720563094781,False
480,480,240,1,tfidf+perp,2,1,0.9953408194061462,True
481,481,241,0,tfidf+perp,2,0,0.36765483694513224,True
482,482,241,1,tfidf+perp,2,1,0.9954900214150163,True
483,483,242,0,tfidf+perp,2,0,0.0015994359859279861,True
484,484,242,1,tfidf+perp,2,1,0.9989457542646767,True
485,485,243,0,tfidf+perp,2,0,0.011464412330202716,True
486,486,243,1,tfidf+perp,2,1,0.9991420940291871,True
487,487,244,0,tfidf+perp,2,0,0.0062762326066074245,True
488,488,244,1,tfidf+perp,2,1,0.9798891463267417,True
489,489,245,0,tfidf+perp,2,0,0.015086072881711998,True
490,490,245,1,tfidf+perp,2,1,0.9992469260533625,True
491,491,246,0,tfidf+perp,2,0,0.26811320366009944,True
492,492,246,1,tfidf+perp,2,1,0.9952347648418239,True
493,493,247,0,tfidf+perp,2,0,0.13182447377242754,True
494,494,247,1,tfidf+perp,2,1,0.9983190154292336,True
495,495,248,0,tfidf+perp,2,0,0.04334295487368743,True
496,496,248,1,tfidf+perp,2,1,0.9997091652159802,True
497,497,249,0,tfidf+perp,2,0,0.13154795199271466,True
498,498,249,1,tfidf+perp,2,1,0.9660199351645632,True
499,499,250,0,tfidf+perp,2,0,0.0094004585756077,True
500,500,250,1,tfidf+perp,2,1,0.9909816902545809,True
501,501,251,0,tfidf+perp,2,0,0.0017198561124298064,True
502,502,251,1,tfidf+perp,2,1,0.9981129362743774,True
503,503,252,0,tfidf+perp,2,0,0.0023769760012193586,True
504,504,252,1,tfidf+perp,2,1,0.9976717118011043,True
505,505,253,0,tfidf+perp,2,0,0.0026443229182130843,True
506,506,253,1,tfidf+perp,2,1,0.9879627074739157,True
507,507,254,0,tfidf+perp,2,0,0.0005162154810757675,True
508,508,254,1,tfidf+perp,2,1,0.9970661010443558,True
509,509,255,0,tfidf+perp,2,1,0.9104237960086924,False
510,510,255,1,tfidf+perp,2,1,0.991225320529545,True
511,511,256,0,tfidf+perp,2,0,0.45744954160260487,True
512,512,256,1,tfidf+perp,2,1,0.9842232692294625,True
513,513,257,0,tfidf+perp,2,0,0.022960620057159188,True
514,514,257,1,tfidf+perp,2,1,0.9793386425024678,True
515,515,258,0,tfidf+perp,2,0,0.015741180274755934,True
516,516,258,1,tfidf+perp,2,1,0.9912304995730193,True
517,517,259,0,tfidf+perp,2,0,0.00026531416145762613,True
518,518,259,1,tfidf+perp,2,1,0.96237856645601,True
519,519,260,0,tfidf+perp,2,0,0.0038008216314645922,True
520,520,260,1,tfidf+perp,2,1,0.9549029918497008,True
521,521,261,0,tfidf+perp,2,0,0.0018482470976879353,True
522,522,261,1,tfidf+perp,2,1,0.9997667955315731,True
523,523,262,0,tfidf+perp,2,0,0.004627709900169094,True
524,524,262,1,tfidf+perp,2,1,0.9976327260830631,True
525,525,263,0,tfidf+perp,2,0,0.0016268244273483787,True
526,526,263,1,tfidf+perp,2,1,0.9711358316869406,True
527,527,264,0,tfidf+perp,2,0,0.023549370829797793,True
528,528,264,1,tfidf+perp,2,1,0.9979769612201541,True
529,529,265,0,tfidf+perp,2,0,0.0026233984458278754,True
530,530,265,1,tfidf+perp,2,1,0.8936221440392954,True
531,531,266,0,tfidf+perp,2,0,0.0008179508962260261,True
532,532,266,1,tfidf+perp,2,1,0.9888031614404614,True
533,533,267,0,tfidf+perp,2,0,0.0012682850386737728,True
534,534,267,1,tfidf+perp,2,1,0.9735932458299436,True
535,535,268,0,tfidf+perp,2,0,0.004788936154414193,True
536,536,268,1,tfidf+perp,2,1,0.9920595180830376,True
537,537,269,0,tfidf+perp,2,0,0.005494612308073631,True
538,538,269,1,tfidf+perp,2,1,0.9957989131432572,True
539,539,270,0,tfidf+perp,2,0,0.009189141820108505,True
540,540,270,1,tfidf+perp,2,1,0.9982751381497469,True
541,541,271,0,tfidf+perp,2,0,0.045167789948794446,True
542,542,271,1,tfidf+perp,2,1,0.9992981683789464,True
543,543,272,0,tfidf+perp,2,0,0.015501206353124818,True
544,544,272,1,tfidf+perp,2,1,0.9987953461968786,True
545,545,273,0,tfidf+perp,2,0,0.002496568953241975,True
546,546,273,1,tfidf+perp,2,1,0.9804001369325148,True
547,547,274,0,tfidf+perp,2,0,0.00451115910643963,True
548,548,274,1,tfidf+perp,2,1,0.9970738530104353,True
549,549,275,0,tfidf+perp,2,0,0.002301852469942869,True
550,550,275,1,tfidf+perp,2,1,0.971448270528668,True
551,551,276,0,tfidf+perp,2,0,0.023372127821377913,True
552,552,276,1,tfidf+perp,2,0,0.15956754821379934,False
553,553,277,0,tfidf+perp,2,0,0.04982742909716722,True
554,554,277,1,tfidf+perp,2,1,0.9571926975205026,True
555,555,278,0,tfidf+perp,2,0,0.020199276762397037,True
556,556,278,1,tfidf+perp,2,1,0.999656347084176,True
557,557,279,0,tfidf+perp,2,0,0.009235314250819237,True
558,558,279,1,tfidf+perp,2,1,0.9995098500202005,True
559,559,280,0,tfidf+perp,2,0,0.005087247248037247,True
560,560,280,1,tfidf+perp,2,1,0.7625492448163894,True
561,561,281,0,tfidf+perp,2,0,0.0038358427468949867,True
562,562,281,1,tfidf+perp,2,1,0.9147273652207246,True
563,563,282,0,tfidf+perp,2,0,0.06248848456676451,True
564,564,282,1,tfidf+perp,2,1,0.9947405826504244,True
565,565,283,0,tfidf+perp,2,0,0.008689057223188806,True
566,566,283,1,tfidf+perp,2,1,0.9815333916370389,True
567,567,284,0,tfidf+perp,2,0,0.04614730715098388,True
568,568,284,1,tfidf+perp,2,1,0.9944345555334632,True
569,569,285,0,tfidf+perp,2,0,0.05267890405083211,True
570,570,285,1,tfidf+perp,2,1,0.9777191941716589,True
571,571,286,0,tfidf+perp,2,0,0.03149056505730059,True
572,572,286,1,tfidf+perp,2,1,0.9848539015674311,True
573,573,287,0,tfidf+perp,2,1,0.7439444551285638,False
574,574,287,1,tfidf+perp,2,1,0.9875017608387339,True
575,575,288,0,tfidf+perp,2,0,0.08748825622885409,True
576,576,288,1,tfidf+perp,2,1,0.9996030961866323,True
577,577,289,0,tfidf+perp,2,0,0.0031879593912298924,True
578,578,289,1,tfidf+perp,2,1,0.9987409981526237,True
579,579,290,0,tfidf+perp,2,0,0.030010612153915952,True
580,580,290,1,tfidf+perp,2,1,0.9994933602440615,True
581,581,291,0,tfidf+perp,2,0,0.011800795258212069,True
582,582,291,1,tfidf+perp,2,1,0.9969709508821482,True
583,583,292,0,tfidf+perp,2,0,0.06136175453482974,True
584,584,292,1,tfidf+perp,2,1,0.9999268101124091,True
585,585,293,0,tfidf+perp,2,0,0.0024510692015767854,True
586,586,293,1,tfidf+perp,2,1,0.9875050765370885,True
587,587,294,0,tfidf+perp,2,0,0.005476386773623384,True
588,588,294,1,tfidf+perp,2,0,0.050617559516359434,False
589,589,295,0,tfidf+perp,2,0,0.0438140820850781,True
590,590,295,1,tfidf+perp,2,1,0.9992331759882923,True
591,591,296,0,tfidf+perp,2,0,0.03731513321597073,True
592,592,296,1,tfidf+perp,2,1,0.8569163062090103,True
593,593,297,0,tfidf+perp,2,0,0.0011639924080109553,True
594,594,297,1,tfidf+perp,2,1,0.9996483097969288,True
595,595,298,0,tfidf+perp,2,0,0.022591716505539018,True
596,596,298,1,tfidf+perp,2,1,0.9993762089299105,True
597,597,299,0,tfidf+perp,2,0,0.009987610623711783,True
598,598,299,1,tfidf+perp,2,1,0.9965814808684408,True
599,599,300,0,tfidf+perp,2,0,0.004961167990599291,True
600,600,300,1,tfidf+perp,2,1,0.9959070228475474,True
601,601,301,0,tfidf+perp,2,0,0.006076720149172457,True
602,602,301,1,tfidf+perp,2,1,0.8157972238959654,True
603,603,302,0,tfidf+perp,2,0,0.319087314111869,True
604,604,302,1,tfidf+perp,2,1,0.9965539108186175,True
605,605,303,0,tfidf+perp,2,0,0.027128377151496026,True
606,606,303,1,tfidf+perp,2,1,0.9981674909037259,True
607,607,304,0,tfidf+perp,2,0,0.0038467708156333926,True
608,608,304,1,tfidf+perp,2,1,0.9993283506251276,True
609,609,305,0,tfidf+perp,2,0,0.002694766829954037,True
610,610,305,1,tfidf+perp,2,1,0.9992754991049804,True
611,611,306,0,tfidf+perp,2,0,0.000792199317900357,True
612,612,306,1,tfidf+perp,2,1,0.9974469049831399,True
613,613,307,0,tfidf+perp,2,0,0.004821878571343914,True
614,614,307,1,tfidf+perp,2,1,0.9171715313625771,True
615,615,308,0,tfidf+perp,2,0,0.0005517809196625811,True
616,616,308,1,tfidf+perp,2,1,0.9987961492242845,True
617,617,309,0,tfidf+perp,2,0,0.037120976829064,True
618,618,309,1,tfidf+perp,2,1,0.9986931196414163,True
619,619,310,0,tfidf+perp,2,0,0.0006606666069561023,True
620,620,310,1,tfidf+perp,2,1,0.9984835204982828,True
621,621,311,0,tfidf+perp,2,0,0.01938103061298176,True
622,622,311,1,tfidf+perp,2,1,0.978803018412669,True
623,623,312,0,tfidf+perp,2,0,0.002595046348093148,True
624,624,312,1,tfidf+perp,2,1,0.9997085492831403,True
625,625,313,0,tfidf+perp,2,0,0.006796899994931555,True
626,626,313,1,tfidf+perp,2,1,0.9065324182580506,True
627,627,314,0,tfidf+perp,2,0,0.020292337897082822,True
628,628,314,1,tfidf+perp,2,1,0.9967317414970569,True
629,629,315,0,tfidf+perp,2,0,0.007817396457551501,True
630,630,315,1,tfidf+perp,2,1,0.9979444650168819,True
631,631,316,0,tfidf+perp,2,1,0.5238442106261633,False
632,632,316,1,tfidf+perp,2,1,0.9982439299072836,True
633,633,317,0,tfidf+perp,2,0,0.0022218141457238318,True
634,634,317,1,tfidf+perp,2,1,0.9965026976807608,True
635,635,318,0,tfidf+perp,2,0,0.00017048635223416465,True
636,636,318,1,tfidf+perp,2,1,0.9903676486728344,True
637,637,319,0,tfidf+perp,2,0,0.0005730454763858323,True
638,638,319,1,tfidf+perp,2,1,0.9868074311469707,True
639,639,320,0,tfidf+perp,2,0,0.0033713521622236045,True
640,640,320,1,tfidf+perp,2,1,0.9937187096100369,True
641,641,321,0,tfidf+perp,2,0,0.23853064280583094,True
642,642,321,1,tfidf+perp,2,1,0.9990330428744187,True
643,643,322,0,tfidf+perp,2,1,0.6928979429435883,False
644,644,322,1,tfidf+perp,2,1,0.9825757251884534,True
645,645,323,0,tfidf+perp,2,0,0.012119107941564027,True
646,646,323,1,tfidf+perp,2,1,0.9900052363436279,True
647,647,324,0,tfidf+perp,2,0,0.004588330134425988,True
648,648,324,1,tfidf+perp,2,1,0.9987360290520474,True
649,649,325,0,tfidf+perp,2,0,0.00029339106818309654,True
650,650,325,1,tfidf+perp,2,1,0.9981690795938426,True
651,651,326,0,tfidf+perp,2,0,0.005206176047391678,True
652,652,326,1,tfidf+perp,2,1,0.9519424728742828,True
653,653,327,0,tfidf+perp,2,0,0.19911205871058546,True
654,654,327,1,tfidf+perp,2,1,0.9980881621123997,True
655,655,328,0,tfidf+perp,2,0,0.008858176327064761,True
656,656,328,1,tfidf+perp,2,1,0.9994903325516097,True
657,657,329,0,tfidf+perp,2,0,0.0010235257874028787,True
658,658,329,1,tfidf+perp,2,1,0.9960800110670358,True
659,659,330,0,tfidf+perp,2,0,0.0006163604756848557,True
660,660,330,1,tfidf+perp,2,1,0.9734873150409238,True
661,661,331,0,tfidf+perp,2,0,0.0011574230941436433,True
662,662,331,1,tfidf+perp,2,1,0.9983526481686279,True
663,663,332,0,tfidf+perp,2,0,0.28087976926104125,True
664,664,332,1,tfidf+perp,2,1,0.9624122480149672,True
665,665,333,0,tfidf+perp,2,0,0.0024950339278993917,True
666,666,333,1,tfidf+perp,2,0,0.45051361436099313,False
667,667,334,0,tfidf+perp,2,0,0.041514357208300455,True
668,668,334,1,tfidf+perp,2,1,0.9875839509024327,True
669,669,335,0,tfidf+perp,2,0,0.06641305041958134,True
670,670,335,1,tfidf+perp,2,1,0.9941481235208968,True
671,671,336,0,tfidf+perp,2,0,0.0037285059701608406,True
672,672,336,1,tfidf+perp,2,1,0.9896407006661435,True
673,673,337,0,tfidf+perp,2,0,0.009256984765938002,True
674,674,337,1,tfidf+perp,2,1,0.9977821776855046,True
675,675,338,0,tfidf+perp,2,0,0.02109019958621834,True
676,676,338,1,tfidf+perp,2,1,0.9695820337372256,True
677,677,339,0,tfidf+perp,2,0,0.26146618338831046,True
678,678,339,1,tfidf+perp,2,1,0.9979869208343961,True
679,679,340,0,tfidf+perp,2,0,0.029276677067903233,True
680,680,340,1,tfidf+perp,2,1,0.9996467195580874,True
681,681,341,0,tfidf+perp,2,0,0.0020756684570896766,True
682,682,341,1,tfidf+perp,2,1,0.9827867827336628,True
683,683,342,0,tfidf+perp,2,0,0.1228218502544002,True
684,684,342,1,tfidf+perp,2,1,0.9990667220000347,True
685,685,343,0,tfidf+perp,2,0,0.006892364958289357,True
686,686,343,1,tfidf+perp,2,1,0.9781387195142381,True
687,687,344,0,tfidf+perp,2,0,0.00044960940090480383,True
688,688,344,1,tfidf+perp,2,1,0.9733413107429014,True
689,689,345,0,tfidf+perp,2,0,0.008238460680487697,True
690,690,345,1,tfidf+perp,2,1,0.9960310132310576,True
691,691,346,0,tfidf+perp,2,0,0.21185045675630326,True
692,692,346,1,tfidf+perp,2,1,0.9996008155997617,True
693,693,347,0,tfidf+perp,2,0,0.030520925398615256,True
694,694,347,1,tfidf+perp,2,1,0.9510668067030578,True
695,695,348,0,tfidf+perp,2,0,0.012270541267253784,True
696,696,348,1,tfidf+perp,2,1,0.996220473473489,True
697,697,349,0,tfidf+perp,2,0,0.004879055528021,True
698,698,349,1,tfidf+perp,2,1,0.9986164506533705,True
699,699,350,0,tfidf+perp,2,0,0.01269462020986097,True
700,700,350,1,tfidf+perp,2,1,0.9882211705839423,True
701,701,351,0,tfidf+perp,2,0,0.0032182695785786656,True
702,702,351,1,tfidf+perp,2,1,0.9901106316665176,True
703,703,352,0,tfidf+perp,2,0,0.0764649342472624,True
704,704,352,1,tfidf+perp,2,1,0.9995965465013702,True
705,705,353,0,tfidf+perp,2,0,0.45063930200178537,True
706,706,353,1,tfidf+perp,2,1,0.9775910076762971,True
707,707,354,0,tfidf+perp,2,0,0.0124481474536942,True
708,708,354,1,tfidf+perp,2,1,0.91550597426965,True
709,709,355,0,tfidf+perp,2,0,0.07471066590129839,True
710,710,355,1,tfidf+perp,2,1,0.9942137459678086,True
711,711,356,0,tfidf+perp,2,0,0.022151706128049134,True
712,712,356,1,tfidf+perp,2,1,0.9986163521373951,True
713,713,357,0,tfidf+perp,2,0,0.0004153702644937633,True
714,714,357,1,tfidf+perp,2,1,0.9988891969369837,True
715,715,358,0,tfidf+perp,2,0,0.03133461536789157,True
716,716,358,1,tfidf+perp,2,1,0.9990435057613863,True
717,717,359,0,tfidf+perp,2,0,0.0005648446637965946,True
718,718,359,1,tfidf+perp,2,1,0.999701130657219,True
719,719,360,0,tfidf+perp,2,0,0.01285941429685684,True
720,720,360,1,tfidf+perp,2,1,0.9988631499208259,True
721,721,361,0,tfidf+perp,2,0,0.0014085520249797771,True
722,722,361,1,tfidf+perp,2,0,0.03616673142677005,False
723,723,362,0,tfidf+perp,2,0,0.0005358654597121521,True
724,724,362,1,tfidf+perp,2,1,0.9575902512532364,True
725,725,363,0,tfidf+perp,2,0,0.000760670159964325,True
726,726,363,1,tfidf+perp,2,1,0.9656716799175542,True
727,727,364,0,tfidf+perp,2,0,0.0048561249430688165,True
728,728,364,1,tfidf+perp,2,1,0.8623196972598578,True
729,729,365,0,tfidf+perp,2,0,0.4046293418673166,True
730,730,365,1,tfidf+perp,2,1,0.9743481374465912,True
731,731,366,0,tfidf+perp,2,0,0.0006447647328480349,True
732,732,366,1,tfidf+perp,2,1,0.7213032607307283,True
733,733,367,0,tfidf+perp,2,0,0.00099617297475104,True
734,734,367,1,tfidf+perp,2,1,0.9918312898670232,True
735,735,368,0,tfidf+perp,2,0,0.0032068542868196213,True
736,736,368,1,tfidf+perp,2,1,0.9924459951334946,True
737,737,369,0,tfidf+perp,2,0,0.012720634632402505,True
738,738,369,1,tfidf+perp,2,1,0.9952828186849982,True
739,739,370,0,tfidf+perp,2,0,0.0024802244377702958,True
740,740,370,1,tfidf+perp,2,1,0.9769199346895872,True
741,741,371,0,tfidf+perp,2,0,0.007054967135339827,True
742,742,371,1,tfidf+perp,2,1,0.935357014903008,True
743,743,372,1,tfidf+perp,2,1,0.9725228899014949,True
744,744,373,0,tfidf+perp,2,0,0.19641592451952122,True
745,745,373,1,tfidf+perp,2,1,0.9968596384739278,True
746,746,374,0,tfidf+perp,2,0,0.009248184249124412,True
747,747,374,1,tfidf+perp,2,1,0.991983201421157,True
748,748,375,0,tfidf+perp,2,0,0.04229834933344476,True
749,749,375,1,tfidf+perp,2,1,0.9490204368861792,True
750,750,376,0,tfidf+perp,2,0,0.0002594928062814899,True
751,751,376,1,tfidf+perp,2,1,0.9976217943872879,True
752,752,377,0,tfidf+perp,2,0,0.009274119341468203,True
753,753,377,1,tfidf+perp,2,1,0.9988296919508854,True
754,754,378,0,tfidf+perp,2,0,0.019336256643916954,True
755,755,378,1,tfidf+perp,2,1,0.7712188245696552,True
756,756,379,0,tfidf+perp,2,0,0.003309793970558495,True
757,757,379,1,tfidf+perp,2,1,0.9997322481862437,True
758,758,380,0,tfidf+perp,2,0,0.03324271151193134,True
759,759,380,1,tfidf+perp,2,1,0.9983248239229643,True
760,760,381,0,tfidf+perp,2,0,0.34965929583268524,True
761,761,381,1,tfidf+perp,2,1,0.9990939819813413,True
762,762,382,0,tfidf+perp,2,0,0.004627103715192379,True
763,763,382,1,tfidf+perp,2,1,0.9898754469406212,True
764,764,383,0,tfidf+perp,2,0,0.017751336948424692,True
765,765,383,1,tfidf+perp,2,1,0.9939503024831109,True
766,766,384,0,tfidf+perp,2,0,0.0018275200054054532,True
767,767,384,1,tfidf+perp,2,1,0.9868934616842238,True
768,768,385,0,tfidf+perp,2,0,0.020956381580690325,True
769,769,385,1,tfidf+perp,2,1,0.9530778303857911,True
770,770,386,1,tfidf+perp,2,1,0.9993337629737457,True
771,771,387,0,tfidf+perp,2,1,0.9660043037025717,False
772,772,387,1,tfidf+perp,2,1,0.9548257907779303,True
773,773,388,0,tfidf+perp,2,0,0.00360897755163379,True
774,774,388,1,tfidf+perp,2,1,0.9990703133095472,True
775,775,389,0,tfidf+perp,2,0,0.10855846335222298,True
776,776,389,1,tfidf+perp,2,1,0.9802860079174408,True
777,777,390,0,tfidf+perp,2,0,0.00047784554402239627,True
778,778,390,1,tfidf+perp,2,1,0.9959435307092064,True
779,779,391,0,tfidf+perp,2,0,0.0028930705593788425,True
780,780,391,1,tfidf+perp,2,1,0.9932512134273129,True
781,781,392,0,tfidf+perp,2,0,0.08212522613553115,True
782,782,392,1,tfidf+perp,2,1,0.9973253820779456,True
783,783,393,0,tfidf+perp,2,0,0.0012939520289450034,True
784,784,393,1,tfidf+perp,2,1,0.9703787358708346,True
785,785,394,0,tfidf+perp,2,0,0.013316977417460334,True
786,786,394,1,tfidf+perp,2,1,0.9941120859474425,True
787,787,395,0,tfidf+perp,2,0,0.0004936893038077168,True
788,788,395,1,tfidf+perp,2,1,0.6020878192133294,True
789,789,396,0,tfidf+perp,2,0,0.49042885076949283,True
790,790,396,1,tfidf+perp,2,1,0.9974418403024747,True
791,791,397,0,tfidf+perp,2,0,0.0029568120150401567,True
792,792,397,1,tfidf+perp,2,1,0.9988030838096665,True
793,793,398,0,tfidf+perp,2,0,0.015190489307539773,True
794,794,398,1,tfidf+perp,2,1,0.9966158841430568,True
795,795,399,0,tfidf+perp,2,0,0.24678433508808584,True
796,796,399,1,tfidf+perp,2,1,0.9965791052638291,True
797,797,400,0,tfidf+perp,2,1,0.7858688914889925,False
798,798,400,1,tfidf+perp,2,1,0.9997889350958491,True
799,799,401,0,tfidf+perp,2,0,0.001636435273529968,True
800,800,401,1,tfidf+perp,2,1,0.99869402130356,True
801,801,402,0,tfidf+perp,2,0,9.065000659510835e-05,True
802,802,402,1,tfidf+perp,2,1,0.9307640518042913,True
803,803,403,0,tfidf+perp,2,0,0.012591100595348946,True
804,804,403,1,tfidf+perp,2,1,0.9756858033726423,True
805,805,404,0,tfidf+perp,2,0,0.04944364987273561,True
806,806,404,1,tfidf+perp,2,1,0.9825589881635852,True
807,807,405,0,tfidf+perp,2,0,0.023105605402951652,True
808,808,405,1,tfidf+perp,2,1,0.9930912612439943,True
809,809,406,0,tfidf+perp,2,0,0.0815826259726096,True
810,810,406,1,tfidf+perp,2,1,0.9978245697583751,True
811,811,407,0,tfidf+perp,2,0,0.0028444087901431775,True
812,812,407,1,tfidf+perp,2,1,0.9879864035761883,True
813,813,408,0,tfidf+perp,2,0,0.03294721450272888,True
814,814,408,1,tfidf+perp,2,1,0.8442037502248101,True
815,815,409,0,tfidf+perp,2,0,0.004314021035803949,True
816,816,409,1,tfidf+perp,2,1,0.9870279141833418,True
817,817,410,0,tfidf+perp,2,0,0.002355766220011909,True
818,818,410,1,tfidf+perp,2,1,0.9997986433633049,True
819,819,411,0,tfidf+perp,2,0,0.016422044724105956,True
820,820,411,1,tfidf+perp,2,1,0.9986744209863928,True
821,821,412,0,tfidf+perp,2,0,0.0009088414649936364,True
822,822,412,1,tfidf+perp,2,1,0.9708590877170384,True
823,823,413,0,tfidf+perp,2,0,0.009692814831823257,True
824,824,413,1,tfidf+perp,2,1,0.9969198068722552,True
825,825,414,0,tfidf+perp,2,1,0.8079109212332793,False
826,826,414,1,tfidf+perp,2,1,0.9940073859193833,True
827,827,415,0,tfidf+perp,2,0,0.028402916030551156,True
828,828,415,1,tfidf+perp,2,1,0.9649071472975999,True
829,829,416,0,tfidf+perp,2,0,0.002381981138389304,True
830,830,416,1,tfidf+perp,2,1,0.9689216577254842,True
831,831,417,0,tfidf+perp,2,0,0.02163761469515889,True
832,832,417,1,tfidf+perp,2,1,0.9860781406506844,True
833,833,418,0,tfidf+perp,2,0,0.07476399264163623,True
834,834,418,1,tfidf+perp,2,1,0.993339623776844,True
835,835,419,0,tfidf+perp,2,1,0.8790807151925645,False
836,836,419,1,tfidf+perp,2,1,0.9988573534290677,True
837,837,420,0,tfidf+perp,2,0,0.007445726835871624,True
838,838,420,1,tfidf+perp,2,1,0.9671839741313274,True
839,839,421,0,tfidf+perp,2,0,0.00037362820590168755,True
840,840,421,1,tfidf+perp,2,1,0.9308266581049406,True
841,841,422,0,tfidf+perp,2,0,0.001983210500795964,True
842,842,422,1,tfidf+perp,2,1,0.9313528997875797,True
843,843,423,0,tfidf+perp,2,0,0.005867420679588322,True
844,844,423,1,tfidf+perp,2,1,0.9881962521531092,True
845,845,424,0,tfidf+perp,2,0,0.003655778777789274,True
846,846,424,1,tfidf+perp,2,1,0.9911859360779736,True
847,847,425,1,tfidf+perp,2,1,0.9941863867844672,True
848,848,426,1,tfidf+perp,2,1,0.994586708739781,True
849,849,427,0,tfidf+perp,2,0,0.06240387595032142,True
850,850,427,1,tfidf+perp,2,1,0.9977636603890156,True
851,851,428,0,tfidf+perp,2,0,0.0006048417823848881,True
852,852,428,1,tfidf+perp,2,1,0.9561490994235059,True
853,853,429,0,tfidf+perp,2,0,0.0047848967433272325,True
854,854,429,1,tfidf+perp,2,1,0.9977339947330037,True
855,855,430,0,tfidf+perp,2,0,0.048837748093875664,True
856,856,430,1,tfidf+perp,2,1,0.9997326534703601,True
857,857,431,0,tfidf+perp,2,0,0.0005355769447656366,True
858,858,431,1,tfidf+perp,2,1,0.9971213894750989,True
859,859,432,0,tfidf+perp,2,0,0.001073804040814739,True
860,860,432,1,tfidf+perp,2,1,0.9840536820090009,True
861,861,433,0,tfidf+perp,2,0,0.0016319396292568808,True
862,862,433,1,tfidf+perp,2,1,0.9978701955486713,True
863,863,434,0,tfidf+perp,2,0,0.00020433434440728665,True
864,864,434,1,tfidf+perp,2,1,0.7720605087505498,True
865,865,435,0,tfidf+perp,2,1,0.636218632956551,False
866,866,435,1,tfidf+perp,2,1,0.8061640630098533,True
867,867,436,0,tfidf+perp,2,0,0.0009394659211809074,True
868,868,436,1,tfidf+perp,2,1,0.9985467749169933,True
869,869,437,0,tfidf+perp,2,0,0.0014367585953501552,True
870,870,437,1,tfidf+perp,2,1,0.9976507120538604,True
871,871,438,0,tfidf+perp,2,0,0.2776692289180102,True
872,872,438,1,tfidf+perp,2,1,0.9995264924717556,True
873,873,439,0,tfidf+perp,2,0,0.005083202887226813,True
874,874,439,1,tfidf+perp,2,1,0.9897681367915511,True
875,875,440,0,tfidf+perp,2,0,0.06883021363219466,True
876,876,440,1,tfidf+perp,2,1,0.9778787244157632,True
877,877,441,0,tfidf+perp,2,0,0.0004903845378575604,True
878,878,441,1,tfidf+perp,2,1,0.9986373487574458,True
879,879,442,0,tfidf+perp,2,0,0.040911641440546896,True
880,880,442,1,tfidf+perp,2,1,0.9981364182946484,True
881,881,443,0,tfidf+perp,2,0,0.12206094212839287,True
882,882,443,1,tfidf+perp,2,1,0.999864621773151,True
883,883,444,0,tfidf+perp,2,0,0.001421362501068248,True
884,884,444,1,tfidf+perp,2,1,0.957732099017249,True
885,885,445,0,tfidf+perp,2,0,0.10627886100308215,True
886,886,445,1,tfidf+perp,2,1,0.9072554529550033,True
887,887,446,0,tfidf+perp,2,1,0.8292001535353283,False
888,888,446,1,tfidf+perp,2,1,0.951268789220126,True
889,889,447,0,tfidf+perp,2,0,0.005160398716884333,True
890,890,447,1,tfidf+perp,2,1,0.9983593625451894,True
891,891,448,0,tfidf+perp,2,0,0.003674905194544084,True
892,892,448,1,tfidf+perp,2,1,0.9910210847400389,True
893,893,449,0,tfidf+perp,2,0,0.0036024674222565885,True
894,894,449,1,tfidf+perp,2,1,0.9656865615304798,True
895,895,450,0,tfidf+perp,2,0,0.011731102019720474,True
896,896,450,1,tfidf+perp,2,1,0.9752725404649584,True
897,897,451,0,tfidf+perp,2,0,0.010073736394694019,True
898,898,451,1,tfidf+perp,2,1,0.9556735614114388,True
899,899,452,0,tfidf+perp,2,0,0.0019426379661870276,True
900,900,452,1,tfidf+perp,2,1,0.9678485262615136,True
901,901,453,0,tfidf+perp,2,0,0.0006932597973545065,True
902,902,453,1,tfidf+perp,2,1,0.9986360013816588,True
903,903,454,0,tfidf+perp,2,0,0.05923640057140727,True
904,904,454,1,tfidf+perp,2,1,0.9964094375221667,True
905,905,455,0,tfidf+perp,2,0,0.0023609367220345985,True
906,906,455,1,tfidf+perp,2,1,0.9788054816984465,True
907,907,456,0,tfidf+perp,2,0,0.0012155255924086836,True
908,908,456,1,tfidf+perp,2,1,0.9997811479449635,True
909,909,457,0,tfidf+perp,2,0,0.002060722906296111,True
910,910,457,1,tfidf+perp,2,0,0.33536376818264546,False
911,911,458,0,tfidf+perp,2,0,0.031808951816305775,True
912,912,458,1,tfidf+perp,2,1,0.9962964068931153,True
913,913,459,0,tfidf+perp,2,0,0.006727482455738205,True
914,914,459,1,tfidf+perp,2,1,0.9957732240118806,True
915,915,460,0,tfidf+perp,2,0,0.004678356731559816,True
916,916,460,1,tfidf+perp,2,1,0.995620253878256,True
917,917,461,0,tfidf+perp,2,0,0.003504701639071044,True
918,918,461,1,tfidf+perp,2,1,0.9976204540756645,True
919,919,462,0,tfidf+perp,2,0,0.017631289895755915,True
920,920,462,1,tfidf+perp,2,1,0.9980097394560768,True
921,921,463,0,tfidf+perp,2,0,0.0011392360147924078,True
922,922,463,1,tfidf+perp,2,1,0.9945905147216034,True
923,923,464,0,tfidf+perp,2,0,0.046889866273825395,True
924,924,464,1,tfidf+perp,2,1,0.9998989856129873,True
925,925,465,0,tfidf+perp,2,0,0.0010513340088195583,True
926,926,465,1,tfidf+perp,2,1,0.9725558414496481,True
927,927,466,0,tfidf+perp,2,0,0.1243317227916287,True
928,928,466,1,tfidf+perp,2,1,0.8749165843285035,True
929,929,467,0,tfidf+perp,2,0,0.002577932990071563,True
930,930,467,1,tfidf+perp,2,1,0.9901375370468669,True
931,931,468,0,tfidf+perp,2,0,0.0015270411858020476,True
932,932,468,1,tfidf+perp,2,1,0.9095504374883232,True
933,933,469,0,tfidf+perp,2,0,0.01889212003025659,True
934,934,469,1,tfidf+perp,2,1,0.959432735650327,True
935,935,470,0,tfidf+perp,2,0,0.003401567292800729,True
936,936,470,1,tfidf+perp,2,1,0.9719909934083724,True
937,937,471,0,tfidf+perp,2,0,0.21038424630778133,True
938,938,471,1,tfidf+perp,2,1,0.9961530007755248,True
939,939,472,0,tfidf+perp,2,0,0.16506215576278957,True
940,940,472,1,tfidf+perp,2,1,0.9942519481069493,True
941,941,473,0,tfidf+perp,2,0,0.005712683474738246,True
942,942,473,1,tfidf+perp,2,1,0.9963764823981085,True
943,943,474,0,tfidf+perp,2,0,0.005633906195944548,True
944,944,474,1,tfidf+perp,2,1,0.9917862311342409,True
945,945,475,0,tfidf+perp,2,0,0.020514092614447536,True
946,946,475,1,tfidf+perp,2,1,0.996350642259517,True
947,947,476,0,tfidf+perp,2,0,0.0008552703996973949,True
948,948,476,1,tfidf+perp,2,1,0.9881349339630247,True
949,949,477,0,tfidf+perp,2,0,0.03812166798705421,True
950,950,477,1,tfidf+perp,2,1,0.9995390595102469,True
951,951,478,0,tfidf+perp,2,0,0.03456426163628397,True
952,952,478,1,tfidf+perp,2,1,0.9681561421005724,True
953,953,479,0,tfidf+perp,2,0,0.00017972957808730808,True
954,954,479,1,tfidf+perp,2,1,0.9975192547325837,True
955,955,480,0,tfidf+perp,2,0,0.0016998022602349764,True
956,956,480,1,tfidf+perp,2,1,0.958336776498494,True
957,957,481,0,tfidf+perp,2,0,0.0026196399831332822,True
958,958,481,1,tfidf+perp,2,1,0.9622209759496856,True
959,959,482,0,tfidf+perp,2,1,0.75397682791681,False
960,960,482,1,tfidf+perp,2,1,0.9969363822320821,True
961,961,483,0,tfidf+perp,2,0,0.008679990934087578,True
962,962,483,1,tfidf+perp,2,1,0.9942394360552501,True
963,963,484,0,tfidf+perp,2,0,0.007681893908093625,True
964,964,484,1,tfidf+perp,2,1,0.9996926518214092,True
965,965,485,0,tfidf+perp,2,0,0.0014451601127294918,True
966,966,485,1,tfidf+perp,2,1,0.9478962690687963,True
967,967,486,0,tfidf+perp,2,0,0.0021873597838039933,True
968,968,486,1,tfidf+perp,2,1,0.8824561177265043,True
969,969,487,0,tfidf+perp,2,0,0.30075115795282026,True
970,970,487,1,tfidf+perp,2,1,0.9894943659738692,True
971,971,488,0,tfidf+perp,2,0,0.007262171769012063,True
972,972,488,1,tfidf+perp,2,1,0.9904587325850182,True
973,973,489,0,tfidf+perp,2,0,0.002732613639383077,True
974,974,489,1,tfidf+perp,2,1,0.9929706273659334,True
975,975,490,0,tfidf+perp,2,0,0.26687026649118545,True
976,976,490,1,tfidf+perp,2,1,0.9848970486485635,True
977,977,491,0,tfidf+perp,2,0,0.00430822951539232,True
978,978,491,1,tfidf+perp,2,1,0.9980668449202165,True
979,979,492,0,tfidf+perp,2,0,0.005974418471801198,True
980,980,492,1,tfidf+perp,2,1,0.9866272932383545,True
981,981,493,0,tfidf+perp,2,0,0.1273699417586132,True
982,982,493,1,tfidf+perp,2,1,0.973785280194627,True
983,983,494,0,tfidf+perp,2,0,0.0008522634201903535,True
984,984,494,1,tfidf+perp,2,1,0.9422163080260902,True
985,985,495,0,tfidf+perp,2,0,0.011297053026516998,True
986,986,495,1,tfidf+perp,2,1,0.9979392901739025,True
987,987,496,0,tfidf+perp,2,0,0.002582618066775915,True
988,988,496,1,tfidf+perp,2,1,0.996881791951957,True
989,989,497,0,tfidf+perp,2,0,0.001544955488711324,True
990,990,497,1,tfidf+perp,2,1,0.9990937679887939,True
991,991,498,0,tfidf+perp,2,0,0.0013468727538341854,True
992,992,498,1,tfidf+perp,2,1,0.9964918668691224,True
993,993,499,0,tfidf+perp,2,0,0.001196107773105967,True
994,994,499,1,tfidf+perp,2,1,0.9550665507969683,True
995,995,500,0,tfidf+perp,2,0,0.004070405415177007,True
996,996,500,1,tfidf+perp,2,1,0.9995905344632638,True
997,997,501,0,tfidf+perp,2,0,0.001980281568737029,True
998,998,501,1,tfidf+perp,2,1,0.9996620459181466,True
999,999,502,0,tfidf+perp,2,0,0.014056208371043178,True
1000,1000,502,1,tfidf+perp,2,1,0.9901852780376925,True
1001,1001,503,0,tfidf+perp,2,0,0.0008993488449094997,True
1002,1002,503,1,tfidf+perp,2,1,0.9898346707658733,True
1003,1003,504,0,tfidf+perp,2,0,0.0019334966307014824,True
1004,1004,504,1,tfidf+perp,2,1,0.9988548343180907,True
1005,1005,505,0,tfidf+perp,2,0,0.006924634632328548,True
1006,1006,505,1,tfidf+perp,2,1,0.9938311884905282,True
1007,1007,506,0,tfidf+perp,2,0,0.01650785168853908,True
1008,1008,506,1,tfidf+perp,2,1,0.9953748209055905,True
1009,1009,507,0,tfidf+perp,2,0,0.03413170426235598,True
1010,1010,507,1,tfidf+perp,2,1,0.9935536304863547,True
1011,1011,508,0,tfidf+perp,2,0,0.018333643272249203,True
1012,1012,508,1,tfidf+perp,2,1,0.9882433357188549,True
1013,1013,509,0,tfidf+perp,2,0,0.00020477153783314805,True
1014,1014,509,1,tfidf+perp,2,1,0.9040083058066353,True
1015,1015,510,0,tfidf+perp,2,0,0.011576408667814361,True
1016,1016,510,1,tfidf+perp,2,1,0.860475552537545,True
1017,1017,511,0,tfidf+perp,2,0,0.002533813432438786,True
1018,1018,511,1,tfidf+perp,2,1,0.9977392395862816,True
1019,1019,512,0,tfidf+perp,2,0,0.00793138788829101,True
1020,1020,512,1,tfidf+perp,2,1,0.9131261646686976,True
1021,1021,513,0,tfidf+perp,2,1,0.7351398482370014,False
1022,1022,513,1,tfidf+perp,2,1,0.9978732387410529,True
1023,1023,514,0,tfidf+perp,2,0,0.011722634268087815,True
1024,1024,514,1,tfidf+perp,2,1,0.9989861563716327,True
1025,1025,515,0,tfidf+perp,2,0,0.04851109544359328,True
1026,1026,515,1,tfidf+perp,2,1,0.9710212787483373,True
1027,1027,516,0,tfidf+perp,2,0,0.003570823335361052,True
1028,1028,516,1,tfidf+perp,2,1,0.9986159934706943,True
1029,1029,517,0,tfidf+perp,2,0,0.15788038797975038,True
1030,1030,517,1,tfidf+perp,2,1,0.9989628915228759,True
1031,1031,518,0,tfidf+perp,2,0,0.0005629733393344866,True
1032,1032,518,1,tfidf+perp,2,1,0.9368513977471352,True
1033,1033,519,0,tfidf+perp,2,0,0.013644983291764766,True
1034,1034,519,1,tfidf+perp,2,1,0.9937187072660281,True
1035,1035,520,0,tfidf+perp,2,0,0.006520341644813428,True
1036,1036,520,1,tfidf+perp,2,1,0.9988994623853372,True
1037,1037,521,0,tfidf+perp,2,0,0.0034809301115684825,True
1038,1038,521,1,tfidf+perp,2,1,0.9991145701147727,True
1039,1039,522,0,tfidf+perp,2,0,0.037287948509624615,True
1040,1040,522,1,tfidf+perp,2,1,0.7663012885730921,True
1041,1041,523,0,tfidf+perp,2,0,0.0032319845705950723,True
1042,1042,523,1,tfidf+perp,2,1,0.6393019681252967,True
1043,1043,524,0,tfidf+perp,2,0,0.0017785984241389323,True
1044,1044,524,1,tfidf+perp,2,1,0.9353466791570346,True
1045,1045,525,0,tfidf+perp,2,0,0.0005639711116528221,True
1046,1046,525,1,tfidf+perp,2,1,0.9881298830619485,True
1047,1047,526,0,tfidf+perp,2,0,0.03174524967438003,True
1048,1048,526,1,tfidf+perp,2,1,0.9962537536934947,True
1049,1049,527,0,tfidf+perp,2,0,0.0030297596098774757,True
1050,1050,527,1,tfidf+perp,2,1,0.9949873394641907,True
1051,1051,528,0,tfidf+perp,2,0,0.015683137199598417,True
1052,1052,528,1,tfidf+perp,2,1,0.9926268788347775,True
1053,1053,529,0,tfidf+perp,2,0,0.004545440771769285,True
1054,1054,529,1,tfidf+perp,2,1,0.983865890984854,True
1055,1055,530,0,tfidf+perp,2,0,0.028457172784742947,True
1056,1056,530,1,tfidf+perp,2,1,0.9997296419913527,True
1057,1057,531,0,tfidf+perp,2,0,0.0007956663902065226,True
1058,1058,531,1,tfidf+perp,2,1,0.991540458302366,True
1059,1059,532,0,tfidf+perp,2,0,0.000674756096944138,True
1060,1060,532,1,tfidf+perp,2,1,0.9998149956695409,True
1061,1061,533,0,tfidf+perp,2,0,0.20690185934170738,True
1062,1062,533,1,tfidf+perp,2,1,0.9645177498724685,True
1063,1063,534,0,tfidf+perp,2,0,0.0008110997605305336,True
1064,1064,534,1,tfidf+perp,2,1,0.9907031173281026,True
1065,1065,535,0,tfidf+perp,2,0,0.4180391571245785,True
1066,1066,535,1,tfidf+perp,2,0,0.37073018395072993,False
1067,1067,536,0,tfidf+perp,2,0,0.0495320081583886,True
1068,1068,536,1,tfidf+perp,2,1,0.9799931017757644,True
1069,1069,537,0,tfidf+perp,2,0,0.00432868617578776,True
1070,1070,537,1,tfidf+perp,2,1,0.9994410154036526,True
1071,1071,538,0,tfidf+perp,2,0,0.01483052109138123,True
1072,1072,538,1,tfidf+perp,2,1,0.9977399180698763,True
1073,1073,539,0,tfidf+perp,2,0,0.001631654120738629,True
1074,1074,539,1,tfidf+perp,2,1,0.9865575699148984,True
1075,1075,540,0,tfidf+perp,2,0,0.0015730309691691065,True
1076,1076,540,1,tfidf+perp,2,1,0.9785558934389184,True
1077,1077,541,0,tfidf+perp,2,0,0.23754949844102985,True
1078,1078,541,1,tfidf+perp,2,1,0.9547513116067599,True
1079,1079,542,0,tfidf+perp,2,0,0.0016638264739935779,True
1080,1080,542,1,tfidf+perp,2,1,0.8037462042176999,True
1081,1081,543,0,tfidf+perp,2,0,0.021171176724797354,True
1082,1082,543,1,tfidf+perp,2,1,0.994251908046397,True
1083,1083,544,0,tfidf+perp,2,0,0.16248949530996615,True
1084,1084,544,1,tfidf+perp,2,1,0.9992687169704195,True
1085,1085,545,0,tfidf+perp,2,0,0.012761376637915321,True
1086,1086,545,1,tfidf+perp,2,1,0.9950412539129398,True
1087,1087,546,0,tfidf+perp,2,0,0.0009180845395644919,True
1088,1088,546,1,tfidf+perp,2,1,0.5918882052275583,True
1089,1089,547,0,tfidf+perp,2,0,0.008663448024063778,True
1090,1090,547,1,tfidf+perp,2,1,0.9533385527799275,True
1091,1091,548,0,tfidf+perp,2,0,0.0014682014644621332,True
1092,1092,548,1,tfidf+perp,2,0,0.2638524994457802,False
1093,1093,549,0,tfidf+perp,2,0,0.005899657507396667,True
1094,1094,549,1,tfidf+perp,2,1,0.985061796121899,True
1095,1095,550,0,tfidf+perp,2,0,0.09677628232617778,True
1096,1096,550,1,tfidf+perp,2,1,0.9471771554136919,True
1097,1097,551,0,tfidf+perp,2,0,0.011237002052943774,True
1098,1098,551,1,tfidf+perp,2,1,0.9509769539529422,True
1099,1099,552,0,tfidf+perp,2,1,0.8090565195647701,False
1100,1100,552,1,tfidf+perp,2,1,0.9403284595837297,True
1101,1101,553,0,tfidf+perp,2,0,0.007505098862536452,True
1102,1102,553,1,tfidf+perp,2,1,0.9991513637684811,True
1103,1103,554,0,tfidf+perp,2,0,0.4516119326238538,True
1104,1104,554,1,tfidf+perp,2,1,0.5815362569314491,True
1105,1105,555,0,tfidf+perp,2,0,0.07766234176983815,True
1106,1106,555,1,tfidf+perp,2,1,0.9993713270545038,True
1107,1107,556,0,tfidf+perp,2,0,0.023642150404349457,True
1108,1108,556,1,tfidf+perp,2,0,0.18935562925300034,False
1109,1109,557,0,tfidf+perp,2,0,0.01026564063402881,True
1110,1110,557,1,tfidf+perp,2,1,0.9859141491274913,True
1111,1111,558,0,tfidf+perp,2,0,0.005625298165946046,True
1112,1112,558,1,tfidf+perp,2,1,0.9670600123403037,True
1113,1113,559,0,tfidf+perp,2,0,0.0029792692112257857,True
1114,1114,559,1,tfidf+perp,2,1,0.9692991356405326,True
1115,1115,560,0,tfidf+perp,2,0,0.008206388890332723,True
1116,1116,560,1,tfidf+perp,2,1,0.9708830728002776,True
1117,1117,561,0,tfidf+perp,2,1,0.824712518687103,False
1118,1118,561,1,tfidf+perp,2,0,0.3851972649753538,False
1119,1119,562,0,tfidf+perp,2,0,0.012018863774834472,True
1120,1120,562,1,tfidf+perp,2,1,0.9722164042084703,True
1121,1121,563,0,tfidf+perp,2,0,0.0024500192422703274,True
1122,1122,563,1,tfidf+perp,2,1,0.9940546659912273,True
1123,1123,564,0,tfidf+perp,2,0,0.021040044384063615,True
1124,1124,564,1,tfidf+perp,2,1,0.6095846196759027,True
1125,1125,565,0,tfidf+perp,2,0,0.06833867909573062,True
1126,1126,565,1,tfidf+perp,2,1,0.9932835180591999,True
1127,1127,566,0,tfidf+perp,2,0,0.0004825909035006135,True
1128,1128,566,1,tfidf+perp,2,1,0.9982370370096435,True
1129,1129,567,0,tfidf+perp,2,0,0.001537478943210178,True
1130,1130,567,1,tfidf+perp,2,1,0.9892656437880967,True
1131,1131,568,0,tfidf+perp,2,0,0.01045009616513132,True
1132,1132,568,1,tfidf+perp,2,1,0.9990581654694638,True
1133,1133,569,0,tfidf+perp,2,0,0.0013460042907071678,True
1134,1134,569,1,tfidf+perp,2,1,0.9992184957963959,True
1135,1135,570,0,tfidf+perp,2,0,0.003895882289499398,True
1136,1136,570,1,tfidf+perp,2,1,0.9965775360256155,True
1137,1137,571,0,tfidf+perp,2,1,0.5223463221827621,False
1138,1138,571,1,tfidf+perp,2,1,0.9977523242248454,True
1139,1139,572,0,tfidf+perp,2,0,0.003907854619929145,True
1140,1140,572,1,tfidf+perp,2,1,0.9452210503925356,True
1141,1141,573,0,tfidf+perp,2,0,0.005470871396167856,True
1142,1142,573,1,tfidf+perp,2,1,0.642689259639886,True
1143,1143,574,0,tfidf+perp,2,0,0.00029568759863329006,True
1144,1144,574,1,tfidf+perp,2,1,0.9996167025963013,True
1145,1145,575,0,tfidf+perp,2,0,0.0021167408223319857,True
1146,1146,575,1,tfidf+perp,2,1,0.9991363970797672,True
1147,1147,576,0,tfidf+perp,2,0,0.0011748898244487113,True
1148,1148,576,1,tfidf+perp,2,1,0.9940344776273512,True
1149,1149,577,0,tfidf+perp,2,0,0.026402426546163652,True
1150,1150,577,1,tfidf+perp,2,1,0.9121796855577753,True
1151,1151,578,0,tfidf+perp,2,0,0.0034153614243428395,True
1152,1152,578,1,tfidf+perp,2,1,0.9883458363186247,True
1153,1153,579,0,tfidf+perp,2,0,0.061099406037024066,True
1154,1154,579,1,tfidf+perp,2,1,0.6483432360041425,True
1155,1155,580,0,tfidf+perp,2,0,0.2573269799824352,True
1156,1156,580,1,tfidf+perp,2,1,0.989849242205586,True
1157,1157,581,0,tfidf+perp,2,0,0.011660742550604834,True
1158,1158,581,1,tfidf+perp,2,1,0.9820329695578177,True
1159,1159,582,0,tfidf+perp,2,0,0.0029749972695695933,True
1160,1160,582,1,tfidf+perp,2,1,0.8613716725683894,True
1161,1161,583,0,tfidf+perp,2,0,0.009389637483060554,True
1162,1162,583,1,tfidf+perp,2,1,0.9432182689734557,True
1163,1163,584,0,tfidf+perp,2,0,0.11918809053209416,True
1164,1164,584,1,tfidf+perp,2,1,0.9706762077919237,True
1165,1165,585,0,tfidf+perp,2,0,0.0031094833283237915,True
1166,1166,585,1,tfidf+perp,2,1,0.976128204756094,True
1167,1167,586,0,tfidf+perp,2,0,0.00038821156394365687,True
1168,1168,586,1,tfidf+perp,2,1,0.9926274795721203,True
1169,1169,587,0,tfidf+perp,2,0,0.0026508210307296556,True
1170,1170,587,1,tfidf+perp,2,1,0.9918635058043247,True
1171,1171,588,0,tfidf+perp,2,0,0.06725344345386354,True
1172,1172,588,1,tfidf+perp,2,1,0.9952268824583146,True
1173,1173,589,0,tfidf+perp,2,0,0.06672538799758862,True
1174,1174,589,1,tfidf+perp,2,1,0.9885885511147273,True
1175,1175,590,0,tfidf+perp,2,0,0.0046940055632390095,True
1176,1176,590,1,tfidf+perp,2,1,0.9876215699430917,True
1177,1177,591,0,tfidf+perp,2,1,0.7551425163441337,False
1178,1178,591,1,tfidf+perp,2,1,0.9991107680831337,True
1179,1179,592,0,tfidf+perp,2,1,0.6098601108048282,False
1180,1180,592,1,tfidf+perp,2,1,0.9686936370453729,True
1181,1181,593,0,tfidf+perp,2,0,0.0023067689199955904,True
1182,1182,593,1,tfidf+perp,2,1,0.9990274852224027,True
1183,1183,594,0,tfidf+perp,2,0,0.014293501385444619,True
1184,1184,594,1,tfidf+perp,2,1,0.9983782455080699,True
1185,1185,595,0,tfidf+perp,2,0,0.010951861139873627,True
1186,1186,595,1,tfidf+perp,2,1,0.999573724223299,True
1187,1187,596,0,tfidf+perp,2,0,0.23315476277341265,True
1188,1188,596,1,tfidf+perp,2,1,0.996877076104263,True
1189,1189,597,0,tfidf+perp,2,0,0.23434684480290863,True
1190,1190,597,1,tfidf+perp,2,1,0.9944269456469127,True
1191,1191,598,0,tfidf+perp,2,0,0.003197900161008634,True
1192,1192,598,1,tfidf+perp,2,1,0.9795228378484266,True
1193,1193,599,0,tfidf+perp,2,0,0.19128713374130726,True
1194,1194,599,1,tfidf+perp,2,1,0.9970640405843633,True
1195,1195,600,0,tfidf+perp,2,0,0.028912017859310617,True
1196,1196,600,1,tfidf+perp,2,1,0.9891744662452747,True
1197,1197,601,0,tfidf+perp,2,0,0.005041472543204945,True
1198,1198,601,1,tfidf+perp,2,1,0.9695570409669156,True
1199,1199,602,0,tfidf+perp,2,0,0.005985530341746527,True
1200,1200,602,1,tfidf+perp,2,1,0.9967212129182601,True
1201,1201,603,0,tfidf+perp,2,0,0.002869002091399592,True
1202,1202,603,1,tfidf+perp,2,1,0.9997078286438235,True
1203,1203,604,0,tfidf+perp,2,0,0.0022313116049953057,True
1204,1204,604,1,tfidf+perp,2,1,0.9978544356199243,True
1205,1205,605,0,tfidf+perp,2,0,0.005178050892028198,True
1206,1206,605,1,tfidf+perp,2,1,0.9917989127511702,True
1207,1207,606,0,tfidf+perp,2,0,0.48732501216897794,True
1208,1208,606,1,tfidf+perp,2,1,0.9998090171845507,True
1209,1209,607,0,tfidf+perp,2,1,0.867042081836503,False
1210,1210,607,1,tfidf+perp,2,1,0.99899046730654,True
1211,1211,608,0,tfidf+perp,2,0,0.0050550565472453155,True
1212,1212,608,1,tfidf+perp,2,1,0.9995159407371985,True
1213,1213,609,0,tfidf+perp,2,0,0.005403044810540434,True
1214,1214,609,1,tfidf+perp,2,1,0.9982060542682658,True
1215,1215,610,0,tfidf+perp,2,0,0.013112139027421569,True
1216,1216,610,1,tfidf+perp,2,0,0.299855408505968,False
1217,1217,611,0,tfidf+perp,2,0,0.004970523646965367,True
1218,1218,611,1,tfidf+perp,2,1,0.9869772150581827,True
1219,1219,612,0,tfidf+perp,2,0,0.006625633270516559,True
1220,1220,612,1,tfidf+perp,2,1,0.9957059398446096,True
1221,1221,613,0,tfidf+perp,2,0,0.08435237243069588,True
1222,1222,613,1,tfidf+perp,2,1,0.9989109916203424,True
1223,1223,614,0,tfidf+perp,2,0,0.012662788269884854,True
1224,1224,614,1,tfidf+perp,2,1,0.9991195348350392,True
1225,1225,615,0,tfidf+perp,2,0,0.0018186825212578703,True
1226,1226,615,1,tfidf+perp,2,1,0.9938800960496594,True
1227,1227,616,0,tfidf+perp,2,0,0.0349667978963676,True
1228,1228,616,1,tfidf+perp,2,1,0.9424534212982215,True
1229,1229,617,0,tfidf+perp,2,0,0.0003851855436954868,True
1230,1230,617,1,tfidf+perp,2,1,0.9468628569545954,True
1231,1231,618,0,tfidf+perp,2,0,0.004109729136446266,True
1232,1232,618,1,tfidf+perp,2,1,0.995228019583528,True
1233,1233,619,0,tfidf+perp,2,0,0.09606422672349307,True
1234,1234,619,1,tfidf+perp,2,1,0.9646488298805014,True
1235,1235,620,0,tfidf+perp,2,0,0.00479024317189452,True
1236,1236,620,1,tfidf+perp,2,1,0.9986898601837284,True
1237,1237,621,0,tfidf+perp,2,0,0.1177042470655809,True
1238,1238,621,1,tfidf+perp,2,1,0.9961384054086356,True
1239,1239,622,0,tfidf+perp,2,0,0.0007925255237382835,True
1240,1240,622,1,tfidf+perp,2,1,0.9970241972151422,True
1241,1241,623,0,tfidf+perp,2,1,0.9791866182036904,False
1242,1242,623,1,tfidf+perp,2,1,0.9914755444892983,True
1243,1243,624,0,tfidf+perp,2,0,0.004679190597067969,True
1244,1244,624,1,tfidf+perp,2,1,0.9804675077686301,True
1245,1245,625,0,tfidf+perp,2,0,0.018321219852475982,True
1246,1246,625,1,tfidf+perp,2,1,0.7297456658247652,True
1247,1247,626,0,tfidf+perp,2,0,0.0005178691694148586,True
1248,1248,626,1,tfidf+perp,2,1,0.9930236672665236,True
1249,1249,627,0,tfidf+perp,2,0,0.00045650398806604085,True
1250,1250,627,1,tfidf+perp,2,1,0.9990698787415876,True
1251,1251,628,0,tfidf+perp,2,0,0.010176802114867408,True
1252,1252,628,1,tfidf+perp,2,1,0.9733989187264234,True
1253,1253,629,0,tfidf+perp,2,0,0.007773420531185822,True
1254,1254,629,1,tfidf+perp,2,0,0.06929333359142657,False
1255,1255,630,0,tfidf+perp,2,0,0.0004695730303975589,True
1256,1256,630,1,tfidf+perp,2,1,0.9989637393687932,True
1257,1257,631,0,tfidf+perp,2,0,0.000907648284058071,True
1258,1258,631,1,tfidf+perp,2,1,0.9303046735923697,True
1259,1259,632,0,tfidf+perp,2,0,0.00783036719069414,True
1260,1260,632,1,tfidf+perp,2,1,0.9927912448648851,True
1261,1261,633,0,tfidf+perp,2,0,0.002048562125353276,True
1262,1262,633,1,tfidf+perp,2,1,0.9507436067785123,True
1263,1263,634,0,tfidf+perp,2,0,0.0009965606874895447,True
1264,1264,634,1,tfidf+perp,2,1,0.9760263554935132,True
1265,1265,635,0,tfidf+perp,2,0,0.07374603516286173,True
1266,1266,635,1,tfidf+perp,2,1,0.9933647200683972,True
1267,1267,636,0,tfidf+perp,2,0,0.004494992912457313,True
1268,1268,636,1,tfidf+perp,2,1,0.9987150009741285,True
1269,1269,637,0,tfidf+perp,2,0,0.12462937505992558,True
1270,1270,637,1,tfidf+perp,2,1,0.9998581341770016,True
1271,1271,638,0,tfidf+perp,2,0,0.0012703857269332499,True
1272,1272,638,1,tfidf+perp,2,1,0.994595572118657,True
1273,1273,639,0,tfidf+perp,2,0,0.0019362074723151886,True
1274,1274,639,1,tfidf+perp,2,1,0.999437835348537,True
1275,1275,640,0,tfidf+perp,2,0,0.0003610739815366317,True
1276,1276,640,1,tfidf+perp,2,1,0.9869038668206419,True
1277,1277,641,0,tfidf+perp,2,0,0.36801498153510526,True
1278,1278,641,1,tfidf+perp,2,1,0.9967585874176922,True
1279,1279,642,0,tfidf+perp,2,0,0.0008595901149504254,True
1280,1280,642,1,tfidf+perp,2,1,0.9558727384000164,True
1281,1281,643,0,tfidf+perp,2,0,0.0006737395671215794,True
1282,1282,643,1,tfidf+perp,2,1,0.9665180748717771,True
1283,1283,644,0,tfidf+perp,2,0,0.008329434727175273,True
1284,1284,644,1,tfidf+perp,2,1,0.9995863321295729,True
1285,1285,645,0,tfidf+perp,2,0,0.002280368805623569,True
1286,1286,645,1,tfidf+perp,2,1,0.9960434870040333,True
1287,1287,646,0,tfidf+perp,2,0,0.009202546715363313,True
1288,1288,646,1,tfidf+perp,2,1,0.9970625073013013,True
1289,1289,647,0,tfidf+perp,2,0,0.0027276361428311634,True
1290,1290,647,1,tfidf+perp,2,1,0.999264566005234,True
1291,1291,648,0,tfidf+perp,2,0,0.0013346994824999902,True
1292,1292,648,1,tfidf+perp,2,1,0.9123627595649142,True
1293,1293,649,0,tfidf+perp,2,0,8.993783162851858e-05,True
1294,1294,649,1,tfidf+perp,2,1,0.9987475760409769,True
1295,1295,650,0,tfidf+perp,2,0,0.001106630933891627,True
1296,1296,650,1,tfidf+perp,2,1,0.9890485405197785,True
1297,1297,651,0,tfidf+perp,2,0,0.004314569264069694,True
1298,1298,651,1,tfidf+perp,2,1,0.8755793508892945,True
1299,1299,652,0,tfidf+perp,2,0,0.003960999037954724,True
1300,1300,652,1,tfidf+perp,2,1,0.9867401426535795,True
1301,1301,653,0,tfidf+perp,2,0,0.0014414002890988295,True
1302,1302,653,1,tfidf+perp,2,1,0.9781771905423495,True
1303,1303,654,0,tfidf+perp,2,0,0.0758908611296362,True
1304,1304,654,1,tfidf+perp,2,1,0.9566280776777659,True
1305,1305,655,0,tfidf+perp,2,0,0.0008320826679517462,True
1306,1306,655,1,tfidf+perp,2,1,0.9636835676424049,True
1307,1307,656,0,tfidf+perp,2,0,0.004079763234037899,True
1308,1308,656,1,tfidf+perp,2,1,0.9974922865519658,True
1309,1309,657,0,tfidf+perp,2,0,0.013498059092016105,True
1310,1310,657,1,tfidf+perp,2,1,0.9991099364586838,True
1311,1311,658,0,tfidf+perp,2,0,0.0004905705567630755,True
1312,1312,658,1,tfidf+perp,2,1,0.9823154648647577,True
1313,1313,659,0,tfidf+perp,2,0,0.025525908073351627,True
1314,1314,659,1,tfidf+perp,2,1,0.9939746328288311,True
1315,1315,660,0,tfidf+perp,2,0,0.0011425689894155714,True
1316,1316,660,1,tfidf+perp,2,1,0.8465480425774706,True
1317,1317,661,0,tfidf+perp,2,0,0.000719654707199879,True
1318,1318,661,1,tfidf+perp,2,1,0.9969499260137191,True
1319,1319,662,0,tfidf+perp,2,0,0.0017376068746518892,True
1320,1320,662,1,tfidf+perp,2,1,0.9980238808039682,True
1321,1321,663,0,tfidf+perp,2,0,0.00019390942741072525,True
1322,1322,663,1,tfidf+perp,2,1,0.9671406365203676,True
1323,1323,664,0,tfidf+perp,2,0,0.0015147619419329736,True
1324,1324,664,1,tfidf+perp,2,1,0.9842462596685422,True
1325,1325,665,0,tfidf+perp,2,0,0.0038382769473255607,True
1326,1326,665,1,tfidf+perp,2,1,0.9788440261086789,True
1327,1327,666,0,tfidf+perp,2,0,0.0026871403320373136,True
1328,1328,666,1,tfidf+perp,2,1,0.6451659128141255,True
1329,1329,667,0,tfidf+perp,2,0,0.0003725265512020285,True
1330,1330,667,1,tfidf+perp,2,1,0.9954443682198124,True
1331,1331,668,0,tfidf+perp,2,0,0.022497909429821175,True
1332,1332,668,1,tfidf+perp,2,1,0.9456771092560761,True
1333,1333,669,0,tfidf+perp,2,0,0.002979430174873426,True
1334,1334,669,1,tfidf+perp,2,1,0.9977697597529963,True
1335,1335,670,0,tfidf+perp,2,0,0.0043964139355429825,True
1336,1336,670,1,tfidf+perp,2,1,0.9995808328950487,True
1337,1337,671,0,tfidf+perp,2,0,0.007193523479336089,True
1338,1338,671,1,tfidf+perp,2,1,0.9978298662281534,True
1339,1339,672,0,tfidf+perp,2,0,0.0014675290226831062,True
1340,1340,672,1,tfidf+perp,2,1,0.929732119989823,True
1341,1341,673,0,tfidf+perp,2,0,0.3948231649821061,True
1342,1342,673,1,tfidf+perp,2,1,0.9994222131415001,True
1343,1343,674,0,tfidf+perp,2,0,0.002357204474323495,True
1344,1344,674,1,tfidf+perp,2,1,0.9881114551503267,True
1345,1345,675,0,tfidf+perp,2,0,0.0019223483253758891,True
1346,1346,675,1,tfidf+perp,2,1,0.906404328399147,True
1347,1347,676,0,tfidf+perp,2,0,0.16521488532931491,True
1348,1348,676,1,tfidf+perp,2,1,0.9930194930823183,True
1349,1349,677,0,tfidf+perp,2,0,0.001305448746882759,True
1350,1350,677,1,tfidf+perp,2,1,0.9899404485788007,True
1351,1351,678,0,tfidf+perp,2,0,0.0011391055817162033,True
1352,1352,678,1,tfidf+perp,2,1,0.96429913122717,True
1353,1353,679,0,tfidf+perp,2,0,0.0054151473412970925,True
1354,1354,679,1,tfidf+perp,2,1,0.9976064738523498,True
1355,1355,680,0,tfidf+perp,2,0,0.11152080464787148,True
1356,1356,680,1,tfidf+perp,2,1,0.9980561328066462,True
1357,1357,681,0,tfidf+perp,2,0,0.0016755099284930769,True
1358,1358,681,1,tfidf+perp,2,1,0.9934778867198935,True
1359,1359,682,0,tfidf+perp,2,0,0.0060160137607784955,True
1360,1360,682,1,tfidf+perp,2,1,0.9944114999068434,True
1361,1361,683,0,tfidf+perp,2,0,0.0014910262062277084,True
1362,1362,683,1,tfidf+perp,2,1,0.9496922401171077,True
1363,1363,684,0,tfidf+perp,2,0,0.0105107193980538,True
1364,1364,684,1,tfidf+perp,2,1,0.994198047673498,True
1365,1365,685,0,tfidf+perp,2,0,0.04023596454368663,True
1366,1366,685,1,tfidf+perp,2,1,0.9374792682826066,True
1367,1367,686,0,tfidf+perp,2,0,0.007605805433347155,True
1368,1368,686,1,tfidf+perp,2,1,0.9995552705210707,True
1369,1369,687,0,tfidf+perp,2,0,0.00375676190567069,True
1370,1370,687,1,tfidf+perp,2,1,0.9808199196812345,True
1371,1371,688,0,tfidf+perp,2,0,0.0005926322111730579,True
1372,1372,688,1,tfidf+perp,2,1,0.9719257343653624,True
1373,1373,689,0,tfidf+perp,2,0,0.0008557898849246733,True
1374,1374,689,1,tfidf+perp,2,1,0.997944160264278,True
1375,1375,690,0,tfidf+perp,2,0,0.005853360900234969,True
1376,1376,690,1,tfidf+perp,2,1,0.9666503834496212,True
1377,1377,691,0,tfidf+perp,2,0,0.06962331265260324,True
1378,1378,691,1,tfidf+perp,2,1,0.899079246912374,True
1379,1379,692,0,tfidf+perp,2,0,0.0014632524713777612,True
1380,1380,692,1,tfidf+perp,2,1,0.9874794907480189,True
1381,1381,693,0,tfidf+perp,2,0,0.005329935597710065,True
1382,1382,693,1,tfidf+perp,2,1,0.9706968652470029,True
1383,1383,694,0,tfidf+perp,2,0,0.0022167197174468695,True
1384,1384,694,1,tfidf+perp,2,0,0.2574355098369955,False
1385,1385,695,0,tfidf+perp,2,0,0.018662378244908774,True
1386,1386,695,1,tfidf+perp,2,1,0.9884771582813291,True
1387,1387,696,0,tfidf+perp,2,0,0.0012841268844996524,True
1388,1388,696,1,tfidf+perp,2,1,0.9977617081040315,True
1389,1389,697,0,tfidf+perp,2,0,0.0065114015497437895,True
1390,1390,697,1,tfidf+perp,2,1,0.9979491438494407,True
1391,1391,698,0,tfidf+perp,2,0,0.016487419441316948,True
1392,1392,698,1,tfidf+perp,2,1,0.8810053855345148,True
1393,1393,699,0,tfidf+perp,2,0,0.04744084206602802,True
1394,1394,699,1,tfidf+perp,2,1,0.9966310308378938,True
1395,1395,700,0,tfidf+perp,2,0,0.020019235426020382,True
1396,1396,700,1,tfidf+perp,2,1,0.996401716781258,True
1397,1397,701,0,tfidf+perp,2,0,0.0028348483615990455,True
1398,1398,701,1,tfidf+perp,2,1,0.995483046664717,True
1399,1399,702,0,tfidf+perp,2,0,0.005708542083438452,True
1400,1400,702,1,tfidf+perp,2,1,0.9877097365869929,True
1401,1401,703,0,tfidf+perp,2,0,0.07495097477615009,True
1402,1402,703,1,tfidf+perp,2,1,0.6881904824305496,True
1403,1403,704,0,tfidf+perp,2,1,0.617965390741587,False
1404,1404,704,1,tfidf+perp,2,1,0.9975695163759302,True
1405,1405,705,0,tfidf+perp,2,0,0.027414303754175615,True
1406,1406,705,1,tfidf+perp,2,1,0.9995103889544864,True
1407,1407,706,0,tfidf+perp,2,0,0.017325848442839346,True
1408,1408,706,1,tfidf+perp,2,1,0.9751661714888756,True
1409,1409,707,0,tfidf+perp,2,0,0.0017173552466458516,True
1410,1410,707,1,tfidf+perp,2,1,0.9996959067436537,True
1411,1411,708,0,tfidf+perp,2,0,0.00027439561699532346,True
1412,1412,708,1,tfidf+perp,2,1,0.8994081645464673,True
1413,1413,709,0,tfidf+perp,2,0,0.032028766270076246,True
1414,1414,709,1,tfidf+perp,2,1,0.9779235567548246,True
1415,1415,710,0,tfidf+perp,2,0,0.0016847011366632931,True
1416,1416,710,1,tfidf+perp,2,1,0.994386933873938,True
1417,1417,711,0,tfidf+perp,2,0,0.0009835899796856466,True
1418,1418,711,1,tfidf+perp,2,1,0.9780086957156184,True
1419,1419,712,0,tfidf+perp,2,0,0.013658440500363227,True
1420,1420,712,1,tfidf+perp,2,1,0.9440309138798999,True
1421,1421,713,0,tfidf+perp,2,0,0.04784682337687916,True
1422,1422,713,1,tfidf+perp,2,1,0.9976777940788318,True
1423,1423,714,0,tfidf+perp,2,0,0.0038133564615419,True
1424,1424,714,1,tfidf+perp,2,1,0.9982601994853114,True
1425,1425,715,0,tfidf+perp,2,0,0.012145349874677743,True
1426,1426,715,1,tfidf+perp,2,1,0.9907457546231557,True
1427,1427,716,0,tfidf+perp,2,0,0.004878268910338687,True
1428,1428,716,1,tfidf+perp,2,1,0.9330078251209335,True
1429,1429,717,0,tfidf+perp,2,1,0.6648275763393201,False
1430,1430,717,1,tfidf+perp,2,1,0.961261799259478,True
1431,1431,718,0,tfidf+perp,2,0,0.004869326526549791,True
1432,1432,718,1,tfidf+perp,2,1,0.9977820047079539,True
1433,1433,719,0,tfidf+perp,2,0,0.001095229487093661,True
1434,1434,719,1,tfidf+perp,2,1,0.9644293081572066,True
1435,1435,720,0,tfidf+perp,2,1,0.5279152060304366,False
1436,1436,720,1,tfidf+perp,2,1,0.9939708799964837,True
1437,1437,721,0,tfidf+perp,2,0,0.0022944948279306596,True
1438,1438,721,1,tfidf+perp,2,1,0.8922203843254083,True
1439,1439,722,0,tfidf+perp,2,0,0.009342375011018809,True
1440,1440,722,1,tfidf+perp,2,1,0.9360380565385539,True
1441,1441,723,0,tfidf+perp,2,0,0.007241955020755858,True
1442,1442,723,1,tfidf+perp,2,1,0.9818095568429057,True
1443,1443,724,0,tfidf+perp,2,0,0.008873495055547862,True
1444,1444,724,1,tfidf+perp,2,1,0.9994599123229424,True
1445,1445,725,0,tfidf+perp,2,0,0.013580678944249353,True
1446,1446,725,1,tfidf+perp,2,1,0.9653647050057212,True
1447,1447,726,0,tfidf+perp,2,0,0.0013063268708698845,True
1448,1448,726,1,tfidf+perp,2,1,0.9998044870774038,True
1449,1449,727,0,tfidf+perp,2,0,0.001777679654103772,True
1450,1450,727,1,tfidf+perp,2,1,0.9877052388029829,True
1451,1451,728,0,tfidf+perp,2,0,0.0015936747173619218,True
1452,1452,728,1,tfidf+perp,2,1,0.9991583796996241,True
1453,1453,729,0,tfidf+perp,2,0,0.00047911906642202285,True
1454,1454,729,1,tfidf+perp,2,1,0.9008298467339612,True
1455,1455,730,0,tfidf+perp,2,0,0.2065838840056499,True
1456,1456,730,1,tfidf+perp,2,1,0.9984194458503279,True
1457,1457,731,0,tfidf+perp,2,0,0.018532154409758396,True
1458,1458,731,1,tfidf+perp,2,1,0.9943380529902393,True
1459,1459,732,0,tfidf+perp,2,0,0.0012333518506696375,True
1460,1460,732,1,tfidf+perp,2,1,0.9026355033898531,True
1461,1461,733,0,tfidf+perp,2,0,0.0038368815005396188,True
1462,1462,733,1,tfidf+perp,2,1,0.9758888189938456,True
1463,1463,734,0,tfidf+perp,2,0,0.01997373624451928,True
1464,1464,734,1,tfidf+perp,2,1,0.9852829892552882,True
1465,1465,735,0,tfidf+perp,2,0,0.0011268385965453635,True
1466,1466,735,1,tfidf+perp,2,1,0.9984484429386236,True
1467,1467,736,0,tfidf+perp,2,0,0.00611792626490079,True
1468,1468,736,1,tfidf+perp,2,1,0.9811833596300455,True
1469,1469,737,0,tfidf+perp,2,0,0.004547179049541686,True
1470,1470,737,1,tfidf+perp,2,1,0.9779588126550465,True
1471,1471,738,0,tfidf+perp,2,0,0.002017000983223705,True
1472,1472,738,1,tfidf+perp,2,1,0.9947882934990969,True
1473,1473,739,0,tfidf+perp,2,0,0.23052093132537213,True
1474,1474,739,1,tfidf+perp,2,1,0.9958902447162304,True
1475,1475,740,0,tfidf+perp,2,0,0.0011022361800509396,True
1476,1476,740,1,tfidf+perp,2,1,0.9986762832171974,True
1477,1477,741,0,tfidf+perp,2,0,0.006197793456093749,True
1478,1478,741,1,tfidf+perp,2,1,0.9771122260336937,True
1479,1479,742,0,tfidf+perp,2,0,0.2979234079078877,True
1480,1480,742,1,tfidf+perp,2,1,0.9828052445243789,True
1481,1481,743,0,tfidf+perp,2,0,0.014127926428972818,True
1482,1482,743,1,tfidf+perp,2,1,0.9901427665874186,True
1483,1483,744,0,tfidf+perp,2,0,6.664615243620327e-05,True
1484,1484,744,1,tfidf+perp,2,1,0.9959016161602862,True
1485,1485,745,0,tfidf+perp,2,0,0.024004606360010367,True
1486,1486,745,1,tfidf+perp,2,1,0.996856088077026,True
1487,1487,746,0,tfidf+perp,2,0,0.00040325642736609136,True
1488,1488,746,1,tfidf+perp,2,1,0.9936565222871138,True
1489,1489,747,0,tfidf+perp,2,0,0.03168090470089374,True
1490,1490,747,1,tfidf+perp,2,1,0.9954377729263463,True
1491,1491,748,0,tfidf+perp,2,0,0.0027970857419133024,True
1492,1492,748,1,tfidf+perp,2,1,0.9942017333938487,True
1493,1493,749,0,tfidf+perp,2,0,0.01361124335379692,True
1494,1494,749,1,tfidf+perp,2,0,0.4493868867024941,False
1495,1495,750,0,tfidf+perp,2,0,0.00899859941409957,True
1496,1496,750,1,tfidf+perp,2,1,0.9980892136761333,True
1497,1497,751,0,tfidf+perp,2,0,0.0069459692611542004,True
1498,1498,751,1,tfidf+perp,2,1,0.8920442635264121,True
1499,1499,752,0,tfidf+perp,2,0,0.0016053963813386048,True
1500,1500,752,1,tfidf+perp,2,1,0.9995391581441302,True
1501,1501,753,0,tfidf+perp,2,0,0.001531248315280698,True
1502,1502,753,1,tfidf+perp,2,1,0.903263127847243,True
1503,1503,754,0,tfidf+perp,2,0,0.0003052708258985633,True
1504,1504,754,1,tfidf+perp,2,1,0.9967499932401358,True
1505,1505,755,0,tfidf+perp,2,0,0.012861169447233872,True
1506,1506,755,1,tfidf+perp,2,1,0.9901561048000771,True
1507,1507,756,0,tfidf+perp,2,0,0.0010808395196640174,True
1508,1508,756,1,tfidf+perp,2,1,0.995559699053509,True
1509,1509,757,0,tfidf+perp,2,0,0.011852421661694772,True
1510,1510,757,1,tfidf+perp,2,1,0.9754128252571408,True
1511,1511,758,0,tfidf+perp,2,0,0.0002317703186916729,True
1512,1512,758,1,tfidf+perp,2,1,0.7247518249567104,True
1513,1513,759,0,tfidf+perp,2,0,0.010308402666700429,True
1514,1514,759,1,tfidf+perp,2,1,0.9800071866155089,True
1515,1515,760,0,tfidf+perp,2,0,0.0030511191778224487,True
1516,1516,760,1,tfidf+perp,2,1,0.9938157704104247,True
1517,1517,761,0,tfidf+perp,2,0,0.021267062059701997,True
1518,1518,761,1,tfidf+perp,2,1,0.9701449062769418,True
1519,1519,762,0,tfidf+perp,2,0,0.26412091224370615,True
1520,1520,762,1,tfidf+perp,2,1,0.9925518982848828,True
1521,1521,763,0,tfidf+perp,2,0,0.06684282873079775,True
1522,1522,763,1,tfidf+perp,2,1,0.8516675703284735,True
1523,1523,764,0,tfidf+perp,2,0,0.0025237795801080357,True
1524,1524,764,1,tfidf+perp,2,1,0.9989485557929538,True
1525,1525,765,0,tfidf+perp,2,0,0.008481155344501544,True
1526,1526,765,1,tfidf+perp,2,1,0.9896984277155597,True
1527,1527,766,0,tfidf+perp,2,0,0.010136702609972398,True
1528,1528,766,1,tfidf+perp,2,1,0.9999319377804043,True
1529,1529,767,0,tfidf+perp,2,0,0.005281698017928253,True
1530,1530,767,1,tfidf+perp,2,1,0.996488042843228,True
1531,1531,768,0,tfidf+perp,2,0,0.011119594277778515,True
1532,1532,768,1,tfidf+perp,2,1,0.9886375422438929,True
1533,1533,769,0,tfidf+perp,2,0,0.024880098294710724,True
1534,1534,769,1,tfidf+perp,2,1,0.9954517622203285,True
1535,1535,770,0,tfidf+perp,2,0,0.002234388769266268,True
1536,1536,770,1,tfidf+perp,2,1,0.9750941326756398,True
1537,1537,771,0,tfidf+perp,2,0,0.005576722866322253,True
1538,1538,771,1,tfidf+perp,2,1,0.9920722030304474,True
1539,1539,772,0,tfidf+perp,2,0,0.00831479268032423,True
1540,1540,772,1,tfidf+perp,2,1,0.9973831496769157,True
1541,1541,773,0,tfidf+perp,2,0,0.1962651802496055,True
1542,1542,773,1,tfidf+perp,2,1,0.9771381706995848,True
1543,1543,774,0,tfidf+perp,2,0,0.05830093265850071,True
1544,1544,774,1,tfidf+perp,2,1,0.869340885851465,True
1545,1545,775,0,tfidf+perp,2,1,0.9055932555476924,False
1546,1546,775,1,tfidf+perp,2,1,0.99519526429984,True
1547,1547,776,0,tfidf+perp,2,0,0.0014607156258972809,True
1548,1548,776,1,tfidf+perp,2,1,0.9986948458557353,True
1549,1549,777,0,tfidf+perp,2,0,0.08692708308931807,True
1550,1550,777,1,tfidf+perp,2,1,0.9993942420882842,True
1551,1551,778,0,tfidf+perp,2,0,0.0016174405022794794,True
1552,1552,778,1,tfidf+perp,2,1,0.9886082363932948,True
1553,1553,779,0,tfidf+perp,2,0,0.09252590706877398,True
1554,1554,779,1,tfidf+perp,2,1,0.9873727049378004,True
1555,1555,780,0,tfidf+perp,2,0,0.0006704048962640804,True
1556,1556,780,1,tfidf+perp,2,1,0.9784704480422495,True
1557,1557,781,0,tfidf+perp,2,0,0.004612910627435531,True
1558,1558,781,1,tfidf+perp,2,1,0.9991959563672353,True
1559,1559,782,0,tfidf+perp,2,0,0.006529695757476024,True
1560,1560,782,1,tfidf+perp,2,1,0.9992144828621048,True
1561,1561,783,0,tfidf+perp,2,0,0.0015166213761797199,True
1562,1562,783,1,tfidf+perp,2,1,0.9986146998139426,True
1563,1563,784,1,tfidf+perp,2,1,0.9991904125143388,True
1564,1564,785,0,tfidf+perp,2,0,0.12612635584151197,True
1565,1565,785,1,tfidf+perp,2,1,0.9516289980908432,True
1566,1566,786,0,tfidf+perp,2,0,0.0010778778476009348,True
1567,1567,786,1,tfidf+perp,2,1,0.9688709516665649,True
1568,1568,787,0,tfidf+perp,2,0,0.19807919301664567,True
1569,1569,787,1,tfidf+perp,2,1,0.9996155803199936,True
1570,1570,788,0,tfidf+perp,2,0,0.0016235693080454963,True
1571,1571,788,1,tfidf+perp,2,1,0.9390711197973401,True
1572,1572,789,0,tfidf+perp,2,0,0.00605485523599178,True
1573,1573,789,1,tfidf+perp,2,1,0.9967275780914283,True
1574,1574,790,0,tfidf+perp,2,0,0.004449277671799769,True
1575,1575,790,1,tfidf+perp,2,1,0.9991330765637777,True
1576,1576,791,0,tfidf+perp,2,0,0.00449240836405494,True
1577,1577,791,1,tfidf+perp,2,1,0.9960853470003537,True
1578,1578,792,0,tfidf+perp,2,0,0.16186271233200164,True
1579,1579,792,1,tfidf+perp,2,1,0.9978716301251015,True
1580,1580,793,0,tfidf+perp,2,0,0.019558339868072528,True
1581,1581,793,1,tfidf+perp,2,1,0.99908867426741,True
1582,1582,794,0,tfidf+perp,2,0,0.005486890639315604,True
1583,1583,794,1,tfidf+perp,2,1,0.9873235266838456,True
1584,1584,795,0,tfidf+perp,2,0,0.010375803754401607,True
1585,1585,795,1,tfidf+perp,2,1,0.8377663460553667,True
1586,1586,796,0,tfidf+perp,2,0,0.00525969220347852,True
1587,1587,796,1,tfidf+perp,2,1,0.9935562823086538,True
1588,1588,797,0,tfidf+perp,2,0,0.346708707634066,True
1589,1589,797,1,tfidf+perp,2,1,0.9887167352763192,True
1590,1590,798,0,tfidf+perp,2,0,0.0030251542378182394,True
1591,1591,798,1,tfidf+perp,2,1,0.9619305293059803,True
1592,1592,799,0,tfidf+perp,2,0,0.006420932617328953,True
1593,1593,799,1,tfidf+perp,2,1,0.9906889801838514,True
1594,1594,800,0,tfidf+perp,2,0,0.0007554825004459828,True
1595,1595,800,1,tfidf+perp,2,1,0.9886363628856178,True
1596,1596,801,0,tfidf+perp,2,0,0.04226063847464631,True
1597,1597,801,1,tfidf+perp,2,1,0.9993517687919182,True
1598,1598,802,0,tfidf+perp,2,1,0.5006913305543531,False
1599,1599,802,1,tfidf+perp,2,1,0.9994458208209898,True
1600,1600,803,0,tfidf+perp,2,0,0.015856912412200247,True
1601,1601,803,1,tfidf+perp,2,1,0.9991282814195784,True
1602,1602,804,0,tfidf+perp,2,0,0.005314977279257575,True
1603,1603,804,1,tfidf+perp,2,1,0.9877035362945819,True
1604,1604,805,0,tfidf+perp,2,0,0.001542671348299265,True
1605,1605,805,1,tfidf+perp,2,1,0.9997637445805364,True
1606,1606,806,0,tfidf+perp,2,0,0.00512135065613499,True
1607,1607,806,1,tfidf+perp,2,1,0.9933303406803418,True
1608,1608,807,0,tfidf+perp,2,0,0.39397812613908517,True
1609,1609,807,1,tfidf+perp,2,1,0.9901611525462547,True
1610,1610,808,0,tfidf+perp,2,0,0.020346240911204013,True
1611,1611,808,1,tfidf+perp,2,1,0.9858195870197742,True
1612,1612,809,0,tfidf+perp,2,0,0.0018862710869165247,True
1613,1613,809,1,tfidf+perp,2,1,0.9875067051655014,True
1614,1614,810,0,tfidf+perp,2,0,0.009289630042694664,True
1615,1615,810,1,tfidf+perp,2,1,0.9839892380579517,True
1616,1616,811,0,tfidf+perp,2,0,0.003648911895055913,True
1617,1617,811,1,tfidf+perp,2,1,0.8520068136282889,True
1618,1618,812,0,tfidf+perp,2,0,0.004596596623626553,True
1619,1619,812,1,tfidf+perp,2,1,0.9767556497510967,True
1620,1620,813,1,tfidf+perp,2,1,0.9966460364661884,True
1621,1621,814,0,tfidf+perp,2,0,0.006037687619937549,True
1622,1622,814,1,tfidf+perp,2,1,0.9970154527728357,True
1623,1623,815,0,tfidf+perp,2,0,0.002841242714329995,True
1624,1624,815,1,tfidf+perp,2,1,0.9989484448966688,True
1625,1625,816,0,tfidf+perp,2,0,0.0066339606107358885,True
1626,1626,816,1,tfidf+perp,2,1,0.9963393640921782,True
1627,1627,817,0,tfidf+perp,2,1,0.6303751688320441,False
1628,1628,817,1,tfidf+perp,2,1,0.9879841073973301,True
1629,1629,818,0,tfidf+perp,2,0,0.006061836663846565,True
1630,1630,818,1,tfidf+perp,2,1,0.9491366266760819,True
1631,1631,819,0,tfidf+perp,2,0,0.005133231124312395,True
1632,1632,819,1,tfidf+perp,2,1,0.9897242727228638,True
1633,1633,820,0,tfidf+perp,2,0,0.004086486471365028,True
1634,1634,820,1,tfidf+perp,2,1,0.9803523948762691,True
1635,1635,821,0,tfidf+perp,2,0,0.00814243896667954,True
1636,1636,821,1,tfidf+perp,2,1,0.9433556728565211,True
1637,1637,822,0,tfidf+perp,2,0,0.006664431336472228,True
1638,1638,822,1,tfidf+perp,2,1,0.9993614585580203,True
1639,1639,823,0,tfidf+perp,2,0,0.0006958439776693487,True
1640,1640,823,1,tfidf+perp,2,1,0.9994560484826657,True
1641,1641,824,0,tfidf+perp,2,0,0.001714362830944836,True
1642,1642,824,1,tfidf+perp,2,1,0.9909639725650391,True
1643,1643,825,0,tfidf+perp,2,0,0.03410351262608065,True
1644,1644,825,1,tfidf+perp,2,1,0.9975032217572799,True
1645,1645,826,0,tfidf+perp,2,0,0.002545124362255075,True
1646,1646,826,1,tfidf+perp,2,1,0.9947583546485487,True
1647,1647,827,0,tfidf+perp,2,0,0.011514614155981692,True
1648,1648,827,1,tfidf+perp,2,1,0.9993798871508935,True
1649,1649,828,0,tfidf+perp,2,0,0.014630822348680982,True
1650,1650,828,1,tfidf+perp,2,1,0.9895831221857097,True
1651,1651,829,0,tfidf+perp,2,0,0.05256036767714417,True
1652,1652,829,1,tfidf+perp,2,1,0.9508346810145438,True
1653,1653,830,0,tfidf+perp,2,0,0.003164854467788507,True
1654,1654,830,1,tfidf+perp,2,1,0.9778462467991783,True
1655,1655,831,0,tfidf+perp,2,0,0.006478925857774001,True
1656,1656,831,1,tfidf+perp,2,0,0.3505101011733462,False
1657,1657,832,0,tfidf+perp,2,0,0.0010682474850655938,True
1658,1658,832,1,tfidf+perp,2,1,0.9952396307479191,True
1659,1659,833,0,tfidf+perp,2,0,0.2795883715827154,True
1660,1660,833,1,tfidf+perp,2,1,0.9982446023188253,True
1661,1661,834,0,tfidf+perp,2,0,0.0002831366039874766,True
1662,1662,834,1,tfidf+perp,2,1,0.9902710160670506,True
1663,1663,835,0,tfidf+perp,2,0,0.0018494229427815066,True
1664,1664,835,1,tfidf+perp,2,1,0.9677160455529298,True
1665,1665,836,0,tfidf+perp,2,0,0.008989631404460753,True
1666,1666,836,1,tfidf+perp,2,1,0.973087761512588,True
1667,1667,837,0,tfidf+perp,2,0,0.0009762180093295985,True
1668,1668,837,1,tfidf+perp,2,1,0.9657791174375061,True
1669,1669,838,0,tfidf+perp,2,0,0.0027612882157581316,True
1670,1670,838,1,tfidf+perp,2,1,0.9753510865653379,True
1671,1671,839,0,tfidf+perp,2,0,0.004537705238980644,True
1672,1672,839,1,tfidf+perp,2,1,0.9926440733994535,True
1673,1673,840,0,tfidf+perp,2,0,0.0026316477832328106,True
1674,1674,840,1,tfidf+perp,2,1,0.998265092970502,True
1675,1675,841,0,tfidf+perp,2,0,0.001558395636878379,True
1676,1676,841,1,tfidf+perp,2,1,0.9946956889077158,True
1677,1677,842,0,tfidf+perp,2,0,0.009425229898007936,True
1678,1678,842,1,tfidf+perp,2,1,0.9902584180722116,True
1679,1679,843,0,tfidf+perp,2,0,0.1682768407109895,True
1680,1680,843,1,tfidf+perp,2,1,0.9958598168460832,True
1681,1681,844,0,tfidf+perp,2,0,0.005886694163016633,True
1682,1682,844,1,tfidf+perp,2,1,0.9864717935154856,True
1683,1683,845,0,tfidf+perp,2,0,0.0010711530864810502,True
1684,1684,845,1,tfidf+perp,2,1,0.9995282970770211,True
1685,1685,846,0,tfidf+perp,2,0,0.0032183780787123713,True
1686,1686,846,1,tfidf+perp,2,1,0.9889250021442322,True
1687,1687,847,0,tfidf+perp,2,0,0.002236903348731984,True
1688,1688,847,1,tfidf+perp,2,1,0.9988779149419261,True
1689,1689,848,0,tfidf+perp,2,0,0.016458272767205087,True
1690,1690,848,1,tfidf+perp,2,1,0.9996083354900481,True
1691,1691,849,0,tfidf+perp,2,0,0.0014907585529072035,True
1692,1692,849,1,tfidf+perp,2,1,0.9973758316753466,True
1693,1693,850,0,tfidf+perp,2,0,0.006276484566897747,True
1694,1694,850,1,tfidf+perp,2,1,0.9879311352358515,True
1695,1695,851,0,tfidf+perp,2,0,0.0026357419497668876,True
1696,1696,851,1,tfidf+perp,2,1,0.9879259338029919,True
1697,1697,852,0,tfidf+perp,2,0,0.0007515176325549697,True
1698,1698,852,1,tfidf+perp,2,1,0.9769317205758313,True
1699,1699,853,0,tfidf+perp,2,0,0.05296283401549023,True
1700,1700,853,1,tfidf+perp,2,1,0.99959503156729,True
1701,1701,854,0,tfidf+perp,2,0,0.010315203230068402,True
1702,1702,854,1,tfidf+perp,2,1,0.9982188672258366,True
1703,1703,855,0,tfidf+perp,2,0,0.0077013131844545744,True
1704,1704,855,1,tfidf+perp,2,1,0.9933578971242045,True
1705,1705,856,0,tfidf+perp,2,0,0.0005044545880961851,True
1706,1706,856,1,tfidf+perp,2,1,0.9999060479673936,True
1707,1707,857,0,tfidf+perp,2,0,0.052040192116362564,True
1708,1708,857,1,tfidf+perp,2,1,0.9240370277315448,True
1709,1709,858,0,tfidf+perp,2,0,0.24634047521650979,True
1710,1710,858,1,tfidf+perp,2,1,0.9990779253470627,True
1711,1711,859,0,tfidf+perp,2,0,0.004741574515790905,True
1712,1712,859,1,tfidf+perp,2,1,0.5541339804768503,True
1713,1713,860,0,tfidf+perp,2,0,0.01293278006104843,True
1714,1714,860,1,tfidf+perp,2,1,0.9979005664487403,True
1715,1715,861,0,tfidf+perp,2,0,0.0005048702091031177,True
1716,1716,861,1,tfidf+perp,2,1,0.9968742556665706,True
1717,1717,862,0,tfidf+perp,2,0,0.011875191366491242,True
1718,1718,862,1,tfidf+perp,2,0,0.2642839492003371,False
1719,1719,863,0,tfidf+perp,2,0,0.014263111848033994,True
1720,1720,863,1,tfidf+perp,2,1,0.9954335195660114,True
1721,1721,864,0,tfidf+perp,2,0,0.38716206001569703,True
1722,1722,864,1,tfidf+perp,2,1,0.9935241584376918,True
1723,1723,865,0,tfidf+perp,2,0,0.0010782161279854145,True
1724,1724,865,1,tfidf+perp,2,1,0.9986388570257232,True
1725,1725,866,0,tfidf+perp,2,0,0.0012340796831310375,True
1726,1726,866,1,tfidf+perp,2,1,0.9956107308951159,True
1727,1727,867,0,tfidf+perp,2,0,0.018410493381433118,True
1728,1728,867,1,tfidf+perp,2,1,0.9923294573203811,True
1729,1729,868,0,tfidf+perp,2,0,0.016605978651291035,True
1730,1730,868,1,tfidf+perp,2,1,0.9989381544738448,True
1731,1731,869,0,tfidf+perp,2,0,0.03747573935794112,True
1732,1732,869,1,tfidf+perp,2,1,0.9997063147823317,True
1733,1733,870,0,tfidf+perp,2,0,0.003992592494657287,True
1734,1734,870,1,tfidf+perp,2,1,0.9851510114858537,True
1735,1735,871,0,tfidf+perp,2,0,0.04219383716672117,True
1736,1736,871,1,tfidf+perp,2,1,0.9996182000976893,True
1737,1737,872,0,tfidf+perp,2,0,0.01733260970010209,True
1738,1738,872,1,tfidf+perp,2,1,0.9996036525020084,True
1739,1739,873,0,tfidf+perp,2,0,0.0008739819545951287,True
1740,1740,873,1,tfidf+perp,2,1,0.9694928945957089,True
1741,1741,874,0,tfidf+perp,2,0,0.001672521211601735,True
1742,1742,874,1,tfidf+perp,2,1,0.5871353818682767,True
1743,1743,875,0,tfidf+perp,2,0,0.0012080698655458325,True
1744,1744,875,1,tfidf+perp,2,1,0.9204292587878399,True
1745,1745,876,0,tfidf+perp,2,0,0.020925596262270262,True
1746,1746,876,1,tfidf+perp,2,1,0.9981133523816956,True
1747,1747,877,0,tfidf+perp,2,0,0.005978126968783474,True
1748,1748,877,1,tfidf+perp,2,1,0.9798000257262789,True
1749,1749,878,0,tfidf+perp,2,0,0.2616556459483687,True
1750,1750,878,1,tfidf+perp,2,1,0.9996563547816332,True
1751,1751,879,0,tfidf+perp,2,0,0.023125341363951342,True
1752,1752,879,1,tfidf+perp,2,1,0.9469703263730825,True
1753,1753,880,0,tfidf+perp,2,0,0.10325157824746695,True
1754,1754,880,1,tfidf+perp,2,1,0.9938633019821204,True
1755,1755,881,0,tfidf+perp,2,0,0.012733708342376847,True
1756,1756,881,1,tfidf+perp,2,1,0.9925446029559014,True
1757,1757,882,0,tfidf+perp,2,0,0.1601787879206628,True
1758,1758,882,1,tfidf+perp,2,1,0.9917112910997792,True
1759,1759,883,0,tfidf+perp,2,0,0.0011729803213427468,True
1760,1760,883,1,tfidf+perp,2,1,0.9893819065984005,True
1761,1761,884,0,tfidf+perp,2,0,0.0007319191667961258,True
1762,1762,884,1,tfidf+perp,2,1,0.9347860861217939,True
1763,1763,885,0,tfidf+perp,2,0,0.008545695559834312,True
1764,1764,885,1,tfidf+perp,2,1,0.9921899494669454,True
1765,1765,886,0,tfidf+perp,2,0,0.0029436289021086016,True
1766,1766,886,1,tfidf+perp,2,1,0.9976903845141154,True
1767,1767,887,0,tfidf+perp,2,0,0.0005611658084205493,True
1768,1768,887,1,tfidf+perp,2,1,0.8982472845501168,True
1769,1769,888,0,tfidf+perp,2,0,0.006518518607740201,True
1770,1770,888,1,tfidf+perp,2,1,0.9993682436990602,True
1771,1771,889,0,tfidf+perp,2,0,0.13322180057096358,True
1772,1772,889,1,tfidf+perp,2,1,0.995399185912061,True
1773,1773,890,0,tfidf+perp,2,0,0.004375243159366434,True
1774,1774,890,1,tfidf+perp,2,1,0.9565817821519482,True
1775,1775,891,0,tfidf+perp,2,1,0.6580091494399971,False
1776,1776,891,1,tfidf+perp,2,1,0.5512446121928644,True
1777,1777,892,0,tfidf+perp,2,0,0.006043586917098329,True
1778,1778,892,1,tfidf+perp,2,1,0.9989144609078141,True
1779,1779,893,0,tfidf+perp,2,0,0.00826637253628466,True
1780,1780,893,1,tfidf+perp,2,1,0.9472214626315861,True
1781,1781,894,0,tfidf+perp,2,0,0.020712121802426254,True
1782,1782,894,1,tfidf+perp,2,1,0.9843537005555713,True
1783,1783,895,0,tfidf+perp,2,0,0.0002459063432838122,True
1784,1784,895,1,tfidf+perp,2,1,0.9919969357122361,True
1785,1785,896,0,tfidf+perp,2,0,0.0024979960117253474,True
1786,1786,896,1,tfidf+perp,2,1,0.9935884937513452,True
1787,1787,897,0,tfidf+perp,2,0,0.0007726708770151646,True
1788,1788,897,1,tfidf+perp,2,1,0.9765050879228697,True
1789,1789,898,0,tfidf+perp,2,0,0.07511514783380889,True
1790,1790,898,1,tfidf+perp,2,1,0.9844995449079096,True
1791,1791,899,0,tfidf+perp,2,0,0.0022280510680880356,True
1792,1792,899,1,tfidf+perp,2,1,0.9719160204192219,True
1793,1793,900,0,tfidf+perp,2,0,0.006110433494268394,True
1794,1794,900,1,tfidf+perp,2,1,0.9277950858425791,True
1795,1795,901,0,tfidf+perp,2,0,0.15375503838857435,True
1796,1796,901,1,tfidf+perp,2,1,0.9960102294676301,True
1797,1797,902,0,tfidf+perp,2,0,0.06578574041236457,True
1798,1798,902,1,tfidf+perp,2,1,0.9773507746808963,True
1799,1799,903,0,tfidf+perp,2,0,0.0004940286141237374,True
1800,1800,903,1,tfidf+perp,2,1,0.998693608366349,True
1801,1801,904,0,tfidf+perp,2,0,0.009647524508529322,True
1802,1802,904,1,tfidf+perp,2,1,0.990659336007856,True
1803,1803,905,0,tfidf+perp,2,0,0.006370255030269599,True
1804,1804,905,1,tfidf+perp,2,1,0.9960812384650528,True
1805,1805,906,0,tfidf+perp,2,0,0.0010932208468683077,True
1806,1806,906,1,tfidf+perp,2,1,0.9988048578121912,True
1807,1807,907,0,tfidf+perp,2,0,0.015467886494904428,True
1808,1808,907,1,tfidf+perp,2,1,0.9653550752805717,True
1809,1809,908,0,tfidf+perp,2,0,0.0006622199592542468,True
1810,1810,908,1,tfidf+perp,2,0,0.12439408414131145,False
1811,1811,909,0,tfidf+perp,2,0,0.03072703797982201,True
1812,1812,909,1,tfidf+perp,2,1,0.9865004081854225,True
1813,1813,910,0,tfidf+perp,2,0,0.004640736548554181,True
1814,1814,910,1,tfidf+perp,2,1,0.9895987865593092,True
1815,1815,911,0,tfidf+perp,2,0,0.04980281551123343,True
1816,1816,911,1,tfidf+perp,2,1,0.9960921111125979,True
1817,1817,912,0,tfidf+perp,2,0,0.012813031422415012,True
1818,1818,912,1,tfidf+perp,2,1,0.9987266791300974,True
1819,1819,913,0,tfidf+perp,2,0,0.0005896755251711175,True
1820,1820,913,1,tfidf+perp,2,1,0.9927640852000518,True
1821,1821,914,0,tfidf+perp,2,0,0.10945720002378004,True
1822,1822,914,1,tfidf+perp,2,1,0.999349814992445,True
1823,1823,915,0,tfidf+perp,2,0,0.0011209757688097422,True
1824,1824,915,1,tfidf+perp,2,1,0.9664768337100784,True
1825,1825,916,0,tfidf+perp,2,0,0.003442199192883923,True
1826,1826,916,1,tfidf+perp,2,1,0.9887896469040832,True
1827,1827,917,0,tfidf+perp,2,0,0.0011334505501766105,True
1828,1828,917,1,tfidf+perp,2,1,0.9986450909353676,True
1829,1829,918,0,tfidf+perp,2,0,0.0007908094086017087,True
1830,1830,918,1,tfidf+perp,2,1,0.9830279856922135,True
1831,1831,919,0,tfidf+perp,2,0,0.01785013827946975,True
1832,1832,919,1,tfidf+perp,2,1,0.9974959680710058,True
1833,1833,920,0,tfidf+perp,2,0,0.1459073489891473,True
1834,1834,920,1,tfidf+perp,2,1,0.9975327451599527,True
1835,1835,921,0,tfidf+perp,2,0,0.013198341238885965,True
1836,1836,921,1,tfidf+perp,2,1,0.9907324412611606,True
1837,1837,922,0,tfidf+perp,2,0,0.0013914520351569948,True
1838,1838,922,1,tfidf+perp,2,1,0.9954895182291444,True
1839,1839,923,0,tfidf+perp,2,0,0.24102249778670856,True
1840,1840,923,1,tfidf+perp,2,1,0.9990017798380645,True
1841,1841,924,0,tfidf+perp,2,0,0.14841334957167396,True
1842,1842,924,1,tfidf+perp,2,1,0.9913823074070873,True
1843,1843,925,0,tfidf+perp,2,0,0.1709053128499991,True
1844,1844,925,1,tfidf+perp,2,1,0.9978154936768842,True
1845,1845,926,0,tfidf+perp,2,0,0.01763294795936312,True
1846,1846,926,1,tfidf+perp,2,1,0.9915079653994188,True
1847,1847,927,0,tfidf+perp,2,0,0.009650976227550796,True
1848,1848,927,1,tfidf+perp,2,1,0.9823916261148588,True
1849,1849,928,0,tfidf+perp,2,0,0.007454965273167775,True
1850,1850,928,1,tfidf+perp,2,1,0.9994735493225706,True
1851,1851,929,0,tfidf+perp,2,0,0.0010123155705219532,True
1852,1852,929,1,tfidf+perp,2,1,0.9983974488837443,True
1853,1853,930,0,tfidf+perp,2,0,0.0357385517261194,True
1854,1854,930,1,tfidf+perp,2,1,0.9992106747242037,True
1855,1855,931,0,tfidf+perp,2,0,0.01054870997491925,True
1856,1856,931,1,tfidf+perp,2,0,0.26773403577601196,False
1857,1857,932,0,tfidf+perp,2,0,0.011217858160371621,True
1858,1858,932,1,tfidf+perp,2,1,0.9980936769624708,True
1859,1859,933,0,tfidf+perp,2,0,0.0004394933557256392,True
1860,1860,933,1,tfidf+perp,2,1,0.9974509037030941,True
1861,1861,934,0,tfidf+perp,2,0,0.005606490722185483,True
1862,1862,934,1,tfidf+perp,2,1,0.9694698775888216,True
1863,1863,935,0,tfidf+perp,2,0,0.020180301647365704,True
1864,1864,935,1,tfidf+perp,2,1,0.9808442708033754,True
1865,1865,936,0,tfidf+perp,2,0,0.05214525057462724,True
1866,1866,936,1,tfidf+perp,2,1,0.9536766835649352,True
1867,1867,937,0,tfidf+perp,2,0,0.0031757497279966762,True
1868,1868,937,1,tfidf+perp,2,1,0.9633115838920123,True
1869,1869,938,0,tfidf+perp,2,0,0.0006204827076183015,True
1870,1870,938,1,tfidf+perp,2,1,0.9196167778258415,True
1871,1871,939,0,tfidf+perp,2,0,0.00310136126850488,True
1872,1872,939,1,tfidf+perp,2,1,0.9980037422057433,True
1873,1873,940,0,tfidf+perp,2,0,0.002067187415144395,True
1874,1874,940,1,tfidf+perp,2,1,0.9991082072928967,True
1875,1875,941,0,tfidf+perp,2,0,0.00038320847967985726,True
1876,1876,941,1,tfidf+perp,2,1,0.851912691793449,True
1877,1877,942,0,tfidf+perp,2,0,0.009410548349358247,True
1878,1878,942,1,tfidf+perp,2,1,0.9995891211902658,True
1879,1879,943,0,tfidf+perp,2,0,0.0021484411242336274,True
1880,1880,943,1,tfidf+perp,2,1,0.9995474053963747,True
1881,1881,944,0,tfidf+perp,2,0,0.004374578409310206,True
1882,1882,944,1,tfidf+perp,2,1,0.9986747630644138,True
1883,1883,945,0,tfidf+perp,2,0,0.00031968940169151773,True
1884,1884,945,1,tfidf+perp,2,1,0.9829416493515817,True
1885,1885,946,0,tfidf+perp,2,0,0.000912673402521512,True
1886,1886,946,1,tfidf+perp,2,1,0.9969431132224078,True
1887,1887,947,0,tfidf+perp,2,0,0.16580188102754742,True
1888,1888,947,1,tfidf+perp,2,1,0.9963819577519537,True
1889,1889,948,0,tfidf+perp,2,0,0.0021176549018670898,True
1890,1890,948,1,tfidf+perp,2,1,0.9998026621497259,True
1891,1891,949,0,tfidf+perp,2,0,0.006552917677976743,True
1892,1892,949,1,tfidf+perp,2,1,0.974595997812475,True
1893,1893,950,0,tfidf+perp,2,0,0.018116139587574014,True
1894,1894,950,1,tfidf+perp,2,1,0.9948853218431699,True
1895,1895,951,0,tfidf+perp,2,0,0.004189350765644179,True
1896,1896,951,1,tfidf+perp,2,1,0.9896489666557439,True
1897,1897,952,0,tfidf+perp,2,0,0.001575209103826827,True
1898,1898,952,1,tfidf+perp,2,1,0.593444242732124,True
1899,1899,953,0,tfidf+perp,2,0,0.0014254119647588003,True
1900,1900,953,1,tfidf+perp,2,1,0.9725429183093971,True
1901,1901,954,0,tfidf+perp,2,0,0.11784019047204777,True
1902,1902,954,1,tfidf+perp,2,1,0.9875777419208421,True
1903,1903,955,0,tfidf+perp,2,0,0.009380881963084358,True
1904,1904,955,1,tfidf+perp,2,1,0.9961702113440091,True
1905,1905,956,0,tfidf+perp,2,0,0.0018420808691113652,True
1906,1906,956,1,tfidf+perp,2,1,0.9966338773150563,True
1907,1907,957,0,tfidf+perp,2,0,0.0006430742122673762,True
1908,1908,957,1,tfidf+perp,2,1,0.9969403448327645,True
1909,1909,958,0,tfidf+perp,2,0,0.0005474184466676057,True
1910,1910,958,1,tfidf+perp,2,1,0.9962355505583468,True
1911,1911,959,0,tfidf+perp,2,0,0.0006031990178099365,True
1912,1912,959,1,tfidf+perp,2,1,0.936938314431351,True
1913,1913,960,0,tfidf+perp,2,0,0.027239302359462928,True
1914,1914,960,1,tfidf+perp,2,1,0.9985549479031322,True
1915,1915,961,0,tfidf+perp,2,0,0.00016674427072866895,True
1916,1916,961,1,tfidf+perp,2,1,0.9974356722333438,True
1917,1917,962,0,tfidf+perp,2,0,0.1896520615203093,True
1918,1918,962,1,tfidf+perp,2,1,0.9973734062239515,True
1919,1919,963,0,tfidf+perp,2,0,0.0018294861651137416,True
1920,1920,963,1,tfidf+perp,2,1,0.9957479567469314,True
1921,1921,964,0,tfidf+perp,2,0,0.08569626609079531,True
1922,1922,964,1,tfidf+perp,2,1,0.9726337809513593,True
1923,1923,965,0,tfidf+perp,2,0,0.0019502417059639927,True
1924,1924,965,1,tfidf+perp,2,1,0.9985696290798557,True
1925,1925,966,0,tfidf+perp,2,0,0.05846240293334205,True
1926,1926,966,1,tfidf+perp,2,1,0.8953499284400559,True
1927,1927,967,0,tfidf+perp,2,0,0.03365930487415607,True
1928,1928,967,1,tfidf+perp,2,1,0.6951726120329916,True
1929,1929,968,0,tfidf+perp,2,0,0.10059771412379838,True
1930,1930,968,1,tfidf+perp,2,1,0.9972061010986079,True
1931,1931,969,0,tfidf+perp,2,0,0.006880954656983892,True
1932,1932,969,1,tfidf+perp,2,1,0.998702755436333,True
1933,1933,970,0,tfidf+perp,2,1,0.6958992982812036,False
1934,1934,970,1,tfidf+perp,2,1,0.9994204124060386,True
1935,1935,971,1,tfidf+perp,2,1,0.9733031611008496,True
1936,1936,972,0,tfidf+perp,2,0,0.004983708031478421,True
1937,1937,972,1,tfidf+perp,2,1,0.6188156037308834,True
1938,1938,973,0,tfidf+perp,2,0,0.002770790223409756,True
1939,1939,973,1,tfidf+perp,2,1,0.9956086615382038,True
1940,1940,974,0,tfidf+perp,2,0,0.010083789375899961,True
1941,1941,974,1,tfidf+perp,2,1,0.9972716398365792,True
1942,1942,975,0,tfidf+perp,2,0,0.004256508051342007,True
1943,1943,975,1,tfidf+perp,2,1,0.9977758879034089,True
1944,1944,976,0,tfidf+perp,2,0,0.0021608066957090506,True
1945,1945,976,1,tfidf+perp,2,1,0.9996925821772819,True
1946,1946,977,0,tfidf+perp,2,0,0.010501113517159197,True
1947,1947,977,1,tfidf+perp,2,1,0.9167268551938402,True
1948,1948,978,0,tfidf+perp,2,0,0.13193066982923116,True
1949,1949,978,1,tfidf+perp,2,1,0.9842538126824946,True
1950,1950,979,0,tfidf+perp,2,0,0.0019508277881873602,True
1951,1951,979,1,tfidf+perp,2,1,0.996720297411228,True
1952,1952,980,0,tfidf+perp,2,0,0.011090970586793437,True
1953,1953,980,1,tfidf+perp,2,1,0.6978613496565704,True
1954,1954,981,0,tfidf+perp,2,0,0.022469871058322263,True
1955,1955,981,1,tfidf+perp,2,1,0.9700697795510745,True
1956,1956,982,0,tfidf+perp,2,0,0.018882685893935065,True
1957,1957,982,1,tfidf+perp,2,0,0.35468018821201164,False
1958,1958,983,0,tfidf+perp,2,1,0.7568694769096282,False
1959,1959,983,1,tfidf+perp,2,1,0.9931134263985547,True
1960,1960,984,0,tfidf+perp,2,0,0.4506882112001566,True
1961,1961,984,1,tfidf+perp,2,1,0.816159478732223,True
1962,1962,985,0,tfidf+perp,2,0,0.19917426074817773,True
1963,1963,985,1,tfidf+perp,2,1,0.9995666510120271,True
1964,1964,986,0,tfidf+perp,2,0,0.027522711915896877,True
1965,1965,986,1,tfidf+perp,2,1,0.9912319266605272,True
1966,1966,987,0,tfidf+perp,2,0,0.004444915913361618,True
1967,1967,987,1,tfidf+perp,2,1,0.9987772579325636,True
1968,1968,988,0,tfidf+perp,2,0,0.001476155608299658,True
1969,1969,988,1,tfidf+perp,2,1,0.9506804584101947,True
1970,1970,989,0,tfidf+perp,2,0,0.001420620635329431,True
1971,1971,989,1,tfidf+perp,2,1,0.9887856967195016,True
1972,1972,990,0,tfidf+perp,2,0,0.011118111458831667,True
1973,1973,990,1,tfidf+perp,2,1,0.9635686686312555,True
1974,1974,991,0,tfidf+perp,2,0,0.0023432653009699948,True
1975,1975,991,1,tfidf+perp,2,1,0.987127695053964,True
1976,1976,992,0,tfidf+perp,2,0,0.07358118805460862,True
1977,1977,992,1,tfidf+perp,2,1,0.9619875835433691,True
1978,1978,993,0,tfidf+perp,2,0,0.001068364544896022,True
1979,1979,993,1,tfidf+perp,2,1,0.9995400122419403,True
1980,1980,994,0,tfidf+perp,2,0,0.001870050398876556,True
1981,1981,994,1,tfidf+perp,2,1,0.9841526348602438,True
1982,1982,995,0,tfidf+perp,2,0,0.05176379844976806,True
1983,1983,995,1,tfidf+perp,2,1,0.9939452080131694,True
1984,1984,996,0,tfidf+perp,2,1,0.5325064444735231,False
1985,1985,996,1,tfidf+perp,2,1,0.9248581778976382,True
1986,1986,997,0,tfidf+perp,2,0,0.007542805568142405,True
1987,1987,997,1,tfidf+perp,2,1,0.9991917819654941,True
1988,1988,998,0,tfidf+perp,2,0,0.19714815356562335,True
1989,1989,998,1,tfidf+perp,2,1,0.9946576930710173,True
1990,1990,999,0,tfidf+perp,2,0,0.0005452474766126518,True
1991,1991,999,1,tfidf+perp,2,1,0.8365773159411093,True
1992,1992,1000,0,tfidf+perp,2,0,0.03451212720781937,True
1993,1993,1000,1,tfidf+perp,2,1,0.998278892294877,True
1994,1994,1001,0,tfidf+perp,2,1,0.5463406161116657,False
1995,1995,1001,1,tfidf+perp,2,1,0.9947027802033975,True
1996,1996,1002,0,tfidf+perp,2,0,0.0038764305938774417,True
1997,1997,1002,1,tfidf+perp,2,1,0.9937936151294207,True
1998,1998,1003,0,tfidf+perp,2,0,0.003863886738310165,True
1999,1999,1003,1,tfidf+perp,2,1,0.9996714015490725,True
2000,2000,1004,0,tfidf+perp,2,0,0.05259547829686245,True
2001,2001,1004,1,tfidf+perp,2,1,0.9990854300341594,True
2002,2002,1005,0,tfidf+perp,2,0,0.002513929659363779,True
2003,2003,1005,1,tfidf+perp,2,1,0.9918824408505423,True
2004,2004,1006,0,tfidf+perp,2,0,0.004801640921055444,True
2005,2005,1006,1,tfidf+perp,2,1,0.9954940650009635,True
2006,2006,1007,0,tfidf+perp,2,0,0.02069027444276553,True
2007,2007,1007,1,tfidf+perp,2,1,0.9793379905386805,True
2008,2008,1008,0,tfidf+perp,2,0,0.022473435480464883,True
2009,2009,1008,1,tfidf+perp,2,1,0.9973428700646286,True
2010,2010,1009,0,tfidf+perp,2,0,0.10517598209537324,True
2011,2011,1009,1,tfidf+perp,2,1,0.9778055710605285,True
2012,2012,1010,0,tfidf+perp,2,0,0.0059553405885424135,True
2013,2013,1010,1,tfidf+perp,2,1,0.9190146883139632,True
2014,2014,1011,0,tfidf+perp,2,0,0.008854602909420257,True
2015,2015,1011,1,tfidf+perp,2,1,0.9971745296200866,True
2016,2016,1012,0,tfidf+perp,2,0,0.02552732001105921,True
2017,2017,1012,1,tfidf+perp,2,1,0.945183807594187,True
2018,2018,1013,0,tfidf+perp,2,0,0.007906256716928824,True
2019,2019,1013,1,tfidf+perp,2,1,0.9983976051425709,True
2020,2020,1014,0,tfidf+perp,2,0,0.005014557829957561,True
2021,2021,1014,1,tfidf+perp,2,1,0.9988437328172061,True
2022,2022,1015,0,tfidf+perp,2,0,0.004794069919983373,True
2023,2023,1015,1,tfidf+perp,2,0,0.17031208050126506,False
2024,2024,1016,0,tfidf+perp,2,0,0.0012604819635299964,True
2025,2025,1016,1,tfidf+perp,2,1,0.9829219847515633,True
2026,2026,1017,0,tfidf+perp,2,0,0.0024158606253128147,True
2027,2027,1017,1,tfidf+perp,2,1,0.7924241786242759,True
2028,2028,1018,0,tfidf+perp,2,0,0.03609969625873747,True
2029,2029,1018,1,tfidf+perp,2,1,0.9753205116510434,True
2030,2030,1019,0,tfidf+perp,2,0,0.0029054434909407257,True
2031,2031,1019,1,tfidf+perp,2,0,0.09948507652540536,False
2032,2032,1020,0,tfidf+perp,2,0,0.007172071932060787,True
2033,2033,1020,1,tfidf+perp,2,1,0.7744608334228544,True
2034,2034,1021,0,tfidf+perp,2,0,0.009011805032508842,True
2035,2035,1021,1,tfidf+perp,2,1,0.9913524097225364,True
2036,2036,1022,0,tfidf+perp,2,0,8.302854530509422e-05,True
2037,2037,1022,1,tfidf+perp,2,1,0.9947768975931365,True
2038,2038,1023,0,tfidf+perp,2,0,0.014012367917205636,True
2039,2039,1023,1,tfidf+perp,2,1,0.9265979484744982,True
2040,2040,1024,0,tfidf+perp,2,0,0.030084275772976187,True
2041,2041,1024,1,tfidf+perp,2,1,0.9983601715816325,True
2042,2042,1025,0,tfidf+perp,2,0,0.004909956150578552,True
2043,2043,1025,1,tfidf+perp,2,1,0.5829734328123535,True
2044,2044,1026,0,tfidf+perp,2,0,0.4077445493954387,True
2045,2045,1026,1,tfidf+perp,2,1,0.9770853734346387,True
2046,2046,1027,0,tfidf+perp,2,0,0.0009727688386717548,True
2047,2047,1027,1,tfidf+perp,2,1,0.9806116126600002,True
2048,2048,1028,0,tfidf+perp,2,0,0.026245544692633533,True
2049,2049,1028,1,tfidf+perp,2,1,0.9887547452999919,True
2050,2050,1029,0,tfidf+perp,2,0,0.11129367098138349,True
2051,2051,1029,1,tfidf+perp,2,1,0.9998204178816164,True
2052,2052,1030,0,tfidf+perp,2,0,0.0016919453137086203,True
2053,2053,1030,1,tfidf+perp,2,1,0.9991711797167275,True
2054,2054,1031,0,tfidf+perp,2,0,0.020571433030237025,True
2055,2055,1031,1,tfidf+perp,2,1,0.9862586278526764,True
2056,2056,1032,0,tfidf+perp,2,0,0.0005403986329713576,True
2057,2057,1032,1,tfidf+perp,2,1,0.9996024387139597,True
2058,2058,1033,0,tfidf+perp,2,0,0.003526817637406139,True
2059,2059,1033,1,tfidf+perp,2,1,0.9609082518872331,True
2060,2060,1034,0,tfidf+perp,2,0,0.003116019637345526,True
2061,2061,1034,1,tfidf+perp,2,0,0.1360316580855154,False
2062,2062,1035,0,tfidf+perp,2,0,0.3007831599824904,True
2063,2063,1035,1,tfidf+perp,2,1,0.9541867065715774,True
2064,2064,1036,0,tfidf+perp,2,0,0.003408841716223546,True
2065,2065,1036,1,tfidf+perp,2,1,0.8813656221534614,True
2066,2066,1037,0,tfidf+perp,2,0,0.00663234094633608,True
2067,2067,1037,1,tfidf+perp,2,1,0.968490605569528,True
2068,2068,1038,0,tfidf+perp,2,0,0.01298311359202996,True
2069,2069,1038,1,tfidf+perp,2,1,0.9902114463488855,True
2070,2070,1039,0,tfidf+perp,2,0,0.0016419654681043006,True
2071,2071,1039,1,tfidf+perp,2,0,0.34503084655071764,False
2072,2072,1040,0,tfidf+perp,2,0,0.0037762933202933465,True
2073,2073,1040,1,tfidf+perp,2,1,0.9949653523872061,True
2074,2074,1041,0,tfidf+perp,2,0,0.009627561180290834,True
2075,2075,1041,1,tfidf+perp,2,1,0.9974160407003203,True
2076,2076,1042,0,tfidf+perp,2,0,0.12175832465225682,True
2077,2077,1042,1,tfidf+perp,2,1,0.995389985788274,True
2078,2078,1043,0,tfidf+perp,2,0,0.005267477441357686,True
2079,2079,1043,1,tfidf+perp,2,1,0.9982222477160854,True
2080,2080,1044,0,tfidf+perp,2,0,0.011796147210710935,True
2081,2081,1044,1,tfidf+perp,2,1,0.9970242996831845,True
2082,2082,1045,0,tfidf+perp,2,0,0.003617899678079996,True
2083,2083,1045,1,tfidf+perp,2,1,0.9914730681226984,True
2084,2084,1046,0,tfidf+perp,2,0,0.002939113817911861,True
2085,2085,1046,1,tfidf+perp,2,1,0.9969549819839053,True
2086,2086,1047,0,tfidf+perp,2,0,0.0006622699684730238,True
2087,2087,1047,1,tfidf+perp,2,1,0.9740621642778229,True
2088,2088,1048,0,tfidf+perp,2,0,0.011747542492671428,True
2089,2089,1048,1,tfidf+perp,2,1,0.7963730001039607,True
2090,2090,1049,0,tfidf+perp,2,1,0.8634811612587197,False
2091,2091,1049,1,tfidf+perp,2,1,0.9948536559810732,True
2092,2092,1050,0,tfidf+perp,2,0,0.002361527048264106,True
2093,2093,1050,1,tfidf+perp,2,1,0.9966197949424951,True
2094,2094,1051,0,tfidf+perp,2,0,0.027038973494944663,True
2095,2095,1051,1,tfidf+perp,2,1,0.999246645027103,True
2096,2096,1052,0,tfidf+perp,2,1,0.8908764504889441,False
2097,2097,1052,1,tfidf+perp,2,1,0.9890344537039092,True
2098,2098,1053,0,tfidf+perp,2,0,0.0056235472225027,True
2099,2099,1053,1,tfidf+perp,2,1,0.9942849522203167,True
2100,2100,1054,0,tfidf+perp,2,0,0.0014252987914545677,True
2101,2101,1054,1,tfidf+perp,2,1,0.9916690677015166,True
2102,2102,1055,0,tfidf+perp,2,1,0.8093321601524763,False
2103,2103,1055,1,tfidf+perp,2,1,0.9862513052241331,True
2104,2104,1056,0,tfidf+perp,2,0,0.011613263589879038,True
2105,2105,1056,1,tfidf+perp,2,1,0.9991574122078642,True
2106,2106,1057,0,tfidf+perp,2,0,0.001528557913206257,True
2107,2107,1057,1,tfidf+perp,2,1,0.9937060757501396,True
2108,2108,1058,0,tfidf+perp,2,0,0.00663317730724806,True
2109,2109,1058,1,tfidf+perp,2,1,0.999142078390351,True
2110,2110,1059,0,tfidf+perp,2,0,0.010356932198303644,True
2111,2111,1059,1,tfidf+perp,2,1,0.9963522033050717,True
2112,2112,1060,0,tfidf+perp,2,0,0.006445465724173705,True
2113,2113,1060,1,tfidf+perp,2,1,0.9952212774293852,True
2114,2114,1061,0,tfidf+perp,2,1,0.5308166915508273,False
2115,2115,1061,1,tfidf+perp,2,1,0.99649530763846,True
2116,2116,1062,0,tfidf+perp,2,0,0.008316018752997208,True
2117,2117,1062,1,tfidf+perp,2,1,0.9975878171651335,True
2118,2118,1063,0,tfidf+perp,2,0,0.00407477738241972,True
2119,2119,1063,1,tfidf+perp,2,1,0.9755472176693418,True
2120,2120,1064,0,tfidf+perp,2,0,0.001142422396124869,True
2121,2121,1064,1,tfidf+perp,2,1,0.9953013293048965,True
2122,2122,1065,0,tfidf+perp,2,0,0.009410225677248344,True
2123,2123,1065,1,tfidf+perp,2,1,0.8146138764281097,True
2124,2124,1066,0,tfidf+perp,2,0,0.0001385775100544948,True
2125,2125,1066,1,tfidf+perp,2,1,0.921731672887114,True
2126,2126,1067,0,tfidf+perp,2,0,0.0010135185177407309,True
2127,2127,1067,1,tfidf+perp,2,1,0.980195199749308,True
2128,2128,1068,0,tfidf+perp,2,0,0.005623954100028206,True
2129,2129,1068,1,tfidf+perp,2,1,0.998565153547087,True
2130,2130,1069,0,tfidf+perp,2,0,0.002447416984239163,True
2131,2131,1069,1,tfidf+perp,2,1,0.9750748490942713,True
2132,2132,1070,0,tfidf+perp,2,0,0.0209016196479515,True
2133,2133,1070,1,tfidf+perp,2,1,0.9930306109299325,True
2134,2134,1071,0,tfidf+perp,2,0,0.004050043006651217,True
2135,2135,1071,1,tfidf+perp,2,1,0.9990437105453565,True
2136,2136,1072,0,tfidf+perp,2,0,0.017151154833267356,True
2137,2137,1072,1,tfidf+perp,2,1,0.7203065301490368,True
2138,2138,1073,0,tfidf+perp,2,0,0.06178473839258386,True
2139,2139,1073,1,tfidf+perp,2,1,0.9989674774215841,True
2140,2140,1074,0,tfidf+perp,2,0,0.032185599238811945,True
2141,2141,1074,1,tfidf+perp,2,1,0.9975589761433002,True
2142,2142,1075,0,tfidf+perp,2,0,0.018803848643901267,True
2143,2143,1075,1,tfidf+perp,2,1,0.9977963554577925,True
2144,2144,1076,0,tfidf+perp,2,0,0.010658956585425173,True
2145,2145,1076,1,tfidf+perp,2,0,0.49124659572647295,False
2146,2146,1077,0,tfidf+perp,2,0,0.016632253337288277,True
2147,2147,1077,1,tfidf+perp,2,1,0.9939847010846052,True
2148,2148,1078,0,tfidf+perp,2,0,0.018072596522703325,True
2149,2149,1078,1,tfidf+perp,2,1,0.993658339961339,True
2150,2150,1079,0,tfidf+perp,2,0,0.2299414107616687,True
2151,2151,1079,1,tfidf+perp,2,1,0.9994015319289133,True
2152,2152,1080,0,tfidf+perp,2,0,0.011213097139177588,True
2153,2153,1080,1,tfidf+perp,2,1,0.9836162637403678,True
2154,2154,1081,0,tfidf+perp,2,0,0.01241157593920431,True
2155,2155,1081,1,tfidf+perp,2,1,0.9967905522449702,True
2156,2156,1082,0,tfidf+perp,2,0,0.004503317256728907,True
2157,2157,1082,1,tfidf+perp,2,1,0.9968568407237768,True
2158,2158,1083,0,tfidf+perp,2,0,0.09999538559762886,True
2159,2159,1083,1,tfidf+perp,2,1,0.9955337215706639,True
2160,2160,1084,0,tfidf+perp,2,0,0.009467471026251858,True
2161,2161,1084,1,tfidf+perp,2,1,0.9983988869321914,True
2162,2162,1085,0,tfidf+perp,2,0,0.06365087505509151,True
2163,2163,1085,1,tfidf+perp,2,1,0.9952779968431906,True
2164,2164,1086,0,tfidf+perp,2,0,0.0004275341932902938,True
2165,2165,1086,1,tfidf+perp,2,1,0.9925320067292169,True
2166,2166,1087,0,tfidf+perp,2,1,0.5023817322519404,False
2167,2167,1087,1,tfidf+perp,2,1,0.9976005534474952,True
2168,2168,1088,0,tfidf+perp,2,0,0.0006718716253533441,True
2169,2169,1088,1,tfidf+perp,2,1,0.9332276607754381,True
2170,2170,1089,0,tfidf+perp,2,0,0.0032116015768435726,True
2171,2171,1089,1,tfidf+perp,2,1,0.9982804825169018,True
2172,2172,1090,0,tfidf+perp,2,0,0.014845623696269112,True
2173,2173,1090,1,tfidf+perp,2,1,0.9863769642734875,True
2174,2174,1091,0,tfidf+perp,2,0,0.002252010812984275,True
2175,2175,1091,1,tfidf+perp,2,1,0.6579348277738895,True
2176,2176,1092,0,tfidf+perp,2,0,0.0009544369978379219,True
2177,2177,1092,1,tfidf+perp,2,1,0.660654210804598,True
2178,2178,1093,0,tfidf+perp,2,0,0.02698477913941682,True
2179,2179,1093,1,tfidf+perp,2,1,0.9980917233760515,True
2180,2180,1094,0,tfidf+perp,2,0,0.005159901576670169,True
2181,2181,1094,1,tfidf+perp,2,1,0.9994620929869956,True
2182,2182,1095,0,tfidf+perp,2,0,0.010613071869613997,True
2183,2183,1095,1,tfidf+perp,2,1,0.99480650919729,True
2184,2184,1096,0,tfidf+perp,2,0,0.02464174099003806,True
2185,2185,1096,1,tfidf+perp,2,1,0.9710477348565528,True
2186,2186,1097,0,tfidf+perp,2,0,0.004335364478512205,True
2187,2187,1097,1,tfidf+perp,2,1,0.9951803865559842,True
2188,2188,1098,0,tfidf+perp,2,0,0.09643037187694352,True
2189,2189,1098,1,tfidf+perp,2,1,0.925357824347194,True
2190,2190,1099,0,tfidf+perp,2,0,0.008792427381975878,True
2191,2191,1099,1,tfidf+perp,2,1,0.9993018757003279,True
2192,2192,1100,0,tfidf+perp,2,0,0.0011521895294999793,True
2193,2193,1100,1,tfidf+perp,2,1,0.7197264071414523,True
2194,2194,1101,0,tfidf+perp,2,0,0.0011321582320699573,True
2195,2195,1101,1,tfidf+perp,2,1,0.9991278130265591,True
2196,2196,1102,0,tfidf+perp,2,0,0.00554334115704345,True
2197,2197,1102,1,tfidf+perp,2,1,0.9982106213790823,True
2198,2198,1103,0,tfidf+perp,2,0,0.0025968659202722354,True
2199,2199,1103,1,tfidf+perp,2,1,0.9325311170477406,True
2200,2200,1104,0,tfidf+perp,2,0,0.011879166241837658,True
2201,2201,1104,1,tfidf+perp,2,1,0.9402972516044568,True
2202,2202,1105,0,tfidf+perp,2,0,0.07768216220468185,True
2203,2203,1105,1,tfidf+perp,2,1,0.9997374505693601,True
2204,2204,1106,0,tfidf+perp,2,0,0.005187779326785575,True
2205,2205,1106,1,tfidf+perp,2,1,0.9927018683347953,True
2206,2206,1107,0,tfidf+perp,2,0,0.004476279351423574,True
2207,2207,1107,1,tfidf+perp,2,1,0.9967331950424143,True
2208,2208,1108,0,tfidf+perp,2,0,0.0023983853109737713,True
2209,2209,1108,1,tfidf+perp,2,1,0.9830578512984336,True
2210,2210,1109,0,tfidf+perp,2,0,0.057425497159865745,True
2211,2211,1109,1,tfidf+perp,2,1,0.9989332669794576,True
2212,2212,1110,0,tfidf+perp,2,0,0.004528492453284299,True
2213,2213,1110,1,tfidf+perp,2,1,0.6843009796885768,True
2214,2214,1111,0,tfidf+perp,2,0,0.1317601587503691,True
2215,2215,1111,1,tfidf+perp,2,0,0.14987261514704175,False
2216,2216,1112,0,tfidf+perp,2,0,0.0027275314677814534,True
2217,2217,1112,1,tfidf+perp,2,1,0.9970006447220053,True
2218,2218,1113,0,tfidf+perp,2,0,0.011484935481605247,True
2219,2219,1113,1,tfidf+perp,2,1,0.9921362852113499,True
2220,2220,1114,0,tfidf+perp,2,0,0.001396003406377024,True
2221,2221,1114,1,tfidf+perp,2,1,0.9985077213000882,True
2222,2222,1115,0,tfidf+perp,2,0,0.005241648506459089,True
2223,2223,1115,1,tfidf+perp,2,1,0.9982357707614801,True
2224,2224,1116,0,tfidf+perp,2,0,0.02656272446611263,True
2225,2225,1116,1,tfidf+perp,2,1,0.996090322445879,True
2226,2226,1117,0,tfidf+perp,2,0,0.17990613668613353,True
2227,2227,1117,1,tfidf+perp,2,1,0.974284506150911,True
2228,2228,1118,0,tfidf+perp,2,0,0.004671728313396158,True
2229,2229,1118,1,tfidf+perp,2,1,0.9887042424105768,True
2230,2230,1119,0,tfidf+perp,2,0,0.004213363546621213,True
2231,2231,1119,1,tfidf+perp,2,1,0.9985577798026025,True
2232,2232,1120,0,tfidf+perp,2,0,0.018585396573332715,True
2233,2233,1120,1,tfidf+perp,2,1,0.9989769250810744,True
2234,2234,1121,0,tfidf+perp,2,0,0.002203971031535236,True
2235,2235,1121,1,tfidf+perp,2,0,0.2893840717060794,False
2236,2236,1122,0,tfidf+perp,2,0,0.0007497824708879,True
2237,2237,1122,1,tfidf+perp,2,1,0.9788194617608096,True
2238,2238,1123,0,tfidf+perp,2,0,0.0026962159708698225,True
2239,2239,1123,1,tfidf+perp,2,1,0.9946158692994688,True
2240,2240,1124,0,tfidf+perp,2,0,0.00473970407068768,True
2241,2241,1124,1,tfidf+perp,2,1,0.9998843031398119,True
2242,2242,1125,0,tfidf+perp,2,0,0.010634354114184801,True
2243,2243,1125,1,tfidf+perp,2,1,0.9983631721449436,True
2244,2244,1126,0,tfidf+perp,2,0,0.01548250581079107,True
2245,2245,1126,1,tfidf+perp,2,1,0.707491472823475,True
2246,2246,1127,0,tfidf+perp,2,0,0.0012032718618034805,True
2247,2247,1127,1,tfidf+perp,2,1,0.9936172729345939,True
2248,2248,1128,0,tfidf+perp,2,0,0.027190297101081826,True
2249,2249,1128,1,tfidf+perp,2,1,0.9995182564745698,True
2250,2250,1129,0,tfidf+perp,2,0,0.006084073976688875,True
2251,2251,1129,1,tfidf+perp,2,1,0.9950867915248554,True
2252,2252,1130,0,tfidf+perp,2,0,0.04889908371824552,True
2253,2253,1130,1,tfidf+perp,2,1,0.9907873417347957,True
2254,2254,1131,0,tfidf+perp,2,0,0.013533830419450669,True
2255,2255,1131,1,tfidf+perp,2,1,0.9985074951847963,True
2256,2256,1132,0,tfidf+perp,2,0,0.12003695804362649,True
2257,2257,1132,1,tfidf+perp,2,1,0.995868582939603,True
2258,2258,1133,0,tfidf+perp,2,0,0.28703045466893273,True
2259,2259,1133,1,tfidf+perp,2,1,0.9949100466343221,True
2260,2260,1134,0,tfidf+perp,2,0,0.0006178321260653253,True
2261,2261,1134,1,tfidf+perp,2,1,0.9991573168326262,True
2262,2262,1135,0,tfidf+perp,2,0,0.0008822387639390831,True
2263,2263,1135,1,tfidf+perp,2,1,0.9986404191859628,True
2264,2264,1136,0,tfidf+perp,2,0,0.0016779478026183701,True
2265,2265,1136,1,tfidf+perp,2,1,0.9967697383789971,True
2266,2266,1137,0,tfidf+perp,2,0,0.0010106053080429418,True
2267,2267,1137,1,tfidf+perp,2,1,0.995357760561469,True
2268,2268,1138,0,tfidf+perp,2,0,0.008164820189280572,True
2269,2269,1138,1,tfidf+perp,2,1,0.9715261395754,True
2270,2270,1139,0,tfidf+perp,2,0,0.003407065101579058,True
2271,2271,1139,1,tfidf+perp,2,1,0.9151024317731759,True
2272,2272,1140,0,tfidf+perp,2,0,0.06648097477952872,True
2273,2273,1140,1,tfidf+perp,2,1,0.999038746075477,True
2274,2274,1141,0,tfidf+perp,2,0,0.0006335212023768606,True
2275,2275,1141,1,tfidf+perp,2,1,0.9832201550013212,True
2276,2276,1142,0,tfidf+perp,2,0,0.10933586746498018,True
2277,2277,1142,1,tfidf+perp,2,1,0.9922007596054603,True
2278,2278,1143,0,tfidf+perp,2,0,0.001417300431330345,True
2279,2279,1143,1,tfidf+perp,2,0,0.24017029436888132,False
2280,2280,1144,0,tfidf+perp,2,0,0.004971646624687246,True
2281,2281,1144,1,tfidf+perp,2,1,0.9992674875776912,True
2282,2282,1145,0,tfidf+perp,2,0,0.025017865620773044,True
2283,2283,1145,1,tfidf+perp,2,1,0.9951094787987381,True
2284,2284,1146,0,tfidf+perp,2,0,0.004906339609921414,True
2285,2285,1146,1,tfidf+perp,2,1,0.9901849760287436,True
2286,2286,1147,0,tfidf+perp,2,0,0.01252534525432079,True
2287,2287,1147,1,tfidf+perp,2,1,0.9887097775497214,True
2288,2288,1148,0,tfidf+perp,2,0,0.007099288492225661,True
2289,2289,1148,1,tfidf+perp,2,1,0.9437309565459331,True
2290,2290,1149,0,tfidf+perp,2,0,0.008870739357143212,True
2291,2291,1149,1,tfidf+perp,2,1,0.9369038830732737,True
2292,2292,1150,0,tfidf+perp,2,0,0.010522377784676655,True
2293,2293,1150,1,tfidf+perp,2,1,0.9833734514902015,True
2294,2294,1151,0,tfidf+perp,2,0,0.00686709751258139,True
2295,2295,1151,1,tfidf+perp,2,1,0.9996558758768024,True
2296,2296,1152,0,tfidf+perp,2,0,0.03517781669868168,True
2297,2297,1152,1,tfidf+perp,2,1,0.9874644597767044,True
2298,2298,1153,0,tfidf+perp,2,0,0.006465274217573952,True
2299,2299,1153,1,tfidf+perp,2,1,0.9986860250093332,True
2300,2300,1154,0,tfidf+perp,2,0,0.025676849517944494,True
2301,2301,1154,1,tfidf+perp,2,1,0.9828515927478871,True
2302,2302,1155,0,tfidf+perp,2,0,0.000798486347523211,True
2303,2303,1155,1,tfidf+perp,2,1,0.9761291710974632,True
2304,2304,1156,0,tfidf+perp,2,0,0.0002970046317764044,True
2305,2305,1156,1,tfidf+perp,2,1,0.5796714732726956,True
2306,2306,1157,0,tfidf+perp,2,0,0.0012188669126031188,True
2307,2307,1157,1,tfidf+perp,2,1,0.9674970039210212,True
2308,2308,1158,0,tfidf+perp,2,0,0.002319536814025849,True
2309,2309,1158,1,tfidf+perp,2,1,0.993223500261262,True
2310,2310,1159,0,tfidf+perp,2,1,0.8823649626873503,False
2311,2311,1159,1,tfidf+perp,2,1,0.9991533069487705,True
2312,2312,1160,0,tfidf+perp,2,0,0.008686057209854148,True
2313,2313,1160,1,tfidf+perp,2,1,0.9640769500974151,True
2314,2314,1161,0,tfidf+perp,2,0,0.006581837232959951,True
2315,2315,1161,1,tfidf+perp,2,1,0.9978563081903602,True
2316,2316,1162,0,tfidf+perp,2,0,0.011949689176589324,True
2317,2317,1162,1,tfidf+perp,2,1,0.6717205712845681,True
2318,2318,1163,0,tfidf+perp,2,1,0.9830094225313535,False
2319,2319,1163,1,tfidf+perp,2,1,0.9989991259156228,True
2320,2320,1164,0,tfidf+perp,2,0,0.03372340032269627,True
2321,2321,1164,1,tfidf+perp,2,1,0.9913973508942857,True
2322,2322,1165,0,tfidf+perp,2,0,0.033995525029731605,True
2323,2323,1165,1,tfidf+perp,2,1,0.9899810052477137,True
2324,2324,1166,0,tfidf+perp,2,0,0.005253220419116489,True
2325,2325,1166,1,tfidf+perp,2,0,0.2742838259694671,False
2326,2326,1167,0,tfidf+perp,2,1,0.7569023321059565,False
2327,2327,1167,1,tfidf+perp,2,1,0.9994594141870725,True
2328,2328,1168,0,tfidf+perp,2,0,0.08869405073768342,True
2329,2329,1168,1,tfidf+perp,2,1,0.9993982041106261,True
2330,2330,1169,0,tfidf+perp,2,0,0.08484553211146367,True
2331,2331,1169,1,tfidf+perp,2,1,0.8727406712740629,True
2332,2332,1170,0,tfidf+perp,2,0,0.04975536672039653,True
2333,2333,1170,1,tfidf+perp,2,1,0.9957247934277506,True
2334,2334,1171,0,tfidf+perp,2,0,0.4341060259908395,True
2335,2335,1171,1,tfidf+perp,2,1,0.9855303192192303,True
2336,2336,1172,0,tfidf+perp,2,0,0.008613809381183375,True
2337,2337,1172,1,tfidf+perp,2,1,0.989707172771377,True
2338,2338,1173,0,tfidf+perp,2,0,0.0006974556526793348,True
2339,2339,1173,1,tfidf+perp,2,1,0.9797441098109891,True
2340,2340,1174,0,tfidf+perp,2,0,0.0014262113951782113,True
2341,2341,1174,1,tfidf+perp,2,1,0.9964319266805023,True
2342,2342,1175,0,tfidf+perp,2,0,0.004020557612550084,True
2343,2343,1175,1,tfidf+perp,2,1,0.9996122969204584,True
2344,2344,1176,0,tfidf+perp,2,1,0.7730506140351421,False
2345,2345,1176,1,tfidf+perp,2,1,0.9255157511197604,True
2346,2346,1177,0,tfidf+perp,2,0,0.0020912527515080616,True
2347,2347,1177,1,tfidf+perp,2,1,0.994804492026217,True
2348,2348,1178,0,tfidf+perp,2,0,0.001068163726608832,True
2349,2349,1178,1,tfidf+perp,2,1,0.908810101955955,True
2350,2350,1179,0,tfidf+perp,2,1,0.948208975606915,False
2351,2351,1179,1,tfidf+perp,2,1,0.9980864505811621,True
2352,2352,1180,0,tfidf+perp,2,0,0.26846096910995154,True
2353,2353,1180,1,tfidf+perp,2,1,0.9979299989951039,True
2354,2354,1181,1,tfidf+perp,2,1,0.9995671278851337,True
2355,2355,1182,0,tfidf+perp,2,0,0.059686464566709785,True
2356,2356,1182,1,tfidf+perp,2,1,0.9947059236130986,True
2357,2357,1183,0,tfidf+perp,2,0,0.03269161482229137,True
2358,2358,1183,1,tfidf+perp,2,1,0.9973306220729108,True
2359,2359,1184,0,tfidf+perp,2,0,0.005882148986419756,True
2360,2360,1184,1,tfidf+perp,2,1,0.9838474957400232,True
2361,2361,1185,0,tfidf+perp,2,0,0.04278219690078794,True
2362,2362,1185,1,tfidf+perp,2,1,0.9878171113544937,True
2363,2363,1186,0,tfidf+perp,2,0,0.001212069172618252,True
2364,2364,1186,1,tfidf+perp,2,1,0.9879675018955091,True
2365,2365,1187,0,tfidf+perp,2,0,0.008773576439988556,True
2366,2366,1187,1,tfidf+perp,2,1,0.9970906211471415,True
2367,2367,1188,0,tfidf+perp,2,0,0.12398783341911017,True
2368,2368,1188,1,tfidf+perp,2,1,0.9989434918102734,True
2369,2369,1189,0,tfidf+perp,2,0,0.008995819523280596,True
2370,2370,1189,1,tfidf+perp,2,1,0.9907108672741927,True
2371,2371,1190,0,tfidf+perp,2,0,0.0016527295468351923,True
2372,2372,1190,1,tfidf+perp,2,1,0.9990425172343541,True
2373,2373,1191,0,tfidf+perp,2,0,0.004115883811576963,True
2374,2374,1191,1,tfidf+perp,2,1,0.995136367954513,True
2375,2375,1192,0,tfidf+perp,2,0,0.017467317846173613,True
2376,2376,1192,1,tfidf+perp,2,1,0.9971091768800896,True
2377,2377,1193,0,tfidf+perp,2,0,0.0044437382575483655,True
2378,2378,1193,1,tfidf+perp,2,1,0.9950218877982261,True
2379,2379,1194,0,tfidf+perp,2,0,0.0007384246213888203,True
2380,2380,1194,1,tfidf+perp,2,1,0.995932031020447,True
2381,2381,1195,0,tfidf+perp,2,0,0.00022673399023187077,True
2382,2382,1195,1,tfidf+perp,2,1,0.9822640319556937,True
2383,2383,1196,0,tfidf+perp,2,0,0.042128687889641504,True
2384,2384,1196,1,tfidf+perp,2,1,0.7665225894918554,True
2385,2385,1197,0,tfidf+perp,2,0,0.008086556654884178,True
2386,2386,1197,1,tfidf+perp,2,1,0.9501314163589648,True
2387,2387,1198,0,tfidf+perp,2,0,0.223483633221267,True
2388,2388,1198,1,tfidf+perp,2,1,0.9979034814432802,True
2389,2389,1199,0,tfidf+perp,2,0,0.008568246634380843,True
2390,2390,1199,1,tfidf+perp,2,1,0.9959511568980054,True
2391,2391,1200,0,tfidf+perp,2,0,0.0017638464249746541,True
2392,2392,1200,1,tfidf+perp,2,1,0.9993460168992868,True
2393,2393,1201,0,tfidf+perp,2,0,0.15557271747315507,True
2394,2394,1201,1,tfidf+perp,2,1,0.9859440049687698,True
2395,2395,1202,0,tfidf+perp,2,0,0.020424102205405147,True
2396,2396,1202,1,tfidf+perp,2,1,0.9955222558154598,True
2397,2397,1203,0,tfidf+perp,2,0,0.0013548136470033674,True
2398,2398,1203,1,tfidf+perp,2,1,0.7743044616869417,True
2399,2399,1204,0,tfidf+perp,2,0,0.3630099628689841,True
2400,2400,1204,1,tfidf+perp,2,1,0.9876998046099337,True
2401,2401,1205,0,tfidf+perp,2,0,0.14860201704287684,True
2402,2402,1205,1,tfidf+perp,2,1,0.999636383655595,True
2403,2403,1206,0,tfidf+perp,2,0,0.0006197357262142785,True
2404,2404,1206,1,tfidf+perp,2,1,0.984106242628685,True
2405,2405,1207,0,tfidf+perp,2,0,0.03976052978454814,True
2406,2406,1207,1,tfidf+perp,2,1,0.9977004164984413,True
2407,2407,1208,0,tfidf+perp,2,0,0.01617553913781554,True
2408,2408,1208,1,tfidf+perp,2,1,0.9994496877810044,True
2409,2409,1209,0,tfidf+perp,2,0,0.03601555478633341,True
2410,2410,1209,1,tfidf+perp,2,1,0.9435074896732749,True
2411,2411,1210,0,tfidf+perp,2,0,0.0639413091404177,True
2412,2412,1210,1,tfidf+perp,2,1,0.9905134805622496,True
2413,2413,1211,0,tfidf+perp,2,0,0.0429609074178821,True
2414,2414,1211,1,tfidf+perp,2,1,0.8248449648512566,True
2415,2415,1212,0,tfidf+perp,2,0,0.1428036551397837,True
2416,2416,1212,1,tfidf+perp,2,1,0.9835219701118927,True
2417,2417,1213,0,tfidf+perp,2,0,0.0006383681861926964,True
2418,2418,1213,1,tfidf+perp,2,1,0.9925114377415835,True
2419,2419,1214,0,tfidf+perp,2,0,0.013868313150388861,True
2420,2420,1214,1,tfidf+perp,2,1,0.998080834775446,True
2421,2421,1215,0,tfidf+perp,2,0,0.043155883084323346,True
2422,2422,1215,1,tfidf+perp,2,1,0.9711286392839861,True
2423,2423,1216,0,tfidf+perp,2,0,0.0003637123438395498,True
2424,2424,1216,1,tfidf+perp,2,1,0.9864982396808546,True
2425,2425,1217,0,tfidf+perp,2,0,0.0014176834676088023,True
2426,2426,1217,1,tfidf+perp,2,1,0.9736679719594465,True
2427,2427,1218,0,tfidf+perp,2,0,0.02549171927863883,True
2428,2428,1218,1,tfidf+perp,2,1,0.9597934428706422,True
2429,2429,1219,0,tfidf+perp,2,1,0.5558935378237556,False
2430,2430,1219,1,tfidf+perp,2,1,0.9753331215591461,True
2431,2431,1220,0,tfidf+perp,2,0,0.002743615596657491,True
2432,2432,1220,1,tfidf+perp,2,1,0.5163936352056256,True
2433,2433,1221,0,tfidf+perp,2,0,0.07602950327677081,True
2434,2434,1221,1,tfidf+perp,2,1,0.997451317371536,True
2435,2435,1222,0,tfidf+perp,2,0,0.27187581806569894,True
2436,2436,1222,1,tfidf+perp,2,1,0.9961874568673992,True
2437,2437,1223,0,tfidf+perp,2,1,0.7495049538294536,False
2438,2438,1223,1,tfidf+perp,2,1,0.9299597163535136,True
2439,2439,1224,0,tfidf+perp,2,0,0.3891431827362918,True
2440,2440,1224,1,tfidf+perp,2,1,0.9974897282272909,True
2441,2441,1225,0,tfidf+perp,2,0,0.023942218668358942,True
2442,2442,1225,1,tfidf+perp,2,1,0.9828491556319489,True
2443,2443,1226,0,tfidf+perp,2,0,0.01906034789775047,True
2444,2444,1226,1,tfidf+perp,2,1,0.995979566185366,True
2445,2445,1227,0,tfidf+perp,2,0,0.011352976157966408,True
2446,2446,1227,1,tfidf+perp,2,1,0.9990791130409752,True
2447,2447,1228,0,tfidf+perp,2,0,0.008220791518510618,True
2448,2448,1228,1,tfidf+perp,2,1,0.9979527047359066,True
2449,2449,1229,0,tfidf+perp,2,0,0.00046613129342763055,True
2450,2450,1229,1,tfidf+perp,2,1,0.9852340084586674,True
2451,2451,1230,0,tfidf+perp,2,0,0.06718313236600308,True
2452,2452,1230,1,tfidf+perp,2,1,0.9743938641359708,True
2453,2453,1231,0,tfidf+perp,2,0,0.011011632141983547,True
2454,2454,1231,1,tfidf+perp,2,1,0.8881823725764547,True
2455,2455,1232,0,tfidf+perp,2,0,0.0014536547707621325,True
2456,2456,1232,1,tfidf+perp,2,1,0.9910884853768082,True
2457,2457,1233,0,tfidf+perp,2,0,4.652739037907878e-05,True
2458,2458,1233,1,tfidf+perp,2,1,0.9855029709261044,True
2459,2459,1234,0,tfidf+perp,2,0,0.0017679499156400705,True
2460,2460,1234,1,tfidf+perp,2,1,0.9434210936472218,True
2461,2461,1235,0,tfidf+perp,2,0,0.002015095061485747,True
2462,2462,1235,1,tfidf+perp,2,0,0.08564016516831469,False
2463,2463,1236,0,tfidf+perp,2,1,0.9324213524483382,False
2464,2464,1236,1,tfidf+perp,2,1,0.998479258380305,True
2465,2465,1237,0,tfidf+perp,2,0,0.30180073542437763,True
2466,2466,1237,1,tfidf+perp,2,1,0.9352466373842361,True
2467,2467,1238,0,tfidf+perp,2,0,0.005323002772419242,True
2468,2468,1238,1,tfidf+perp,2,1,0.9987988702967323,True
2469,2469,1239,0,tfidf+perp,2,0,0.00029072606216970726,True
2470,2470,1239,1,tfidf+perp,2,1,0.9878066775347093,True
2471,2471,1240,0,tfidf+perp,2,0,0.00014235913439046777,True
2472,2472,1240,1,tfidf+perp,2,1,0.9851796416281522,True
2473,2473,1241,0,tfidf+perp,2,0,0.22749233371861563,True
2474,2474,1241,1,tfidf+perp,2,1,0.9802330979294878,True
2475,2475,1242,0,tfidf+perp,2,0,0.07480418897313572,True
2476,2476,1242,1,tfidf+perp,2,1,0.9958655733284486,True
2477,2477,1243,0,tfidf+perp,2,0,0.0008767876099595212,True
2478,2478,1243,1,tfidf+perp,2,1,0.9964096762916034,True
2479,2479,1244,0,tfidf+perp,2,0,0.003017231942378587,True
2480,2480,1244,1,tfidf+perp,2,1,0.9948535916604494,True
2481,2481,1245,0,tfidf+perp,2,0,0.027881681389268533,True
2482,2482,1245,1,tfidf+perp,2,1,0.9784950006316234,True
2483,2483,1246,0,tfidf+perp,2,0,0.16035976341005762,True
2484,2484,1246,1,tfidf+perp,2,1,0.996868390279139,True
2485,2485,1247,0,tfidf+perp,2,0,0.1530158234740213,True
2486,2486,1247,1,tfidf+perp,2,1,0.76622636473401,True
2487,2487,1248,0,tfidf+perp,2,0,0.0022199372635899506,True
2488,2488,1248,1,tfidf+perp,2,1,0.982562199382106,True
2489,2489,1249,0,tfidf+perp,2,0,0.0032952558661253333,True
2490,2490,1249,1,tfidf+perp,2,1,0.9936251265510724,True
2491,2491,1250,0,tfidf+perp,2,0,0.0019520594236227022,True
2492,2492,1250,1,tfidf+perp,2,1,0.9932889261876653,True
2493,2493,1251,0,tfidf+perp,2,0,0.007598478507630938,True
2494,2494,1251,1,tfidf+perp,2,0,0.36833728522889136,False
2495,2495,1252,0,tfidf+perp,2,0,0.1221015008610006,True
2496,2496,1252,1,tfidf+perp,2,1,0.9986632961142969,True
2497,2497,1253,0,tfidf+perp,2,0,0.0024750574463414314,True
2498,2498,1253,1,tfidf+perp,2,1,0.9864262972388278,True
2499,2499,1254,0,tfidf+perp,2,0,0.0069949777059567534,True
2500,2500,1254,1,tfidf+perp,2,1,0.9609131372820112,True
2501,2501,1255,0,tfidf+perp,2,0,0.08099891344552271,True
2502,2502,1255,1,tfidf+perp,2,1,0.9974385081764297,True
2503,2503,1256,0,tfidf+perp,2,0,0.0010849297852808608,True
2504,2504,1256,1,tfidf+perp,2,1,0.9962100897831822,True
2505,2505,1257,0,tfidf+perp,2,0,0.0034606782426699887,True
2506,2506,1257,1,tfidf+perp,2,0,0.3294332206614805,False
2507,2507,1258,0,tfidf+perp,2,0,0.0005344829763179582,True
2508,2508,1258,1,tfidf+perp,2,1,0.9919738928773323,True
2509,2509,1259,0,tfidf+perp,2,0,0.0045488921832552535,True
2510,2510,1259,1,tfidf+perp,2,1,0.992942098412317,True
2511,2511,1260,0,tfidf+perp,2,0,0.4855465704442591,True
2512,2512,1260,1,tfidf+perp,2,1,0.991717345510424,True
2513,2513,1261,0,tfidf+perp,2,0,0.0012542074972141802,True
2514,2514,1261,1,tfidf+perp,2,1,0.9624087044099813,True
2515,2515,1262,0,tfidf+perp,2,0,0.16907035796721678,True
2516,2516,1262,1,tfidf+perp,2,0,0.28250683976007496,False
2517,2517,1263,0,tfidf+perp,2,0,0.004905381167787929,True
2518,2518,1263,1,tfidf+perp,2,1,0.9965039705832488,True
2519,2519,1264,0,tfidf+perp,2,0,0.0037631646335843294,True
2520,2520,1264,1,tfidf+perp,2,1,0.8543608081358575,True
2521,2521,1265,0,tfidf+perp,2,0,0.04717429508552136,True
2522,2522,1265,1,tfidf+perp,2,1,0.9973470894509109,True
2523,2523,1266,0,tfidf+perp,2,0,0.0007544385366416688,True
2524,2524,1266,1,tfidf+perp,2,1,0.8681433888841411,True
2525,2525,1267,0,tfidf+perp,2,0,0.030363437224084924,True
2526,2526,1267,1,tfidf+perp,2,1,0.9794230027718179,True
2527,2527,1268,1,tfidf+perp,2,1,0.9540091273554206,True
2528,2528,1269,0,tfidf+perp,2,0,0.0012198857959425605,True
2529,2529,1269,1,tfidf+perp,2,1,0.9769842837547109,True
2530,2530,1270,0,tfidf+perp,2,0,0.0011745998918457775,True
2531,2531,1270,1,tfidf+perp,2,1,0.9942235170137764,True
2532,2532,1271,0,tfidf+perp,2,0,0.001891495115017973,True
2533,2533,1271,1,tfidf+perp,2,0,0.4414883060870811,False
2534,2534,1272,0,tfidf+perp,2,0,0.014005069800599191,True
2535,2535,1272,1,tfidf+perp,2,1,0.9995195228849745,True
2536,2536,1273,0,tfidf+perp,2,0,0.060307239122769356,True
2537,2537,1273,1,tfidf+perp,2,1,0.9992435671607509,True
2538,2538,1274,0,tfidf+perp,2,0,0.013007358561453445,True
2539,2539,1274,1,tfidf+perp,2,1,0.9974114206293435,True
2540,2540,1275,0,tfidf+perp,2,0,0.007148250193240779,True
2541,2541,1275,1,tfidf+perp,2,1,0.9562646819616087,True
2542,2542,1276,0,tfidf+perp,2,0,0.028129457999264616,True
2543,2543,1276,1,tfidf+perp,2,1,0.9883052847441126,True
2544,2544,1277,0,tfidf+perp,2,0,0.002761956212424695,True
2545,2545,1277,1,tfidf+perp,2,1,0.9430893754822679,True
2546,2546,1278,0,tfidf+perp,2,1,0.651677830461388,False
2547,2547,1278,1,tfidf+perp,2,1,0.9605318540897801,True
2548,2548,1279,0,tfidf+perp,2,0,0.018233861266359508,True
2549,2549,1279,1,tfidf+perp,2,1,0.9979097468573274,True
2550,2550,1280,0,tfidf+perp,2,0,0.011769392305876676,True
2551,2551,1280,1,tfidf+perp,2,1,0.9977264638410589,True
2552,2552,1281,0,tfidf+perp,2,0,0.0013013834581353538,True
2553,2553,1281,1,tfidf+perp,2,1,0.9998557298884402,True
2554,2554,1282,0,tfidf+perp,2,0,0.034665459863814224,True
2555,2555,1282,1,tfidf+perp,2,1,0.9991931038587517,True
2556,2556,1283,0,tfidf+perp,2,0,0.04006054578430406,True
2557,2557,1283,1,tfidf+perp,2,1,0.9953784682596304,True
2558,2558,1284,0,tfidf+perp,2,0,0.002760727499988032,True
2559,2559,1284,1,tfidf+perp,2,1,0.999566912706931,True
2560,2560,1285,0,tfidf+perp,2,0,0.003965702496805915,True
2561,2561,1285,1,tfidf+perp,2,1,0.9943707381987491,True
2562,2562,1286,0,tfidf+perp,2,0,0.0014366771382884134,True
2563,2563,1286,1,tfidf+perp,2,1,0.9884987743084469,True
2564,2564,1287,0,tfidf+perp,2,0,0.002567744372008889,True
2565,2565,1287,1,tfidf+perp,2,1,0.9627959312379818,True
2566,2566,1288,0,tfidf+perp,2,0,0.0014057457169107022,True
2567,2567,1288,1,tfidf+perp,2,0,0.4444226917021728,False
2568,2568,1289,0,tfidf+perp,2,0,0.004613491061456118,True
2569,2569,1289,1,tfidf+perp,2,1,0.9914005508137302,True
2570,2570,1290,0,tfidf+perp,2,0,0.0008863295200364819,True
2571,2571,1290,1,tfidf+perp,2,1,0.9983253578656879,True
2572,2572,1291,0,tfidf+perp,2,0,0.39929748016724365,True
2573,2573,1291,1,tfidf+perp,2,1,0.9980415904330244,True
2574,2574,1292,0,tfidf+perp,2,0,0.03014825804901252,True
2575,2575,1292,1,tfidf+perp,2,1,0.9944306211908613,True
2576,2576,1293,0,tfidf+perp,2,1,0.815301682429841,False
2577,2577,1293,1,tfidf+perp,2,1,0.9842770702067662,True
2578,2578,1294,0,tfidf+perp,2,0,0.017917489589602823,True
2579,2579,1294,1,tfidf+perp,2,1,0.894573751200814,True
2580,2580,1295,0,tfidf+perp,2,0,0.0026800893899297518,True
2581,2581,1295,1,tfidf+perp,2,1,0.9988291977783368,True
2582,2582,1296,0,tfidf+perp,2,0,0.029150238032463634,True
2583,2583,1296,1,tfidf+perp,2,1,0.9825730892973741,True
2584,2584,1297,0,tfidf+perp,2,0,0.24347565089587844,True
2585,2585,1297,1,tfidf+perp,2,1,0.9808411453315761,True
2586,2586,1298,0,tfidf+perp,2,0,0.0006399528967608672,True
2587,2587,1298,1,tfidf+perp,2,1,0.8049205033797736,True
2588,2588,1299,0,tfidf+perp,2,0,0.021242508843951315,True
2589,2589,1299,1,tfidf+perp,2,1,0.9984234926648454,True
2590,2590,1300,0,tfidf+perp,2,0,0.0006039859158090014,True
2591,2591,1300,1,tfidf+perp,2,1,0.9961197087938445,True
2592,2592,1301,0,tfidf+perp,2,0,0.005334853306560991,True
2593,2593,1301,1,tfidf+perp,2,1,0.9888087730622837,True
2594,2594,1302,0,tfidf+perp,2,0,0.021926069717314287,True
2595,2595,1302,1,tfidf+perp,2,1,0.9998743622867924,True
2596,2596,1303,0,tfidf+perp,2,0,0.0017818596031557153,True
2597,2597,1303,1,tfidf+perp,2,1,0.8474578467144812,True
2598,2598,1304,0,tfidf+perp,2,0,0.0013814899160152334,True
2599,2599,1304,1,tfidf+perp,2,1,0.9935874702456726,True
2600,2600,1305,0,tfidf+perp,2,0,0.05756683882184156,True
2601,2601,1305,1,tfidf+perp,2,1,0.9971100125481482,True
2602,2602,1306,0,tfidf+perp,2,0,0.001596539505220629,True
2603,2603,1306,1,tfidf+perp,2,1,0.992547722902073,True
2604,2604,1307,0,tfidf+perp,2,0,0.019061835972419075,True
2605,2605,1307,1,tfidf+perp,2,1,0.9983929173448547,True
2606,2606,1308,0,tfidf+perp,2,0,0.001444046313720303,True
2607,2607,1308,1,tfidf+perp,2,1,0.9997272479487348,True
2608,2608,1309,0,tfidf+perp,2,0,0.00027026197566258777,True
2609,2609,1309,1,tfidf+perp,2,1,0.5543186618830087,True
2610,2610,1310,0,tfidf+perp,2,0,0.00232185385259412,True
2611,2611,1310,1,tfidf+perp,2,1,0.9372481969056086,True
2612,2612,1311,0,tfidf+perp,2,0,0.002888017984861834,True
2613,2613,1311,1,tfidf+perp,2,1,0.9265794318950342,True
2614,2614,1312,0,tfidf+perp,2,0,0.004775285742631311,True
2615,2615,1312,1,tfidf+perp,2,1,0.9516562264972147,True
2616,2616,1313,0,tfidf+perp,2,0,0.007304000203532196,True
2617,2617,1313,1,tfidf+perp,2,1,0.9985342696353405,True
2618,2618,1314,0,tfidf+perp,2,0,0.05747014484159469,True
2619,2619,1314,1,tfidf+perp,2,1,0.9853930860507492,True
2620,2620,1315,0,tfidf+perp,2,0,0.004113645289159079,True
2621,2621,1315,1,tfidf+perp,2,1,0.9967387814926247,True
2622,2622,1316,0,tfidf+perp,2,0,0.00096273311579877,True
2623,2623,1316,1,tfidf+perp,2,1,0.9873159884450294,True
2624,2624,1317,0,tfidf+perp,2,0,0.012428362149946425,True
2625,2625,1317,1,tfidf+perp,2,1,0.9993009676515302,True
2626,2626,1318,0,tfidf+perp,2,0,0.4285081327081046,True
2627,2627,1318,1,tfidf+perp,2,1,0.999778825302293,True
2628,2628,1319,0,tfidf+perp,2,0,0.0009871887108688895,True
2629,2629,1319,1,tfidf+perp,2,1,0.997529334976135,True
2630,2630,1320,0,tfidf+perp,2,0,0.0186048552084936,True
2631,2631,1320,1,tfidf+perp,2,1,0.9820897211138945,True
2632,2632,1321,0,tfidf+perp,2,0,0.05568700484006921,True
2633,2633,1321,1,tfidf+perp,2,1,0.9972383909065127,True
2634,2634,1322,0,tfidf+perp,2,0,0.08795483853054079,True
2635,2635,1322,1,tfidf+perp,2,1,0.9353806917283088,True
2636,2636,1323,0,tfidf+perp,2,0,0.0014545422278240247,True
2637,2637,1323,1,tfidf+perp,2,1,0.9726593529106509,True
2638,2638,1324,0,tfidf+perp,2,0,0.36001046358528405,True
2639,2639,1324,1,tfidf+perp,2,1,0.9995359268021856,True
2640,2640,1325,0,tfidf+perp,2,0,0.11699657172843934,True
2641,2641,1325,1,tfidf+perp,2,0,0.17808336210141137,False
2642,2642,1326,0,tfidf+perp,2,0,0.021408662031427928,True
2643,2643,1326,1,tfidf+perp,2,1,0.8474280762225208,True
2644,2644,1327,0,tfidf+perp,2,0,0.0015424335465000043,True
2645,2645,1327,1,tfidf+perp,2,1,0.572171698309274,True
2646,2646,1328,0,tfidf+perp,2,0,0.022491562483640582,True
2647,2647,1328,1,tfidf+perp,2,1,0.6156327766490989,True
2648,2648,1329,0,tfidf+perp,2,0,0.0034164466741337576,True
2649,2649,1329,1,tfidf+perp,2,1,0.9892630470221876,True
2650,2650,1330,0,tfidf+perp,2,0,0.003620970087920451,True
2651,2651,1330,1,tfidf+perp,2,1,0.9917618852135938,True
2652,2652,1331,0,tfidf+perp,2,0,0.004413555463308268,True
2653,2653,1331,1,tfidf+perp,2,1,0.9945451816128824,True
2654,2654,1332,0,tfidf+perp,2,0,0.02910427744055391,True
2655,2655,1332,1,tfidf+perp,2,1,0.9976101884314003,True
2656,2656,1333,0,tfidf+perp,2,0,0.00255422035054923,True
2657,2657,1333,1,tfidf+perp,2,1,0.9735249803287845,True
2658,2658,1334,0,tfidf+perp,2,0,0.008047563360429071,True
2659,2659,1334,1,tfidf+perp,2,1,0.9924160755602922,True
2660,2660,1335,0,tfidf+perp,2,0,0.0015680372209641658,True
2661,2661,1335,1,tfidf+perp,2,1,0.9939282153656153,True
2662,2662,1336,0,tfidf+perp,2,1,0.8928940063038077,False
2663,2663,1336,1,tfidf+perp,2,1,0.9989414089995395,True
2664,2664,1337,0,tfidf+perp,2,0,0.1812648348814756,True
2665,2665,1337,1,tfidf+perp,2,1,0.9677008151275016,True
2666,2666,1338,0,tfidf+perp,2,0,0.008955472081607178,True
2667,2667,1338,1,tfidf+perp,2,1,0.9852854844428139,True
2668,2668,1339,0,tfidf+perp,2,0,0.001233596405299625,True
2669,2669,1339,1,tfidf+perp,2,1,0.9972662001243561,True
2670,2670,1340,0,tfidf+perp,2,0,0.1634647870750991,True
2671,2671,1340,1,tfidf+perp,2,1,0.9980117237342297,True
2672,2672,1341,0,tfidf+perp,2,0,0.30554521939503276,True
2673,2673,1341,1,tfidf+perp,2,1,0.9958775455246546,True
2674,2674,1342,0,tfidf+perp,2,0,0.0009073713771524489,True
2675,2675,1342,1,tfidf+perp,2,1,0.9407605280341617,True
2676,2676,1343,0,tfidf+perp,2,0,0.43723467510990216,True
2677,2677,1343,1,tfidf+perp,2,1,0.9993234463074081,True
2678,2678,1344,0,tfidf+perp,2,0,0.060649776021515625,True
2679,2679,1344,1,tfidf+perp,2,0,0.2025530722542755,False
2680,2680,1345,0,tfidf+perp,2,0,0.001497777481473919,True
2681,2681,1345,1,tfidf+perp,2,1,0.9343367146107168,True
2682,2682,1346,0,tfidf+perp,2,0,0.025981451649202535,True
2683,2683,1346,1,tfidf+perp,2,1,0.999024942359502,True
2684,2684,1347,0,tfidf+perp,2,0,0.4252917897241991,True
2685,2685,1347,1,tfidf+perp,2,1,0.9656217337611918,True
2686,2686,1348,0,tfidf+perp,2,0,0.0007841509939200665,True
2687,2687,1348,1,tfidf+perp,2,1,0.9989487675524027,True
2688,2688,1349,0,tfidf+perp,2,0,0.00037844400594986335,True
2689,2689,1349,1,tfidf+perp,2,0,0.08777117864395975,False
2690,2690,1350,0,tfidf+perp,2,0,0.19493705622953378,True
2691,2691,1350,1,tfidf+perp,2,0,0.4913506646630267,False
2692,2692,1351,0,tfidf+perp,2,0,0.00029620668330131655,True
2693,2693,1351,1,tfidf+perp,2,1,0.9988797999454496,True
2694,2694,1352,0,tfidf+perp,2,0,0.05256149945717768,True
2695,2695,1352,1,tfidf+perp,2,1,0.9964171411618926,True
2696,2696,1353,0,tfidf+perp,2,0,0.001403315805615012,True
2697,2697,1353,1,tfidf+perp,2,1,0.7288944796965772,True
2698,2698,1354,0,tfidf+perp,2,0,0.005115674273300815,True
2699,2699,1354,1,tfidf+perp,2,1,0.937373444137506,True
2700,2700,1355,0,tfidf+perp,2,0,0.04928466221295721,True
2701,2701,1355,1,tfidf+perp,2,1,0.9997361383990039,True
2702,2702,1356,0,tfidf+perp,2,1,0.9134770708352271,False
2703,2703,1356,1,tfidf+perp,2,1,0.9976273412886169,True
2704,2704,1357,0,tfidf+perp,2,0,0.019337848754090673,True
2705,2705,1357,1,tfidf+perp,2,1,0.9898517880188971,True
2706,2706,1358,0,tfidf+perp,2,0,0.004071245375651731,True
2707,2707,1358,1,tfidf+perp,2,1,0.8386985598621212,True
2708,2708,1359,0,tfidf+perp,2,0,0.00887630943291639,True
2709,2709,1359,1,tfidf+perp,2,1,0.9955394594748004,True
2710,2710,1360,0,tfidf+perp,2,0,0.0070479925608080505,True
2711,2711,1360,1,tfidf+perp,2,1,0.9790879050230885,True
2712,2712,1361,0,tfidf+perp,2,0,0.02367623625752513,True
2713,2713,1361,1,tfidf+perp,2,1,0.9745901159887277,True
2714,2714,1362,0,tfidf+perp,2,0,0.0015702139636346835,True
2715,2715,1362,1,tfidf+perp,2,1,0.9908362000548319,True
2716,2716,1363,0,tfidf+perp,2,0,0.02175578936830444,True
2717,2717,1363,1,tfidf+perp,2,1,0.9965897956482845,True
2718,2718,1364,0,tfidf+perp,2,0,0.009458669150032776,True
2719,2719,1364,1,tfidf+perp,2,1,0.994337734357802,True
2720,2720,1365,0,tfidf+perp,2,0,0.004150910594556907,True
2721,2721,1365,1,tfidf+perp,2,1,0.99210046199391,True
2722,2722,1366,0,tfidf+perp,2,0,0.0005819528739667275,True
2723,2723,1366,1,tfidf+perp,2,1,0.9811160711283763,True
2724,2724,1367,0,tfidf+perp,2,0,0.23498182130436823,True
2725,2725,1367,1,tfidf+perp,2,1,0.9856861188225787,True
2726,2726,1368,0,tfidf+perp,2,0,0.06852725008817695,True
2727,2727,1368,1,tfidf+perp,2,1,0.9580364167037343,True
2728,2728,1369,0,tfidf+perp,2,0,0.0017479166745300828,True
2729,2729,1369,1,tfidf+perp,2,1,0.9954590925248527,True
2730,2730,1370,0,tfidf+perp,2,0,0.0016171693435953333,True
2731,2731,1370,1,tfidf+perp,2,1,0.9921881458929165,True
2732,2732,1371,0,tfidf+perp,2,0,0.0012026325884675836,True
2733,2733,1371,1,tfidf+perp,2,1,0.9895912799848429,True
2734,2734,1372,0,tfidf+perp,2,0,0.2901133224596367,True
2735,2735,1372,1,tfidf+perp,2,1,0.942598480425683,True
2736,2736,1373,0,tfidf+perp,2,0,0.00948460676719988,True
2737,2737,1373,1,tfidf+perp,2,1,0.9970150443510304,True
2738,2738,1374,0,tfidf+perp,2,0,0.04744585506221717,True
2739,2739,1374,1,tfidf+perp,2,1,0.9659915432281926,True
2740,2740,1375,0,tfidf+perp,2,0,0.043667820033502724,True
2741,2741,1375,1,tfidf+perp,2,1,0.9975191249691097,True
2742,2742,1376,0,tfidf+perp,2,0,0.0015481484161924458,True
2743,2743,1376,1,tfidf+perp,2,1,0.9346893962306027,True
2744,2744,1377,0,tfidf+perp,2,0,0.007962549640228,True
2745,2745,1377,1,tfidf+perp,2,1,0.9758891203373756,True
2746,2746,1378,0,tfidf+perp,2,0,0.001396375681231807,True
2747,2747,1378,1,tfidf+perp,2,1,0.993434879135726,True
2748,2748,1379,0,tfidf+perp,2,0,0.002215953256917936,True
2749,2749,1379,1,tfidf+perp,2,1,0.9931905604812563,True
2750,2750,1380,0,tfidf+perp,2,0,0.002123669421680947,True
2751,2751,1380,1,tfidf+perp,2,1,0.9957806972404656,True
2752,2752,1381,0,tfidf+perp,2,1,0.94445205877887,False
2753,2753,1381,1,tfidf+perp,2,1,0.9893189441679873,True
2754,2754,1382,0,tfidf+perp,2,0,0.0003568005764603404,True
2755,2755,1382,1,tfidf+perp,2,1,0.7000240702714552,True
2756,2756,1383,0,tfidf+perp,2,0,0.03369512275256245,True
2757,2757,1383,1,tfidf+perp,2,1,0.9965992212626718,True
2758,2758,1384,0,tfidf+perp,2,0,0.005913319901897092,True
2759,2759,1384,1,tfidf+perp,2,1,0.553608935617324,True
2760,2760,1385,0,tfidf+perp,2,0,0.0005447868837327778,True
2761,2761,1385,1,tfidf+perp,2,1,0.9284723913220767,True
2762,2762,1386,0,tfidf+perp,2,0,0.0055030713420627965,True
2763,2763,1386,1,tfidf+perp,2,1,0.9991637005180517,True
2764,2764,1387,0,tfidf+perp,2,0,0.0013336071014587293,True
2765,2765,1387,1,tfidf+perp,2,1,0.9980199019311673,True
2766,2766,1388,0,tfidf+perp,2,0,0.002124125080518174,True
2767,2767,1388,1,tfidf+perp,2,1,0.9784173141917297,True
2768,2768,1389,0,tfidf+perp,2,0,0.03130004551426847,True
2769,2769,1389,1,tfidf+perp,2,1,0.9962583724058767,True
2770,2770,1390,0,tfidf+perp,2,0,0.0015340022838481475,True
2771,2771,1390,1,tfidf+perp,2,1,0.9959412144983244,True
2772,2772,1391,0,tfidf+perp,2,0,0.3189102474290295,True
2773,2773,1391,1,tfidf+perp,2,1,0.9957678567837714,True
2774,2774,1392,0,tfidf+perp,2,0,0.1252128998534872,True
2775,2775,1392,1,tfidf+perp,2,1,0.5049601773169625,True
2776,2776,1393,0,tfidf+perp,2,0,0.002289020164444588,True
2777,2777,1393,1,tfidf+perp,2,1,0.9838775976631489,True
2778,2778,1394,0,tfidf+perp,2,0,0.11608496221878249,True
2779,2779,1394,1,tfidf+perp,2,1,0.9681994559350036,True
2780,2780,1395,0,tfidf+perp,2,0,0.010427418200343022,True
2781,2781,1395,1,tfidf+perp,2,0,0.09870743745702701,False
2782,2782,1396,0,tfidf+perp,2,0,0.0019538630778946214,True
2783,2783,1396,1,tfidf+perp,2,1,0.9972142091349349,True
2784,2784,1397,0,tfidf+perp,2,0,0.005901103537486673,True
2785,2785,1397,1,tfidf+perp,2,1,0.9883148820273123,True
2786,2786,1398,0,tfidf+perp,2,0,0.01717316417510256,True
2787,2787,1398,1,tfidf+perp,2,1,0.9987811855536233,True
2788,2788,1399,0,tfidf+perp,2,0,0.003087936446955511,True
2789,2789,1399,1,tfidf+perp,2,1,0.9876020146949579,True
2790,2790,1400,0,tfidf+perp,2,0,0.015930195761887832,True
2791,2791,1400,1,tfidf+perp,2,1,0.9990461752984688,True
2792,2792,1401,0,tfidf+perp,2,0,0.0013287422217890554,True
2793,2793,1401,1,tfidf+perp,2,1,0.9378696685728584,True
2794,2794,1402,0,tfidf+perp,2,0,0.20137458023138902,True
2795,2795,1402,1,tfidf+perp,2,1,0.9989015885047838,True
2796,2796,1403,0,tfidf+perp,2,0,0.23449413407203948,True
2797,2797,1403,1,tfidf+perp,2,1,0.99616133369894,True
2798,2798,1404,0,tfidf+perp,2,0,0.04828072584665465,True
2799,2799,1404,1,tfidf+perp,2,1,0.9398158400497039,True
2800,2800,1405,0,tfidf+perp,2,0,0.0056002171354780726,True
2801,2801,1405,1,tfidf+perp,2,1,0.9599014424372438,True
2802,2802,1406,0,tfidf+perp,2,0,0.0025975887452091683,True
2803,2803,1406,1,tfidf+perp,2,1,0.999510071768797,True
2804,2804,1407,0,tfidf+perp,2,0,0.0008886122583264045,True
2805,2805,1407,1,tfidf+perp,2,1,0.9903846680722928,True
2806,2806,1408,0,tfidf+perp,2,0,0.023088816772021296,True
2807,2807,1408,1,tfidf+perp,2,1,0.9994679019296667,True
2808,2808,1409,0,tfidf+perp,2,0,0.000892296596405001,True
2809,2809,1409,1,tfidf+perp,2,1,0.9763296902566143,True
2810,2810,1410,0,tfidf+perp,2,0,0.00519769458695491,True
2811,2811,1410,1,tfidf+perp,2,1,0.9985744319358354,True
2812,2812,1411,0,tfidf+perp,2,0,0.009503792771462412,True
2813,2813,1411,1,tfidf+perp,2,1,0.9979760623192193,True
2814,2814,1412,0,tfidf+perp,2,0,0.03521975970489184,True
2815,2815,1412,1,tfidf+perp,2,1,0.9778720373733115,True
2816,2816,1413,0,tfidf+perp,2,0,0.009493092955944736,True
2817,2817,1413,1,tfidf+perp,2,1,0.997973094500189,True
2818,2818,1414,0,tfidf+perp,2,0,0.0011498028507288575,True
2819,2819,1414,1,tfidf+perp,2,1,0.9679982419752777,True
2820,2820,1415,0,tfidf+perp,2,0,0.0028561524832934316,True
2821,2821,1415,1,tfidf+perp,2,1,0.9977914593669069,True
2822,2822,1416,0,tfidf+perp,2,0,0.2851807926184514,True
2823,2823,1416,1,tfidf+perp,2,1,0.9994854593360174,True
2824,2824,1417,0,tfidf+perp,2,0,0.008438447194751135,True
2825,2825,1417,1,tfidf+perp,2,1,0.9993128509537901,True
2826,2826,1418,0,tfidf+perp,2,0,0.13632206187049287,True
2827,2827,1418,1,tfidf+perp,2,1,0.9620402907673405,True
2828,2828,1419,0,tfidf+perp,2,0,0.002121543625882449,True
2829,2829,1419,1,tfidf+perp,2,1,0.9760362487700379,True
2830,2830,1420,0,tfidf+perp,2,0,0.004191934701776594,True
2831,2831,1420,1,tfidf+perp,2,1,0.9974960352173262,True
2832,2832,1421,0,tfidf+perp,2,0,0.23278144618364457,True
2833,2833,1421,1,tfidf+perp,2,1,0.9991686380472036,True
2834,2834,1422,0,tfidf+perp,2,0,0.009780463280426116,True
2835,2835,1422,1,tfidf+perp,2,1,0.9970625059595332,True
2836,2836,1423,0,tfidf+perp,2,0,0.22340901834178348,True
2837,2837,1423,1,tfidf+perp,2,1,0.998507916217033,True
2838,2838,1424,0,tfidf+perp,2,0,0.002005966041977897,True
2839,2839,1424,1,tfidf+perp,2,1,0.8885245893266991,True
2840,2840,1425,0,tfidf+perp,2,1,0.7724611129478148,False
2841,2841,1425,1,tfidf+perp,2,1,0.982367205806385,True
2842,2842,1426,0,tfidf+perp,2,0,0.3695362260231329,True
2843,2843,1426,1,tfidf+perp,2,1,0.9995156589838918,True
2844,2844,1427,0,tfidf+perp,2,0,0.004856962592158009,True
2845,2845,1427,1,tfidf+perp,2,1,0.9984997960071443,True
2846,2846,1428,0,tfidf+perp,2,0,0.002972064014324387,True
2847,2847,1428,1,tfidf+perp,2,1,0.9978779268978302,True
2848,2848,1429,0,tfidf+perp,2,0,0.0001131288613752983,True
2849,2849,1429,1,tfidf+perp,2,1,0.9111368755792795,True
2850,2850,1430,0,tfidf+perp,2,0,0.0104456787675505,True
2851,2851,1430,1,tfidf+perp,2,1,0.9749672500200991,True
2852,2852,1431,0,tfidf+perp,2,0,0.05795755661578736,True
2853,2853,1431,1,tfidf+perp,2,1,0.9450253767513194,True
2854,2854,1432,0,tfidf+perp,2,0,0.03404303312842919,True
2855,2855,1432,1,tfidf+perp,2,1,0.8638255811015199,True
2856,2856,1433,0,tfidf+perp,2,0,0.007367364357448347,True
2857,2857,1433,1,tfidf+perp,2,1,0.8260351684184231,True
2858,2858,1434,0,tfidf+perp,2,0,0.0008166344530430758,True
2859,2859,1434,1,tfidf+perp,2,1,0.9950045805688827,True
2860,2860,1435,0,tfidf+perp,2,0,0.005458693528877009,True
2861,2861,1435,1,tfidf+perp,2,1,0.9994206349329692,True
2862,2862,1436,0,tfidf+perp,2,0,0.01972917035825423,True
2863,2863,1436,1,tfidf+perp,2,1,0.999590006494624,True
2864,2864,1437,0,tfidf+perp,2,0,0.04446607554734864,True
2865,2865,1437,1,tfidf+perp,2,1,0.8252713867999861,True
2866,2866,1438,0,tfidf+perp,2,0,0.003701908051821472,True
2867,2867,1438,1,tfidf+perp,2,1,0.9954181134225496,True
2868,2868,1439,0,tfidf+perp,2,0,0.09575506824827425,True
2869,2869,1439,1,tfidf+perp,2,1,0.8607852925476971,True
2870,2870,1440,0,tfidf+perp,2,0,0.0009598540459487371,True
2871,2871,1440,1,tfidf+perp,2,1,0.9995375370534587,True
2872,2872,1441,0,tfidf+perp,2,0,0.125863999277084,True
2873,2873,1441,1,tfidf+perp,2,1,0.9959259670936859,True
2874,2874,1442,0,tfidf+perp,2,0,0.0133263370212127,True
2875,2875,1442,1,tfidf+perp,2,1,0.9995010430800432,True
2876,2876,1443,0,tfidf+perp,2,0,0.009947342678961699,True
2877,2877,1443,1,tfidf+perp,2,1,0.950520568495031,True
2878,2878,1444,0,tfidf+perp,2,0,0.05776468251586416,True
2879,2879,1444,1,tfidf+perp,2,1,0.9836735171586435,True
2880,2880,1445,0,tfidf+perp,2,0,0.006798512028811692,True
2881,2881,1445,1,tfidf+perp,2,1,0.983878240239504,True
2882,2882,1446,0,tfidf+perp,2,0,0.06476352155764285,True
2883,2883,1446,1,tfidf+perp,2,1,0.9959046867931202,True
2884,2884,1447,0,tfidf+perp,2,0,0.0012874204190018981,True
2885,2885,1447,1,tfidf+perp,2,1,0.9994091651959289,True
2886,2886,1448,0,tfidf+perp,2,0,0.0005101883526976138,True
2887,2887,1448,1,tfidf+perp,2,1,0.978904061953671,True
2888,2888,1449,0,tfidf+perp,2,0,0.008358946137615677,True
2889,2889,1449,1,tfidf+perp,2,1,0.9914697984698804,True
2890,2890,1450,0,tfidf+perp,2,0,0.061088179590421114,True
2891,2891,1450,1,tfidf+perp,2,1,0.7735181532006713,True
2892,2892,1451,0,tfidf+perp,2,0,0.001657063497109067,True
2893,2893,1451,1,tfidf+perp,2,1,0.5103718291389036,True
2894,2894,1452,0,tfidf+perp,2,0,0.02219815269429368,True
2895,2895,1452,1,tfidf+perp,2,1,0.9983976657647162,True
2896,2896,1453,0,tfidf+perp,2,0,0.062242744869749254,True
2897,2897,1453,1,tfidf+perp,2,1,0.9748337688668823,True
2898,2898,1454,0,tfidf+perp,2,0,0.012047277270364918,True
2899,2899,1454,1,tfidf+perp,2,1,0.9986816993067121,True
2900,2900,1455,0,tfidf+perp,2,0,0.005921718335516979,True
2901,2901,1455,1,tfidf+perp,2,1,0.9987188685431837,True
2902,2902,1456,0,tfidf+perp,2,0,0.014777549505026364,True
2903,2903,1456,1,tfidf+perp,2,1,0.9856425855225069,True
2904,2904,1457,0,tfidf+perp,2,0,0.013801530885672599,True
2905,2905,1457,1,tfidf+perp,2,1,0.9977814079617059,True
2906,2906,1458,0,tfidf+perp,2,0,0.0050402570661177365,True
2907,2907,1458,1,tfidf+perp,2,1,0.9915053123975225,True
2908,2908,1459,0,tfidf+perp,2,0,0.0029143736656002703,True
2909,2909,1459,1,tfidf+perp,2,1,0.991650446040169,True
2910,2910,1460,0,tfidf+perp,2,0,0.008825020029099675,True
2911,2911,1460,1,tfidf+perp,2,1,0.9832487466780608,True
2912,2912,1461,0,tfidf+perp,2,0,0.06187077366351618,True
2913,2913,1461,1,tfidf+perp,2,1,0.9997849972334554,True
2914,2914,1462,0,tfidf+perp,2,0,0.0009059642264508887,True
2915,2915,1462,1,tfidf+perp,2,1,0.9733953506561285,True
2916,2916,1463,1,tfidf+perp,2,1,0.9952245001958695,True
2917,2917,1464,0,tfidf+perp,2,0,0.06311238485147719,True
2918,2918,1464,1,tfidf+perp,2,1,0.993282111316054,True
2919,2919,1465,0,tfidf+perp,2,0,0.06587167511335972,True
2920,2920,1465,1,tfidf+perp,2,1,0.9813821770313839,True
2921,2921,1466,0,tfidf+perp,2,0,0.0015127637626420071,True
2922,2922,1466,1,tfidf+perp,2,1,0.7867399113243934,True
2923,2923,1467,0,tfidf+perp,2,0,0.000607472158041223,True
2924,2924,1467,1,tfidf+perp,2,1,0.997803833770892,True
2925,2925,1468,0,tfidf+perp,2,0,0.0400341838700206,True
2926,2926,1468,1,tfidf+perp,2,1,0.9960889191707755,True
2927,2927,1469,0,tfidf+perp,2,0,0.0007510073904488811,True
2928,2928,1469,1,tfidf+perp,2,1,0.9731891800488393,True
2929,2929,1470,0,tfidf+perp,2,0,0.003219774806100969,True
2930,2930,1470,1,tfidf+perp,2,1,0.9951668511891953,True
2931,2931,1471,0,tfidf+perp,2,1,0.8153878265273033,False
2932,2932,1471,1,tfidf+perp,2,1,0.9787432053512641,True
2933,2933,1472,0,tfidf+perp,2,0,0.05456962831408975,True
2934,2934,1472,1,tfidf+perp,2,1,0.9985374048224714,True
2935,2935,1473,0,tfidf+perp,2,0,0.13733078056448217,True
2936,2936,1473,1,tfidf+perp,2,1,0.9852335446252197,True
2937,2937,1474,0,tfidf+perp,2,0,0.0014629281149895375,True
2938,2938,1474,1,tfidf+perp,2,1,0.9856349247152496,True
2939,2939,1475,0,tfidf+perp,2,0,0.005040038927548171,True
2940,2940,1475,1,tfidf+perp,2,1,0.9950310408278139,True
2941,2941,1476,0,tfidf+perp,2,0,0.004070405415177007,True
2942,2942,1476,1,tfidf+perp,2,1,0.9701023712451258,True
2943,2943,1477,0,tfidf+perp,2,0,0.09060023452147677,True
2944,2944,1477,1,tfidf+perp,2,1,0.887914018287739,True
2945,2945,1478,0,tfidf+perp,2,0,0.00428708822729598,True
2946,2946,1478,1,tfidf+perp,2,1,0.9983564565225402,True
2947,2947,1479,0,tfidf+perp,2,0,0.06111837224210922,True
2948,2948,1479,1,tfidf+perp,2,1,0.9980073495999615,True
2949,2949,1480,0,tfidf+perp,2,1,0.932611992846818,False
2950,2950,1480,1,tfidf+perp,2,1,0.992916425010044,True
2951,2951,1481,0,tfidf+perp,2,0,0.025049392029315963,True
2952,2952,1481,1,tfidf+perp,2,0,0.34713046682795873,False
2953,2953,1482,0,tfidf+perp,2,0,0.14448396163666505,True
2954,2954,1482,1,tfidf+perp,2,1,0.9948868833422893,True
2955,2955,1483,0,tfidf+perp,2,0,0.00911000971587828,True
2956,2956,1483,1,tfidf+perp,2,1,0.9925479435097385,True
2957,2957,1484,0,tfidf+perp,2,0,0.20368733188619947,True
2958,2958,1484,1,tfidf+perp,2,1,0.969224946859456,True
2959,2959,1485,0,tfidf+perp,2,0,0.0026490989750769926,True
2960,2960,1485,1,tfidf+perp,2,1,0.9952507227817587,True
2961,2961,1486,0,tfidf+perp,2,0,0.43828800297302245,True
2962,2962,1486,1,tfidf+perp,2,1,0.9757485371050939,True
2963,2963,1487,0,tfidf+perp,2,0,0.0036292675536064517,True
2964,2964,1487,1,tfidf+perp,2,1,0.9860624761058608,True
2965,2965,1488,0,tfidf+perp,2,0,0.00048209853769538245,True
2966,2966,1488,1,tfidf+perp,2,0,0.4949256102112695,False
2967,2967,1489,0,tfidf+perp,2,0,0.002622753917305194,True
2968,2968,1489,1,tfidf+perp,2,1,0.9601817154918627,True
2969,2969,1490,0,tfidf+perp,2,0,0.016461140291906807,True
2970,2970,1490,1,tfidf+perp,2,0,0.3812945690922183,False
2971,2971,1491,0,tfidf+perp,2,0,0.00046666634691965497,True
2972,2972,1491,1,tfidf+perp,2,0,0.07754829514901179,False
2973,2973,1492,0,tfidf+perp,2,0,0.0033417701426087243,True
2974,2974,1492,1,tfidf+perp,2,0,0.36007487521309606,False
2975,2975,1493,0,tfidf+perp,2,0,0.018115804068273757,True
2976,2976,1493,1,tfidf+perp,2,1,0.9912475819778198,True
2977,2977,1494,0,tfidf+perp,2,0,0.004101452769267367,True
2978,2978,1494,1,tfidf+perp,2,1,0.9990401377734917,True
2979,2979,1495,0,tfidf+perp,2,0,0.020203645562995226,True
2980,2980,1495,1,tfidf+perp,2,1,0.996562526333486,True
2981,2981,1496,0,tfidf+perp,2,0,0.009974716393321703,True
2982,2982,1496,1,tfidf+perp,2,1,0.9794444008858973,True
2983,2983,1497,0,tfidf+perp,2,0,0.004201785906238906,True
2984,2984,1497,1,tfidf+perp,2,1,0.996203085790796,True
2985,2985,1498,0,tfidf+perp,2,1,0.6893279953928305,False
2986,2986,1498,1,tfidf+perp,2,1,0.9989363644803504,True
2987,2987,1499,0,tfidf+perp,2,0,0.01860345149386799,True
2988,2988,1499,1,tfidf+perp,2,0,0.4319608264295492,False
2989,2989,1500,0,tfidf+perp,2,0,0.001705571799122812,True
2990,2990,1500,1,tfidf+perp,2,1,0.9961434526946328,True
2991,2991,1501,0,tfidf+perp,2,0,0.003241401164780114,True
2992,2992,1501,1,tfidf+perp,2,1,0.9237706503389004,True
2993,2993,1502,0,tfidf+perp,2,0,0.03180409229507861,True
2994,2994,1502,1,tfidf+perp,2,1,0.991523499998683,True
2995,2995,1503,0,tfidf+perp,2,0,0.2136980844716469,True
2996,2996,1503,1,tfidf+perp,2,1,0.9986630721122087,True
2997,2997,1504,0,tfidf+perp,2,0,0.01735672043395869,True
2998,2998,1504,1,tfidf+perp,2,0,0.1888184812615984,False
2999,2999,1505,0,tfidf+perp,2,0,0.001113242409702334,True
3000,3000,1505,1,tfidf+perp,2,1,0.6581694583973827,True
3001,3001,1506,0,tfidf+perp,2,0,0.0016793817757713172,True
3002,3002,1506,1,tfidf+perp,2,1,0.9992548147839359,True
3003,3003,1507,0,tfidf+perp,2,0,0.39936383692224536,True
3004,3004,1507,1,tfidf+perp,2,1,0.9977292901879083,True
3005,3005,1508,0,tfidf+perp,2,0,0.006008278110141255,True
3006,3006,1508,1,tfidf+perp,2,1,0.9971175064296435,True
3007,3007,1509,0,tfidf+perp,2,0,0.0032233881050436237,True
3008,3008,1509,1,tfidf+perp,2,1,0.9969772756579057,True
3009,3009,1510,0,tfidf+perp,2,0,0.012808236111713878,True
3010,3010,1510,1,tfidf+perp,2,1,0.7429891361321502,True
3011,3011,1511,0,tfidf+perp,2,0,0.0020972727079433913,True
3012,3012,1511,1,tfidf+perp,2,0,0.1266014688850475,False
3013,3013,1512,0,tfidf+perp,2,0,0.038961174370299424,True
3014,3014,1512,1,tfidf+perp,2,1,0.5008889940056155,True
3015,3015,1513,0,tfidf+perp,2,0,0.0020191806652004028,True
3016,3016,1513,1,tfidf+perp,2,1,0.9985197228777809,True
3017,3017,1514,0,tfidf+perp,2,0,0.0051262816912398135,True
3018,3018,1514,1,tfidf+perp,2,1,0.9958767115460229,True
3019,3019,1515,0,tfidf+perp,2,0,0.039356748459692045,True
3020,3020,1515,1,tfidf+perp,2,1,0.9414508196645255,True
3021,3021,1516,0,tfidf+perp,2,0,0.18639193772289114,True
3022,3022,1516,1,tfidf+perp,2,1,0.9175086665203885,True
3023,3023,1517,0,tfidf+perp,2,0,0.0022569092711783832,True
3024,3024,1517,1,tfidf+perp,2,1,0.9972272683363749,True
3025,3025,1518,0,tfidf+perp,2,0,0.0024701982122030215,True
3026,3026,1518,1,tfidf+perp,2,1,0.9783889639446883,True
3027,3027,1519,0,tfidf+perp,2,0,0.001118885946944503,True
3028,3028,1519,1,tfidf+perp,2,1,0.9967760340742992,True
3029,3029,1520,0,tfidf+perp,2,0,0.0001434224775401431,True
3030,3030,1520,1,tfidf+perp,2,0,0.33309413012602873,False
3031,3031,1521,0,tfidf+perp,2,0,0.012011163309413292,True
3032,3032,1521,1,tfidf+perp,2,1,0.987994455869892,True
3033,3033,1522,0,tfidf+perp,2,1,0.9670128091584257,False
3034,3034,1522,1,tfidf+perp,2,1,0.9811831816626454,True
3035,3035,1523,0,tfidf+perp,2,0,0.020999401938939677,True
3036,3036,1523,1,tfidf+perp,2,1,0.9519600788224535,True
3037,3037,1524,0,tfidf+perp,2,0,0.004270923719699954,True
3038,3038,1524,1,tfidf+perp,2,1,0.7348118223657094,True
3039,3039,1525,0,tfidf+perp,2,0,0.007675525616574171,True
3040,3040,1525,1,tfidf+perp,2,1,0.715400410500431,True
3041,3041,1526,0,tfidf+perp,2,0,0.00600542966945885,True
3042,3042,1526,1,tfidf+perp,2,1,0.923045688551024,True
3043,3043,1527,0,tfidf+perp,2,0,0.03288225938035456,True
3044,3044,1527,1,tfidf+perp,2,1,0.9990092340728015,True
3045,3045,1528,0,tfidf+perp,2,0,0.07749064790890936,True
3046,3046,1528,1,tfidf+perp,2,1,0.9808184482272744,True
3047,3047,1529,0,tfidf+perp,2,1,0.7241677014114272,False
3048,3048,1529,1,tfidf+perp,2,1,0.9968792949159699,True
3049,3049,1530,0,tfidf+perp,2,0,0.009957579339033724,True
3050,3050,1530,1,tfidf+perp,2,1,0.9930190431023092,True
3051,3051,1531,0,tfidf+perp,2,0,0.002593719762631472,True
3052,3052,1531,1,tfidf+perp,2,0,0.3859600376549222,False
3053,3053,1532,0,tfidf+perp,2,0,0.4122919339063082,True
3054,3054,1532,1,tfidf+perp,2,1,0.9718859992748264,True
3055,3055,1533,0,tfidf+perp,2,0,0.010034290872086243,True
3056,3056,1533,1,tfidf+perp,2,1,0.9939945343083284,True
3057,3057,1534,0,tfidf+perp,2,0,0.005092434994042285,True
3058,3058,1534,1,tfidf+perp,2,1,0.9860765084220957,True
3059,3059,1535,0,tfidf+perp,2,0,0.0037004987199282737,True
3060,3060,1535,1,tfidf+perp,2,1,0.9902898005708362,True
3061,3061,1536,0,tfidf+perp,2,0,0.012672207742026929,True
3062,3062,1536,1,tfidf+perp,2,1,0.996473959681096,True
3063,3063,1537,0,tfidf+perp,2,0,0.020037993410886346,True
3064,3064,1537,1,tfidf+perp,2,1,0.7844283122051181,True
3065,3065,1538,0,tfidf+perp,2,0,0.018213256717412526,True
3066,3066,1538,1,tfidf+perp,2,1,0.9811636389212672,True
3067,3067,1539,0,tfidf+perp,2,0,0.005093084494230248,True
3068,3068,1539,1,tfidf+perp,2,1,0.9252701332598408,True
3069,3069,1540,0,tfidf+perp,2,0,0.0074857278475351586,True
3070,3070,1540,1,tfidf+perp,2,1,0.995847412404119,True
3071,3071,1541,0,tfidf+perp,2,0,0.001026935639849413,True
3072,3072,1541,1,tfidf+perp,2,1,0.991063504598545,True
3073,3073,1542,0,tfidf+perp,2,0,0.008787568426387293,True
3074,3074,1542,1,tfidf+perp,2,0,0.48393117535661245,False
3075,3075,1543,0,tfidf+perp,2,0,0.011580351496938476,True
3076,3076,1543,1,tfidf+perp,2,1,0.999325273028022,True
3077,3077,1544,0,tfidf+perp,2,0,0.024166276854319085,True
3078,3078,1544,1,tfidf+perp,2,1,0.9792169530718557,True
3079,3079,1545,0,tfidf+perp,2,0,0.026848903399104406,True
3080,3080,1545,1,tfidf+perp,2,1,0.9992127280334389,True
3081,3081,1546,0,tfidf+perp,2,0,0.18076413092308513,True
3082,3082,1546,1,tfidf+perp,2,1,0.984803256370286,True
3083,3083,1547,0,tfidf+perp,2,0,0.00033660730667204274,True
3084,3084,1547,1,tfidf+perp,2,1,0.9916191859369908,True
3085,3085,1548,0,tfidf+perp,2,0,0.00036366169432896323,True
3086,3086,1548,1,tfidf+perp,2,1,0.7132120046422739,True
3087,3087,1549,0,tfidf+perp,2,0,0.061204701320509314,True
3088,3088,1549,1,tfidf+perp,2,1,0.9747915650157605,True
3089,3089,1550,0,tfidf+perp,2,0,0.01554156903845607,True
3090,3090,1550,1,tfidf+perp,2,1,0.8920915174925718,True
3091,3091,1551,0,tfidf+perp,2,0,0.01426363096486694,True
3092,3092,1551,1,tfidf+perp,2,1,0.9930339012103886,True
3093,3093,1552,0,tfidf+perp,2,0,0.0005527917857702909,True
3094,3094,1552,1,tfidf+perp,2,1,0.9976992439825472,True
3095,3095,1553,0,tfidf+perp,2,0,0.0008922870677829553,True
3096,3096,1553,1,tfidf+perp,2,1,0.8386604447402972,True
3097,3097,1554,0,tfidf+perp,2,0,0.0017495133242062476,True
3098,3098,1554,1,tfidf+perp,2,1,0.9112973830109558,True
3099,3099,1555,0,tfidf+perp,2,0,0.0015627508352792873,True
3100,3100,1555,1,tfidf+perp,2,1,0.9778245240466211,True
3101,3101,1556,0,tfidf+perp,2,0,0.0068134609881657674,True
3102,3102,1556,1,tfidf+perp,2,1,0.9973964129310954,True
3103,3103,1557,0,tfidf+perp,2,0,0.0158229229858277,True
3104,3104,1557,1,tfidf+perp,2,1,0.965338404306675,True
3105,3105,1558,0,tfidf+perp,2,0,0.001976703599319411,True
3106,3106,1558,1,tfidf+perp,2,1,0.9665587945362196,True
3107,3107,1559,0,tfidf+perp,2,0,0.1316996242475737,True
3108,3108,1559,1,tfidf+perp,2,1,0.9749435081344436,True
3109,3109,1560,0,tfidf+perp,2,0,0.393647018535955,True
3110,3110,1560,1,tfidf+perp,2,1,0.9382654379461136,True
3111,3111,1561,0,tfidf+perp,2,0,0.002335366194958831,True
3112,3112,1561,1,tfidf+perp,2,1,0.906407963265318,True
3113,3113,1562,0,tfidf+perp,2,0,0.0033031258900471884,True
3114,3114,1562,1,tfidf+perp,2,1,0.8112616551363092,True
3115,3115,1563,0,tfidf+perp,2,0,0.001368225593597036,True
3116,3116,1563,1,tfidf+perp,2,1,0.998919666010882,True
3117,3117,1564,0,tfidf+perp,2,0,0.46235579032861934,True
3118,3118,1564,1,tfidf+perp,2,1,0.9905737150009312,True
3119,3119,1565,0,tfidf+perp,2,0,0.30716458248317724,True
3120,3120,1565,1,tfidf+perp,2,1,0.9777352468780329,True
3121,3121,1566,0,tfidf+perp,2,0,0.0010468914774039116,True
3122,3122,1566,1,tfidf+perp,2,1,0.9756552960578714,True
3123,3123,1567,0,tfidf+perp,2,0,0.0003616832025099942,True
3124,3124,1567,1,tfidf+perp,2,1,0.99776307212719,True
3125,3125,1568,0,tfidf+perp,2,0,0.28384921934546437,True
3126,3126,1568,1,tfidf+perp,2,1,0.9924225149497702,True
3127,3127,1569,0,tfidf+perp,2,0,0.0024212015081089117,True
3128,3128,1569,1,tfidf+perp,2,1,0.9985026070331259,True
3129,3129,1570,0,tfidf+perp,2,0,0.0005274196068547588,True
3130,3130,1570,1,tfidf+perp,2,1,0.9935369326569856,True
3131,3131,1571,0,tfidf+perp,2,0,0.019838022281098287,True
3132,3132,1571,1,tfidf+perp,2,1,0.9965995227408568,True
3133,3133,1572,0,tfidf+perp,2,1,0.5417078513921036,False
3134,3134,1572,1,tfidf+perp,2,1,0.9934139754804594,True
3135,3135,1573,0,tfidf+perp,2,0,0.005752685418508297,True
3136,3136,1573,1,tfidf+perp,2,1,0.5504923816387554,True
3137,3137,1574,0,tfidf+perp,2,0,0.000625341005942915,True
3138,3138,1574,1,tfidf+perp,2,1,0.9990634373738746,True
3139,3139,1575,0,tfidf+perp,2,0,0.001274753315711984,True
3140,3140,1575,1,tfidf+perp,2,1,0.9662230100448805,True
3141,3141,1576,0,tfidf+perp,2,0,0.010498379305953029,True
3142,3142,1576,1,tfidf+perp,2,1,0.9998111895038543,True
3143,3143,1577,0,tfidf+perp,2,0,0.02757997213833038,True
3144,3144,1577,1,tfidf+perp,2,1,0.9135749837538125,True
3145,3145,1578,0,tfidf+perp,2,0,0.013362504533142737,True
3146,3146,1578,1,tfidf+perp,2,1,0.9991979163570398,True
3147,3147,1579,0,tfidf+perp,2,0,0.0026566536818501316,True
3148,3148,1579,1,tfidf+perp,2,1,0.9257250393095395,True
3149,3149,1580,0,tfidf+perp,2,0,0.005296277910186036,True
3150,3150,1580,1,tfidf+perp,2,1,0.9540692943965879,True
3151,3151,1581,0,tfidf+perp,2,0,0.23077952718138475,True
3152,3152,1581,1,tfidf+perp,2,1,0.979916333656602,True
3153,3153,1582,0,tfidf+perp,2,0,0.023199556782602587,True
3154,3154,1582,1,tfidf+perp,2,1,0.9283855284910815,True
3155,3155,1583,0,tfidf+perp,2,1,0.5438683312066048,False
3156,3156,1583,1,tfidf+perp,2,1,0.9632809186705522,True
3157,3157,1584,0,tfidf+perp,2,0,0.4978708940955123,True
3158,3158,1584,1,tfidf+perp,2,1,0.998493760107144,True
3159,3159,1585,0,tfidf+perp,2,0,0.19812137216999648,True
3160,3160,1585,1,tfidf+perp,2,1,0.9777068353156549,True
3161,3161,1586,0,tfidf+perp,2,1,0.510207763924084,False
3162,3162,1586,1,tfidf+perp,2,1,0.9979988697425614,True
3163,3163,1587,0,tfidf+perp,2,0,0.1374964012104798,True
3164,3164,1587,1,tfidf+perp,2,1,0.9992685415075115,True
3165,3165,1588,0,tfidf+perp,2,0,0.04939701632743403,True
3166,3166,1588,1,tfidf+perp,2,1,0.9920356707067306,True
3167,3167,1589,0,tfidf+perp,2,0,0.0030358245464254877,True
3168,3168,1589,1,tfidf+perp,2,1,0.9996205489086275,True
3169,3169,1590,0,tfidf+perp,2,0,0.14008738019336212,True
3170,3170,1590,1,tfidf+perp,2,1,0.9992820774342178,True
3171,3171,1591,0,tfidf+perp,2,0,0.005871308207034532,True
3172,3172,1591,1,tfidf+perp,2,1,0.9936142798683287,True
3173,3173,1592,0,tfidf+perp,2,0,0.0006875842955081749,True
3174,3174,1592,1,tfidf+perp,2,1,0.9936151162158277,True
3175,3175,1593,0,tfidf+perp,2,0,0.0011367693903213372,True
3176,3176,1593,1,tfidf+perp,2,1,0.9998528982664101,True
3177,3177,1594,0,tfidf+perp,2,0,0.0006253568099280915,True
3178,3178,1594,1,tfidf+perp,2,1,0.9988807995574699,True
3179,3179,1595,0,tfidf+perp,2,0,0.011231680250534946,True
3180,3180,1595,1,tfidf+perp,2,0,0.08042381158601944,False
3181,3181,1596,0,tfidf+perp,2,0,0.010120909538949539,True
3182,3182,1596,1,tfidf+perp,2,1,0.9932552483333467,True
3183,3183,1597,0,tfidf+perp,2,0,0.0003048572996902327,True
3184,3184,1597,1,tfidf+perp,2,1,0.990372412265859,True
3185,3185,1598,0,tfidf+perp,2,0,0.004540975009802542,True
3186,3186,1598,1,tfidf+perp,2,1,0.9996878632973291,True
3187,3187,1599,0,tfidf+perp,2,0,0.0008927665045264329,True
3188,3188,1599,1,tfidf+perp,2,1,0.711027423496404,True
3189,3189,1600,0,tfidf+perp,2,0,0.052280185701887506,True
3190,3190,1600,1,tfidf+perp,2,1,0.985413069058134,True
3191,3191,1601,0,tfidf+perp,2,0,0.011478810573584502,True
3192,3192,1601,1,tfidf+perp,2,1,0.8784922881488709,True
3193,3193,1602,0,tfidf+perp,2,0,0.002497138334211539,True
3194,3194,1602,1,tfidf+perp,2,1,0.9983675981769737,True
3195,3195,1603,0,tfidf+perp,2,0,0.0008653865349708665,True
3196,3196,1603,1,tfidf+perp,2,1,0.9023917445386634,True
3197,3197,1604,0,tfidf+perp,2,0,0.39008593539885594,True
3198,3198,1604,1,tfidf+perp,2,1,0.9813127630211107,True
3199,3199,1605,0,tfidf+perp,2,0,0.0005576676071092204,True
3200,3200,1605,1,tfidf+perp,2,1,0.9442849425098835,True
3201,3201,1606,0,tfidf+perp,2,0,0.0007699937239654554,True
3202,3202,1606,1,tfidf+perp,2,1,0.9991222826077727,True
3203,3203,1607,0,tfidf+perp,2,0,0.03348514104845523,True
3204,3204,1607,1,tfidf+perp,2,1,0.9978592666033386,True
3205,3205,1608,0,tfidf+perp,2,0,0.0005817960309083952,True
3206,3206,1608,1,tfidf+perp,2,1,0.9984121946048348,True
3207,3207,1609,0,tfidf+perp,2,0,0.004523742298222141,True
3208,3208,1609,1,tfidf+perp,2,0,0.05661203233124167,False
3209,3209,1610,0,tfidf+perp,2,0,0.001561158830874027,True
3210,3210,1610,1,tfidf+perp,2,1,0.8275823873818228,True
3211,3211,1611,0,tfidf+perp,2,0,0.007700582965595466,True
3212,3212,1611,1,tfidf+perp,2,1,0.9899903687894834,True
3213,3213,1612,1,tfidf+perp,2,1,0.964630047263461,True
3214,3214,1613,0,tfidf+perp,2,0,0.051049540148670705,True
3215,3215,1613,1,tfidf+perp,2,1,0.9936152569785219,True
3216,3216,1614,0,tfidf+perp,2,0,0.22159646817319065,True
3217,3217,1614,1,tfidf+perp,2,1,0.9980102410975116,True
3218,3218,1615,0,tfidf+perp,2,0,0.011174562024429222,True
3219,3219,1615,1,tfidf+perp,2,1,0.5489145104413985,True
3220,3220,1616,0,tfidf+perp,2,0,0.052458324480634214,True
3221,3221,1616,1,tfidf+perp,2,1,0.9776314394461256,True
3222,3222,1617,0,tfidf+perp,2,0,0.0027423273856518604,True
3223,3223,1617,1,tfidf+perp,2,1,0.9404198769865467,True
3224,3224,1618,0,tfidf+perp,2,0,0.008553276310936454,True
3225,3225,1618,1,tfidf+perp,2,1,0.6034101849376848,True
3226,3226,1619,0,tfidf+perp,2,0,0.008710425397991169,True
3227,3227,1619,1,tfidf+perp,2,1,0.996909748582583,True
3228,3228,1620,0,tfidf+perp,2,0,0.009602882407999747,True
3229,3229,1620,1,tfidf+perp,2,1,0.9984412646807646,True
3230,3230,1621,0,tfidf+perp,2,0,0.11785285693633502,True
3231,3231,1621,1,tfidf+perp,2,1,0.9989914043206758,True
3232,3232,1622,0,tfidf+perp,2,0,0.000727653033025636,True
3233,3233,1622,1,tfidf+perp,2,1,0.9813274568522524,True
3234,3234,1623,0,tfidf+perp,2,0,0.0005233136663817073,True
3235,3235,1623,1,tfidf+perp,2,1,0.995275130579715,True
3236,3236,1624,0,tfidf+perp,2,0,0.010636723903807056,True
3237,3237,1624,1,tfidf+perp,2,1,0.9955834978509841,True
3238,3238,1625,0,tfidf+perp,2,0,0.0033689911832630657,True
3239,3239,1625,1,tfidf+perp,2,1,0.9964296545410862,True
3240,3240,1626,0,tfidf+perp,2,0,0.011852629862455152,True
3241,3241,1626,1,tfidf+perp,2,1,0.9960873918840808,True
3242,3242,1627,0,tfidf+perp,2,0,0.01075252153675244,True
3243,3243,1627,1,tfidf+perp,2,1,0.977126968627607,True
3244,3244,1628,0,tfidf+perp,2,0,0.06983776023154335,True
3245,3245,1628,1,tfidf+perp,2,1,0.9954180525590383,True
3246,3246,1629,0,tfidf+perp,2,0,0.0013087433488311775,True
3247,3247,1629,1,tfidf+perp,2,1,0.9829660253211046,True
3248,3248,1630,0,tfidf+perp,2,1,0.6305308705800868,False
3249,3249,1630,1,tfidf+perp,2,1,0.9952632651411436,True
3250,3250,1631,0,tfidf+perp,2,0,0.030071700165491634,True
3251,3251,1631,1,tfidf+perp,2,1,0.9991935398024858,True
3252,3252,1632,0,tfidf+perp,2,1,0.7933964854120851,False
3253,3253,1632,1,tfidf+perp,2,1,0.9994674889801676,True
3254,3254,1633,0,tfidf+perp,2,0,0.010701527273602388,True
3255,3255,1633,1,tfidf+perp,2,1,0.9997604116744018,True
3256,3256,1634,0,tfidf+perp,2,0,0.001404387280999111,True
3257,3257,1634,1,tfidf+perp,2,0,0.0014849333868525195,False
3258,3258,1635,0,tfidf+perp,2,0,0.001364280197134489,True
3259,3259,1635,1,tfidf+perp,2,1,0.9991162853602794,True
3260,3260,1636,0,tfidf+perp,2,0,0.007061599024556465,True
3261,3261,1636,1,tfidf+perp,2,1,0.9995652459967084,True
3262,3262,1637,0,tfidf+perp,2,0,0.011575143648178791,True
3263,3263,1637,1,tfidf+perp,2,1,0.999493630532353,True
3264,3264,1638,0,tfidf+perp,2,0,0.001380024176095585,True
3265,3265,1638,1,tfidf+perp,2,1,0.9897264196225214,True
3266,3266,1639,0,tfidf+perp,2,0,0.0061849739489013645,True
3267,3267,1639,1,tfidf+perp,2,1,0.9982984253752293,True
3268,3268,1640,0,tfidf+perp,2,0,0.0011930116668275508,True
3269,3269,1640,1,tfidf+perp,2,1,0.9039073097948442,True
3270,3270,1641,0,tfidf+perp,2,0,0.03832677404759834,True
3271,3271,1641,1,tfidf+perp,2,1,0.9934786370542726,True
3272,3272,1642,0,tfidf+perp,2,0,0.0029829837772217117,True
3273,3273,1642,1,tfidf+perp,2,1,0.8849983281855616,True
3274,3274,1643,0,tfidf+perp,2,0,0.0022665459615479255,True
3275,3275,1643,1,tfidf+perp,2,1,0.9990980427504473,True
3276,3276,1644,0,tfidf+perp,2,0,0.0006946924848465056,True
3277,3277,1644,1,tfidf+perp,2,1,0.9993850336542324,True
3278,3278,1645,0,tfidf+perp,2,1,0.6473968888060179,False
3279,3279,1645,1,tfidf+perp,2,1,0.8954454642172972,True
3280,3280,1646,0,tfidf+perp,2,0,0.06845804753973506,True
3281,3281,1646,1,tfidf+perp,2,1,0.9987822874322702,True
3282,3282,1647,0,tfidf+perp,2,0,0.025971908098020236,True
3283,3283,1647,1,tfidf+perp,2,1,0.9852524950920157,True
3284,3284,1648,0,tfidf+perp,2,0,0.0002938134596165306,True
3285,3285,1648,1,tfidf+perp,2,1,0.9993748966938344,True
3286,3286,1649,0,tfidf+perp,2,0,0.0008400083246765106,True
3287,3287,1649,1,tfidf+perp,2,1,0.9963624904348214,True
3288,3288,1650,0,tfidf+perp,2,0,0.0020496773623711476,True
3289,3289,1650,1,tfidf+perp,2,0,0.3035152738269242,False
3290,3290,1651,0,tfidf+perp,2,0,0.02397264603410142,True
3291,3291,1651,1,tfidf+perp,2,1,0.9997136271897151,True
3292,3292,1652,0,tfidf+perp,2,0,0.003861679385860912,True
3293,3293,1652,1,tfidf+perp,2,1,0.989774013715588,True
3294,3294,1653,0,tfidf+perp,2,0,0.06912744633667206,True
3295,3295,1653,1,tfidf+perp,2,1,0.9805787864694487,True
3296,3296,1654,0,tfidf+perp,2,0,0.00035519958520596046,True
3297,3297,1654,1,tfidf+perp,2,1,0.9979875622494828,True
3298,3298,1655,0,tfidf+perp,2,0,0.0003136050507867343,True
3299,3299,1655,1,tfidf+perp,2,1,0.9956832888418534,True
3300,3300,1656,0,tfidf+perp,2,0,0.013198952189260557,True
3301,3301,1656,1,tfidf+perp,2,1,0.6840477534230789,True
3302,3302,1657,0,tfidf+perp,2,0,0.004730582884836078,True
3303,3303,1657,1,tfidf+perp,2,1,0.9956498708179072,True
3304,3304,1658,0,tfidf+perp,2,0,0.12309566283176852,True
3305,3305,1658,1,tfidf+perp,2,1,0.9874600189061006,True
3306,3306,1659,0,tfidf+perp,2,0,0.001502296310491179,True
3307,3307,1659,1,tfidf+perp,2,1,0.9992142139869984,True
3308,3308,1660,0,tfidf+perp,2,0,0.05241833525980165,True
3309,3309,1660,1,tfidf+perp,2,1,0.9990507751910592,True
3310,3310,1661,0,tfidf+perp,2,0,0.001849797627962696,True
3311,3311,1661,1,tfidf+perp,2,1,0.9767218627326908,True
3312,3312,1662,0,tfidf+perp,2,0,0.07073941082013618,True
3313,3313,1662,1,tfidf+perp,2,1,0.9908162747540602,True
3314,3314,1663,0,tfidf+perp,2,0,0.008559026087510684,True
3315,3315,1663,1,tfidf+perp,2,1,0.9980428457290703,True
3316,3316,1664,0,tfidf+perp,2,0,0.035160210713819876,True
3317,3317,1664,1,tfidf+perp,2,1,0.917937590489707,True
3318,3318,1665,0,tfidf+perp,2,0,0.004838019251533514,True
3319,3319,1665,1,tfidf+perp,2,1,0.9972092229455595,True
3320,3320,1666,0,tfidf+perp,2,0,0.00974352454848142,True
3321,3321,1666,1,tfidf+perp,2,1,0.9974584982353624,True
3322,3322,1667,0,tfidf+perp,2,0,0.26484573022342905,True
3323,3323,1667,1,tfidf+perp,2,1,0.958262376059481,True
3324,3324,1668,0,tfidf+perp,2,0,0.2299192891083224,True
3325,3325,1668,1,tfidf+perp,2,1,0.9928137937108363,True
3326,3326,1669,0,tfidf+perp,2,0,0.009722612169491898,True
3327,3327,1669,1,tfidf+perp,2,1,0.9887508275752371,True
3328,3328,1670,0,tfidf+perp,2,0,0.005806825238156728,True
3329,3329,1670,1,tfidf+perp,2,1,0.9442676082276845,True
3330,3330,1671,0,tfidf+perp,2,0,0.0008999395339846244,True
3331,3331,1671,1,tfidf+perp,2,1,0.9848557307527234,True
3332,3332,1672,0,tfidf+perp,2,0,0.0005566611977449396,True
3333,3333,1672,1,tfidf+perp,2,1,0.998717086972084,True
3334,3334,1673,0,tfidf+perp,2,0,0.005739487130231964,True
3335,3335,1673,1,tfidf+perp,2,1,0.9883487645543666,True
3336,3336,1674,0,tfidf+perp,2,0,0.39308287055590785,True
3337,3337,1674,1,tfidf+perp,2,1,0.9836259347378595,True
3338,3338,1675,0,tfidf+perp,2,0,0.0024902767902596386,True
3339,3339,1675,1,tfidf+perp,2,1,0.9900712966263477,True
3340,3340,1676,0,tfidf+perp,2,0,0.01967884984783735,True
3341,3341,1676,1,tfidf+perp,2,1,0.9927882284926016,True
3342,3342,1677,0,tfidf+perp,2,0,0.02072135726661405,True
3343,3343,1677,1,tfidf+perp,2,1,0.9638527910268551,True
3344,3344,1678,0,tfidf+perp,2,0,0.0039969264080716325,True
3345,3345,1678,1,tfidf+perp,2,1,0.9019156025299665,True
3346,3346,1679,0,tfidf+perp,2,0,0.0031173564255279765,True
3347,3347,1679,1,tfidf+perp,2,1,0.997639208856071,True
3348,3348,1680,0,tfidf+perp,2,0,0.012373734069606722,True
3349,3349,1680,1,tfidf+perp,2,1,0.9995305334783163,True
3350,3350,1681,0,tfidf+perp,2,0,0.0705224292992829,True
3351,3351,1681,1,tfidf+perp,2,0,0.4286727688305109,False
3352,3352,1682,0,tfidf+perp,2,0,0.00031366136128770436,True
3353,3353,1682,1,tfidf+perp,2,1,0.9976248264853076,True
3354,3354,1683,0,tfidf+perp,2,0,0.000547590316671508,True
3355,3355,1683,1,tfidf+perp,2,1,0.937176764334862,True
3356,3356,1684,0,tfidf+perp,2,0,0.007155279291124556,True
3357,3357,1684,1,tfidf+perp,2,1,0.9985475670051995,True
3358,3358,1685,0,tfidf+perp,2,0,0.24653073078395266,True
3359,3359,1685,1,tfidf+perp,2,1,0.9118562799830897,True
3360,3360,1686,1,tfidf+perp,2,1,0.9843271486971067,True
3361,3361,1687,0,tfidf+perp,2,0,0.04356496467085861,True
3362,3362,1687,1,tfidf+perp,2,1,0.9868508370165033,True
3363,3363,1688,0,tfidf+perp,2,0,0.18000156157814431,True
3364,3364,1688,1,tfidf+perp,2,1,0.970308846401395,True
3365,3365,1689,0,tfidf+perp,2,0,0.09862546668971342,True
3366,3366,1689,1,tfidf+perp,2,1,0.9958748364258814,True
3367,3367,1690,0,tfidf+perp,2,0,0.23980200969448326,True
3368,3368,1690,1,tfidf+perp,2,1,0.9965133617682657,True
3369,3369,1691,0,tfidf+perp,2,0,0.014851397345262671,True
3370,3370,1691,1,tfidf+perp,2,1,0.9957180308727925,True
3371,3371,1692,0,tfidf+perp,2,0,0.006720038324223895,True
3372,3372,1692,1,tfidf+perp,2,1,0.9238209586806101,True
3373,3373,1693,0,tfidf+perp,2,0,0.0034312802507111065,True
3374,3374,1693,1,tfidf+perp,2,1,0.9795013184445487,True
3375,3375,1694,0,tfidf+perp,2,0,0.004952329729904119,True
3376,3376,1694,1,tfidf+perp,2,1,0.9989377572941209,True
3377,3377,1695,0,tfidf+perp,2,0,0.039559864983503036,True
3378,3378,1695,1,tfidf+perp,2,1,0.9990422340161426,True
3379,3379,1696,0,tfidf+perp,2,0,0.038320432556345,True
3380,3380,1696,1,tfidf+perp,2,1,0.9987298934907248,True
3381,3381,1697,0,tfidf+perp,2,0,0.01676146122846057,True
3382,3382,1697,1,tfidf+perp,2,1,0.9984832048579911,True
3383,3383,1698,0,tfidf+perp,2,0,0.003824656222233712,True
3384,3384,1698,1,tfidf+perp,2,1,0.9649260591702467,True
3385,3385,1699,0,tfidf+perp,2,0,0.03333346385616987,True
3386,3386,1699,1,tfidf+perp,2,1,0.9791427714729749,True
3387,3387,1700,0,tfidf+perp,2,0,0.010290546361454593,True
3388,3388,1700,1,tfidf+perp,2,1,0.9935084215743513,True
3389,3389,1701,0,tfidf+perp,2,0,0.0006468669865062091,True
3390,3390,1701,1,tfidf+perp,2,1,0.8998964276606708,True
3391,3391,1702,0,tfidf+perp,2,0,0.01640265472638255,True
3392,3392,1702,1,tfidf+perp,2,1,0.9947877357103133,True
3393,3393,1703,0,tfidf+perp,2,1,0.9125345101950972,False
3394,3394,1703,1,tfidf+perp,2,1,0.9718814205750276,True
3395,3395,1704,0,tfidf+perp,2,0,0.007107991161033263,True
3396,3396,1704,1,tfidf+perp,2,1,0.9989949017027693,True
3397,3397,1705,0,tfidf+perp,2,0,0.014059294764673401,True
3398,3398,1705,1,tfidf+perp,2,0,0.2357923994274721,False
3399,3399,1706,0,tfidf+perp,2,0,0.001346423017088221,True
3400,3400,1706,1,tfidf+perp,2,1,0.9996855380013168,True
3401,3401,1707,0,tfidf+perp,2,1,0.7303129490455116,False
3402,3402,1707,1,tfidf+perp,2,1,0.9995732302266908,True
3403,3403,1708,0,tfidf+perp,2,0,0.4468243086825621,True
3404,3404,1708,1,tfidf+perp,2,1,0.995113754771854,True
3405,3405,1709,0,tfidf+perp,2,0,0.0031739873295665373,True
3406,3406,1709,1,tfidf+perp,2,0,0.0662632401071567,False
3407,3407,1710,0,tfidf+perp,2,0,0.0016605231895073093,True
3408,3408,1710,1,tfidf+perp,2,0,0.3202092740118765,False
3409,3409,1711,0,tfidf+perp,2,0,0.005434567094456047,True
3410,3410,1711,1,tfidf+perp,2,1,0.9994377386193805,True
3411,3411,1712,0,tfidf+perp,2,0,0.0136811828585557,True
3412,3412,1712,1,tfidf+perp,2,1,0.9983134364798054,True
3413,3413,1713,0,tfidf+perp,2,0,0.0032618836711859212,True
3414,3414,1713,1,tfidf+perp,2,1,0.9992364198886153,True
3415,3415,1714,0,tfidf+perp,2,0,0.0026757538006845316,True
3416,3416,1714,1,tfidf+perp,2,1,0.9970843083019673,True
3417,3417,1715,0,tfidf+perp,2,0,0.006503061293440815,True
3418,3418,1715,1,tfidf+perp,2,1,0.9872204526318479,True
3419,3419,1716,0,tfidf+perp,2,0,0.022307875602413298,True
3420,3420,1716,1,tfidf+perp,2,1,0.9989848630911047,True
3421,3421,1717,0,tfidf+perp,2,0,0.0002899522094354151,True
3422,3422,1717,1,tfidf+perp,2,1,0.9724146316342862,True
3423,3423,1718,0,tfidf+perp,2,0,0.011100535944667436,True
3424,3424,1718,1,tfidf+perp,2,1,0.9996856074735834,True
3425,3425,1719,0,tfidf+perp,2,0,0.1571623587115814,True
3426,3426,1719,1,tfidf+perp,2,1,0.9941324051513944,True
3427,3427,1720,0,tfidf+perp,2,0,0.00662155195170407,True
3428,3428,1720,1,tfidf+perp,2,1,0.9991702684880693,True
3429,3429,1721,0,tfidf+perp,2,0,0.25206598154160204,True
3430,3430,1721,1,tfidf+perp,2,1,0.9066846625660409,True
3431,3431,1722,0,tfidf+perp,2,0,0.0019166562204750576,True
3432,3432,1722,1,tfidf+perp,2,1,0.7017946749393358,True
3433,3433,1723,0,tfidf+perp,2,0,0.0382181132486937,True
3434,3434,1723,1,tfidf+perp,2,1,0.9986639860344755,True
3435,3435,1724,0,tfidf+perp,2,0,0.06037576940041041,True
3436,3436,1724,1,tfidf+perp,2,1,0.9991133576752836,True
3437,3437,1725,0,tfidf+perp,2,0,0.023399422047117962,True
3438,3438,1725,1,tfidf+perp,2,1,0.996115291690488,True
3439,3439,1726,0,tfidf+perp,2,0,0.008424940637248371,True
3440,3440,1726,1,tfidf+perp,2,1,0.7207151937023097,True
3441,3441,1727,0,tfidf+perp,2,0,0.007417930558920698,True
3442,3442,1727,1,tfidf+perp,2,1,0.9967562068105438,True
3443,3443,1728,0,tfidf+perp,2,0,0.02156464781297036,True
3444,3444,1728,1,tfidf+perp,2,1,0.9942537491235318,True
3445,3445,1729,0,tfidf+perp,2,0,0.0005940307716101233,True
3446,3446,1729,1,tfidf+perp,2,0,0.27057678952584135,False
3447,3447,1730,0,tfidf+perp,2,0,0.015848959488006974,True
3448,3448,1730,1,tfidf+perp,2,1,0.9857062265883394,True
3449,3449,1731,0,tfidf+perp,2,0,0.0012952449972877561,True
3450,3450,1731,1,tfidf+perp,2,1,0.9883410383954618,True
3451,3451,1732,0,tfidf+perp,2,0,0.074816396398253,True
3452,3452,1732,1,tfidf+perp,2,0,0.2543453131159906,False
3453,3453,1733,0,tfidf+perp,2,0,0.002611267147050341,True
3454,3454,1733,1,tfidf+perp,2,1,0.9992040335080122,True
3455,3455,1734,0,tfidf+perp,2,0,0.11853911094854272,True
3456,3456,1734,1,tfidf+perp,2,1,0.9692396362737905,True
3457,3457,1735,0,tfidf+perp,2,0,0.0001034259091651593,True
3458,3458,1735,1,tfidf+perp,2,1,0.9747701487429266,True
3459,3459,1736,0,tfidf+perp,2,0,0.0010408207059841464,True
3460,3460,1736,1,tfidf+perp,2,1,0.9583978290489663,True
3461,3461,1737,0,tfidf+perp,2,0,0.000503946217200139,True
3462,3462,1737,1,tfidf+perp,2,1,0.9838588490194066,True
3463,3463,1738,0,tfidf+perp,2,0,0.05005129073447173,True
3464,3464,1738,1,tfidf+perp,2,1,0.9992593816627842,True
3465,3465,1739,0,tfidf+perp,2,0,0.028178158448680744,True
3466,3466,1739,1,tfidf+perp,2,1,0.9923599175107612,True
3467,3467,1740,0,tfidf+perp,2,0,0.0013954076139220553,True
3468,3468,1740,1,tfidf+perp,2,1,0.9989050458441003,True
3469,3469,1741,0,tfidf+perp,2,0,0.3360525688771157,True
3470,3470,1741,1,tfidf+perp,2,1,0.9987086173850734,True
3471,3471,1742,0,tfidf+perp,2,0,0.001614980286910458,True
3472,3472,1742,1,tfidf+perp,2,1,0.9969477152635149,True
3473,3473,1743,0,tfidf+perp,2,0,0.0027871551808477317,True
3474,3474,1743,1,tfidf+perp,2,1,0.9584219849036582,True
3475,3475,1744,0,tfidf+perp,2,0,0.001307300321836982,True
3476,3476,1744,1,tfidf+perp,2,1,0.9788462762344263,True
3477,3477,1745,0,tfidf+perp,2,0,0.008973176376873488,True
3478,3478,1745,1,tfidf+perp,2,1,0.9468915481916973,True
3479,3479,1746,0,tfidf+perp,2,0,0.004417822752497717,True
3480,3480,1746,1,tfidf+perp,2,1,0.9662971095639504,True
3481,3481,1747,0,tfidf+perp,2,0,0.10381619199484693,True
3482,3482,1747,1,tfidf+perp,2,1,0.9912731824689229,True
3483,3483,1748,0,tfidf+perp,2,0,0.003212614108282773,True
3484,3484,1748,1,tfidf+perp,2,1,0.9976451061075811,True
3485,3485,1749,0,tfidf+perp,2,0,0.019961559604220056,True
3486,3486,1749,1,tfidf+perp,2,1,0.9981856455975271,True
3487,3487,1750,0,tfidf+perp,2,0,0.0018313910675926786,True
3488,3488,1750,1,tfidf+perp,2,1,0.9844303532595209,True
3489,3489,1751,0,tfidf+perp,2,0,0.04205220147143838,True
3490,3490,1751,1,tfidf+perp,2,1,0.9893013572336132,True
3491,3491,1752,0,tfidf+perp,2,0,0.01326369606556472,True
3492,3492,1752,1,tfidf+perp,2,1,0.8280111706969975,True
3493,3493,1753,0,tfidf+perp,2,0,0.007626142173340516,True
3494,3494,1753,1,tfidf+perp,2,1,0.9963037780070989,True
3495,3495,1754,1,tfidf+perp,2,1,0.9979308818400295,True
3496,3496,1755,0,tfidf+perp,2,0,0.0016960114322880923,True
3497,3497,1755,1,tfidf+perp,2,0,0.04498157920224967,False
3498,3498,1756,0,tfidf+perp,2,0,0.0023029810426681285,True
3499,3499,1756,1,tfidf+perp,2,1,0.9841398614153463,True
3500,3500,1757,0,tfidf+perp,2,0,0.4872511035995126,True
3501,3501,1757,1,tfidf+perp,2,0,0.330099600796174,False
3502,3502,1758,0,tfidf+perp,2,0,0.0019951992673759456,True
3503,3503,1758,1,tfidf+perp,2,1,0.9905500956429043,True
3504,3504,1759,0,tfidf+perp,2,0,0.0024071657473155213,True
3505,3505,1759,1,tfidf+perp,2,1,0.9991479146725948,True
3506,3506,1760,0,tfidf+perp,2,0,0.004351682436797979,True
3507,3507,1760,1,tfidf+perp,2,1,0.9948049176877112,True
3508,3508,1761,0,tfidf+perp,2,0,0.14503890245857273,True
3509,3509,1761,1,tfidf+perp,2,1,0.9959160968910346,True
3510,3510,1762,0,tfidf+perp,2,0,0.007034121074596898,True
3511,3511,1762,1,tfidf+perp,2,1,0.6310772645093843,True
3512,3512,1763,0,tfidf+perp,2,0,0.0021316957726753858,True
3513,3513,1763,1,tfidf+perp,2,1,0.9945861823591939,True
3514,3514,1764,0,tfidf+perp,2,1,0.7455962405605547,False
3515,3515,1764,1,tfidf+perp,2,1,0.9939858653800135,True
3516,3516,1765,0,tfidf+perp,2,0,0.021162697975526022,True
3517,3517,1765,1,tfidf+perp,2,1,0.9871634693084952,True
3518,3518,1766,0,tfidf+perp,2,0,0.000999707067429135,True
3519,3519,1766,1,tfidf+perp,2,1,0.9926368759929488,True
3520,3520,1767,0,tfidf+perp,2,1,0.5071151841516194,False
3521,3521,1767,1,tfidf+perp,2,1,0.9979769436139143,True
3522,3522,1768,0,tfidf+perp,2,0,0.09920296641319071,True
3523,3523,1768,1,tfidf+perp,2,1,0.97323309961625,True
3524,3524,1769,0,tfidf+perp,2,0,0.0017030017482813243,True
3525,3525,1769,1,tfidf+perp,2,1,0.9977364767502847,True
3526,3526,1770,0,tfidf+perp,2,0,0.0010375550017346906,True
3527,3527,1770,1,tfidf+perp,2,1,0.9991028177880106,True
3528,3528,1771,0,tfidf+perp,2,0,0.002934922307635231,True
3529,3529,1771,1,tfidf+perp,2,1,0.8416290261910301,True
3530,3530,1772,0,tfidf+perp,2,0,0.03351172374704388,True
3531,3531,1772,1,tfidf+perp,2,1,0.9991243770091263,True
3532,3532,1773,0,tfidf+perp,2,0,0.007574736258415994,True
3533,3533,1773,1,tfidf+perp,2,1,0.530205394849262,True
3534,3534,1774,0,tfidf+perp,2,0,0.018585913433560395,True
3535,3535,1774,1,tfidf+perp,2,1,0.993789554751821,True
3536,3536,1775,0,tfidf+perp,2,0,0.0015845713989116356,True
3537,3537,1775,1,tfidf+perp,2,1,0.9788162981474966,True
3538,3538,1776,0,tfidf+perp,2,0,0.00175070592015953,True
3539,3539,1776,1,tfidf+perp,2,1,0.9350206440848896,True
3540,3540,1777,0,tfidf+perp,2,0,0.00047743907013264776,True
3541,3541,1777,1,tfidf+perp,2,1,0.9994912876734826,True
3542,3542,1778,0,tfidf+perp,2,0,0.0003342621534322946,True
3543,3543,1778,1,tfidf+perp,2,0,0.18535166180985047,False
3544,3544,1779,0,tfidf+perp,2,0,0.0018690640157959897,True
3545,3545,1779,1,tfidf+perp,2,1,0.9858124077382823,True
3546,3546,1780,0,tfidf+perp,2,0,0.00018595406762467813,True
3547,3547,1780,1,tfidf+perp,2,1,0.9991758830453341,True
3548,3548,1781,0,tfidf+perp,2,0,0.0017525836129187074,True
3549,3549,1781,1,tfidf+perp,2,1,0.9696917445623003,True
3550,3550,1782,0,tfidf+perp,2,0,0.03387392789680983,True
3551,3551,1782,1,tfidf+perp,2,1,0.993787623270443,True
3552,3552,1783,0,tfidf+perp,2,0,0.013500107169700308,True
3553,3553,1783,1,tfidf+perp,2,1,0.969843298281503,True
3554,3554,1784,0,tfidf+perp,2,0,0.005441854828867282,True
3555,3555,1784,1,tfidf+perp,2,1,0.5459846652192112,True
3556,3556,1785,0,tfidf+perp,2,0,0.015316836897692167,True
3557,3557,1785,1,tfidf+perp,2,1,0.995835563596825,True
3558,3558,1786,0,tfidf+perp,2,0,0.0010395229886159788,True
3559,3559,1786,1,tfidf+perp,2,1,0.9940879882104144,True
3560,3560,1787,0,tfidf+perp,2,0,0.36046332381644014,True
3561,3561,1787,1,tfidf+perp,2,1,0.9873226854213606,True
3562,3562,1788,0,tfidf+perp,2,0,0.09529827111589101,True
3563,3563,1788,1,tfidf+perp,2,1,0.9941809748157467,True
3564,3564,1789,0,tfidf+perp,2,0,0.013809246747556155,True
3565,3565,1789,1,tfidf+perp,2,1,0.9741982691607427,True
3566,3566,1790,0,tfidf+perp,2,0,0.0102004159932872,True
3567,3567,1790,1,tfidf+perp,2,1,0.9997019860513947,True
3568,3568,1791,0,tfidf+perp,2,0,0.0014843352852564476,True
3569,3569,1791,1,tfidf+perp,2,1,0.9940223283257119,True
3570,3570,1792,0,tfidf+perp,2,0,0.1623098260352517,True
3571,3571,1792,1,tfidf+perp,2,1,0.9918278635099588,True
3572,3572,1793,0,tfidf+perp,2,0,0.013614421229018642,True
3573,3573,1793,1,tfidf+perp,2,1,0.9996546498698352,True
3574,3574,1794,0,tfidf+perp,2,0,9.773421158522896e-05,True
3575,3575,1794,1,tfidf+perp,2,1,0.6060396553256002,True
3576,3576,1795,0,tfidf+perp,2,0,0.0015530755831716634,True
3577,3577,1795,1,tfidf+perp,2,1,0.9855811151551049,True
3578,3578,1796,0,tfidf+perp,2,0,0.005581922856718709,True
3579,3579,1796,1,tfidf+perp,2,1,0.9742421451951718,True
3580,3580,1797,0,tfidf+perp,2,0,0.002554334880526451,True
3581,3581,1797,1,tfidf+perp,2,1,0.9884747075512305,True
3582,3582,1798,0,tfidf+perp,2,1,0.6916753100942404,False
3583,3583,1798,1,tfidf+perp,2,1,0.9886887952040406,True
3584,3584,1799,0,tfidf+perp,2,0,0.007906462104139799,True
3585,3585,1799,1,tfidf+perp,2,1,0.9638786650777188,True
3586,3586,1800,0,tfidf+perp,2,0,0.0022106395022194656,True
3587,3587,1800,1,tfidf+perp,2,1,0.9968121118928485,True
3588,3588,1801,0,tfidf+perp,2,1,0.5747511265956801,False
3589,3589,1801,1,tfidf+perp,2,1,0.8503274220315773,True
3590,3590,1802,0,tfidf+perp,2,0,0.01460012113492502,True
3591,3591,1802,1,tfidf+perp,2,1,0.996648759540566,True
3592,3592,1803,0,tfidf+perp,2,0,0.001412109200190577,True
3593,3593,1803,1,tfidf+perp,2,1,0.9972784351456717,True
3594,3594,1804,0,tfidf+perp,2,0,0.007535249960396466,True
3595,3595,1804,1,tfidf+perp,2,1,0.9972220905656063,True
3596,3596,1805,0,tfidf+perp,2,0,0.18069513839667592,True
3597,3597,1805,1,tfidf+perp,2,1,0.9997866147899428,True
3598,3598,1806,0,tfidf+perp,2,0,0.25664956583134835,True
3599,3599,1806,1,tfidf+perp,2,1,0.9910638393781788,True
3600,3600,1807,0,tfidf+perp,2,0,0.058013471416219986,True
3601,3601,1807,1,tfidf+perp,2,1,0.9993622476553546,True
3602,3602,1808,0,tfidf+perp,2,0,0.007516532457960296,True
3603,3603,1808,1,tfidf+perp,2,1,0.9960108632698916,True
3604,3604,1809,0,tfidf+perp,2,0,0.004351660463508782,True
3605,3605,1809,1,tfidf+perp,2,1,0.8419943246557126,True
3606,3606,1810,0,tfidf+perp,2,0,0.04764521464168346,True
3607,3607,1810,1,tfidf+perp,2,1,0.9939686173578752,True
3608,3608,1811,0,tfidf+perp,2,1,0.7777880337847499,False
3609,3609,1811,1,tfidf+perp,2,1,0.9979508455780073,True
3610,3610,1812,0,tfidf+perp,2,0,0.01747369394706306,True
3611,3611,1812,1,tfidf+perp,2,1,0.9985243540064699,True
3612,3612,1813,0,tfidf+perp,2,0,0.10401362398904958,True
3613,3613,1813,1,tfidf+perp,2,1,0.9977698687579081,True
3614,3614,1814,0,tfidf+perp,2,0,0.2061223523161051,True
3615,3615,1814,1,tfidf+perp,2,1,0.9804790645615948,True
3616,3616,1815,0,tfidf+perp,2,0,0.0010143244623910556,True
3617,3617,1815,1,tfidf+perp,2,1,0.9891360916765076,True
3618,3618,1816,0,tfidf+perp,2,0,0.003118849086193318,True
3619,3619,1816,1,tfidf+perp,2,1,0.9925265874944388,True
3620,3620,1817,0,tfidf+perp,2,0,0.0007222096037087096,True
3621,3621,1817,1,tfidf+perp,2,1,0.992258016465081,True
3622,3622,1818,0,tfidf+perp,2,0,0.0008605950680280944,True
3623,3623,1818,1,tfidf+perp,2,1,0.9922667438396927,True
3624,3624,1819,0,tfidf+perp,2,0,0.021183516260086986,True
3625,3625,1819,1,tfidf+perp,2,1,0.999579696262956,True
3626,3626,1820,0,tfidf+perp,2,0,0.008002694929411434,True
3627,3627,1820,1,tfidf+perp,2,1,0.9992909082562748,True
3628,3628,1821,0,tfidf+perp,2,0,0.006634169478498798,True
3629,3629,1821,1,tfidf+perp,2,1,0.943775254028107,True
3630,3630,1822,0,tfidf+perp,2,0,0.11688952149872013,True
3631,3631,1822,1,tfidf+perp,2,1,0.7589316692911267,True
3632,3632,1823,0,tfidf+perp,2,0,0.009762379409247983,True
3633,3633,1823,1,tfidf+perp,2,1,0.9779055458626118,True
3634,3634,1824,0,tfidf+perp,2,0,0.00528785843641136,True
3635,3635,1824,1,tfidf+perp,2,1,0.9987943378813858,True
3636,3636,1825,0,tfidf+perp,2,0,0.001976843557628075,True
3637,3637,1825,1,tfidf+perp,2,1,0.9991502458666438,True
3638,3638,1826,0,tfidf+perp,2,0,0.0013924773444860296,True
3639,3639,1826,1,tfidf+perp,2,1,0.9996095865932625,True
3640,3640,1827,0,tfidf+perp,2,0,0.0004729653988295434,True
3641,3641,1827,1,tfidf+perp,2,0,0.020283542178424284,False
3642,3642,1828,0,tfidf+perp,2,0,0.009269638800698456,True
3643,3643,1828,1,tfidf+perp,2,1,0.8277065830090263,True
3644,3644,1829,0,tfidf+perp,2,0,0.004427899958990654,True
3645,3645,1829,1,tfidf+perp,2,1,0.9910075264282184,True
3646,3646,1830,0,tfidf+perp,2,1,0.5243798937700883,False
3647,3647,1830,1,tfidf+perp,2,1,0.9981352608518191,True
3648,3648,1831,0,tfidf+perp,2,0,0.07010639087058276,True
3649,3649,1831,1,tfidf+perp,2,1,0.9922058087716139,True
3650,3650,1832,0,tfidf+perp,2,0,0.011350291366609202,True
3651,3651,1832,1,tfidf+perp,2,1,0.8219431335027395,True
3652,3652,1833,0,tfidf+perp,2,0,0.3712531115564549,True
3653,3653,1833,1,tfidf+perp,2,1,0.964166369663965,True
3654,3654,1834,0,tfidf+perp,2,0,0.01884489030751435,True
3655,3655,1834,1,tfidf+perp,2,1,0.9930643254752985,True
3656,3656,1835,0,tfidf+perp,2,0,0.054014542652937786,True
3657,3657,1835,1,tfidf+perp,2,1,0.9936424742293208,True
3658,3658,1836,0,tfidf+perp,2,0,0.0012342877235567108,True
3659,3659,1836,1,tfidf+perp,2,1,0.980943284391211,True
3660,3660,1837,0,tfidf+perp,2,1,0.7554559118666908,False
3661,3661,1837,1,tfidf+perp,2,1,0.9980864526379237,True
3662,3662,1838,0,tfidf+perp,2,0,0.0006114424744780359,True
3663,3663,1838,1,tfidf+perp,2,1,0.9959429502769288,True
3664,3664,1839,0,tfidf+perp,2,0,0.014469543566483266,True
3665,3665,1839,1,tfidf+perp,2,0,0.04011488889485886,False
3666,3666,1840,0,tfidf+perp,2,0,0.4571135112427604,True
3667,3667,1840,1,tfidf+perp,2,1,0.9970052337289388,True
3668,3668,1841,0,tfidf+perp,2,0,0.000620166471579716,True
3669,3669,1841,1,tfidf+perp,2,1,0.9953695951658971,True
3670,3670,1842,0,tfidf+perp,2,0,0.0008001859496952516,True
3671,3671,1842,1,tfidf+perp,2,1,0.9925194111197811,True
3672,3672,1843,0,tfidf+perp,2,0,0.017088739462517974,True
3673,3673,1843,1,tfidf+perp,2,1,0.9951180176682962,True
3674,3674,1844,0,tfidf+perp,2,0,0.004251767144935916,True
3675,3675,1844,1,tfidf+perp,2,1,0.99541225816021,True
3676,3676,1845,0,tfidf+perp,2,0,0.0005449535136509648,True
3677,3677,1845,1,tfidf+perp,2,1,0.9806426233726968,True
3678,3678,1846,0,tfidf+perp,2,0,0.001830222607446935,True
3679,3679,1846,1,tfidf+perp,2,1,0.997102752976609,True
3680,3680,1847,0,tfidf+perp,2,0,0.0016642320562362564,True
3681,3681,1847,1,tfidf+perp,2,1,0.9782575486630705,True
3682,3682,1848,0,tfidf+perp,2,0,0.0010885058055103826,True
3683,3683,1848,1,tfidf+perp,2,1,0.992991592293782,True
3684,3684,1849,0,tfidf+perp,2,0,0.021495712990069506,True
3685,3685,1849,1,tfidf+perp,2,1,0.9919364018545644,True
3686,3686,1850,0,tfidf+perp,2,0,0.016899007824716754,True
3687,3687,1850,1,tfidf+perp,2,0,0.021087443455168362,False
3688,3688,1851,0,tfidf+perp,2,0,0.17876842389292216,True
3689,3689,1851,1,tfidf+perp,2,1,0.9810686608870619,True
3690,3690,1852,0,tfidf+perp,2,0,0.0008007525560142644,True
3691,3691,1852,1,tfidf+perp,2,1,0.995880155116367,True
3692,3692,1853,0,tfidf+perp,2,0,0.041104831467721016,True
3693,3693,1853,1,tfidf+perp,2,1,0.9725086644310036,True
3694,3694,1854,0,tfidf+perp,2,0,0.001725095511448985,True
3695,3695,1854,1,tfidf+perp,2,1,0.9774134155472893,True
3696,3696,1855,0,tfidf+perp,2,0,0.0008362806987056797,True
3697,3697,1855,1,tfidf+perp,2,1,0.9995437513952571,True
3698,3698,1856,0,tfidf+perp,2,0,0.002208989897011941,True
3699,3699,1856,1,tfidf+perp,2,1,0.9918367817635845,True
3700,3700,1857,0,tfidf+perp,2,0,0.0007798548466018117,True
3701,3701,1857,1,tfidf+perp,2,1,0.9989890047155956,True
3702,3702,1858,0,tfidf+perp,2,0,0.03302535362973784,True
3703,3703,1858,1,tfidf+perp,2,1,0.9876797496346508,True
3704,3704,1859,0,tfidf+perp,2,0,0.0736205065413844,True
3705,3705,1859,1,tfidf+perp,2,1,0.9981898218510696,True
3706,3706,1860,0,tfidf+perp,2,0,0.00711700507492233,True
3707,3707,1860,1,tfidf+perp,2,0,0.08217674536984923,False
3708,3708,1861,0,tfidf+perp,2,0,0.0007053995691405712,True
3709,3709,1861,1,tfidf+perp,2,0,0.0712854771933184,False
3710,3710,1862,0,tfidf+perp,2,0,0.019626089429168787,True
3711,3711,1862,1,tfidf+perp,2,1,0.9964362081986569,True
3712,3712,1863,0,tfidf+perp,2,0,0.06329505311367599,True
3713,3713,1863,1,tfidf+perp,2,1,0.9946914507632701,True
3714,3714,1864,0,tfidf+perp,2,0,0.0021170722103589987,True
3715,3715,1864,1,tfidf+perp,2,1,0.9983807710547066,True
3716,3716,1865,0,tfidf+perp,2,0,0.00308775384664676,True
3717,3717,1865,1,tfidf+perp,2,1,0.9988264435113628,True
3718,3718,1866,0,tfidf+perp,2,1,0.6543417757976546,False
3719,3719,1866,1,tfidf+perp,2,1,0.9767730210193271,True
3720,3720,1867,0,tfidf+perp,2,0,0.005454370397389192,True
3721,3721,1867,1,tfidf+perp,2,0,0.2944483854095688,False
3722,3722,1868,0,tfidf+perp,2,0,0.00420237432333148,True
3723,3723,1868,1,tfidf+perp,2,1,0.9978186042130504,True
3724,3724,1869,0,tfidf+perp,2,0,0.10662321075871872,True
3725,3725,1869,1,tfidf+perp,2,1,0.9971740756528076,True
3726,3726,1870,0,tfidf+perp,2,0,0.000604124822332127,True
3727,3727,1870,1,tfidf+perp,2,1,0.9943629120855356,True
3728,3728,1871,0,tfidf+perp,2,0,0.0029139330002102798,True
3729,3729,1871,1,tfidf+perp,2,1,0.9983385991929802,True
3730,3730,1872,0,tfidf+perp,2,1,0.5394375206081233,False
3731,3731,1872,1,tfidf+perp,2,1,0.9761275749079754,True
3732,3732,1873,0,tfidf+perp,2,0,0.0007651719170311003,True
3733,3733,1873,1,tfidf+perp,2,1,0.9939302433228959,True
3734,3734,1874,0,tfidf+perp,2,0,0.0016656218810477403,True
3735,3735,1874,1,tfidf+perp,2,1,0.9887977061366603,True
3736,3736,1875,0,tfidf+perp,2,0,0.012223430190816597,True
3737,3737,1875,1,tfidf+perp,2,1,0.9982827040534917,True
3738,3738,1876,0,tfidf+perp,2,0,0.0017583183513854718,True
3739,3739,1876,1,tfidf+perp,2,1,0.9974888718338796,True
3740,3740,1877,0,tfidf+perp,2,0,0.0007880050846115381,True
3741,3741,1877,1,tfidf+perp,2,1,0.9848238373791781,True
3742,3742,1878,0,tfidf+perp,2,0,0.00014601539564628016,True
3743,3743,1878,1,tfidf+perp,2,1,0.9927991833245512,True
3744,3744,1879,0,tfidf+perp,2,0,0.05230348421017323,True
3745,3745,1879,1,tfidf+perp,2,1,0.7212963530509285,True
3746,3746,1880,0,tfidf+perp,2,0,0.17339386267796336,True
3747,3747,1880,1,tfidf+perp,2,1,0.6796428500724581,True
3748,3748,1881,0,tfidf+perp,2,0,0.02604153244794922,True
3749,3749,1881,1,tfidf+perp,2,0,0.3410109978090338,False
3750,3750,1882,0,tfidf+perp,2,0,0.12003720002605671,True
3751,3751,1882,1,tfidf+perp,2,1,0.9875713363759437,True
3752,3752,1883,0,tfidf+perp,2,0,0.001702705240451736,True
3753,3753,1883,1,tfidf+perp,2,1,0.9967576599156991,True
3754,3754,1884,0,tfidf+perp,2,0,0.2838120391479382,True
3755,3755,1884,1,tfidf+perp,2,1,0.891138115955785,True
3756,3756,1885,0,tfidf+perp,2,0,0.023401740102272754,True
3757,3757,1885,1,tfidf+perp,2,1,0.9931539639352363,True
3758,3758,1886,0,tfidf+perp,2,0,0.009518109645412984,True
3759,3759,1886,1,tfidf+perp,2,1,0.9284691236744657,True
3760,3760,1887,0,tfidf+perp,2,0,0.001908612485709814,True
3761,3761,1887,1,tfidf+perp,2,1,0.999352911272119,True
3762,3762,1888,0,tfidf+perp,2,0,0.047807567811706066,True
3763,3763,1888,1,tfidf+perp,2,1,0.9979277565358318,True
3764,3764,1889,0,tfidf+perp,2,0,0.1389331696915247,True
3765,3765,1889,1,tfidf+perp,2,1,0.9982923794087745,True
3766,3766,1890,0,tfidf+perp,2,0,0.011181550258188584,True
3767,3767,1890,1,tfidf+perp,2,1,0.9943903477127215,True
3768,3768,1891,0,tfidf+perp,2,0,0.0690237027992284,True
3769,3769,1891,1,tfidf+perp,2,1,0.8744239871607932,True
3770,3770,1892,0,tfidf+perp,2,1,0.960793259185779,False
3771,3771,1892,1,tfidf+perp,2,1,0.992180996657464,True
3772,3772,1893,0,tfidf+perp,2,0,0.006612793414760033,True
3773,3773,1893,1,tfidf+perp,2,1,0.981597635467262,True
3774,3774,1894,0,tfidf+perp,2,0,0.372897224181447,True
3775,3775,1894,1,tfidf+perp,2,1,0.9947976676459322,True
3776,3776,1895,0,tfidf+perp,2,0,0.0008705163596513778,True
3777,3777,1895,1,tfidf+perp,2,1,0.9977137183851791,True
3778,3778,1896,0,tfidf+perp,2,0,0.016765206439227694,True
3779,3779,1896,1,tfidf+perp,2,1,0.9968317960522123,True
3780,3780,1897,0,tfidf+perp,2,0,0.3740321786084274,True
3781,3781,1897,1,tfidf+perp,2,1,0.9052299365575535,True
3782,3782,1898,0,tfidf+perp,2,0,0.018859362014126173,True
3783,3783,1898,1,tfidf+perp,2,1,0.8863787139651501,True
3784,3784,1899,0,tfidf+perp,2,0,0.029163298656568325,True
3785,3785,1899,1,tfidf+perp,2,1,0.9763561263104279,True
3786,3786,1900,0,tfidf+perp,2,0,0.40123718606727016,True
3787,3787,1900,1,tfidf+perp,2,1,0.998341226827309,True
3788,3788,1901,0,tfidf+perp,2,0,0.004995647505164423,True
3789,3789,1901,1,tfidf+perp,2,1,0.8325767024262407,True
3790,3790,1902,0,tfidf+perp,2,0,0.013856479415654082,True
3791,3791,1902,1,tfidf+perp,2,1,0.9938079220566001,True
3792,3792,1903,0,tfidf+perp,2,0,0.017848513417661714,True
3793,3793,1903,1,tfidf+perp,2,0,0.059036608104021615,False
3794,3794,1904,0,tfidf+perp,2,0,0.0024705717340079286,True
3795,3795,1904,1,tfidf+perp,2,1,0.7119258626238277,True
3796,3796,1905,0,tfidf+perp,2,0,0.0005195063029660508,True
3797,3797,1905,1,tfidf+perp,2,1,0.9110441114345723,True
3798,3798,1906,1,tfidf+perp,2,1,0.993855854680748,True
3799,3799,1907,0,tfidf+perp,2,1,0.7438678519944933,False
3800,3800,1907,1,tfidf+perp,2,1,0.9653943775500031,True
3801,3801,1908,0,tfidf+perp,2,0,0.10369552392632594,True
3802,3802,1908,1,tfidf+perp,2,1,0.9935528101298682,True
3803,3803,1909,0,tfidf+perp,2,0,0.0009624913305191421,True
3804,3804,1909,1,tfidf+perp,2,1,0.899066890923651,True
3805,3805,1910,0,tfidf+perp,2,0,0.02656195016906863,True
3806,3806,1910,1,tfidf+perp,2,1,0.9924718087614259,True
3807,3807,1911,0,tfidf+perp,2,0,0.02775114253915997,True
3808,3808,1911,1,tfidf+perp,2,1,0.9936991479979701,True
3809,3809,1912,0,tfidf+perp,2,0,0.005280868649902699,True
3810,3810,1912,1,tfidf+perp,2,0,0.15876376954430146,False
3811,3811,1913,0,tfidf+perp,2,0,0.07301608400643442,True
3812,3812,1913,1,tfidf+perp,2,1,0.9967250520173382,True
3813,3813,1914,0,tfidf+perp,2,0,0.003975994509359177,True
3814,3814,1914,1,tfidf+perp,2,1,0.9928793835939412,True
3815,3815,1915,0,tfidf+perp,2,0,0.15565665559784486,True
3816,3816,1915,1,tfidf+perp,2,1,0.99308868113108,True
3817,3817,1916,0,tfidf+perp,2,1,0.8681811559695504,False
3818,3818,1916,1,tfidf+perp,2,1,0.9637676449596184,True
3819,3819,1917,0,tfidf+perp,2,0,0.012504149788646222,True
3820,3820,1917,1,tfidf+perp,2,1,0.7729448495956628,True
3821,3821,1918,0,tfidf+perp,2,0,0.022048858267200468,True
3822,3822,1918,1,tfidf+perp,2,1,0.8133758155072285,True
3823,3823,1919,0,tfidf+perp,2,0,0.001061440851558731,True
3824,3824,1919,1,tfidf+perp,2,1,0.9965120193157442,True
3825,3825,1920,0,tfidf+perp,2,0,0.41254960877418967,True
3826,3826,1920,1,tfidf+perp,2,1,0.9927970032728676,True
3827,3827,1921,0,tfidf+perp,2,0,0.0011256769907327956,True
3828,3828,1921,1,tfidf+perp,2,1,0.979484695979765,True
3829,3829,1922,0,tfidf+perp,2,0,0.06696790985062855,True
3830,3830,1922,1,tfidf+perp,2,1,0.983145054564197,True
3831,3831,1923,0,tfidf+perp,2,0,0.002279954169598246,True
3832,3832,1923,1,tfidf+perp,2,1,0.9693952026778317,True
3833,3833,1924,0,tfidf+perp,2,0,0.039796455244206594,True
3834,3834,1924,1,tfidf+perp,2,1,0.9988543008410713,True
3835,3835,1925,0,tfidf+perp,2,0,0.0013140319452549884,True
3836,3836,1925,1,tfidf+perp,2,1,0.9996094685219781,True
3837,3837,1926,0,tfidf+perp,2,0,0.03305975478278841,True
3838,3838,1926,1,tfidf+perp,2,1,0.9072954135093858,True
3839,3839,1927,0,tfidf+perp,2,0,0.004559882743191949,True
3840,3840,1927,1,tfidf+perp,2,1,0.9711465855052318,True
3841,3841,1928,0,tfidf+perp,2,0,0.0048468320283690195,True
3842,3842,1928,1,tfidf+perp,2,1,0.696965271866158,True
3843,3843,1929,0,tfidf+perp,2,0,0.003123812515165715,True
3844,3844,1929,1,tfidf+perp,2,1,0.9958185414780439,True
3845,3845,1930,0,tfidf+perp,2,0,0.00043380284339440933,True
3846,3846,1930,1,tfidf+perp,2,1,0.8326055590507908,True
3847,3847,1931,0,tfidf+perp,2,0,0.014188648076175345,True
3848,3848,1931,1,tfidf+perp,2,1,0.9982133489133381,True
3849,3849,1932,0,tfidf+perp,2,0,0.24418151752112804,True
3850,3850,1932,1,tfidf+perp,2,1,0.9955957418614283,True
3851,3851,1933,0,tfidf+perp,2,0,0.0010035916528605634,True
3852,3852,1933,1,tfidf+perp,2,1,0.9694460403677226,True
3853,3853,1934,0,tfidf+perp,2,0,0.006110501611363192,True
3854,3854,1934,1,tfidf+perp,2,1,0.9888711631236877,True
3855,3855,1935,0,tfidf+perp,2,0,0.017805877672743414,True
3856,3856,1935,1,tfidf+perp,2,1,0.9939681395430601,True
3857,3857,1936,0,tfidf+perp,2,0,0.036618489609921076,True
3858,3858,1936,1,tfidf+perp,2,1,0.9983438554923335,True
3859,3859,1937,0,tfidf+perp,2,0,0.014294742517010123,True
3860,3860,1937,1,tfidf+perp,2,1,0.999012311704631,True
3861,3861,1938,0,tfidf+perp,2,0,0.024479620770160634,True
3862,3862,1938,1,tfidf+perp,2,1,0.9982244232342611,True
3863,3863,1939,0,tfidf+perp,2,0,0.0003866559932064689,True
3864,3864,1939,1,tfidf+perp,2,0,0.24837817266500725,False
3865,3865,1940,0,tfidf+perp,2,0,0.01342221579553727,True
3866,3866,1940,1,tfidf+perp,2,1,0.9953724873009684,True
3867,3867,1941,0,tfidf+perp,2,0,0.02294741297560413,True
3868,3868,1941,1,tfidf+perp,2,1,0.9994814247566731,True
3869,3869,1942,0,tfidf+perp,2,0,0.0065772507914651146,True
3870,3870,1942,1,tfidf+perp,2,1,0.9911410091002865,True
3871,3871,1943,0,tfidf+perp,2,0,0.0027102691192061315,True
3872,3872,1943,1,tfidf+perp,2,1,0.9973180607231702,True
3873,3873,1944,0,tfidf+perp,2,0,0.0286901852307981,True
3874,3874,1944,1,tfidf+perp,2,1,0.9993707100820364,True
3875,3875,1945,0,tfidf+perp,2,0,0.0011570491005312264,True
3876,3876,1945,1,tfidf+perp,2,1,0.9369633561717305,True
3877,3877,1946,0,tfidf+perp,2,0,0.007820137411446144,True
3878,3878,1946,1,tfidf+perp,2,1,0.9913188792074124,True
3879,3879,1947,0,tfidf+perp,2,0,0.0012385274296742976,True
3880,3880,1947,1,tfidf+perp,2,1,0.999775454852811,True
3881,3881,1948,0,tfidf+perp,2,0,0.001298983245566829,True
3882,3882,1948,1,tfidf+perp,2,1,0.998011979887659,True
3883,3883,1949,0,tfidf+perp,2,0,0.10586986030312272,True
3884,3884,1949,1,tfidf+perp,2,1,0.9908740350317672,True
3885,3885,1950,0,tfidf+perp,2,0,0.0007776481118237467,True
3886,3886,1950,1,tfidf+perp,2,1,0.980811955707945,True
3887,3887,1951,0,tfidf+perp,2,0,0.004173567393442984,True
3888,3888,1951,1,tfidf+perp,2,1,0.9984952974345103,True
3889,3889,1952,0,tfidf+perp,2,0,0.0068554152246546665,True
3890,3890,1952,1,tfidf+perp,2,1,0.9732668288214675,True
3891,3891,1953,0,tfidf+perp,2,0,0.018081821582665927,True
3892,3892,1953,1,tfidf+perp,2,1,0.996166029493385,True
3893,3893,1954,0,tfidf+perp,2,0,0.13296766973105248,True
3894,3894,1954,1,tfidf+perp,2,1,0.9902773333168522,True
3895,3895,1955,0,tfidf+perp,2,0,0.002181125608856422,True
3896,3896,1955,1,tfidf+perp,2,1,0.9800087991241849,True
3897,3897,1956,0,tfidf+perp,2,0,0.018737339854633883,True
3898,3898,1956,1,tfidf+perp,2,1,0.9850669776405566,True
3899,3899,1957,0,tfidf+perp,2,0,0.001680583236032338,True
3900,3900,1957,1,tfidf+perp,2,1,0.9116256129833565,True
3901,3901,1958,0,tfidf+perp,2,0,0.0008695780986020538,True
3902,3902,1958,1,tfidf+perp,2,1,0.9993255362967249,True
3903,3903,1959,0,tfidf+perp,2,0,0.0021585723329856673,True
3904,3904,1959,1,tfidf+perp,2,1,0.5093167517139343,True
3905,3905,1960,0,tfidf+perp,2,1,0.7264891437023112,False
3906,3906,1960,1,tfidf+perp,2,1,0.9094913729437625,True
3907,3907,1961,0,tfidf+perp,2,0,0.0016399102746692477,True
3908,3908,1961,1,tfidf+perp,2,1,0.9860840012485018,True
3909,3909,1962,0,tfidf+perp,2,0,0.020556322649499997,True
3910,3910,1962,1,tfidf+perp,2,1,0.99830759206799,True
3911,3911,1963,0,tfidf+perp,2,0,0.0024103187163181496,True
3912,3912,1963,1,tfidf+perp,2,1,0.974461177300193,True
3913,3913,1964,0,tfidf+perp,2,0,0.012354802722699884,True
3914,3914,1964,1,tfidf+perp,2,1,0.9870672018383696,True
3915,3915,1965,0,tfidf+perp,2,0,0.020601967670187866,True
3916,3916,1965,1,tfidf+perp,2,1,0.9995640491509816,True
3917,3917,1966,0,tfidf+perp,2,0,0.01104171086384836,True
3918,3918,1966,1,tfidf+perp,2,1,0.9997192749752803,True
3919,3919,1967,0,tfidf+perp,2,0,0.06662378625658924,True
3920,3920,1967,1,tfidf+perp,2,1,0.9948590579047333,True
3921,3921,1968,0,tfidf+perp,2,0,0.14971617440953128,True
3922,3922,1968,1,tfidf+perp,2,1,0.9320704392575527,True
3923,3923,1969,0,tfidf+perp,2,0,7.079441424249748e-05,True
3924,3924,1969,1,tfidf+perp,2,1,0.9570356698308569,True
3925,3925,1970,0,tfidf+perp,2,0,0.0009979860102811557,True
3926,3926,1970,1,tfidf+perp,2,1,0.736006298244536,True
3927,3927,1971,0,tfidf+perp,2,0,0.0020626914765114646,True
3928,3928,1971,1,tfidf+perp,2,1,0.6047074213736555,True
3929,3929,1972,0,tfidf+perp,2,0,0.0065349304998692705,True
3930,3930,1972,1,tfidf+perp,2,1,0.9999432891788489,True
3931,3931,1973,0,tfidf+perp,2,0,0.010525271719391223,True
3932,3932,1973,1,tfidf+perp,2,1,0.9553750240925921,True
3933,3933,1974,0,tfidf+perp,2,0,0.004380637742986132,True
3934,3934,1974,1,tfidf+perp,2,0,0.154218210711191,False
3935,3935,1975,0,tfidf+perp,2,0,0.0039032563683412584,True
3936,3936,1975,1,tfidf+perp,2,0,0.06691467762253551,False
3937,3937,1976,0,tfidf+perp,2,0,0.011342291063430222,True
3938,3938,1976,1,tfidf+perp,2,1,0.9921789438352757,True
3939,3939,1977,0,tfidf+perp,2,0,0.00818896889718359,True
3940,3940,1977,1,tfidf+perp,2,1,0.9592366217486445,True
3941,3941,1978,0,tfidf+perp,2,0,0.37744303939754326,True
3942,3942,1978,1,tfidf+perp,2,1,0.9866267543443726,True
3943,3943,1979,0,tfidf+perp,2,0,0.001091679940643313,True
3944,3944,1979,1,tfidf+perp,2,1,0.9960261063965531,True
3945,3945,1980,0,tfidf+perp,2,0,0.003831520204207655,True
3946,3946,1980,1,tfidf+perp,2,1,0.987063545621267,True
3947,3947,1981,0,tfidf+perp,2,0,0.00047624448553955286,True
3948,3948,1981,1,tfidf+perp,2,1,0.9726867281747335,True
3949,3949,1982,0,tfidf+perp,2,0,0.026102700407694322,True
3950,3950,1982,1,tfidf+perp,2,1,0.9957361884532365,True
3951,3951,1983,0,tfidf+perp,2,0,0.004229817933619196,True
3952,3952,1983,1,tfidf+perp,2,1,0.9714200919800938,True
3953,3953,1984,0,tfidf+perp,2,0,0.004984984884639952,True
3954,3954,1984,1,tfidf+perp,2,1,0.9878723905190525,True
3955,3955,1985,0,tfidf+perp,2,0,0.001598782839027088,True
3956,3956,1985,1,tfidf+perp,2,1,0.9225404297923328,True
3957,3957,1986,0,tfidf+perp,2,0,0.002343750351785547,True
3958,3958,1986,1,tfidf+perp,2,1,0.8833525554904711,True
3959,3959,1987,0,tfidf+perp,2,0,0.0012386100898282744,True
3960,3960,1987,1,tfidf+perp,2,1,0.9770460051692315,True
3961,3961,1988,0,tfidf+perp,2,0,0.003657251255034896,True
3962,3962,1988,1,tfidf+perp,2,1,0.9983412737056286,True
3963,3963,1989,0,tfidf+perp,2,0,0.023247710387693233,True
3964,3964,1989,1,tfidf+perp,2,1,0.998335760073318,True
3965,3965,1990,0,tfidf+perp,2,0,0.029397769878828996,True
3966,3966,1990,1,tfidf+perp,2,1,0.9983676879301909,True
3967,3967,1991,0,tfidf+perp,2,0,0.003078108459995784,True
3968,3968,1991,1,tfidf+perp,2,1,0.9792469983392265,True
3969,3969,1992,0,tfidf+perp,2,0,0.00198714479051482,True
3970,3970,1992,1,tfidf+perp,2,1,0.9969259958312054,True
3971,3971,1993,0,tfidf+perp,2,0,0.1641275224256263,True
3972,3972,1993,1,tfidf+perp,2,1,0.9981554415533048,True
3973,3973,1994,0,tfidf+perp,2,0,0.0006853289067853878,True
3974,3974,1994,1,tfidf+perp,2,0,0.051234155538074776,False
3975,3975,1995,0,tfidf+perp,2,0,0.0007516918043391369,True
3976,3976,1995,1,tfidf+perp,2,1,0.9666422472760886,True
3977,3977,1996,0,tfidf+perp,2,0,0.0032699800172867905,True
3978,3978,1996,1,tfidf+perp,2,1,0.998748540505782,True
3979,3979,1997,0,tfidf+perp,2,0,0.02538235146509575,True
3980,3980,1997,1,tfidf+perp,2,1,0.9968349629806964,True
3981,3981,1998,0,tfidf+perp,2,0,0.0061915439084285,True
3982,3982,1998,1,tfidf+perp,2,1,0.9960738188673497,True
3983,3983,1999,0,tfidf+perp,2,0,0.07684415676536087,True
3984,3984,1999,1,tfidf+perp,2,1,0.9017218990433425,True
3985,3985,2000,0,tfidf+perp,2,0,0.00044230814071879115,True
3986,3986,2000,1,tfidf+perp,2,1,0.8815443562425279,True
3987,3987,2001,0,tfidf+perp,2,0,0.24372032694812354,True
3988,3988,2001,1,tfidf+perp,2,1,0.9912189719905993,True
3989,3989,2002,0,tfidf+perp,2,0,0.30793571129663116,True
3990,3990,2002,1,tfidf+perp,2,1,0.999252492528398,True
3991,3991,2003,0,tfidf+perp,2,0,0.006050892038831777,True
3992,3992,2003,1,tfidf+perp,2,1,0.9984188542651462,True
3993,3993,2004,0,tfidf+perp,2,0,0.004860685478396046,True
3994,3994,2004,1,tfidf+perp,2,1,0.9948088831298233,True
3995,3995,2005,0,tfidf+perp,2,0,0.0038773952258809637,True
3996,3996,2005,1,tfidf+perp,2,1,0.9980673666727468,True
3997,3997,2006,0,tfidf+perp,2,0,0.19337955952188074,True
3998,3998,2006,1,tfidf+perp,2,1,0.9997956241165338,True
3999,3999,2007,0,tfidf+perp,2,0,0.054330655704335894,True
4000,4000,2007,1,tfidf+perp,2,1,0.9653571021360785,True
4001,4001,2008,0,tfidf+perp,2,0,0.022577788904838907,True
4002,4002,2008,1,tfidf+perp,2,1,0.9581200236709128,True
4003,4003,2009,0,tfidf+perp,2,0,0.0021840958021587965,True
4004,4004,2009,1,tfidf+perp,2,1,0.9943462150588969,True
4005,4005,2010,0,tfidf+perp,2,0,0.07467808689079385,True
4006,4006,2010,1,tfidf+perp,2,1,0.9906387761567694,True
4007,4007,2011,0,tfidf+perp,2,0,0.005083858238913413,True
4008,4008,2011,1,tfidf+perp,2,1,0.9340450845841988,True
4009,4009,2012,0,tfidf+perp,2,0,0.08924716235260073,True
4010,4010,2012,1,tfidf+perp,2,1,0.9995464203997526,True
4011,4011,2013,0,tfidf+perp,2,0,0.0008129249288764725,True
4012,4012,2013,1,tfidf+perp,2,1,0.9977120673662634,True
4013,4013,2014,0,tfidf+perp,2,1,0.9182346905198043,False
4014,4014,2014,1,tfidf+perp,2,1,0.9990713887909337,True
4015,4015,2015,0,tfidf+perp,2,1,0.6095663170429833,False
4016,4016,2015,1,tfidf+perp,2,1,0.9992669952370606,True
4017,4017,2016,0,tfidf+perp,2,0,0.022249310276951186,True
4018,4018,2016,1,tfidf+perp,2,0,0.20654147408211343,False
4019,4019,2017,0,tfidf+perp,2,0,0.0016000797075278418,True
4020,4020,2017,1,tfidf+perp,2,1,0.9959631319486413,True
4021,4021,2018,0,tfidf+perp,2,0,0.029783604561970902,True
4022,4022,2018,1,tfidf+perp,2,1,0.9982616348166166,True
4023,4023,2019,0,tfidf+perp,2,0,0.015722222155967833,True
4024,4024,2019,1,tfidf+perp,2,1,0.9923571483071477,True
4025,4025,2020,0,tfidf+perp,2,0,0.007694581583372349,True
4026,4026,2020,1,tfidf+perp,2,1,0.9666612996647981,True
4027,4027,2021,0,tfidf+perp,2,0,0.005096456559889846,True
4028,4028,2021,1,tfidf+perp,2,1,0.9984223400005788,True
4029,4029,2022,0,tfidf+perp,2,0,0.00010662418032544301,True
4030,4030,2022,1,tfidf+perp,2,1,0.9821127158381003,True
4031,4031,2023,0,tfidf+perp,2,0,0.019812702830034935,True
4032,4032,2023,1,tfidf+perp,2,1,0.9676344398027361,True
4033,4033,2024,0,tfidf+perp,2,0,0.01645704649229194,True
4034,4034,2024,1,tfidf+perp,2,1,0.9985932982877396,True
4035,4035,2025,0,tfidf+perp,2,0,0.0759745141096644,True
4036,4036,2025,1,tfidf+perp,2,1,0.9519253196679627,True
4037,4037,2026,0,tfidf+perp,2,0,0.03690919224893857,True
4038,4038,2026,1,tfidf+perp,2,1,0.9994250338547552,True
4039,4039,2027,0,tfidf+perp,2,0,0.002634524471645994,True
4040,4040,2027,1,tfidf+perp,2,1,0.9902157510333237,True
4041,4041,2028,0,tfidf+perp,2,0,0.020961800931765837,True
4042,4042,2028,1,tfidf+perp,2,1,0.9992694898901625,True
4043,4043,2029,0,tfidf+perp,2,0,0.00011645236318311203,True
4044,4044,2029,1,tfidf+perp,2,1,0.9789191029054077,True
4045,4045,2030,0,tfidf+perp,2,1,0.5988206473153275,False
4046,4046,2030,1,tfidf+perp,2,1,0.9908127909386054,True
4047,4047,2031,0,tfidf+perp,2,0,0.027782051433289587,True
4048,4048,2031,1,tfidf+perp,2,1,0.9995749167683293,True
4049,4049,2032,0,tfidf+perp,2,0,0.0022566843912775135,True
4050,4050,2032,1,tfidf+perp,2,1,0.8927948977030117,True
4051,4051,2033,0,tfidf+perp,2,0,0.00390972698891659,True
4052,4052,2033,1,tfidf+perp,2,1,0.9928764329734574,True
4053,4053,2034,0,tfidf+perp,2,0,0.03880866226075647,True
4054,4054,2034,1,tfidf+perp,2,1,0.9994900045045648,True
4055,4055,2035,0,tfidf+perp,2,0,0.0017990445670770382,True
4056,4056,2035,1,tfidf+perp,2,1,0.9394282597474871,True
4057,4057,2036,0,tfidf+perp,2,0,0.27024427726230754,True
4058,4058,2036,1,tfidf+perp,2,1,0.9997295164239094,True
4059,4059,2037,0,tfidf+perp,2,0,0.003586362751514923,True
4060,4060,2037,1,tfidf+perp,2,1,0.995177410331254,True
4061,4061,2038,0,tfidf+perp,2,0,0.028415724712325247,True
4062,4062,2038,1,tfidf+perp,2,1,0.9814692033292473,True
4063,4063,2039,0,tfidf+perp,2,0,0.000494633402368471,True
4064,4064,2039,1,tfidf+perp,2,1,0.9909596513523998,True
4065,4065,2040,0,tfidf+perp,2,0,0.058437258932831485,True
4066,4066,2040,1,tfidf+perp,2,1,0.998602332828174,True
4067,4067,2041,0,tfidf+perp,2,0,0.014854805640146242,True
4068,4068,2041,1,tfidf+perp,2,1,0.9972529217417849,True
4069,4069,2042,0,tfidf+perp,2,0,0.00032393869888612564,True
4070,4070,2042,1,tfidf+perp,2,1,0.9947197876357684,True
4071,4071,2043,0,tfidf+perp,2,0,0.03718876927771237,True
4072,4072,2043,1,tfidf+perp,2,1,0.9807795301319828,True
4073,4073,2044,0,tfidf+perp,2,0,0.038546375043914304,True
4074,4074,2044,1,tfidf+perp,2,1,0.9965128822974978,True
4075,4075,2045,0,tfidf+perp,2,1,0.9398777908442316,False
4076,4076,2045,1,tfidf+perp,2,1,0.9998702469420001,True
4077,4077,2046,0,tfidf+perp,2,0,0.005788108979202314,True
4078,4078,2046,1,tfidf+perp,2,1,0.8267721093899878,True
4079,4079,2047,0,tfidf+perp,2,0,0.00023752488452985683,True
4080,4080,2047,1,tfidf+perp,2,1,0.9958675447785371,True
4081,4081,2048,0,tfidf+perp,2,0,0.0014792504028166614,True
4082,4082,2048,1,tfidf+perp,2,1,0.9923283194863033,True
4083,4083,2049,0,tfidf+perp,2,0,0.008049371341056186,True
4084,4084,2049,1,tfidf+perp,2,1,0.9919860844015242,True
4085,4085,2050,0,tfidf+perp,2,0,0.005993734628636105,True
4086,4086,2050,1,tfidf+perp,2,1,0.995586294808745,True
4087,4087,2051,0,tfidf+perp,2,0,0.043223222690097145,True
4088,4088,2051,1,tfidf+perp,2,1,0.8897740521779852,True
4089,4089,2052,0,tfidf+perp,2,0,0.0014231120900934711,True
4090,4090,2052,1,tfidf+perp,2,1,0.9942367576695241,True
4091,4091,2053,0,tfidf+perp,2,0,0.004222299510797727,True
4092,4092,2053,1,tfidf+perp,2,1,0.9996079068418422,True
4093,4093,2054,0,tfidf+perp,2,0,0.003833960891578705,True
4094,4094,2054,1,tfidf+perp,2,1,0.996146222700635,True
4095,4095,2055,0,tfidf+perp,2,0,0.00428453178202028,True
4096,4096,2055,1,tfidf+perp,2,1,0.9979521285925911,True
4097,4097,2056,0,tfidf+perp,2,0,0.019488907414249065,True
4098,4098,2056,1,tfidf+perp,2,1,0.998023181622562,True
4099,4099,2057,0,tfidf+perp,2,0,0.00043469265070481884,True
4100,4100,2057,1,tfidf+perp,2,1,0.9959558162097675,True
4101,4101,2058,0,tfidf+perp,2,0,0.0013192419453624538,True
4102,4102,2058,1,tfidf+perp,2,1,0.9994615440612435,True
4103,4103,2059,0,tfidf+perp,2,0,0.009829906065727577,True
4104,4104,2059,1,tfidf+perp,2,1,0.9960992518479665,True
4105,4105,2060,0,tfidf+perp,2,0,0.05454238056195515,True
4106,4106,2060,1,tfidf+perp,2,1,0.9989687094797853,True
4107,4107,2061,0,tfidf+perp,2,0,0.006308511200245761,True
4108,4108,2061,1,tfidf+perp,2,1,0.9111533988926196,True
4109,4109,2062,0,tfidf+perp,2,0,0.4564179544819396,True
4110,4110,2062,1,tfidf+perp,2,1,0.9920523407827838,True
4111,4111,2063,0,tfidf+perp,2,0,0.050304773382882195,True
4112,4112,2063,1,tfidf+perp,2,1,0.9972511623783625,True
4113,4113,2064,0,tfidf+perp,2,1,0.7547644571061903,False
4114,4114,2064,1,tfidf+perp,2,1,0.8912138651949303,True
4115,4115,2065,0,tfidf+perp,2,0,0.3519263541732048,True
4116,4116,2065,1,tfidf+perp,2,1,0.9904055104871468,True
4117,4117,2066,0,tfidf+perp,2,0,0.005620477939031678,True
4118,4118,2066,1,tfidf+perp,2,1,0.8815967957153146,True
4119,4119,2067,0,tfidf+perp,2,0,0.002778232042595692,True
4120,4120,2067,1,tfidf+perp,2,1,0.5152429632753238,True
4121,4121,2068,0,tfidf+perp,2,0,0.008771160945479261,True
4122,4122,2068,1,tfidf+perp,2,1,0.996386910712101,True
4123,4123,2069,0,tfidf+perp,2,0,0.015583056184326033,True
4124,4124,2069,1,tfidf+perp,2,1,0.9983381384749946,True
4125,4125,2070,0,tfidf+perp,2,0,0.03252010267054213,True
4126,4126,2070,1,tfidf+perp,2,1,0.99499190134805,True
4127,4127,2071,0,tfidf+perp,2,0,0.00869484305420848,True
4128,4128,2071,1,tfidf+perp,2,1,0.9993962271742252,True
4129,4129,2072,0,tfidf+perp,2,0,0.007650377756470676,True
4130,4130,2072,1,tfidf+perp,2,1,0.974881900020965,True
4131,4131,2073,0,tfidf+perp,2,0,0.010476833571784357,True
4132,4132,2073,1,tfidf+perp,2,1,0.99685991301557,True
4133,4133,2074,0,tfidf+perp,2,0,0.01794248029335751,True
4134,4134,2074,1,tfidf+perp,2,1,0.9994001281380919,True
4135,4135,2075,0,tfidf+perp,2,0,0.0020414456871747106,True
4136,4136,2075,1,tfidf+perp,2,1,0.9990511456537079,True
4137,4137,2076,0,tfidf+perp,2,0,0.0034411008104116543,True
4138,4138,2076,1,tfidf+perp,2,1,0.9986640067425215,True
4139,4139,2077,0,tfidf+perp,2,0,0.004362876891580073,True
4140,4140,2077,1,tfidf+perp,2,1,0.9972355347350123,True
4141,4141,2078,0,tfidf+perp,2,0,0.004643717996864709,True
4142,4142,2078,1,tfidf+perp,2,1,0.999566997301084,True
4143,4143,2079,0,tfidf+perp,2,0,0.001051813785206033,True
4144,4144,2079,1,tfidf+perp,2,1,0.9344085415689415,True
4145,4145,2080,0,tfidf+perp,2,0,0.005886627382159795,True
4146,4146,2080,1,tfidf+perp,2,1,0.6608557138375522,True
4147,4147,2081,0,tfidf+perp,2,0,0.017800473368497462,True
4148,4148,2081,1,tfidf+perp,2,1,0.5611753901020091,True
4149,4149,2082,0,tfidf+perp,2,0,0.04322251845850428,True
4150,4150,2082,1,tfidf+perp,2,1,0.7746224664160787,True
4151,4151,2083,0,tfidf+perp,2,0,0.021888788015070167,True
4152,4152,2083,1,tfidf+perp,2,1,0.9968679427759325,True
4153,4153,2084,0,tfidf+perp,2,0,0.008415431795226191,True
4154,4154,2084,1,tfidf+perp,2,0,0.19321220747978166,False
4155,4155,2085,0,tfidf+perp,2,0,0.0016798945747654543,True
4156,4156,2085,1,tfidf+perp,2,1,0.924329732410061,True
4157,4157,2086,0,tfidf+perp,2,0,0.0037474612217764216,True
4158,4158,2086,1,tfidf+perp,2,1,0.9997685902852054,True
4159,4159,2087,0,tfidf+perp,2,0,0.02585942387917315,True
4160,4160,2087,1,tfidf+perp,2,1,0.8255003310855002,True
4161,4161,2088,0,tfidf+perp,2,0,0.11758875228986575,True
4162,4162,2088,1,tfidf+perp,2,1,0.9872648501490853,True
4163,4163,2089,0,tfidf+perp,2,0,0.0003704482653174871,True
4164,4164,2089,1,tfidf+perp,2,1,0.9992240351789303,True
4165,4165,2090,0,tfidf+perp,2,1,0.5089449376936902,False
4166,4166,2090,1,tfidf+perp,2,1,0.9860922170219759,True
4167,4167,2091,0,tfidf+perp,2,0,0.00822826475391083,True
4168,4168,2091,1,tfidf+perp,2,1,0.9913758515598956,True
4169,4169,2092,0,tfidf+perp,2,0,0.0014675716869857447,True
4170,4170,2092,1,tfidf+perp,2,1,0.9991357423641357,True
4171,4171,2093,0,tfidf+perp,2,0,0.26174577285589873,True
4172,4172,2093,1,tfidf+perp,2,1,0.9337198561820266,True
4173,4173,2094,0,tfidf+perp,2,0,0.004927151912890977,True
4174,4174,2094,1,tfidf+perp,2,1,0.9927562107835916,True
4175,4175,2095,0,tfidf+perp,2,0,0.0009080162111769311,True
4176,4176,2095,1,tfidf+perp,2,1,0.9809648713216144,True
4177,4177,2096,0,tfidf+perp,2,0,0.0021888625921406553,True
4178,4178,2096,1,tfidf+perp,2,1,0.9980375127360585,True
4179,4179,2097,0,tfidf+perp,2,0,0.003088158961873671,True
4180,4180,2097,1,tfidf+perp,2,1,0.9912231104143582,True
4181,4181,2098,0,tfidf+perp,2,0,0.0560980946161315,True
4182,4182,2098,1,tfidf+perp,2,1,0.9977239546487818,True
4183,4183,2099,0,tfidf+perp,2,0,0.0015280436528467898,True
4184,4184,2099,1,tfidf+perp,2,1,0.996282964396884,True
4185,4185,2100,0,tfidf+perp,2,0,0.0021143955559221046,True
4186,4186,2100,1,tfidf+perp,2,1,0.9773575309874679,True
4187,4187,2101,0,tfidf+perp,2,0,0.0023202987423803037,True
4188,4188,2101,1,tfidf+perp,2,1,0.9920903000857405,True
4189,4189,2102,0,tfidf+perp,2,0,0.10818261341001416,True
4190,4190,2102,1,tfidf+perp,2,1,0.9886665054339251,True
4191,4191,2103,0,tfidf+perp,2,0,0.0003107903664939269,True
4192,4192,2103,1,tfidf+perp,2,1,0.6123251539160589,True
4193,4193,2104,0,tfidf+perp,2,0,0.002760380733455485,True
4194,4194,2104,1,tfidf+perp,2,1,0.8797780451270006,True
4195,4195,2105,0,tfidf+perp,2,0,0.004011058791090435,True
4196,4196,2105,1,tfidf+perp,2,1,0.9961535687720301,True
4197,4197,2106,0,tfidf+perp,2,0,0.0015683476146287289,True
4198,4198,2106,1,tfidf+perp,2,1,0.972874727517034,True
4199,4199,2107,0,tfidf+perp,2,0,0.006217525586060319,True
4200,4200,2107,1,tfidf+perp,2,1,0.8725761134642266,True
4201,4201,2108,0,tfidf+perp,2,0,0.0002768282731155392,True
4202,4202,2108,1,tfidf+perp,2,1,0.9539713522377323,True
4203,4203,2109,0,tfidf+perp,2,0,0.004032448283133736,True
4204,4204,2109,1,tfidf+perp,2,1,0.9019955449514817,True
4205,4205,2110,0,tfidf+perp,2,0,0.04475861592154037,True
4206,4206,2110,1,tfidf+perp,2,1,0.9988709244405517,True
4207,4207,2111,0,tfidf+perp,2,0,0.05096825928795988,True
4208,4208,2111,1,tfidf+perp,2,1,0.9964952804548253,True
4209,4209,2112,0,tfidf+perp,2,0,0.0009043203577480627,True
4210,4210,2112,1,tfidf+perp,2,1,0.9902762215622616,True
4211,4211,2113,0,tfidf+perp,2,0,0.040459166991267344,True
4212,4212,2113,1,tfidf+perp,2,1,0.990474648311083,True
4213,4213,2114,0,tfidf+perp,2,0,0.013265172152313856,True
4214,4214,2114,1,tfidf+perp,2,1,0.9869101267863815,True
4215,4215,2115,0,tfidf+perp,2,0,0.0012644703787036938,True
4216,4216,2115,1,tfidf+perp,2,1,0.7207708511428335,True
4217,4217,2116,0,tfidf+perp,2,0,0.0245175934884271,True
4218,4218,2116,1,tfidf+perp,2,1,0.998753529692628,True
4219,4219,2117,0,tfidf+perp,2,0,0.011374372361026792,True
4220,4220,2117,1,tfidf+perp,2,1,0.9993924077832433,True
4221,4221,2118,0,tfidf+perp,2,0,0.001262164838014549,True
4222,4222,2118,1,tfidf+perp,2,1,0.998969404078529,True
4223,4223,2119,0,tfidf+perp,2,0,0.11435935921599596,True
4224,4224,2119,1,tfidf+perp,2,1,0.9986311251044279,True
4225,4225,2120,0,tfidf+perp,2,0,0.0013612719785193752,True
4226,4226,2120,1,tfidf+perp,2,1,0.9946940921887447,True
4227,4227,2121,0,tfidf+perp,2,0,0.0002695930817931612,True
4228,4228,2121,1,tfidf+perp,2,1,0.8839503905589847,True
4229,4229,2122,0,tfidf+perp,2,0,0.014749421634399015,True
4230,4230,2122,1,tfidf+perp,2,1,0.9997830650399613,True
4231,4231,2123,0,tfidf+perp,2,0,0.016758200195332414,True
4232,4232,2123,1,tfidf+perp,2,1,0.9940597548814636,True
4233,4233,2124,0,tfidf+perp,2,0,0.011165907390181664,True
4234,4234,2124,1,tfidf+perp,2,1,0.9951411235633417,True
4235,4235,2125,0,tfidf+perp,2,0,0.013045959985519637,True
4236,4236,2125,1,tfidf+perp,2,1,0.9811742072600076,True
4237,4237,2126,0,tfidf+perp,2,0,0.017153751867548035,True
4238,4238,2126,1,tfidf+perp,2,1,0.9898875349609729,True
4239,4239,2127,0,tfidf+perp,2,0,0.011639397816914341,True
4240,4240,2127,1,tfidf+perp,2,1,0.742400540015103,True
4241,4241,2128,0,tfidf+perp,2,1,0.8100544825557142,False
4242,4242,2128,1,tfidf+perp,2,1,0.9981870602964891,True
4243,4243,2129,0,tfidf+perp,2,0,0.0020918484613797034,True
4244,4244,2129,1,tfidf+perp,2,1,0.9980060988409517,True
4245,4245,2130,0,tfidf+perp,2,0,0.05210054874982291,True
4246,4246,2130,1,tfidf+perp,2,1,0.9906148119405558,True
4247,4247,2131,0,tfidf+perp,2,0,0.15193385666663461,True
4248,4248,2131,1,tfidf+perp,2,1,0.979715195584258,True
4249,4249,2132,0,tfidf+perp,2,0,0.0023371452164098958,True
4250,4250,2132,1,tfidf+perp,2,1,0.9805689471642542,True
4251,4251,2133,0,tfidf+perp,2,0,0.0018360171589026683,True
4252,4252,2133,1,tfidf+perp,2,0,0.42715979202604515,False
4253,4253,2134,0,tfidf+perp,2,0,0.0006063162332750708,True
4254,4254,2134,1,tfidf+perp,2,1,0.995765596806958,True
4255,4255,2135,0,tfidf+perp,2,0,0.000814598267232538,True
4256,4256,2135,1,tfidf+perp,2,1,0.954603179496856,True
4257,4257,2136,0,tfidf+perp,2,0,0.0058116929412715896,True
4258,4258,2136,1,tfidf+perp,2,1,0.9991442443001461,True
4259,4259,2137,0,tfidf+perp,2,0,0.0009890468375537565,True
4260,4260,2137,1,tfidf+perp,2,0,0.2133835407730523,False
4261,4261,2138,0,tfidf+perp,2,1,0.5793947883252598,False
4262,4262,2138,1,tfidf+perp,2,1,0.9724924982069352,True
4263,4263,2139,0,tfidf+perp,2,0,0.0041796396197125284,True
4264,4264,2139,1,tfidf+perp,2,1,0.8684366916850165,True
4265,4265,2140,0,tfidf+perp,2,1,0.5947657396021916,False
4266,4266,2140,1,tfidf+perp,2,1,0.9978930681934166,True
4267,4267,2141,0,tfidf+perp,2,0,0.0006929944409596108,True
4268,4268,2141,1,tfidf+perp,2,1,0.9995937416679831,True
4269,4269,2142,0,tfidf+perp,2,0,0.005020335928364867,True
4270,4270,2142,1,tfidf+perp,2,1,0.9955707856683786,True
4271,4271,2143,0,tfidf+perp,2,0,0.02186324117998492,True
4272,4272,2143,1,tfidf+perp,2,1,0.9979078462399759,True
4273,4273,2144,0,tfidf+perp,2,0,0.0009746722344822922,True
4274,4274,2144,1,tfidf+perp,2,1,0.9832219783175181,True
4275,4275,2145,0,tfidf+perp,2,0,0.0031629621142427963,True
4276,4276,2145,1,tfidf+perp,2,1,0.9956359715655909,True
4277,4277,2146,0,tfidf+perp,2,0,0.3074705039841107,True
4278,4278,2146,1,tfidf+perp,2,1,0.6508690741690905,True
4279,4279,2147,0,tfidf+perp,2,0,0.0022019705975023372,True
4280,4280,2147,1,tfidf+perp,2,1,0.9974191418436695,True
4281,4281,2148,0,tfidf+perp,2,0,0.042436124660789075,True
4282,4282,2148,1,tfidf+perp,2,1,0.995782783335637,True
4283,4283,2149,0,tfidf+perp,2,0,0.036174171624265464,True
4284,4284,2149,1,tfidf+perp,2,1,0.9985931663133273,True
4285,4285,2150,0,tfidf+perp,2,0,0.015604587627672193,True
4286,4286,2150,1,tfidf+perp,2,1,0.988859183312155,True
4287,4287,2151,0,tfidf+perp,2,0,0.0012859612667933378,True
4288,4288,2151,1,tfidf+perp,2,1,0.9894432064047552,True
4289,4289,2152,0,tfidf+perp,2,0,0.001105995120418666,True
4290,4290,2152,1,tfidf+perp,2,1,0.9971361758188263,True
4291,4291,2153,0,tfidf+perp,2,0,0.016348520921365038,True
4292,4292,2153,1,tfidf+perp,2,1,0.9990826581049987,True
4293,4293,2154,0,tfidf+perp,2,0,0.005555106320058445,True
4294,4294,2154,1,tfidf+perp,2,1,0.9935180860650119,True
4295,4295,2155,0,tfidf+perp,2,0,0.12067249505150766,True
4296,4296,2155,1,tfidf+perp,2,1,0.995250848150984,True
4297,4297,2156,0,tfidf+perp,2,0,0.018052575183498273,True
4298,4298,2156,1,tfidf+perp,2,1,0.95927596866094,True
4299,4299,2157,0,tfidf+perp,2,0,0.21915118830388391,True
4300,4300,2157,1,tfidf+perp,2,1,0.9960086819980704,True
4301,4301,2158,0,tfidf+perp,2,0,0.0008775298531164312,True
4302,4302,2158,1,tfidf+perp,2,1,0.9889301461467704,True
4303,4303,2159,0,tfidf+perp,2,0,0.002196109418243707,True
4304,4304,2159,1,tfidf+perp,2,1,0.8474374960109645,True
4305,4305,2160,0,tfidf+perp,2,0,0.015637704776502646,True
4306,4306,2160,1,tfidf+perp,2,1,0.9993760557869181,True
4307,4307,2161,0,tfidf+perp,2,0,0.009311502454552187,True
4308,4308,2161,1,tfidf+perp,2,1,0.9986149020568911,True
4309,4309,2162,0,tfidf+perp,2,0,0.0018123215480659654,True
4310,4310,2162,1,tfidf+perp,2,1,0.9965357656333622,True
4311,4311,2163,0,tfidf+perp,2,0,0.0017819668055322928,True
4312,4312,2163,1,tfidf+perp,2,1,0.9974707359276713,True
4313,4313,2164,0,tfidf+perp,2,0,0.05550410244564698,True
4314,4314,2164,1,tfidf+perp,2,1,0.8628209906527097,True
4315,4315,2165,0,tfidf+perp,2,0,0.0007207745370034481,True
4316,4316,2165,1,tfidf+perp,2,1,0.9993151579541518,True
4317,4317,2166,0,tfidf+perp,2,0,0.1291819319085115,True
4318,4318,2166,1,tfidf+perp,2,1,0.9823275637127425,True
4319,4319,2167,0,tfidf+perp,2,0,0.0011832483426150076,True
4320,4320,2167,1,tfidf+perp,2,1,0.9973002526292869,True
4321,4321,2168,0,tfidf+perp,2,0,0.0014789214992417784,True
4322,4322,2168,1,tfidf+perp,2,1,0.8212069417995451,True
4323,4323,2169,0,tfidf+perp,2,0,0.003644130795003693,True
4324,4324,2169,1,tfidf+perp,2,1,0.9997218877287642,True
4325,4325,2170,0,tfidf+perp,2,0,0.0011772177406668353,True
4326,4326,2170,1,tfidf+perp,2,1,0.9981829270904347,True
4327,4327,2171,0,tfidf+perp,2,0,0.08062791941627348,True
4328,4328,2171,1,tfidf+perp,2,1,0.9987462740339444,True
4329,4329,2172,0,tfidf+perp,2,0,0.00396933822536053,True
4330,4330,2172,1,tfidf+perp,2,1,0.9885683130668256,True
4331,4331,2173,0,tfidf+perp,2,0,0.0019839731174089888,True
4332,4332,2173,1,tfidf+perp,2,1,0.8560824594897314,True
4333,4333,2174,0,tfidf+perp,2,0,0.006283983903227045,True
4334,4334,2174,1,tfidf+perp,2,1,0.9942509747517937,True
4335,4335,2175,0,tfidf+perp,2,0,0.00616434373243048,True
4336,4336,2175,1,tfidf+perp,2,1,0.9979366799954889,True
4337,4337,2176,0,tfidf+perp,2,0,0.014356185851721232,True
4338,4338,2176,1,tfidf+perp,2,1,0.9857024976693615,True
4339,4339,2177,0,tfidf+perp,2,0,0.38321033976287106,True
4340,4340,2177,1,tfidf+perp,2,1,0.9886734043535781,True
4341,4341,2178,0,tfidf+perp,2,0,0.0018960815718123002,True
4342,4342,2178,1,tfidf+perp,2,1,0.9696199084894316,True
4343,4343,2179,0,tfidf+perp,2,0,0.0021486588784588277,True
4344,4344,2179,1,tfidf+perp,2,1,0.9994053771820767,True
4345,4345,2180,0,tfidf+perp,2,0,0.012595624520966747,True
4346,4346,2180,1,tfidf+perp,2,1,0.9985315787436005,True
4347,4347,2181,0,tfidf+perp,2,0,0.008533473942322664,True
4348,4348,2181,1,tfidf+perp,2,1,0.9653435525645199,True
4349,4349,2182,0,tfidf+perp,2,0,0.01430633637537943,True
4350,4350,2182,1,tfidf+perp,2,1,0.9714026647532894,True
4351,4351,2183,0,tfidf+perp,2,1,0.6331057233671,False
4352,4352,2183,1,tfidf+perp,2,1,0.9989061848044017,True
4353,4353,2184,0,tfidf+perp,2,0,0.15258091140875715,True
4354,4354,2184,1,tfidf+perp,2,1,0.9961823828779397,True
4355,4355,2185,0,tfidf+perp,2,0,0.008568965999163633,True
4356,4356,2185,1,tfidf+perp,2,1,0.9435370960689606,True
4357,4357,2186,0,tfidf+perp,2,0,0.0063931385107872515,True
4358,4358,2186,1,tfidf+perp,2,0,0.21569945503120524,False
4359,4359,2187,0,tfidf+perp,2,0,0.0008936849718955927,True
4360,4360,2187,1,tfidf+perp,2,1,0.6689888130773369,True
4361,4361,2188,0,tfidf+perp,2,0,0.0014340990507353563,True
4362,4362,2188,1,tfidf+perp,2,1,0.9981472265464986,True
4363,4363,2189,0,tfidf+perp,2,0,0.26094451756271925,True
4364,4364,2189,1,tfidf+perp,2,1,0.9943857716140951,True
4365,4365,2190,0,tfidf+perp,2,0,0.36618650779081185,True
4366,4366,2190,1,tfidf+perp,2,1,0.9988520970690113,True
4367,4367,2191,0,tfidf+perp,2,0,0.009924619745796661,True
4368,4368,2191,1,tfidf+perp,2,1,0.9896077905986784,True
4369,4369,2192,0,tfidf+perp,2,0,0.03186989214994915,True
4370,4370,2192,1,tfidf+perp,2,1,0.9891379558666398,True
4371,4371,2193,0,tfidf+perp,2,0,0.12633834270973593,True
4372,4372,2193,1,tfidf+perp,2,1,0.9888723088122241,True
4373,4373,2194,1,tfidf+perp,2,1,0.9865261410678912,True
4374,4374,2195,0,tfidf+perp,2,0,0.007552490899113868,True
4375,4375,2195,1,tfidf+perp,2,0,0.24137180052623264,False
4376,4376,2196,0,tfidf+perp,2,0,0.0012435885190664182,True
4377,4377,2196,1,tfidf+perp,2,1,0.9946355722053138,True
4378,4378,2197,0,tfidf+perp,2,0,0.0009349315776299438,True
4379,4379,2197,1,tfidf+perp,2,1,0.7824234817399505,True
4380,4380,2198,0,tfidf+perp,2,0,0.0064268388381101185,True
4381,4381,2198,1,tfidf+perp,2,1,0.898348912761522,True
4382,4382,2199,0,tfidf+perp,2,0,0.00900248320802492,True
4383,4383,2199,1,tfidf+perp,2,1,0.9960725981620518,True
4384,4384,2200,0,tfidf+perp,2,0,0.01179681375022707,True
4385,4385,2200,1,tfidf+perp,2,1,0.9994110453297274,True
4386,4386,2201,0,tfidf+perp,2,0,0.04497085777826581,True
4387,4387,2201,1,tfidf+perp,2,1,0.9988137333445409,True
4388,4388,2202,0,tfidf+perp,2,0,0.022013133263361934,True
4389,4389,2202,1,tfidf+perp,2,1,0.9923905233621012,True
4390,4390,2203,0,tfidf+perp,2,0,0.015732903905903053,True
4391,4391,2203,1,tfidf+perp,2,1,0.9977022073105792,True
4392,4392,2204,0,tfidf+perp,2,0,0.0059214157801007125,True
4393,4393,2204,1,tfidf+perp,2,1,0.9978804388839347,True
4394,4394,2205,0,tfidf+perp,2,0,0.0007687897681734574,True
4395,4395,2205,1,tfidf+perp,2,1,0.9967588202051739,True
4396,4396,2206,0,tfidf+perp,2,0,0.0033772831757538464,True
4397,4397,2206,1,tfidf+perp,2,1,0.983417701236778,True
4398,4398,2207,0,tfidf+perp,2,0,0.04870372968026504,True
4399,4399,2207,1,tfidf+perp,2,1,0.9910235487148948,True
4400,4400,2208,0,tfidf+perp,2,0,0.003227419090748476,True
4401,4401,2208,1,tfidf+perp,2,1,0.9943402599841973,True
4402,4402,2209,0,tfidf+perp,2,0,0.0014861044642397704,True
4403,4403,2209,1,tfidf+perp,2,1,0.9873334021138293,True
4404,4404,2210,0,tfidf+perp,2,0,0.25236915744154637,True
4405,4405,2210,1,tfidf+perp,2,1,0.9845455207980417,True
4406,4406,2211,0,tfidf+perp,2,0,0.0032795877982588024,True
4407,4407,2211,1,tfidf+perp,2,1,0.9992455166932622,True
4408,4408,2212,0,tfidf+perp,2,0,0.00442045666107565,True
4409,4409,2212,1,tfidf+perp,2,1,0.7257295165486541,True
4410,4410,2213,0,tfidf+perp,2,0,0.0008961318195072116,True
4411,4411,2213,1,tfidf+perp,2,1,0.9984334026514904,True
4412,4412,2214,0,tfidf+perp,2,0,0.0016587197986012393,True
4413,4413,2214,1,tfidf+perp,2,1,0.9978877722750131,True
4414,4414,2215,0,tfidf+perp,2,0,0.16201594416857676,True
4415,4415,2215,1,tfidf+perp,2,1,0.9833557804033137,True
4416,4416,2216,0,tfidf+perp,2,0,0.07043101800798991,True
4417,4417,2216,1,tfidf+perp,2,1,0.9955213357212779,True
4418,4418,2217,0,tfidf+perp,2,0,0.00022120810819106052,True
4419,4419,2217,1,tfidf+perp,2,1,0.998111343817441,True
4420,4420,2218,0,tfidf+perp,2,0,0.05112090279176809,True
4421,4421,2218,1,tfidf+perp,2,1,0.996504598458417,True
4422,4422,2219,0,tfidf+perp,2,0,0.050830942474885975,True
4423,4423,2219,1,tfidf+perp,2,1,0.9943914304145193,True
4424,4424,2220,0,tfidf+perp,2,0,0.0035371389360902153,True
4425,4425,2220,1,tfidf+perp,2,1,0.9933998534547206,True
4426,4426,2221,0,tfidf+perp,2,0,0.0048572361025799385,True
4427,4427,2221,1,tfidf+perp,2,1,0.9935238300664099,True
4428,4428,2222,0,tfidf+perp,2,0,0.0015243919323937847,True
4429,4429,2222,1,tfidf+perp,2,1,0.9915389529972932,True
4430,4430,2223,0,tfidf+perp,2,1,0.5571378634837836,False
4431,4431,2223,1,tfidf+perp,2,1,0.994870234088952,True
4432,4432,2224,0,tfidf+perp,2,0,0.0006450763981871998,True
4433,4433,2224,1,tfidf+perp,2,1,0.9984486759402186,True
4434,4434,2225,0,tfidf+perp,2,0,0.007735542590341606,True
4435,4435,2225,1,tfidf+perp,2,1,0.9893778871971521,True
4436,4436,2226,0,tfidf+perp,2,0,0.008983935595825854,True
4437,4437,2226,1,tfidf+perp,2,1,0.9962117582875486,True
4438,4438,2227,0,tfidf+perp,2,0,0.000745368960620092,True
4439,4439,2227,1,tfidf+perp,2,1,0.9693398029668766,True
4440,4440,2228,0,tfidf+perp,2,0,0.004107227051950518,True
4441,4441,2228,1,tfidf+perp,2,1,0.9998518497144371,True
4442,4442,2229,0,tfidf+perp,2,0,0.0035226856444012648,True
4443,4443,2229,1,tfidf+perp,2,1,0.9973071230643679,True
4444,4444,2230,0,tfidf+perp,2,0,0.010202510407270974,True
4445,4445,2230,1,tfidf+perp,2,1,0.8610737020900402,True
4446,4446,2231,0,tfidf+perp,2,0,0.06956910130561457,True
4447,4447,2231,1,tfidf+perp,2,0,0.350349016912498,False
4448,4448,2232,0,tfidf+perp,2,0,0.0034341692343958273,True
4449,4449,2232,1,tfidf+perp,2,1,0.5027478497927419,True
4450,4450,2233,0,tfidf+perp,2,0,0.010042604318813706,True
4451,4451,2233,1,tfidf+perp,2,0,0.06406116747722311,False
4452,4452,2234,0,tfidf+perp,2,0,0.009072525466660819,True
4453,4453,2234,1,tfidf+perp,2,1,0.9811888595121754,True
4454,4454,2235,0,tfidf+perp,2,0,0.06333846813353333,True
4455,4455,2235,1,tfidf+perp,2,1,0.9827436214740775,True
4456,4456,2236,0,tfidf+perp,2,0,0.008279356043427753,True
4457,4457,2236,1,tfidf+perp,2,1,0.9559043956963141,True
4458,4458,2237,0,tfidf+perp,2,0,0.0003906095682584882,True
4459,4459,2237,1,tfidf+perp,2,1,0.993064126664029,True
4460,4460,2238,0,tfidf+perp,2,0,0.006088169005973666,True
4461,4461,2238,1,tfidf+perp,2,1,0.992536868787792,True
4462,4462,2239,0,tfidf+perp,2,0,0.011559143273746908,True
4463,4463,2239,1,tfidf+perp,2,1,0.9985513868077274,True
4464,4464,2240,0,tfidf+perp,2,0,0.38777268063622333,True
4465,4465,2240,1,tfidf+perp,2,1,0.9962283409979622,True
4466,4466,2241,0,tfidf+perp,2,0,0.008977715742160311,True
4467,4467,2241,1,tfidf+perp,2,1,0.9734698681059851,True
4468,4468,2242,0,tfidf+perp,2,0,0.17273921529999103,True
4469,4469,2242,1,tfidf+perp,2,1,0.9952686532409067,True
4470,4470,2243,0,tfidf+perp,2,0,0.004687542401206247,True
4471,4471,2243,1,tfidf+perp,2,1,0.765682614460224,True
4472,4472,2244,0,tfidf+perp,2,0,0.022420408626675443,True
4473,4473,2244,1,tfidf+perp,2,1,0.9996556426810375,True
4474,4474,2245,0,tfidf+perp,2,0,0.004866724378969132,True
4475,4475,2245,1,tfidf+perp,2,1,0.9978659779369167,True
4476,4476,2246,0,tfidf+perp,2,0,0.018707932110336643,True
4477,4477,2246,1,tfidf+perp,2,1,0.9813769615104649,True
4478,4478,2247,0,tfidf+perp,2,0,0.0004204886396516589,True
4479,4479,2247,1,tfidf+perp,2,1,0.943238901860311,True
4480,4480,2248,0,tfidf+perp,2,0,0.0006185030353133637,True
4481,4481,2248,1,tfidf+perp,2,1,0.8761775795293899,True
4482,4482,2249,0,tfidf+perp,2,0,0.0007421578251894064,True
4483,4483,2249,1,tfidf+perp,2,0,0.47067078156618997,False
4484,4484,2250,0,tfidf+perp,2,0,0.001419991587701401,True
4485,4485,2250,1,tfidf+perp,2,1,0.9984298814144521,True
4486,4486,2251,0,tfidf+perp,2,0,0.06171680983955705,True
4487,4487,2251,1,tfidf+perp,2,1,0.9631555156910687,True
4488,4488,2252,0,tfidf+perp,2,0,0.003374809099102997,True
4489,4489,2252,1,tfidf+perp,2,1,0.9996111810760346,True
4490,4490,2253,0,tfidf+perp,2,0,0.007893124175710356,True
4491,4491,2253,1,tfidf+perp,2,1,0.9834933435148003,True
4492,4492,2254,0,tfidf+perp,2,0,0.0024351898463469577,True
4493,4493,2254,1,tfidf+perp,2,1,0.977657185805463,True
4494,4494,2255,0,tfidf+perp,2,0,0.022024195692248196,True
4495,4495,2255,1,tfidf+perp,2,1,0.9981233930634539,True
4496,4496,2256,0,tfidf+perp,2,0,0.002193405455741043,True
4497,4497,2256,1,tfidf+perp,2,1,0.9959809176530892,True
4498,4498,2257,0,tfidf+perp,2,0,0.0011579003846954,True
4499,4499,2257,1,tfidf+perp,2,1,0.9901115624839857,True
4500,4500,2258,0,tfidf+perp,2,0,0.017169480493695134,True
4501,4501,2258,1,tfidf+perp,2,1,0.99960635181817,True
4502,4502,2259,0,tfidf+perp,2,0,0.005216237797481141,True
4503,4503,2259,1,tfidf+perp,2,1,0.9642523896877526,True
4504,4504,2260,0,tfidf+perp,2,0,0.003446155799621778,True
4505,4505,2260,1,tfidf+perp,2,1,0.9962943468299447,True
4506,4506,2261,0,tfidf+perp,2,0,0.10151948423871693,True
4507,4507,2261,1,tfidf+perp,2,1,0.9661612730621838,True
4508,4508,2262,0,tfidf+perp,2,0,0.004129459139571376,True
4509,4509,2262,1,tfidf+perp,2,1,0.9982728576182012,True
4510,4510,2263,0,tfidf+perp,2,0,0.002482301706125397,True
4511,4511,2263,1,tfidf+perp,2,1,0.9709249227607868,True
4512,4512,2264,0,tfidf+perp,2,0,0.0012589762164928056,True
4513,4513,2264,1,tfidf+perp,2,1,0.75293957979225,True
4514,4514,2265,0,tfidf+perp,2,0,0.05713457427489333,True
4515,4515,2265,1,tfidf+perp,2,1,0.9976028580085872,True
4516,4516,2266,0,tfidf+perp,2,0,0.22953854617103725,True
4517,4517,2266,1,tfidf+perp,2,1,0.9381912246338907,True
4518,4518,2267,0,tfidf+perp,2,0,0.0024663318076253906,True
4519,4519,2267,1,tfidf+perp,2,1,0.9989902147566625,True
4520,4520,2268,0,tfidf+perp,2,0,0.07690051512511396,True
4521,4521,2268,1,tfidf+perp,2,1,0.9749854763464063,True
4522,4522,2269,0,tfidf+perp,2,0,0.005610578826403031,True
4523,4523,2269,1,tfidf+perp,2,1,0.998576016349601,True
4524,4524,2270,0,tfidf+perp,2,0,0.010855192731473869,True
4525,4525,2270,1,tfidf+perp,2,1,0.9985378003542649,True
4526,4526,2271,0,tfidf+perp,2,0,0.06802634252023852,True
4527,4527,2271,1,tfidf+perp,2,1,0.9904929612398191,True
4528,4528,2272,0,tfidf+perp,2,0,0.001888642900658343,True
4529,4529,2272,1,tfidf+perp,2,1,0.9949956065590745,True
4530,4530,2273,0,tfidf+perp,2,0,0.0009364055578081115,True
4531,4531,2273,1,tfidf+perp,2,1,0.999815613361732,True
4532,4532,2274,0,tfidf+perp,2,0,0.0011496635003109472,True
4533,4533,2274,1,tfidf+perp,2,1,0.9978388404127875,True
4534,4534,2275,0,tfidf+perp,2,0,0.012397403784337116,True
4535,4535,2275,1,tfidf+perp,2,1,0.9990386425994416,True
4536,4536,2276,0,tfidf+perp,2,0,0.004240009164694093,True
4537,4537,2276,1,tfidf+perp,2,1,0.9939311771932517,True
4538,4538,2277,0,tfidf+perp,2,0,0.00023975109736111842,True
4539,4539,2277,1,tfidf+perp,2,1,0.6607195691041288,True
4540,4540,2278,0,tfidf+perp,2,0,0.03058443808816728,True
4541,4541,2278,1,tfidf+perp,2,1,0.999647070427008,True
4542,4542,2279,0,tfidf+perp,2,0,0.0027500867184903294,True
4543,4543,2279,1,tfidf+perp,2,1,0.9798626079264573,True
4544,4544,2280,0,tfidf+perp,2,0,0.025283615581358145,True
4545,4545,2280,1,tfidf+perp,2,1,0.993386128303828,True
4546,4546,2281,0,tfidf+perp,2,0,0.0019766547535010706,True
4547,4547,2281,1,tfidf+perp,2,1,0.9785164812029461,True
4548,4548,2282,0,tfidf+perp,2,0,0.49349962621749566,True
4549,4549,2282,1,tfidf+perp,2,1,0.9990347946133886,True
4550,4550,2283,0,tfidf+perp,2,0,0.0017676837167659182,True
4551,4551,2283,1,tfidf+perp,2,1,0.9954097425573437,True
4552,4552,2284,0,tfidf+perp,2,0,0.0015040068287112557,True
4553,4553,2284,1,tfidf+perp,2,1,0.9823043316073541,True
4554,4554,2285,0,tfidf+perp,2,0,0.043043770827245885,True
4555,4555,2285,1,tfidf+perp,2,1,0.9840311499127896,True
4556,4556,2286,0,tfidf+perp,2,0,0.004223899593859545,True
4557,4557,2286,1,tfidf+perp,2,1,0.9806409524928809,True
4558,4558,2287,0,tfidf+perp,2,0,0.011494514154061726,True
4559,4559,2287,1,tfidf+perp,2,1,0.9986211467043866,True
4560,4560,2288,0,tfidf+perp,2,0,0.2219513250627539,True
4561,4561,2288,1,tfidf+perp,2,1,0.9779180396821698,True
4562,4562,2289,0,tfidf+perp,2,0,0.01685304602345173,True
4563,4563,2289,1,tfidf+perp,2,1,0.963341947813722,True
4564,4564,2290,0,tfidf+perp,2,0,0.012146586733157903,True
4565,4565,2290,1,tfidf+perp,2,1,0.9923923848656864,True
4566,4566,2291,0,tfidf+perp,2,1,0.7065604369654981,False
4567,4567,2291,1,tfidf+perp,2,1,0.9940926097770699,True
4568,4568,2292,0,tfidf+perp,2,0,0.00034995504059512816,True
4569,4569,2292,1,tfidf+perp,2,1,0.9875966212416843,True
4570,4570,2293,0,tfidf+perp,2,0,0.0027008327984644554,True
4571,4571,2293,1,tfidf+perp,2,1,0.9973907802373206,True
4572,4572,2294,0,tfidf+perp,2,0,0.002017146932722617,True
4573,4573,2294,1,tfidf+perp,2,1,0.9892095499447909,True
4574,4574,2295,0,tfidf+perp,2,0,0.0009020355977810028,True
4575,4575,2295,1,tfidf+perp,2,1,0.9780814257263012,True
4576,4576,2296,0,tfidf+perp,2,0,0.04565850134338657,True
4577,4577,2296,1,tfidf+perp,2,1,0.9995019091560745,True
4578,4578,2297,0,tfidf+perp,2,0,0.14880760034998805,True
4579,4579,2297,1,tfidf+perp,2,1,0.9999668415992153,True
4580,4580,2298,0,tfidf+perp,2,0,0.004056185845763443,True
4581,4581,2298,1,tfidf+perp,2,1,0.8358195948450728,True
4582,4582,2299,0,tfidf+perp,2,0,0.0014690490244607774,True
4583,4583,2299,1,tfidf+perp,2,1,0.9993632538585462,True
4584,4584,2300,0,tfidf+perp,2,0,0.000756479691777396,True
4585,4585,2300,1,tfidf+perp,2,1,0.9977184584885477,True
4586,4586,2301,0,tfidf+perp,2,0,0.038212444520144474,True
4587,4587,2301,1,tfidf+perp,2,1,0.9963132593518436,True
4588,4588,2302,0,tfidf+perp,2,0,0.1511734054177966,True
4589,4589,2302,1,tfidf+perp,2,1,0.9889726059312179,True
4590,4590,2303,0,tfidf+perp,2,0,0.000698594723686366,True
4591,4591,2303,1,tfidf+perp,2,1,0.9844184619530296,True
4592,4592,2304,0,tfidf+perp,2,0,0.013488470293253825,True
4593,4593,2304,1,tfidf+perp,2,1,0.9994118795876971,True
4594,4594,2305,0,tfidf+perp,2,0,0.0029200289218545773,True
4595,4595,2305,1,tfidf+perp,2,1,0.9996424832977869,True
4596,4596,2306,0,tfidf+perp,2,0,0.00773621168300407,True
4597,4597,2306,1,tfidf+perp,2,1,0.8022414691919351,True
4598,4598,2307,0,tfidf+perp,2,0,0.0046591336319476056,True
4599,4599,2307,1,tfidf+perp,2,1,0.9978832500509166,True
4600,4600,2308,0,tfidf+perp,2,0,0.00018016651008042042,True
4601,4601,2308,1,tfidf+perp,2,1,0.9853505690313777,True
4602,4602,2309,0,tfidf+perp,2,0,0.05947037162094346,True
4603,4603,2309,1,tfidf+perp,2,1,0.9932656542310027,True
4604,4604,2310,0,tfidf+perp,2,0,0.00300365709700417,True
4605,4605,2310,1,tfidf+perp,2,1,0.9996763871865133,True
4606,4606,2311,0,tfidf+perp,2,0,0.0010725180932173624,True
4607,4607,2311,1,tfidf+perp,2,1,0.9978106733268057,True
4608,4608,2312,0,tfidf+perp,2,0,0.0009496758787807541,True
4609,4609,2312,1,tfidf+perp,2,1,0.9892849883211587,True
4610,4610,2313,0,tfidf+perp,2,0,0.004118553669060078,True
4611,4611,2313,1,tfidf+perp,2,1,0.994397099788447,True
4612,4612,2314,0,tfidf+perp,2,0,0.002156935248200108,True
4613,4613,2314,1,tfidf+perp,2,1,0.5835156660170063,True
4614,4614,2315,0,tfidf+perp,2,0,0.0008450982392750144,True
4615,4615,2315,1,tfidf+perp,2,1,0.6777002318464211,True
4616,4616,2316,0,tfidf+perp,2,0,0.16600238956040475,True
4617,4617,2316,1,tfidf+perp,2,1,0.9997476327887397,True
4618,4618,2317,0,tfidf+perp,2,0,0.00018701991655276502,True
4619,4619,2317,1,tfidf+perp,2,1,0.9949760441882044,True
4620,4620,2318,0,tfidf+perp,2,0,0.0875254760500123,True
4621,4621,2318,1,tfidf+perp,2,0,0.3072529095132668,False
4622,4622,2319,0,tfidf+perp,2,0,0.0016536195856521497,True
4623,4623,2319,1,tfidf+perp,2,1,0.9113109743390737,True
4624,4624,2320,0,tfidf+perp,2,0,0.0003298534665528743,True
4625,4625,2320,1,tfidf+perp,2,0,0.01423634239939889,False
4626,4626,2321,0,tfidf+perp,2,0,0.022556469838646592,True
4627,4627,2321,1,tfidf+perp,2,1,0.9996799507176806,True
4628,4628,2322,0,tfidf+perp,2,0,0.0009835715361130404,True
4629,4629,2322,1,tfidf+perp,2,1,0.9736860809301011,True
4630,4630,2323,0,tfidf+perp,2,0,0.0019647354592795263,True
4631,4631,2323,1,tfidf+perp,2,1,0.9989896796533505,True
4632,4632,2324,0,tfidf+perp,2,0,0.002784615528391341,True
4633,4633,2324,1,tfidf+perp,2,1,0.998292997285316,True
4634,4634,2325,0,tfidf+perp,2,0,0.4279740021474179,True
4635,4635,2325,1,tfidf+perp,2,1,0.9579669437082153,True
4636,4636,2326,0,tfidf+perp,2,0,0.008204784825064787,True
4637,4637,2326,1,tfidf+perp,2,1,0.9933203217265534,True
4638,4638,2327,0,tfidf+perp,2,0,0.0005561068770339685,True
4639,4639,2327,1,tfidf+perp,2,1,0.9529985967258405,True
4640,4640,2328,0,tfidf+perp,2,0,0.01015542789377183,True
4641,4641,2328,1,tfidf+perp,2,1,0.9990909189517049,True
4642,4642,2329,0,tfidf+perp,2,0,0.04398271942525295,True
4643,4643,2329,1,tfidf+perp,2,1,0.9915218237126496,True
4644,4644,2330,0,tfidf+perp,2,0,0.0013810848014404492,True
4645,4645,2330,1,tfidf+perp,2,1,0.9574041711282,True
4646,4646,2331,0,tfidf+perp,2,0,0.01067625896480064,True
4647,4647,2331,1,tfidf+perp,2,1,0.9972115988314113,True
4648,4648,2332,0,tfidf+perp,2,0,0.01121121540488317,True
4649,4649,2332,1,tfidf+perp,2,1,0.9970862715510767,True
4650,4650,2333,0,tfidf+perp,2,0,0.009755991176475203,True
4651,4651,2333,1,tfidf+perp,2,1,0.9992672179360804,True
4652,4652,2334,0,tfidf+perp,2,0,0.028797635145179412,True
4653,4653,2334,1,tfidf+perp,2,1,0.938720988361596,True
4654,4654,2335,0,tfidf+perp,2,1,0.7012905854100806,False
4655,4655,2335,1,tfidf+perp,2,1,0.9991688313856792,True
4656,4656,2336,0,tfidf+perp,2,0,0.001799751466240348,True
4657,4657,2336,1,tfidf+perp,2,1,0.9923287525908876,True
4658,4658,2337,0,tfidf+perp,2,0,0.026265839872549365,True
4659,4659,2337,1,tfidf+perp,2,1,0.9975279825736665,True
4660,4660,2338,0,tfidf+perp,2,0,0.002456622395181293,True
4661,4661,2338,1,tfidf+perp,2,1,0.9964430966440134,True
4662,4662,2339,0,tfidf+perp,2,0,0.02695639931728343,True
4663,4663,2339,1,tfidf+perp,2,1,0.9986406861989198,True
4664,4664,2340,0,tfidf+perp,2,0,0.005568776873474668,True
4665,4665,2340,1,tfidf+perp,2,1,0.9684518791450809,True
4666,4666,2341,0,tfidf+perp,2,0,0.0023558330764832255,True
4667,4667,2341,1,tfidf+perp,2,1,0.997093623100846,True
4668,4668,2342,0,tfidf+perp,2,0,0.060949222462444705,True
4669,4669,2342,1,tfidf+perp,2,1,0.9896161438778046,True
4670,4670,2343,0,tfidf+perp,2,0,0.00032643495201786717,True
4671,4671,2343,1,tfidf+perp,2,1,0.9984252285963697,True
4672,4672,2344,0,tfidf+perp,2,0,0.0021769860790281786,True
4673,4673,2344,1,tfidf+perp,2,1,0.9981923855947472,True
4674,4674,2345,0,tfidf+perp,2,1,0.8501085323573677,False
4675,4675,2345,1,tfidf+perp,2,1,0.9616448441604302,True
4676,4676,2346,0,tfidf+perp,2,0,0.008094881562370048,True
4677,4677,2346,1,tfidf+perp,2,1,0.9973179689283428,True
4678,4678,2347,0,tfidf+perp,2,0,0.00037933273545799124,True
4679,4679,2347,1,tfidf+perp,2,1,0.6054469246166005,True
4680,4680,2348,0,tfidf+perp,2,0,0.00525353993686418,True
4681,4681,2348,1,tfidf+perp,2,1,0.9771312349387894,True
4682,4682,2349,0,tfidf+perp,2,0,0.0014446392377220306,True
4683,4683,2349,1,tfidf+perp,2,1,0.9825937091598157,True
4684,4684,2350,0,tfidf+perp,2,0,0.002009656577503562,True
4685,4685,2350,1,tfidf+perp,2,1,0.9513476705179779,True
4686,4686,2351,0,tfidf+perp,2,0,0.11187485224543968,True
4687,4687,2351,1,tfidf+perp,2,1,0.9887202533712587,True
4688,4688,2352,0,tfidf+perp,2,0,0.008699753399102597,True
4689,4689,2352,1,tfidf+perp,2,1,0.9990525541919008,True
4690,4690,2353,0,tfidf+perp,2,0,0.0008675700798121594,True
4691,4691,2353,1,tfidf+perp,2,1,0.9934531443928484,True
4692,4692,2354,0,tfidf+perp,2,0,0.00107863141609549,True
4693,4693,2354,1,tfidf+perp,2,1,0.9831179497341475,True
4694,4694,2355,0,tfidf+perp,2,0,0.0007604213626258821,True
4695,4695,2355,1,tfidf+perp,2,1,0.7982225918185184,True
4696,4696,2356,0,tfidf+perp,2,0,0.0036032598637301943,True
4697,4697,2356,1,tfidf+perp,2,1,0.9854990480150073,True
4698,4698,2357,0,tfidf+perp,2,0,0.086391812999921,True
4699,4699,2357,1,tfidf+perp,2,1,0.9976202671261813,True
4700,4700,2358,0,tfidf+perp,2,0,0.20028874412453399,True
4701,4701,2358,1,tfidf+perp,2,1,0.9909618188388349,True
4702,4702,2359,0,tfidf+perp,2,0,0.0035160420092322157,True
4703,4703,2359,1,tfidf+perp,2,1,0.9974773266281525,True
4704,4704,2360,0,tfidf+perp,2,0,0.06786003896285882,True
4705,4705,2360,1,tfidf+perp,2,1,0.7199675017364885,True
4706,4706,2361,0,tfidf+perp,2,0,0.005969640511428695,True
4707,4707,2361,1,tfidf+perp,2,1,0.9689300487216869,True
4708,4708,2362,0,tfidf+perp,2,0,0.023210958785468135,True
4709,4709,2362,1,tfidf+perp,2,1,0.9897024645500448,True
4710,4710,2363,0,tfidf+perp,2,0,0.496219507163584,True
4711,4711,2363,1,tfidf+perp,2,1,0.9894540056260476,True
4712,4712,2364,0,tfidf+perp,2,0,0.22845190619492128,True
4713,4713,2364,1,tfidf+perp,2,1,0.9838342912420087,True
4714,4714,2365,0,tfidf+perp,2,0,0.030142921886508973,True
4715,4715,2365,1,tfidf+perp,2,1,0.9997701308564828,True
4716,4716,2366,0,tfidf+perp,2,1,0.82285891709723,False
4717,4717,2366,1,tfidf+perp,2,1,0.9707455090140236,True
4718,4718,2367,0,tfidf+perp,2,0,0.00705490883204696,True
4719,4719,2367,1,tfidf+perp,2,1,0.659878487394618,True
4720,4720,2368,0,tfidf+perp,2,0,0.03342289281315619,True
4721,4721,2368,1,tfidf+perp,2,1,0.9998161984654556,True
4722,4722,2369,0,tfidf+perp,2,0,0.0662302603025731,True
4723,4723,2369,1,tfidf+perp,2,1,0.9986428129470014,True
4724,4724,2370,0,tfidf+perp,2,0,0.001251632623868896,True
4725,4725,2370,1,tfidf+perp,2,1,0.9990847037998297,True
4726,4726,2371,0,tfidf+perp,2,0,0.0007578028584953025,True
4727,4727,2371,1,tfidf+perp,2,1,0.9998308685219418,True
4728,4728,2372,0,tfidf+perp,2,0,0.0022493380257233957,True
4729,4729,2372,1,tfidf+perp,2,1,0.9167951968261756,True
4730,4730,2373,0,tfidf+perp,2,0,0.03758136381911723,True
4731,4731,2373,1,tfidf+perp,2,1,0.9227057832761124,True
4732,4732,2374,0,tfidf+perp,2,0,0.025796365988638246,True
4733,4733,2374,1,tfidf+perp,2,1,0.9691174025937694,True
4734,4734,2375,0,tfidf+perp,2,0,0.002856811961910223,True
4735,4735,2375,1,tfidf+perp,2,1,0.9625128191004457,True
4736,4736,2376,0,tfidf+perp,2,0,0.12751201477225627,True
4737,4737,2376,1,tfidf+perp,2,1,0.999433722583026,True
4738,4738,2377,0,tfidf+perp,2,0,0.0010564725857548126,True
4739,4739,2377,1,tfidf+perp,2,1,0.9985857100669479,True
4740,4740,2378,0,tfidf+perp,2,0,0.01045666091645195,True
4741,4741,2378,1,tfidf+perp,2,1,0.9809392953260913,True
4742,4742,2379,0,tfidf+perp,2,1,0.6341531982169677,False
4743,4743,2379,1,tfidf+perp,2,1,0.9695993293251229,True
4744,4744,2380,0,tfidf+perp,2,0,0.0120706694777635,True
4745,4745,2380,1,tfidf+perp,2,1,0.9985187835781179,True
4746,4746,2381,0,tfidf+perp,2,0,0.0016772361679935723,True
4747,4747,2381,1,tfidf+perp,2,1,0.9980695838757179,True
4748,4748,2382,0,tfidf+perp,2,0,0.0010036719424991376,True
4749,4749,2382,1,tfidf+perp,2,1,0.9958812330999482,True
4750,4750,2383,0,tfidf+perp,2,0,0.00860494344260338,True
4751,4751,2383,1,tfidf+perp,2,1,0.9765746384850289,True
4752,4752,2384,0,tfidf+perp,2,0,0.003965509690549978,True
4753,4753,2384,1,tfidf+perp,2,1,0.9966508946718938,True
4754,4754,2385,0,tfidf+perp,2,0,0.0005571403314209992,True
4755,4755,2385,1,tfidf+perp,2,1,0.9216226614190609,True
4756,4756,2386,0,tfidf+perp,2,0,0.009346831698112977,True
4757,4757,2386,1,tfidf+perp,2,1,0.996663656878128,True
4758,4758,2387,0,tfidf+perp,2,0,0.0010497200057714572,True
4759,4759,2387,1,tfidf+perp,2,1,0.9985341362213834,True
4760,4760,2388,0,tfidf+perp,2,0,0.0013744017934643065,True
4761,4761,2388,1,tfidf+perp,2,0,0.013049441748177954,False
4762,4762,2389,0,tfidf+perp,2,0,0.0035972910593422077,True
4763,4763,2389,1,tfidf+perp,2,1,0.9976116279205112,True
4764,4764,2390,0,tfidf+perp,2,1,0.6901845923266314,False
4765,4765,2390,1,tfidf+perp,2,1,0.9963391917687535,True
4766,4766,2391,0,tfidf+perp,2,0,0.10516987059005382,True
4767,4767,2391,1,tfidf+perp,2,1,0.9993842915713539,True
4768,4768,2392,0,tfidf+perp,2,0,0.15773947538458144,True
4769,4769,2392,1,tfidf+perp,2,1,0.9354966227387196,True
4770,4770,2393,0,tfidf+perp,2,0,0.00033811039379593073,True
4771,4771,2393,1,tfidf+perp,2,1,0.8833297080796042,True
4772,4772,2394,0,tfidf+perp,2,0,0.008002707655738845,True
4773,4773,2394,1,tfidf+perp,2,1,0.9811436382159439,True
4774,4774,2395,0,tfidf+perp,2,0,0.01899084450772345,True
4775,4775,2395,1,tfidf+perp,2,1,0.970067440729908,True
4776,4776,2396,0,tfidf+perp,2,0,0.005207528384631902,True
4777,4777,2396,1,tfidf+perp,2,1,0.9990672673263244,True
4778,4778,2397,0,tfidf+perp,2,0,0.003471374478942027,True
4779,4779,2397,1,tfidf+perp,2,1,0.9929124949352858,True
4780,4780,2398,0,tfidf+perp,2,0,0.0004913232757328452,True
4781,4781,2398,1,tfidf+perp,2,1,0.9996816280720094,True
4782,4782,2399,0,tfidf+perp,2,0,0.029819933500372684,True
4783,4783,2399,1,tfidf+perp,2,1,0.5228173038014639,True
4784,4784,2400,0,tfidf+perp,2,0,0.0319937644791673,True
4785,4785,2400,1,tfidf+perp,2,1,0.9885715472378225,True
4786,4786,2401,0,tfidf+perp,2,0,0.023114925974659604,True
4787,4787,2401,1,tfidf+perp,2,1,0.9989574528605595,True
4788,4788,2402,0,tfidf+perp,2,0,0.0041298793678548025,True
4789,4789,2402,1,tfidf+perp,2,1,0.9996500154575829,True
4790,4790,2403,0,tfidf+perp,2,0,0.0013770735004954141,True
4791,4791,2403,1,tfidf+perp,2,1,0.9998011028267703,True
4792,4792,2404,0,tfidf+perp,2,0,0.014862773637312162,True
4793,4793,2404,1,tfidf+perp,2,1,0.9991818585420947,True
4794,4794,2405,0,tfidf+perp,2,0,0.016904765488429993,True
4795,4795,2405,1,tfidf+perp,2,1,0.8294541217329175,True
4796,4796,2406,0,tfidf+perp,2,0,0.006224687418038119,True
4797,4797,2406,1,tfidf+perp,2,1,0.9086367373018498,True
4798,4798,2407,0,tfidf+perp,2,0,0.008496390352813164,True
4799,4799,2407,1,tfidf+perp,2,1,0.9995771913631004,True
4800,4800,2408,0,tfidf+perp,2,0,0.002719864041343863,True
4801,4801,2408,1,tfidf+perp,2,1,0.9908207834735593,True
4802,4802,2409,0,tfidf+perp,2,0,0.018844809416352165,True
4803,4803,2409,1,tfidf+perp,2,1,0.9721563313063714,True
4804,4804,2410,0,tfidf+perp,2,1,0.8692190498558003,False
4805,4805,2410,1,tfidf+perp,2,1,0.9956661208998832,True
4806,4806,2411,0,tfidf+perp,2,0,0.19811495659752779,True
4807,4807,2411,1,tfidf+perp,2,1,0.9986201547381213,True
4808,4808,2412,0,tfidf+perp,2,0,0.0015257818652256272,True
4809,4809,2412,1,tfidf+perp,2,1,0.6784994221214954,True
4810,4810,2413,0,tfidf+perp,2,0,0.0006403453567151408,True
4811,4811,2413,1,tfidf+perp,2,1,0.9640516382721088,True
4812,4812,2414,0,tfidf+perp,2,0,0.0007908097984018733,True
4813,4813,2414,1,tfidf+perp,2,1,0.9031121708395822,True
4814,4814,2415,0,tfidf+perp,2,0,0.0007586384799782085,True
4815,4815,2415,1,tfidf+perp,2,0,0.04851575377680193,False
4816,4816,2416,0,tfidf+perp,2,0,0.04975525728560016,True
4817,4817,2416,1,tfidf+perp,2,1,0.9934798222760562,True
4818,4818,2417,0,tfidf+perp,2,0,0.0058572251378155625,True
4819,4819,2417,1,tfidf+perp,2,1,0.9991853312604316,True
4820,4820,2418,0,tfidf+perp,2,0,0.002498639086507645,True
4821,4821,2418,1,tfidf+perp,2,1,0.991955583623197,True
4822,4822,2419,0,tfidf+perp,2,0,0.03116956556407902,True
4823,4823,2419,1,tfidf+perp,2,1,0.9619579466126982,True
4824,4824,2420,0,tfidf+perp,2,0,0.01886035016549728,True
4825,4825,2420,1,tfidf+perp,2,1,0.9988756035824112,True
4826,4826,2421,0,tfidf+perp,2,0,0.016167223903637923,True
4827,4827,2421,1,tfidf+perp,2,1,0.9934983548766179,True
4828,4828,2422,0,tfidf+perp,2,0,0.004514354143387158,True
4829,4829,2422,1,tfidf+perp,2,1,0.9947754159126724,True
4830,4830,2423,0,tfidf+perp,2,0,0.000571168801743022,True
4831,4831,2423,1,tfidf+perp,2,1,0.9740262770061796,True
4832,4832,2424,0,tfidf+perp,2,0,0.007572898638355581,True
4833,4833,2424,1,tfidf+perp,2,1,0.9739572358378537,True
4834,4834,2425,0,tfidf+perp,2,0,0.001299100917705613,True
4835,4835,2425,1,tfidf+perp,2,1,0.7714235664953697,True
4836,4836,2426,0,tfidf+perp,2,0,0.06535559585146496,True
4837,4837,2426,1,tfidf+perp,2,1,0.8459039419995905,True
4838,4838,2427,1,tfidf+perp,2,1,0.990961174591009,True
4839,4839,2428,0,tfidf+perp,2,0,0.003422320546842858,True
4840,4840,2428,1,tfidf+perp,2,1,0.9994713601740204,True
4841,4841,2429,0,tfidf+perp,2,0,0.00527134115972343,True
4842,4842,2429,1,tfidf+perp,2,1,0.9973298941683282,True
4843,4843,2430,0,tfidf+perp,2,0,0.029219883955945613,True
4844,4844,2430,1,tfidf+perp,2,1,0.9951574747074541,True
4845,4845,2431,0,tfidf+perp,2,0,0.002480292355452589,True
4846,4846,2431,1,tfidf+perp,2,1,0.9335446970694297,True
4847,4847,2432,0,tfidf+perp,2,0,0.03220419433257926,True
4848,4848,2432,1,tfidf+perp,2,1,0.9948157134975751,True
4849,4849,2433,0,tfidf+perp,2,0,0.4393002647240734,True
4850,4850,2433,1,tfidf+perp,2,1,0.9956376513315861,True
4851,4851,2434,0,tfidf+perp,2,0,0.002722005397149561,True
4852,4852,2434,1,tfidf+perp,2,1,0.5757295980607603,True
4853,4853,2435,0,tfidf+perp,2,0,0.0035313489627125673,True
4854,4854,2435,1,tfidf+perp,2,1,0.982070131524025,True
4855,4855,2436,0,tfidf+perp,2,0,0.0023657152250296074,True
4856,4856,2436,1,tfidf+perp,2,1,0.9890867227370834,True
4857,4857,2437,0,tfidf+perp,2,0,0.0003356689593479048,True
4858,4858,2437,1,tfidf+perp,2,1,0.910904808099025,True
4859,4859,2438,0,tfidf+perp,2,0,0.4347794495388935,True
4860,4860,2438,1,tfidf+perp,2,1,0.9522529949357291,True
4861,4861,2439,0,tfidf+perp,2,0,0.007237710350241512,True
4862,4862,2439,1,tfidf+perp,2,1,0.9993913327818473,True
4863,4863,2440,0,tfidf+perp,2,0,0.057938185722695885,True
4864,4864,2440,1,tfidf+perp,2,1,0.9573480995270301,True
4865,4865,2441,0,tfidf+perp,2,0,0.015582346021110083,True
4866,4866,2441,1,tfidf+perp,2,1,0.9953830223845017,True
4867,4867,2442,0,tfidf+perp,2,0,0.0013076465401085106,True
4868,4868,2442,1,tfidf+perp,2,1,0.9810258855079762,True
4869,4869,2443,0,tfidf+perp,2,0,0.34606586380623017,True
4870,4870,2443,1,tfidf+perp,2,1,0.9972137974479305,True
4871,4871,2444,0,tfidf+perp,2,1,0.6762978509665433,False
4872,4872,2444,1,tfidf+perp,2,1,0.9967921048363517,True
4873,4873,2445,0,tfidf+perp,2,0,0.12077448206124022,True
4874,4874,2445,1,tfidf+perp,2,1,0.9992961215804171,True
4875,4875,2446,0,tfidf+perp,2,0,0.0003888960707319909,True
4876,4876,2446,1,tfidf+perp,2,1,0.9959672437190363,True
4877,4877,2447,0,tfidf+perp,2,0,0.0062512734920555525,True
4878,4878,2447,1,tfidf+perp,2,1,0.9990571680607593,True
4879,4879,2448,0,tfidf+perp,2,0,0.01240289417743994,True
4880,4880,2448,1,tfidf+perp,2,1,0.9912689715338573,True
4881,4881,2449,0,tfidf+perp,2,0,0.0014499829404009347,True
4882,4882,2449,1,tfidf+perp,2,1,0.9326894664851644,True
4883,4883,2450,0,tfidf+perp,2,0,0.004610470699488331,True
4884,4884,2450,1,tfidf+perp,2,1,0.9563560516416334,True
4885,4885,2451,0,tfidf+perp,2,0,0.4474519040076698,True
4886,4886,2451,1,tfidf+perp,2,1,0.9480482599110914,True
4887,4887,2452,0,tfidf+perp,2,0,0.03691214565937075,True
4888,4888,2452,1,tfidf+perp,2,1,0.9957839675123413,True
4889,4889,2453,0,tfidf+perp,2,0,0.2878611346891491,True
4890,4890,2453,1,tfidf+perp,2,1,0.9991163323923649,True
4891,4891,2454,0,tfidf+perp,2,0,0.0012230368812621514,True
4892,4892,2454,1,tfidf+perp,2,1,0.9892530123117184,True
4893,4893,2455,1,tfidf+perp,2,1,0.9846987422524686,True
4894,4894,2456,0,tfidf+perp,2,0,0.0015996672138538452,True
4895,4895,2456,1,tfidf+perp,2,1,0.9451221021398868,True
4896,4896,2457,0,tfidf+perp,2,0,0.0086581718083645,True
4897,4897,2457,1,tfidf+perp,2,1,0.9704602843511696,True
4898,4898,2458,0,tfidf+perp,2,0,0.009475318412121245,True
4899,4899,2458,1,tfidf+perp,2,1,0.997692669385261,True
4900,4900,2459,0,tfidf+perp,2,0,0.05195276565435697,True
4901,4901,2459,1,tfidf+perp,2,1,0.9993173726415076,True
4902,4902,2460,0,tfidf+perp,2,0,0.0033456065950945957,True
4903,4903,2460,1,tfidf+perp,2,1,0.9840575148364973,True
4904,4904,2461,0,tfidf+perp,2,0,0.006750995820973111,True
4905,4905,2461,1,tfidf+perp,2,1,0.9994793567057659,True
4906,4906,2462,0,tfidf+perp,2,0,0.010513438133631094,True
4907,4907,2462,1,tfidf+perp,2,1,0.9936000502509368,True
4908,4908,2463,0,tfidf+perp,2,0,0.0033121168663820645,True
4909,4909,2463,1,tfidf+perp,2,1,0.7354406369874202,True
4910,4910,2464,0,tfidf+perp,2,0,0.2862658808647456,True
4911,4911,2464,1,tfidf+perp,2,1,0.997909813872919,True
4912,4912,2465,0,tfidf+perp,2,0,0.014613743379555294,True
4913,4913,2465,1,tfidf+perp,2,1,0.9853261868822112,True
4914,4914,2466,0,tfidf+perp,2,0,0.0037241335024604492,True
4915,4915,2466,1,tfidf+perp,2,1,0.8431557694678454,True
4916,4916,2467,0,tfidf+perp,2,0,0.0006208101020698504,True
4917,4917,2467,1,tfidf+perp,2,1,0.9934773737746498,True
4918,4918,2468,0,tfidf+perp,2,0,0.09530305098660356,True
4919,4919,2468,1,tfidf+perp,2,1,0.9972455207098374,True
4920,4920,2469,0,tfidf+perp,2,0,0.0014308910786250903,True
4921,4921,2469,1,tfidf+perp,2,1,0.9939962351308547,True
4922,4922,2470,0,tfidf+perp,2,0,0.22221686158747347,True
4923,4923,2470,1,tfidf+perp,2,1,0.9759407448253414,True
4924,4924,2471,0,tfidf+perp,2,0,0.005255154441365559,True
4925,4925,2471,1,tfidf+perp,2,1,0.9995658512632509,True
4926,4926,2472,0,tfidf+perp,2,0,0.0007848007796674675,True
4927,4927,2472,1,tfidf+perp,2,1,0.9810488394581856,True
4928,4928,2473,0,tfidf+perp,2,0,0.00611150986334062,True
4929,4929,2473,1,tfidf+perp,2,1,0.9275766565736598,True
4930,4930,2474,0,tfidf+perp,2,0,0.06752808395655013,True
4931,4931,2474,1,tfidf+perp,2,0,0.07236338853886835,False
4932,4932,2475,0,tfidf+perp,2,0,0.0007096147409346999,True
4933,4933,2475,1,tfidf+perp,2,1,0.994499344641372,True
4934,4934,2476,0,tfidf+perp,2,0,0.002866787977457986,True
4935,4935,2476,1,tfidf+perp,2,1,0.9984422769512888,True
4936,4936,2477,0,tfidf+perp,2,0,0.0020508082258327504,True
4937,4937,2477,1,tfidf+perp,2,1,0.9979322009460175,True
4938,4938,2478,0,tfidf+perp,2,1,0.5132846014725506,False
4939,4939,2478,1,tfidf+perp,2,1,0.9959479918547476,True
4940,4940,2479,0,tfidf+perp,2,0,0.0021340687343976636,True
4941,4941,2479,1,tfidf+perp,2,1,0.9569658551993135,True
4942,4942,2480,0,tfidf+perp,2,0,0.0010094282978709594,True
4943,4943,2480,1,tfidf+perp,2,1,0.9927304066848044,True
4944,4944,2481,0,tfidf+perp,2,0,0.0030634872724725495,True
4945,4945,2481,1,tfidf+perp,2,1,0.9275473724188,True
4946,4946,2482,0,tfidf+perp,2,0,0.010993574044398147,True
4947,4947,2482,1,tfidf+perp,2,1,0.9977674860910238,True
4948,4948,2483,0,tfidf+perp,2,0,0.19623755593462552,True
4949,4949,2483,1,tfidf+perp,2,1,0.9949556884844393,True
4950,4950,2484,0,tfidf+perp,2,0,0.004252519734230232,True
4951,4951,2484,1,tfidf+perp,2,1,0.9639102153914902,True
4952,4952,2485,0,tfidf+perp,2,0,0.0056256708273307145,True
4953,4953,2485,1,tfidf+perp,2,1,0.9972733808514912,True
4954,4954,2486,0,tfidf+perp,2,0,0.13992428324296052,True
4955,4955,2486,1,tfidf+perp,2,1,0.9708101227953557,True
4956,4956,2487,0,tfidf+perp,2,0,0.04142646955936057,True
4957,4957,2487,1,tfidf+perp,2,1,0.9908066214097154,True
4958,4958,2488,0,tfidf+perp,2,0,0.0056587581795918334,True
4959,4959,2488,1,tfidf+perp,2,1,0.9518497863956572,True
4960,4960,2489,0,tfidf+perp,2,0,0.0005936376851318915,True
4961,4961,2489,1,tfidf+perp,2,1,0.9966744390906003,True
4962,4962,2490,0,tfidf+perp,2,0,0.0004959036536193801,True
4963,4963,2490,1,tfidf+perp,2,1,0.9971903146224529,True
4964,4964,2491,0,tfidf+perp,2,0,0.010838264448024918,True
4965,4965,2491,1,tfidf+perp,2,1,0.968529399628077,True
4966,4966,2492,0,tfidf+perp,2,0,0.024392579594506487,True
4967,4967,2492,1,tfidf+perp,2,1,0.9898201849245299,True
4968,4968,2493,0,tfidf+perp,2,0,0.007905337803447017,True
4969,4969,2493,1,tfidf+perp,2,1,0.999833142941666,True
4970,4970,2494,0,tfidf+perp,2,0,0.025935231969841165,True
4971,4971,2494,1,tfidf+perp,2,1,0.9948230055647822,True
4972,4972,2495,0,tfidf+perp,2,0,0.014029582823092898,True
4973,4973,2495,1,tfidf+perp,2,1,0.9976422254242444,True
4974,4974,2496,0,tfidf+perp,2,0,0.007589665677708096,True
4975,4975,2496,1,tfidf+perp,2,1,0.9979080523295167,True
4976,4976,2497,0,tfidf+perp,2,0,0.10463360486269885,True
4977,4977,2497,1,tfidf+perp,2,1,0.9940018194631505,True
4978,4978,2498,0,tfidf+perp,2,0,0.012819386617869806,True
4979,4979,2498,1,tfidf+perp,2,1,0.987341903227525,True
4980,4980,2499,0,tfidf+perp,2,0,0.006421600394664949,True
4981,4981,2499,1,tfidf+perp,2,1,0.9843585687225371,True
4982,4982,2500,0,tfidf+perp,2,0,0.25605005834648975,True
4983,4983,2500,1,tfidf+perp,2,1,0.9909715929402131,True
4984,4984,2501,0,tfidf+perp,2,0,0.020331883726612418,True
4985,4985,2501,1,tfidf+perp,2,1,0.9983776871457494,True
4986,4986,2502,0,tfidf+perp,2,0,0.001772894020966408,True
4987,4987,2502,1,tfidf+perp,2,1,0.8565028125668908,True
4988,4988,2503,0,tfidf+perp,2,0,0.0011608286903534043,True
4989,4989,2503,1,tfidf+perp,2,1,0.9995503707622969,True
4990,4990,2504,0,tfidf+perp,2,0,0.0065620960565416775,True
4991,4991,2504,1,tfidf+perp,2,1,0.9339320582122913,True
4992,4992,2505,0,tfidf+perp,2,0,0.0032449851209058363,True
4993,4993,2505,1,tfidf+perp,2,1,0.9995115520666522,True
4994,4994,2506,0,tfidf+perp,2,0,0.00462202125612083,True
4995,4995,2506,1,tfidf+perp,2,1,0.9990857874481203,True
4996,4996,2507,0,tfidf+perp,2,0,0.004279186454548157,True
4997,4997,2507,1,tfidf+perp,2,1,0.8901144924654939,True
4998,4998,2508,0,tfidf+perp,2,0,0.0006461090683870689,True
4999,4999,2508,1,tfidf+perp,2,1,0.9998082632586978,True
5000,5000,2509,0,tfidf+perp,2,0,0.003002916363151788,True
5001,5001,2509,1,tfidf+perp,2,1,0.6940113551183219,True
5002,5002,2510,0,tfidf+perp,2,0,0.02116758447370229,True
5003,5003,2510,1,tfidf+perp,2,1,0.9919865013293532,True
5004,5004,2511,0,tfidf+perp,2,0,0.0041086739174727134,True
5005,5005,2511,1,tfidf+perp,2,1,0.985327303313169,True
5006,5006,2512,0,tfidf+perp,2,0,0.02517805950289021,True
5007,5007,2512,1,tfidf+perp,2,1,0.998689142653063,True
5008,5008,2513,0,tfidf+perp,2,0,0.0028672038251929275,True
5009,5009,2513,1,tfidf+perp,2,1,0.9879590024275515,True
5010,5010,2514,0,tfidf+perp,2,0,0.005045158034165043,True
5011,5011,2514,1,tfidf+perp,2,1,0.9999402282485014,True
5012,5012,2515,0,tfidf+perp,2,0,0.0014063563516525895,True
5013,5013,2515,1,tfidf+perp,2,1,0.7060683666272207,True
5014,5014,2516,0,tfidf+perp,2,0,0.00888533094618869,True
5015,5015,2516,1,tfidf+perp,2,1,0.9983089373280057,True
5016,5016,2517,0,tfidf+perp,2,0,0.00025555513167517275,True
5017,5017,2517,1,tfidf+perp,2,1,0.9122309533762762,True
5018,5018,2518,1,tfidf+perp,2,1,0.9987553771450551,True
5019,5019,2519,0,tfidf+perp,2,0,0.003669586421642049,True
5020,5020,2519,1,tfidf+perp,2,1,0.9985652119670336,True
5021,5021,2520,0,tfidf+perp,2,0,0.0008412182069094348,True
5022,5022,2520,1,tfidf+perp,2,1,0.99768812713446,True
5023,5023,2521,0,tfidf+perp,2,0,0.02335024088734513,True
5024,5024,2521,1,tfidf+perp,2,1,0.9992675435995709,True
5025,5025,2522,0,tfidf+perp,2,1,0.806092908975363,False
5026,5026,2522,1,tfidf+perp,2,1,0.9930212842176578,True
5027,5027,2523,0,tfidf+perp,2,0,0.010388614904794976,True
5028,5028,2523,1,tfidf+perp,2,1,0.9995242729529402,True
5029,5029,2524,0,tfidf+perp,2,0,0.0008169098326270683,True
5030,5030,2524,1,tfidf+perp,2,1,0.9355601779098092,True
5031,5031,2525,0,tfidf+perp,2,0,0.000963634697432308,True
5032,5032,2525,1,tfidf+perp,2,1,0.9670099295608107,True
5033,5033,2526,0,tfidf+perp,2,0,0.0005954981850857044,True
5034,5034,2526,1,tfidf+perp,2,1,0.9788628931973982,True
5035,5035,2527,0,tfidf+perp,2,0,0.014287970808004842,True
5036,5036,2527,1,tfidf+perp,2,1,0.8233883866062925,True
5037,5037,2528,0,tfidf+perp,2,0,0.10585074907569483,True
5038,5038,2528,1,tfidf+perp,2,1,0.9939211951986494,True
5039,5039,2529,0,tfidf+perp,2,0,0.000845605572803712,True
5040,5040,2529,1,tfidf+perp,2,1,0.9980581464873536,True
5041,5041,2530,0,tfidf+perp,2,0,0.24731121734494055,True
5042,5042,2530,1,tfidf+perp,2,1,0.9994260414734326,True
5043,5043,2531,0,tfidf+perp,2,0,0.00759687378494221,True
5044,5044,2531,1,tfidf+perp,2,1,0.9962195044028943,True
5045,5045,2532,0,tfidf+perp,2,0,0.0014954352567765285,True
5046,5046,2532,1,tfidf+perp,2,1,0.9997170993222292,True
5047,5047,2533,0,tfidf+perp,2,0,0.0012847586131420276,True
5048,5048,2533,1,tfidf+perp,2,1,0.977158069699518,True
5049,5049,2534,0,tfidf+perp,2,0,0.04293436354036164,True
5050,5050,2534,1,tfidf+perp,2,1,0.9981352522412479,True
5051,5051,2535,0,tfidf+perp,2,0,0.001640630427835517,True
5052,5052,2535,1,tfidf+perp,2,1,0.9917340077842559,True
5053,5053,2536,0,tfidf+perp,2,1,0.8790556848046879,False
5054,5054,2536,1,tfidf+perp,2,1,0.9709773417308584,True
5055,5055,2537,0,tfidf+perp,2,0,0.06486236736338427,True
5056,5056,2537,1,tfidf+perp,2,1,0.9994997873327108,True
5057,5057,2538,0,tfidf+perp,2,0,0.001005645011588261,True
5058,5058,2538,1,tfidf+perp,2,1,0.94314666169752,True
5059,5059,2539,0,tfidf+perp,2,0,0.008520612304041632,True
5060,5060,2539,1,tfidf+perp,2,1,0.9998547465213897,True
5061,5061,2540,0,tfidf+perp,2,0,0.3616771038399447,True
5062,5062,2540,1,tfidf+perp,2,1,0.9961762452448253,True
5063,5063,2541,0,tfidf+perp,2,0,0.006635048559194009,True
5064,5064,2541,1,tfidf+perp,2,1,0.7810747409974982,True
5065,5065,2542,0,tfidf+perp,2,0,0.12261313523570468,True
5066,5066,2542,1,tfidf+perp,2,1,0.9965212598506723,True
5067,5067,2543,0,tfidf+perp,2,0,0.0032174296928876114,True
5068,5068,2543,1,tfidf+perp,2,1,0.8928294043490007,True
5069,5069,2544,0,tfidf+perp,2,0,0.025329453464118027,True
5070,5070,2544,1,tfidf+perp,2,1,0.9770798303127967,True
5071,5071,2545,0,tfidf+perp,2,0,0.0014758647355796128,True
5072,5072,2545,1,tfidf+perp,2,1,0.9993474135359879,True
5073,5073,2546,0,tfidf+perp,2,0,0.012145752029869164,True
5074,5074,2546,1,tfidf+perp,2,1,0.9991030969762007,True
5075,5075,2547,0,tfidf+perp,2,0,0.0025196766069239766,True
5076,5076,2547,1,tfidf+perp,2,1,0.9880966967120246,True
5077,5077,2548,0,tfidf+perp,2,1,0.7893103943495825,False
5078,5078,2548,1,tfidf+perp,2,1,0.998017401644355,True
5079,5079,2549,0,tfidf+perp,2,0,0.0007506244024030332,True
5080,5080,2549,1,tfidf+perp,2,1,0.993966655888575,True
5081,5081,2550,0,tfidf+perp,2,0,0.024238616543317895,True
5082,5082,2550,1,tfidf+perp,2,1,0.9995002150620083,True
5083,5083,2551,0,tfidf+perp,2,0,0.000782806217249733,True
5084,5084,2551,1,tfidf+perp,2,1,0.9996138687899202,True
5085,5085,2552,0,tfidf+perp,2,0,0.016883808802786858,True
5086,5086,2552,1,tfidf+perp,2,1,0.9948426935582321,True
5087,5087,2553,0,tfidf+perp,2,0,0.004273922557752975,True
5088,5088,2553,1,tfidf+perp,2,1,0.998468904194584,True
5089,5089,2554,0,tfidf+perp,2,0,0.0005093495334695047,True
5090,5090,2554,1,tfidf+perp,2,1,0.7964345657522569,True
5091,5091,2555,0,tfidf+perp,2,0,0.001975737214116522,True
5092,5092,2555,1,tfidf+perp,2,1,0.9981311248004159,True
5093,5093,2556,0,tfidf+perp,2,0,0.47782547053363056,True
5094,5094,2556,1,tfidf+perp,2,1,0.9994823260237058,True
5095,5095,2557,0,tfidf+perp,2,0,0.0006671881562098452,True
5096,5096,2557,1,tfidf+perp,2,1,0.9878907896528427,True
5097,5097,2558,0,tfidf+perp,2,0,0.006163622297704442,True
5098,5098,2558,1,tfidf+perp,2,1,0.802466558666183,True
5099,5099,2559,0,tfidf+perp,2,0,0.008553646241841292,True
5100,5100,2559,1,tfidf+perp,2,1,0.9991903714537033,True
5101,5101,2560,0,tfidf+perp,2,0,0.015348488772845517,True
5102,5102,2560,1,tfidf+perp,2,1,0.9997849889636012,True
5103,5103,2561,0,tfidf+perp,2,0,0.007661445519240326,True
5104,5104,2561,1,tfidf+perp,2,1,0.9939873425262072,True
5105,5105,2562,0,tfidf+perp,2,0,0.00387652195389293,True
5106,5106,2562,1,tfidf+perp,2,1,0.9981910640469768,True
5107,5107,2563,0,tfidf+perp,2,0,0.01205134841020296,True
5108,5108,2563,1,tfidf+perp,2,1,0.9905135033480602,True
5109,5109,2564,0,tfidf+perp,2,0,0.02618612457917041,True
5110,5110,2564,1,tfidf+perp,2,1,0.9983824801006649,True
5111,5111,2565,0,tfidf+perp,2,1,0.8286527345679605,False
5112,5112,2565,1,tfidf+perp,2,1,0.9959606691367556,True
5113,5113,2566,0,tfidf+perp,2,0,0.0467151470618977,True
5114,5114,2566,1,tfidf+perp,2,1,0.9814155324492368,True
5115,5115,2567,0,tfidf+perp,2,0,0.0007953152767214253,True
5116,5116,2567,1,tfidf+perp,2,1,0.9971896067170732,True
5117,5117,2568,0,tfidf+perp,2,0,0.005974980760384489,True
5118,5118,2568,1,tfidf+perp,2,0,0.05222518852518124,False
5119,5119,2569,0,tfidf+perp,2,0,0.0008298299794755501,True
5120,5120,2569,1,tfidf+perp,2,1,0.9526420596686788,True
5121,5121,2570,0,tfidf+perp,2,0,0.33224094465228415,True
5122,5122,2570,1,tfidf+perp,2,1,0.9989018200395238,True
5123,5123,2571,0,tfidf+perp,2,0,0.16911601061970297,True
5124,5124,2571,1,tfidf+perp,2,1,0.9988624338028748,True
5125,5125,2572,0,tfidf+perp,2,0,0.0003992476180965117,True
5126,5126,2572,1,tfidf+perp,2,0,0.1036111319853953,False
5127,5127,2573,0,tfidf+perp,2,0,0.0013293718295427246,True
5128,5128,2573,1,tfidf+perp,2,1,0.9876229175715177,True
5129,5129,2574,0,tfidf+perp,2,0,0.0006665302115964359,True
5130,5130,2574,1,tfidf+perp,2,1,0.8379785414087118,True
5131,5131,2575,0,tfidf+perp,2,0,0.009759797484506883,True
5132,5132,2575,1,tfidf+perp,2,1,0.9991409922218577,True
5133,5133,2576,0,tfidf+perp,2,0,0.00018850166511191944,True
5134,5134,2576,1,tfidf+perp,2,1,0.9548536671375764,True
5135,5135,2577,0,tfidf+perp,2,0,0.0021709381793979477,True
5136,5136,2577,1,tfidf+perp,2,1,0.9914900950737938,True
5137,5137,2578,0,tfidf+perp,2,0,0.02460570703851297,True
5138,5138,2578,1,tfidf+perp,2,1,0.7581536307613513,True
5139,5139,2579,0,tfidf+perp,2,0,0.030924530208672182,True
5140,5140,2579,1,tfidf+perp,2,1,0.9604012436585895,True
5141,5141,2580,0,tfidf+perp,2,0,0.009838023145416399,True
5142,5142,2580,1,tfidf+perp,2,1,0.8913651740164833,True
5143,5143,2581,0,tfidf+perp,2,0,0.0007207775511326719,True
5144,5144,2581,1,tfidf+perp,2,1,0.9414778255464525,True
5145,5145,2582,0,tfidf+perp,2,0,0.008728733436753469,True
5146,5146,2582,1,tfidf+perp,2,1,0.9924672607326165,True
5147,5147,2583,0,tfidf+perp,2,0,0.0008555361335164758,True
5148,5148,2583,1,tfidf+perp,2,1,0.9881340186256425,True
5149,5149,2584,0,tfidf+perp,2,0,0.005526166838748086,True
5150,5150,2584,1,tfidf+perp,2,1,0.7745509241941734,True
5151,5151,2585,0,tfidf+perp,2,0,0.0677308448448045,True
5152,5152,2585,1,tfidf+perp,2,1,0.998272691625606,True
5153,5153,2586,0,tfidf+perp,2,0,0.002417457186923674,True
5154,5154,2586,1,tfidf+perp,2,1,0.9950125172305608,True
5155,5155,2587,0,tfidf+perp,2,0,0.003336916192466796,True
5156,5156,2587,1,tfidf+perp,2,1,0.9920436904014074,True
5157,5157,2588,0,tfidf+perp,2,0,0.0004874441494247864,True
5158,5158,2588,1,tfidf+perp,2,1,0.9985900949413341,True
5159,5159,2589,0,tfidf+perp,2,0,0.014398493898580257,True
5160,5160,2589,1,tfidf+perp,2,1,0.9973575414215813,True
5161,5161,2590,0,tfidf+perp,2,0,0.0065334616046196356,True
5162,5162,2590,1,tfidf+perp,2,1,0.9980490180295549,True
5163,5163,2591,0,tfidf+perp,2,0,0.006793966214731269,True
5164,5164,2591,1,tfidf+perp,2,1,0.9691918950057592,True
5165,5165,2592,0,tfidf+perp,2,0,0.0037233668634799135,True
5166,5166,2592,1,tfidf+perp,2,1,0.9852974700110887,True
5167,5167,2593,0,tfidf+perp,2,0,0.023315525631276483,True
5168,5168,2593,1,tfidf+perp,2,1,0.9943484587244014,True
5169,5169,2594,0,tfidf+perp,2,0,0.009944457141129502,True
5170,5170,2594,1,tfidf+perp,2,1,0.9983095358697897,True
5171,5171,2595,0,tfidf+perp,2,0,0.008146390776246048,True
5172,5172,2595,1,tfidf+perp,2,1,0.999399146624255,True
5173,5173,2596,0,tfidf+perp,2,0,0.0030279493696681523,True
5174,5174,2596,1,tfidf+perp,2,1,0.9954242058258166,True
5175,5175,2597,0,tfidf+perp,2,0,0.006475357440463966,True
5176,5176,2597,1,tfidf+perp,2,1,0.9969846571646935,True
5177,5177,2598,0,tfidf+perp,2,0,0.011745341941443041,True
5178,5178,2598,1,tfidf+perp,2,1,0.9993961229609423,True
5179,5179,2599,0,tfidf+perp,2,0,0.001699781399598896,True
5180,5180,2599,1,tfidf+perp,2,1,0.9820584677434002,True
5181,5181,2600,0,tfidf+perp,2,0,0.0004754817816895614,True
5182,5182,2600,1,tfidf+perp,2,1,0.8861099973669343,True
5183,5183,2601,0,tfidf+perp,2,0,0.004385144987369964,True
5184,5184,2601,1,tfidf+perp,2,1,0.9994634279697339,True
5185,5185,2602,0,tfidf+perp,2,0,0.36751782695941887,True
5186,5186,2602,1,tfidf+perp,2,1,0.9791188319906646,True
5187,5187,2603,0,tfidf+perp,2,0,0.005494444778347259,True
5188,5188,2603,1,tfidf+perp,2,1,0.8152016963325037,True
5189,5189,2604,0,tfidf+perp,2,0,0.16083182666480977,True
5190,5190,2604,1,tfidf+perp,2,1,0.9937649652470107,True
5191,5191,2605,0,tfidf+perp,2,0,0.0021588846281669675,True
5192,5192,2605,1,tfidf+perp,2,1,0.9678661921910017,True
5193,5193,2606,0,tfidf+perp,2,0,0.010606159586712809,True
5194,5194,2606,1,tfidf+perp,2,1,0.999468611729519,True
5195,5195,2607,0,tfidf+perp,2,0,0.03182836566605202,True
5196,5196,2607,1,tfidf+perp,2,1,0.9973188522545838,True
5197,5197,2608,0,tfidf+perp,2,0,0.0014248121440555833,True
5198,5198,2608,1,tfidf+perp,2,1,0.9781135311328207,True
5199,5199,2609,0,tfidf+perp,2,0,0.0258000927333186,True
5200,5200,2609,1,tfidf+perp,2,1,0.9981869786015637,True
5201,5201,2610,0,tfidf+perp,2,1,0.8707696803279731,False
5202,5202,2610,1,tfidf+perp,2,1,0.998503844056851,True
5203,5203,2611,0,tfidf+perp,2,0,0.004113874977663463,True
5204,5204,2611,1,tfidf+perp,2,1,0.9916702236118231,True
5205,5205,2612,0,tfidf+perp,2,0,0.003409316077125109,True
5206,5206,2612,1,tfidf+perp,2,1,0.9957701290136501,True
5207,5207,2613,0,tfidf+perp,2,0,0.009054289680119267,True
5208,5208,2613,1,tfidf+perp,2,1,0.9982860139926082,True
5209,5209,2614,1,tfidf+perp,2,1,0.9607574095951451,True
5210,5210,2615,0,tfidf+perp,2,0,0.03887506925261642,True
5211,5211,2615,1,tfidf+perp,2,1,0.9987019210357085,True
5212,5212,2616,0,tfidf+perp,2,0,0.00022368658365894004,True
5213,5213,2616,1,tfidf+perp,2,1,0.9996806899164838,True
5214,5214,2617,0,tfidf+perp,2,0,0.1960907620405164,True
5215,5215,2617,1,tfidf+perp,2,1,0.9472388195597774,True
5216,5216,2618,0,tfidf+perp,2,0,0.000757178790427952,True
5217,5217,2618,1,tfidf+perp,2,1,0.9991434652217305,True
5218,5218,2619,0,tfidf+perp,2,0,0.019368199741076144,True
5219,5219,2619,1,tfidf+perp,2,1,0.9820686418370084,True
5220,5220,2620,0,tfidf+perp,2,0,0.0746520908726926,True
5221,5221,2620,1,tfidf+perp,2,1,0.9947682475163094,True
5222,5222,2621,0,tfidf+perp,2,0,0.11658368526620465,True
5223,5223,2621,1,tfidf+perp,2,1,0.9734832535207136,True
5224,5224,2622,0,tfidf+perp,2,0,0.0015978724618329555,True
5225,5225,2622,1,tfidf+perp,2,1,0.9983995745568673,True
5226,5226,2623,0,tfidf+perp,2,0,0.0020534979846612254,True
5227,5227,2623,1,tfidf+perp,2,1,0.9963541906543814,True
5228,5228,2624,0,tfidf+perp,2,0,0.008579833463922317,True
5229,5229,2624,1,tfidf+perp,2,0,0.45755973812134293,False
5230,5230,2625,0,tfidf+perp,2,0,0.0057627855659312475,True
5231,5231,2625,1,tfidf+perp,2,1,0.8526987595120386,True
5232,5232,2626,0,tfidf+perp,2,0,0.006869121477373319,True
5233,5233,2626,1,tfidf+perp,2,1,0.9985169526884572,True
5234,5234,2627,0,tfidf+perp,2,0,0.1780177402961145,True
5235,5235,2627,1,tfidf+perp,2,1,0.99492191332356,True
5236,5236,2628,0,tfidf+perp,2,0,0.11631993609383215,True
5237,5237,2628,1,tfidf+perp,2,1,0.9988775912829498,True
5238,5238,2629,0,tfidf+perp,2,0,0.0013665393522524847,True
5239,5239,2629,1,tfidf+perp,2,1,0.7522319429619693,True
5240,5240,2630,0,tfidf+perp,2,0,0.015309424005860705,True
5241,5241,2630,1,tfidf+perp,2,1,0.998678402342677,True
5242,5242,2631,0,tfidf+perp,2,0,0.004362403538699377,True
5243,5243,2631,1,tfidf+perp,2,1,0.9959840188529288,True
5244,5244,2632,0,tfidf+perp,2,0,0.138118439488784,True
5245,5245,2632,1,tfidf+perp,2,1,0.9996482595488959,True
5246,5246,2633,0,tfidf+perp,2,0,0.004543024118337338,True
5247,5247,2633,1,tfidf+perp,2,1,0.9287411386616048,True
5248,5248,2634,0,tfidf+perp,2,0,0.0007774498440401256,True
5249,5249,2634,1,tfidf+perp,2,1,0.9925707717089018,True
5250,5250,2635,0,tfidf+perp,2,0,0.0037761995103607364,True
5251,5251,2635,1,tfidf+perp,2,1,0.9305290464382273,True
5252,5252,2636,0,tfidf+perp,2,0,0.017786738592933563,True
5253,5253,2636,1,tfidf+perp,2,1,0.9886535916929048,True
5254,5254,2637,0,tfidf+perp,2,0,0.049252234838346766,True
5255,5255,2637,1,tfidf+perp,2,1,0.9998921886272094,True
5256,5256,2638,0,tfidf+perp,2,0,0.0013632475041235094,True
5257,5257,2638,1,tfidf+perp,2,1,0.9990373103552093,True
5258,5258,2639,0,tfidf+perp,2,0,0.0018934580616141766,True
5259,5259,2639,1,tfidf+perp,2,1,0.9969651138824852,True
5260,5260,2640,0,tfidf+perp,2,0,0.39174453052094727,True
5261,5261,2640,1,tfidf+perp,2,1,0.9940514253602681,True
5262,5262,2641,0,tfidf+perp,2,0,0.0018897010238049159,True
5263,5263,2641,1,tfidf+perp,2,1,0.9986132513428609,True
5264,5264,2642,0,tfidf+perp,2,0,0.011957180524902458,True
5265,5265,2642,1,tfidf+perp,2,1,0.9981767744378438,True
5266,5266,2643,0,tfidf+perp,2,0,0.003286128344745783,True
5267,5267,2643,1,tfidf+perp,2,1,0.9995770022096009,True
5268,5268,2644,0,tfidf+perp,2,1,0.6929890618745045,False
5269,5269,2644,1,tfidf+perp,2,1,0.9914203585902136,True
5270,5270,2645,0,tfidf+perp,2,0,0.0019923695193070703,True
5271,5271,2645,1,tfidf+perp,2,1,0.9981354336019881,True
5272,5272,2646,0,tfidf+perp,2,0,0.005896599060387793,True
5273,5273,2646,1,tfidf+perp,2,1,0.9650019903445538,True
5274,5274,2647,0,tfidf+perp,2,0,0.05504223846584903,True
5275,5275,2647,1,tfidf+perp,2,1,0.9988271645402187,True
5276,5276,2648,0,tfidf+perp,2,0,0.001832494532019068,True
5277,5277,2648,1,tfidf+perp,2,1,0.9994847384383098,True
5278,5278,2649,0,tfidf+perp,2,0,0.004734146989562725,True
5279,5279,2649,1,tfidf+perp,2,1,0.9930825941581294,True
5280,5280,2650,0,tfidf+perp,2,0,0.0004283485022457875,True
5281,5281,2650,1,tfidf+perp,2,1,0.9909123092539635,True
5282,5282,2651,0,tfidf+perp,2,0,0.013316808894346686,True
5283,5283,2651,1,tfidf+perp,2,1,0.9255381920801385,True
5284,5284,2652,0,tfidf+perp,2,0,0.0015189737684641936,True
5285,5285,2652,1,tfidf+perp,2,1,0.9241096522766415,True
5286,5286,2653,0,tfidf+perp,2,0,0.0013579492480449886,True
5287,5287,2653,1,tfidf+perp,2,1,0.9991245671390748,True
5288,5288,2654,0,tfidf+perp,2,0,0.002783953162743216,True
5289,5289,2654,1,tfidf+perp,2,1,0.9797062549162694,True
5290,5290,2655,0,tfidf+perp,2,0,0.008014289526723086,True
5291,5291,2655,1,tfidf+perp,2,1,0.9993431495369144,True
5292,5292,2656,0,tfidf+perp,2,0,0.0005737099011889917,True
5293,5293,2656,1,tfidf+perp,2,1,0.9825775483573311,True
5294,5294,2657,0,tfidf+perp,2,0,0.0022824268091525823,True
5295,5295,2657,1,tfidf+perp,2,1,0.9855807592538992,True
5296,5296,2658,0,tfidf+perp,2,0,0.04488258656196648,True
5297,5297,2658,1,tfidf+perp,2,1,0.9806499600407712,True
5298,5298,2659,0,tfidf+perp,2,0,0.026256195109993902,True
5299,5299,2659,1,tfidf+perp,2,1,0.9980752028293085,True
5300,5300,2660,0,tfidf+perp,2,0,0.33822166436298773,True
5301,5301,2660,1,tfidf+perp,2,1,0.9972598902392428,True
5302,5302,2661,0,tfidf+perp,2,0,0.00035467370656473815,True
5303,5303,2661,1,tfidf+perp,2,1,0.6353774849129356,True
5304,5304,2662,0,tfidf+perp,2,0,0.0006537463903505278,True
5305,5305,2662,1,tfidf+perp,2,1,0.6436156972013564,True
5306,5306,2663,0,tfidf+perp,2,0,0.40691299670624237,True
5307,5307,2663,1,tfidf+perp,2,1,0.961829045206281,True
5308,5308,2664,0,tfidf+perp,2,0,0.0009743885391739141,True
5309,5309,2664,1,tfidf+perp,2,1,0.9082639946312083,True
5310,5310,2665,0,tfidf+perp,2,1,0.5327546435991324,False
5311,5311,2665,1,tfidf+perp,2,1,0.9990738802305089,True
5312,5312,2666,0,tfidf+perp,2,0,0.007299265220884345,True
5313,5313,2666,1,tfidf+perp,2,1,0.9976743533671438,True
5314,5314,2667,0,tfidf+perp,2,0,0.0014895880427200033,True
5315,5315,2667,1,tfidf+perp,2,1,0.9995254151469055,True
5316,5316,2668,0,tfidf+perp,2,0,0.0020998996392538154,True
5317,5317,2668,1,tfidf+perp,2,1,0.9935964632721832,True
5318,5318,2669,0,tfidf+perp,2,0,0.0043340837161278435,True
5319,5319,2669,1,tfidf+perp,2,1,0.9979980401297914,True
5320,5320,2670,0,tfidf+perp,2,0,0.0036632732000207065,True
5321,5321,2670,1,tfidf+perp,2,1,0.9981990398862781,True
5322,5322,2671,0,tfidf+perp,2,0,0.0029760953004000306,True
5323,5323,2671,1,tfidf+perp,2,1,0.9014627239957368,True
5324,5324,2672,0,tfidf+perp,2,1,0.6631462779136225,False
5325,5325,2672,1,tfidf+perp,2,1,0.9988150545221561,True
5326,5326,2673,0,tfidf+perp,2,0,0.00177608865015293,True
5327,5327,2673,1,tfidf+perp,2,1,0.9972120567590554,True
5328,5328,2674,0,tfidf+perp,2,0,0.005759483546147839,True
5329,5329,2674,1,tfidf+perp,2,1,0.9946105551011123,True
5330,5330,2675,0,tfidf+perp,2,0,0.0022938346080069016,True
5331,5331,2675,1,tfidf+perp,2,1,0.9964873358392429,True
5332,5332,2676,0,tfidf+perp,2,0,0.0003400128934775402,True
5333,5333,2676,1,tfidf+perp,2,1,0.9957114073858989,True
5334,5334,2677,0,tfidf+perp,2,0,0.0028253684555051375,True
5335,5335,2677,1,tfidf+perp,2,1,0.9819618454066187,True
5336,5336,2678,0,tfidf+perp,2,0,0.0008809992033011905,True
5337,5337,2678,1,tfidf+perp,2,1,0.9985681228371573,True
5338,5338,2679,0,tfidf+perp,2,0,0.022865869080165233,True
5339,5339,2679,1,tfidf+perp,2,1,0.9820779356839611,True
5340,5340,2680,0,tfidf+perp,2,0,0.014038753227724568,True
5341,5341,2680,1,tfidf+perp,2,1,0.9996812462454742,True
5342,5342,2681,0,tfidf+perp,2,0,0.0011119489919325957,True
5343,5343,2681,1,tfidf+perp,2,0,0.1873007013567614,False
5344,5344,2682,0,tfidf+perp,2,0,0.002171234973211195,True
5345,5345,2682,1,tfidf+perp,2,1,0.9876723361345608,True
5346,5346,2683,0,tfidf+perp,2,0,0.30689002860161446,True
5347,5347,2683,1,tfidf+perp,2,1,0.9838874497484215,True
5348,5348,2684,0,tfidf+perp,2,0,0.001889278367481036,True
5349,5349,2684,1,tfidf+perp,2,1,0.9880562486017888,True
5350,5350,2685,0,tfidf+perp,2,0,0.06698809934595362,True
5351,5351,2685,1,tfidf+perp,2,1,0.9895746539420486,True
5352,5352,2686,0,tfidf+perp,2,0,0.0004425661846924249,True
5353,5353,2686,1,tfidf+perp,2,1,0.99327948643994,True
5354,5354,2687,0,tfidf+perp,2,0,0.0029640591805096847,True
5355,5355,2687,1,tfidf+perp,2,1,0.9828786048360961,True
5356,5356,2688,0,tfidf+perp,2,0,0.02981510336929774,True
5357,5357,2688,1,tfidf+perp,2,1,0.9318548499972347,True
5358,5358,2689,0,tfidf+perp,2,0,0.002143760628595167,True
5359,5359,2689,1,tfidf+perp,2,1,0.9989191306205473,True
5360,5360,2690,0,tfidf+perp,2,0,0.011354863363882384,True
5361,5361,2690,1,tfidf+perp,2,1,0.9952346140544758,True
5362,5362,2691,0,tfidf+perp,2,0,0.0019633480408317123,True
5363,5363,2691,1,tfidf+perp,2,1,0.8541476279611067,True
5364,5364,2692,0,tfidf+perp,2,0,0.008561692772104881,True
5365,5365,2692,1,tfidf+perp,2,1,0.9996187685620703,True
5366,5366,2693,0,tfidf+perp,2,0,0.011506690496879158,True
5367,5367,2693,1,tfidf+perp,2,1,0.9942496652700072,True
5368,5368,2694,0,tfidf+perp,2,0,0.001271895756329705,True
5369,5369,2694,1,tfidf+perp,2,1,0.997057818078276,True
5370,5370,2695,0,tfidf+perp,2,0,0.004178646904134946,True
5371,5371,2695,1,tfidf+perp,2,1,0.9956273147099035,True
5372,5372,2696,0,tfidf+perp,2,0,0.014284124198465196,True
5373,5373,2696,1,tfidf+perp,2,1,0.9981556610625859,True
5374,5374,2697,0,tfidf+perp,2,0,0.07654039080588465,True
5375,5375,2697,1,tfidf+perp,2,1,0.9848548235395633,True
5376,5376,2698,0,tfidf+perp,2,0,0.018924146948614835,True
5377,5377,2698,1,tfidf+perp,2,1,0.9969701586140732,True
5378,5378,2699,0,tfidf+perp,2,0,0.020467792920183515,True
5379,5379,2699,1,tfidf+perp,2,1,0.9932122400831548,True
5380,5380,2700,0,tfidf+perp,2,0,0.003478238189399301,True
5381,5381,2700,1,tfidf+perp,2,1,0.9886479211383802,True
5382,5382,2701,0,tfidf+perp,2,0,0.011513799260084365,True
5383,5383,2701,1,tfidf+perp,2,1,0.9362248974477883,True
5384,5384,2702,0,tfidf+perp,2,0,0.008114571776792683,True
5385,5385,2702,1,tfidf+perp,2,1,0.9978768283075418,True
5386,5386,2703,0,tfidf+perp,2,0,0.015266584478891334,True
5387,5387,2703,1,tfidf+perp,2,1,0.9754966239581593,True
5388,5388,2704,0,tfidf+perp,2,0,0.0010609818472059414,True
5389,5389,2704,1,tfidf+perp,2,1,0.9995091592635255,True
5390,5390,2705,0,tfidf+perp,2,0,0.24612080188715327,True
5391,5391,2705,1,tfidf+perp,2,1,0.7685123932696569,True
5392,5392,2706,0,tfidf+perp,2,0,0.007507289543035333,True
5393,5393,2706,1,tfidf+perp,2,1,0.9986610505039945,True
5394,5394,2707,0,tfidf+perp,2,0,0.012260906843752641,True
5395,5395,2707,1,tfidf+perp,2,1,0.9979130615009135,True
5396,5396,2708,0,tfidf+perp,2,0,0.13287989664120098,True
5397,5397,2708,1,tfidf+perp,2,1,0.9820567757501918,True
5398,5398,2709,0,tfidf+perp,2,0,0.016184080868818947,True
5399,5399,2709,1,tfidf+perp,2,1,0.9996805826374209,True
5400,5400,2710,0,tfidf+perp,2,0,0.0004493421164738137,True
5401,5401,2710,1,tfidf+perp,2,1,0.943686862538593,True
5402,5402,2711,0,tfidf+perp,2,0,0.014349101410962555,True
5403,5403,2711,1,tfidf+perp,2,1,0.9983595985945505,True
5404,5404,2712,0,tfidf+perp,2,0,0.002203270964984337,True
5405,5405,2712,1,tfidf+perp,2,1,0.9901182261552314,True
5406,5406,2713,0,tfidf+perp,2,0,0.19653726747579078,True
5407,5407,2713,1,tfidf+perp,2,0,0.05254869936235209,False
5408,5408,2714,0,tfidf+perp,2,0,0.0022006163664314293,True
5409,5409,2714,1,tfidf+perp,2,1,0.9800336459378938,True
5410,5410,2715,0,tfidf+perp,2,0,0.044263438012438254,True
5411,5411,2715,1,tfidf+perp,2,1,0.9994629790303275,True
5412,5412,2716,0,tfidf+perp,2,0,0.004153375732525274,True
5413,5413,2716,1,tfidf+perp,2,1,0.9993708557041016,True
5414,5414,2717,0,tfidf+perp,2,0,0.0016701658800477974,True
5415,5415,2717,1,tfidf+perp,2,1,0.9942151060107755,True
5416,5416,2718,0,tfidf+perp,2,0,0.3686071945415444,True
5417,5417,2718,1,tfidf+perp,2,1,0.9972432258620658,True
5418,5418,2719,0,tfidf+perp,2,0,0.0017026718836974201,True
5419,5419,2719,1,tfidf+perp,2,1,0.9720215261627435,True
5420,5420,2720,0,tfidf+perp,2,1,0.7018755491964559,False
5421,5421,2720,1,tfidf+perp,2,1,0.515316940740188,True
5422,5422,2721,0,tfidf+perp,2,0,0.0013694963675929428,True
5423,5423,2721,1,tfidf+perp,2,1,0.9969839001482113,True
5424,5424,2722,0,tfidf+perp,2,0,0.17648806327942618,True
5425,5425,2722,1,tfidf+perp,2,1,0.9967694712003083,True
5426,5426,2723,0,tfidf+perp,2,0,0.008749171788209373,True
5427,5427,2723,1,tfidf+perp,2,1,0.953908442935547,True
5428,5428,2724,0,tfidf+perp,2,0,0.018402967165393896,True
5429,5429,2724,1,tfidf+perp,2,1,0.9322648645181683,True
5430,5430,2725,0,tfidf+perp,2,0,0.010506037319294653,True
5431,5431,2725,1,tfidf+perp,2,1,0.9293589861062546,True
5432,5432,2726,0,tfidf+perp,2,0,0.001038545946784133,True
5433,5433,2726,1,tfidf+perp,2,1,0.9740225123504256,True
5434,5434,2727,0,tfidf+perp,2,0,0.4245283030583931,True
5435,5435,2727,1,tfidf+perp,2,1,0.9996849391470306,True
5436,5436,2728,0,tfidf+perp,2,0,0.007960435728772388,True
5437,5437,2728,1,tfidf+perp,2,1,0.999521737242027,True
5438,5438,2729,0,tfidf+perp,2,0,0.10690640861994877,True
5439,5439,2729,1,tfidf+perp,2,0,0.2941095635310711,False
5440,5440,2730,0,tfidf+perp,2,0,0.0687778668427371,True
5441,5441,2730,1,tfidf+perp,2,1,0.9256764655752431,True
5442,5442,2731,0,tfidf+perp,2,0,0.004141612777937222,True
5443,5443,2731,1,tfidf+perp,2,0,0.09070401800225932,False
5444,5444,2732,0,tfidf+perp,2,0,0.005330711514780569,True
5445,5445,2732,1,tfidf+perp,2,1,0.8959845853556216,True
5446,5446,2733,0,tfidf+perp,2,0,0.020808537940315397,True
5447,5447,2733,1,tfidf+perp,2,1,0.9357974578195335,True
5448,5448,2734,0,tfidf+perp,2,0,0.0047219625691900914,True
5449,5449,2734,1,tfidf+perp,2,1,0.9965585658272731,True
5450,5450,2735,0,tfidf+perp,2,0,0.20968437690732378,True
5451,5451,2735,1,tfidf+perp,2,1,0.9112728787627417,True
5452,5452,2736,0,tfidf+perp,2,0,0.0006779316198553901,True
5453,5453,2736,1,tfidf+perp,2,1,0.9926835174107713,True
5454,5454,2737,0,tfidf+perp,2,0,0.008532114626958744,True
5455,5455,2737,1,tfidf+perp,2,1,0.9994506774676888,True
5456,5456,2738,0,tfidf+perp,2,0,0.004141555815869219,True
5457,5457,2738,1,tfidf+perp,2,1,0.9918103673811054,True
5458,5458,2739,0,tfidf+perp,2,0,0.026216881452498685,True
5459,5459,2739,1,tfidf+perp,2,0,0.22311641358129142,False
5460,5460,2740,0,tfidf+perp,2,0,0.0028232045247010215,True
5461,5461,2740,1,tfidf+perp,2,1,0.999564232959094,True
5462,5462,2741,0,tfidf+perp,2,0,0.02046061516580899,True
5463,5463,2741,1,tfidf+perp,2,1,0.9994185294996207,True
5464,5464,2742,0,tfidf+perp,2,0,0.0015616690763477995,True
5465,5465,2742,1,tfidf+perp,2,1,0.998223932896988,True
5466,5466,2743,0,tfidf+perp,2,0,0.13684030359068763,True
5467,5467,2743,1,tfidf+perp,2,1,0.9141461156890841,True
5468,5468,2744,0,tfidf+perp,2,0,0.03194811214988812,True
5469,5469,2744,1,tfidf+perp,2,1,0.9927065249534471,True
5470,5470,2745,0,tfidf+perp,2,0,0.0005049635999196302,True
5471,5471,2745,1,tfidf+perp,2,1,0.9986008096057782,True
5472,5472,2746,0,tfidf+perp,2,0,0.002981757129089785,True
5473,5473,2746,1,tfidf+perp,2,1,0.7732123042671726,True
5474,5474,2747,0,tfidf+perp,2,0,0.01153928863437009,True
5475,5475,2747,1,tfidf+perp,2,1,0.9899216078665326,True
5476,5476,2748,0,tfidf+perp,2,0,0.05267675852866784,True
5477,5477,2748,1,tfidf+perp,2,1,0.9968303588844091,True
5478,5478,2749,0,tfidf+perp,2,0,0.002797518209709497,True
5479,5479,2749,1,tfidf+perp,2,0,0.49588604371463885,False
5480,5480,2750,0,tfidf+perp,2,0,0.0025158610064235807,True
5481,5481,2750,1,tfidf+perp,2,1,0.9952614786933441,True
5482,5482,2751,0,tfidf+perp,2,0,0.0007540711772590506,True
5483,5483,2751,1,tfidf+perp,2,1,0.9903934306707181,True
5484,5484,2752,0,tfidf+perp,2,0,0.009213141959244721,True
5485,5485,2752,1,tfidf+perp,2,1,0.9579719642759116,True
5486,5486,2753,0,tfidf+perp,2,0,0.09064777128704685,True
5487,5487,2753,1,tfidf+perp,2,1,0.9876634307701935,True
5488,5488,2754,0,tfidf+perp,2,0,0.007846595513631465,True
5489,5489,2754,1,tfidf+perp,2,1,0.943415635758702,True
5490,5490,2755,0,tfidf+perp,2,0,0.017776818063473764,True
5491,5491,2755,1,tfidf+perp,2,1,0.9990223382196253,True
5492,5492,2756,0,tfidf+perp,2,0,0.002972014679692553,True
5493,5493,2756,1,tfidf+perp,2,1,0.9429051883537368,True
5494,5494,2757,0,tfidf+perp,2,0,0.2130303485877309,True
5495,5495,2757,1,tfidf+perp,2,1,0.8689485219848936,True
5496,5496,2758,0,tfidf+perp,2,0,0.0004513056136141071,True
5497,5497,2758,1,tfidf+perp,2,1,0.9499526923530818,True
5498,5498,2759,0,tfidf+perp,2,0,0.05312341571804002,True
5499,5499,2759,1,tfidf+perp,2,1,0.9234044470981387,True
5500,5500,2760,0,tfidf+perp,2,0,0.009531216447400105,True
5501,5501,2760,1,tfidf+perp,2,1,0.9913541461887794,True
5502,5502,2761,0,tfidf+perp,2,1,0.5104641950832399,False
5503,5503,2761,1,tfidf+perp,2,1,0.9928820703744312,True
5504,5504,2762,0,tfidf+perp,2,0,0.0007237252588355201,True
5505,5505,2762,1,tfidf+perp,2,1,0.9998711285508228,True
5506,5506,2763,0,tfidf+perp,2,0,0.04180708875919258,True
5507,5507,2763,1,tfidf+perp,2,1,0.9954010278611565,True
5508,5508,2764,0,tfidf+perp,2,0,0.007929432062598817,True
5509,5509,2764,1,tfidf+perp,2,1,0.8562556865996731,True
5510,5510,2765,0,tfidf+perp,2,0,0.2615438417744559,True
5511,5511,2765,1,tfidf+perp,2,1,0.9958700342268765,True
5512,5512,2766,0,tfidf+perp,2,0,0.026504979161421003,True
5513,5513,2766,1,tfidf+perp,2,1,0.9994980439724975,True
5514,5514,2767,0,tfidf+perp,2,0,0.008122899785749156,True
5515,5515,2767,1,tfidf+perp,2,1,0.9945180602158494,True
5516,5516,2768,0,tfidf+perp,2,0,0.11050690515660071,True
5517,5517,2768,1,tfidf+perp,2,1,0.788702754287346,True
5518,5518,2769,0,tfidf+perp,2,0,0.002792298632339922,True
5519,5519,2769,1,tfidf+perp,2,1,0.982346723251984,True
5520,5520,2770,0,tfidf+perp,2,0,0.0006777251482576485,True
5521,5521,2770,1,tfidf+perp,2,1,0.9978914655242099,True
5522,5522,2771,0,tfidf+perp,2,0,0.10453642156883546,True
5523,5523,2771,1,tfidf+perp,2,1,0.9822195487714153,True
5524,5524,2772,0,tfidf+perp,2,0,0.0032550856524131704,True
5525,5525,2772,1,tfidf+perp,2,1,0.9993745599992144,True
5526,5526,2773,0,tfidf+perp,2,0,0.0038833267983614146,True
5527,5527,2773,1,tfidf+perp,2,1,0.999523227563946,True
5528,5528,2774,0,tfidf+perp,2,0,0.0019537694024363552,True
5529,5529,2774,1,tfidf+perp,2,1,0.9283602288716296,True
5530,5530,2775,0,tfidf+perp,2,0,0.001889929416133506,True
5531,5531,2775,1,tfidf+perp,2,1,0.8110998989632109,True
5532,5532,2776,0,tfidf+perp,2,0,0.0012664430217229907,True
5533,5533,2776,1,tfidf+perp,2,1,0.9423701403836617,True
5534,5534,2777,0,tfidf+perp,2,0,0.02082368398189388,True
5535,5535,2777,1,tfidf+perp,2,1,0.9919503357674495,True
5536,5536,2778,0,tfidf+perp,2,0,0.0005861615322230069,True
5537,5537,2778,1,tfidf+perp,2,1,0.9929419746610944,True
5538,5538,2779,0,tfidf+perp,2,0,0.010016493677568173,True
5539,5539,2779,1,tfidf+perp,2,1,0.9993779391529806,True
5540,5540,2780,0,tfidf+perp,2,0,0.006715096192625378,True
5541,5541,2780,1,tfidf+perp,2,1,0.9995352783588309,True
5542,5542,2781,0,tfidf+perp,2,0,0.001164568809507397,True
5543,5543,2781,1,tfidf+perp,2,1,0.9991447733694642,True
5544,5544,2782,0,tfidf+perp,2,0,0.001297328901212836,True
5545,5545,2782,1,tfidf+perp,2,1,0.9732924723978115,True
5546,5546,2783,0,tfidf+perp,2,0,0.0011974308393905564,True
5547,5547,2783,1,tfidf+perp,2,1,0.9853411636995284,True
5548,5548,2784,0,tfidf+perp,2,0,0.0004125938645566127,True
5549,5549,2784,1,tfidf+perp,2,1,0.9299690587026584,True
5550,5550,2785,0,tfidf+perp,2,0,0.0006449672871281022,True
5551,5551,2785,1,tfidf+perp,2,1,0.9984008776083221,True
5552,5552,2786,0,tfidf+perp,2,0,0.04177774695088755,True
5553,5553,2786,1,tfidf+perp,2,1,0.9793883866782075,True
5554,5554,2787,0,tfidf+perp,2,0,0.0029426732488046737,True
5555,5555,2787,1,tfidf+perp,2,1,0.9722214966699941,True
5556,5556,2788,0,tfidf+perp,2,1,0.7402204853606678,False
5557,5557,2788,1,tfidf+perp,2,1,0.9927450890041358,True
5558,5558,2789,0,tfidf+perp,2,0,0.01261837770801025,True
5559,5559,2789,1,tfidf+perp,2,1,0.9923657272528751,True
5560,5560,2790,0,tfidf+perp,2,0,0.00043540976193128146,True
5561,5561,2790,1,tfidf+perp,2,1,0.9847621652532158,True
5562,5562,2791,0,tfidf+perp,2,0,0.005269927575423418,True
5563,5563,2791,1,tfidf+perp,2,1,0.9895573946330704,True
5564,5564,2792,0,tfidf+perp,2,0,0.03345128973921968,True
5565,5565,2792,1,tfidf+perp,2,1,0.9967646600658856,True
5566,5566,2793,0,tfidf+perp,2,0,0.031517777224918435,True
5567,5567,2793,1,tfidf+perp,2,1,0.9981347645888493,True
5568,5568,2794,0,tfidf+perp,2,0,0.006717828571319053,True
5569,5569,2794,1,tfidf+perp,2,1,0.8772173895915075,True
5570,5570,2795,0,tfidf+perp,2,0,0.00014213066834887721,True
5571,5571,2795,1,tfidf+perp,2,1,0.9833272027031021,True
5572,5572,2796,0,tfidf+perp,2,0,0.0016641736561947493,True
5573,5573,2796,1,tfidf+perp,2,1,0.8563676799500171,True
5574,5574,2797,0,tfidf+perp,2,0,0.001941006267721153,True
5575,5575,2797,1,tfidf+perp,2,1,0.709749626574953,True
5576,5576,2798,0,tfidf+perp,2,0,0.016177531349110208,True
5577,5577,2798,1,tfidf+perp,2,1,0.9678193442722088,True
5578,5578,2799,0,tfidf+perp,2,0,0.003256618019948002,True
5579,5579,2799,1,tfidf+perp,2,1,0.9973754367302573,True
5580,5580,2800,0,tfidf+perp,2,0,0.004197461108307231,True
5581,5581,2800,1,tfidf+perp,2,1,0.9788348543729736,True
5582,5582,2801,0,tfidf+perp,2,0,0.0008235124976906126,True
5583,5583,2801,1,tfidf+perp,2,1,0.9817887408864234,True
5584,5584,2802,0,tfidf+perp,2,0,0.0130232858500452,True
5585,5585,2802,1,tfidf+perp,2,1,0.992699572529038,True
5586,5586,2803,0,tfidf+perp,2,0,0.0072417118031462314,True
5587,5587,2803,1,tfidf+perp,2,1,0.9990178591928671,True
5588,5588,2804,0,tfidf+perp,2,0,0.005522460342925345,True
5589,5589,2804,1,tfidf+perp,2,1,0.9991362027743491,True
5590,5590,2805,0,tfidf+perp,2,0,0.0035318978074829013,True
5591,5591,2805,1,tfidf+perp,2,1,0.9453540769203996,True
5592,5592,2806,0,tfidf+perp,2,0,0.014747526291705925,True
5593,5593,2806,1,tfidf+perp,2,1,0.9144301816675687,True
5594,5594,2807,0,tfidf+perp,2,0,0.0012821106626048312,True
5595,5595,2807,1,tfidf+perp,2,1,0.8980941796476538,True
5596,5596,2808,0,tfidf+perp,2,0,0.023169492723539756,True
5597,5597,2808,1,tfidf+perp,2,1,0.9974467907294557,True
5598,5598,2809,0,tfidf+perp,2,0,0.0012343483825342366,True
5599,5599,2809,1,tfidf+perp,2,1,0.9943295302590245,True
5600,5600,2810,0,tfidf+perp,2,0,0.03965082471213526,True
5601,5601,2810,1,tfidf+perp,2,1,0.9995805674459394,True
5602,5602,2811,0,tfidf+perp,2,0,0.0017541140722024348,True
5603,5603,2811,1,tfidf+perp,2,1,0.8907013047192105,True
5604,5604,2812,0,tfidf+perp,2,0,0.0016367896015067045,True
5605,5605,2812,1,tfidf+perp,2,1,0.9988238887470638,True
5606,5606,2813,0,tfidf+perp,2,0,0.006147552864548881,True
5607,5607,2813,1,tfidf+perp,2,1,0.999847234850371,True
5608,5608,2814,0,tfidf+perp,2,0,0.0012649324461825571,True
5609,5609,2814,1,tfidf+perp,2,1,0.9977973903213971,True
5610,5610,2815,0,tfidf+perp,2,0,0.028925906400030524,True
5611,5611,2815,1,tfidf+perp,2,1,0.9979284924796753,True
5612,5612,2816,0,tfidf+perp,2,0,0.00672268570890415,True
5613,5613,2816,1,tfidf+perp,2,1,0.99955857152892,True
5614,5614,2817,0,tfidf+perp,2,0,0.001812209978280972,True
5615,5615,2817,1,tfidf+perp,2,1,0.9977411423852904,True
5616,5616,2818,0,tfidf+perp,2,0,0.004469249037108587,True
5617,5617,2818,1,tfidf+perp,2,1,0.9986600593523693,True
5618,5618,2819,0,tfidf+perp,2,0,0.12275484217052265,True
5619,5619,2819,1,tfidf+perp,2,1,0.6309463214912401,True
5620,5620,2820,0,tfidf+perp,2,0,0.008109938551747242,True
5621,5621,2820,1,tfidf+perp,2,0,0.284883462032552,False
5622,5622,2821,0,tfidf+perp,2,0,0.007258224105230573,True
5623,5623,2821,1,tfidf+perp,2,1,0.99804470505024,True
5624,5624,2822,0,tfidf+perp,2,1,0.5467029122306273,False
5625,5625,2822,1,tfidf+perp,2,1,0.9992927704718304,True
5626,5626,2823,0,tfidf+perp,2,0,0.06765601678962106,True
5627,5627,2823,1,tfidf+perp,2,1,0.9992405424014646,True
5628,5628,2824,0,tfidf+perp,2,0,0.0007067720590319931,True
5629,5629,2824,1,tfidf+perp,2,1,0.9977854837060088,True
5630,5630,2825,0,tfidf+perp,2,0,0.010264907387443041,True
5631,5631,2825,1,tfidf+perp,2,1,0.993623659810982,True
5632,5632,2826,0,tfidf+perp,2,0,0.0006292366839356533,True
5633,5633,2826,1,tfidf+perp,2,1,0.9901107682635573,True
5634,5634,2827,0,tfidf+perp,2,0,0.009200667768598155,True
5635,5635,2827,1,tfidf+perp,2,1,0.991579135023581,True
5636,5636,2828,0,tfidf+perp,2,0,0.05011953203214658,True
5637,5637,2828,1,tfidf+perp,2,1,0.9977224840409118,True
5638,5638,2829,0,tfidf+perp,2,0,0.449375506501092,True
5639,5639,2829,1,tfidf+perp,2,1,0.9952989481726604,True
5640,5640,2830,0,tfidf+perp,2,0,0.0018520244757168508,True
5641,5641,2830,1,tfidf+perp,2,1,0.9695942746062958,True
5642,5642,2831,0,tfidf+perp,2,0,0.0009781156842759724,True
5643,5643,2831,1,tfidf+perp,2,1,0.9988267133611047,True
5644,5644,2832,0,tfidf+perp,2,0,0.02938526052427772,True
5645,5645,2832,1,tfidf+perp,2,1,0.995659363688527,True
5646,5646,2833,0,tfidf+perp,2,0,0.0012455466028457954,True
5647,5647,2833,1,tfidf+perp,2,1,0.9343358237050876,True
5648,5648,2834,0,tfidf+perp,2,0,0.000556488395558697,True
5649,5649,2834,1,tfidf+perp,2,1,0.9921895739353329,True
5650,5650,2835,0,tfidf+perp,2,0,0.004060004824774662,True
5651,5651,2835,1,tfidf+perp,2,1,0.9995586279151759,True
5652,5652,2836,0,tfidf+perp,2,0,0.014039566123242347,True
5653,5653,2836,1,tfidf+perp,2,1,0.998679681978937,True
5654,5654,2837,0,tfidf+perp,2,0,0.0010471198071066953,True
5655,5655,2837,1,tfidf+perp,2,1,0.998596775977659,True
5656,5656,2838,0,tfidf+perp,2,0,0.006626813210397694,True
5657,5657,2838,1,tfidf+perp,2,1,0.9935266219226787,True
5658,5658,2839,0,tfidf+perp,2,0,0.005261075387806041,True
5659,5659,2839,1,tfidf+perp,2,1,0.9992928091623121,True
5660,5660,2840,0,tfidf+perp,2,0,0.004775039629137994,True
5661,5661,2840,1,tfidf+perp,2,1,0.8943135117987032,True
5662,5662,2841,0,tfidf+perp,2,0,0.11575991568182241,True
5663,5663,2841,1,tfidf+perp,2,1,0.8592206218116706,True
5664,5664,2842,0,tfidf+perp,2,0,0.0010031266024910083,True
5665,5665,2842,1,tfidf+perp,2,1,0.9022386724511116,True
5666,5666,2843,0,tfidf+perp,2,0,0.008543316376491769,True
5667,5667,2843,1,tfidf+perp,2,1,0.9993154877507737,True
5668,5668,2844,0,tfidf+perp,2,0,0.018896272102230462,True
5669,5669,2844,1,tfidf+perp,2,1,0.9121905459158585,True
5670,5670,2845,0,tfidf+perp,2,0,0.0022739612887328524,True
5671,5671,2845,1,tfidf+perp,2,1,0.9588776715156296,True
5672,5672,2846,0,tfidf+perp,2,0,0.0015210191572131127,True
5673,5673,2846,1,tfidf+perp,2,1,0.9095873707800788,True
5674,5674,2847,0,tfidf+perp,2,0,0.012453066534053958,True
5675,5675,2847,1,tfidf+perp,2,1,0.99894102029506,True
5676,5676,2848,0,tfidf+perp,2,0,0.026144788581847846,True
5677,5677,2848,1,tfidf+perp,2,0,0.4297317451833741,False
5678,5678,2849,0,tfidf+perp,2,0,0.02156620004914617,True
5679,5679,2849,1,tfidf+perp,2,1,0.9997753864638781,True
5680,5680,2850,0,tfidf+perp,2,0,0.10329121614291568,True
5681,5681,2850,1,tfidf+perp,2,1,0.9541783861653078,True
5682,5682,2851,0,tfidf+perp,2,0,0.18866660387261525,True
5683,5683,2851,1,tfidf+perp,2,0,0.43099211056603604,False
5684,5684,2852,0,tfidf+perp,2,0,0.006419439629317517,True
5685,5685,2852,1,tfidf+perp,2,1,0.9647278579486777,True
5686,5686,2853,0,tfidf+perp,2,0,0.002362544786106535,True
5687,5687,2853,1,tfidf+perp,2,1,0.9932372645950676,True
5688,5688,2854,0,tfidf+perp,2,0,0.0011347162272205547,True
5689,5689,2854,1,tfidf+perp,2,1,0.8746163358242485,True
5690,5690,2855,0,tfidf+perp,2,0,0.003719946736026086,True
5691,5691,2855,1,tfidf+perp,2,1,0.9984578542179342,True
5692,5692,2856,0,tfidf+perp,2,0,0.060740239035175454,True
5693,5693,2856,1,tfidf+perp,2,1,0.9069117859004626,True
5694,5694,2857,0,tfidf+perp,2,0,0.00021267132123349694,True
5695,5695,2857,1,tfidf+perp,2,1,0.9932919414868658,True
5696,5696,2858,0,tfidf+perp,2,0,0.004172946682460902,True
5697,5697,2858,1,tfidf+perp,2,1,0.9991870291827194,True
5698,5698,2859,0,tfidf+perp,2,0,0.015606942559626734,True
5699,5699,2859,1,tfidf+perp,2,1,0.8944543508533735,True
5700,5700,2860,0,tfidf+perp,2,0,0.00029671206995554995,True
5701,5701,2860,1,tfidf+perp,2,1,0.9771432837009937,True
5702,5702,2861,0,tfidf+perp,2,1,0.9972329642360489,False
5703,5703,2861,1,tfidf+perp,2,1,0.9979980509004887,True
5704,5704,2862,0,tfidf+perp,2,0,0.0002207395694124422,True
5705,5705,2862,1,tfidf+perp,2,1,0.9731342449252752,True
5706,5706,2863,0,tfidf+perp,2,0,0.010913528703582554,True
5707,5707,2863,1,tfidf+perp,2,1,0.8852782140161294,True
5708,5708,2864,0,tfidf+perp,2,0,0.0019100319690248354,True
5709,5709,2864,1,tfidf+perp,2,1,0.998454789157772,True
5710,5710,2865,0,tfidf+perp,2,0,0.0018976141086141617,True
5711,5711,2865,1,tfidf+perp,2,1,0.9998780548861714,True
5712,5712,2866,0,tfidf+perp,2,0,0.034580519844607124,True
5713,5713,2866,1,tfidf+perp,2,1,0.996456180971592,True
5714,5714,2867,0,tfidf+perp,2,0,0.005129075260080823,True
5715,5715,2867,1,tfidf+perp,2,1,0.9988566822706072,True
5716,5716,2868,0,tfidf+perp,2,0,0.001330459694385931,True
5717,5717,2868,1,tfidf+perp,2,0,0.47288515915460777,False
5718,5718,2869,0,tfidf+perp,2,0,0.020567285521892256,True
5719,5719,2869,1,tfidf+perp,2,1,0.9735486922476312,True
5720,5720,2870,0,tfidf+perp,2,0,0.014633427075476949,True
5721,5721,2870,1,tfidf+perp,2,1,0.9955015288824203,True
5722,5722,2871,0,tfidf+perp,2,0,0.01714850832727599,True
5723,5723,2871,1,tfidf+perp,2,1,0.9741444980842319,True
5724,5724,2872,0,tfidf+perp,2,0,0.0015920786723625563,True
5725,5725,2872,1,tfidf+perp,2,1,0.9965194897052021,True
5726,5726,2873,0,tfidf+perp,2,0,0.003613121573806877,True
5727,5727,2873,1,tfidf+perp,2,1,0.9391002110376647,True
5728,5728,2874,0,tfidf+perp,2,0,0.07894349065959592,True
5729,5729,2874,1,tfidf+perp,2,1,0.9787051491660292,True
5730,5730,2875,0,tfidf+perp,2,0,0.02732913363351289,True
5731,5731,2875,1,tfidf+perp,2,1,0.9006351876032652,True
5732,5732,2876,0,tfidf+perp,2,0,0.0014617009824778422,True
5733,5733,2876,1,tfidf+perp,2,1,0.9992251806316758,True
5734,5734,2877,0,tfidf+perp,2,1,0.7419266522913865,False
5735,5735,2877,1,tfidf+perp,2,1,0.706580301377522,True
5736,5736,2878,0,tfidf+perp,2,0,0.016399886672521354,True
5737,5737,2878,1,tfidf+perp,2,1,0.9931076512840353,True
5738,5738,2879,0,tfidf+perp,2,0,0.0007664783389815317,True
5739,5739,2879,1,tfidf+perp,2,1,0.7542988623836584,True
5740,5740,2880,0,tfidf+perp,2,0,0.1367238320350452,True
5741,5741,2880,1,tfidf+perp,2,1,0.9936035001680551,True
5742,5742,2881,0,tfidf+perp,2,0,0.07863252710382518,True
5743,5743,2881,1,tfidf+perp,2,1,0.9950416811293398,True
5744,5744,2882,0,tfidf+perp,2,0,0.0009847116302198562,True
5745,5745,2882,1,tfidf+perp,2,1,0.9699410199267593,True
5746,5746,2883,0,tfidf+perp,2,0,0.014205332139732324,True
5747,5747,2883,1,tfidf+perp,2,1,0.985123014925735,True
5748,5748,2884,0,tfidf+perp,2,0,0.015933683639438583,True
5749,5749,2884,1,tfidf+perp,2,1,0.9896352259219536,True
5750,5750,2885,0,tfidf+perp,2,0,0.009586505182099489,True
5751,5751,2885,1,tfidf+perp,2,1,0.991268240093468,True
5752,5752,2886,0,tfidf+perp,2,0,0.002947206354478631,True
5753,5753,2886,1,tfidf+perp,2,1,0.9991463577832005,True
5754,5754,2887,0,tfidf+perp,2,0,0.01692388828220283,True
5755,5755,2887,1,tfidf+perp,2,1,0.9983983532740097,True
5756,5756,2888,0,tfidf+perp,2,0,0.02235272902778689,True
5757,5757,2888,1,tfidf+perp,2,1,0.9997199490596883,True
5758,5758,2889,0,tfidf+perp,2,0,0.272817542368535,True
5759,5759,2889,1,tfidf+perp,2,1,0.9953900122755519,True
5760,5760,2890,0,tfidf+perp,2,0,0.0042096037255759606,True
5761,5761,2890,1,tfidf+perp,2,1,0.9800659873758466,True
5762,5762,2891,0,tfidf+perp,2,0,0.0034714655683644154,True
5763,5763,2891,1,tfidf+perp,2,1,0.9952923763616655,True
5764,5764,2892,0,tfidf+perp,2,0,0.0005306064194357027,True
5765,5765,2892,1,tfidf+perp,2,1,0.9345585250977622,True
5766,5766,2893,0,tfidf+perp,2,0,0.007732946640440113,True
5767,5767,2893,1,tfidf+perp,2,1,0.9903151885618625,True
5768,5768,2894,0,tfidf+perp,2,0,0.17160996562818887,True
5769,5769,2894,1,tfidf+perp,2,1,0.9576651947987513,True
5770,5770,2895,0,tfidf+perp,2,0,0.0002503639858515235,True
5771,5771,2895,1,tfidf+perp,2,1,0.9874698937597189,True
5772,5772,2896,0,tfidf+perp,2,0,0.013069556611053164,True
5773,5773,2896,1,tfidf+perp,2,1,0.9306960413690569,True
5774,5774,2897,0,tfidf+perp,2,0,0.0038702486275728866,True
5775,5775,2897,1,tfidf+perp,2,1,0.9214939542571567,True
5776,5776,2898,0,tfidf+perp,2,0,0.12026322615131727,True
5777,5777,2898,1,tfidf+perp,2,1,0.9992862965421725,True
5778,5778,2899,0,tfidf+perp,2,0,0.002005786260034267,True
5779,5779,2899,1,tfidf+perp,2,1,0.9914338054184498,True
5780,5780,2900,0,tfidf+perp,2,0,0.1974164584315295,True
5781,5781,2900,1,tfidf+perp,2,1,0.8553693853705265,True
5782,5782,2901,0,tfidf+perp,2,0,0.004717735686517056,True
5783,5783,2901,1,tfidf+perp,2,1,0.99759486716252,True
5784,5784,2902,0,tfidf+perp,2,0,0.0010306425305423698,True
5785,5785,2902,1,tfidf+perp,2,1,0.9969467132869424,True
5786,5786,2903,0,tfidf+perp,2,0,0.008105273002125145,True
5787,5787,2903,1,tfidf+perp,2,1,0.9925221806516735,True
5788,5788,2904,0,tfidf+perp,2,0,0.0077254692716953455,True
5789,5789,2904,1,tfidf+perp,2,1,0.976332789965482,True
5790,5790,2905,0,tfidf+perp,2,0,0.08205023460237677,True
5791,5791,2905,1,tfidf+perp,2,1,0.9977350552473554,True
5792,5792,2906,0,tfidf+perp,2,0,0.004925933115283676,True
5793,5793,2906,1,tfidf+perp,2,1,0.9987105796282664,True
5794,5794,2907,0,tfidf+perp,2,0,0.07324522184095218,True
5795,5795,2907,1,tfidf+perp,2,1,0.9844556152968746,True
5796,5796,2908,0,tfidf+perp,2,0,0.0019454653027855338,True
5797,5797,2908,1,tfidf+perp,2,1,0.9983383667698427,True
5798,5798,2909,0,tfidf+perp,2,0,0.009677286671534963,True
5799,5799,2909,1,tfidf+perp,2,1,0.9876618482236733,True
5800,5800,2910,0,tfidf+perp,2,0,0.004034648986669207,True
5801,5801,2910,1,tfidf+perp,2,1,0.9982208443237852,True
5802,5802,2911,0,tfidf+perp,2,0,0.0015943684625854824,True
5803,5803,2911,1,tfidf+perp,2,1,0.9994161527084279,True
5804,5804,2912,0,tfidf+perp,2,0,0.11630906993775662,True
5805,5805,2912,1,tfidf+perp,2,1,0.9995906780579177,True
5806,5806,2913,0,tfidf+perp,2,0,0.0005346371368847155,True
5807,5807,2913,1,tfidf+perp,2,1,0.9944604635651041,True
5808,5808,2914,0,tfidf+perp,2,0,0.027202752406578493,True
5809,5809,2914,1,tfidf+perp,2,1,0.9847515439850975,True
5810,5810,2915,0,tfidf+perp,2,0,0.024867867058538773,True
5811,5811,2915,1,tfidf+perp,2,1,0.9997184504320292,True
5812,5812,2916,0,tfidf+perp,2,0,0.07140682374869683,True
5813,5813,2916,1,tfidf+perp,2,1,0.9982993908034467,True
5814,5814,2917,0,tfidf+perp,2,0,0.0004187964875717543,True
5815,5815,2917,1,tfidf+perp,2,1,0.9986202408485234,True
5816,5816,2918,0,tfidf+perp,2,0,0.0024652050932065734,True
5817,5817,2918,1,tfidf+perp,2,1,0.9304605292259907,True
5818,5818,2919,0,tfidf+perp,2,0,0.003660836054762353,True
5819,5819,2919,1,tfidf+perp,2,1,0.9794408646927951,True
5820,5820,2920,0,tfidf+perp,2,0,0.017493905578320378,True
5821,5821,2920,1,tfidf+perp,2,1,0.9984389266102218,True
5822,5822,2921,0,tfidf+perp,2,0,0.032149385440928185,True
5823,5823,2921,1,tfidf+perp,2,1,0.957396585370029,True
5824,5824,2922,0,tfidf+perp,2,0,0.0024292504801112355,True
5825,5825,2922,1,tfidf+perp,2,1,0.999598269501407,True
5826,5826,2923,0,tfidf+perp,2,0,0.0005045996752777115,True
5827,5827,2923,1,tfidf+perp,2,1,0.9985326687180052,True
5828,5828,2924,0,tfidf+perp,2,0,0.016564579058198563,True
5829,5829,2924,1,tfidf+perp,2,1,0.9978014875755511,True
5830,5830,2925,0,tfidf+perp,2,0,0.00410596461848152,True
5831,5831,2925,1,tfidf+perp,2,1,0.9746583672424802,True
5832,5832,2926,0,tfidf+perp,2,0,0.02089194976625864,True
5833,5833,2926,1,tfidf+perp,2,1,0.9966421682406905,True
5834,5834,2927,0,tfidf+perp,2,0,0.0170728314249439,True
5835,5835,2927,1,tfidf+perp,2,1,0.999691863757795,True
5836,5836,2928,0,tfidf+perp,2,1,0.6791045127031394,False
5837,5837,2928,1,tfidf+perp,2,1,0.9984198808168716,True
5838,5838,2929,0,tfidf+perp,2,0,0.12164820657217558,True
5839,5839,2929,1,tfidf+perp,2,1,0.9962549330966711,True
5840,5840,2930,0,tfidf+perp,2,0,0.16165251349763193,True
5841,5841,2930,1,tfidf+perp,2,1,0.9998692417588054,True
5842,5842,2931,0,tfidf+perp,2,0,0.04856594162579551,True
5843,5843,2931,1,tfidf+perp,2,1,0.9943944336400052,True
5844,5844,2932,0,tfidf+perp,2,0,0.009427740192101823,True
5845,5845,2932,1,tfidf+perp,2,1,0.9879234689227928,True
5846,5846,2933,0,tfidf+perp,2,0,0.0008230635048542048,True
5847,5847,2933,1,tfidf+perp,2,1,0.9859954972701268,True
5848,5848,2934,0,tfidf+perp,2,0,0.004404983526419339,True
5849,5849,2934,1,tfidf+perp,2,1,0.9880145220689297,True
5850,5850,2935,0,tfidf+perp,2,0,0.19868468031635328,True
5851,5851,2935,1,tfidf+perp,2,1,0.9791326560341581,True
5852,5852,2936,0,tfidf+perp,2,0,0.0008939408951178769,True
5853,5853,2936,1,tfidf+perp,2,1,0.9978853284112944,True
5854,5854,2937,0,tfidf+perp,2,0,0.002040331311045122,True
5855,5855,2937,1,tfidf+perp,2,1,0.9801837211930592,True
5856,5856,2938,0,tfidf+perp,2,0,0.26161245868958033,True
5857,5857,2938,1,tfidf+perp,2,1,0.9858010553756311,True
5858,5858,2939,0,tfidf+perp,2,0,0.04255339398359126,True
5859,5859,2939,1,tfidf+perp,2,1,0.9937252889168418,True
5860,5860,2940,0,tfidf+perp,2,0,0.0017328114371136254,True
5861,5861,2940,1,tfidf+perp,2,1,0.9785984275377405,True
5862,5862,2941,0,tfidf+perp,2,0,0.0018052477131676936,True
5863,5863,2941,1,tfidf+perp,2,1,0.969938538534369,True
5864,5864,2942,0,tfidf+perp,2,0,0.18658071578701044,True
5865,5865,2942,1,tfidf+perp,2,1,0.9981093076814072,True
5866,5866,2943,0,tfidf+perp,2,0,0.03738989604292401,True
5867,5867,2943,1,tfidf+perp,2,1,0.9648274224565581,True
5868,5868,2944,0,tfidf+perp,2,0,0.2060965671973886,True
5869,5869,2944,1,tfidf+perp,2,1,0.5650087976397571,True
5870,5870,2945,0,tfidf+perp,2,1,0.6106509039166208,False
5871,5871,2945,1,tfidf+perp,2,1,0.999334271709183,True
5872,5872,2946,0,tfidf+perp,2,0,0.02102020740104136,True
5873,5873,2946,1,tfidf+perp,2,1,0.9997934863423612,True
5874,5874,2947,0,tfidf+perp,2,0,0.0021290425861249535,True
5875,5875,2947,1,tfidf+perp,2,1,0.9354801662210146,True
5876,5876,2948,0,tfidf+perp,2,0,0.002126401528780461,True
5877,5877,2948,1,tfidf+perp,2,1,0.9472114624693756,True
5878,5878,2949,0,tfidf+perp,2,0,0.00041465616225032245,True
5879,5879,2949,1,tfidf+perp,2,1,0.9371158938339947,True
5880,5880,2950,0,tfidf+perp,2,0,0.06401645527764027,True
5881,5881,2950,1,tfidf+perp,2,1,0.9952331521973589,True
5882,5882,2951,0,tfidf+perp,2,0,0.0002320701226282018,True
5883,5883,2951,1,tfidf+perp,2,1,0.9927039668519869,True
5884,5884,2952,0,tfidf+perp,2,0,0.0008798974223814298,True
5885,5885,2952,1,tfidf+perp,2,1,0.9793799097327477,True
5886,5886,2953,0,tfidf+perp,2,0,0.04373020066987084,True
5887,5887,2953,1,tfidf+perp,2,1,0.999754315851633,True
5888,5888,2954,0,tfidf+perp,2,0,0.060651817037262884,True
5889,5889,2954,1,tfidf+perp,2,1,0.998468142005725,True
5890,5890,2955,0,tfidf+perp,2,0,0.014755467954297882,True
5891,5891,2955,1,tfidf+perp,2,1,0.9907518893853192,True
5892,5892,2956,0,tfidf+perp,2,0,0.0006921530573942175,True
5893,5893,2956,1,tfidf+perp,2,1,0.9559221189378269,True
5894,5894,2957,0,tfidf+perp,2,0,0.023070680404299437,True
5895,5895,2957,1,tfidf+perp,2,1,0.9454969115237956,True
5896,5896,2958,0,tfidf+perp,2,0,0.0070528633968345664,True
5897,5897,2958,1,tfidf+perp,2,1,0.9979506696952325,True
5898,5898,2959,0,tfidf+perp,2,0,0.006562145902047048,True
5899,5899,2959,1,tfidf+perp,2,1,0.9549299359686803,True
5900,5900,2960,0,tfidf+perp,2,0,0.0002343632821136336,True
5901,5901,2960,1,tfidf+perp,2,1,0.9300044242781413,True
5902,5902,2961,0,tfidf+perp,2,0,0.021910660163210516,True
5903,5903,2961,1,tfidf+perp,2,1,0.9949755616677792,True
5904,5904,2962,0,tfidf+perp,2,0,0.17185778088763665,True
5905,5905,2962,1,tfidf+perp,2,0,0.4227403707948156,False
5906,5906,2963,0,tfidf+perp,2,0,0.0005465041215814599,True
5907,5907,2963,1,tfidf+perp,2,1,0.9996538369555662,True
5908,5908,2964,0,tfidf+perp,2,0,0.0017293801361744612,True
5909,5909,2964,1,tfidf+perp,2,1,0.9840540019009443,True
5910,5910,2965,0,tfidf+perp,2,0,0.0018765322110572671,True
5911,5911,2965,1,tfidf+perp,2,1,0.9861050998431871,True
5912,5912,2966,0,tfidf+perp,2,0,0.005491564346741115,True
5913,5913,2966,1,tfidf+perp,2,1,0.9975598566005405,True
5914,5914,2967,0,tfidf+perp,2,0,0.010682434361259062,True
5915,5915,2967,1,tfidf+perp,2,1,0.9886622370613012,True
5916,5916,2968,0,tfidf+perp,2,0,0.005151581789100243,True
5917,5917,2968,1,tfidf+perp,2,1,0.9963477763382158,True
5918,5918,2969,0,tfidf+perp,2,0,0.06334225047773494,True
5919,5919,2969,1,tfidf+perp,2,1,0.9943735075442462,True
5920,5920,2970,0,tfidf+perp,2,0,0.0007554870566301611,True
5921,5921,2970,1,tfidf+perp,2,1,0.9979280822806786,True
5922,5922,2971,0,tfidf+perp,2,0,0.006862800195556468,True
5923,5923,2971,1,tfidf+perp,2,1,0.9961718455710235,True
5924,5924,2972,0,tfidf+perp,2,0,0.02914998997745775,True
5925,5925,2972,1,tfidf+perp,2,1,0.9893926468717243,True
5926,5926,2973,1,tfidf+perp,2,1,0.9868525146292954,True
5927,5927,2974,0,tfidf+perp,2,0,0.00047276969645181863,True
5928,5928,2974,1,tfidf+perp,2,0,0.01155554755863965,False
5929,5929,2975,0,tfidf+perp,2,0,0.013829227372633585,True
5930,5930,2975,1,tfidf+perp,2,1,0.9964366171919548,True
5931,5931,2976,0,tfidf+perp,2,0,0.0016872162564701692,True
5932,5932,2976,1,tfidf+perp,2,1,0.9870062576377949,True
5933,5933,2977,0,tfidf+perp,2,0,0.005877863623189238,True
5934,5934,2977,1,tfidf+perp,2,1,0.9901055282946515,True
5935,5935,2978,0,tfidf+perp,2,0,0.0026494914842566013,True
5936,5936,2978,1,tfidf+perp,2,1,0.9971721878359024,True
5937,5937,2979,0,tfidf+perp,2,0,0.00028176677451182037,True
5938,5938,2979,1,tfidf+perp,2,1,0.9990898856942206,True
5939,5939,2980,0,tfidf+perp,2,0,0.15455510109554235,True
5940,5940,2980,1,tfidf+perp,2,1,0.996512653810446,True
5941,5941,2981,0,tfidf+perp,2,0,0.0003114966196527393,True
5942,5942,2981,1,tfidf+perp,2,1,0.9852544716682963,True
5943,5943,2982,0,tfidf+perp,2,0,0.007636840497253788,True
5944,5944,2982,1,tfidf+perp,2,1,0.993417621529397,True
5945,5945,2983,0,tfidf+perp,2,0,0.0061289877496281744,True
5946,5946,2983,1,tfidf+perp,2,1,0.9862234877959136,True
5947,5947,2984,0,tfidf+perp,2,0,0.0020540614153365323,True
5948,5948,2984,1,tfidf+perp,2,1,0.9991197581780819,True
5949,5949,2985,0,tfidf+perp,2,0,0.005683602112846631,True
5950,5950,2985,1,tfidf+perp,2,1,0.9434182225187697,True
5951,5951,2986,0,tfidf+perp,2,0,0.006167983437958392,True
5952,5952,2986,1,tfidf+perp,2,1,0.9961366006357657,True
5953,5953,2987,0,tfidf+perp,2,0,0.06566066046273025,True
5954,5954,2987,1,tfidf+perp,2,1,0.9962808162550537,True
5955,5955,2988,0,tfidf+perp,2,0,0.032855104057194565,True
5956,5956,2988,1,tfidf+perp,2,1,0.9991725216812354,True
5957,5957,2989,0,tfidf+perp,2,0,0.05746213038414141,True
5958,5958,2989,1,tfidf+perp,2,1,0.9994686648684041,True
5959,5959,2990,0,tfidf+perp,2,0,0.002129685457212423,True
5960,5960,2990,1,tfidf+perp,2,1,0.9716047441375116,True
5961,5961,2991,0,tfidf+perp,2,1,0.5152645469897275,False
5962,5962,2991,1,tfidf+perp,2,1,0.9973528924661317,True
5963,5963,2992,0,tfidf+perp,2,0,0.03883267557620992,True
5964,5964,2992,1,tfidf+perp,2,1,0.9998118007315804,True
5965,5965,2993,0,tfidf+perp,2,0,0.0005364957541318284,True
5966,5966,2993,1,tfidf+perp,2,1,0.9861824283618399,True
5967,5967,2994,0,tfidf+perp,2,0,0.0024009458816820852,True
5968,5968,2994,1,tfidf+perp,2,1,0.9996679667785418,True
5969,5969,2995,0,tfidf+perp,2,0,0.0006436730943437776,True
5970,5970,2995,1,tfidf+perp,2,1,0.9975799195790073,True
5971,5971,2996,0,tfidf+perp,2,1,0.5968906037237608,False
5972,5972,2996,1,tfidf+perp,2,1,0.9995093261154393,True
5973,5973,2997,0,tfidf+perp,2,0,0.0004867587564586728,True
5974,5974,2997,1,tfidf+perp,2,1,0.9983380156783245,True
5975,5975,2998,0,tfidf+perp,2,0,0.0007529536618361045,True
5976,5976,2998,1,tfidf+perp,2,1,0.8742693589368937,True
5977,5977,2999,0,tfidf+perp,2,0,0.0184617078421863,True
5978,5978,2999,1,tfidf+perp,2,1,0.9670678789961892,True
