row_index,doc_id,source_id,label_aktual,kombinasi,n_fitur,prediksi,probabilitas_AI,benar
0,0,0,0,tfidf+bert,2,0,0.12631193153507592,True
1,1,0,1,tfidf+bert,2,1,0.9691030682436786,True
2,2,1,0,tfidf+bert,2,0,0.004265036665420289,True
3,3,1,1,tfidf+bert,2,1,0.8590356916132683,True
4,4,2,0,tfidf+bert,2,0,0.027627738376237714,True
5,5,2,1,tfidf+bert,2,1,0.9382561634581517,True
6,6,3,0,tfidf+bert,2,0,0.06698043595403463,True
7,7,3,1,tfidf+bert,2,1,0.9953558048522805,True
8,8,4,0,tfidf+bert,2,0,0.027533080327510454,True
9,9,4,1,tfidf+bert,2,1,0.9872867715822065,True
10,10,5,0,tfidf+bert,2,0,0.029118503880007852,True
11,11,5,1,tfidf+bert,2,1,0.9111615074395046,True
12,12,6,0,tfidf+bert,2,0,0.001560205886334198,True
13,13,6,1,tfidf+bert,2,1,0.9023791383910581,True
14,14,7,0,tfidf+bert,2,0,0.0031215271367300394,True
15,15,7,1,tfidf+bert,2,1,0.9785465435920057,True
16,16,8,0,tfidf+bert,2,0,0.030880609450639834,True
17,17,8,1,tfidf+bert,2,1,0.9831038763160129,True
18,18,9,0,tfidf+bert,2,1,0.6685478375117677,False
19,19,9,1,tfidf+bert,2,1,0.9719926344383746,True
20,20,10,0,tfidf+bert,2,0,0.06787986784424209,True
21,21,10,1,tfidf+bert,2,1,0.9839537259557676,True
22,22,11,0,tfidf+bert,2,0,0.023719978372093727,True
23,23,11,1,tfidf+bert,2,1,0.6395112134076315,True
24,24,12,0,tfidf+bert,2,0,0.20598653020446808,True
25,25,12,1,tfidf+bert,2,1,0.9896380565397496,True
26,26,13,0,tfidf+bert,2,0,0.41777872824842455,True
27,27,13,1,tfidf+bert,2,1,0.8366490447082117,True
28,28,14,0,tfidf+bert,2,0,0.01845473727791004,True
29,29,14,1,tfidf+bert,2,1,0.9814741454935468,True
30,30,15,0,tfidf+bert,2,0,0.10955077973975681,True
31,31,15,1,tfidf+bert,2,1,0.9948492134514192,True
32,32,16,0,tfidf+bert,2,0,0.3116803044377298,True
33,33,16,1,tfidf+bert,2,1,0.9568379715159977,True
34,34,17,0,tfidf+bert,2,0,0.01648338200057119,True
35,35,17,1,tfidf+bert,2,1,0.9993866890309991,True
36,36,18,0,tfidf+bert,2,0,0.06255932371825655,True
37,37,18,1,tfidf+bert,2,1,0.9699972192163742,True
38,38,19,0,tfidf+bert,2,0,0.14855652459252108,True
39,39,19,1,tfidf+bert,2,1,0.9986128069537208,True
40,40,20,0,tfidf+bert,2,0,0.015223220289440493,True
41,41,20,1,tfidf+bert,2,1,0.8932865578163102,True
42,42,21,0,tfidf+bert,2,0,0.2595052207449824,True
43,43,21,1,tfidf+bert,2,1,0.8385836311244368,True
44,44,22,0,tfidf+bert,2,0,0.1932001733543098,True
45,45,22,1,tfidf+bert,2,1,0.9643929011784964,True
46,46,23,0,tfidf+bert,2,0,0.00014611632269864402,True
47,47,23,1,tfidf+bert,2,1,0.9977630932544191,True
48,48,24,0,tfidf+bert,2,0,0.2496167481420514,True
49,49,24,1,tfidf+bert,2,1,0.881558238357784,True
50,50,25,0,tfidf+bert,2,0,0.0588015741103654,True
51,51,25,1,tfidf+bert,2,1,0.9903331235012501,True
52,52,26,0,tfidf+bert,2,0,0.45120723600575485,True
53,53,26,1,tfidf+bert,2,1,0.989011322497392,True
54,54,27,0,tfidf+bert,2,0,0.01905924524921536,True
55,55,27,1,tfidf+bert,2,1,0.9209269333882534,True
56,56,28,0,tfidf+bert,2,0,0.3458506092049007,True
57,57,28,1,tfidf+bert,2,1,0.9994033845481668,True
58,58,29,0,tfidf+bert,2,0,0.4789496519002751,True
59,59,29,1,tfidf+bert,2,1,0.9959903737452093,True
60,60,30,0,tfidf+bert,2,0,0.05624190709327017,True
61,61,30,1,tfidf+bert,2,1,0.998845165920836,True
62,62,31,0,tfidf+bert,2,0,0.003907603063295973,True
63,63,31,1,tfidf+bert,2,1,0.983458865299968,True
64,64,32,0,tfidf+bert,2,0,0.010963270293251262,True
65,65,32,1,tfidf+bert,2,0,0.039091044275899434,False
66,66,33,0,tfidf+bert,2,0,0.00570914441714893,True
67,67,33,1,tfidf+bert,2,1,0.9890232216028045,True
68,68,34,0,tfidf+bert,2,0,0.31488750788494485,True
69,69,34,1,tfidf+bert,2,1,0.939799411561343,True
70,70,35,0,tfidf+bert,2,0,0.004190169994116065,True
71,71,35,1,tfidf+bert,2,1,0.9877016322846442,True
72,72,36,0,tfidf+bert,2,0,0.05325732908173937,True
73,73,36,1,tfidf+bert,2,1,0.8843998129907529,True
74,74,37,0,tfidf+bert,2,0,0.0024370660965236783,True
75,75,37,1,tfidf+bert,2,1,0.9599239217772472,True
76,76,38,0,tfidf+bert,2,0,0.14121508678110856,True
77,77,38,1,tfidf+bert,2,1,0.9995445895895829,True
78,78,39,0,tfidf+bert,2,0,0.013750443564614006,True
79,79,39,1,tfidf+bert,2,1,0.9946137927180722,True
80,80,40,0,tfidf+bert,2,0,0.0074760080167554635,True
81,81,40,1,tfidf+bert,2,1,0.8456736227789907,True
82,82,41,0,tfidf+bert,2,0,0.01972900788402062,True
83,83,41,1,tfidf+bert,2,1,0.8515592540767164,True
84,84,42,0,tfidf+bert,2,0,0.04813906304211698,True
85,85,42,1,tfidf+bert,2,1,0.9817240278035269,True
86,86,43,0,tfidf+bert,2,0,0.024777260736352762,True
87,87,43,1,tfidf+bert,2,1,0.9995772072192645,True
88,88,44,0,tfidf+bert,2,0,0.009737831401195203,True
89,89,44,1,tfidf+bert,2,1,0.9747194676686226,True
90,90,45,0,tfidf+bert,2,0,0.48901679787761587,True
91,91,45,1,tfidf+bert,2,1,0.5908632345150676,True
92,92,46,0,tfidf+bert,2,0,0.012987027249719382,True
93,93,46,1,tfidf+bert,2,1,0.9991844328713356,True
94,94,47,0,tfidf+bert,2,0,0.043081132366832926,True
95,95,47,1,tfidf+bert,2,1,0.9430741767708861,True
96,96,48,0,tfidf+bert,2,0,0.0010560365044919656,True
97,97,48,1,tfidf+bert,2,0,0.13877883943393027,False
98,98,49,0,tfidf+bert,2,0,0.00054315950906049,True
99,99,49,1,tfidf+bert,2,1,0.8159433719228615,True
100,100,50,0,tfidf+bert,2,0,0.24042538888772533,True
101,101,50,1,tfidf+bert,2,1,0.9973994673027051,True
102,102,51,0,tfidf+bert,2,0,0.034349392702789756,True
103,103,51,1,tfidf+bert,2,1,0.9968806999225687,True
104,104,52,0,tfidf+bert,2,0,0.002773143559784681,True
105,105,52,1,tfidf+bert,2,0,0.47669181760130425,False
106,106,53,0,tfidf+bert,2,0,0.004025603498521964,True
107,107,53,1,tfidf+bert,2,1,0.99602811560734,True
108,108,54,0,tfidf+bert,2,0,0.035408144974975464,True
109,109,54,1,tfidf+bert,2,1,0.6161799307929563,True
110,110,55,0,tfidf+bert,2,0,0.000808516485053681,True
111,111,55,1,tfidf+bert,2,1,0.9853327290975336,True
112,112,56,0,tfidf+bert,2,0,0.00717263296120338,True
113,113,56,1,tfidf+bert,2,1,0.9807941846062691,True
114,114,57,0,tfidf+bert,2,0,0.007432099603926673,True
115,115,57,1,tfidf+bert,2,1,0.8387037513568165,True
116,116,58,0,tfidf+bert,2,0,0.035735777744162124,True
117,117,58,1,tfidf+bert,2,1,0.9941422185627135,True
118,118,59,0,tfidf+bert,2,0,0.006470561266122451,True
119,119,59,1,tfidf+bert,2,1,0.9997100948243409,True
120,120,60,0,tfidf+bert,2,0,0.005688960339206614,True
121,121,60,1,tfidf+bert,2,1,0.986050600498818,True
122,122,61,0,tfidf+bert,2,0,0.00865325148671311,True
123,123,61,1,tfidf+bert,2,1,0.8952690858949742,True
124,124,62,0,tfidf+bert,2,0,0.007428536371232567,True
125,125,62,1,tfidf+bert,2,1,0.9872475573082587,True
126,126,63,0,tfidf+bert,2,0,0.015314384368882038,True
127,127,63,1,tfidf+bert,2,1,0.9755139417706942,True
128,128,64,0,tfidf+bert,2,0,0.0059654122001842926,True
129,129,64,1,tfidf+bert,2,1,0.8781836387385746,True
130,130,65,0,tfidf+bert,2,1,0.6455419258710341,False
131,131,65,1,tfidf+bert,2,1,0.9228027017763352,True
132,132,66,0,tfidf+bert,2,1,0.79328527989945,False
133,133,66,1,tfidf+bert,2,1,0.9429058217112073,True
134,134,67,0,tfidf+bert,2,0,0.0923170251695609,True
135,135,67,1,tfidf+bert,2,1,0.9764714175519241,True
136,136,68,0,tfidf+bert,2,0,0.01865794936695966,True
137,137,68,1,tfidf+bert,2,1,0.9988231035637871,True
138,138,69,0,tfidf+bert,2,0,0.026084514662559604,True
139,139,69,1,tfidf+bert,2,1,0.8107993730849924,True
140,140,70,0,tfidf+bert,2,0,0.013363964507388634,True
141,141,70,1,tfidf+bert,2,1,0.7975344560734734,True
142,142,71,0,tfidf+bert,2,0,0.0034265555307971436,True
143,143,71,1,tfidf+bert,2,1,0.9992257536475361,True
144,144,72,0,tfidf+bert,2,0,0.012941381196989623,True
145,145,72,1,tfidf+bert,2,1,0.9862396066546862,True
146,146,73,1,tfidf+bert,2,1,0.9986958976137945,True
147,147,74,0,tfidf+bert,2,0,0.0018772962664043251,True
148,148,74,1,tfidf+bert,2,1,0.9987196174475855,True
149,149,75,0,tfidf+bert,2,0,0.0636264936009816,True
150,150,75,1,tfidf+bert,2,1,0.9874867425911107,True
151,151,76,0,tfidf+bert,2,0,0.02880202601364507,True
152,152,76,1,tfidf+bert,2,1,0.9912466358880838,True
153,153,77,0,tfidf+bert,2,0,0.004957872927636511,True
154,154,77,1,tfidf+bert,2,1,0.7364287324777825,True
155,155,78,0,tfidf+bert,2,0,0.18895503099428282,True
156,156,78,1,tfidf+bert,2,1,0.9795052977230324,True
157,157,79,0,tfidf+bert,2,0,0.1256090154140209,True
158,158,79,1,tfidf+bert,2,1,0.9635027831018871,True
159,159,80,0,tfidf+bert,2,0,0.05506197631910837,True
160,160,80,1,tfidf+bert,2,1,0.6113892300504044,True
161,161,81,0,tfidf+bert,2,0,0.19362869781704695,True
162,162,81,1,tfidf+bert,2,1,0.9981303857141208,True
163,163,82,0,tfidf+bert,2,0,0.0034140113503771676,True
164,164,82,1,tfidf+bert,2,1,0.9813524693199576,True
165,165,83,0,tfidf+bert,2,0,0.0010518686133422182,True
166,166,83,1,tfidf+bert,2,1,0.9342240509351957,True
167,167,84,0,tfidf+bert,2,0,0.002051908612175184,True
168,168,84,1,tfidf+bert,2,1,0.9259611394670962,True
169,169,85,0,tfidf+bert,2,0,0.0006849214747952399,True
170,170,85,1,tfidf+bert,2,1,0.9979958266598167,True
171,171,86,0,tfidf+bert,2,0,0.16118922621661486,True
172,172,86,1,tfidf+bert,2,1,0.9991641644989936,True
173,173,87,0,tfidf+bert,2,0,0.01950902882017703,True
174,174,87,1,tfidf+bert,2,1,0.9955020837665981,True
175,175,88,0,tfidf+bert,2,1,0.7702009275301744,False
176,176,88,1,tfidf+bert,2,1,0.9919038014502035,True
177,177,89,0,tfidf+bert,2,0,0.003376670091816647,True
178,178,89,1,tfidf+bert,2,1,0.9947987831583349,True
179,179,90,0,tfidf+bert,2,0,0.010039104051767,True
180,180,90,1,tfidf+bert,2,1,0.9803441258476217,True
181,181,91,0,tfidf+bert,2,0,0.008657267756669565,True
182,182,91,1,tfidf+bert,2,1,0.9880045704487758,True
183,183,92,0,tfidf+bert,2,1,0.5587739198713932,False
184,184,92,1,tfidf+bert,2,1,0.9992339760695156,True
185,185,93,0,tfidf+bert,2,0,0.009661642730966296,True
186,186,93,1,tfidf+bert,2,1,0.989639625432083,True
187,187,94,0,tfidf+bert,2,0,0.08414413879344618,True
188,188,94,1,tfidf+bert,2,1,0.9950634989019863,True
189,189,95,0,tfidf+bert,2,0,0.0041138315719662375,True
190,190,95,1,tfidf+bert,2,1,0.9645695950017277,True
191,191,96,0,tfidf+bert,2,0,0.003758268102825343,True
192,192,96,1,tfidf+bert,2,1,0.9731236594664966,True
193,193,97,0,tfidf+bert,2,0,0.0010761254999222091,True
194,194,97,1,tfidf+bert,2,1,0.9730855868001094,True
195,195,98,0,tfidf+bert,2,0,0.00534342327970886,True
196,196,98,1,tfidf+bert,2,1,0.9168510751292408,True
197,197,99,0,tfidf+bert,2,0,0.003069940153144957,True
198,198,99,1,tfidf+bert,2,1,0.9964544939500738,True
199,199,100,0,tfidf+bert,2,0,0.001441622078682668,True
200,200,100,1,tfidf+bert,2,1,0.9988193544148005,True
201,201,101,0,tfidf+bert,2,0,0.00455625508012226,True
202,202,101,1,tfidf+bert,2,1,0.987896025011332,True
203,203,102,0,tfidf+bert,2,0,0.002472119661708802,True
204,204,102,1,tfidf+bert,2,1,0.9821544965565858,True
205,205,103,0,tfidf+bert,2,0,0.008512750305804711,True
206,206,103,1,tfidf+bert,2,1,0.9927493831001801,True
207,207,104,0,tfidf+bert,2,1,0.6002757537117052,False
208,208,104,1,tfidf+bert,2,1,0.997230714488979,True
209,209,105,0,tfidf+bert,2,0,0.01655047845312279,True
210,210,105,1,tfidf+bert,2,1,0.9975971566421192,True
211,211,106,0,tfidf+bert,2,0,0.05402445846496064,True
212,212,106,1,tfidf+bert,2,1,0.8751581160524555,True
213,213,107,0,tfidf+bert,2,0,0.007360239287425031,True
214,214,107,1,tfidf+bert,2,1,0.9953614629124641,True
215,215,108,0,tfidf+bert,2,0,0.00029234889750869616,True
216,216,108,1,tfidf+bert,2,1,0.9636503753228661,True
217,217,109,0,tfidf+bert,2,0,0.01497525353296129,True
218,218,109,1,tfidf+bert,2,1,0.9723302967948281,True
219,219,110,0,tfidf+bert,2,0,0.008108238871310914,True
220,220,110,1,tfidf+bert,2,1,0.9862412482450923,True
221,221,111,0,tfidf+bert,2,0,0.002111291140055226,True
222,222,111,1,tfidf+bert,2,1,0.7436415733812889,True
223,223,112,0,tfidf+bert,2,0,0.0006003388543015058,True
224,224,112,1,tfidf+bert,2,1,0.9815686126676174,True
225,225,113,0,tfidf+bert,2,0,0.0007965752271896184,True
226,226,113,1,tfidf+bert,2,1,0.9233198671703368,True
227,227,114,0,tfidf+bert,2,0,0.03312715476438255,True
228,228,114,1,tfidf+bert,2,1,0.9579376880029199,True
229,229,115,0,tfidf+bert,2,0,0.008739103187107801,True
230,230,115,1,tfidf+bert,2,1,0.9729361808523369,True
231,231,116,0,tfidf+bert,2,0,0.018556531733351797,True
232,232,116,1,tfidf+bert,2,1,0.9861519386285166,True
233,233,117,0,tfidf+bert,2,0,0.02046835745048736,True
234,234,117,1,tfidf+bert,2,1,0.7782379274045801,True
235,235,118,0,tfidf+bert,2,0,0.07292028682289362,True
236,236,118,1,tfidf+bert,2,1,0.9993566166735888,True
237,237,119,0,tfidf+bert,2,0,0.0005913137081901954,True
238,238,119,1,tfidf+bert,2,1,0.8852085116102586,True
239,239,120,0,tfidf+bert,2,0,0.16540302727377654,True
240,240,120,1,tfidf+bert,2,1,0.8285916299187559,True
241,241,121,0,tfidf+bert,2,0,0.011700368333089317,True
242,242,121,1,tfidf+bert,2,1,0.9985976999834982,True
243,243,122,0,tfidf+bert,2,0,0.019312546230730483,True
244,244,122,1,tfidf+bert,2,1,0.9971100555331038,True
245,245,123,0,tfidf+bert,2,0,0.018334236097325183,True
246,246,123,1,tfidf+bert,2,1,0.9645710747980336,True
247,247,124,0,tfidf+bert,2,0,0.0016468002045998138,True
248,248,124,1,tfidf+bert,2,1,0.9973153190007656,True
249,249,125,0,tfidf+bert,2,0,0.08460242788571437,True
250,250,125,1,tfidf+bert,2,1,0.9574213885086649,True
251,251,126,0,tfidf+bert,2,0,0.007092466866600948,True
252,252,126,1,tfidf+bert,2,1,0.9985560629949125,True
253,253,127,0,tfidf+bert,2,0,0.008330758103124886,True
254,254,127,1,tfidf+bert,2,1,0.9911373631460761,True
255,255,128,0,tfidf+bert,2,0,0.00164506528417932,True
256,256,128,1,tfidf+bert,2,1,0.9764748840498961,True
257,257,129,0,tfidf+bert,2,0,0.028398372672206407,True
258,258,129,1,tfidf+bert,2,1,0.9821191714547739,True
259,259,130,0,tfidf+bert,2,0,0.0005060086762278393,True
260,260,130,1,tfidf+bert,2,1,0.7602508090736299,True
261,261,131,0,tfidf+bert,2,0,0.0016818008811334592,True
262,262,131,1,tfidf+bert,2,1,0.9899463494782432,True
263,263,132,0,tfidf+bert,2,0,0.0698965562156132,True
264,264,132,1,tfidf+bert,2,1,0.9925430743430048,True
265,265,133,0,tfidf+bert,2,0,0.001598820897190679,True
266,266,133,1,tfidf+bert,2,1,0.9781772425415427,True
267,267,134,0,tfidf+bert,2,1,0.5907079879244045,False
268,268,134,1,tfidf+bert,2,1,0.959130566785859,True
269,269,135,0,tfidf+bert,2,0,0.01569955609026081,True
270,270,135,1,tfidf+bert,2,1,0.9929346946108575,True
271,271,136,0,tfidf+bert,2,0,0.0719325832285411,True
272,272,136,1,tfidf+bert,2,1,0.8515123988118605,True
273,273,137,0,tfidf+bert,2,0,0.00818984816675641,True
274,274,137,1,tfidf+bert,2,1,0.8467771975581158,True
275,275,138,0,tfidf+bert,2,0,0.025806829997100145,True
276,276,138,1,tfidf+bert,2,1,0.9622215120955656,True
277,277,139,0,tfidf+bert,2,0,0.0019122570887462587,True
278,278,139,1,tfidf+bert,2,1,0.9797864537309765,True
279,279,140,0,tfidf+bert,2,0,0.051114478493434076,True
280,280,140,1,tfidf+bert,2,1,0.7930536100297174,True
281,281,141,0,tfidf+bert,2,0,0.0591376531457425,True
282,282,141,1,tfidf+bert,2,1,0.982263488037275,True
283,283,142,0,tfidf+bert,2,0,0.19111086835884275,True
284,284,142,1,tfidf+bert,2,1,0.9981141615784892,True
285,285,143,0,tfidf+bert,2,0,0.017768916640360094,True
286,286,143,1,tfidf+bert,2,1,0.9966563772953222,True
287,287,144,0,tfidf+bert,2,0,0.0021956923218479085,True
288,288,144,1,tfidf+bert,2,1,0.9094265539072582,True
289,289,145,0,tfidf+bert,2,0,0.04620636494911406,True
290,290,145,1,tfidf+bert,2,1,0.9977330636687372,True
291,291,146,0,tfidf+bert,2,1,0.793332808981783,False
292,292,146,1,tfidf+bert,2,1,0.8835642310790685,True
293,293,147,0,tfidf+bert,2,0,0.21256450296196946,True
294,294,147,1,tfidf+bert,2,1,0.9684429496989737,True
295,295,148,0,tfidf+bert,2,0,0.003661521308828495,True
296,296,148,1,tfidf+bert,2,1,0.5906732303664006,True
297,297,149,0,tfidf+bert,2,0,0.019489990464766994,True
298,298,149,1,tfidf+bert,2,1,0.9173924868862173,True
299,299,150,0,tfidf+bert,2,0,0.001511211464710226,True
300,300,150,1,tfidf+bert,2,1,0.9902761505871638,True
301,301,151,0,tfidf+bert,2,0,0.12013025063258771,True
302,302,151,1,tfidf+bert,2,1,0.9663270817148621,True
303,303,152,0,tfidf+bert,2,0,0.003959826541704088,True
304,304,152,1,tfidf+bert,2,1,0.840985488294918,True
305,305,153,0,tfidf+bert,2,0,0.013169424830474627,True
306,306,153,1,tfidf+bert,2,1,0.9974275852983331,True
307,307,154,0,tfidf+bert,2,0,0.06466612180546989,True
308,308,154,1,tfidf+bert,2,1,0.9984899581325821,True
309,309,155,0,tfidf+bert,2,0,0.0010613984755529064,True
310,310,155,1,tfidf+bert,2,1,0.9975768603128066,True
311,311,156,0,tfidf+bert,2,0,0.004336806356696888,True
312,312,156,1,tfidf+bert,2,1,0.9995034299156597,True
313,313,157,0,tfidf+bert,2,0,0.008154711318360154,True
314,314,157,1,tfidf+bert,2,1,0.9441841778132932,True
315,315,158,0,tfidf+bert,2,0,0.00030040644407217446,True
316,316,158,1,tfidf+bert,2,1,0.9966549172708316,True
317,317,159,0,tfidf+bert,2,0,0.0009888124481918876,True
318,318,159,1,tfidf+bert,2,1,0.9997716576470447,True
319,319,160,0,tfidf+bert,2,0,0.06828212671642986,True
320,320,160,1,tfidf+bert,2,1,0.9977375356679564,True
321,321,161,0,tfidf+bert,2,0,0.0017270198105917287,True
322,322,161,1,tfidf+bert,2,1,0.9993557374478604,True
323,323,162,0,tfidf+bert,2,0,0.04435399766380053,True
324,324,162,1,tfidf+bert,2,1,0.9982498032645291,True
325,325,163,0,tfidf+bert,2,0,0.0014794523828490416,True
326,326,163,1,tfidf+bert,2,1,0.9604289041990628,True
327,327,164,0,tfidf+bert,2,0,0.006665294462778402,True
328,328,164,1,tfidf+bert,2,1,0.9951316353681179,True
329,329,165,0,tfidf+bert,2,0,0.11117996864372427,True
330,330,165,1,tfidf+bert,2,1,0.9923520086069263,True
331,331,166,0,tfidf+bert,2,0,0.004682150893168702,True
332,332,166,1,tfidf+bert,2,1,0.7052058512865563,True
333,333,167,0,tfidf+bert,2,0,0.09389246477338192,True
334,334,167,1,tfidf+bert,2,1,0.9607251807190074,True
335,335,168,0,tfidf+bert,2,0,0.004114458784761817,True
336,336,168,1,tfidf+bert,2,1,0.9941844467263533,True
337,337,169,0,tfidf+bert,2,0,0.001202851364104331,True
338,338,169,1,tfidf+bert,2,1,0.9960037934094683,True
339,339,170,0,tfidf+bert,2,0,0.000788135655713567,True
340,340,170,1,tfidf+bert,2,1,0.9967018869026099,True
341,341,171,0,tfidf+bert,2,0,0.012043265164281296,True
342,342,171,1,tfidf+bert,2,1,0.992879886211041,True
343,343,172,0,tfidf+bert,2,0,0.0030970341202962784,True
344,344,172,1,tfidf+bert,2,1,0.8024366812917132,True
345,345,173,0,tfidf+bert,2,0,0.0022181332332654805,True
346,346,173,1,tfidf+bert,2,1,0.9938134232899334,True
347,347,174,0,tfidf+bert,2,0,0.014493567423514707,True
348,348,174,1,tfidf+bert,2,1,0.9852472767824874,True
349,349,175,0,tfidf+bert,2,0,0.007171093045425065,True
350,350,175,1,tfidf+bert,2,1,0.9556256329630154,True
351,351,176,0,tfidf+bert,2,0,0.005627275131401473,True
352,352,176,1,tfidf+bert,2,1,0.9912736202066338,True
353,353,177,0,tfidf+bert,2,0,0.04473480161010719,True
354,354,177,1,tfidf+bert,2,1,0.8141870028977091,True
355,355,178,0,tfidf+bert,2,0,0.008242181326693781,True
356,356,178,1,tfidf+bert,2,1,0.9916211864356379,True
357,357,179,0,tfidf+bert,2,0,0.14863994930421867,True
358,358,179,1,tfidf+bert,2,1,0.9734144442948377,True
359,359,180,0,tfidf+bert,2,0,0.002097911275161202,True
360,360,180,1,tfidf+bert,2,1,0.9781131168874985,True
361,361,181,0,tfidf+bert,2,0,0.0023689100609611134,True
362,362,181,1,tfidf+bert,2,1,0.9974813366997507,True
363,363,182,0,tfidf+bert,2,0,0.000439324569735305,True
364,364,182,1,tfidf+bert,2,1,0.9942313866072873,True
365,365,183,0,tfidf+bert,2,0,0.000962979719257018,True
366,366,183,1,tfidf+bert,2,0,0.21420787744170863,False
367,367,184,0,tfidf+bert,2,0,0.00014176495587598699,True
368,368,184,1,tfidf+bert,2,1,0.7807713432658433,True
369,369,185,0,tfidf+bert,2,0,0.1038325286438015,True
370,370,185,1,tfidf+bert,2,1,0.945633643423898,True
371,371,186,0,tfidf+bert,2,1,0.6781166731096776,False
372,372,186,1,tfidf+bert,2,1,0.9889418290231434,True
373,373,187,0,tfidf+bert,2,0,0.016564820157933723,True
374,374,187,1,tfidf+bert,2,1,0.9996696775207695,True
375,375,188,0,tfidf+bert,2,0,0.0032844033565717643,True
376,376,188,1,tfidf+bert,2,1,0.9987429753128355,True
377,377,189,0,tfidf+bert,2,0,0.0029048712664358246,True
378,378,189,1,tfidf+bert,2,1,0.9789441926057281,True
379,379,190,0,tfidf+bert,2,0,0.0025904178024082204,True
380,380,190,1,tfidf+bert,2,1,0.9661757820393796,True
381,381,191,0,tfidf+bert,2,0,0.02633863426968766,True
382,382,191,1,tfidf+bert,2,1,0.9450972309921535,True
383,383,192,0,tfidf+bert,2,0,0.0188841409044317,True
384,384,192,1,tfidf+bert,2,1,0.9970484875263462,True
385,385,193,0,tfidf+bert,2,0,0.0036520426416047098,True
386,386,193,1,tfidf+bert,2,1,0.9969237805624833,True
387,387,194,0,tfidf+bert,2,0,0.003297212446005021,True
388,388,194,1,tfidf+bert,2,1,0.842480385038884,True
389,389,195,0,tfidf+bert,2,0,0.020223835587021836,True
390,390,195,1,tfidf+bert,2,1,0.9990001049168866,True
391,391,196,0,tfidf+bert,2,0,0.008174471842911705,True
392,392,196,1,tfidf+bert,2,1,0.9947989472990028,True
393,393,197,0,tfidf+bert,2,0,0.013629010692406058,True
394,394,197,1,tfidf+bert,2,1,0.9804362067907194,True
395,395,198,0,tfidf+bert,2,0,0.004408243786427859,True
396,396,198,1,tfidf+bert,2,1,0.9995870995569733,True
397,397,199,0,tfidf+bert,2,0,0.025356271183623796,True
398,398,199,1,tfidf+bert,2,1,0.8751556854247605,True
399,399,200,0,tfidf+bert,2,0,0.00013477185390531077,True
400,400,200,1,tfidf+bert,2,1,0.9977435274320852,True
401,401,201,0,tfidf+bert,2,0,0.024560437181878097,True
402,402,201,1,tfidf+bert,2,1,0.9920765389992261,True
403,403,202,0,tfidf+bert,2,0,0.0011954330074744148,True
404,404,202,1,tfidf+bert,2,1,0.6274515317025647,True
405,405,203,0,tfidf+bert,2,0,0.105743731985912,True
406,406,203,1,tfidf+bert,2,1,0.7598932946100405,True
407,407,204,0,tfidf+bert,2,0,0.37026132823072305,True
408,408,204,1,tfidf+bert,2,1,0.9933016128812,True
409,409,205,0,tfidf+bert,2,0,0.0006072813214980595,True
410,410,205,1,tfidf+bert,2,1,0.87365547722871,True
411,411,206,0,tfidf+bert,2,0,0.03032721802507952,True
412,412,206,1,tfidf+bert,2,1,0.9910130220538951,True
413,413,207,0,tfidf+bert,2,0,0.009074886282806805,True
414,414,207,1,tfidf+bert,2,1,0.7556646785125832,True
415,415,208,0,tfidf+bert,2,0,0.362721202913724,True
416,416,208,1,tfidf+bert,2,1,0.9875921070254131,True
417,417,209,0,tfidf+bert,2,0,0.004046176921380943,True
418,418,209,1,tfidf+bert,2,1,0.9989970321633503,True
419,419,210,0,tfidf+bert,2,0,0.025174704023944366,True
420,420,210,1,tfidf+bert,2,1,0.9686080232076201,True
421,421,211,0,tfidf+bert,2,0,0.0024794490242670392,True
422,422,211,1,tfidf+bert,2,1,0.9618661688502205,True
423,423,212,0,tfidf+bert,2,0,0.113704733634722,True
424,424,212,1,tfidf+bert,2,1,0.9586989135993729,True
425,425,213,0,tfidf+bert,2,0,0.2878738630850088,True
426,426,213,1,tfidf+bert,2,1,0.9999479059296539,True
427,427,214,0,tfidf+bert,2,0,6.490109527387232e-05,True
428,428,214,1,tfidf+bert,2,1,0.9953828976522429,True
429,429,215,0,tfidf+bert,2,0,0.0012164164426814027,True
430,430,215,1,tfidf+bert,2,0,0.43707580869094115,False
431,431,216,0,tfidf+bert,2,0,0.03868465536365254,True
432,432,216,1,tfidf+bert,2,1,0.9888523107660994,True
433,433,217,0,tfidf+bert,2,0,0.004281218144799584,True
434,434,217,1,tfidf+bert,2,1,0.9823681056660777,True
435,435,218,0,tfidf+bert,2,0,0.0023625780284262676,True
436,436,218,1,tfidf+bert,2,1,0.9146672636335721,True
437,437,219,0,tfidf+bert,2,0,0.012017198094575679,True
438,438,219,1,tfidf+bert,2,1,0.9484540540212955,True
439,439,220,0,tfidf+bert,2,1,0.5070339738392369,False
440,440,220,1,tfidf+bert,2,1,0.9986161685497917,True
441,441,221,0,tfidf+bert,2,0,0.004986977555586853,True
442,442,221,1,tfidf+bert,2,1,0.997308478390284,True
443,443,222,0,tfidf+bert,2,0,0.01517027129633279,True
444,444,222,1,tfidf+bert,2,1,0.9984538459614362,True
445,445,223,0,tfidf+bert,2,0,0.027697113278640217,True
446,446,223,1,tfidf+bert,2,1,0.9942851811976942,True
447,447,224,0,tfidf+bert,2,0,0.04901946830292157,True
448,448,224,1,tfidf+bert,2,1,0.9974463783721974,True
449,449,225,0,tfidf+bert,2,0,0.00016191805834723808,True
450,450,225,1,tfidf+bert,2,1,0.9978517319762976,True
451,451,226,0,tfidf+bert,2,0,0.3361190471327384,True
452,452,226,1,tfidf+bert,2,1,0.9783570405294263,True
453,453,227,0,tfidf+bert,2,0,0.030132266319076485,True
454,454,227,1,tfidf+bert,2,1,0.7816117867192566,True
455,455,228,0,tfidf+bert,2,0,0.0034690047928726403,True
456,456,228,1,tfidf+bert,2,1,0.9972723658904888,True
457,457,229,0,tfidf+bert,2,0,0.10814564141986382,True
458,458,229,1,tfidf+bert,2,1,0.9853155927882974,True
459,459,230,0,tfidf+bert,2,0,0.008187046043104476,True
460,460,230,1,tfidf+bert,2,1,0.5964505395320531,True
461,461,231,0,tfidf+bert,2,0,0.0019174749859955757,True
462,462,231,1,tfidf+bert,2,1,0.9988651933628163,True
463,463,232,0,tfidf+bert,2,0,0.3603133301532424,True
464,464,232,1,tfidf+bert,2,1,0.9427843531378677,True
465,465,233,0,tfidf+bert,2,0,0.007450183865426244,True
466,466,233,1,tfidf+bert,2,1,0.9937436497936616,True
467,467,234,0,tfidf+bert,2,0,0.0006119558840806001,True
468,468,234,1,tfidf+bert,2,1,0.9768190926489714,True
469,469,235,0,tfidf+bert,2,0,0.0075030524142053615,True
470,470,235,1,tfidf+bert,2,1,0.9832583057637263,True
471,471,236,0,tfidf+bert,2,0,0.003911544552640898,True
472,472,236,1,tfidf+bert,2,1,0.5761876438194016,True
473,473,237,0,tfidf+bert,2,0,0.04378074158955468,True
474,474,237,1,tfidf+bert,2,1,0.9996069640744094,True
475,475,238,0,tfidf+bert,2,0,0.0008524289343631473,True
476,476,238,1,tfidf+bert,2,1,0.9405263880412107,True
477,477,239,0,tfidf+bert,2,0,0.0012851335980828204,True
478,478,239,1,tfidf+bert,2,1,0.9986693072731535,True
479,479,240,0,tfidf+bert,2,0,0.0018995618783208218,True
480,480,240,1,tfidf+bert,2,1,0.9747289720382415,True
481,481,241,0,tfidf+bert,2,0,0.006637792022176549,True
482,482,241,1,tfidf+bert,2,1,0.9926599452125605,True
483,483,242,0,tfidf+bert,2,0,0.007148240705419861,True
484,484,242,1,tfidf+bert,2,1,0.9986724135603146,True
485,485,243,0,tfidf+bert,2,0,0.00980587450500079,True
486,486,243,1,tfidf+bert,2,1,0.9931664913928178,True
487,487,244,0,tfidf+bert,2,0,0.0018579007752267745,True
488,488,244,1,tfidf+bert,2,1,0.9889005166704626,True
489,489,245,0,tfidf+bert,2,0,0.009156126293201748,True
490,490,245,1,tfidf+bert,2,1,0.9968780435585497,True
491,491,246,0,tfidf+bert,2,0,0.025305564219334227,True
492,492,246,1,tfidf+bert,2,1,0.9092112524385675,True
493,493,247,0,tfidf+bert,2,1,0.9511101106229991,False
494,494,247,1,tfidf+bert,2,1,0.998803874657055,True
495,495,248,0,tfidf+bert,2,0,0.08088670428977553,True
496,496,248,1,tfidf+bert,2,1,0.9996823760411971,True
497,497,249,0,tfidf+bert,2,0,0.03859992179952098,True
498,498,249,1,tfidf+bert,2,1,0.7975933933920057,True
499,499,250,0,tfidf+bert,2,0,0.02273506434566725,True
500,500,250,1,tfidf+bert,2,1,0.9959170830484466,True
501,501,251,0,tfidf+bert,2,0,0.0035592371387848628,True
502,502,251,1,tfidf+bert,2,1,0.9988998780152766,True
503,503,252,0,tfidf+bert,2,0,0.02021974670602769,True
504,504,252,1,tfidf+bert,2,1,0.9986813165067295,True
505,505,253,0,tfidf+bert,2,0,0.0015252580396153056,True
506,506,253,1,tfidf+bert,2,1,0.9996994102957475,True
507,507,254,0,tfidf+bert,2,0,0.0006417615955000173,True
508,508,254,1,tfidf+bert,2,1,0.9557729793819608,True
509,509,255,0,tfidf+bert,2,0,0.009086222726680311,True
510,510,255,1,tfidf+bert,2,1,0.9944091739124498,True
511,511,256,0,tfidf+bert,2,0,0.08890490021188155,True
512,512,256,1,tfidf+bert,2,1,0.9660351663187378,True
513,513,257,0,tfidf+bert,2,0,0.07054245772346006,True
514,514,257,1,tfidf+bert,2,1,0.9874962054184824,True
515,515,258,0,tfidf+bert,2,0,0.004000771286637836,True
516,516,258,1,tfidf+bert,2,1,0.9893644646208042,True
517,517,259,0,tfidf+bert,2,0,0.004025653493246444,True
518,518,259,1,tfidf+bert,2,1,0.977690157573881,True
519,519,260,0,tfidf+bert,2,0,0.006347905539948512,True
520,520,260,1,tfidf+bert,2,1,0.9896345243205131,True
521,521,261,0,tfidf+bert,2,0,0.0033843390372422506,True
522,522,261,1,tfidf+bert,2,1,0.9984442451241811,True
523,523,262,0,tfidf+bert,2,0,0.14004293799037257,True
524,524,262,1,tfidf+bert,2,1,0.995543168711195,True
525,525,263,0,tfidf+bert,2,0,0.00815901369953171,True
526,526,263,1,tfidf+bert,2,1,0.9865113040627451,True
527,527,264,0,tfidf+bert,2,0,0.07216835659547456,True
528,528,264,1,tfidf+bert,2,1,0.9676717196837046,True
529,529,265,0,tfidf+bert,2,0,0.0006249239862623459,True
530,530,265,1,tfidf+bert,2,1,0.9946138398955279,True
531,531,266,0,tfidf+bert,2,0,0.00518070161621276,True
532,532,266,1,tfidf+bert,2,1,0.9882947935204525,True
533,533,267,0,tfidf+bert,2,0,0.0017153673715038014,True
534,534,267,1,tfidf+bert,2,1,0.9783557463414371,True
535,535,268,0,tfidf+bert,2,0,0.03742275586714741,True
536,536,268,1,tfidf+bert,2,1,0.9985930507364049,True
537,537,269,0,tfidf+bert,2,0,0.005118092047975094,True
538,538,269,1,tfidf+bert,2,1,0.965251730047915,True
539,539,270,0,tfidf+bert,2,0,0.017464960980841368,True
540,540,270,1,tfidf+bert,2,1,0.9983788583060633,True
541,541,271,0,tfidf+bert,2,1,0.6080796148874632,False
542,542,271,1,tfidf+bert,2,1,0.9860900909195375,True
543,543,272,0,tfidf+bert,2,0,0.08737173877505935,True
544,544,272,1,tfidf+bert,2,1,0.9975500756629959,True
545,545,273,0,tfidf+bert,2,1,0.5970502483509306,False
546,546,273,1,tfidf+bert,2,1,0.9750659880028444,True
547,547,274,0,tfidf+bert,2,0,0.016526539495025003,True
548,548,274,1,tfidf+bert,2,1,0.9993232060320238,True
549,549,275,0,tfidf+bert,2,0,0.011070268998502423,True
550,550,275,1,tfidf+bert,2,1,0.9349409534459469,True
551,551,276,0,tfidf+bert,2,0,0.046846334718553026,True
552,552,276,1,tfidf+bert,2,1,0.7880174773071893,True
553,553,277,0,tfidf+bert,2,0,0.02654349060349673,True
554,554,277,1,tfidf+bert,2,1,0.9769442115504225,True
555,555,278,0,tfidf+bert,2,0,0.04149657085374195,True
556,556,278,1,tfidf+bert,2,1,0.9984550835457286,True
557,557,279,0,tfidf+bert,2,0,0.0035961746714417648,True
558,558,279,1,tfidf+bert,2,1,0.9951097927189838,True
559,559,280,0,tfidf+bert,2,0,0.009730864238237278,True
560,560,280,1,tfidf+bert,2,1,0.6124823071548156,True
561,561,281,0,tfidf+bert,2,0,0.002611707673304832,True
562,562,281,1,tfidf+bert,2,1,0.9995452026214332,True
563,563,282,0,tfidf+bert,2,1,0.5527455437391658,False
564,564,282,1,tfidf+bert,2,1,0.982557728488384,True
565,565,283,0,tfidf+bert,2,0,0.010073418818733432,True
566,566,283,1,tfidf+bert,2,1,0.9971629959030209,True
567,567,284,0,tfidf+bert,2,0,0.002234503868986976,True
568,568,284,1,tfidf+bert,2,1,0.9514781762105666,True
569,569,285,0,tfidf+bert,2,0,0.03672160137921272,True
570,570,285,1,tfidf+bert,2,1,0.9859627184842056,True
571,571,286,0,tfidf+bert,2,0,0.03154380435230404,True
572,572,286,1,tfidf+bert,2,1,0.7900265426894958,True
573,573,287,0,tfidf+bert,2,0,0.15508510124814395,True
574,574,287,1,tfidf+bert,2,1,0.9734789254911944,True
575,575,288,0,tfidf+bert,2,0,0.007853302793920502,True
576,576,288,1,tfidf+bert,2,1,0.9964774287976093,True
577,577,289,0,tfidf+bert,2,0,0.01200049950647249,True
578,578,289,1,tfidf+bert,2,1,0.9999033678197029,True
579,579,290,0,tfidf+bert,2,0,0.007407979608599317,True
580,580,290,1,tfidf+bert,2,1,0.9973995454809326,True
581,581,291,0,tfidf+bert,2,0,0.013409886498200093,True
582,582,291,1,tfidf+bert,2,1,0.9937779391037035,True
583,583,292,0,tfidf+bert,2,0,0.053093124818738846,True
584,584,292,1,tfidf+bert,2,1,0.9984701380700944,True
585,585,293,0,tfidf+bert,2,0,0.11858580875907905,True
586,586,293,1,tfidf+bert,2,1,0.9962307374721828,True
587,587,294,0,tfidf+bert,2,0,0.005139276067081842,True
588,588,294,1,tfidf+bert,2,1,0.947979072408352,True
589,589,295,0,tfidf+bert,2,0,0.006451627668642078,True
590,590,295,1,tfidf+bert,2,1,0.9957326685299241,True
591,591,296,0,tfidf+bert,2,0,0.07960405478146733,True
592,592,296,1,tfidf+bert,2,1,0.938978931535213,True
593,593,297,0,tfidf+bert,2,0,0.009316162787096521,True
594,594,297,1,tfidf+bert,2,1,0.9868808893118037,True
595,595,298,0,tfidf+bert,2,0,0.004366196386568274,True
596,596,298,1,tfidf+bert,2,1,0.9960430740340575,True
597,597,299,0,tfidf+bert,2,0,0.01689937080782758,True
598,598,299,1,tfidf+bert,2,1,0.9884514198354817,True
599,599,300,0,tfidf+bert,2,0,0.02131015109047697,True
600,600,300,1,tfidf+bert,2,1,0.9979934707429637,True
601,601,301,0,tfidf+bert,2,0,0.028368170988015882,True
602,602,301,1,tfidf+bert,2,1,0.9528249216096166,True
603,603,302,0,tfidf+bert,2,0,0.004092873908375161,True
604,604,302,1,tfidf+bert,2,1,0.9867367114050747,True
605,605,303,0,tfidf+bert,2,0,0.0022613577359515166,True
606,606,303,1,tfidf+bert,2,1,0.9983928778929283,True
607,607,304,0,tfidf+bert,2,0,0.008895892017217397,True
608,608,304,1,tfidf+bert,2,1,0.9987262630578251,True
609,609,305,0,tfidf+bert,2,0,0.011058942818493832,True
610,610,305,1,tfidf+bert,2,1,0.9786001178686327,True
611,611,306,0,tfidf+bert,2,0,0.0013607308524687868,True
612,612,306,1,tfidf+bert,2,1,0.9794734822533682,True
613,613,307,0,tfidf+bert,2,0,0.001737423151849605,True
614,614,307,1,tfidf+bert,2,1,0.6714735255986477,True
615,615,308,0,tfidf+bert,2,0,0.004237164064406397,True
616,616,308,1,tfidf+bert,2,1,0.9987046106730724,True
617,617,309,0,tfidf+bert,2,0,0.2793700712729501,True
618,618,309,1,tfidf+bert,2,1,0.996968556316875,True
619,619,310,0,tfidf+bert,2,0,0.003103159821407257,True
620,620,310,1,tfidf+bert,2,1,0.9997678688487778,True
621,621,311,0,tfidf+bert,2,0,0.014047551218491505,True
622,622,311,1,tfidf+bert,2,1,0.9960239415682686,True
623,623,312,0,tfidf+bert,2,0,0.018592373666105062,True
624,624,312,1,tfidf+bert,2,1,0.9998756810729864,True
625,625,313,0,tfidf+bert,2,0,0.002016732862592963,True
626,626,313,1,tfidf+bert,2,1,0.9931422583008495,True
627,627,314,0,tfidf+bert,2,0,0.003940424061332047,True
628,628,314,1,tfidf+bert,2,1,0.9945308568134551,True
629,629,315,0,tfidf+bert,2,0,0.0006659914628485715,True
630,630,315,1,tfidf+bert,2,1,0.9133480910201042,True
631,631,316,0,tfidf+bert,2,0,0.04835646860701882,True
632,632,316,1,tfidf+bert,2,1,0.9804938646369054,True
633,633,317,0,tfidf+bert,2,0,0.011011697676595295,True
634,634,317,1,tfidf+bert,2,1,0.9978797925533825,True
635,635,318,0,tfidf+bert,2,0,0.0013064573169135807,True
636,636,318,1,tfidf+bert,2,1,0.9800849770646056,True
637,637,319,0,tfidf+bert,2,0,0.0067249114083689126,True
638,638,319,1,tfidf+bert,2,1,0.9548792398213877,True
639,639,320,0,tfidf+bert,2,0,0.007445337581898003,True
640,640,320,1,tfidf+bert,2,1,0.9981316853189126,True
641,641,321,0,tfidf+bert,2,0,0.06534866443103858,True
642,642,321,1,tfidf+bert,2,1,0.9681120308520045,True
643,643,322,0,tfidf+bert,2,0,0.4457162577170712,True
644,644,322,1,tfidf+bert,2,1,0.880749303735421,True
645,645,323,0,tfidf+bert,2,0,0.029754745493174282,True
646,646,323,1,tfidf+bert,2,1,0.9847997647957574,True
647,647,324,0,tfidf+bert,2,0,0.005324542139245479,True
648,648,324,1,tfidf+bert,2,1,0.9986044601648161,True
649,649,325,0,tfidf+bert,2,0,0.0034129347844688704,True
650,650,325,1,tfidf+bert,2,1,0.9909983162067849,True
651,651,326,0,tfidf+bert,2,0,0.016235312268703818,True
652,652,326,1,tfidf+bert,2,1,0.9824639444523079,True
653,653,327,0,tfidf+bert,2,0,0.4689489890280083,True
654,654,327,1,tfidf+bert,2,1,0.9471337323687422,True
655,655,328,0,tfidf+bert,2,0,0.1896850110960621,True
656,656,328,1,tfidf+bert,2,1,0.9990828704174629,True
657,657,329,0,tfidf+bert,2,0,0.0018461937949546105,True
658,658,329,1,tfidf+bert,2,1,0.9931103085446296,True
659,659,330,0,tfidf+bert,2,0,0.02802344127810312,True
660,660,330,1,tfidf+bert,2,1,0.6985332730428817,True
661,661,331,0,tfidf+bert,2,0,0.0026493456355345807,True
662,662,331,1,tfidf+bert,2,1,0.9859326240151893,True
663,663,332,0,tfidf+bert,2,0,0.02364258293341773,True
664,664,332,1,tfidf+bert,2,1,0.9607544190135024,True
665,665,333,0,tfidf+bert,2,0,0.0016946008130379225,True
666,666,333,1,tfidf+bert,2,0,0.0980812038202124,False
667,667,334,0,tfidf+bert,2,0,0.001187917217761273,True
668,668,334,1,tfidf+bert,2,1,0.9890848226797904,True
669,669,335,0,tfidf+bert,2,0,0.1206966064864897,True
670,670,335,1,tfidf+bert,2,1,0.9757347350537473,True
671,671,336,0,tfidf+bert,2,0,0.0029903043005157564,True
672,672,336,1,tfidf+bert,2,1,0.972643755472728,True
673,673,337,0,tfidf+bert,2,0,0.00941184318790058,True
674,674,337,1,tfidf+bert,2,1,0.9867683126814081,True
675,675,338,0,tfidf+bert,2,0,0.002710155244521276,True
676,676,338,1,tfidf+bert,2,0,0.2616201751970921,False
677,677,339,0,tfidf+bert,2,0,0.000757838274789759,True
678,678,339,1,tfidf+bert,2,1,0.9953824615110758,True
679,679,340,0,tfidf+bert,2,0,0.004870214680195979,True
680,680,340,1,tfidf+bert,2,1,0.9996204517939211,True
681,681,341,0,tfidf+bert,2,0,0.008932431079346869,True
682,682,341,1,tfidf+bert,2,1,0.8069892095895347,True
683,683,342,0,tfidf+bert,2,0,0.00083751416000872,True
684,684,342,1,tfidf+bert,2,1,0.9971744023223788,True
685,685,343,0,tfidf+bert,2,0,0.009801907666554697,True
686,686,343,1,tfidf+bert,2,1,0.9972419672778507,True
687,687,344,0,tfidf+bert,2,0,0.020199964205348836,True
688,688,344,1,tfidf+bert,2,1,0.9991095930622562,True
689,689,345,0,tfidf+bert,2,0,0.015298436592571948,True
690,690,345,1,tfidf+bert,2,1,0.9951323713464995,True
691,691,346,0,tfidf+bert,2,0,0.005337538738657272,True
692,692,346,1,tfidf+bert,2,1,0.9979398704766792,True
693,693,347,0,tfidf+bert,2,0,0.1103396588517033,True
694,694,347,1,tfidf+bert,2,1,0.9019602592922583,True
695,695,348,0,tfidf+bert,2,0,0.05560518087956834,True
696,696,348,1,tfidf+bert,2,1,0.9882422279015826,True
697,697,349,0,tfidf+bert,2,0,0.018374692241789455,True
698,698,349,1,tfidf+bert,2,1,0.9932354652605586,True
699,699,350,0,tfidf+bert,2,0,0.006123979090773558,True
700,700,350,1,tfidf+bert,2,1,0.870154931901664,True
701,701,351,0,tfidf+bert,2,0,0.010245766313701159,True
702,702,351,1,tfidf+bert,2,1,0.9560707170064624,True
703,703,352,0,tfidf+bert,2,0,0.00389698969294904,True
704,704,352,1,tfidf+bert,2,1,0.9975961802331491,True
705,705,353,0,tfidf+bert,2,0,0.045451473014933325,True
706,706,353,1,tfidf+bert,2,1,0.9912253954691257,True
707,707,354,0,tfidf+bert,2,0,0.28147491516017925,True
708,708,354,1,tfidf+bert,2,1,0.5832936817601855,True
709,709,355,0,tfidf+bert,2,0,0.07132225629339627,True
710,710,355,1,tfidf+bert,2,1,0.985531399799536,True
711,711,356,0,tfidf+bert,2,0,0.008889073172103844,True
712,712,356,1,tfidf+bert,2,1,0.9978702117786709,True
713,713,357,0,tfidf+bert,2,0,0.01229978575435614,True
714,714,357,1,tfidf+bert,2,1,0.9869678712122859,True
715,715,358,0,tfidf+bert,2,0,0.005311890981351071,True
716,716,358,1,tfidf+bert,2,1,0.9983428948023428,True
717,717,359,0,tfidf+bert,2,0,0.006463492442891134,True
718,718,359,1,tfidf+bert,2,1,0.9992686193568071,True
719,719,360,0,tfidf+bert,2,0,0.006203721587083711,True
720,720,360,1,tfidf+bert,2,1,0.9940595842560702,True
721,721,361,0,tfidf+bert,2,0,0.051722366051547876,True
722,722,361,1,tfidf+bert,2,0,0.09361159025788093,False
723,723,362,0,tfidf+bert,2,0,0.0194974682458597,True
724,724,362,1,tfidf+bert,2,1,0.9962027974626955,True
725,725,363,0,tfidf+bert,2,0,0.0017159824575347395,True
726,726,363,1,tfidf+bert,2,1,0.9773811242629711,True
727,727,364,0,tfidf+bert,2,0,0.27756956017829754,True
728,728,364,1,tfidf+bert,2,1,0.9214530876266293,True
729,729,365,0,tfidf+bert,2,0,0.0018481410737675483,True
730,730,365,1,tfidf+bert,2,1,0.9942520926583509,True
731,731,366,0,tfidf+bert,2,0,0.0012643551662499556,True
732,732,366,1,tfidf+bert,2,1,0.8099300923423697,True
733,733,367,0,tfidf+bert,2,0,0.0038573875211185015,True
734,734,367,1,tfidf+bert,2,1,0.9928303204039364,True
735,735,368,0,tfidf+bert,2,0,0.002486259846784092,True
736,736,368,1,tfidf+bert,2,1,0.9285709117453,True
737,737,369,0,tfidf+bert,2,0,0.0014383105755064146,True
738,738,369,1,tfidf+bert,2,1,0.9806369416938783,True
739,739,370,0,tfidf+bert,2,0,0.0016730063431419464,True
740,740,370,1,tfidf+bert,2,1,0.9777209066680574,True
741,741,371,0,tfidf+bert,2,0,0.004190808242249839,True
742,742,371,1,tfidf+bert,2,0,0.44011504116956923,False
743,743,372,1,tfidf+bert,2,1,0.9991691411097049,True
744,744,373,0,tfidf+bert,2,0,0.02591164186743559,True
745,745,373,1,tfidf+bert,2,1,0.9542179036722593,True
746,746,374,0,tfidf+bert,2,0,0.007146932840434167,True
747,747,374,1,tfidf+bert,2,1,0.7402811112116386,True
748,748,375,0,tfidf+bert,2,0,0.06515662279898209,True
749,749,375,1,tfidf+bert,2,1,0.8541480077884382,True
750,750,376,0,tfidf+bert,2,0,0.009820193893394993,True
751,751,376,1,tfidf+bert,2,1,0.9974455014186993,True
752,752,377,0,tfidf+bert,2,0,0.16643209434542394,True
753,753,377,1,tfidf+bert,2,1,0.9945341815723863,True
754,754,378,0,tfidf+bert,2,0,0.20041791229838427,True
755,755,378,1,tfidf+bert,2,1,0.9596921589514773,True
756,756,379,0,tfidf+bert,2,0,0.013818718575363305,True
757,757,379,1,tfidf+bert,2,1,0.9997291554158579,True
758,758,380,0,tfidf+bert,2,1,0.5592258468075761,False
759,759,380,1,tfidf+bert,2,1,0.9997208888275887,True
760,760,381,0,tfidf+bert,2,0,0.4609973737743611,True
761,761,381,1,tfidf+bert,2,1,0.9991843362172644,True
762,762,382,0,tfidf+bert,2,0,0.008942686550108846,True
763,763,382,1,tfidf+bert,2,1,0.9994018625021109,True
764,764,383,0,tfidf+bert,2,0,0.09340674594868675,True
765,765,383,1,tfidf+bert,2,1,0.9939648823806209,True
766,766,384,0,tfidf+bert,2,0,0.006803986609398285,True
767,767,384,1,tfidf+bert,2,1,0.8450774673520949,True
768,768,385,0,tfidf+bert,2,0,0.002884632612734062,True
769,769,385,1,tfidf+bert,2,1,0.9794743717953698,True
770,770,386,1,tfidf+bert,2,1,0.9727839065039221,True
771,771,387,0,tfidf+bert,2,0,0.03468891842609076,True
772,772,387,1,tfidf+bert,2,0,0.3698361523706574,False
773,773,388,0,tfidf+bert,2,0,0.03277081149451567,True
774,774,388,1,tfidf+bert,2,1,0.9972318492263319,True
775,775,389,0,tfidf+bert,2,0,0.01080134511323153,True
776,776,389,1,tfidf+bert,2,1,0.9934149456481628,True
777,777,390,0,tfidf+bert,2,0,0.00220920348412179,True
778,778,390,1,tfidf+bert,2,1,0.9947444633641774,True
779,779,391,0,tfidf+bert,2,0,0.0029339333515466413,True
780,780,391,1,tfidf+bert,2,1,0.983177950547741,True
781,781,392,0,tfidf+bert,2,0,0.08659231173150009,True
782,782,392,1,tfidf+bert,2,1,0.9650811780286376,True
783,783,393,0,tfidf+bert,2,0,0.027241851510863037,True
784,784,393,1,tfidf+bert,2,1,0.9908586705576145,True
785,785,394,0,tfidf+bert,2,0,0.012074121611571224,True
786,786,394,1,tfidf+bert,2,1,0.9984622324778054,True
787,787,395,0,tfidf+bert,2,0,0.020783513288937117,True
788,788,395,1,tfidf+bert,2,1,0.9889331622939886,True
789,789,396,0,tfidf+bert,2,0,0.48827850038989,True
790,790,396,1,tfidf+bert,2,1,0.9825185889172462,True
791,791,397,0,tfidf+bert,2,0,0.0086737161222148,True
792,792,397,1,tfidf+bert,2,1,0.9985777004137627,True
793,793,398,0,tfidf+bert,2,0,0.014088667046029377,True
794,794,398,1,tfidf+bert,2,1,0.9093686706389954,True
795,795,399,0,tfidf+bert,2,0,0.2377248611730992,True
796,796,399,1,tfidf+bert,2,1,0.9989315792956841,True
797,797,400,0,tfidf+bert,2,0,0.008332643275300363,True
798,798,400,1,tfidf+bert,2,1,0.9986517769779284,True
799,799,401,0,tfidf+bert,2,0,0.002518152750875648,True
800,800,401,1,tfidf+bert,2,1,0.998950259861571,True
801,801,402,0,tfidf+bert,2,0,0.0002964140608836851,True
802,802,402,1,tfidf+bert,2,1,0.7470701305944333,True
803,803,403,0,tfidf+bert,2,0,0.0226972078929788,True
804,804,403,1,tfidf+bert,2,1,0.7243855341663438,True
805,805,404,0,tfidf+bert,2,0,0.04091371347626737,True
806,806,404,1,tfidf+bert,2,1,0.99448696385751,True
807,807,405,0,tfidf+bert,2,0,0.02682327240306188,True
808,808,405,1,tfidf+bert,2,1,0.9964899761393681,True
809,809,406,0,tfidf+bert,2,0,0.012725822410761733,True
810,810,406,1,tfidf+bert,2,1,0.9558086678633785,True
811,811,407,0,tfidf+bert,2,0,0.011773072635244047,True
812,812,407,1,tfidf+bert,2,1,0.9507011745938891,True
813,813,408,0,tfidf+bert,2,0,0.00031965979174053275,True
814,814,408,1,tfidf+bert,2,0,0.29724938521300365,False
815,815,409,0,tfidf+bert,2,0,0.001333022175372181,True
816,816,409,1,tfidf+bert,2,1,0.8893404434838925,True
817,817,410,0,tfidf+bert,2,0,0.009236809244876699,True
818,818,410,1,tfidf+bert,2,1,0.9980056897722636,True
819,819,411,0,tfidf+bert,2,0,0.19215579826489113,True
820,820,411,1,tfidf+bert,2,1,0.9980882338292618,True
821,821,412,0,tfidf+bert,2,0,0.0011740133825305838,True
822,822,412,1,tfidf+bert,2,1,0.9714552460793043,True
823,823,413,0,tfidf+bert,2,0,0.005203537215348593,True
824,824,413,1,tfidf+bert,2,1,0.9990745013366698,True
825,825,414,0,tfidf+bert,2,0,0.017202995033875262,True
826,826,414,1,tfidf+bert,2,1,0.864861527646003,True
827,827,415,0,tfidf+bert,2,0,0.03777084705402276,True
828,828,415,1,tfidf+bert,2,1,0.9805341983928787,True
829,829,416,0,tfidf+bert,2,0,0.01075136170854759,True
830,830,416,1,tfidf+bert,2,1,0.790290659378766,True
831,831,417,0,tfidf+bert,2,0,0.004514254122978616,True
832,832,417,1,tfidf+bert,2,1,0.9715517863287481,True
833,833,418,0,tfidf+bert,2,0,0.01860179816179596,True
834,834,418,1,tfidf+bert,2,1,0.9976002095481711,True
835,835,419,0,tfidf+bert,2,0,0.17527289334365106,True
836,836,419,1,tfidf+bert,2,1,0.984050426788922,True
837,837,420,0,tfidf+bert,2,0,0.12341291298488063,True
838,838,420,1,tfidf+bert,2,1,0.9750614200503889,True
839,839,421,0,tfidf+bert,2,0,0.0019720544164648613,True
840,840,421,1,tfidf+bert,2,1,0.8882721372630621,True
841,841,422,0,tfidf+bert,2,0,0.0007817545248418414,True
842,842,422,1,tfidf+bert,2,1,0.9672153338277021,True
843,843,423,0,tfidf+bert,2,0,0.003846452758836667,True
844,844,423,1,tfidf+bert,2,1,0.9978571474742395,True
845,845,424,0,tfidf+bert,2,0,0.008391237295936332,True
846,846,424,1,tfidf+bert,2,1,0.9937361786843503,True
847,847,425,1,tfidf+bert,2,1,0.9961627897760191,True
848,848,426,1,tfidf+bert,2,1,0.9991967016482146,True
849,849,427,0,tfidf+bert,2,1,0.5438687469030931,False
850,850,427,1,tfidf+bert,2,1,0.9963727535808695,True
851,851,428,0,tfidf+bert,2,0,0.005298216210765838,True
852,852,428,1,tfidf+bert,2,1,0.985642986445696,True
853,853,429,0,tfidf+bert,2,0,0.028580512121333296,True
854,854,429,1,tfidf+bert,2,1,0.9954377167490595,True
855,855,430,0,tfidf+bert,2,0,0.056984608092970554,True
856,856,430,1,tfidf+bert,2,1,0.9933368233256397,True
857,857,431,0,tfidf+bert,2,0,0.0005167712289216253,True
858,858,431,1,tfidf+bert,2,1,0.9981260509408528,True
859,859,432,0,tfidf+bert,2,0,0.00037496875295923,True
860,860,432,1,tfidf+bert,2,1,0.8883024517612226,True
861,861,433,0,tfidf+bert,2,0,0.0011121193171335308,True
862,862,433,1,tfidf+bert,2,1,0.9914386527090946,True
863,863,434,0,tfidf+bert,2,0,0.0014478424329889845,True
864,864,434,1,tfidf+bert,2,1,0.5739083508325182,True
865,865,435,0,tfidf+bert,2,0,0.05592979338940085,True
866,866,435,1,tfidf+bert,2,0,0.12763422060265298,False
867,867,436,0,tfidf+bert,2,0,0.0010838156716355663,True
868,868,436,1,tfidf+bert,2,1,0.9918289735795656,True
869,869,437,0,tfidf+bert,2,0,0.003221372001496601,True
870,870,437,1,tfidf+bert,2,1,0.9975724250361816,True
871,871,438,0,tfidf+bert,2,0,0.0020303133761396855,True
872,872,438,1,tfidf+bert,2,1,0.998478383040616,True
873,873,439,0,tfidf+bert,2,0,0.001836691780274624,True
874,874,439,1,tfidf+bert,2,1,0.9979154843282854,True
875,875,440,0,tfidf+bert,2,0,0.05140699871109675,True
876,876,440,1,tfidf+bert,2,1,0.9915711504530934,True
877,877,441,0,tfidf+bert,2,0,0.00010924641329299459,True
878,878,441,1,tfidf+bert,2,1,0.9977120853455179,True
879,879,442,0,tfidf+bert,2,0,0.016448923372465684,True
880,880,442,1,tfidf+bert,2,0,0.17804570959727029,False
881,881,443,0,tfidf+bert,2,0,0.04468839103436278,True
882,882,443,1,tfidf+bert,2,1,0.9989702080316408,True
883,883,444,0,tfidf+bert,2,0,0.0019076066133681248,True
884,884,444,1,tfidf+bert,2,1,0.9293200550193723,True
885,885,445,0,tfidf+bert,2,0,0.004335710967208033,True
886,886,445,1,tfidf+bert,2,1,0.8002159335231236,True
887,887,446,0,tfidf+bert,2,0,0.03804791410702992,True
888,888,446,1,tfidf+bert,2,0,0.22820187587428326,False
889,889,447,0,tfidf+bert,2,0,0.019033216217449998,True
890,890,447,1,tfidf+bert,2,1,0.9936489568604782,True
891,891,448,0,tfidf+bert,2,0,0.008023529171753833,True
892,892,448,1,tfidf+bert,2,1,0.9985780131070364,True
893,893,449,0,tfidf+bert,2,0,0.014054146686497413,True
894,894,449,1,tfidf+bert,2,1,0.9301756136729251,True
895,895,450,0,tfidf+bert,2,0,0.0008845946981090593,True
896,896,450,1,tfidf+bert,2,1,0.6166396220992599,True
897,897,451,0,tfidf+bert,2,0,0.12292221893635971,True
898,898,451,1,tfidf+bert,2,1,0.9549848031398689,True
899,899,452,0,tfidf+bert,2,0,0.2264536778267126,True
900,900,452,1,tfidf+bert,2,1,0.9666659659435468,True
901,901,453,0,tfidf+bert,2,0,0.0014628586502730466,True
902,902,453,1,tfidf+bert,2,1,0.994981869567776,True
903,903,454,0,tfidf+bert,2,1,0.5152159266309774,False
904,904,454,1,tfidf+bert,2,1,0.7372629327480871,True
905,905,455,0,tfidf+bert,2,0,0.08414113406730671,True
906,906,455,1,tfidf+bert,2,1,0.8628406795218745,True
907,907,456,0,tfidf+bert,2,0,0.030361047405716775,True
908,908,456,1,tfidf+bert,2,1,0.9999458928797379,True
909,909,457,0,tfidf+bert,2,0,0.0015908887981454657,True
910,910,457,1,tfidf+bert,2,1,0.9681695211892597,True
911,911,458,0,tfidf+bert,2,0,0.006960736032097153,True
912,912,458,1,tfidf+bert,2,1,0.9242193306212445,True
913,913,459,0,tfidf+bert,2,0,0.022648570501532767,True
914,914,459,1,tfidf+bert,2,1,0.9931359708869208,True
915,915,460,0,tfidf+bert,2,0,0.025220701338006,True
916,916,460,1,tfidf+bert,2,1,0.993732848836913,True
917,917,461,0,tfidf+bert,2,0,0.0067261495095969365,True
918,918,461,1,tfidf+bert,2,1,0.9996225574576338,True
919,919,462,0,tfidf+bert,2,0,0.0632584587641896,True
920,920,462,1,tfidf+bert,2,1,0.9993467200584146,True
921,921,463,0,tfidf+bert,2,0,0.001511458488545804,True
922,922,463,1,tfidf+bert,2,1,0.9560393261569825,True
923,923,464,0,tfidf+bert,2,0,0.2177661611788043,True
924,924,464,1,tfidf+bert,2,1,0.9992204318086104,True
925,925,465,0,tfidf+bert,2,0,0.0018771323144662737,True
926,926,465,1,tfidf+bert,2,1,0.9084462837057037,True
927,927,466,0,tfidf+bert,2,0,0.15007393852149137,True
928,928,466,1,tfidf+bert,2,1,0.9152986467133495,True
929,929,467,0,tfidf+bert,2,0,0.16472353205060025,True
930,930,467,1,tfidf+bert,2,1,0.9996927880788993,True
931,931,468,0,tfidf+bert,2,0,0.0006934358989223496,True
932,932,468,1,tfidf+bert,2,1,0.7364510333507079,True
933,933,469,0,tfidf+bert,2,0,0.08454647140503922,True
934,934,469,1,tfidf+bert,2,1,0.9489723391645243,True
935,935,470,0,tfidf+bert,2,0,0.019910827022730095,True
936,936,470,1,tfidf+bert,2,1,0.8176442939934743,True
937,937,471,0,tfidf+bert,2,0,0.005632766518543619,True
938,938,471,1,tfidf+bert,2,1,0.9997150080836859,True
939,939,472,0,tfidf+bert,2,0,0.0019777704036876512,True
940,940,472,1,tfidf+bert,2,1,0.9911169925671625,True
941,941,473,0,tfidf+bert,2,0,0.020952551043875303,True
942,942,473,1,tfidf+bert,2,1,0.9924678771320717,True
943,943,474,0,tfidf+bert,2,0,0.028970002761867186,True
944,944,474,1,tfidf+bert,2,1,0.8631512691743699,True
945,945,475,0,tfidf+bert,2,0,0.0030627894318815073,True
946,946,475,1,tfidf+bert,2,1,0.9971567707637979,True
947,947,476,0,tfidf+bert,2,0,0.009375896524264486,True
948,948,476,1,tfidf+bert,2,1,0.9717660912286492,True
949,949,477,0,tfidf+bert,2,0,0.012095112443327338,True
950,950,477,1,tfidf+bert,2,1,0.994700500857109,True
951,951,478,0,tfidf+bert,2,0,0.1166808086881869,True
952,952,478,1,tfidf+bert,2,1,0.9994251272751352,True
953,953,479,0,tfidf+bert,2,0,0.0018469329407349798,True
954,954,479,1,tfidf+bert,2,1,0.9940591380672164,True
955,955,480,0,tfidf+bert,2,0,0.008434181085405305,True
956,956,480,1,tfidf+bert,2,1,0.9752100211525482,True
957,957,481,0,tfidf+bert,2,0,0.014612411444480864,True
958,958,481,1,tfidf+bert,2,1,0.9619118667899494,True
959,959,482,0,tfidf+bert,2,0,0.0026694455940379173,True
960,960,482,1,tfidf+bert,2,1,0.9968114507131626,True
961,961,483,0,tfidf+bert,2,0,0.011932532823583811,True
962,962,483,1,tfidf+bert,2,1,0.9483932195544528,True
963,963,484,0,tfidf+bert,2,0,0.006658377859063846,True
964,964,484,1,tfidf+bert,2,1,0.9971104465325729,True
965,965,485,0,tfidf+bert,2,0,0.07320022624288612,True
966,966,485,1,tfidf+bert,2,1,0.9352827177183415,True
967,967,486,0,tfidf+bert,2,0,0.0022831793708357243,True
968,968,486,1,tfidf+bert,2,1,0.976680817446125,True
969,969,487,0,tfidf+bert,2,0,0.02567748395981014,True
970,970,487,1,tfidf+bert,2,1,0.9750899238051127,True
971,971,488,0,tfidf+bert,2,0,0.06443742695153708,True
972,972,488,1,tfidf+bert,2,1,0.9989868818665745,True
973,973,489,0,tfidf+bert,2,0,0.02308882343402058,True
974,974,489,1,tfidf+bert,2,1,0.9922940147610798,True
975,975,490,0,tfidf+bert,2,0,0.010674347084567366,True
976,976,490,1,tfidf+bert,2,1,0.9786404088541468,True
977,977,491,0,tfidf+bert,2,0,0.003632072747515157,True
978,978,491,1,tfidf+bert,2,1,0.9799956372858459,True
979,979,492,0,tfidf+bert,2,0,0.004190380320448113,True
980,980,492,1,tfidf+bert,2,1,0.7860703531455611,True
981,981,493,0,tfidf+bert,2,0,0.005030442386904777,True
982,982,493,1,tfidf+bert,2,0,0.248216190844487,False
983,983,494,0,tfidf+bert,2,0,0.0030089145632692326,True
984,984,494,1,tfidf+bert,2,1,0.9242382152446879,True
985,985,495,0,tfidf+bert,2,0,0.007145962468413843,True
986,986,495,1,tfidf+bert,2,1,0.982103218249151,True
987,987,496,0,tfidf+bert,2,0,0.011290967118342064,True
988,988,496,1,tfidf+bert,2,1,0.9991493533445991,True
989,989,497,0,tfidf+bert,2,0,0.02639237447746426,True
990,990,497,1,tfidf+bert,2,1,0.993251288961367,True
991,991,498,0,tfidf+bert,2,0,0.003284981634308299,True
992,992,498,1,tfidf+bert,2,1,0.990275808500622,True
993,993,499,0,tfidf+bert,2,0,0.0013642758050460345,True
994,994,499,1,tfidf+bert,2,0,0.047959898744309816,False
995,995,500,0,tfidf+bert,2,0,0.027078022672269584,True
996,996,500,1,tfidf+bert,2,1,0.9982090296963066,True
997,997,501,0,tfidf+bert,2,0,0.0066865616666345025,True
998,998,501,1,tfidf+bert,2,1,0.9970157384136499,True
999,999,502,0,tfidf+bert,2,0,0.08604917747662987,True
1000,1000,502,1,tfidf+bert,2,1,0.9725478012140726,True
1001,1001,503,0,tfidf+bert,2,0,0.025521360395285755,True
1002,1002,503,1,tfidf+bert,2,1,0.9993625221784197,True
1003,1003,504,0,tfidf+bert,2,0,0.013754656610209805,True
1004,1004,504,1,tfidf+bert,2,1,0.9990399018113922,True
1005,1005,505,0,tfidf+bert,2,0,0.033898733364661114,True
1006,1006,505,1,tfidf+bert,2,1,0.9595665867975087,True
1007,1007,506,0,tfidf+bert,2,0,0.011145977462756761,True
1008,1008,506,1,tfidf+bert,2,1,0.9163543747397839,True
1009,1009,507,0,tfidf+bert,2,0,0.10431268323417588,True
1010,1010,507,1,tfidf+bert,2,1,0.996124559461046,True
1011,1011,508,0,tfidf+bert,2,0,0.37238118811421406,True
1012,1012,508,1,tfidf+bert,2,1,0.9718618591798343,True
1013,1013,509,0,tfidf+bert,2,0,0.01589988327253987,True
1014,1014,509,1,tfidf+bert,2,1,0.9968503206497141,True
1015,1015,510,0,tfidf+bert,2,0,0.011028737834020357,True
1016,1016,510,1,tfidf+bert,2,0,0.44384317157514835,False
1017,1017,511,0,tfidf+bert,2,0,0.0012404180774635489,True
1018,1018,511,1,tfidf+bert,2,1,0.9935779509106992,True
1019,1019,512,0,tfidf+bert,2,0,0.45108462984298275,True
1020,1020,512,1,tfidf+bert,2,1,0.7049341728200412,True
1021,1021,513,0,tfidf+bert,2,0,0.2300633073764909,True
1022,1022,513,1,tfidf+bert,2,1,0.9958253981972407,True
1023,1023,514,0,tfidf+bert,2,0,0.049302635918250085,True
1024,1024,514,1,tfidf+bert,2,1,0.9998594392725824,True
1025,1025,515,0,tfidf+bert,2,0,0.010581911287647417,True
1026,1026,515,1,tfidf+bert,2,1,0.8333801607542007,True
1027,1027,516,0,tfidf+bert,2,0,0.014194482131151986,True
1028,1028,516,1,tfidf+bert,2,1,0.9970845869527916,True
1029,1029,517,0,tfidf+bert,2,0,0.009318125740531605,True
1030,1030,517,1,tfidf+bert,2,1,0.9974549745632693,True
1031,1031,518,0,tfidf+bert,2,0,0.0017062200801861076,True
1032,1032,518,1,tfidf+bert,2,1,0.9647459919945726,True
1033,1033,519,0,tfidf+bert,2,0,0.02452246288825266,True
1034,1034,519,1,tfidf+bert,2,1,0.9695669039867608,True
1035,1035,520,0,tfidf+bert,2,0,0.006502084961996261,True
1036,1036,520,1,tfidf+bert,2,1,0.9917503503119969,True
1037,1037,521,0,tfidf+bert,2,0,0.0026183166702400153,True
1038,1038,521,1,tfidf+bert,2,1,0.9983120832598763,True
1039,1039,522,0,tfidf+bert,2,1,0.7437208904386248,False
1040,1040,522,1,tfidf+bert,2,1,0.9914369657623933,True
1041,1041,523,0,tfidf+bert,2,0,0.018179646628279728,True
1042,1042,523,1,tfidf+bert,2,1,0.9803423920527373,True
1043,1043,524,0,tfidf+bert,2,0,0.012471230667541154,True
1044,1044,524,1,tfidf+bert,2,1,0.7628444569673797,True
1045,1045,525,0,tfidf+bert,2,0,0.007041512035178819,True
1046,1046,525,1,tfidf+bert,2,1,0.9729367286437269,True
1047,1047,526,0,tfidf+bert,2,0,0.05173966668257229,True
1048,1048,526,1,tfidf+bert,2,1,0.9832698363840596,True
1049,1049,527,0,tfidf+bert,2,0,0.0013890650475999352,True
1050,1050,527,1,tfidf+bert,2,1,0.9947093294265451,True
1051,1051,528,0,tfidf+bert,2,0,0.0016974528708591464,True
1052,1052,528,1,tfidf+bert,2,1,0.9974866614182437,True
1053,1053,529,0,tfidf+bert,2,0,0.0002936695126606153,True
1054,1054,529,1,tfidf+bert,2,1,0.9915476807604034,True
1055,1055,530,0,tfidf+bert,2,0,0.02418542256956366,True
1056,1056,530,1,tfidf+bert,2,1,0.9988991498310144,True
1057,1057,531,0,tfidf+bert,2,0,0.46808827303787515,True
1058,1058,531,1,tfidf+bert,2,1,0.994188057646162,True
1059,1059,532,0,tfidf+bert,2,0,0.000677272464441965,True
1060,1060,532,1,tfidf+bert,2,1,0.9861631519767863,True
1061,1061,533,0,tfidf+bert,2,0,0.3214430481645337,True
1062,1062,533,1,tfidf+bert,2,1,0.9729249618762037,True
1063,1063,534,0,tfidf+bert,2,0,0.0005373856477108978,True
1064,1064,534,1,tfidf+bert,2,1,0.7840346726100805,True
1065,1065,535,0,tfidf+bert,2,0,0.002462432377202209,True
1066,1066,535,1,tfidf+bert,2,1,0.8623311260172974,True
1067,1067,536,0,tfidf+bert,2,0,0.012445750365048847,True
1068,1068,536,1,tfidf+bert,2,1,0.9898544016825918,True
1069,1069,537,0,tfidf+bert,2,0,0.0025855075476837637,True
1070,1070,537,1,tfidf+bert,2,1,0.9803549854528445,True
1071,1071,538,0,tfidf+bert,2,0,0.003939394978158176,True
1072,1072,538,1,tfidf+bert,2,1,0.9853836861471222,True
1073,1073,539,0,tfidf+bert,2,0,0.009471515222438763,True
1074,1074,539,1,tfidf+bert,2,1,0.944029354448349,True
1075,1075,540,0,tfidf+bert,2,0,0.0005651180803164703,True
1076,1076,540,1,tfidf+bert,2,1,0.9623282079633956,True
1077,1077,541,0,tfidf+bert,2,0,0.034936579079438326,True
1078,1078,541,1,tfidf+bert,2,1,0.9890368486718297,True
1079,1079,542,0,tfidf+bert,2,0,0.0037620536853400725,True
1080,1080,542,1,tfidf+bert,2,1,0.5361870351067113,True
1081,1081,543,0,tfidf+bert,2,0,0.005033293879894018,True
1082,1082,543,1,tfidf+bert,2,1,0.9796476089913667,True
1083,1083,544,0,tfidf+bert,2,0,0.39685189815280436,True
1084,1084,544,1,tfidf+bert,2,1,0.9457341372139949,True
1085,1085,545,0,tfidf+bert,2,0,0.02346714477868153,True
1086,1086,545,1,tfidf+bert,2,1,0.9874488536340743,True
1087,1087,546,0,tfidf+bert,2,0,0.0002948816172423758,True
1088,1088,546,1,tfidf+bert,2,1,0.9304935164550546,True
1089,1089,547,0,tfidf+bert,2,0,0.059342857578690934,True
1090,1090,547,1,tfidf+bert,2,1,0.8837085349674335,True
1091,1091,548,0,tfidf+bert,2,0,0.0009244050780019274,True
1092,1092,548,1,tfidf+bert,2,1,0.9694759950956512,True
1093,1093,549,0,tfidf+bert,2,0,0.017721779990211347,True
1094,1094,549,1,tfidf+bert,2,1,0.9889900233553341,True
1095,1095,550,0,tfidf+bert,2,0,0.01136182546875146,True
1096,1096,550,1,tfidf+bert,2,1,0.8344443355461264,True
1097,1097,551,0,tfidf+bert,2,0,0.003765058406547952,True
1098,1098,551,1,tfidf+bert,2,1,0.9716316570555265,True
1099,1099,552,0,tfidf+bert,2,1,0.5097574291448745,False
1100,1100,552,1,tfidf+bert,2,1,0.9716117927386226,True
1101,1101,553,0,tfidf+bert,2,0,0.09955322884299195,True
1102,1102,553,1,tfidf+bert,2,1,0.997487434459899,True
1103,1103,554,0,tfidf+bert,2,0,0.014884681980816987,True
1104,1104,554,1,tfidf+bert,2,1,0.6375945800426394,True
1105,1105,555,0,tfidf+bert,2,0,0.020925538760707064,True
1106,1106,555,1,tfidf+bert,2,1,0.9919673511784439,True
1107,1107,556,0,tfidf+bert,2,0,0.01624169618323898,True
1108,1108,556,1,tfidf+bert,2,1,0.7144302270387961,True
1109,1109,557,0,tfidf+bert,2,0,0.01954717300249713,True
1110,1110,557,1,tfidf+bert,2,1,0.6567855910026846,True
1111,1111,558,0,tfidf+bert,2,0,0.045031163792000686,True
1112,1112,558,1,tfidf+bert,2,1,0.9807562022956927,True
1113,1113,559,0,tfidf+bert,2,0,0.03160984968424812,True
1114,1114,559,1,tfidf+bert,2,1,0.8376208142832743,True
1115,1115,560,0,tfidf+bert,2,0,0.005426110431952214,True
1116,1116,560,1,tfidf+bert,2,1,0.5864995019920792,True
1117,1117,561,0,tfidf+bert,2,0,0.24180032285715183,True
1118,1118,561,1,tfidf+bert,2,1,0.705947156462728,True
1119,1119,562,0,tfidf+bert,2,0,0.017627969834389037,True
1120,1120,562,1,tfidf+bert,2,1,0.635364453343776,True
1121,1121,563,0,tfidf+bert,2,0,0.0011764935326708894,True
1122,1122,563,1,tfidf+bert,2,1,0.9953261486406452,True
1123,1123,564,0,tfidf+bert,2,0,0.36794809821901514,True
1124,1124,564,1,tfidf+bert,2,1,0.9868627751420421,True
1125,1125,565,0,tfidf+bert,2,0,0.010543112385378086,True
1126,1126,565,1,tfidf+bert,2,1,0.9994094857358665,True
1127,1127,566,0,tfidf+bert,2,0,0.0009977503790723917,True
1128,1128,566,1,tfidf+bert,2,1,0.9752376852647211,True
1129,1129,567,0,tfidf+bert,2,0,0.0011792343271976008,True
1130,1130,567,1,tfidf+bert,2,1,0.9488643829178639,True
1131,1131,568,0,tfidf+bert,2,0,0.068892273238589,True
1132,1132,568,1,tfidf+bert,2,1,0.9948534819919957,True
1133,1133,569,0,tfidf+bert,2,0,0.0040357406954056145,True
1134,1134,569,1,tfidf+bert,2,1,0.9973861619245415,True
1135,1135,570,0,tfidf+bert,2,0,0.18995239648971918,True
1136,1136,570,1,tfidf+bert,2,1,0.9966468328651145,True
1137,1137,571,0,tfidf+bert,2,0,0.021933545046566333,True
1138,1138,571,1,tfidf+bert,2,1,0.9932312242325904,True
1139,1139,572,0,tfidf+bert,2,0,0.001497772074749359,True
1140,1140,572,1,tfidf+bert,2,1,0.9723614935053887,True
1141,1141,573,0,tfidf+bert,2,0,0.005427394943208203,True
1142,1142,573,1,tfidf+bert,2,1,0.7781634294376806,True
1143,1143,574,0,tfidf+bert,2,0,0.001578994673947221,True
1144,1144,574,1,tfidf+bert,2,1,0.9990479516786054,True
1145,1145,575,0,tfidf+bert,2,0,0.059468972425992896,True
1146,1146,575,1,tfidf+bert,2,1,0.9980757545727286,True
1147,1147,576,0,tfidf+bert,2,0,0.0034243899637603024,True
1148,1148,576,1,tfidf+bert,2,1,0.9869269085063277,True
1149,1149,577,0,tfidf+bert,2,0,0.4798616570048633,True
1150,1150,577,1,tfidf+bert,2,1,0.987186138167037,True
1151,1151,578,0,tfidf+bert,2,0,0.0001569358171682873,True
1152,1152,578,1,tfidf+bert,2,1,0.9251035986378838,True
1153,1153,579,0,tfidf+bert,2,0,0.006390558479707479,True
1154,1154,579,1,tfidf+bert,2,1,0.9611867461225478,True
1155,1155,580,0,tfidf+bert,2,0,0.0038026013663335,True
1156,1156,580,1,tfidf+bert,2,1,0.9920573120069015,True
1157,1157,581,0,tfidf+bert,2,0,0.01373396296213203,True
1158,1158,581,1,tfidf+bert,2,1,0.9922691238264079,True
1159,1159,582,0,tfidf+bert,2,0,0.001579555478870799,True
1160,1160,582,1,tfidf+bert,2,1,0.6354789391689752,True
1161,1161,583,0,tfidf+bert,2,0,0.033515789820416475,True
1162,1162,583,1,tfidf+bert,2,1,0.9811404479327078,True
1163,1163,584,0,tfidf+bert,2,0,0.003763499684413574,True
1164,1164,584,1,tfidf+bert,2,1,0.9631939636311384,True
1165,1165,585,0,tfidf+bert,2,0,0.0006090654134863454,True
1166,1166,585,1,tfidf+bert,2,1,0.933959916996605,True
1167,1167,586,0,tfidf+bert,2,0,0.0009022716670495561,True
1168,1168,586,1,tfidf+bert,2,1,0.9961359367709836,True
1169,1169,587,0,tfidf+bert,2,0,0.25354662149275736,True
1170,1170,587,1,tfidf+bert,2,1,0.9494317244548537,True
1171,1171,588,0,tfidf+bert,2,0,0.00016380422463108923,True
1172,1172,588,1,tfidf+bert,2,1,0.9858085517573785,True
1173,1173,589,0,tfidf+bert,2,0,0.02170173125433317,True
1174,1174,589,1,tfidf+bert,2,1,0.973434069702346,True
1175,1175,590,0,tfidf+bert,2,0,0.00798848051143775,True
1176,1176,590,1,tfidf+bert,2,1,0.9793369284622265,True
1177,1177,591,0,tfidf+bert,2,0,0.03861281105436997,True
1178,1178,591,1,tfidf+bert,2,1,0.9338565399788005,True
1179,1179,592,0,tfidf+bert,2,0,0.0009421024915977175,True
1180,1180,592,1,tfidf+bert,2,1,0.9888428876553564,True
1181,1181,593,0,tfidf+bert,2,0,0.01809019238483796,True
1182,1182,593,1,tfidf+bert,2,1,0.9988102877777351,True
1183,1183,594,0,tfidf+bert,2,0,0.002534001645422904,True
1184,1184,594,1,tfidf+bert,2,1,0.9970750359008578,True
1185,1185,595,0,tfidf+bert,2,0,0.019450421884836998,True
1186,1186,595,1,tfidf+bert,2,1,0.9846542082468309,True
1187,1187,596,0,tfidf+bert,2,0,0.013177168346703082,True
1188,1188,596,1,tfidf+bert,2,1,0.9986358037623018,True
1189,1189,597,0,tfidf+bert,2,0,0.024275105906510337,True
1190,1190,597,1,tfidf+bert,2,1,0.979489931912898,True
1191,1191,598,0,tfidf+bert,2,0,0.008615689501308034,True
1192,1192,598,1,tfidf+bert,2,0,0.1377847966670118,False
1193,1193,599,0,tfidf+bert,2,0,0.07128781991274716,True
1194,1194,599,1,tfidf+bert,2,1,0.9922509159210618,True
1195,1195,600,0,tfidf+bert,2,0,0.010307561630857526,True
1196,1196,600,1,tfidf+bert,2,1,0.9929340797981872,True
1197,1197,601,0,tfidf+bert,2,0,0.0866962101476026,True
1198,1198,601,1,tfidf+bert,2,0,0.12644449226166002,False
1199,1199,602,0,tfidf+bert,2,0,0.2229182585294851,True
1200,1200,602,1,tfidf+bert,2,1,0.9854270312043425,True
1201,1201,603,0,tfidf+bert,2,0,0.0033379294859463868,True
1202,1202,603,1,tfidf+bert,2,1,0.999567032751789,True
1203,1203,604,0,tfidf+bert,2,0,0.0012036163467214712,True
1204,1204,604,1,tfidf+bert,2,1,0.9987299674734833,True
1205,1205,605,0,tfidf+bert,2,0,0.0023304295370939754,True
1206,1206,605,1,tfidf+bert,2,1,0.9715541005014166,True
1207,1207,606,0,tfidf+bert,2,1,0.9980595620988151,False
1208,1208,606,1,tfidf+bert,2,1,0.999918417085525,True
1209,1209,607,0,tfidf+bert,2,0,0.16115332977279984,True
1210,1210,607,1,tfidf+bert,2,1,0.997052762590404,True
1211,1211,608,0,tfidf+bert,2,0,0.0025838153837265633,True
1212,1212,608,1,tfidf+bert,2,1,0.998762111402673,True
1213,1213,609,0,tfidf+bert,2,0,0.0019502603096094582,True
1214,1214,609,1,tfidf+bert,2,1,0.9990862126551245,True
1215,1215,610,0,tfidf+bert,2,0,0.06564872207724243,True
1216,1216,610,1,tfidf+bert,2,1,0.7433535247836593,True
1217,1217,611,0,tfidf+bert,2,0,0.0056952991155961455,True
1218,1218,611,1,tfidf+bert,2,1,0.9979901619130634,True
1219,1219,612,0,tfidf+bert,2,0,0.027612114675063235,True
1220,1220,612,1,tfidf+bert,2,0,0.46048361228762164,False
1221,1221,613,0,tfidf+bert,2,0,0.07448089965384724,True
1222,1222,613,1,tfidf+bert,2,1,0.9782206683128073,True
1223,1223,614,0,tfidf+bert,2,0,0.00540962096958041,True
1224,1224,614,1,tfidf+bert,2,1,0.9739331849142163,True
1225,1225,615,0,tfidf+bert,2,0,0.006171447032445773,True
1226,1226,615,1,tfidf+bert,2,1,0.9895535152616062,True
1227,1227,616,0,tfidf+bert,2,1,0.6559709925295036,False
1228,1228,616,1,tfidf+bert,2,1,0.9823274874869076,True
1229,1229,617,0,tfidf+bert,2,0,0.00048080964507573,True
1230,1230,617,1,tfidf+bert,2,1,0.9255752898856634,True
1231,1231,618,0,tfidf+bert,2,0,0.0014175332275563586,True
1232,1232,618,1,tfidf+bert,2,1,0.8106694476467199,True
1233,1233,619,0,tfidf+bert,2,0,0.1407712458513048,True
1234,1234,619,1,tfidf+bert,2,1,0.9775171516891172,True
1235,1235,620,0,tfidf+bert,2,0,0.013648252215991986,True
1236,1236,620,1,tfidf+bert,2,1,0.9737830545808359,True
1237,1237,621,0,tfidf+bert,2,0,0.203319533449923,True
1238,1238,621,1,tfidf+bert,2,1,0.9877226245689028,True
1239,1239,622,0,tfidf+bert,2,0,0.0018210280719431907,True
1240,1240,622,1,tfidf+bert,2,1,0.9966036884266366,True
1241,1241,623,0,tfidf+bert,2,0,0.04780678828600247,True
1242,1242,623,1,tfidf+bert,2,1,0.9320435648299349,True
1243,1243,624,0,tfidf+bert,2,0,0.0017525484692499024,True
1244,1244,624,1,tfidf+bert,2,1,0.5388942031081152,True
1245,1245,625,0,tfidf+bert,2,0,0.002950292894787087,True
1246,1246,625,1,tfidf+bert,2,1,0.9235358759545785,True
1247,1247,626,0,tfidf+bert,2,0,0.0004560881582372817,True
1248,1248,626,1,tfidf+bert,2,1,0.9704506740086325,True
1249,1249,627,0,tfidf+bert,2,0,0.0005096816986127911,True
1250,1250,627,1,tfidf+bert,2,1,0.9899221979849817,True
1251,1251,628,0,tfidf+bert,2,0,0.024045637351364883,True
1252,1252,628,1,tfidf+bert,2,1,0.9957324377528572,True
1253,1253,629,0,tfidf+bert,2,0,0.011657747175307301,True
1254,1254,629,1,tfidf+bert,2,1,0.6797841747056179,True
1255,1255,630,0,tfidf+bert,2,0,0.054389174620031726,True
1256,1256,630,1,tfidf+bert,2,1,0.9993637304382782,True
1257,1257,631,0,tfidf+bert,2,0,0.017987356649865015,True
1258,1258,631,1,tfidf+bert,2,1,0.9356061295273024,True
1259,1259,632,0,tfidf+bert,2,0,0.0018628863703885167,True
1260,1260,632,1,tfidf+bert,2,1,0.9965234540085717,True
1261,1261,633,0,tfidf+bert,2,0,0.0019950117183967237,True
1262,1262,633,1,tfidf+bert,2,1,0.5384259453658367,True
1263,1263,634,0,tfidf+bert,2,0,0.020607423234868447,True
1264,1264,634,1,tfidf+bert,2,1,0.9733696867711779,True
1265,1265,635,0,tfidf+bert,2,0,0.01840241758071898,True
1266,1266,635,1,tfidf+bert,2,1,0.8975902516400519,True
1267,1267,636,0,tfidf+bert,2,0,0.005035628459164093,True
1268,1268,636,1,tfidf+bert,2,1,0.9990165307496119,True
1269,1269,637,0,tfidf+bert,2,0,0.29552014442809227,True
1270,1270,637,1,tfidf+bert,2,1,0.999616200600025,True
1271,1271,638,0,tfidf+bert,2,0,0.010056164422998223,True
1272,1272,638,1,tfidf+bert,2,1,0.9831681550428796,True
1273,1273,639,0,tfidf+bert,2,0,0.0012796142331398688,True
1274,1274,639,1,tfidf+bert,2,1,0.9980679045674071,True
1275,1275,640,0,tfidf+bert,2,0,0.0027054295440980926,True
1276,1276,640,1,tfidf+bert,2,1,0.9978822459468238,True
1277,1277,641,0,tfidf+bert,2,0,0.03473046103214565,True
1278,1278,641,1,tfidf+bert,2,1,0.9519536306048831,True
1279,1279,642,0,tfidf+bert,2,0,0.017655346471132642,True
1280,1280,642,1,tfidf+bert,2,1,0.9208066413703404,True
1281,1281,643,0,tfidf+bert,2,0,0.001078308961453721,True
1282,1282,643,1,tfidf+bert,2,1,0.9979190777135182,True
1283,1283,644,0,tfidf+bert,2,0,0.013448036331211059,True
1284,1284,644,1,tfidf+bert,2,1,0.9985933185415717,True
1285,1285,645,0,tfidf+bert,2,0,0.01273500356103955,True
1286,1286,645,1,tfidf+bert,2,1,0.9838198875921882,True
1287,1287,646,0,tfidf+bert,2,0,0.010288057996843375,True
1288,1288,646,1,tfidf+bert,2,1,0.9956320157730429,True
1289,1289,647,0,tfidf+bert,2,0,0.04363219693056544,True
1290,1290,647,1,tfidf+bert,2,1,0.9971827140052388,True
1291,1291,648,0,tfidf+bert,2,0,0.3138073869614015,True
1292,1292,648,1,tfidf+bert,2,1,0.9697234297664934,True
1293,1293,649,0,tfidf+bert,2,0,0.00016890941491989853,True
1294,1294,649,1,tfidf+bert,2,1,0.999872221054153,True
1295,1295,650,0,tfidf+bert,2,0,0.0064248110670707655,True
1296,1296,650,1,tfidf+bert,2,1,0.8207682504318705,True
1297,1297,651,0,tfidf+bert,2,0,0.0013189940094392636,True
1298,1298,651,1,tfidf+bert,2,1,0.9854596078915077,True
1299,1299,652,0,tfidf+bert,2,0,0.03811527420878206,True
1300,1300,652,1,tfidf+bert,2,1,0.9965382007134939,True
1301,1301,653,0,tfidf+bert,2,0,0.0031730846519322196,True
1302,1302,653,1,tfidf+bert,2,1,0.9901429882935414,True
1303,1303,654,0,tfidf+bert,2,0,0.04486054232177655,True
1304,1304,654,1,tfidf+bert,2,1,0.9744623873478716,True
1305,1305,655,0,tfidf+bert,2,0,0.005193117766952604,True
1306,1306,655,1,tfidf+bert,2,1,0.9900192782225304,True
1307,1307,656,0,tfidf+bert,2,0,0.06462346898802283,True
1308,1308,656,1,tfidf+bert,2,1,0.9803758856711905,True
1309,1309,657,0,tfidf+bert,2,0,0.012909181204822888,True
1310,1310,657,1,tfidf+bert,2,1,0.9854705898748649,True
1311,1311,658,0,tfidf+bert,2,0,0.001719148159208224,True
1312,1312,658,1,tfidf+bert,2,1,0.9595896767206797,True
1313,1313,659,0,tfidf+bert,2,0,0.0028732069705967784,True
1314,1314,659,1,tfidf+bert,2,1,0.9831340049936019,True
1315,1315,660,0,tfidf+bert,2,0,0.005560183652426667,True
1316,1316,660,1,tfidf+bert,2,1,0.634671145486362,True
1317,1317,661,0,tfidf+bert,2,0,0.0043187710188608164,True
1318,1318,661,1,tfidf+bert,2,1,0.9810367783576346,True
1319,1319,662,0,tfidf+bert,2,0,0.004283168838061574,True
1320,1320,662,1,tfidf+bert,2,1,0.9932434223061324,True
1321,1321,663,0,tfidf+bert,2,0,0.04902728363036211,True
1322,1322,663,1,tfidf+bert,2,1,0.988955680537639,True
1323,1323,664,0,tfidf+bert,2,0,0.02025135116671721,True
1324,1324,664,1,tfidf+bert,2,1,0.9914861762968492,True
1325,1325,665,0,tfidf+bert,2,0,0.0059522732143870065,True
1326,1326,665,1,tfidf+bert,2,0,0.16768789723771282,False
1327,1327,666,0,tfidf+bert,2,0,0.03089464307605558,True
1328,1328,666,1,tfidf+bert,2,1,0.9876165229012429,True
1329,1329,667,0,tfidf+bert,2,0,0.00042957835093010123,True
1330,1330,667,1,tfidf+bert,2,1,0.9961601852838897,True
1331,1331,668,0,tfidf+bert,2,0,0.017992714970531842,True
1332,1332,668,1,tfidf+bert,2,1,0.9922867616423223,True
1333,1333,669,0,tfidf+bert,2,0,0.0011054480829341066,True
1334,1334,669,1,tfidf+bert,2,1,0.8872963536817693,True
1335,1335,670,0,tfidf+bert,2,0,0.000544318970153987,True
1336,1336,670,1,tfidf+bert,2,1,0.9989945427482655,True
1337,1337,671,0,tfidf+bert,2,0,0.0039531557437942275,True
1338,1338,671,1,tfidf+bert,2,1,0.9883764141023524,True
1339,1339,672,0,tfidf+bert,2,0,0.006622594809919683,True
1340,1340,672,1,tfidf+bert,2,1,0.5050010737235071,True
1341,1341,673,0,tfidf+bert,2,1,0.7343801482935411,False
1342,1342,673,1,tfidf+bert,2,1,0.9987135414226395,True
1343,1343,674,0,tfidf+bert,2,0,0.032663716863889206,True
1344,1344,674,1,tfidf+bert,2,1,0.8623739221170876,True
1345,1345,675,0,tfidf+bert,2,0,0.002277269899959291,True
1346,1346,675,1,tfidf+bert,2,1,0.9476362508489281,True
1347,1347,676,0,tfidf+bert,2,0,0.2502217666590137,True
1348,1348,676,1,tfidf+bert,2,1,0.9924051604215679,True
1349,1349,677,0,tfidf+bert,2,0,0.009324831425857171,True
1350,1350,677,1,tfidf+bert,2,1,0.9885497876213515,True
1351,1351,678,0,tfidf+bert,2,0,0.0009038631537183896,True
1352,1352,678,1,tfidf+bert,2,1,0.9504700508654533,True
1353,1353,679,0,tfidf+bert,2,0,0.009870959210570946,True
1354,1354,679,1,tfidf+bert,2,1,0.9107122314724492,True
1355,1355,680,0,tfidf+bert,2,0,0.2862836865110683,True
1356,1356,680,1,tfidf+bert,2,1,0.9753165546135173,True
1357,1357,681,0,tfidf+bert,2,0,0.00229471357104482,True
1358,1358,681,1,tfidf+bert,2,1,0.9838401048210895,True
1359,1359,682,0,tfidf+bert,2,0,0.0007545181332263979,True
1360,1360,682,1,tfidf+bert,2,1,0.9656416212567602,True
1361,1361,683,0,tfidf+bert,2,0,0.000879442552568445,True
1362,1362,683,1,tfidf+bert,2,1,0.9878586975818191,True
1363,1363,684,0,tfidf+bert,2,0,0.010412652611628026,True
1364,1364,684,1,tfidf+bert,2,1,0.99701064816379,True
1365,1365,685,0,tfidf+bert,2,0,0.42355855835550504,True
1366,1366,685,1,tfidf+bert,2,1,0.9907457248184687,True
1367,1367,686,0,tfidf+bert,2,0,0.014531693118563402,True
1368,1368,686,1,tfidf+bert,2,1,0.9991018777794101,True
1369,1369,687,0,tfidf+bert,2,0,0.001151663277426965,True
1370,1370,687,1,tfidf+bert,2,1,0.9985001647200634,True
1371,1371,688,0,tfidf+bert,2,0,0.00093577432371211,True
1372,1372,688,1,tfidf+bert,2,1,0.9972677451762848,True
1373,1373,689,0,tfidf+bert,2,0,0.00104629260439039,True
1374,1374,689,1,tfidf+bert,2,1,0.9962813159870664,True
1375,1375,690,0,tfidf+bert,2,0,0.02724821735063131,True
1376,1376,690,1,tfidf+bert,2,1,0.9685699985902539,True
1377,1377,691,0,tfidf+bert,2,0,0.014504601651895838,True
1378,1378,691,1,tfidf+bert,2,1,0.9296314945422156,True
1379,1379,692,0,tfidf+bert,2,0,0.003839015872363132,True
1380,1380,692,1,tfidf+bert,2,1,0.9498504794185957,True
1381,1381,693,0,tfidf+bert,2,0,0.017011961983144457,True
1382,1382,693,1,tfidf+bert,2,1,0.8932422991012874,True
1383,1383,694,0,tfidf+bert,2,0,0.0007203320004922952,True
1384,1384,694,1,tfidf+bert,2,1,0.9625795060032335,True
1385,1385,695,0,tfidf+bert,2,0,0.004831774203111549,True
1386,1386,695,1,tfidf+bert,2,1,0.9917434313728907,True
1387,1387,696,0,tfidf+bert,2,0,0.0034301067209812817,True
1388,1388,696,1,tfidf+bert,2,1,0.9883941765702615,True
1389,1389,697,0,tfidf+bert,2,0,0.001649017586810629,True
1390,1390,697,1,tfidf+bert,2,1,0.9560828901149161,True
1391,1391,698,0,tfidf+bert,2,0,0.0009030704004993614,True
1392,1392,698,1,tfidf+bert,2,0,0.16115027060474996,False
1393,1393,699,0,tfidf+bert,2,0,0.04171562506254808,True
1394,1394,699,1,tfidf+bert,2,1,0.9688347183339235,True
1395,1395,700,0,tfidf+bert,2,0,0.0015867135633407749,True
1396,1396,700,1,tfidf+bert,2,1,0.902774681585256,True
1397,1397,701,0,tfidf+bert,2,0,0.03570206682712675,True
1398,1398,701,1,tfidf+bert,2,1,0.9939916334251528,True
1399,1399,702,0,tfidf+bert,2,0,0.010045134810617843,True
1400,1400,702,1,tfidf+bert,2,1,0.9804265094389358,True
1401,1401,703,0,tfidf+bert,2,0,0.1879155184258385,True
1402,1402,703,1,tfidf+bert,2,1,0.9811471440711385,True
1403,1403,704,0,tfidf+bert,2,0,0.003379979259647856,True
1404,1404,704,1,tfidf+bert,2,1,0.9562038516568803,True
1405,1405,705,0,tfidf+bert,2,0,0.045583045920046444,True
1406,1406,705,1,tfidf+bert,2,1,0.9980721377964337,True
1407,1407,706,0,tfidf+bert,2,0,0.2571646037594372,True
1408,1408,706,1,tfidf+bert,2,1,0.954639343425935,True
1409,1409,707,0,tfidf+bert,2,0,0.004611784234729023,True
1410,1410,707,1,tfidf+bert,2,1,0.9997805331727768,True
1411,1411,708,0,tfidf+bert,2,0,0.0011748431681589868,True
1412,1412,708,1,tfidf+bert,2,1,0.9479457640592157,True
1413,1413,709,0,tfidf+bert,2,0,0.2805677737648669,True
1414,1414,709,1,tfidf+bert,2,1,0.995166230892658,True
1415,1415,710,0,tfidf+bert,2,0,0.0006813853211031204,True
1416,1416,710,1,tfidf+bert,2,1,0.9960042365592253,True
1417,1417,711,0,tfidf+bert,2,0,0.001077344103824258,True
1418,1418,711,1,tfidf+bert,2,1,0.9758891070760408,True
1419,1419,712,0,tfidf+bert,2,0,0.24873403580035683,True
1420,1420,712,1,tfidf+bert,2,1,0.9062784850768487,True
1421,1421,713,0,tfidf+bert,2,0,0.022034498774956935,True
1422,1422,713,1,tfidf+bert,2,1,0.9996464057395184,True
1423,1423,714,0,tfidf+bert,2,0,0.005892524256770897,True
1424,1424,714,1,tfidf+bert,2,1,0.9737296744705086,True
1425,1425,715,0,tfidf+bert,2,0,0.004073699175596566,True
1426,1426,715,1,tfidf+bert,2,1,0.9707087002086168,True
1427,1427,716,0,tfidf+bert,2,0,0.03300007068338403,True
1428,1428,716,1,tfidf+bert,2,1,0.993925158052566,True
1429,1429,717,0,tfidf+bert,2,0,0.011635789916737707,True
1430,1430,717,1,tfidf+bert,2,1,0.8945318764164361,True
1431,1431,718,0,tfidf+bert,2,0,0.03410284854526527,True
1432,1432,718,1,tfidf+bert,2,1,0.9974672183488232,True
1433,1433,719,0,tfidf+bert,2,0,0.29179221893862406,True
1434,1434,719,1,tfidf+bert,2,1,0.9974285118871749,True
1435,1435,720,0,tfidf+bert,2,1,0.9197419452217613,False
1436,1436,720,1,tfidf+bert,2,1,0.9808750426402681,True
1437,1437,721,0,tfidf+bert,2,0,0.04501185506291657,True
1438,1438,721,1,tfidf+bert,2,1,0.9985112999183796,True
1439,1439,722,0,tfidf+bert,2,0,0.0010917894864972452,True
1440,1440,722,1,tfidf+bert,2,1,0.9962692466628018,True
1441,1441,723,0,tfidf+bert,2,0,0.12321262985021045,True
1442,1442,723,1,tfidf+bert,2,1,0.9988055051337786,True
1443,1443,724,0,tfidf+bert,2,0,0.008117584928353629,True
1444,1444,724,1,tfidf+bert,2,1,0.9967413368786509,True
1445,1445,725,0,tfidf+bert,2,0,0.015499398691236456,True
1446,1446,725,1,tfidf+bert,2,1,0.990635299211402,True
1447,1447,726,0,tfidf+bert,2,0,0.0009434886833904232,True
1448,1448,726,1,tfidf+bert,2,1,0.9904931119752571,True
1449,1449,727,0,tfidf+bert,2,0,0.0005116913558689813,True
1450,1450,727,1,tfidf+bert,2,1,0.8885528341205102,True
1451,1451,728,0,tfidf+bert,2,0,0.0036635788694480533,True
1452,1452,728,1,tfidf+bert,2,1,0.9981578596747849,True
1453,1453,729,0,tfidf+bert,2,0,0.0013114173726104265,True
1454,1454,729,1,tfidf+bert,2,1,0.8276243819165432,True
1455,1455,730,0,tfidf+bert,2,0,0.0054060508380795215,True
1456,1456,730,1,tfidf+bert,2,1,0.9945332261449474,True
1457,1457,731,0,tfidf+bert,2,0,0.038447986258683876,True
1458,1458,731,1,tfidf+bert,2,1,0.9694187351485337,True
1459,1459,732,0,tfidf+bert,2,0,0.0021480556127573933,True
1460,1460,732,1,tfidf+bert,2,1,0.9713459578593017,True
1461,1461,733,0,tfidf+bert,2,0,0.014225200780481272,True
1462,1462,733,1,tfidf+bert,2,1,0.9920055078342592,True
1463,1463,734,0,tfidf+bert,2,1,0.6098847490250143,False
1464,1464,734,1,tfidf+bert,2,1,0.9610464284536335,True
1465,1465,735,0,tfidf+bert,2,0,0.015273250743739288,True
1466,1466,735,1,tfidf+bert,2,1,0.9457666102209896,True
1467,1467,736,0,tfidf+bert,2,0,0.0033836424331653743,True
1468,1468,736,1,tfidf+bert,2,1,0.9913584987716266,True
1469,1469,737,0,tfidf+bert,2,0,0.012675040536234526,True
1470,1470,737,1,tfidf+bert,2,1,0.9925167843514281,True
1471,1471,738,0,tfidf+bert,2,0,0.006234151851097008,True
1472,1472,738,1,tfidf+bert,2,1,0.9975443783390133,True
1473,1473,739,0,tfidf+bert,2,0,0.011549798921822287,True
1474,1474,739,1,tfidf+bert,2,1,0.9964364549999911,True
1475,1475,740,0,tfidf+bert,2,0,0.004236582541521555,True
1476,1476,740,1,tfidf+bert,2,1,0.9985427506041935,True
1477,1477,741,0,tfidf+bert,2,0,0.022045038195145437,True
1478,1478,741,1,tfidf+bert,2,1,0.9497784033324721,True
1479,1479,742,0,tfidf+bert,2,0,0.001989953919904302,True
1480,1480,742,1,tfidf+bert,2,1,0.9433822054669809,True
1481,1481,743,0,tfidf+bert,2,0,0.03783283097517321,True
1482,1482,743,1,tfidf+bert,2,1,0.9969955466707436,True
1483,1483,744,0,tfidf+bert,2,0,0.00030404697467740165,True
1484,1484,744,1,tfidf+bert,2,1,0.9634411763289896,True
1485,1485,745,0,tfidf+bert,2,0,0.0026486048145356734,True
1486,1486,745,1,tfidf+bert,2,1,0.9766116394635731,True
1487,1487,746,0,tfidf+bert,2,0,0.0007919091443513187,True
1488,1488,746,1,tfidf+bert,2,1,0.9963119860134367,True
1489,1489,747,0,tfidf+bert,2,0,0.002663156682070921,True
1490,1490,747,1,tfidf+bert,2,1,0.9117599337345752,True
1491,1491,748,0,tfidf+bert,2,0,0.004499507424812002,True
1492,1492,748,1,tfidf+bert,2,1,0.9460479712095269,True
1493,1493,749,0,tfidf+bert,2,0,0.054954260467515316,True
1494,1494,749,1,tfidf+bert,2,0,0.36730481089082695,False
1495,1495,750,0,tfidf+bert,2,0,0.0038217747375496876,True
1496,1496,750,1,tfidf+bert,2,1,0.999559971390933,True
1497,1497,751,0,tfidf+bert,2,1,0.6619187523796334,False
1498,1498,751,1,tfidf+bert,2,1,0.9955309440342809,True
1499,1499,752,0,tfidf+bert,2,0,0.020779624375764444,True
1500,1500,752,1,tfidf+bert,2,1,0.9888123776899118,True
1501,1501,753,0,tfidf+bert,2,0,0.15616769645114076,True
1502,1502,753,1,tfidf+bert,2,1,0.9889471917590398,True
1503,1503,754,0,tfidf+bert,2,0,0.0011112436598033743,True
1504,1504,754,1,tfidf+bert,2,1,0.9896886538979611,True
1505,1505,755,0,tfidf+bert,2,0,0.009293282046154667,True
1506,1506,755,1,tfidf+bert,2,1,0.9756134918924961,True
1507,1507,756,0,tfidf+bert,2,0,0.014372822850355755,True
1508,1508,756,1,tfidf+bert,2,1,0.9982196441244336,True
1509,1509,757,0,tfidf+bert,2,1,0.7644457046093476,False
1510,1510,757,1,tfidf+bert,2,1,0.7795483696680128,True
1511,1511,758,0,tfidf+bert,2,0,0.0013855149975379097,True
1512,1512,758,1,tfidf+bert,2,1,0.8833220052433662,True
1513,1513,759,0,tfidf+bert,2,0,0.07402603950985588,True
1514,1514,759,1,tfidf+bert,2,1,0.9576656381879105,True
1515,1515,760,0,tfidf+bert,2,0,0.007076787341760903,True
1516,1516,760,1,tfidf+bert,2,1,0.9972495138800755,True
1517,1517,761,0,tfidf+bert,2,0,0.01544261806218522,True
1518,1518,761,1,tfidf+bert,2,1,0.9770946392657641,True
1519,1519,762,0,tfidf+bert,2,0,0.019035266140629364,True
1520,1520,762,1,tfidf+bert,2,1,0.9936544272866544,True
1521,1521,763,0,tfidf+bert,2,0,0.00013096262046865197,True
1522,1522,763,1,tfidf+bert,2,0,0.2035050077934038,False
1523,1523,764,0,tfidf+bert,2,0,0.0021475638852317376,True
1524,1524,764,1,tfidf+bert,2,1,0.994763478779131,True
1525,1525,765,0,tfidf+bert,2,0,0.030346683631766295,True
1526,1526,765,1,tfidf+bert,2,1,0.9949577169568226,True
1527,1527,766,0,tfidf+bert,2,0,0.014885187516694305,True
1528,1528,766,1,tfidf+bert,2,1,0.9980380545116007,True
1529,1529,767,0,tfidf+bert,2,0,0.0883936512027976,True
1530,1530,767,1,tfidf+bert,2,1,0.9928002604214042,True
1531,1531,768,0,tfidf+bert,2,0,0.010337828073108643,True
1532,1532,768,1,tfidf+bert,2,1,0.9907653938778257,True
1533,1533,769,0,tfidf+bert,2,0,0.14719571870415485,True
1534,1534,769,1,tfidf+bert,2,1,0.9880803196896124,True
1535,1535,770,0,tfidf+bert,2,0,0.03528239962343768,True
1536,1536,770,1,tfidf+bert,2,1,0.8939708845181833,True
1537,1537,771,0,tfidf+bert,2,0,0.022718303510713134,True
1538,1538,771,1,tfidf+bert,2,1,0.996772211818964,True
1539,1539,772,0,tfidf+bert,2,0,0.011501752750729123,True
1540,1540,772,1,tfidf+bert,2,1,0.9982164143146665,True
1541,1541,773,0,tfidf+bert,2,0,0.005383440642523126,True
1542,1542,773,1,tfidf+bert,2,1,0.9819421882926669,True
1543,1543,774,0,tfidf+bert,2,0,0.17201330837429712,True
1544,1544,774,1,tfidf+bert,2,1,0.9893282208668633,True
1545,1545,775,0,tfidf+bert,2,1,0.7130495846262089,False
1546,1546,775,1,tfidf+bert,2,1,0.9655877969520621,True
1547,1547,776,0,tfidf+bert,2,0,0.004601093601254456,True
1548,1548,776,1,tfidf+bert,2,1,0.9995619973089646,True
1549,1549,777,0,tfidf+bert,2,0,0.2577153065746692,True
1550,1550,777,1,tfidf+bert,2,1,0.9995963514909272,True
1551,1551,778,0,tfidf+bert,2,0,0.009851344153119002,True
1552,1552,778,1,tfidf+bert,2,1,0.9140904078540153,True
1553,1553,779,0,tfidf+bert,2,0,0.011552827409755672,True
1554,1554,779,1,tfidf+bert,2,1,0.9701202431090983,True
1555,1555,780,0,tfidf+bert,2,0,0.0008950920459163947,True
1556,1556,780,1,tfidf+bert,2,1,0.9850246944855905,True
1557,1557,781,0,tfidf+bert,2,0,0.01830658140574213,True
1558,1558,781,1,tfidf+bert,2,1,0.9983197285201227,True
1559,1559,782,0,tfidf+bert,2,0,0.028319869846619456,True
1560,1560,782,1,tfidf+bert,2,1,0.9897155605272476,True
1561,1561,783,0,tfidf+bert,2,0,0.001129165842672599,True
1562,1562,783,1,tfidf+bert,2,1,0.9992598064564829,True
1563,1563,784,1,tfidf+bert,2,1,0.9877270444137126,True
1564,1564,785,0,tfidf+bert,2,0,0.4841097233903116,True
1565,1565,785,1,tfidf+bert,2,1,0.8671812594452839,True
1566,1566,786,0,tfidf+bert,2,0,0.008888068064578845,True
1567,1567,786,1,tfidf+bert,2,1,0.9966663123398152,True
1568,1568,787,0,tfidf+bert,2,1,0.5542582677227027,False
1569,1569,787,1,tfidf+bert,2,1,0.9984579183734027,True
1570,1570,788,0,tfidf+bert,2,0,0.10992086607935614,True
1571,1571,788,1,tfidf+bert,2,1,0.8732719996640866,True
1572,1572,789,0,tfidf+bert,2,0,0.09069974728452812,True
1573,1573,789,1,tfidf+bert,2,1,0.9913974725997711,True
1574,1574,790,0,tfidf+bert,2,0,0.005842714872473113,True
1575,1575,790,1,tfidf+bert,2,1,0.9987878312778447,True
1576,1576,791,0,tfidf+bert,2,0,0.0037359476191557257,True
1577,1577,791,1,tfidf+bert,2,1,0.9935479662288274,True
1578,1578,792,0,tfidf+bert,2,0,0.033926365701948576,True
1579,1579,792,1,tfidf+bert,2,1,0.9984665094541789,True
1580,1580,793,0,tfidf+bert,2,0,0.018541016436158193,True
1581,1581,793,1,tfidf+bert,2,1,0.9635707621387237,True
1582,1582,794,0,tfidf+bert,2,0,0.06132033076755389,True
1583,1583,794,1,tfidf+bert,2,1,0.9545873830154092,True
1584,1584,795,0,tfidf+bert,2,0,0.168949131473701,True
1585,1585,795,1,tfidf+bert,2,1,0.759628349075358,True
1586,1586,796,0,tfidf+bert,2,0,0.007730845477244188,True
1587,1587,796,1,tfidf+bert,2,1,0.9981365354395401,True
1588,1588,797,0,tfidf+bert,2,0,0.0005926448353229522,True
1589,1589,797,1,tfidf+bert,2,0,0.4473886866605369,False
1590,1590,798,0,tfidf+bert,2,0,0.0039279647544312206,True
1591,1591,798,1,tfidf+bert,2,1,0.9813699335421977,True
1592,1592,799,0,tfidf+bert,2,0,0.03957702097741002,True
1593,1593,799,1,tfidf+bert,2,1,0.9690183375641571,True
1594,1594,800,0,tfidf+bert,2,0,0.06720901078313456,True
1595,1595,800,1,tfidf+bert,2,1,0.9876151972257193,True
1596,1596,801,0,tfidf+bert,2,0,0.3328120157487548,True
1597,1597,801,1,tfidf+bert,2,1,0.9925844436632331,True
1598,1598,802,0,tfidf+bert,2,0,0.040640880130151914,True
1599,1599,802,1,tfidf+bert,2,1,0.982332254110367,True
1600,1600,803,0,tfidf+bert,2,0,0.04945564361012843,True
1601,1601,803,1,tfidf+bert,2,1,0.9990289588493229,True
1602,1602,804,0,tfidf+bert,2,0,0.21211965752353237,True
1603,1603,804,1,tfidf+bert,2,1,0.8501799398711827,True
1604,1604,805,0,tfidf+bert,2,0,0.004029076505470405,True
1605,1605,805,1,tfidf+bert,2,1,0.9998787617904059,True
1606,1606,806,0,tfidf+bert,2,0,0.0015073001542836053,True
1607,1607,806,1,tfidf+bert,2,1,0.8819575157008374,True
1608,1608,807,0,tfidf+bert,2,0,0.22545331201837476,True
1609,1609,807,1,tfidf+bert,2,1,0.8017746577845739,True
1610,1610,808,0,tfidf+bert,2,0,0.0038523862637425774,True
1611,1611,808,1,tfidf+bert,2,1,0.9446395842206524,True
1612,1612,809,0,tfidf+bert,2,0,0.0163124966456033,True
1613,1613,809,1,tfidf+bert,2,1,0.9771067106587782,True
1614,1614,810,0,tfidf+bert,2,0,0.10254146803973808,True
1615,1615,810,1,tfidf+bert,2,1,0.9830151445917942,True
1616,1616,811,0,tfidf+bert,2,0,0.10124723947155174,True
1617,1617,811,1,tfidf+bert,2,1,0.9860341568298506,True
1618,1618,812,0,tfidf+bert,2,0,0.010131350101826182,True
1619,1619,812,1,tfidf+bert,2,1,0.9431072152008332,True
1620,1620,813,1,tfidf+bert,2,1,0.8946895473862782,True
1621,1621,814,0,tfidf+bert,2,0,0.015402026690805863,True
1622,1622,814,1,tfidf+bert,2,1,0.9976447293170674,True
1623,1623,815,0,tfidf+bert,2,0,0.013535518454956734,True
1624,1624,815,1,tfidf+bert,2,1,0.9995575842590587,True
1625,1625,816,0,tfidf+bert,2,0,0.008427343790971991,True
1626,1626,816,1,tfidf+bert,2,1,0.9838916229650132,True
1627,1627,817,0,tfidf+bert,2,0,0.013639148553967957,True
1628,1628,817,1,tfidf+bert,2,1,0.9686980852191204,True
1629,1629,818,0,tfidf+bert,2,0,0.006692262077077723,True
1630,1630,818,1,tfidf+bert,2,1,0.989754300659209,True
1631,1631,819,0,tfidf+bert,2,0,0.00271605542742098,True
1632,1632,819,1,tfidf+bert,2,1,0.9959719607165528,True
1633,1633,820,0,tfidf+bert,2,0,0.04601648904615741,True
1634,1634,820,1,tfidf+bert,2,1,0.9813880700768505,True
1635,1635,821,0,tfidf+bert,2,0,0.38729701058401544,True
1636,1636,821,1,tfidf+bert,2,1,0.9679669951873235,True
1637,1637,822,0,tfidf+bert,2,0,0.014687129304485494,True
1638,1638,822,1,tfidf+bert,2,1,0.9996563408171697,True
1639,1639,823,0,tfidf+bert,2,0,0.006057101744681602,True
1640,1640,823,1,tfidf+bert,2,1,0.9976250587650662,True
1641,1641,824,0,tfidf+bert,2,0,0.001717542327931213,True
1642,1642,824,1,tfidf+bert,2,1,0.9973535944727608,True
1643,1643,825,0,tfidf+bert,2,0,0.02778654195353705,True
1644,1644,825,1,tfidf+bert,2,1,0.9803466951175862,True
1645,1645,826,0,tfidf+bert,2,0,0.0179443277848077,True
1646,1646,826,1,tfidf+bert,2,1,0.5839736389968865,True
1647,1647,827,0,tfidf+bert,2,0,0.007749816641452024,True
1648,1648,827,1,tfidf+bert,2,1,0.9993688114677288,True
1649,1649,828,0,tfidf+bert,2,0,0.010259384840874016,True
1650,1650,828,1,tfidf+bert,2,1,0.9956934320657502,True
1651,1651,829,0,tfidf+bert,2,1,0.9904639749831198,False
1652,1652,829,1,tfidf+bert,2,1,0.9982757772849042,True
1653,1653,830,0,tfidf+bert,2,0,0.0394233190897751,True
1654,1654,830,1,tfidf+bert,2,1,0.8876441807502624,True
1655,1655,831,0,tfidf+bert,2,0,0.16798819787068184,True
1656,1656,831,1,tfidf+bert,2,1,0.9340037201260531,True
1657,1657,832,0,tfidf+bert,2,0,0.016896851014180057,True
1658,1658,832,1,tfidf+bert,2,1,0.9976249907256904,True
1659,1659,833,0,tfidf+bert,2,0,0.0027286087676051713,True
1660,1660,833,1,tfidf+bert,2,1,0.9992636029407208,True
1661,1661,834,0,tfidf+bert,2,0,0.006940189411173364,True
1662,1662,834,1,tfidf+bert,2,1,0.9850745270021557,True
1663,1663,835,0,tfidf+bert,2,0,0.00812902462970591,True
1664,1664,835,1,tfidf+bert,2,1,0.9898338728946094,True
1665,1665,836,0,tfidf+bert,2,0,0.005680624931571346,True
1666,1666,836,1,tfidf+bert,2,1,0.8499232557719877,True
1667,1667,837,0,tfidf+bert,2,0,0.0007687924954003183,True
1668,1668,837,1,tfidf+bert,2,1,0.9833110810845145,True
1669,1669,838,0,tfidf+bert,2,0,0.0054240942399248334,True
1670,1670,838,1,tfidf+bert,2,1,0.9896653244428231,True
1671,1671,839,0,tfidf+bert,2,0,0.001298549189339324,True
1672,1672,839,1,tfidf+bert,2,1,0.9881309245158532,True
1673,1673,840,0,tfidf+bert,2,0,0.0038207588849389416,True
1674,1674,840,1,tfidf+bert,2,1,0.9959612546883929,True
1675,1675,841,0,tfidf+bert,2,0,0.0074360179176883555,True
1676,1676,841,1,tfidf+bert,2,1,0.8552873725383111,True
1677,1677,842,0,tfidf+bert,2,0,0.003973482005555264,True
1678,1678,842,1,tfidf+bert,2,1,0.9619601128583862,True
1679,1679,843,0,tfidf+bert,2,0,0.4299362013841303,True
1680,1680,843,1,tfidf+bert,2,1,0.9017038207888236,True
1681,1681,844,0,tfidf+bert,2,0,0.006127059705246622,True
1682,1682,844,1,tfidf+bert,2,1,0.9932046361315422,True
1683,1683,845,0,tfidf+bert,2,0,0.0005750600824361798,True
1684,1684,845,1,tfidf+bert,2,1,0.9994551243522024,True
1685,1685,846,0,tfidf+bert,2,0,0.08602270223578387,True
1686,1686,846,1,tfidf+bert,2,1,0.9915454988087345,True
1687,1687,847,0,tfidf+bert,2,0,0.056857777452098295,True
1688,1688,847,1,tfidf+bert,2,1,0.9583410610297949,True
1689,1689,848,0,tfidf+bert,2,0,0.002949801772321206,True
1690,1690,848,1,tfidf+bert,2,1,0.9934586665156748,True
1691,1691,849,0,tfidf+bert,2,0,0.023611220154971652,True
1692,1692,849,1,tfidf+bert,2,1,0.999437268571029,True
1693,1693,850,0,tfidf+bert,2,0,0.0010761312094454752,True
1694,1694,850,1,tfidf+bert,2,1,0.999051683325292,True
1695,1695,851,0,tfidf+bert,2,0,0.003065154331755776,True
1696,1696,851,1,tfidf+bert,2,1,0.8852296404158274,True
1697,1697,852,0,tfidf+bert,2,0,0.0005715091653602599,True
1698,1698,852,1,tfidf+bert,2,1,0.9494133857086756,True
1699,1699,853,0,tfidf+bert,2,0,0.03888526765842789,True
1700,1700,853,1,tfidf+bert,2,1,0.9993667470785959,True
1701,1701,854,0,tfidf+bert,2,0,0.01623210646090846,True
1702,1702,854,1,tfidf+bert,2,1,0.9993986870468262,True
1703,1703,855,0,tfidf+bert,2,0,0.07049390030973396,True
1704,1704,855,1,tfidf+bert,2,1,0.976312471957453,True
1705,1705,856,0,tfidf+bert,2,0,0.047620770863380346,True
1706,1706,856,1,tfidf+bert,2,1,0.9997709077336894,True
1707,1707,857,0,tfidf+bert,2,0,0.06200674526394371,True
1708,1708,857,1,tfidf+bert,2,1,0.9351056417007202,True
1709,1709,858,0,tfidf+bert,2,0,0.3189977985385452,True
1710,1710,858,1,tfidf+bert,2,1,0.9984821891288193,True
1711,1711,859,0,tfidf+bert,2,0,0.0036954029787816278,True
1712,1712,859,1,tfidf+bert,2,1,0.9837240950084474,True
1713,1713,860,0,tfidf+bert,2,0,0.034814524968918195,True
1714,1714,860,1,tfidf+bert,2,1,0.9978450540713315,True
1715,1715,861,0,tfidf+bert,2,0,0.0006918138443370521,True
1716,1716,861,1,tfidf+bert,2,1,0.8734736072826025,True
1717,1717,862,0,tfidf+bert,2,0,0.004823584488392262,True
1718,1718,862,1,tfidf+bert,2,1,0.880398232701871,True
1719,1719,863,0,tfidf+bert,2,0,0.0022250874034115656,True
1720,1720,863,1,tfidf+bert,2,1,0.994150014974477,True
1721,1721,864,0,tfidf+bert,2,0,0.45849296290073616,True
1722,1722,864,1,tfidf+bert,2,1,0.9745706228561303,True
1723,1723,865,0,tfidf+bert,2,0,0.01178203715726737,True
1724,1724,865,1,tfidf+bert,2,1,0.9805551528206231,True
1725,1725,866,0,tfidf+bert,2,0,0.003947727852896997,True
1726,1726,866,1,tfidf+bert,2,1,0.9579257093246183,True
1727,1727,867,0,tfidf+bert,2,0,0.012734698383647032,True
1728,1728,867,1,tfidf+bert,2,1,0.998190516208839,True
1729,1729,868,0,tfidf+bert,2,0,0.00021145478643603709,True
1730,1730,868,1,tfidf+bert,2,1,0.9929377452064935,True
1731,1731,869,0,tfidf+bert,2,0,0.02832494020015044,True
1732,1732,869,1,tfidf+bert,2,1,0.9942627142205775,True
1733,1733,870,0,tfidf+bert,2,0,0.158915334991627,True
1734,1734,870,1,tfidf+bert,2,1,0.8858956762567626,True
1735,1735,871,0,tfidf+bert,2,0,0.0559774344585358,True
1736,1736,871,1,tfidf+bert,2,1,0.9917261739134647,True
1737,1737,872,0,tfidf+bert,2,0,0.038081751570094545,True
1738,1738,872,1,tfidf+bert,2,1,0.9993500817479968,True
1739,1739,873,0,tfidf+bert,2,0,0.047262931780849754,True
1740,1740,873,1,tfidf+bert,2,1,0.9818371824380061,True
1741,1741,874,0,tfidf+bert,2,0,0.00455609302416451,True
1742,1742,874,1,tfidf+bert,2,1,0.8652546489510031,True
1743,1743,875,0,tfidf+bert,2,0,0.005496141870222322,True
1744,1744,875,1,tfidf+bert,2,1,0.9973224404372564,True
1745,1745,876,0,tfidf+bert,2,0,0.09212086888151247,True
1746,1746,876,1,tfidf+bert,2,1,0.9948401840229418,True
1747,1747,877,0,tfidf+bert,2,0,0.008967645051964864,True
1748,1748,877,1,tfidf+bert,2,1,0.988319392399034,True
1749,1749,878,0,tfidf+bert,2,0,0.011319956031002993,True
1750,1750,878,1,tfidf+bert,2,1,0.9994441728486221,True
1751,1751,879,0,tfidf+bert,2,0,0.14331245307481583,True
1752,1752,879,1,tfidf+bert,2,1,0.9678437700105794,True
1753,1753,880,0,tfidf+bert,2,0,0.0019142243330079083,True
1754,1754,880,1,tfidf+bert,2,1,0.987350186070907,True
1755,1755,881,0,tfidf+bert,2,0,0.00200849105021691,True
1756,1756,881,1,tfidf+bert,2,1,0.6853079101673106,True
1757,1757,882,0,tfidf+bert,2,0,0.027540705129277435,True
1758,1758,882,1,tfidf+bert,2,1,0.9890463099757968,True
1759,1759,883,0,tfidf+bert,2,0,0.008835582432451455,True
1760,1760,883,1,tfidf+bert,2,1,0.9611681037146617,True
1761,1761,884,0,tfidf+bert,2,0,0.0007537268336524664,True
1762,1762,884,1,tfidf+bert,2,1,0.9965580224699478,True
1763,1763,885,0,tfidf+bert,2,0,0.003166426009206707,True
1764,1764,885,1,tfidf+bert,2,1,0.9945005200936294,True
1765,1765,886,0,tfidf+bert,2,0,0.094792242634368,True
1766,1766,886,1,tfidf+bert,2,1,0.997413731849599,True
1767,1767,887,0,tfidf+bert,2,0,0.020157052643115736,True
1768,1768,887,1,tfidf+bert,2,1,0.8804441573145402,True
1769,1769,888,0,tfidf+bert,2,0,0.043258761550395146,True
1770,1770,888,1,tfidf+bert,2,1,0.9996865355822518,True
1771,1771,889,0,tfidf+bert,2,0,0.03744736943879761,True
1772,1772,889,1,tfidf+bert,2,1,0.9926104114842759,True
1773,1773,890,0,tfidf+bert,2,0,0.0007073397264821509,True
1774,1774,890,1,tfidf+bert,2,1,0.7086834865228082,True
1775,1775,891,0,tfidf+bert,2,0,0.44376509828109373,True
1776,1776,891,1,tfidf+bert,2,1,0.9014811722961277,True
1777,1777,892,0,tfidf+bert,2,0,0.0031030654685065885,True
1778,1778,892,1,tfidf+bert,2,1,0.9993696195099265,True
1779,1779,893,0,tfidf+bert,2,0,0.08114323488752244,True
1780,1780,893,1,tfidf+bert,2,1,0.9975846049397993,True
1781,1781,894,0,tfidf+bert,2,0,0.006789200477061927,True
1782,1782,894,1,tfidf+bert,2,1,0.9533303435446743,True
1783,1783,895,0,tfidf+bert,2,0,0.002241768090150134,True
1784,1784,895,1,tfidf+bert,2,0,0.4574440117101489,False
1785,1785,896,0,tfidf+bert,2,1,0.7587816398943493,False
1786,1786,896,1,tfidf+bert,2,1,0.885505147877744,True
1787,1787,897,0,tfidf+bert,2,0,0.004015418850535612,True
1788,1788,897,1,tfidf+bert,2,1,0.999444116909282,True
1789,1789,898,0,tfidf+bert,2,0,0.02662220860646183,True
1790,1790,898,1,tfidf+bert,2,1,0.9966449552760267,True
1791,1791,899,0,tfidf+bert,2,0,0.22429360392535824,True
1792,1792,899,1,tfidf+bert,2,1,0.9977771679099934,True
1793,1793,900,0,tfidf+bert,2,0,0.04471787807517146,True
1794,1794,900,1,tfidf+bert,2,1,0.9380010186726928,True
1795,1795,901,0,tfidf+bert,2,0,0.0037643407182090236,True
1796,1796,901,1,tfidf+bert,2,1,0.9812663805699998,True
1797,1797,902,0,tfidf+bert,2,0,0.2111334898523364,True
1798,1798,902,1,tfidf+bert,2,1,0.9869275318870363,True
1799,1799,903,0,tfidf+bert,2,0,0.014021979475592375,True
1800,1800,903,1,tfidf+bert,2,1,0.9989936254733545,True
1801,1801,904,0,tfidf+bert,2,0,0.014484694023977623,True
1802,1802,904,1,tfidf+bert,2,1,0.9860422094674361,True
1803,1803,905,0,tfidf+bert,2,0,0.005043271708875097,True
1804,1804,905,1,tfidf+bert,2,1,0.9997322820971397,True
1805,1805,906,0,tfidf+bert,2,0,0.012070780205512147,True
1806,1806,906,1,tfidf+bert,2,1,0.9970218262224037,True
1807,1807,907,0,tfidf+bert,2,0,0.018765274797750513,True
1808,1808,907,1,tfidf+bert,2,1,0.9975750086731922,True
1809,1809,908,0,tfidf+bert,2,0,0.0028119116597022514,True
1810,1810,908,1,tfidf+bert,2,0,0.3822587179244718,False
1811,1811,909,0,tfidf+bert,2,0,0.03400280970575138,True
1812,1812,909,1,tfidf+bert,2,1,0.8800354529491167,True
1813,1813,910,0,tfidf+bert,2,0,0.03090100761107871,True
1814,1814,910,1,tfidf+bert,2,1,0.6795349677697026,True
1815,1815,911,0,tfidf+bert,2,0,0.09040709047067133,True
1816,1816,911,1,tfidf+bert,2,1,0.9095421454809647,True
1817,1817,912,0,tfidf+bert,2,0,0.13431660643205956,True
1818,1818,912,1,tfidf+bert,2,1,0.996600757183862,True
1819,1819,913,0,tfidf+bert,2,0,0.014356809920948973,True
1820,1820,913,1,tfidf+bert,2,1,0.9944989230217622,True
1821,1821,914,0,tfidf+bert,2,0,0.351764121541639,True
1822,1822,914,1,tfidf+bert,2,1,0.9994114639228291,True
1823,1823,915,0,tfidf+bert,2,0,0.0012103442256470552,True
1824,1824,915,1,tfidf+bert,2,1,0.9079177765024844,True
1825,1825,916,0,tfidf+bert,2,0,0.012326520370145661,True
1826,1826,916,1,tfidf+bert,2,1,0.9847804193412396,True
1827,1827,917,0,tfidf+bert,2,0,0.00256799310060147,True
1828,1828,917,1,tfidf+bert,2,1,0.991700386647,True
1829,1829,918,0,tfidf+bert,2,0,0.002939231639429938,True
1830,1830,918,1,tfidf+bert,2,1,0.9686506331653932,True
1831,1831,919,0,tfidf+bert,2,0,0.26344987428437605,True
1832,1832,919,1,tfidf+bert,2,1,0.9765825115935245,True
1833,1833,920,0,tfidf+bert,2,0,0.021949441306723015,True
1834,1834,920,1,tfidf+bert,2,1,0.993354348073887,True
1835,1835,921,0,tfidf+bert,2,0,0.3066476188228238,True
1836,1836,921,1,tfidf+bert,2,1,0.9971369233057816,True
1837,1837,922,0,tfidf+bert,2,0,0.013564970951979114,True
1838,1838,922,1,tfidf+bert,2,1,0.995225592342279,True
1839,1839,923,0,tfidf+bert,2,1,0.6347955869068405,False
1840,1840,923,1,tfidf+bert,2,1,0.9993461534156721,True
1841,1841,924,0,tfidf+bert,2,0,0.005656501563465114,True
1842,1842,924,1,tfidf+bert,2,1,0.9080190176691364,True
1843,1843,925,0,tfidf+bert,2,0,0.0005750088351507711,True
1844,1844,925,1,tfidf+bert,2,1,0.9162962232240348,True
1845,1845,926,0,tfidf+bert,2,0,0.024971694038091487,True
1846,1846,926,1,tfidf+bert,2,1,0.9984633128340674,True
1847,1847,927,0,tfidf+bert,2,0,0.03834442485430585,True
1848,1848,927,1,tfidf+bert,2,1,0.991732651929488,True
1849,1849,928,0,tfidf+bert,2,0,0.0009793986849441633,True
1850,1850,928,1,tfidf+bert,2,1,0.9956786260335335,True
1851,1851,929,0,tfidf+bert,2,0,0.006529840140436727,True
1852,1852,929,1,tfidf+bert,2,1,0.9974053371940045,True
1853,1853,930,0,tfidf+bert,2,0,0.09332486026324895,True
1854,1854,930,1,tfidf+bert,2,1,0.9833706510219657,True
1855,1855,931,0,tfidf+bert,2,0,0.1294878580582066,True
1856,1856,931,1,tfidf+bert,2,1,0.9751630230955994,True
1857,1857,932,0,tfidf+bert,2,0,0.004446914448488672,True
1858,1858,932,1,tfidf+bert,2,1,0.9904633469777343,True
1859,1859,933,0,tfidf+bert,2,0,0.0005048714489481299,True
1860,1860,933,1,tfidf+bert,2,1,0.9920664862219876,True
1861,1861,934,0,tfidf+bert,2,0,0.028627392658686638,True
1862,1862,934,1,tfidf+bert,2,1,0.8975557106605461,True
1863,1863,935,0,tfidf+bert,2,0,0.03954136257476401,True
1864,1864,935,1,tfidf+bert,2,1,0.9944813302639238,True
1865,1865,936,0,tfidf+bert,2,0,0.012727646311892866,True
1866,1866,936,1,tfidf+bert,2,1,0.8890263749109651,True
1867,1867,937,0,tfidf+bert,2,0,0.042153767781057505,True
1868,1868,937,1,tfidf+bert,2,1,0.995249962020703,True
1869,1869,938,0,tfidf+bert,2,0,0.19560505295546243,True
1870,1870,938,1,tfidf+bert,2,1,0.9054518310201293,True
1871,1871,939,0,tfidf+bert,2,0,0.2885347576009214,True
1872,1872,939,1,tfidf+bert,2,1,0.8635046405938306,True
1873,1873,940,0,tfidf+bert,2,0,0.0016051697097471582,True
1874,1874,940,1,tfidf+bert,2,1,0.9501807622533838,True
1875,1875,941,0,tfidf+bert,2,0,0.016808769337172656,True
1876,1876,941,1,tfidf+bert,2,1,0.7641152844573176,True
1877,1877,942,0,tfidf+bert,2,0,0.00046798646033409917,True
1878,1878,942,1,tfidf+bert,2,1,0.9831559509948241,True
1879,1879,943,0,tfidf+bert,2,0,0.09683348893955211,True
1880,1880,943,1,tfidf+bert,2,1,0.9997520055395712,True
1881,1881,944,0,tfidf+bert,2,0,0.008436653316109937,True
1882,1882,944,1,tfidf+bert,2,1,0.9985542294025184,True
1883,1883,945,0,tfidf+bert,2,0,0.013551928329277084,True
1884,1884,945,1,tfidf+bert,2,1,0.9720606567064721,True
1885,1885,946,0,tfidf+bert,2,0,0.04036286847791028,True
1886,1886,946,1,tfidf+bert,2,1,0.9461027384724775,True
1887,1887,947,0,tfidf+bert,2,0,0.34153655220692203,True
1888,1888,947,1,tfidf+bert,2,1,0.998500844210126,True
1889,1889,948,0,tfidf+bert,2,0,0.07493175386780891,True
1890,1890,948,1,tfidf+bert,2,1,0.9957755973057982,True
1891,1891,949,0,tfidf+bert,2,0,0.004700476888461475,True
1892,1892,949,1,tfidf+bert,2,1,0.9661956125183565,True
1893,1893,950,0,tfidf+bert,2,0,0.3734916856054402,True
1894,1894,950,1,tfidf+bert,2,1,0.9771383844840607,True
1895,1895,951,0,tfidf+bert,2,0,0.000731744852756869,True
1896,1896,951,1,tfidf+bert,2,1,0.9770207359456369,True
1897,1897,952,0,tfidf+bert,2,0,0.01341253314694425,True
1898,1898,952,1,tfidf+bert,2,1,0.7798195794450797,True
1899,1899,953,0,tfidf+bert,2,0,0.003659314650737211,True
1900,1900,953,1,tfidf+bert,2,1,0.9790784435868238,True
1901,1901,954,0,tfidf+bert,2,0,0.03203564692211558,True
1902,1902,954,1,tfidf+bert,2,1,0.9834274490751242,True
1903,1903,955,0,tfidf+bert,2,0,0.0024953008674640305,True
1904,1904,955,1,tfidf+bert,2,1,0.9985496549335836,True
1905,1905,956,0,tfidf+bert,2,0,0.01817638856681783,True
1906,1906,956,1,tfidf+bert,2,1,0.9950131765478426,True
1907,1907,957,0,tfidf+bert,2,0,0.33116904905097505,True
1908,1908,957,1,tfidf+bert,2,1,0.9998514155272036,True
1909,1909,958,0,tfidf+bert,2,0,0.01777254672657973,True
1910,1910,958,1,tfidf+bert,2,1,0.9932275129505292,True
1911,1911,959,0,tfidf+bert,2,0,0.013561065178957192,True
1912,1912,959,1,tfidf+bert,2,0,0.03919170653059493,False
1913,1913,960,0,tfidf+bert,2,0,0.02696089315544995,True
1914,1914,960,1,tfidf+bert,2,1,0.914185513147509,True
1915,1915,961,0,tfidf+bert,2,0,0.0006419505115927585,True
1916,1916,961,1,tfidf+bert,2,1,0.8970413641846895,True
1917,1917,962,0,tfidf+bert,2,0,0.0236597266002421,True
1918,1918,962,1,tfidf+bert,2,1,0.9889480601008465,True
1919,1919,963,0,tfidf+bert,2,0,0.0040345376132439725,True
1920,1920,963,1,tfidf+bert,2,1,0.9964233505445452,True
1921,1921,964,0,tfidf+bert,2,0,0.10004836114299512,True
1922,1922,964,1,tfidf+bert,2,1,0.9970198700874766,True
1923,1923,965,0,tfidf+bert,2,0,0.0004270393567841314,True
1924,1924,965,1,tfidf+bert,2,1,0.9979441805143237,True
1925,1925,966,0,tfidf+bert,2,0,0.03359705635690482,True
1926,1926,966,1,tfidf+bert,2,1,0.7243811733614148,True
1927,1927,967,0,tfidf+bert,2,0,0.28834806483811487,True
1928,1928,967,1,tfidf+bert,2,1,0.9148019142638878,True
1929,1929,968,0,tfidf+bert,2,0,0.01930851190917621,True
1930,1930,968,1,tfidf+bert,2,1,0.9992327168978818,True
1931,1931,969,0,tfidf+bert,2,0,0.3132856128444133,True
1932,1932,969,1,tfidf+bert,2,1,0.9690859526102256,True
1933,1933,970,0,tfidf+bert,2,0,0.36366192613048526,True
1934,1934,970,1,tfidf+bert,2,1,0.9988507094236124,True
1935,1935,971,1,tfidf+bert,2,1,0.9609420511833459,True
1936,1936,972,0,tfidf+bert,2,0,0.01886731289438348,True
1937,1937,972,1,tfidf+bert,2,1,0.9875926083697047,True
1938,1938,973,0,tfidf+bert,2,0,0.004421076419117249,True
1939,1939,973,1,tfidf+bert,2,1,0.9729223318095659,True
1940,1940,974,0,tfidf+bert,2,0,0.03323469432826003,True
1941,1941,974,1,tfidf+bert,2,1,0.8601434765467895,True
1942,1942,975,0,tfidf+bert,2,0,0.00820568183065541,True
1943,1943,975,1,tfidf+bert,2,1,0.9707427397920194,True
1944,1944,976,0,tfidf+bert,2,0,0.0009596235719376032,True
1945,1945,976,1,tfidf+bert,2,1,0.998006936940748,True
1946,1946,977,0,tfidf+bert,2,0,0.024515748739075714,True
1947,1947,977,1,tfidf+bert,2,1,0.6827274145825475,True
1948,1948,978,0,tfidf+bert,2,0,0.0035232651902159006,True
1949,1949,978,1,tfidf+bert,2,1,0.9646761619864339,True
1950,1950,979,0,tfidf+bert,2,0,0.005904365565061953,True
1951,1951,979,1,tfidf+bert,2,1,0.9878340473495516,True
1952,1952,980,0,tfidf+bert,2,0,0.006557415296972293,True
1953,1953,980,1,tfidf+bert,2,1,0.7020295202214987,True
1954,1954,981,0,tfidf+bert,2,0,0.16947018447135262,True
1955,1955,981,1,tfidf+bert,2,1,0.9710021049718915,True
1956,1956,982,0,tfidf+bert,2,0,0.017488298767539993,True
1957,1957,982,1,tfidf+bert,2,1,0.9080449365771596,True
1958,1958,983,0,tfidf+bert,2,0,0.005794004851522473,True
1959,1959,983,1,tfidf+bert,2,1,0.9987225544629507,True
1960,1960,984,0,tfidf+bert,2,0,0.005074780713339094,True
1961,1961,984,1,tfidf+bert,2,1,0.9960721045104275,True
1962,1962,985,0,tfidf+bert,2,0,0.1749791576864168,True
1963,1963,985,1,tfidf+bert,2,1,0.9918679688687955,True
1964,1964,986,0,tfidf+bert,2,0,0.01130020025008644,True
1965,1965,986,1,tfidf+bert,2,1,0.9840190880013693,True
1966,1966,987,0,tfidf+bert,2,0,0.04030571287274449,True
1967,1967,987,1,tfidf+bert,2,1,0.991769617841233,True
1968,1968,988,0,tfidf+bert,2,0,0.0011766524064184406,True
1969,1969,988,1,tfidf+bert,2,1,0.6605961932537081,True
1970,1970,989,0,tfidf+bert,2,0,0.00021856025177643674,True
1971,1971,989,1,tfidf+bert,2,1,0.9342834783837958,True
1972,1972,990,0,tfidf+bert,2,0,0.3807825877507365,True
1973,1973,990,1,tfidf+bert,2,1,0.9883548475508946,True
1974,1974,991,0,tfidf+bert,2,0,0.030641039876431655,True
1975,1975,991,1,tfidf+bert,2,1,0.9886765147306948,True
1976,1976,992,0,tfidf+bert,2,0,0.04719280107061124,True
1977,1977,992,1,tfidf+bert,2,1,0.8629655678705064,True
1978,1978,993,0,tfidf+bert,2,0,0.0007823940888316013,True
1979,1979,993,1,tfidf+bert,2,1,0.9988515963515189,True
1980,1980,994,0,tfidf+bert,2,0,0.004426197120915412,True
1981,1981,994,1,tfidf+bert,2,1,0.9369683657089515,True
1982,1982,995,0,tfidf+bert,2,0,0.014474241081480536,True
1983,1983,995,1,tfidf+bert,2,1,0.9602323082856952,True
1984,1984,996,0,tfidf+bert,2,0,0.014131347619291874,True
1985,1985,996,1,tfidf+bert,2,1,0.5558318997163336,True
1986,1986,997,0,tfidf+bert,2,0,0.0036265163020388564,True
1987,1987,997,1,tfidf+bert,2,1,0.9951781619748876,True
1988,1988,998,0,tfidf+bert,2,0,0.044778182196669375,True
1989,1989,998,1,tfidf+bert,2,1,0.9939086682434219,True
1990,1990,999,0,tfidf+bert,2,0,0.0028912195105075325,True
1991,1991,999,1,tfidf+bert,2,1,0.9654262320935835,True
1992,1992,1000,0,tfidf+bert,2,0,0.028211603957571475,True
1993,1993,1000,1,tfidf+bert,2,1,0.9845767294177299,True
1994,1994,1001,0,tfidf+bert,2,1,0.5610782643071517,False
1995,1995,1001,1,tfidf+bert,2,1,0.875937515909183,True
1996,1996,1002,0,tfidf+bert,2,0,0.01006269523344224,True
1997,1997,1002,1,tfidf+bert,2,1,0.970640397813909,True
1998,1998,1003,0,tfidf+bert,2,0,0.0075790509316662185,True
1999,1999,1003,1,tfidf+bert,2,1,0.9989290837058205,True
2000,2000,1004,0,tfidf+bert,2,0,0.22997089957554662,True
2001,2001,1004,1,tfidf+bert,2,1,0.9910047923359424,True
2002,2002,1005,0,tfidf+bert,2,0,0.021206317172677368,True
2003,2003,1005,1,tfidf+bert,2,1,0.9871237531646161,True
2004,2004,1006,0,tfidf+bert,2,0,0.12965947187360452,True
2005,2005,1006,1,tfidf+bert,2,1,0.9871977258195682,True
2006,2006,1007,0,tfidf+bert,2,0,0.1925042608833289,True
2007,2007,1007,1,tfidf+bert,2,1,0.8368556797175746,True
2008,2008,1008,0,tfidf+bert,2,0,0.19921109502918039,True
2009,2009,1008,1,tfidf+bert,2,1,0.9969820691963678,True
2010,2010,1009,0,tfidf+bert,2,0,0.3197357397326649,True
2011,2011,1009,1,tfidf+bert,2,1,0.987644067587219,True
2012,2012,1010,0,tfidf+bert,2,0,0.03554472741050995,True
2013,2013,1010,1,tfidf+bert,2,1,0.9364172307764896,True
2014,2014,1011,0,tfidf+bert,2,0,0.004028872000910452,True
2015,2015,1011,1,tfidf+bert,2,1,0.999385878364184,True
2016,2016,1012,0,tfidf+bert,2,0,0.06796987089096507,True
2017,2017,1012,1,tfidf+bert,2,1,0.8920873229372895,True
2018,2018,1013,0,tfidf+bert,2,0,0.002150211461099176,True
2019,2019,1013,1,tfidf+bert,2,1,0.9924885464445882,True
2020,2020,1014,0,tfidf+bert,2,0,0.0005103709628881848,True
2021,2021,1014,1,tfidf+bert,2,1,0.9994805658903945,True
2022,2022,1015,0,tfidf+bert,2,0,0.2547842865259143,True
2023,2023,1015,1,tfidf+bert,2,1,0.967057294135155,True
2024,2024,1016,0,tfidf+bert,2,0,0.02089428863521166,True
2025,2025,1016,1,tfidf+bert,2,1,0.9831303296663305,True
2026,2026,1017,0,tfidf+bert,2,0,0.0017099142968026594,True
2027,2027,1017,1,tfidf+bert,2,1,0.9698402849621146,True
2028,2028,1018,0,tfidf+bert,2,0,0.0015188374166795508,True
2029,2029,1018,1,tfidf+bert,2,1,0.9550093880734298,True
2030,2030,1019,0,tfidf+bert,2,0,0.0013903510766642374,True
2031,2031,1019,1,tfidf+bert,2,1,0.9391151019897755,True
2032,2032,1020,0,tfidf+bert,2,0,0.2731811642850234,True
2033,2033,1020,1,tfidf+bert,2,1,0.9918160073064695,True
2034,2034,1021,0,tfidf+bert,2,0,0.002670821273792484,True
2035,2035,1021,1,tfidf+bert,2,1,0.953163572282376,True
2036,2036,1022,0,tfidf+bert,2,0,0.0004719382597930481,True
2037,2037,1022,1,tfidf+bert,2,1,0.9970977527922802,True
2038,2038,1023,0,tfidf+bert,2,0,0.10418572419747273,True
2039,2039,1023,1,tfidf+bert,2,1,0.8643044610656271,True
2040,2040,1024,0,tfidf+bert,2,0,0.034335057580353726,True
2041,2041,1024,1,tfidf+bert,2,1,0.9986923019291656,True
2042,2042,1025,0,tfidf+bert,2,0,0.06984824811007391,True
2043,2043,1025,1,tfidf+bert,2,0,0.1598678396526858,False
2044,2044,1026,0,tfidf+bert,2,0,0.0010529279560621482,True
2045,2045,1026,1,tfidf+bert,2,1,0.9473933098161903,True
2046,2046,1027,0,tfidf+bert,2,0,0.0016924426807085116,True
2047,2047,1027,1,tfidf+bert,2,1,0.9974104955772986,True
2048,2048,1028,0,tfidf+bert,2,0,0.4144533084017914,True
2049,2049,1028,1,tfidf+bert,2,1,0.998983177152474,True
2050,2050,1029,0,tfidf+bert,2,0,0.00043691491153438893,True
2051,2051,1029,1,tfidf+bert,2,1,0.9972644250398288,True
2052,2052,1030,0,tfidf+bert,2,0,0.0007263206546522621,True
2053,2053,1030,1,tfidf+bert,2,1,0.9988738912763706,True
2054,2054,1031,0,tfidf+bert,2,0,0.00121074221602735,True
2055,2055,1031,1,tfidf+bert,2,1,0.9552591106701772,True
2056,2056,1032,0,tfidf+bert,2,0,0.004023690684787572,True
2057,2057,1032,1,tfidf+bert,2,1,0.9996551164534577,True
2058,2058,1033,0,tfidf+bert,2,0,0.33578778559802547,True
2059,2059,1033,1,tfidf+bert,2,1,0.9919758910449454,True
2060,2060,1034,0,tfidf+bert,2,0,0.006514700644111158,True
2061,2061,1034,1,tfidf+bert,2,1,0.8610398783703493,True
2062,2062,1035,0,tfidf+bert,2,0,0.00016876650417847844,True
2063,2063,1035,1,tfidf+bert,2,1,0.9846268487906598,True
2064,2064,1036,0,tfidf+bert,2,0,0.008684906168195403,True
2065,2065,1036,1,tfidf+bert,2,0,0.19566927786886576,False
2066,2066,1037,0,tfidf+bert,2,0,0.011684840744982713,True
2067,2067,1037,1,tfidf+bert,2,1,0.9027051330765083,True
2068,2068,1038,0,tfidf+bert,2,0,0.004361425548725365,True
2069,2069,1038,1,tfidf+bert,2,1,0.9210384810127334,True
2070,2070,1039,0,tfidf+bert,2,0,0.0016862977348603508,True
2071,2071,1039,1,tfidf+bert,2,1,0.6566596546317668,True
2072,2072,1040,0,tfidf+bert,2,0,0.01723261871218173,True
2073,2073,1040,1,tfidf+bert,2,1,0.9877633296358256,True
2074,2074,1041,0,tfidf+bert,2,0,0.018548829343413592,True
2075,2075,1041,1,tfidf+bert,2,1,0.9982565972283589,True
2076,2076,1042,0,tfidf+bert,2,0,0.16842178415725947,True
2077,2077,1042,1,tfidf+bert,2,1,0.9839851883359773,True
2078,2078,1043,0,tfidf+bert,2,0,0.02573349107340819,True
2079,2079,1043,1,tfidf+bert,2,1,0.9722428056204074,True
2080,2080,1044,0,tfidf+bert,2,0,0.0009223093487136565,True
2081,2081,1044,1,tfidf+bert,2,1,0.9919723774524639,True
2082,2082,1045,0,tfidf+bert,2,0,0.19019277505931073,True
2083,2083,1045,1,tfidf+bert,2,1,0.9883879316430086,True
2084,2084,1046,0,tfidf+bert,2,0,0.0016784156900970946,True
2085,2085,1046,1,tfidf+bert,2,1,0.9885454153921097,True
2086,2086,1047,0,tfidf+bert,2,0,0.004061911131598553,True
2087,2087,1047,1,tfidf+bert,2,1,0.9970956735972722,True
2088,2088,1048,0,tfidf+bert,2,0,0.0497494245503062,True
2089,2089,1048,1,tfidf+bert,2,1,0.9909254378750165,True
2090,2090,1049,0,tfidf+bert,2,0,0.003618463602588842,True
2091,2091,1049,1,tfidf+bert,2,1,0.9995362826351604,True
2092,2092,1050,0,tfidf+bert,2,0,0.008414589858889963,True
2093,2093,1050,1,tfidf+bert,2,1,0.5905370694483182,True
2094,2094,1051,0,tfidf+bert,2,0,0.08402706337232668,True
2095,2095,1051,1,tfidf+bert,2,1,0.999416846028729,True
2096,2096,1052,0,tfidf+bert,2,0,0.012399157505551813,True
2097,2097,1052,1,tfidf+bert,2,1,0.9771395497841333,True
2098,2098,1053,0,tfidf+bert,2,0,0.0019292673913752806,True
2099,2099,1053,1,tfidf+bert,2,1,0.9259817679545205,True
2100,2100,1054,0,tfidf+bert,2,0,0.0063479426158058825,True
2101,2101,1054,1,tfidf+bert,2,1,0.9599996058678177,True
2102,2102,1055,0,tfidf+bert,2,0,0.4592150525830892,True
2103,2103,1055,1,tfidf+bert,2,1,0.7953394023389934,True
2104,2104,1056,0,tfidf+bert,2,0,0.010121538928860026,True
2105,2105,1056,1,tfidf+bert,2,1,0.9886400555235655,True
2106,2106,1057,0,tfidf+bert,2,0,0.00549824587868658,True
2107,2107,1057,1,tfidf+bert,2,1,0.9835482548379445,True
2108,2108,1058,0,tfidf+bert,2,0,0.08944439775833293,True
2109,2109,1058,1,tfidf+bert,2,1,0.9960470445210726,True
2110,2110,1059,0,tfidf+bert,2,0,0.08379628615756149,True
2111,2111,1059,1,tfidf+bert,2,1,0.9788113374864654,True
2112,2112,1060,0,tfidf+bert,2,0,0.004904792761448275,True
2113,2113,1060,1,tfidf+bert,2,1,0.974873587178631,True
2114,2114,1061,0,tfidf+bert,2,0,0.012297304324569772,True
2115,2115,1061,1,tfidf+bert,2,1,0.9942169019157373,True
2116,2116,1062,0,tfidf+bert,2,0,0.023028553965317725,True
2117,2117,1062,1,tfidf+bert,2,1,0.9662424090409674,True
2118,2118,1063,0,tfidf+bert,2,0,0.07973414504663294,True
2119,2119,1063,1,tfidf+bert,2,1,0.8617469895394988,True
2120,2120,1064,0,tfidf+bert,2,0,0.0007690504291148235,True
2121,2121,1064,1,tfidf+bert,2,1,0.9991029773495367,True
2122,2122,1065,0,tfidf+bert,2,0,0.0033851698662866357,True
2123,2123,1065,1,tfidf+bert,2,1,0.824907265576808,True
2124,2124,1066,0,tfidf+bert,2,0,0.0015012573587050687,True
2125,2125,1066,1,tfidf+bert,2,1,0.9473412236562045,True
2126,2126,1067,0,tfidf+bert,2,0,0.0004921261266498542,True
2127,2127,1067,1,tfidf+bert,2,1,0.9954600553784028,True
2128,2128,1068,0,tfidf+bert,2,0,0.03155882345362133,True
2129,2129,1068,1,tfidf+bert,2,1,0.9969272811980452,True
2130,2130,1069,0,tfidf+bert,2,0,0.0005734018895806914,True
2131,2131,1069,1,tfidf+bert,2,0,0.32939701158305995,False
2132,2132,1070,0,tfidf+bert,2,0,0.0032205769742872027,True
2133,2133,1070,1,tfidf+bert,2,1,0.977659916991175,True
2134,2134,1071,0,tfidf+bert,2,0,0.11391987198302596,True
2135,2135,1071,1,tfidf+bert,2,1,0.9927086046235671,True
2136,2136,1072,0,tfidf+bert,2,0,0.00571190320979763,True
2137,2137,1072,1,tfidf+bert,2,1,0.9976112399632805,True
2138,2138,1073,0,tfidf+bert,2,0,0.006956489833791649,True
2139,2139,1073,1,tfidf+bert,2,1,0.9967346219421439,True
2140,2140,1074,0,tfidf+bert,2,0,0.10317315668692724,True
2141,2141,1074,1,tfidf+bert,2,1,0.9305423612722452,True
2142,2142,1075,0,tfidf+bert,2,0,0.0013559161654047847,True
2143,2143,1075,1,tfidf+bert,2,1,0.9789712687958061,True
2144,2144,1076,0,tfidf+bert,2,0,0.014661175101830883,True
2145,2145,1076,1,tfidf+bert,2,1,0.899776892448274,True
2146,2146,1077,0,tfidf+bert,2,0,0.03906689884607918,True
2147,2147,1077,1,tfidf+bert,2,1,0.948378574577344,True
2148,2148,1078,0,tfidf+bert,2,0,0.043204071820165044,True
2149,2149,1078,1,tfidf+bert,2,1,0.985590528287631,True
2150,2150,1079,0,tfidf+bert,2,0,0.08689673649234897,True
2151,2151,1079,1,tfidf+bert,2,1,0.9972310440806522,True
2152,2152,1080,0,tfidf+bert,2,1,0.595561153318104,False
2153,2153,1080,1,tfidf+bert,2,1,0.9876793743299557,True
2154,2154,1081,0,tfidf+bert,2,0,0.0015713437652337256,True
2155,2155,1081,1,tfidf+bert,2,1,0.9821821878308051,True
2156,2156,1082,0,tfidf+bert,2,0,0.0015662783006678896,True
2157,2157,1082,1,tfidf+bert,2,1,0.9834227714643962,True
2158,2158,1083,0,tfidf+bert,2,0,0.27674764779342975,True
2159,2159,1083,1,tfidf+bert,2,1,0.8001558850863527,True
2160,2160,1084,0,tfidf+bert,2,0,0.05689414782347746,True
2161,2161,1084,1,tfidf+bert,2,1,0.9970269735982342,True
2162,2162,1085,0,tfidf+bert,2,0,0.039278499545398776,True
2163,2163,1085,1,tfidf+bert,2,1,0.9965409159245346,True
2164,2164,1086,0,tfidf+bert,2,0,0.0025708619886278127,True
2165,2165,1086,1,tfidf+bert,2,1,0.9225105243557252,True
2166,2166,1087,0,tfidf+bert,2,0,0.0005732619577997736,True
2167,2167,1087,1,tfidf+bert,2,1,0.9993681462568252,True
2168,2168,1088,0,tfidf+bert,2,0,0.0030164088365668643,True
2169,2169,1088,1,tfidf+bert,2,1,0.7219106193710432,True
2170,2170,1089,0,tfidf+bert,2,0,0.04604055107141527,True
2171,2171,1089,1,tfidf+bert,2,1,0.9898591021725561,True
2172,2172,1090,0,tfidf+bert,2,0,0.021288720305858277,True
2173,2173,1090,1,tfidf+bert,2,1,0.9927037893784262,True
2174,2174,1091,0,tfidf+bert,2,0,0.03359572104391991,True
2175,2175,1091,1,tfidf+bert,2,1,0.5725101875952786,True
2176,2176,1092,0,tfidf+bert,2,0,0.028114155387639766,True
2177,2177,1092,1,tfidf+bert,2,1,0.5931481253742589,True
2178,2178,1093,0,tfidf+bert,2,0,0.07324464987171529,True
2179,2179,1093,1,tfidf+bert,2,1,0.9550456757111991,True
2180,2180,1094,0,tfidf+bert,2,0,0.03112897663586174,True
2181,2181,1094,1,tfidf+bert,2,1,0.9977723165139862,True
2182,2182,1095,0,tfidf+bert,2,0,0.0028472779764927543,True
2183,2183,1095,1,tfidf+bert,2,1,0.9902914672209423,True
2184,2184,1096,0,tfidf+bert,2,0,0.06956002341884164,True
2185,2185,1096,1,tfidf+bert,2,1,0.9904710680016364,True
2186,2186,1097,0,tfidf+bert,2,0,0.024664199671557935,True
2187,2187,1097,1,tfidf+bert,2,1,0.9949038066654252,True
2188,2188,1098,0,tfidf+bert,2,0,0.033883710454444556,True
2189,2189,1098,1,tfidf+bert,2,1,0.9955649777966211,True
2190,2190,1099,0,tfidf+bert,2,0,0.0038920998178653956,True
2191,2191,1099,1,tfidf+bert,2,1,0.98416055406323,True
2192,2192,1100,0,tfidf+bert,2,0,0.013306669150630591,True
2193,2193,1100,1,tfidf+bert,2,1,0.6376869394187605,True
2194,2194,1101,0,tfidf+bert,2,0,0.0034726520522770695,True
2195,2195,1101,1,tfidf+bert,2,1,0.993798997501537,True
2196,2196,1102,0,tfidf+bert,2,0,0.02918290759471631,True
2197,2197,1102,1,tfidf+bert,2,1,0.9958911542057081,True
2198,2198,1103,0,tfidf+bert,2,0,0.013773641018416695,True
2199,2199,1103,1,tfidf+bert,2,1,0.9438687200462546,True
2200,2200,1104,0,tfidf+bert,2,0,0.04152548599569195,True
2201,2201,1104,1,tfidf+bert,2,1,0.9921718649755399,True
2202,2202,1105,0,tfidf+bert,2,1,0.9374877932536766,False
2203,2203,1105,1,tfidf+bert,2,1,0.9937861020849665,True
2204,2204,1106,0,tfidf+bert,2,0,0.001845836266445859,True
2205,2205,1106,1,tfidf+bert,2,1,0.9898488770578161,True
2206,2206,1107,0,tfidf+bert,2,0,0.09146034488305525,True
2207,2207,1107,1,tfidf+bert,2,1,0.9972417143862158,True
2208,2208,1108,0,tfidf+bert,2,0,0.02215019309487393,True
2209,2209,1108,1,tfidf+bert,2,1,0.985138751751648,True
2210,2210,1109,0,tfidf+bert,2,0,0.018820630123781327,True
2211,2211,1109,1,tfidf+bert,2,1,0.9953833606836431,True
2212,2212,1110,0,tfidf+bert,2,0,0.01724384143089886,True
2213,2213,1110,1,tfidf+bert,2,1,0.9825841133214186,True
2214,2214,1111,0,tfidf+bert,2,0,0.021291512154317148,True
2215,2215,1111,1,tfidf+bert,2,1,0.5340355439038845,True
2216,2216,1112,0,tfidf+bert,2,0,0.0016583388216325854,True
2217,2217,1112,1,tfidf+bert,2,1,0.9821419905370045,True
2218,2218,1113,0,tfidf+bert,2,0,0.49351096634558295,True
2219,2219,1113,1,tfidf+bert,2,1,0.9842001588606306,True
2220,2220,1114,0,tfidf+bert,2,0,0.003173817836508404,True
2221,2221,1114,1,tfidf+bert,2,1,0.8716210946488666,True
2222,2222,1115,0,tfidf+bert,2,0,0.009773336480895489,True
2223,2223,1115,1,tfidf+bert,2,1,0.9916977554734272,True
2224,2224,1116,0,tfidf+bert,2,0,0.006197655993756401,True
2225,2225,1116,1,tfidf+bert,2,1,0.9888008392610972,True
2226,2226,1117,0,tfidf+bert,2,1,0.874579792411042,False
2227,2227,1117,1,tfidf+bert,2,1,0.9987586860263817,True
2228,2228,1118,0,tfidf+bert,2,0,0.020322508724791376,True
2229,2229,1118,1,tfidf+bert,2,1,0.9935120471944873,True
2230,2230,1119,0,tfidf+bert,2,0,0.05054627701707952,True
2231,2231,1119,1,tfidf+bert,2,1,0.9332285470066841,True
2232,2232,1120,0,tfidf+bert,2,0,0.019549870289289888,True
2233,2233,1120,1,tfidf+bert,2,1,0.9863481738750809,True
2234,2234,1121,0,tfidf+bert,2,0,0.0037585809419202016,True
2235,2235,1121,1,tfidf+bert,2,1,0.8057915058656167,True
2236,2236,1122,0,tfidf+bert,2,0,0.0006254217604955343,True
2237,2237,1122,1,tfidf+bert,2,1,0.9871314740506527,True
2238,2238,1123,0,tfidf+bert,2,0,0.006920625911096038,True
2239,2239,1123,1,tfidf+bert,2,1,0.9805145430764611,True
2240,2240,1124,0,tfidf+bert,2,0,0.007436552283975019,True
2241,2241,1124,1,tfidf+bert,2,1,0.9960913059123782,True
2242,2242,1125,0,tfidf+bert,2,0,0.16899970652474153,True
2243,2243,1125,1,tfidf+bert,2,1,0.9996776786531575,True
2244,2244,1126,0,tfidf+bert,2,0,0.02279633070578224,True
2245,2245,1126,1,tfidf+bert,2,1,0.7497214173175095,True
2246,2246,1127,0,tfidf+bert,2,0,0.011290314488273995,True
2247,2247,1127,1,tfidf+bert,2,1,0.9932042059921997,True
2248,2248,1128,0,tfidf+bert,2,1,0.500527249446098,False
2249,2249,1128,1,tfidf+bert,2,1,0.986260568605515,True
2250,2250,1129,0,tfidf+bert,2,0,0.09071990057028484,True
2251,2251,1129,1,tfidf+bert,2,1,0.9637762397059476,True
2252,2252,1130,0,tfidf+bert,2,0,0.13882251519340139,True
2253,2253,1130,1,tfidf+bert,2,1,0.9983150191166552,True
2254,2254,1131,0,tfidf+bert,2,0,0.016853327147016352,True
2255,2255,1131,1,tfidf+bert,2,1,0.8894675811482113,True
2256,2256,1132,0,tfidf+bert,2,0,0.24669519296210826,True
2257,2257,1132,1,tfidf+bert,2,1,0.9599727475757849,True
2258,2258,1133,0,tfidf+bert,2,0,0.036115347583721674,True
2259,2259,1133,1,tfidf+bert,2,1,0.9942563514886578,True
2260,2260,1134,0,tfidf+bert,2,0,0.0013625914369926116,True
2261,2261,1134,1,tfidf+bert,2,1,0.9773773404423568,True
2262,2262,1135,0,tfidf+bert,2,0,0.0005337062029487125,True
2263,2263,1135,1,tfidf+bert,2,1,0.9982421474011445,True
2264,2264,1136,0,tfidf+bert,2,0,0.008604599842944583,True
2265,2265,1136,1,tfidf+bert,2,1,0.9874474790051555,True
2266,2266,1137,0,tfidf+bert,2,0,0.01708629878781222,True
2267,2267,1137,1,tfidf+bert,2,1,0.9993981182793914,True
2268,2268,1138,0,tfidf+bert,2,0,0.049110816870581324,True
2269,2269,1138,1,tfidf+bert,2,1,0.9906539986862661,True
2270,2270,1139,0,tfidf+bert,2,0,0.07305063385722736,True
2271,2271,1139,1,tfidf+bert,2,1,0.9668842252675616,True
2272,2272,1140,0,tfidf+bert,2,0,0.2207967034990607,True
2273,2273,1140,1,tfidf+bert,2,1,0.9614636687460556,True
2274,2274,1141,0,tfidf+bert,2,0,0.012803947355743832,True
2275,2275,1141,1,tfidf+bert,2,1,0.9913172113203793,True
2276,2276,1142,0,tfidf+bert,2,0,0.310135230080475,True
2277,2277,1142,1,tfidf+bert,2,1,0.9819136870763775,True
2278,2278,1143,0,tfidf+bert,2,0,0.002194208984816491,True
2279,2279,1143,1,tfidf+bert,2,1,0.9721994749092716,True
2280,2280,1144,0,tfidf+bert,2,0,0.05138973848595842,True
2281,2281,1144,1,tfidf+bert,2,1,0.9982074052271727,True
2282,2282,1145,0,tfidf+bert,2,1,0.7733123283024004,False
2283,2283,1145,1,tfidf+bert,2,1,0.9990430362057509,True
2284,2284,1146,0,tfidf+bert,2,0,0.04726924461986916,True
2285,2285,1146,1,tfidf+bert,2,1,0.965955727815828,True
2286,2286,1147,0,tfidf+bert,2,0,0.007613584924375102,True
2287,2287,1147,1,tfidf+bert,2,1,0.9217121824416226,True
2288,2288,1148,0,tfidf+bert,2,0,0.015567504629936113,True
2289,2289,1148,1,tfidf+bert,2,1,0.9976715338962199,True
2290,2290,1149,0,tfidf+bert,2,0,0.08653084382935602,True
2291,2291,1149,1,tfidf+bert,2,1,0.9820620305099336,True
2292,2292,1150,0,tfidf+bert,2,0,0.24820488467738178,True
2293,2293,1150,1,tfidf+bert,2,1,0.9991335485862893,True
2294,2294,1151,0,tfidf+bert,2,0,0.0044707331526958214,True
2295,2295,1151,1,tfidf+bert,2,1,0.999227137763554,True
2296,2296,1152,0,tfidf+bert,2,0,0.03011440174372343,True
2297,2297,1152,1,tfidf+bert,2,1,0.9719763950772843,True
2298,2298,1153,0,tfidf+bert,2,1,0.7357327306160261,False
2299,2299,1153,1,tfidf+bert,2,1,0.9984868712282263,True
2300,2300,1154,0,tfidf+bert,2,0,0.07431014330334547,True
2301,2301,1154,1,tfidf+bert,2,1,0.9636359565692885,True
2302,2302,1155,0,tfidf+bert,2,0,0.0026476182147048308,True
2303,2303,1155,1,tfidf+bert,2,1,0.9953103115973839,True
2304,2304,1156,0,tfidf+bert,2,0,0.0007048602643256128,True
2305,2305,1156,1,tfidf+bert,2,1,0.9851216056468155,True
2306,2306,1157,0,tfidf+bert,2,0,0.0008864028874869079,True
2307,2307,1157,1,tfidf+bert,2,1,0.9856750480325873,True
2308,2308,1158,0,tfidf+bert,2,0,0.0007261357176633717,True
2309,2309,1158,1,tfidf+bert,2,1,0.9317030087181842,True
2310,2310,1159,0,tfidf+bert,2,0,0.307023339816048,True
2311,2311,1159,1,tfidf+bert,2,1,0.9984699799339039,True
2312,2312,1160,0,tfidf+bert,2,0,0.02561052602212899,True
2313,2313,1160,1,tfidf+bert,2,1,0.9760728730409696,True
2314,2314,1161,0,tfidf+bert,2,0,0.013305511087024924,True
2315,2315,1161,1,tfidf+bert,2,1,0.9996643995886144,True
2316,2316,1162,0,tfidf+bert,2,0,0.23016740343408967,True
2317,2317,1162,1,tfidf+bert,2,1,0.993289575293879,True
2318,2318,1163,0,tfidf+bert,2,0,0.10704288539838029,True
2319,2319,1163,1,tfidf+bert,2,1,0.9920037118924129,True
2320,2320,1164,0,tfidf+bert,2,0,0.08218588585539592,True
2321,2321,1164,1,tfidf+bert,2,1,0.9948584489907625,True
2322,2322,1165,0,tfidf+bert,2,0,0.007331360835215095,True
2323,2323,1165,1,tfidf+bert,2,1,0.9985879860296821,True
2324,2324,1166,0,tfidf+bert,2,0,0.011645479817481692,True
2325,2325,1166,1,tfidf+bert,2,1,0.9979234055104621,True
2326,2326,1167,0,tfidf+bert,2,1,0.7775010244328305,False
2327,2327,1167,1,tfidf+bert,2,1,0.9991403434091811,True
2328,2328,1168,0,tfidf+bert,2,0,0.008986963442648445,True
2329,2329,1168,1,tfidf+bert,2,1,0.9967217418837472,True
2330,2330,1169,0,tfidf+bert,2,0,0.003461921829581114,True
2331,2331,1169,1,tfidf+bert,2,1,0.7579973712522934,True
2332,2332,1170,0,tfidf+bert,2,0,0.11791485601593352,True
2333,2333,1170,1,tfidf+bert,2,1,0.9985330523435487,True
2334,2334,1171,0,tfidf+bert,2,0,0.23868005338034046,True
2335,2335,1171,1,tfidf+bert,2,1,0.9862971962901428,True
2336,2336,1172,0,tfidf+bert,2,0,0.028637803242059407,True
2337,2337,1172,1,tfidf+bert,2,1,0.9866829784422356,True
2338,2338,1173,0,tfidf+bert,2,0,0.021134006320979053,True
2339,2339,1173,1,tfidf+bert,2,1,0.8519866221211044,True
2340,2340,1174,0,tfidf+bert,2,0,0.000882971031608234,True
2341,2341,1174,1,tfidf+bert,2,1,0.9755926407810694,True
2342,2342,1175,0,tfidf+bert,2,0,0.009610510022346211,True
2343,2343,1175,1,tfidf+bert,2,1,0.999672239575815,True
2344,2344,1176,0,tfidf+bert,2,0,0.4710873029239917,True
2345,2345,1176,1,tfidf+bert,2,1,0.7163418725788402,True
2346,2346,1177,0,tfidf+bert,2,0,0.01561416427112409,True
2347,2347,1177,1,tfidf+bert,2,1,0.9992952171861123,True
2348,2348,1178,0,tfidf+bert,2,0,0.017062504581886257,True
2349,2349,1178,1,tfidf+bert,2,1,0.9878122905872759,True
2350,2350,1179,0,tfidf+bert,2,0,0.13448176791146185,True
2351,2351,1179,1,tfidf+bert,2,1,0.8261553070344122,True
2352,2352,1180,0,tfidf+bert,2,0,0.030870308885932174,True
2353,2353,1180,1,tfidf+bert,2,1,0.9947403559778271,True
2354,2354,1181,1,tfidf+bert,2,1,0.9926798837743543,True
2355,2355,1182,0,tfidf+bert,2,0,0.0010244037565764223,True
2356,2356,1182,1,tfidf+bert,2,1,0.9939922611013525,True
2357,2357,1183,0,tfidf+bert,2,0,0.031918474870091994,True
2358,2358,1183,1,tfidf+bert,2,1,0.9994208917857317,True
2359,2359,1184,0,tfidf+bert,2,0,0.004129625056088096,True
2360,2360,1184,1,tfidf+bert,2,1,0.9979482221563397,True
2361,2361,1185,0,tfidf+bert,2,0,0.008590607079678824,True
2362,2362,1185,1,tfidf+bert,2,1,0.9371594259537708,True
2363,2363,1186,0,tfidf+bert,2,0,0.005706980177044785,True
2364,2364,1186,1,tfidf+bert,2,1,0.7846368044227559,True
2365,2365,1187,0,tfidf+bert,2,0,0.0014366383569762457,True
2366,2366,1187,1,tfidf+bert,2,1,0.9992829363750643,True
2367,2367,1188,0,tfidf+bert,2,0,0.005244258579137143,True
2368,2368,1188,1,tfidf+bert,2,1,0.994410632333938,True
2369,2369,1189,0,tfidf+bert,2,0,0.10977777544216044,True
2370,2370,1189,1,tfidf+bert,2,1,0.9994943946351206,True
2371,2371,1190,0,tfidf+bert,2,0,0.007826905184114724,True
2372,2372,1190,1,tfidf+bert,2,1,0.9833147206715521,True
2373,2373,1191,0,tfidf+bert,2,0,0.0010663762969616386,True
2374,2374,1191,1,tfidf+bert,2,1,0.9989997054404167,True
2375,2375,1192,0,tfidf+bert,2,0,0.00384540131932989,True
2376,2376,1192,1,tfidf+bert,2,1,0.7757545939789278,True
2377,2377,1193,0,tfidf+bert,2,0,0.16015700940688296,True
2378,2378,1193,1,tfidf+bert,2,1,0.932289563500768,True
2379,2379,1194,0,tfidf+bert,2,0,0.011609007508514617,True
2380,2380,1194,1,tfidf+bert,2,1,0.9983004495605571,True
2381,2381,1195,0,tfidf+bert,2,0,0.0027256079823727414,True
2382,2382,1195,1,tfidf+bert,2,1,0.9906749368034806,True
2383,2383,1196,0,tfidf+bert,2,0,0.0030008804125018513,True
2384,2384,1196,1,tfidf+bert,2,1,0.9950187053440456,True
2385,2385,1197,0,tfidf+bert,2,0,0.008779002673461643,True
2386,2386,1197,1,tfidf+bert,2,1,0.9460510977141842,True
2387,2387,1198,0,tfidf+bert,2,0,0.011796746383218275,True
2388,2388,1198,1,tfidf+bert,2,1,0.9980697770522333,True
2389,2389,1199,0,tfidf+bert,2,0,0.008913637667921538,True
2390,2390,1199,1,tfidf+bert,2,1,0.9996807429678995,True
2391,2391,1200,0,tfidf+bert,2,0,0.007121662326436116,True
2392,2392,1200,1,tfidf+bert,2,1,0.9976476233584134,True
2393,2393,1201,0,tfidf+bert,2,0,0.04379445133299095,True
2394,2394,1201,1,tfidf+bert,2,1,0.9994872192704228,True
2395,2395,1202,0,tfidf+bert,2,0,0.023406414672418763,True
2396,2396,1202,1,tfidf+bert,2,1,0.8982962340529692,True
2397,2397,1203,0,tfidf+bert,2,0,0.005770322188290674,True
2398,2398,1203,1,tfidf+bert,2,1,0.992718619756558,True
2399,2399,1204,0,tfidf+bert,2,0,0.21639737355707253,True
2400,2400,1204,1,tfidf+bert,2,1,0.9466602336778903,True
2401,2401,1205,0,tfidf+bert,2,0,0.03117799568513854,True
2402,2402,1205,1,tfidf+bert,2,1,0.9989302477496004,True
2403,2403,1206,0,tfidf+bert,2,0,0.006933640869212887,True
2404,2404,1206,1,tfidf+bert,2,1,0.580956731778181,True
2405,2405,1207,0,tfidf+bert,2,0,0.24557840676279646,True
2406,2406,1207,1,tfidf+bert,2,1,0.9916675295149336,True
2407,2407,1208,0,tfidf+bert,2,0,0.03220520808854922,True
2408,2408,1208,1,tfidf+bert,2,1,0.9715807477862862,True
2409,2409,1209,0,tfidf+bert,2,0,0.0005760240098809117,True
2410,2410,1209,1,tfidf+bert,2,1,0.9904125754456057,True
2411,2411,1210,0,tfidf+bert,2,0,0.022604597629952154,True
2412,2412,1210,1,tfidf+bert,2,1,0.9869812577882018,True
2413,2413,1211,0,tfidf+bert,2,0,0.0005025704526911365,True
2414,2414,1211,1,tfidf+bert,2,1,0.854756404491873,True
2415,2415,1212,0,tfidf+bert,2,0,0.008880657586741095,True
2416,2416,1212,1,tfidf+bert,2,1,0.9809727122946529,True
2417,2417,1213,0,tfidf+bert,2,0,0.00901287755310488,True
2418,2418,1213,1,tfidf+bert,2,1,0.997690758811081,True
2419,2419,1214,0,tfidf+bert,2,0,0.0015511964648614136,True
2420,2420,1214,1,tfidf+bert,2,1,0.9971751035174901,True
2421,2421,1215,0,tfidf+bert,2,0,0.012289894755822766,True
2422,2422,1215,1,tfidf+bert,2,1,0.9744553406196161,True
2423,2423,1216,0,tfidf+bert,2,0,0.0028725726235561207,True
2424,2424,1216,1,tfidf+bert,2,1,0.9987362672098583,True
2425,2425,1217,0,tfidf+bert,2,0,0.0056823800293784275,True
2426,2426,1217,1,tfidf+bert,2,0,0.3355645824700993,False
2427,2427,1218,0,tfidf+bert,2,1,0.8916592644787246,False
2428,2428,1218,1,tfidf+bert,2,1,0.9896428743953838,True
2429,2429,1219,0,tfidf+bert,2,0,0.031393347544642715,True
2430,2430,1219,1,tfidf+bert,2,1,0.9433907691591362,True
2431,2431,1220,0,tfidf+bert,2,0,0.10291696506112666,True
2432,2432,1220,1,tfidf+bert,2,1,0.8141902175987175,True
2433,2433,1221,0,tfidf+bert,2,0,0.03949724063829473,True
2434,2434,1221,1,tfidf+bert,2,1,0.9881717408944308,True
2435,2435,1222,0,tfidf+bert,2,0,0.006094169012443442,True
2436,2436,1222,1,tfidf+bert,2,1,0.9807337846521914,True
2437,2437,1223,0,tfidf+bert,2,0,0.20121110752365107,True
2438,2438,1223,1,tfidf+bert,2,1,0.9121921307811822,True
2439,2439,1224,0,tfidf+bert,2,0,0.02807976707763407,True
2440,2440,1224,1,tfidf+bert,2,1,0.9995655225686162,True
2441,2441,1225,0,tfidf+bert,2,0,0.0029311340625425685,True
2442,2442,1225,1,tfidf+bert,2,1,0.9961332794640301,True
2443,2443,1226,0,tfidf+bert,2,0,0.003958580081143952,True
2444,2444,1226,1,tfidf+bert,2,1,0.9721866156926523,True
2445,2445,1227,0,tfidf+bert,2,0,0.0019283347763709268,True
2446,2446,1227,1,tfidf+bert,2,1,0.9990196888888717,True
2447,2447,1228,0,tfidf+bert,2,0,0.008909739700389226,True
2448,2448,1228,1,tfidf+bert,2,1,0.9973437100310004,True
2449,2449,1229,0,tfidf+bert,2,0,0.0015132006666124876,True
2450,2450,1229,1,tfidf+bert,2,1,0.9816865746158727,True
2451,2451,1230,0,tfidf+bert,2,0,0.009688872641607974,True
2452,2452,1230,1,tfidf+bert,2,1,0.9355472948663104,True
2453,2453,1231,0,tfidf+bert,2,1,0.8747705433954477,False
2454,2454,1231,1,tfidf+bert,2,1,0.8266415781410155,True
2455,2455,1232,0,tfidf+bert,2,0,0.010435640565202933,True
2456,2456,1232,1,tfidf+bert,2,1,0.9970575332981033,True
2457,2457,1233,0,tfidf+bert,2,0,0.0013049363400763853,True
2458,2458,1233,1,tfidf+bert,2,1,0.988069290633441,True
2459,2459,1234,0,tfidf+bert,2,0,0.0032120506208132677,True
2460,2460,1234,1,tfidf+bert,2,1,0.8977684229209659,True
2461,2461,1235,0,tfidf+bert,2,0,0.0012004132658353834,True
2462,2462,1235,1,tfidf+bert,2,0,0.24142914170172186,False
2463,2463,1236,0,tfidf+bert,2,0,0.0009842932836655832,True
2464,2464,1236,1,tfidf+bert,2,1,0.9944766577565824,True
2465,2465,1237,0,tfidf+bert,2,0,0.003470855961794517,True
2466,2466,1237,1,tfidf+bert,2,1,0.9901539118249867,True
2467,2467,1238,0,tfidf+bert,2,0,0.006555711926698241,True
2468,2468,1238,1,tfidf+bert,2,1,0.9938017019843398,True
2469,2469,1239,0,tfidf+bert,2,0,0.00985020746582516,True
2470,2470,1239,1,tfidf+bert,2,1,0.9673254171029381,True
2471,2471,1240,0,tfidf+bert,2,0,0.000338740488310287,True
2472,2472,1240,1,tfidf+bert,2,1,0.8418872788900787,True
2473,2473,1241,0,tfidf+bert,2,0,0.1290238696355754,True
2474,2474,1241,1,tfidf+bert,2,1,0.9947284479919484,True
2475,2475,1242,0,tfidf+bert,2,0,0.2150588262538048,True
2476,2476,1242,1,tfidf+bert,2,1,0.9958156600538723,True
2477,2477,1243,0,tfidf+bert,2,0,9.703989876540542e-05,True
2478,2478,1243,1,tfidf+bert,2,1,0.9506369383994426,True
2479,2479,1244,0,tfidf+bert,2,0,0.009258127396085206,True
2480,2480,1244,1,tfidf+bert,2,1,0.9168371803894512,True
2481,2481,1245,0,tfidf+bert,2,0,0.010220023896337978,True
2482,2482,1245,1,tfidf+bert,2,1,0.9816075225271288,True
2483,2483,1246,0,tfidf+bert,2,0,0.3876799087646944,True
2484,2484,1246,1,tfidf+bert,2,1,0.9727874758854551,True
2485,2485,1247,0,tfidf+bert,2,0,0.0068413524229759305,True
2486,2486,1247,1,tfidf+bert,2,0,0.09594769646014369,False
2487,2487,1248,0,tfidf+bert,2,0,0.0006214641997821472,True
2488,2488,1248,1,tfidf+bert,2,1,0.9780724905544494,True
2489,2489,1249,0,tfidf+bert,2,0,0.010345300359902792,True
2490,2490,1249,1,tfidf+bert,2,1,0.9939861288404152,True
2491,2491,1250,0,tfidf+bert,2,0,0.008905620962320488,True
2492,2492,1250,1,tfidf+bert,2,1,0.9883828928639969,True
2493,2493,1251,0,tfidf+bert,2,0,0.008904842109320701,True
2494,2494,1251,1,tfidf+bert,2,1,0.7960675720937673,True
2495,2495,1252,0,tfidf+bert,2,0,0.4881490327523765,True
2496,2496,1252,1,tfidf+bert,2,1,0.9897725710088712,True
2497,2497,1253,0,tfidf+bert,2,0,0.036815545805208204,True
2498,2498,1253,1,tfidf+bert,2,1,0.9939546419954891,True
2499,2499,1254,0,tfidf+bert,2,0,0.12382842893561277,True
2500,2500,1254,1,tfidf+bert,2,1,0.9936258641171493,True
2501,2501,1255,0,tfidf+bert,2,0,0.026724256322650103,True
2502,2502,1255,1,tfidf+bert,2,1,0.9801936724903677,True
2503,2503,1256,0,tfidf+bert,2,0,0.0007415300230098606,True
2504,2504,1256,1,tfidf+bert,2,1,0.843299700563222,True
2505,2505,1257,0,tfidf+bert,2,0,0.03975568608050891,True
2506,2506,1257,1,tfidf+bert,2,1,0.981211584287332,True
2507,2507,1258,0,tfidf+bert,2,0,0.0016636636952311492,True
2508,2508,1258,1,tfidf+bert,2,1,0.968730321752298,True
2509,2509,1259,0,tfidf+bert,2,0,0.012316200430261413,True
2510,2510,1259,1,tfidf+bert,2,1,0.8439722908516218,True
2511,2511,1260,0,tfidf+bert,2,0,0.013675649493387954,True
2512,2512,1260,1,tfidf+bert,2,1,0.6365477420521332,True
2513,2513,1261,0,tfidf+bert,2,0,0.011103374834342422,True
2514,2514,1261,1,tfidf+bert,2,1,0.9993999414486843,True
2515,2515,1262,0,tfidf+bert,2,0,0.08665374108105976,True
2516,2516,1262,1,tfidf+bert,2,1,0.7738587452946266,True
2517,2517,1263,0,tfidf+bert,2,0,0.008039806407039904,True
2518,2518,1263,1,tfidf+bert,2,1,0.9864325033095445,True
2519,2519,1264,0,tfidf+bert,2,0,0.04149785548384898,True
2520,2520,1264,1,tfidf+bert,2,1,0.9453360094303349,True
2521,2521,1265,0,tfidf+bert,2,0,0.0007535285620544615,True
2522,2522,1265,1,tfidf+bert,2,1,0.9911185377723334,True
2523,2523,1266,0,tfidf+bert,2,0,0.028821753156107178,True
2524,2524,1266,1,tfidf+bert,2,1,0.8104837648010984,True
2525,2525,1267,0,tfidf+bert,2,0,0.02443432810618975,True
2526,2526,1267,1,tfidf+bert,2,1,0.9696753268773856,True
2527,2527,1268,1,tfidf+bert,2,1,0.9436829595849131,True
2528,2528,1269,0,tfidf+bert,2,0,0.0009403281176811667,True
2529,2529,1269,1,tfidf+bert,2,1,0.9702322047332532,True
2530,2530,1270,0,tfidf+bert,2,0,0.05615082658970959,True
2531,2531,1270,1,tfidf+bert,2,1,0.9992524541920804,True
2532,2532,1271,0,tfidf+bert,2,0,0.0032849834525814346,True
2533,2533,1271,1,tfidf+bert,2,0,0.048990208951477446,False
2534,2534,1272,0,tfidf+bert,2,0,0.038776442162872266,True
2535,2535,1272,1,tfidf+bert,2,1,0.9994634661229909,True
2536,2536,1273,0,tfidf+bert,2,0,0.0009421712951800942,True
2537,2537,1273,1,tfidf+bert,2,1,0.9934996905324204,True
2538,2538,1274,0,tfidf+bert,2,0,0.00583177422339356,True
2539,2539,1274,1,tfidf+bert,2,1,0.992407803349337,True
2540,2540,1275,0,tfidf+bert,2,0,0.017969621929586968,True
2541,2541,1275,1,tfidf+bert,2,1,0.976999128955848,True
2542,2542,1276,0,tfidf+bert,2,0,0.08931702764030455,True
2543,2543,1276,1,tfidf+bert,2,1,0.9570204329758909,True
2544,2544,1277,0,tfidf+bert,2,0,0.07080733806483394,True
2545,2545,1277,1,tfidf+bert,2,1,0.9888745213684164,True
2546,2546,1278,0,tfidf+bert,2,0,0.0006348208228311276,True
2547,2547,1278,1,tfidf+bert,2,1,0.8659176142291374,True
2548,2548,1279,0,tfidf+bert,2,0,0.030463763107474742,True
2549,2549,1279,1,tfidf+bert,2,1,0.997961880540966,True
2550,2550,1280,0,tfidf+bert,2,0,0.2056491023143325,True
2551,2551,1280,1,tfidf+bert,2,1,0.9983993847957064,True
2552,2552,1281,0,tfidf+bert,2,0,0.03166048009392468,True
2553,2553,1281,1,tfidf+bert,2,1,0.9992366820076682,True
2554,2554,1282,0,tfidf+bert,2,0,0.028674597141263535,True
2555,2555,1282,1,tfidf+bert,2,1,0.9928769370983767,True
2556,2556,1283,0,tfidf+bert,2,1,0.7110897502554402,False
2557,2557,1283,1,tfidf+bert,2,1,0.9846926652056865,True
2558,2558,1284,0,tfidf+bert,2,0,0.022663190573062538,True
2559,2559,1284,1,tfidf+bert,2,1,0.9923545395059428,True
2560,2560,1285,0,tfidf+bert,2,0,0.02345295975952485,True
2561,2561,1285,1,tfidf+bert,2,1,0.9627911209602474,True
2562,2562,1286,0,tfidf+bert,2,0,0.003935496972030021,True
2563,2563,1286,1,tfidf+bert,2,1,0.9985549030022004,True
2564,2564,1287,0,tfidf+bert,2,0,0.016237375661662376,True
2565,2565,1287,1,tfidf+bert,2,1,0.9729242057332421,True
2566,2566,1288,0,tfidf+bert,2,0,0.0014172645408955997,True
2567,2567,1288,1,tfidf+bert,2,1,0.9509989805398423,True
2568,2568,1289,0,tfidf+bert,2,0,0.0023585309759476037,True
2569,2569,1289,1,tfidf+bert,2,1,0.9947387419492244,True
2570,2570,1290,0,tfidf+bert,2,0,0.002557902257771873,True
2571,2571,1290,1,tfidf+bert,2,1,0.9988464861077657,True
2572,2572,1291,0,tfidf+bert,2,0,0.06787477705197381,True
2573,2573,1291,1,tfidf+bert,2,1,0.9973546159288987,True
2574,2574,1292,0,tfidf+bert,2,0,0.0005687576525539356,True
2575,2575,1292,1,tfidf+bert,2,1,0.9873524061217387,True
2576,2576,1293,0,tfidf+bert,2,0,0.3909527555044123,True
2577,2577,1293,1,tfidf+bert,2,1,0.9091795370448649,True
2578,2578,1294,0,tfidf+bert,2,0,0.021424536085655765,True
2579,2579,1294,1,tfidf+bert,2,0,0.3829615343421946,False
2580,2580,1295,0,tfidf+bert,2,0,0.003525435808857643,True
2581,2581,1295,1,tfidf+bert,2,1,0.9605796452029685,True
2582,2582,1296,0,tfidf+bert,2,0,0.003403584674760731,True
2583,2583,1296,1,tfidf+bert,2,1,0.9960714452325099,True
2584,2584,1297,0,tfidf+bert,2,0,0.01900330751152811,True
2585,2585,1297,1,tfidf+bert,2,1,0.9790044407205828,True
2586,2586,1298,0,tfidf+bert,2,0,0.00016343927359458438,True
2587,2587,1298,1,tfidf+bert,2,1,0.732562160479516,True
2588,2588,1299,0,tfidf+bert,2,0,0.05718833963865717,True
2589,2589,1299,1,tfidf+bert,2,1,0.9932392176254986,True
2590,2590,1300,0,tfidf+bert,2,0,0.0075681246627000345,True
2591,2591,1300,1,tfidf+bert,2,1,0.996820577711371,True
2592,2592,1301,0,tfidf+bert,2,0,0.0033931612282435187,True
2593,2593,1301,1,tfidf+bert,2,1,0.9666746532003334,True
2594,2594,1302,0,tfidf+bert,2,0,0.0019189462171907204,True
2595,2595,1302,1,tfidf+bert,2,1,0.9868579018145194,True
2596,2596,1303,0,tfidf+bert,2,0,0.013081001363542783,True
2597,2597,1303,1,tfidf+bert,2,1,0.9800364274748957,True
2598,2598,1304,0,tfidf+bert,2,0,0.0019175126637273256,True
2599,2599,1304,1,tfidf+bert,2,1,0.9982733906282405,True
2600,2600,1305,0,tfidf+bert,2,0,0.017108569705265243,True
2601,2601,1305,1,tfidf+bert,2,1,0.9700828325594464,True
2602,2602,1306,0,tfidf+bert,2,0,0.011235801460378864,True
2603,2603,1306,1,tfidf+bert,2,1,0.994269441557699,True
2604,2604,1307,0,tfidf+bert,2,0,0.014236823331519065,True
2605,2605,1307,1,tfidf+bert,2,1,0.9966892028719913,True
2606,2606,1308,0,tfidf+bert,2,0,0.023496427087299706,True
2607,2607,1308,1,tfidf+bert,2,1,0.99964735543684,True
2608,2608,1309,0,tfidf+bert,2,0,0.0012884176406710076,True
2609,2609,1309,1,tfidf+bert,2,1,0.9504406531700932,True
2610,2610,1310,0,tfidf+bert,2,0,0.004634046405032918,True
2611,2611,1310,1,tfidf+bert,2,1,0.997068578548103,True
2612,2612,1311,0,tfidf+bert,2,0,0.0017026816672897744,True
2613,2613,1311,1,tfidf+bert,2,1,0.9147895421367105,True
2614,2614,1312,0,tfidf+bert,2,0,0.007510613537421191,True
2615,2615,1312,1,tfidf+bert,2,1,0.8969936983991462,True
2616,2616,1313,0,tfidf+bert,2,0,0.0002542780575011497,True
2617,2617,1313,1,tfidf+bert,2,1,0.9994506534468018,True
2618,2618,1314,0,tfidf+bert,2,1,0.8103639992615492,False
2619,2619,1314,1,tfidf+bert,2,1,0.9600334768265619,True
2620,2620,1315,0,tfidf+bert,2,0,0.002695073231526197,True
2621,2621,1315,1,tfidf+bert,2,1,0.9817100007955653,True
2622,2622,1316,0,tfidf+bert,2,0,0.004499006349275058,True
2623,2623,1316,1,tfidf+bert,2,1,0.994323283426279,True
2624,2624,1317,0,tfidf+bert,2,1,0.6084671844239015,False
2625,2625,1317,1,tfidf+bert,2,1,0.9942313485699881,True
2626,2626,1318,0,tfidf+bert,2,1,0.6150196256761014,False
2627,2627,1318,1,tfidf+bert,2,1,0.9986795012681893,True
2628,2628,1319,0,tfidf+bert,2,0,0.0015518937750906615,True
2629,2629,1319,1,tfidf+bert,2,1,0.998712188419862,True
2630,2630,1320,0,tfidf+bert,2,0,0.07966671171855595,True
2631,2631,1320,1,tfidf+bert,2,1,0.9869078141589225,True
2632,2632,1321,0,tfidf+bert,2,0,0.009790137272536506,True
2633,2633,1321,1,tfidf+bert,2,1,0.959273445607447,True
2634,2634,1322,0,tfidf+bert,2,0,0.011078740929769175,True
2635,2635,1322,1,tfidf+bert,2,1,0.9497321245542819,True
2636,2636,1323,0,tfidf+bert,2,0,0.0007301707115601945,True
2637,2637,1323,1,tfidf+bert,2,1,0.9977416482972549,True
2638,2638,1324,0,tfidf+bert,2,0,0.010176332920810986,True
2639,2639,1324,1,tfidf+bert,2,1,0.9978535183064646,True
2640,2640,1325,0,tfidf+bert,2,0,0.25302254148859404,True
2641,2641,1325,1,tfidf+bert,2,1,0.9832587294737681,True
2642,2642,1326,0,tfidf+bert,2,0,0.007614137613524226,True
2643,2643,1326,1,tfidf+bert,2,1,0.9525240207806045,True
2644,2644,1327,0,tfidf+bert,2,0,0.0022994829853452644,True
2645,2645,1327,1,tfidf+bert,2,1,0.7426684404989092,True
2646,2646,1328,0,tfidf+bert,2,0,0.001094278108235255,True
2647,2647,1328,1,tfidf+bert,2,1,0.8827317730716601,True
2648,2648,1329,0,tfidf+bert,2,0,0.0022877854816591606,True
2649,2649,1329,1,tfidf+bert,2,1,0.9958163384623376,True
2650,2650,1330,0,tfidf+bert,2,0,0.013065242686791332,True
2651,2651,1330,1,tfidf+bert,2,1,0.9451181220790522,True
2652,2652,1331,0,tfidf+bert,2,0,0.03401897288274964,True
2653,2653,1331,1,tfidf+bert,2,1,0.9821338625320492,True
2654,2654,1332,0,tfidf+bert,2,0,0.007712517795065101,True
2655,2655,1332,1,tfidf+bert,2,1,0.9996959967059736,True
2656,2656,1333,0,tfidf+bert,2,0,0.027257896149839603,True
2657,2657,1333,1,tfidf+bert,2,1,0.9671198875574233,True
2658,2658,1334,0,tfidf+bert,2,0,0.01431296532111289,True
2659,2659,1334,1,tfidf+bert,2,1,0.9951780603095587,True
2660,2660,1335,0,tfidf+bert,2,0,0.0038011195053148867,True
2661,2661,1335,1,tfidf+bert,2,1,0.9986266212609824,True
2662,2662,1336,0,tfidf+bert,2,1,0.6605981486786486,False
2663,2663,1336,1,tfidf+bert,2,1,0.9983729297921154,True
2664,2664,1337,0,tfidf+bert,2,0,0.04217765005006178,True
2665,2665,1337,1,tfidf+bert,2,1,0.986291202149066,True
2666,2666,1338,0,tfidf+bert,2,0,0.0005955448764450877,True
2667,2667,1338,1,tfidf+bert,2,1,0.9336000636471304,True
2668,2668,1339,0,tfidf+bert,2,0,0.015277295056740903,True
2669,2669,1339,1,tfidf+bert,2,1,0.9944494640649808,True
2670,2670,1340,0,tfidf+bert,2,0,0.03383682399357251,True
2671,2671,1340,1,tfidf+bert,2,1,0.9955138728855508,True
2672,2672,1341,0,tfidf+bert,2,0,0.15386261555463399,True
2673,2673,1341,1,tfidf+bert,2,1,0.9615371485601679,True
2674,2674,1342,0,tfidf+bert,2,0,0.002676329968721504,True
2675,2675,1342,1,tfidf+bert,2,1,0.9962662264266301,True
2676,2676,1343,0,tfidf+bert,2,1,0.7399446195079133,False
2677,2677,1343,1,tfidf+bert,2,1,0.9999136171820837,True
2678,2678,1344,0,tfidf+bert,2,0,0.04891198250143466,True
2679,2679,1344,1,tfidf+bert,2,0,0.045346777968554824,False
2680,2680,1345,0,tfidf+bert,2,0,0.0013051396246163208,True
2681,2681,1345,1,tfidf+bert,2,1,0.8910706160755539,True
2682,2682,1346,0,tfidf+bert,2,0,0.009322837497462296,True
2683,2683,1346,1,tfidf+bert,2,1,0.9985192358095307,True
2684,2684,1347,0,tfidf+bert,2,0,0.0002785441136537223,True
2685,2685,1347,1,tfidf+bert,2,1,0.9177703021749739,True
2686,2686,1348,0,tfidf+bert,2,0,0.003063984049371349,True
2687,2687,1348,1,tfidf+bert,2,1,0.9945745758452353,True
2688,2688,1349,0,tfidf+bert,2,0,0.00017169903450727322,True
2689,2689,1349,1,tfidf+bert,2,1,0.73932743781222,True
2690,2690,1350,0,tfidf+bert,2,0,0.020496177908418914,True
2691,2691,1350,1,tfidf+bert,2,1,0.9593651268892368,True
2692,2692,1351,0,tfidf+bert,2,0,0.0016523592161673893,True
2693,2693,1351,1,tfidf+bert,2,1,0.9989672103262892,True
2694,2694,1352,0,tfidf+bert,2,0,0.4751801984852454,True
2695,2695,1352,1,tfidf+bert,2,1,0.9831681181870336,True
2696,2696,1353,0,tfidf+bert,2,0,0.05339661849976653,True
2697,2697,1353,1,tfidf+bert,2,1,0.9927945618049964,True
2698,2698,1354,0,tfidf+bert,2,0,0.4509755465503392,True
2699,2699,1354,1,tfidf+bert,2,1,0.9945536656829703,True
2700,2700,1355,0,tfidf+bert,2,0,0.023822720795502777,True
2701,2701,1355,1,tfidf+bert,2,1,0.9552487562123146,True
2702,2702,1356,0,tfidf+bert,2,0,0.1209463104963284,True
2703,2703,1356,1,tfidf+bert,2,1,0.9951885102480208,True
2704,2704,1357,0,tfidf+bert,2,0,0.13352792682352163,True
2705,2705,1357,1,tfidf+bert,2,1,0.9979093954929087,True
2706,2706,1358,0,tfidf+bert,2,0,0.010978763978380084,True
2707,2707,1358,1,tfidf+bert,2,0,0.4940118827830565,False
2708,2708,1359,0,tfidf+bert,2,0,0.3616132808025871,True
2709,2709,1359,1,tfidf+bert,2,1,0.9933280374081117,True
2710,2710,1360,0,tfidf+bert,2,0,0.0045350306817941825,True
2711,2711,1360,1,tfidf+bert,2,1,0.9817852858923227,True
2712,2712,1361,0,tfidf+bert,2,0,0.03354154838507678,True
2713,2713,1361,1,tfidf+bert,2,1,0.9926145057717705,True
2714,2714,1362,0,tfidf+bert,2,0,0.002719969617736584,True
2715,2715,1362,1,tfidf+bert,2,1,0.9632081115387322,True
2716,2716,1363,0,tfidf+bert,2,0,0.03179426420631793,True
2717,2717,1363,1,tfidf+bert,2,1,0.9962581523921188,True
2718,2718,1364,0,tfidf+bert,2,0,0.007513542271382888,True
2719,2719,1364,1,tfidf+bert,2,1,0.9992111386186037,True
2720,2720,1365,0,tfidf+bert,2,0,0.003120127098251616,True
2721,2721,1365,1,tfidf+bert,2,1,0.9982354104123107,True
2722,2722,1366,0,tfidf+bert,2,0,0.014616639626179609,True
2723,2723,1366,1,tfidf+bert,2,1,0.8588424946439693,True
2724,2724,1367,0,tfidf+bert,2,0,0.010601771307899034,True
2725,2725,1367,1,tfidf+bert,2,1,0.9963835160307151,True
2726,2726,1368,0,tfidf+bert,2,0,0.0008020542071518219,True
2727,2727,1368,1,tfidf+bert,2,0,0.30639601953279333,False
2728,2728,1369,0,tfidf+bert,2,0,0.004729995251700462,True
2729,2729,1369,1,tfidf+bert,2,1,0.7615882280941502,True
2730,2730,1370,0,tfidf+bert,2,0,0.01834238328373981,True
2731,2731,1370,1,tfidf+bert,2,1,0.9934061036438058,True
2732,2732,1371,0,tfidf+bert,2,0,0.005617552909151968,True
2733,2733,1371,1,tfidf+bert,2,1,0.9833759617198626,True
2734,2734,1372,0,tfidf+bert,2,0,0.3301717497306265,True
2735,2735,1372,1,tfidf+bert,2,1,0.9972704600402951,True
2736,2736,1373,0,tfidf+bert,2,0,0.012337967469321913,True
2737,2737,1373,1,tfidf+bert,2,1,0.9980985125215389,True
2738,2738,1374,0,tfidf+bert,2,0,0.0011149319700180208,True
2739,2739,1374,1,tfidf+bert,2,1,0.9592039979084543,True
2740,2740,1375,0,tfidf+bert,2,1,0.578266288793912,False
2741,2741,1375,1,tfidf+bert,2,1,0.9991930484165087,True
2742,2742,1376,0,tfidf+bert,2,0,0.008815632816086964,True
2743,2743,1376,1,tfidf+bert,2,1,0.8092910042488399,True
2744,2744,1377,0,tfidf+bert,2,0,0.020032276524229873,True
2745,2745,1377,1,tfidf+bert,2,1,0.9936539597066402,True
2746,2746,1378,0,tfidf+bert,2,0,0.00448907870698966,True
2747,2747,1378,1,tfidf+bert,2,1,0.9688681884434232,True
2748,2748,1379,0,tfidf+bert,2,0,9.969814567257743e-05,True
2749,2749,1379,1,tfidf+bert,2,1,0.5631304903461751,True
2750,2750,1380,0,tfidf+bert,2,0,0.10174505386509274,True
2751,2751,1380,1,tfidf+bert,2,1,0.993472671756681,True
2752,2752,1381,0,tfidf+bert,2,0,0.28685626212105036,True
2753,2753,1381,1,tfidf+bert,2,1,0.8836306638892221,True
2754,2754,1382,0,tfidf+bert,2,0,0.012019951334386337,True
2755,2755,1382,1,tfidf+bert,2,1,0.993897032614775,True
2756,2756,1383,0,tfidf+bert,2,0,0.01582856305453553,True
2757,2757,1383,1,tfidf+bert,2,1,0.9960239575009844,True
2758,2758,1384,0,tfidf+bert,2,0,0.0024631380314074905,True
2759,2759,1384,1,tfidf+bert,2,0,0.20618591835824626,False
2760,2760,1385,0,tfidf+bert,2,0,0.002528598677261711,True
2761,2761,1385,1,tfidf+bert,2,1,0.7398921151634862,True
2762,2762,1386,0,tfidf+bert,2,0,0.15445645647319575,True
2763,2763,1386,1,tfidf+bert,2,1,0.9978067139846526,True
2764,2764,1387,0,tfidf+bert,2,0,0.0049490010540642745,True
2765,2765,1387,1,tfidf+bert,2,1,0.9188377493111126,True
2766,2766,1388,0,tfidf+bert,2,0,0.0023780588757336364,True
2767,2767,1388,1,tfidf+bert,2,1,0.9202219846438996,True
2768,2768,1389,0,tfidf+bert,2,0,0.17199562872106028,True
2769,2769,1389,1,tfidf+bert,2,1,0.9944849670351578,True
2770,2770,1390,0,tfidf+bert,2,0,0.0048465955596041195,True
2771,2771,1390,1,tfidf+bert,2,1,0.9944202187936,True
2772,2772,1391,0,tfidf+bert,2,0,0.00037636137553947606,True
2773,2773,1391,1,tfidf+bert,2,1,0.9930967315505705,True
2774,2774,1392,0,tfidf+bert,2,0,0.00122916264129872,True
2775,2775,1392,1,tfidf+bert,2,1,0.8574081166357037,True
2776,2776,1393,0,tfidf+bert,2,0,0.008346262964360952,True
2777,2777,1393,1,tfidf+bert,2,1,0.6215154385510725,True
2778,2778,1394,0,tfidf+bert,2,1,0.7659411118090507,False
2779,2779,1394,1,tfidf+bert,2,1,0.9821478762342782,True
2780,2780,1395,0,tfidf+bert,2,0,0.020671074461529982,True
2781,2781,1395,1,tfidf+bert,2,1,0.887896430813963,True
2782,2782,1396,0,tfidf+bert,2,0,0.00022114201459875424,True
2783,2783,1396,1,tfidf+bert,2,1,0.985375502469748,True
2784,2784,1397,0,tfidf+bert,2,0,0.15819008880636448,True
2785,2785,1397,1,tfidf+bert,2,1,0.9349232121429947,True
2786,2786,1398,0,tfidf+bert,2,0,0.056028540405513694,True
2787,2787,1398,1,tfidf+bert,2,1,0.9968857587814052,True
2788,2788,1399,0,tfidf+bert,2,0,0.005847058130831848,True
2789,2789,1399,1,tfidf+bert,2,1,0.755269091223361,True
2790,2790,1400,0,tfidf+bert,2,0,0.0314815676269852,True
2791,2791,1400,1,tfidf+bert,2,1,0.9996584713499607,True
2792,2792,1401,0,tfidf+bert,2,0,0.0074363114533172354,True
2793,2793,1401,1,tfidf+bert,2,1,0.9069488735136242,True
2794,2794,1402,0,tfidf+bert,2,0,0.05556720616762832,True
2795,2795,1402,1,tfidf+bert,2,1,0.9960818236395469,True
2796,2796,1403,0,tfidf+bert,2,0,0.014267664853940317,True
2797,2797,1403,1,tfidf+bert,2,1,0.9981923976257987,True
2798,2798,1404,0,tfidf+bert,2,0,0.021322008738580478,True
2799,2799,1404,1,tfidf+bert,2,1,0.9366874619902104,True
2800,2800,1405,0,tfidf+bert,2,0,0.13665628181814296,True
2801,2801,1405,1,tfidf+bert,2,1,0.9193239004343728,True
2802,2802,1406,0,tfidf+bert,2,0,0.014563612678724299,True
2803,2803,1406,1,tfidf+bert,2,1,0.9787700618717051,True
2804,2804,1407,0,tfidf+bert,2,0,0.21279556072720202,True
2805,2805,1407,1,tfidf+bert,2,1,0.980297095860321,True
2806,2806,1408,0,tfidf+bert,2,0,0.1053213972775641,True
2807,2807,1408,1,tfidf+bert,2,1,0.9820757606678334,True
2808,2808,1409,0,tfidf+bert,2,0,0.0012893661410665752,True
2809,2809,1409,1,tfidf+bert,2,1,0.9965728081352009,True
2810,2810,1410,0,tfidf+bert,2,0,0.003269106642243914,True
2811,2811,1410,1,tfidf+bert,2,1,0.9995924699680405,True
2812,2812,1411,0,tfidf+bert,2,0,0.010168420268525954,True
2813,2813,1411,1,tfidf+bert,2,1,0.9823606123788116,True
2814,2814,1412,0,tfidf+bert,2,0,0.12272668893252575,True
2815,2815,1412,1,tfidf+bert,2,1,0.9025058999679146,True
2816,2816,1413,0,tfidf+bert,2,0,0.004672234417168305,True
2817,2817,1413,1,tfidf+bert,2,1,0.9891466872339959,True
2818,2818,1414,0,tfidf+bert,2,0,0.00011536881118261625,True
2819,2819,1414,1,tfidf+bert,2,1,0.9988429848214544,True
2820,2820,1415,0,tfidf+bert,2,0,0.23802566747340245,True
2821,2821,1415,1,tfidf+bert,2,1,0.9984616202235911,True
2822,2822,1416,0,tfidf+bert,2,0,0.26158210072373567,True
2823,2823,1416,1,tfidf+bert,2,1,0.9983613965189919,True
2824,2824,1417,0,tfidf+bert,2,0,0.0013369910083850733,True
2825,2825,1417,1,tfidf+bert,2,1,0.9885862592947569,True
2826,2826,1418,0,tfidf+bert,2,0,0.004610663703658603,True
2827,2827,1418,1,tfidf+bert,2,1,0.5296007735661227,True
2828,2828,1419,0,tfidf+bert,2,0,0.009650249547916464,True
2829,2829,1419,1,tfidf+bert,2,1,0.9861258140042722,True
2830,2830,1420,0,tfidf+bert,2,0,0.24338770232625154,True
2831,2831,1420,1,tfidf+bert,2,1,0.9841661780581662,True
2832,2832,1421,0,tfidf+bert,2,1,0.76567564547845,False
2833,2833,1421,1,tfidf+bert,2,1,0.9996082682670463,True
2834,2834,1422,0,tfidf+bert,2,0,0.045112221327570465,True
2835,2835,1422,1,tfidf+bert,2,1,0.9175503334445904,True
2836,2836,1423,0,tfidf+bert,2,0,0.04059264085310761,True
2837,2837,1423,1,tfidf+bert,2,1,0.9985316051628252,True
2838,2838,1424,0,tfidf+bert,2,0,0.0019865133502671717,True
2839,2839,1424,1,tfidf+bert,2,1,0.8643440060742885,True
2840,2840,1425,0,tfidf+bert,2,0,0.013151938958793859,True
2841,2841,1425,1,tfidf+bert,2,1,0.9800734630887872,True
2842,2842,1426,0,tfidf+bert,2,1,0.9472504500713026,False
2843,2843,1426,1,tfidf+bert,2,1,0.9640799261606001,True
2844,2844,1427,0,tfidf+bert,2,0,0.007626235298228995,True
2845,2845,1427,1,tfidf+bert,2,1,0.9987093142414313,True
2846,2846,1428,0,tfidf+bert,2,0,0.033886314303884946,True
2847,2847,1428,1,tfidf+bert,2,1,0.9875199498084251,True
2848,2848,1429,0,tfidf+bert,2,0,0.0007042376765339231,True
2849,2849,1429,1,tfidf+bert,2,1,0.9479209659430283,True
2850,2850,1430,0,tfidf+bert,2,0,0.020868679549855978,True
2851,2851,1430,1,tfidf+bert,2,1,0.9906308113853227,True
2852,2852,1431,0,tfidf+bert,2,0,0.271977994240197,True
2853,2853,1431,1,tfidf+bert,2,1,0.6378353611038514,True
2854,2854,1432,0,tfidf+bert,2,0,0.007800027480855356,True
2855,2855,1432,1,tfidf+bert,2,1,0.6090849267122224,True
2856,2856,1433,0,tfidf+bert,2,0,0.01756394228577833,True
2857,2857,1433,1,tfidf+bert,2,1,0.9491815601922382,True
2858,2858,1434,0,tfidf+bert,2,0,0.004031675841189714,True
2859,2859,1434,1,tfidf+bert,2,1,0.9163414143842937,True
2860,2860,1435,0,tfidf+bert,2,1,0.6944675628140917,False
2861,2861,1435,1,tfidf+bert,2,1,0.9991193934194407,True
2862,2862,1436,0,tfidf+bert,2,0,0.0023293641206024633,True
2863,2863,1436,1,tfidf+bert,2,1,0.9798875539449085,True
2864,2864,1437,0,tfidf+bert,2,1,0.9060366209184855,False
2865,2865,1437,1,tfidf+bert,2,1,0.9796090155459892,True
2866,2866,1438,0,tfidf+bert,2,0,0.04025698897527793,True
2867,2867,1438,1,tfidf+bert,2,1,0.9846985764770517,True
2868,2868,1439,0,tfidf+bert,2,0,0.0022183852447309406,True
2869,2869,1439,1,tfidf+bert,2,1,0.9634317420228673,True
2870,2870,1440,0,tfidf+bert,2,0,0.005022243036459917,True
2871,2871,1440,1,tfidf+bert,2,1,0.9928684266200608,True
2872,2872,1441,0,tfidf+bert,2,0,0.2511670215691643,True
2873,2873,1441,1,tfidf+bert,2,1,0.9958886567870486,True
2874,2874,1442,0,tfidf+bert,2,0,0.0027769029259818263,True
2875,2875,1442,1,tfidf+bert,2,1,0.9982999607830843,True
2876,2876,1443,0,tfidf+bert,2,0,0.009884658141612341,True
2877,2877,1443,1,tfidf+bert,2,0,0.43554566732916683,False
2878,2878,1444,0,tfidf+bert,2,0,0.007899655677183407,True
2879,2879,1444,1,tfidf+bert,2,1,0.995906390791796,True
2880,2880,1445,0,tfidf+bert,2,0,0.11322094910692997,True
2881,2881,1445,1,tfidf+bert,2,1,0.9989095537399398,True
2882,2882,1446,0,tfidf+bert,2,0,0.008270167890398493,True
2883,2883,1446,1,tfidf+bert,2,1,0.9863369127964883,True
2884,2884,1447,0,tfidf+bert,2,0,0.006577263609869111,True
2885,2885,1447,1,tfidf+bert,2,1,0.9992632440079882,True
2886,2886,1448,0,tfidf+bert,2,0,0.00037815602290554344,True
2887,2887,1448,1,tfidf+bert,2,1,0.9830779211186608,True
2888,2888,1449,0,tfidf+bert,2,0,0.03562212769268885,True
2889,2889,1449,1,tfidf+bert,2,1,0.9757966672717101,True
2890,2890,1450,0,tfidf+bert,2,0,0.01931311888183169,True
2891,2891,1450,1,tfidf+bert,2,0,0.4707104974973215,False
2892,2892,1451,0,tfidf+bert,2,0,0.013449279450681402,True
2893,2893,1451,1,tfidf+bert,2,1,0.9944357987608937,True
2894,2894,1452,0,tfidf+bert,2,0,0.07778912304656893,True
2895,2895,1452,1,tfidf+bert,2,1,0.9929842304404777,True
2896,2896,1453,0,tfidf+bert,2,0,0.004158051946621499,True
2897,2897,1453,1,tfidf+bert,2,1,0.9968044882196735,True
2898,2898,1454,0,tfidf+bert,2,0,0.011699397348306738,True
2899,2899,1454,1,tfidf+bert,2,1,0.9988579880180132,True
2900,2900,1455,0,tfidf+bert,2,0,0.052290032589890775,True
2901,2901,1455,1,tfidf+bert,2,1,0.9925550085570597,True
2902,2902,1456,0,tfidf+bert,2,0,0.0010216830517527744,True
2903,2903,1456,1,tfidf+bert,2,1,0.9864375790882829,True
2904,2904,1457,0,tfidf+bert,2,0,0.015420957380153711,True
2905,2905,1457,1,tfidf+bert,2,1,0.9872678857548026,True
2906,2906,1458,0,tfidf+bert,2,0,0.014275927942575515,True
2907,2907,1458,1,tfidf+bert,2,1,0.9109419838976887,True
2908,2908,1459,0,tfidf+bert,2,0,0.18860477814385382,True
2909,2909,1459,1,tfidf+bert,2,1,0.9684826830445961,True
2910,2910,1460,0,tfidf+bert,2,0,0.02379538956569439,True
2911,2911,1460,1,tfidf+bert,2,1,0.9965901057447393,True
2912,2912,1461,0,tfidf+bert,2,1,0.7378204662698397,False
2913,2913,1461,1,tfidf+bert,2,1,0.999863288880041,True
2914,2914,1462,0,tfidf+bert,2,0,0.019204026569328892,True
2915,2915,1462,1,tfidf+bert,2,1,0.9723349116995076,True
2916,2916,1463,1,tfidf+bert,2,1,0.9016511157723833,True
2917,2917,1464,0,tfidf+bert,2,0,0.01063002981834968,True
2918,2918,1464,1,tfidf+bert,2,1,0.9841955316938487,True
2919,2919,1465,0,tfidf+bert,2,0,0.008856778918838392,True
2920,2920,1465,1,tfidf+bert,2,1,0.8999675176421575,True
2921,2921,1466,0,tfidf+bert,2,0,0.002285366568691131,True
2922,2922,1466,1,tfidf+bert,2,1,0.9414412447256384,True
2923,2923,1467,0,tfidf+bert,2,0,0.002312533223352949,True
2924,2924,1467,1,tfidf+bert,2,1,0.9912381343955499,True
2925,2925,1468,0,tfidf+bert,2,0,0.011060535385227693,True
2926,2926,1468,1,tfidf+bert,2,1,0.9989228383866359,True
2927,2927,1469,0,tfidf+bert,2,0,0.0023834563674680425,True
2928,2928,1469,1,tfidf+bert,2,1,0.994682873655781,True
2929,2929,1470,0,tfidf+bert,2,0,0.002885409385629867,True
2930,2930,1470,1,tfidf+bert,2,1,0.9947719804122236,True
2931,2931,1471,0,tfidf+bert,2,0,0.4518259253728116,True
2932,2932,1471,1,tfidf+bert,2,1,0.9101286232666582,True
2933,2933,1472,0,tfidf+bert,2,0,0.028454274030851795,True
2934,2934,1472,1,tfidf+bert,2,1,0.9954305233263769,True
2935,2935,1473,0,tfidf+bert,2,0,0.006501762380297001,True
2936,2936,1473,1,tfidf+bert,2,1,0.6641944114074989,True
2937,2937,1474,0,tfidf+bert,2,0,0.0013963186208820234,True
2938,2938,1474,1,tfidf+bert,2,1,0.9902781618257783,True
2939,2939,1475,0,tfidf+bert,2,0,0.002177231705624126,True
2940,2940,1475,1,tfidf+bert,2,1,0.9871678680873668,True
2941,2941,1476,0,tfidf+bert,2,0,0.027078022672269584,True
2942,2942,1476,1,tfidf+bert,2,0,0.2648192685569765,False
2943,2943,1477,0,tfidf+bert,2,0,0.14327476631010813,True
2944,2944,1477,1,tfidf+bert,2,1,0.9919088964363428,True
2945,2945,1478,0,tfidf+bert,2,0,0.04437749638253134,True
2946,2946,1478,1,tfidf+bert,2,1,0.9973142514840507,True
2947,2947,1479,0,tfidf+bert,2,0,0.010200722681232212,True
2948,2948,1479,1,tfidf+bert,2,1,0.9956526959305558,True
2949,2949,1480,0,tfidf+bert,2,0,0.06250073555338084,True
2950,2950,1480,1,tfidf+bert,2,1,0.9928170397399887,True
2951,2951,1481,0,tfidf+bert,2,0,0.06819645994979537,True
2952,2952,1481,1,tfidf+bert,2,1,0.848310691062888,True
2953,2953,1482,0,tfidf+bert,2,0,0.2330316189590583,True
2954,2954,1482,1,tfidf+bert,2,1,0.9437194173859413,True
2955,2955,1483,0,tfidf+bert,2,0,0.006663243261207843,True
2956,2956,1483,1,tfidf+bert,2,1,0.9775194679314044,True
2957,2957,1484,0,tfidf+bert,2,0,0.013596424165111962,True
2958,2958,1484,1,tfidf+bert,2,1,0.9943007259934592,True
2959,2959,1485,0,tfidf+bert,2,0,0.017865378724052756,True
2960,2960,1485,1,tfidf+bert,2,1,0.9972504566256568,True
2961,2961,1486,0,tfidf+bert,2,0,0.015721518017276594,True
2962,2962,1486,1,tfidf+bert,2,1,0.9762870717514041,True
2963,2963,1487,0,tfidf+bert,2,0,0.008465986991772843,True
2964,2964,1487,1,tfidf+bert,2,1,0.9172566986793131,True
2965,2965,1488,0,tfidf+bert,2,0,0.002934991530304208,True
2966,2966,1488,1,tfidf+bert,2,0,0.21460728792224906,False
2967,2967,1489,0,tfidf+bert,2,0,0.002402057957436796,True
2968,2968,1489,1,tfidf+bert,2,1,0.8938710152294022,True
2969,2969,1490,0,tfidf+bert,2,0,0.15357837496881485,True
2970,2970,1490,1,tfidf+bert,2,1,0.5620805702125213,True
2971,2971,1491,0,tfidf+bert,2,0,0.09076762710609507,True
2972,2972,1491,1,tfidf+bert,2,1,0.514996292678642,True
2973,2973,1492,0,tfidf+bert,2,0,0.0010148906099247254,True
2974,2974,1492,1,tfidf+bert,2,1,0.9513759661921231,True
2975,2975,1493,0,tfidf+bert,2,0,0.011389364693761934,True
2976,2976,1493,1,tfidf+bert,2,1,0.994292223331369,True
2977,2977,1494,0,tfidf+bert,2,0,0.00034656524249067496,True
2978,2978,1494,1,tfidf+bert,2,1,0.9956797411452766,True
2979,2979,1495,0,tfidf+bert,2,0,0.030286460077904094,True
2980,2980,1495,1,tfidf+bert,2,1,0.99837056810257,True
2981,2981,1496,0,tfidf+bert,2,0,0.05735695822244428,True
2982,2982,1496,1,tfidf+bert,2,1,0.9904849216433103,True
2983,2983,1497,0,tfidf+bert,2,0,0.006600772473043368,True
2984,2984,1497,1,tfidf+bert,2,1,0.9978859556785828,True
2985,2985,1498,0,tfidf+bert,2,0,0.002286624032727786,True
2986,2986,1498,1,tfidf+bert,2,1,0.8350181364341808,True
2987,2987,1499,0,tfidf+bert,2,0,0.26353277127730623,True
2988,2988,1499,1,tfidf+bert,2,1,0.79924498685342,True
2989,2989,1500,0,tfidf+bert,2,0,0.0040752710179316675,True
2990,2990,1500,1,tfidf+bert,2,1,0.9801337379713309,True
2991,2991,1501,0,tfidf+bert,2,0,0.0023070290434390292,True
2992,2992,1501,1,tfidf+bert,2,1,0.9752775645275837,True
2993,2993,1502,0,tfidf+bert,2,0,0.016526100439072832,True
2994,2994,1502,1,tfidf+bert,2,1,0.9085273084599471,True
2995,2995,1503,0,tfidf+bert,2,1,0.5424779066329065,False
2996,2996,1503,1,tfidf+bert,2,1,0.9957833859963193,True
2997,2997,1504,0,tfidf+bert,2,0,0.0038831739648513826,True
2998,2998,1504,1,tfidf+bert,2,0,0.3528598104828374,False
2999,2999,1505,0,tfidf+bert,2,0,0.002702546939931372,True
3000,3000,1505,1,tfidf+bert,2,1,0.9840001881130054,True
3001,3001,1506,0,tfidf+bert,2,0,0.007618812153958424,True
3002,3002,1506,1,tfidf+bert,2,1,0.9996287978950297,True
3003,3003,1507,0,tfidf+bert,2,0,0.009307053225539978,True
3004,3004,1507,1,tfidf+bert,2,1,0.9994105251651648,True
3005,3005,1508,0,tfidf+bert,2,0,0.050879989556612215,True
3006,3006,1508,1,tfidf+bert,2,1,0.972229415659122,True
3007,3007,1509,0,tfidf+bert,2,0,0.0016941608168419208,True
3008,3008,1509,1,tfidf+bert,2,1,0.9986801824653087,True
3009,3009,1510,0,tfidf+bert,2,0,0.0009977031919047702,True
3010,3010,1510,1,tfidf+bert,2,1,0.9668090852239589,True
3011,3011,1511,0,tfidf+bert,2,0,0.014885603620052668,True
3012,3012,1511,1,tfidf+bert,2,1,0.9404773822198931,True
3013,3013,1512,0,tfidf+bert,2,0,0.03157662841732512,True
3014,3014,1512,1,tfidf+bert,2,1,0.970999460983896,True
3015,3015,1513,0,tfidf+bert,2,0,0.005029436286789378,True
3016,3016,1513,1,tfidf+bert,2,1,0.9940007729352921,True
3017,3017,1514,0,tfidf+bert,2,0,0.004503031363511093,True
3018,3018,1514,1,tfidf+bert,2,1,0.986884731807447,True
3019,3019,1515,0,tfidf+bert,2,0,0.05289187426287626,True
3020,3020,1515,1,tfidf+bert,2,1,0.9820628879378562,True
3021,3021,1516,0,tfidf+bert,2,1,0.6896944115529926,False
3022,3022,1516,1,tfidf+bert,2,1,0.9807260823126556,True
3023,3023,1517,0,tfidf+bert,2,0,0.0024722567501106168,True
3024,3024,1517,1,tfidf+bert,2,1,0.9968376673495357,True
3025,3025,1518,0,tfidf+bert,2,0,0.08028517617437025,True
3026,3026,1518,1,tfidf+bert,2,1,0.962635445549175,True
3027,3027,1519,0,tfidf+bert,2,0,0.00935527991229701,True
3028,3028,1519,1,tfidf+bert,2,1,0.9985246672579907,True
3029,3029,1520,0,tfidf+bert,2,0,0.0003291119645168767,True
3030,3030,1520,1,tfidf+bert,2,1,0.7743741674422074,True
3031,3031,1521,0,tfidf+bert,2,0,0.3498515210522246,True
3032,3032,1521,1,tfidf+bert,2,1,0.9984458011107513,True
3033,3033,1522,0,tfidf+bert,2,0,0.23949521395134435,True
3034,3034,1522,1,tfidf+bert,2,1,0.9629568285755202,True
3035,3035,1523,0,tfidf+bert,2,0,0.009251576951928431,True
3036,3036,1523,1,tfidf+bert,2,1,0.9339336137939268,True
3037,3037,1524,0,tfidf+bert,2,0,0.010710753185076794,True
3038,3038,1524,1,tfidf+bert,2,0,0.3905281933859868,False
3039,3039,1525,0,tfidf+bert,2,0,0.006211769277741501,True
3040,3040,1525,1,tfidf+bert,2,1,0.9661074842831082,True
3041,3041,1526,0,tfidf+bert,2,0,0.01722080108902716,True
3042,3042,1526,1,tfidf+bert,2,1,0.9827261594445876,True
3043,3043,1527,0,tfidf+bert,2,0,0.039808212681061154,True
3044,3044,1527,1,tfidf+bert,2,1,0.9942029589984203,True
3045,3045,1528,0,tfidf+bert,2,0,0.009983146391022116,True
3046,3046,1528,1,tfidf+bert,2,1,0.6159102159615989,True
3047,3047,1529,0,tfidf+bert,2,0,0.13550009549530256,True
3048,3048,1529,1,tfidf+bert,2,1,0.9996289891406942,True
3049,3049,1530,0,tfidf+bert,2,0,0.0003272753756902212,True
3050,3050,1530,1,tfidf+bert,2,1,0.9261225600505459,True
3051,3051,1531,0,tfidf+bert,2,0,0.0018174229539383825,True
3052,3052,1531,1,tfidf+bert,2,1,0.9628510528226099,True
3053,3053,1532,0,tfidf+bert,2,0,0.018169919431196828,True
3054,3054,1532,1,tfidf+bert,2,1,0.8510569484728191,True
3055,3055,1533,0,tfidf+bert,2,0,0.019077595606421378,True
3056,3056,1533,1,tfidf+bert,2,1,0.9984718925050253,True
3057,3057,1534,0,tfidf+bert,2,0,0.005306545993320614,True
3058,3058,1534,1,tfidf+bert,2,1,0.9973071113258092,True
3059,3059,1535,0,tfidf+bert,2,0,0.08606289788760614,True
3060,3060,1535,1,tfidf+bert,2,1,0.9886305847118506,True
3061,3061,1536,0,tfidf+bert,2,1,0.8113288386166932,False
3062,3062,1536,1,tfidf+bert,2,1,0.9176145178095425,True
3063,3063,1537,0,tfidf+bert,2,0,0.09923024426619047,True
3064,3064,1537,1,tfidf+bert,2,1,0.6617246538590534,True
3065,3065,1538,0,tfidf+bert,2,0,0.012869228825999309,True
3066,3066,1538,1,tfidf+bert,2,1,0.9885498151541614,True
3067,3067,1539,0,tfidf+bert,2,0,0.03572403883845293,True
3068,3068,1539,1,tfidf+bert,2,1,0.9103139072548792,True
3069,3069,1540,0,tfidf+bert,2,0,0.1761941126660937,True
3070,3070,1540,1,tfidf+bert,2,1,0.9932921021013325,True
3071,3071,1541,0,tfidf+bert,2,0,0.029530372065259162,True
3072,3072,1541,1,tfidf+bert,2,1,0.9968059195886154,True
3073,3073,1542,0,tfidf+bert,2,0,0.07944750048713418,True
3074,3074,1542,1,tfidf+bert,2,1,0.946970353398395,True
3075,3075,1543,0,tfidf+bert,2,1,0.657607176927536,False
3076,3076,1543,1,tfidf+bert,2,1,0.9973989701130277,True
3077,3077,1544,0,tfidf+bert,2,0,0.004613546792914813,True
3078,3078,1544,1,tfidf+bert,2,1,0.8735489838245802,True
3079,3079,1545,0,tfidf+bert,2,0,0.0083211616415257,True
3080,3080,1545,1,tfidf+bert,2,1,0.9973456900578098,True
3081,3081,1546,0,tfidf+bert,2,0,0.033651405728652446,True
3082,3082,1546,1,tfidf+bert,2,1,0.9879483838529346,True
3083,3083,1547,0,tfidf+bert,2,0,0.0033270862083100406,True
3084,3084,1547,1,tfidf+bert,2,1,0.9995231200760651,True
3085,3085,1548,0,tfidf+bert,2,0,0.0014779750806803678,True
3086,3086,1548,1,tfidf+bert,2,0,0.18442045881110852,False
3087,3087,1549,0,tfidf+bert,2,0,0.09733039520447906,True
3088,3088,1549,1,tfidf+bert,2,1,0.9786365708858705,True
3089,3089,1550,0,tfidf+bert,2,0,0.09691982142499181,True
3090,3090,1550,1,tfidf+bert,2,1,0.7156936444477492,True
3091,3091,1551,0,tfidf+bert,2,0,0.0024907947304688193,True
3092,3092,1551,1,tfidf+bert,2,1,0.9725999724337835,True
3093,3093,1552,0,tfidf+bert,2,0,0.013767014453668536,True
3094,3094,1552,1,tfidf+bert,2,1,0.9973897019554575,True
3095,3095,1553,0,tfidf+bert,2,0,0.01267852941129856,True
3096,3096,1553,1,tfidf+bert,2,0,0.26433021270315843,False
3097,3097,1554,0,tfidf+bert,2,0,0.22453987515350685,True
3098,3098,1554,1,tfidf+bert,2,1,0.9787948356353524,True
3099,3099,1555,0,tfidf+bert,2,0,0.013354012588638792,True
3100,3100,1555,1,tfidf+bert,2,1,0.9862617738203076,True
3101,3101,1556,0,tfidf+bert,2,0,0.1378654635472435,True
3102,3102,1556,1,tfidf+bert,2,1,0.9830532589657196,True
3103,3103,1557,0,tfidf+bert,2,0,0.028139836710559314,True
3104,3104,1557,1,tfidf+bert,2,1,0.9877908196712599,True
3105,3105,1558,0,tfidf+bert,2,0,0.00011232678930751512,True
3106,3106,1558,1,tfidf+bert,2,1,0.8964998816467881,True
3107,3107,1559,0,tfidf+bert,2,0,0.03559248900222487,True
3108,3108,1559,1,tfidf+bert,2,1,0.9787029643071555,True
3109,3109,1560,0,tfidf+bert,2,0,0.029353822752979007,True
3110,3110,1560,1,tfidf+bert,2,1,0.9676343684985099,True
3111,3111,1561,0,tfidf+bert,2,0,0.007369091236572922,True
3112,3112,1561,1,tfidf+bert,2,1,0.9173642630793754,True
3113,3113,1562,0,tfidf+bert,2,0,0.0994603716300692,True
3114,3114,1562,1,tfidf+bert,2,1,0.8995086953641165,True
3115,3115,1563,0,tfidf+bert,2,0,0.006331383501364181,True
3116,3116,1563,1,tfidf+bert,2,1,0.9938453295399396,True
3117,3117,1564,0,tfidf+bert,2,0,0.042838696213030096,True
3118,3118,1564,1,tfidf+bert,2,1,0.9896269974971051,True
3119,3119,1565,0,tfidf+bert,2,0,0.14519934906678017,True
3120,3120,1565,1,tfidf+bert,2,1,0.9371020571538226,True
3121,3121,1566,0,tfidf+bert,2,0,0.006614506156065148,True
3122,3122,1566,1,tfidf+bert,2,1,0.9949163684806851,True
3123,3123,1567,0,tfidf+bert,2,0,0.0018340736820754416,True
3124,3124,1567,1,tfidf+bert,2,1,0.9896831071710533,True
3125,3125,1568,0,tfidf+bert,2,0,0.034535342556834915,True
3126,3126,1568,1,tfidf+bert,2,1,0.9883048687170098,True
3127,3127,1569,0,tfidf+bert,2,0,0.004359154221169115,True
3128,3128,1569,1,tfidf+bert,2,1,0.9835788236195888,True
3129,3129,1570,0,tfidf+bert,2,0,0.0004587941709303308,True
3130,3130,1570,1,tfidf+bert,2,1,0.9801687389364444,True
3131,3131,1571,0,tfidf+bert,2,0,0.021840224405916483,True
3132,3132,1571,1,tfidf+bert,2,1,0.9741644743689172,True
3133,3133,1572,0,tfidf+bert,2,1,0.5109726507403213,False
3134,3134,1572,1,tfidf+bert,2,1,0.8843635198360279,True
3135,3135,1573,0,tfidf+bert,2,0,0.006304323232377946,True
3136,3136,1573,1,tfidf+bert,2,1,0.6224627148907655,True
3137,3137,1574,0,tfidf+bert,2,0,0.012436770716384762,True
3138,3138,1574,1,tfidf+bert,2,1,0.9955757648782119,True
3139,3139,1575,0,tfidf+bert,2,0,0.12052724799686078,True
3140,3140,1575,1,tfidf+bert,2,1,0.852240807959169,True
3141,3141,1576,0,tfidf+bert,2,0,0.004916565853698698,True
3142,3142,1576,1,tfidf+bert,2,1,0.999510231139801,True
3143,3143,1577,0,tfidf+bert,2,0,0.0005868721530947691,True
3144,3144,1577,1,tfidf+bert,2,1,0.7891316640681365,True
3145,3145,1578,0,tfidf+bert,2,0,0.23146770327857916,True
3146,3146,1578,1,tfidf+bert,2,1,0.9899828302152865,True
3147,3147,1579,0,tfidf+bert,2,0,0.007971338564647738,True
3148,3148,1579,1,tfidf+bert,2,1,0.9550845298223531,True
3149,3149,1580,0,tfidf+bert,2,0,0.0036558411439215443,True
3150,3150,1580,1,tfidf+bert,2,1,0.987379220039598,True
3151,3151,1581,0,tfidf+bert,2,0,0.012235319798732155,True
3152,3152,1581,1,tfidf+bert,2,1,0.9908173262311651,True
3153,3153,1582,0,tfidf+bert,2,0,0.06193317989253809,True
3154,3154,1582,1,tfidf+bert,2,1,0.9948124518065705,True
3155,3155,1583,0,tfidf+bert,2,0,0.1968283910651721,True
3156,3156,1583,1,tfidf+bert,2,1,0.9946212399047214,True
3157,3157,1584,0,tfidf+bert,2,0,0.0751919760181414,True
3158,3158,1584,1,tfidf+bert,2,1,0.9980526596370335,True
3159,3159,1585,0,tfidf+bert,2,0,0.3732627979042678,True
3160,3160,1585,1,tfidf+bert,2,1,0.9929606792795003,True
3161,3161,1586,0,tfidf+bert,2,0,0.27341395280985287,True
3162,3162,1586,1,tfidf+bert,2,1,0.993145084545209,True
3163,3163,1587,0,tfidf+bert,2,1,0.8729461427831151,False
3164,3164,1587,1,tfidf+bert,2,1,0.9962121113478096,True
3165,3165,1588,0,tfidf+bert,2,1,0.760625243875841,False
3166,3166,1588,1,tfidf+bert,2,1,0.984883299943196,True
3167,3167,1589,0,tfidf+bert,2,0,0.0009838443801869585,True
3168,3168,1589,1,tfidf+bert,2,1,0.9995222652465253,True
3169,3169,1590,0,tfidf+bert,2,0,0.09332752624761226,True
3170,3170,1590,1,tfidf+bert,2,1,0.9992612993174885,True
3171,3171,1591,0,tfidf+bert,2,0,0.04324353395733758,True
3172,3172,1591,1,tfidf+bert,2,1,0.9114684978645475,True
3173,3173,1592,0,tfidf+bert,2,0,0.0003588047035244817,True
3174,3174,1592,1,tfidf+bert,2,1,0.9614262273809132,True
3175,3175,1593,0,tfidf+bert,2,0,0.021591021131661222,True
3176,3176,1593,1,tfidf+bert,2,1,0.9991756095575057,True
3177,3177,1594,0,tfidf+bert,2,0,0.0003902006811262534,True
3178,3178,1594,1,tfidf+bert,2,1,0.9943624079355389,True
3179,3179,1595,0,tfidf+bert,2,0,0.0037026959770520887,True
3180,3180,1595,1,tfidf+bert,2,1,0.658372441738036,True
3181,3181,1596,0,tfidf+bert,2,0,0.004839168521296186,True
3182,3182,1596,1,tfidf+bert,2,1,0.9992401058268283,True
3183,3183,1597,0,tfidf+bert,2,0,0.00042167018744688334,True
3184,3184,1597,1,tfidf+bert,2,1,0.9959152540448989,True
3185,3185,1598,0,tfidf+bert,2,0,0.019658625407073065,True
3186,3186,1598,1,tfidf+bert,2,1,0.9990451635760607,True
3187,3187,1599,0,tfidf+bert,2,0,0.02549335082601839,True
3188,3188,1599,1,tfidf+bert,2,1,0.5025248856194091,True
3189,3189,1600,0,tfidf+bert,2,0,0.07467294150346043,True
3190,3190,1600,1,tfidf+bert,2,1,0.9652437215086994,True
3191,3191,1601,0,tfidf+bert,2,0,0.033650604029205056,True
3192,3192,1601,1,tfidf+bert,2,1,0.9351058855153555,True
3193,3193,1602,0,tfidf+bert,2,0,0.029055484742382884,True
3194,3194,1602,1,tfidf+bert,2,1,0.9968230826935083,True
3195,3195,1603,0,tfidf+bert,2,0,0.0006729262118080713,True
3196,3196,1603,1,tfidf+bert,2,1,0.8891796949113981,True
3197,3197,1604,0,tfidf+bert,2,0,0.25297690995452976,True
3198,3198,1604,1,tfidf+bert,2,1,0.9824330259276252,True
3199,3199,1605,0,tfidf+bert,2,0,0.0010926032257272474,True
3200,3200,1605,1,tfidf+bert,2,1,0.9789978974857594,True
3201,3201,1606,0,tfidf+bert,2,0,0.0016884486427763683,True
3202,3202,1606,1,tfidf+bert,2,1,0.9186391973989805,True
3203,3203,1607,0,tfidf+bert,2,0,0.07392395266507777,True
3204,3204,1607,1,tfidf+bert,2,1,0.996295707286288,True
3205,3205,1608,0,tfidf+bert,2,0,0.08455233170942941,True
3206,3206,1608,1,tfidf+bert,2,1,0.9975477870273112,True
3207,3207,1609,0,tfidf+bert,2,1,0.7256313046804705,False
3208,3208,1609,1,tfidf+bert,2,1,0.994455213386635,True
3209,3209,1610,0,tfidf+bert,2,0,0.06372442739592356,True
3210,3210,1610,1,tfidf+bert,2,1,0.9747935566160038,True
3211,3211,1611,0,tfidf+bert,2,0,0.004337403290033502,True
3212,3212,1611,1,tfidf+bert,2,1,0.9919883587909938,True
3213,3213,1612,1,tfidf+bert,2,1,0.9336959753731761,True
3214,3214,1613,0,tfidf+bert,2,0,0.4110183399571673,True
3215,3215,1613,1,tfidf+bert,2,1,0.9305585662931595,True
3216,3216,1614,0,tfidf+bert,2,0,0.060679020524521614,True
3217,3217,1614,1,tfidf+bert,2,1,0.9699225445173272,True
3218,3218,1615,0,tfidf+bert,2,0,0.017781166329630282,True
3219,3219,1615,1,tfidf+bert,2,0,0.47592453059604195,False
3220,3220,1616,0,tfidf+bert,2,0,0.002034760908093854,True
3221,3221,1616,1,tfidf+bert,2,1,0.995540912004857,True
3222,3222,1617,0,tfidf+bert,2,0,0.030755546447952264,True
3223,3223,1617,1,tfidf+bert,2,1,0.9837987177785317,True
3224,3224,1618,0,tfidf+bert,2,0,0.000964418396531297,True
3225,3225,1618,1,tfidf+bert,2,1,0.9741595270867661,True
3226,3226,1619,0,tfidf+bert,2,0,0.0018048507538398519,True
3227,3227,1619,1,tfidf+bert,2,1,0.9964046036592252,True
3228,3228,1620,0,tfidf+bert,2,0,0.029874626989403193,True
3229,3229,1620,1,tfidf+bert,2,1,0.9878567344789644,True
3230,3230,1621,0,tfidf+bert,2,0,0.015845297132013905,True
3231,3231,1621,1,tfidf+bert,2,1,0.9975252317909078,True
3232,3232,1622,0,tfidf+bert,2,0,0.00583665812377249,True
3233,3233,1622,1,tfidf+bert,2,1,0.9927951728074572,True
3234,3234,1623,0,tfidf+bert,2,0,0.011660215214348027,True
3235,3235,1623,1,tfidf+bert,2,1,0.8352043851436141,True
3236,3236,1624,0,tfidf+bert,2,0,0.11314730618699143,True
3237,3237,1624,1,tfidf+bert,2,1,0.8775512612177011,True
3238,3238,1625,0,tfidf+bert,2,0,0.009176475775446037,True
3239,3239,1625,1,tfidf+bert,2,1,0.9970519871167465,True
3240,3240,1626,0,tfidf+bert,2,0,0.006590522689163632,True
3241,3241,1626,1,tfidf+bert,2,1,0.995111647610937,True
3242,3242,1627,0,tfidf+bert,2,0,0.19997100940659146,True
3243,3243,1627,1,tfidf+bert,2,1,0.9912048608079236,True
3244,3244,1628,0,tfidf+bert,2,0,0.01575465572702078,True
3245,3245,1628,1,tfidf+bert,2,0,0.46503696715708526,False
3246,3246,1629,0,tfidf+bert,2,0,0.14234639042335595,True
3247,3247,1629,1,tfidf+bert,2,1,0.8702587437977884,True
3248,3248,1630,0,tfidf+bert,2,0,0.2827156808900124,True
3249,3249,1630,1,tfidf+bert,2,1,0.9890174385231616,True
3250,3250,1631,0,tfidf+bert,2,0,0.09447288535023328,True
3251,3251,1631,1,tfidf+bert,2,1,0.9885310918127602,True
3252,3252,1632,0,tfidf+bert,2,0,0.22785612768208058,True
3253,3253,1632,1,tfidf+bert,2,1,0.9948111233979654,True
3254,3254,1633,0,tfidf+bert,2,0,0.005908129476161715,True
3255,3255,1633,1,tfidf+bert,2,1,0.9883390088475233,True
3256,3256,1634,0,tfidf+bert,2,0,0.0008521141016489774,True
3257,3257,1634,1,tfidf+bert,2,0,0.043794147257145526,False
3258,3258,1635,0,tfidf+bert,2,0,0.0024868289325609355,True
3259,3259,1635,1,tfidf+bert,2,1,0.9980567428043631,True
3260,3260,1636,0,tfidf+bert,2,0,0.032275588649446324,True
3261,3261,1636,1,tfidf+bert,2,1,0.999592945943667,True
3262,3262,1637,0,tfidf+bert,2,0,0.029393592873652993,True
3263,3263,1637,1,tfidf+bert,2,1,0.998979101860667,True
3264,3264,1638,0,tfidf+bert,2,0,0.0006540009851612624,True
3265,3265,1638,1,tfidf+bert,2,1,0.9987760707305792,True
3266,3266,1639,0,tfidf+bert,2,0,0.00918780880586596,True
3267,3267,1639,1,tfidf+bert,2,1,0.9995502892469259,True
3268,3268,1640,0,tfidf+bert,2,0,0.000567351536246278,True
3269,3269,1640,1,tfidf+bert,2,0,0.4447866027030853,False
3270,3270,1641,0,tfidf+bert,2,0,0.0039169411821638744,True
3271,3271,1641,1,tfidf+bert,2,1,0.9906900299042886,True
3272,3272,1642,0,tfidf+bert,2,0,0.010647363226666361,True
3273,3273,1642,1,tfidf+bert,2,1,0.7231536062185294,True
3274,3274,1643,0,tfidf+bert,2,0,0.0004697586312652888,True
3275,3275,1643,1,tfidf+bert,2,1,0.9775416008350615,True
3276,3276,1644,0,tfidf+bert,2,0,0.10569681926023378,True
3277,3277,1644,1,tfidf+bert,2,1,0.9933440640542632,True
3278,3278,1645,0,tfidf+bert,2,0,0.1590301505154413,True
3279,3279,1645,1,tfidf+bert,2,1,0.9931721620806068,True
3280,3280,1646,0,tfidf+bert,2,0,0.10864702282067323,True
3281,3281,1646,1,tfidf+bert,2,1,0.9983044989720524,True
3282,3282,1647,0,tfidf+bert,2,0,0.17017790103976171,True
3283,3283,1647,1,tfidf+bert,2,1,0.9872644150451496,True
3284,3284,1648,0,tfidf+bert,2,0,0.0010739466761071706,True
3285,3285,1648,1,tfidf+bert,2,1,0.9993950435133683,True
3286,3286,1649,0,tfidf+bert,2,0,0.0007734729446903771,True
3287,3287,1649,1,tfidf+bert,2,1,0.9700387369910359,True
3288,3288,1650,0,tfidf+bert,2,0,0.0021795447270562098,True
3289,3289,1650,1,tfidf+bert,2,1,0.7152170912829946,True
3290,3290,1651,0,tfidf+bert,2,0,0.14727896547824015,True
3291,3291,1651,1,tfidf+bert,2,1,0.9996426950605707,True
3292,3292,1652,0,tfidf+bert,2,0,0.0022109163975707388,True
3293,3293,1652,1,tfidf+bert,2,1,0.9607049305777766,True
3294,3294,1653,0,tfidf+bert,2,0,0.013084264106447193,True
3295,3295,1653,1,tfidf+bert,2,1,0.9975228881670015,True
3296,3296,1654,0,tfidf+bert,2,0,0.0007562878238410746,True
3297,3297,1654,1,tfidf+bert,2,1,0.9829226854496739,True
3298,3298,1655,0,tfidf+bert,2,0,0.0007323154071954785,True
3299,3299,1655,1,tfidf+bert,2,1,0.9413071484688197,True
3300,3300,1656,0,tfidf+bert,2,0,0.018476790015540683,True
3301,3301,1656,1,tfidf+bert,2,1,0.9006638113842695,True
3302,3302,1657,0,tfidf+bert,2,0,0.007038878674876312,True
3303,3303,1657,1,tfidf+bert,2,1,0.9985625372205138,True
3304,3304,1658,0,tfidf+bert,2,0,0.47652147381617094,True
3305,3305,1658,1,tfidf+bert,2,1,0.9753642208812524,True
3306,3306,1659,0,tfidf+bert,2,0,0.005448808608631947,True
3307,3307,1659,1,tfidf+bert,2,1,0.995931850738551,True
3308,3308,1660,0,tfidf+bert,2,0,0.0026268033670566265,True
3309,3309,1660,1,tfidf+bert,2,1,0.998818357683256,True
3310,3310,1661,0,tfidf+bert,2,0,0.0045121061814256055,True
3311,3311,1661,1,tfidf+bert,2,1,0.9157036771992028,True
3312,3312,1662,0,tfidf+bert,2,0,0.009671788863573946,True
3313,3313,1662,1,tfidf+bert,2,1,0.9988983128681693,True
3314,3314,1663,0,tfidf+bert,2,0,0.0027194341175266084,True
3315,3315,1663,1,tfidf+bert,2,1,0.9844598916512136,True
3316,3316,1664,0,tfidf+bert,2,1,0.7983312958175566,False
3317,3317,1664,1,tfidf+bert,2,1,0.984533037535745,True
3318,3318,1665,0,tfidf+bert,2,0,0.0023430853788855076,True
3319,3319,1665,1,tfidf+bert,2,1,0.9980514756450107,True
3320,3320,1666,0,tfidf+bert,2,0,0.0035687399802799037,True
3321,3321,1666,1,tfidf+bert,2,1,0.9939252524489223,True
3322,3322,1667,0,tfidf+bert,2,0,0.1710971711677751,True
3323,3323,1667,1,tfidf+bert,2,1,0.6859964702918883,True
3324,3324,1668,0,tfidf+bert,2,0,0.21948563684651382,True
3325,3325,1668,1,tfidf+bert,2,1,0.9648027074513983,True
3326,3326,1669,0,tfidf+bert,2,0,0.03781866507775267,True
3327,3327,1669,1,tfidf+bert,2,1,0.9858257235158836,True
3328,3328,1670,0,tfidf+bert,2,0,0.22855433260912633,True
3329,3329,1670,1,tfidf+bert,2,1,0.8877422018269575,True
3330,3330,1671,0,tfidf+bert,2,0,0.013655344828408817,True
3331,3331,1671,1,tfidf+bert,2,1,0.9669306149340223,True
3332,3332,1672,0,tfidf+bert,2,0,0.010338561707085012,True
3333,3333,1672,1,tfidf+bert,2,1,0.9991168866492615,True
3334,3334,1673,0,tfidf+bert,2,1,0.5139714462762975,False
3335,3335,1673,1,tfidf+bert,2,1,0.9534173618400041,True
3336,3336,1674,0,tfidf+bert,2,0,0.00953454829561681,True
3337,3337,1674,1,tfidf+bert,2,1,0.9961311063379655,True
3338,3338,1675,0,tfidf+bert,2,0,0.003917985802627474,True
3339,3339,1675,1,tfidf+bert,2,1,0.9477443297851461,True
3340,3340,1676,0,tfidf+bert,2,0,0.04688323380962664,True
3341,3341,1676,1,tfidf+bert,2,1,0.9400061372676938,True
3342,3342,1677,0,tfidf+bert,2,0,0.019664020522960672,True
3343,3343,1677,1,tfidf+bert,2,1,0.9463152388284355,True
3344,3344,1678,0,tfidf+bert,2,0,0.004403664701296981,True
3345,3345,1678,1,tfidf+bert,2,1,0.6453218977555418,True
3346,3346,1679,0,tfidf+bert,2,0,0.014902725016856485,True
3347,3347,1679,1,tfidf+bert,2,1,0.9967015871240845,True
3348,3348,1680,0,tfidf+bert,2,0,0.003139790601554909,True
3349,3349,1680,1,tfidf+bert,2,1,0.9989912911217241,True
3350,3350,1681,0,tfidf+bert,2,0,0.056536872090169825,True
3351,3351,1681,1,tfidf+bert,2,0,0.39036512521257116,False
3352,3352,1682,0,tfidf+bert,2,0,0.0021388961679976067,True
3353,3353,1682,1,tfidf+bert,2,1,0.9537978661812406,True
3354,3354,1683,0,tfidf+bert,2,0,0.016028013209316457,True
3355,3355,1683,1,tfidf+bert,2,1,0.9412021250577011,True
3356,3356,1684,0,tfidf+bert,2,0,0.07051482599464494,True
3357,3357,1684,1,tfidf+bert,2,1,0.9982365798363602,True
3358,3358,1685,0,tfidf+bert,2,0,0.018775071432098014,True
3359,3359,1685,1,tfidf+bert,2,0,0.3990883054434169,False
3360,3360,1686,1,tfidf+bert,2,1,0.910545335750171,True
3361,3361,1687,0,tfidf+bert,2,1,0.5103869063673194,False
3362,3362,1687,1,tfidf+bert,2,1,0.9805986727640384,True
3363,3363,1688,0,tfidf+bert,2,0,0.006002712807746717,True
3364,3364,1688,1,tfidf+bert,2,1,0.9981950505201457,True
3365,3365,1689,0,tfidf+bert,2,0,0.0009061799196306982,True
3366,3366,1689,1,tfidf+bert,2,1,0.9959171817362978,True
3367,3367,1690,0,tfidf+bert,2,0,0.0203733007583457,True
3368,3368,1690,1,tfidf+bert,2,1,0.9914862531812498,True
3369,3369,1691,0,tfidf+bert,2,0,0.03286467834670115,True
3370,3370,1691,1,tfidf+bert,2,1,0.9559566061564079,True
3371,3371,1692,0,tfidf+bert,2,0,0.006878557321006093,True
3372,3372,1692,1,tfidf+bert,2,1,0.5327717090591773,True
3373,3373,1693,0,tfidf+bert,2,0,0.0016554576991793584,True
3374,3374,1693,1,tfidf+bert,2,1,0.9743788277264901,True
3375,3375,1694,0,tfidf+bert,2,0,0.020932942298013745,True
3376,3376,1694,1,tfidf+bert,2,1,0.9930690063902644,True
3377,3377,1695,0,tfidf+bert,2,0,0.03189376852959949,True
3378,3378,1695,1,tfidf+bert,2,1,0.9975155184652631,True
3379,3379,1696,0,tfidf+bert,2,0,0.013235852755374648,True
3380,3380,1696,1,tfidf+bert,2,1,0.8170870318370967,True
3381,3381,1697,0,tfidf+bert,2,0,0.03049883026356565,True
3382,3382,1697,1,tfidf+bert,2,1,0.999018827926075,True
3383,3383,1698,0,tfidf+bert,2,0,0.39442752701112904,True
3384,3384,1698,1,tfidf+bert,2,1,0.987092481771997,True
3385,3385,1699,0,tfidf+bert,2,0,0.0320472735540772,True
3386,3386,1699,1,tfidf+bert,2,1,0.994532038954037,True
3387,3387,1700,0,tfidf+bert,2,0,0.004402536532987399,True
3388,3388,1700,1,tfidf+bert,2,1,0.9989530237840997,True
3389,3389,1701,0,tfidf+bert,2,0,0.01010425000294569,True
3390,3390,1701,1,tfidf+bert,2,1,0.7950887419445213,True
3391,3391,1702,0,tfidf+bert,2,0,0.05571488897258991,True
3392,3392,1702,1,tfidf+bert,2,1,0.9273081390283223,True
3393,3393,1703,0,tfidf+bert,2,0,0.030951672694933645,True
3394,3394,1703,1,tfidf+bert,2,1,0.8177522733626282,True
3395,3395,1704,0,tfidf+bert,2,0,0.002326750150725575,True
3396,3396,1704,1,tfidf+bert,2,1,0.9947281639802947,True
3397,3397,1705,0,tfidf+bert,2,0,0.43615453165632834,True
3398,3398,1705,1,tfidf+bert,2,1,0.6686237431839249,True
3399,3399,1706,0,tfidf+bert,2,0,0.025427522308746016,True
3400,3400,1706,1,tfidf+bert,2,1,0.9995860618393281,True
3401,3401,1707,0,tfidf+bert,2,0,0.21220076845419913,True
3402,3402,1707,1,tfidf+bert,2,1,0.9987361113873223,True
3403,3403,1708,0,tfidf+bert,2,0,0.020596364199957272,True
3404,3404,1708,1,tfidf+bert,2,1,0.9471310199617597,True
3405,3405,1709,0,tfidf+bert,2,0,0.04566436196680931,True
3406,3406,1709,1,tfidf+bert,2,0,0.3316541985088339,False
3407,3407,1710,0,tfidf+bert,2,0,0.006859245321315298,True
3408,3408,1710,1,tfidf+bert,2,1,0.9890524125433232,True
3409,3409,1711,0,tfidf+bert,2,0,0.06122915390282157,True
3410,3410,1711,1,tfidf+bert,2,1,0.9967195227015353,True
3411,3411,1712,0,tfidf+bert,2,0,0.4121249596539287,True
3412,3412,1712,1,tfidf+bert,2,1,0.9949987674345775,True
3413,3413,1713,0,tfidf+bert,2,0,0.019958301426366648,True
3414,3414,1713,1,tfidf+bert,2,1,0.997623184012202,True
3415,3415,1714,0,tfidf+bert,2,0,0.17727144975432654,True
3416,3416,1714,1,tfidf+bert,2,1,0.9629852504370827,True
3417,3417,1715,0,tfidf+bert,2,0,0.034000554257291274,True
3418,3418,1715,1,tfidf+bert,2,1,0.9903112716494692,True
3419,3419,1716,0,tfidf+bert,2,0,0.0033862669112083485,True
3420,3420,1716,1,tfidf+bert,2,1,0.9837108537269756,True
3421,3421,1717,0,tfidf+bert,2,0,0.00037823655297672274,True
3422,3422,1717,1,tfidf+bert,2,1,0.8306228961537769,True
3423,3423,1718,0,tfidf+bert,2,0,0.003455827955421562,True
3424,3424,1718,1,tfidf+bert,2,1,0.9941874095312138,True
3425,3425,1719,0,tfidf+bert,2,1,0.7928944921136625,False
3426,3426,1719,1,tfidf+bert,2,1,0.9873188772641045,True
3427,3427,1720,0,tfidf+bert,2,0,0.009465339466187673,True
3428,3428,1720,1,tfidf+bert,2,1,0.9224592434362119,True
3429,3429,1721,0,tfidf+bert,2,0,0.001816154273849547,True
3430,3430,1721,1,tfidf+bert,2,1,0.9410610965232036,True
3431,3431,1722,0,tfidf+bert,2,0,0.005752100053914755,True
3432,3432,1722,1,tfidf+bert,2,1,0.5672459615001775,True
3433,3433,1723,0,tfidf+bert,2,0,0.0016245849844302557,True
3434,3434,1723,1,tfidf+bert,2,1,0.998556098608867,True
3435,3435,1724,0,tfidf+bert,2,0,0.002447537382608782,True
3436,3436,1724,1,tfidf+bert,2,1,0.9944209025587502,True
3437,3437,1725,0,tfidf+bert,2,0,0.0036703747278403424,True
3438,3438,1725,1,tfidf+bert,2,1,0.9969480124342202,True
3439,3439,1726,0,tfidf+bert,2,0,0.001248077828999516,True
3440,3440,1726,1,tfidf+bert,2,0,0.2637395338206783,False
3441,3441,1727,0,tfidf+bert,2,0,0.038041682933348225,True
3442,3442,1727,1,tfidf+bert,2,1,0.999297020236836,True
3443,3443,1728,0,tfidf+bert,2,0,0.11410963617319617,True
3444,3444,1728,1,tfidf+bert,2,1,0.9882376125041502,True
3445,3445,1729,0,tfidf+bert,2,0,0.004308874336954668,True
3446,3446,1729,1,tfidf+bert,2,1,0.7900613168236167,True
3447,3447,1730,0,tfidf+bert,2,0,0.024958812677967363,True
3448,3448,1730,1,tfidf+bert,2,1,0.9945143039062809,True
3449,3449,1731,0,tfidf+bert,2,0,0.01752840241868878,True
3450,3450,1731,1,tfidf+bert,2,1,0.9834977874562543,True
3451,3451,1732,0,tfidf+bert,2,0,0.03858954739001658,True
3452,3452,1732,1,tfidf+bert,2,1,0.8498500566793307,True
3453,3453,1733,0,tfidf+bert,2,0,0.00044681406112164585,True
3454,3454,1733,1,tfidf+bert,2,1,0.9986039749628078,True
3455,3455,1734,0,tfidf+bert,2,0,0.0019334645619519097,True
3456,3456,1734,1,tfidf+bert,2,1,0.9778710520873247,True
3457,3457,1735,0,tfidf+bert,2,0,0.0030993075351756962,True
3458,3458,1735,1,tfidf+bert,2,1,0.7695271601532364,True
3459,3459,1736,0,tfidf+bert,2,0,0.00875846300532065,True
3460,3460,1736,1,tfidf+bert,2,0,0.3377950355728519,False
3461,3461,1737,0,tfidf+bert,2,0,0.0017119206455083473,True
3462,3462,1737,1,tfidf+bert,2,1,0.8893363779925532,True
3463,3463,1738,0,tfidf+bert,2,0,0.018390461112866737,True
3464,3464,1738,1,tfidf+bert,2,1,0.9987086260633723,True
3465,3465,1739,0,tfidf+bert,2,0,0.0059569271256108966,True
3466,3466,1739,1,tfidf+bert,2,1,0.9813518249398938,True
3467,3467,1740,0,tfidf+bert,2,0,0.006470184650611075,True
3468,3468,1740,1,tfidf+bert,2,1,0.9994779046461367,True
3469,3469,1741,0,tfidf+bert,2,0,0.030986208290786382,True
3470,3470,1741,1,tfidf+bert,2,1,0.9925360824307935,True
3471,3471,1742,0,tfidf+bert,2,0,0.002473005318238541,True
3472,3472,1742,1,tfidf+bert,2,1,0.7727117951270492,True
3473,3473,1743,0,tfidf+bert,2,0,0.0033279088377910194,True
3474,3474,1743,1,tfidf+bert,2,1,0.983460548590978,True
3475,3475,1744,0,tfidf+bert,2,0,0.009786425729404314,True
3476,3476,1744,1,tfidf+bert,2,1,0.9421924566254284,True
3477,3477,1745,0,tfidf+bert,2,0,0.003527713204257832,True
3478,3478,1745,1,tfidf+bert,2,1,0.7440435836401995,True
3479,3479,1746,0,tfidf+bert,2,0,0.12076466093093977,True
3480,3480,1746,1,tfidf+bert,2,1,0.8479744902090041,True
3481,3481,1747,0,tfidf+bert,2,0,0.2781804000626513,True
3482,3482,1747,1,tfidf+bert,2,1,0.7267312506595294,True
3483,3483,1748,0,tfidf+bert,2,0,0.07818907257443876,True
3484,3484,1748,1,tfidf+bert,2,1,0.9839040794293064,True
3485,3485,1749,0,tfidf+bert,2,0,0.003180422533321835,True
3486,3486,1749,1,tfidf+bert,2,1,0.994651239871175,True
3487,3487,1750,0,tfidf+bert,2,0,0.12384615421151855,True
3488,3488,1750,1,tfidf+bert,2,1,0.9607274118338027,True
3489,3489,1751,0,tfidf+bert,2,0,0.06907457955437356,True
3490,3490,1751,1,tfidf+bert,2,1,0.828613564317313,True
3491,3491,1752,0,tfidf+bert,2,0,0.005007511859650696,True
3492,3492,1752,1,tfidf+bert,2,1,0.9450432371739708,True
3493,3493,1753,0,tfidf+bert,2,0,0.0019592954182634206,True
3494,3494,1753,1,tfidf+bert,2,1,0.9632865007466739,True
3495,3495,1754,1,tfidf+bert,2,1,0.9965217257638793,True
3496,3496,1755,0,tfidf+bert,2,0,0.05993407843499683,True
3497,3497,1755,1,tfidf+bert,2,1,0.5792171687142497,True
3498,3498,1756,0,tfidf+bert,2,0,0.03204265179194867,True
3499,3499,1756,1,tfidf+bert,2,1,0.9951014271126164,True
3500,3500,1757,0,tfidf+bert,2,0,0.004482588741375483,True
3501,3501,1757,1,tfidf+bert,2,1,0.999059544180729,True
3502,3502,1758,0,tfidf+bert,2,0,0.006947085860270289,True
3503,3503,1758,1,tfidf+bert,2,1,0.9655441227288035,True
3504,3504,1759,0,tfidf+bert,2,0,0.022606137515783838,True
3505,3505,1759,1,tfidf+bert,2,1,0.9901092051133282,True
3506,3506,1760,0,tfidf+bert,2,0,0.024566844550112547,True
3507,3507,1760,1,tfidf+bert,2,1,0.9796653243360979,True
3508,3508,1761,0,tfidf+bert,2,1,0.5886597358569887,False
3509,3509,1761,1,tfidf+bert,2,1,0.9907616557226866,True
3510,3510,1762,0,tfidf+bert,2,0,0.06306713736184923,True
3511,3511,1762,1,tfidf+bert,2,1,0.9636705494762655,True
3512,3512,1763,0,tfidf+bert,2,0,0.021048127832925517,True
3513,3513,1763,1,tfidf+bert,2,1,0.9258429069946281,True
3514,3514,1764,0,tfidf+bert,2,0,0.027867002377708883,True
3515,3515,1764,1,tfidf+bert,2,1,0.9801052198035551,True
3516,3516,1765,0,tfidf+bert,2,0,0.15915636670400998,True
3517,3517,1765,1,tfidf+bert,2,1,0.9940935784278808,True
3518,3518,1766,0,tfidf+bert,2,0,0.004745987791977321,True
3519,3519,1766,1,tfidf+bert,2,1,0.994223767433287,True
3520,3520,1767,0,tfidf+bert,2,0,0.045085942190983955,True
3521,3521,1767,1,tfidf+bert,2,1,0.9864422345376559,True
3522,3522,1768,0,tfidf+bert,2,0,0.0068532170567181284,True
3523,3523,1768,1,tfidf+bert,2,1,0.9495269931092942,True
3524,3524,1769,0,tfidf+bert,2,0,0.010769318347816918,True
3525,3525,1769,1,tfidf+bert,2,1,0.9580827159027953,True
3526,3526,1770,0,tfidf+bert,2,0,0.0007250112420934291,True
3527,3527,1770,1,tfidf+bert,2,1,0.9967832180375967,True
3528,3528,1771,0,tfidf+bert,2,0,0.0019034285714371571,True
3529,3529,1771,1,tfidf+bert,2,1,0.9940619168422825,True
3530,3530,1772,0,tfidf+bert,2,0,0.20527379688104738,True
3531,3531,1772,1,tfidf+bert,2,1,0.9957264915000481,True
3532,3532,1773,0,tfidf+bert,2,0,0.029642484131525457,True
3533,3533,1773,1,tfidf+bert,2,1,0.9050502001986007,True
3534,3534,1774,0,tfidf+bert,2,1,0.6044185414249119,False
3535,3535,1774,1,tfidf+bert,2,1,0.9813076432357374,True
3536,3536,1775,0,tfidf+bert,2,0,0.005334303060027434,True
3537,3537,1775,1,tfidf+bert,2,1,0.9975575054897496,True
3538,3538,1776,0,tfidf+bert,2,0,0.0006309272694617354,True
3539,3539,1776,1,tfidf+bert,2,1,0.9926751747501281,True
3540,3540,1777,0,tfidf+bert,2,0,0.0008480401589878595,True
3541,3541,1777,1,tfidf+bert,2,1,0.9977887929045464,True
3542,3542,1778,0,tfidf+bert,2,0,0.0002945953551064262,True
3543,3543,1778,1,tfidf+bert,2,0,0.1459581556518399,False
3544,3544,1779,0,tfidf+bert,2,0,0.005863511119513938,True
3545,3545,1779,1,tfidf+bert,2,1,0.951432381760945,True
3546,3546,1780,0,tfidf+bert,2,0,0.0002570502047247815,True
3547,3547,1780,1,tfidf+bert,2,1,0.9983523259999634,True
3548,3548,1781,0,tfidf+bert,2,0,0.029184993807545294,True
3549,3549,1781,1,tfidf+bert,2,1,0.9208085554669381,True
3550,3550,1782,0,tfidf+bert,2,0,0.014294057178746067,True
3551,3551,1782,1,tfidf+bert,2,1,0.9844090373247603,True
3552,3552,1783,0,tfidf+bert,2,0,0.007695253943288337,True
3553,3553,1783,1,tfidf+bert,2,1,0.7061836561859176,True
3554,3554,1784,0,tfidf+bert,2,0,0.09932300784352469,True
3555,3555,1784,1,tfidf+bert,2,1,0.7634819429496174,True
3556,3556,1785,0,tfidf+bert,2,0,0.0015013559732184017,True
3557,3557,1785,1,tfidf+bert,2,1,0.9161419145065728,True
3558,3558,1786,0,tfidf+bert,2,0,0.29065477942894286,True
3559,3559,1786,1,tfidf+bert,2,1,0.9923721908483606,True
3560,3560,1787,0,tfidf+bert,2,0,0.008928394219985876,True
3561,3561,1787,1,tfidf+bert,2,1,0.9405920001847141,True
3562,3562,1788,0,tfidf+bert,2,1,0.6650857647509228,False
3563,3563,1788,1,tfidf+bert,2,1,0.9090162415958557,True
3564,3564,1789,0,tfidf+bert,2,0,0.002475431475849387,True
3565,3565,1789,1,tfidf+bert,2,1,0.9875748019136716,True
3566,3566,1790,0,tfidf+bert,2,0,0.022606527691714142,True
3567,3567,1790,1,tfidf+bert,2,1,0.9998615086205004,True
3568,3568,1791,0,tfidf+bert,2,0,0.0010608393594063298,True
3569,3569,1791,1,tfidf+bert,2,1,0.9944553027572215,True
3570,3570,1792,0,tfidf+bert,2,0,0.012944798074161509,True
3571,3571,1792,1,tfidf+bert,2,1,0.9939570459819155,True
3572,3572,1793,0,tfidf+bert,2,1,0.5624474844226285,False
3573,3573,1793,1,tfidf+bert,2,1,0.9971312480317202,True
3574,3574,1794,0,tfidf+bert,2,0,0.0007293557641378363,True
3575,3575,1794,1,tfidf+bert,2,0,0.48255943033431437,False
3576,3576,1795,0,tfidf+bert,2,0,0.009410522749706034,True
3577,3577,1795,1,tfidf+bert,2,1,0.9055761733830983,True
3578,3578,1796,0,tfidf+bert,2,0,0.006012656110062546,True
3579,3579,1796,1,tfidf+bert,2,1,0.9809147409444118,True
3580,3580,1797,0,tfidf+bert,2,0,0.014616107574242821,True
3581,3581,1797,1,tfidf+bert,2,1,0.9936982481055073,True
3582,3582,1798,0,tfidf+bert,2,0,0.028075704375200915,True
3583,3583,1798,1,tfidf+bert,2,1,0.9967878356590543,True
3584,3584,1799,0,tfidf+bert,2,0,0.006692072608032433,True
3585,3585,1799,1,tfidf+bert,2,1,0.996827024663292,True
3586,3586,1800,0,tfidf+bert,2,0,0.03441349098919308,True
3587,3587,1800,1,tfidf+bert,2,1,0.9983544054960269,True
3588,3588,1801,0,tfidf+bert,2,0,0.006531247064670854,True
3589,3589,1801,1,tfidf+bert,2,1,0.9654536116584012,True
3590,3590,1802,0,tfidf+bert,2,0,0.0037323732540841107,True
3591,3591,1802,1,tfidf+bert,2,1,0.9897121121040209,True
3592,3592,1803,0,tfidf+bert,2,0,0.004805712662027521,True
3593,3593,1803,1,tfidf+bert,2,1,0.9992408809149697,True
3594,3594,1804,0,tfidf+bert,2,0,0.036121337752967504,True
3595,3595,1804,1,tfidf+bert,2,1,0.997762208121295,True
3596,3596,1805,0,tfidf+bert,2,0,0.19253008624591914,True
3597,3597,1805,1,tfidf+bert,2,1,0.999279037540693,True
3598,3598,1806,0,tfidf+bert,2,0,0.24800938188116597,True
3599,3599,1806,1,tfidf+bert,2,1,0.9684666350751534,True
3600,3600,1807,0,tfidf+bert,2,0,0.12207483444012683,True
3601,3601,1807,1,tfidf+bert,2,1,0.9990549692482659,True
3602,3602,1808,0,tfidf+bert,2,0,0.37399647276379305,True
3603,3603,1808,1,tfidf+bert,2,1,0.9958276496673345,True
3604,3604,1809,0,tfidf+bert,2,0,0.05669633098732104,True
3605,3605,1809,1,tfidf+bert,2,0,0.3149160265869091,False
3606,3606,1810,0,tfidf+bert,2,0,0.015865193812521442,True
3607,3607,1810,1,tfidf+bert,2,1,0.9970185142615896,True
3608,3608,1811,0,tfidf+bert,2,0,0.016588368504539548,True
3609,3609,1811,1,tfidf+bert,2,1,0.9981670551466225,True
3610,3610,1812,0,tfidf+bert,2,0,0.004413215077199565,True
3611,3611,1812,1,tfidf+bert,2,1,0.9944999634980827,True
3612,3612,1813,0,tfidf+bert,2,1,0.8834009773179882,False
3613,3613,1813,1,tfidf+bert,2,1,0.9971934040759688,True
3614,3614,1814,0,tfidf+bert,2,0,0.007465404869574447,True
3615,3615,1814,1,tfidf+bert,2,1,0.9245300215482412,True
3616,3616,1815,0,tfidf+bert,2,0,0.002290143234497728,True
3617,3617,1815,1,tfidf+bert,2,1,0.9966366217944996,True
3618,3618,1816,0,tfidf+bert,2,0,0.029394764108403474,True
3619,3619,1816,1,tfidf+bert,2,1,0.9744311705835438,True
3620,3620,1817,0,tfidf+bert,2,0,0.0024645483159301154,True
3621,3621,1817,1,tfidf+bert,2,1,0.9895172209035136,True
3622,3622,1818,0,tfidf+bert,2,0,0.016847828159656044,True
3623,3623,1818,1,tfidf+bert,2,1,0.9995479035084075,True
3624,3624,1819,0,tfidf+bert,2,0,0.07973964123312594,True
3625,3625,1819,1,tfidf+bert,2,1,0.9956014520403993,True
3626,3626,1820,0,tfidf+bert,2,0,0.028119999067511784,True
3627,3627,1820,1,tfidf+bert,2,1,0.998238248824059,True
3628,3628,1821,0,tfidf+bert,2,1,0.5039102064655029,False
3629,3629,1821,1,tfidf+bert,2,1,0.9145098982445508,True
3630,3630,1822,0,tfidf+bert,2,0,0.00244365914400382,True
3631,3631,1822,1,tfidf+bert,2,1,0.9439664421112038,True
3632,3632,1823,0,tfidf+bert,2,0,0.0001923486849380067,True
3633,3633,1823,1,tfidf+bert,2,1,0.5977616882126799,True
3634,3634,1824,0,tfidf+bert,2,0,0.3298943644129088,True
3635,3635,1824,1,tfidf+bert,2,1,0.9926113830451041,True
3636,3636,1825,0,tfidf+bert,2,0,0.004878979560823913,True
3637,3637,1825,1,tfidf+bert,2,1,0.9703682956575893,True
3638,3638,1826,0,tfidf+bert,2,0,0.001156680416087651,True
3639,3639,1826,1,tfidf+bert,2,1,0.9940580243087096,True
3640,3640,1827,0,tfidf+bert,2,0,0.0018377549790945802,True
3641,3641,1827,1,tfidf+bert,2,0,0.02331781866773313,False
3642,3642,1828,0,tfidf+bert,2,0,0.04792912704106184,True
3643,3643,1828,1,tfidf+bert,2,1,0.99148363576687,True
3644,3644,1829,0,tfidf+bert,2,0,0.009967537318835248,True
3645,3645,1829,1,tfidf+bert,2,1,0.9771111493401718,True
3646,3646,1830,0,tfidf+bert,2,0,0.02424467044312968,True
3647,3647,1830,1,tfidf+bert,2,1,0.9782009231748617,True
3648,3648,1831,0,tfidf+bert,2,0,0.00870739145899839,True
3649,3649,1831,1,tfidf+bert,2,1,0.9989359789799327,True
3650,3650,1832,0,tfidf+bert,2,0,0.053465817107677095,True
3651,3651,1832,1,tfidf+bert,2,1,0.9760623096001986,True
3652,3652,1833,0,tfidf+bert,2,0,0.004145947552231446,True
3653,3653,1833,1,tfidf+bert,2,1,0.9688974851337371,True
3654,3654,1834,0,tfidf+bert,2,0,0.025866755867328773,True
3655,3655,1834,1,tfidf+bert,2,1,0.897223396826203,True
3656,3656,1835,0,tfidf+bert,2,0,0.0021184869171544402,True
3657,3657,1835,1,tfidf+bert,2,1,0.9958169937483451,True
3658,3658,1836,0,tfidf+bert,2,0,0.015540419487961574,True
3659,3659,1836,1,tfidf+bert,2,1,0.9875112454564939,True
3660,3660,1837,0,tfidf+bert,2,0,0.33970712811318216,True
3661,3661,1837,1,tfidf+bert,2,1,0.9975186586810005,True
3662,3662,1838,0,tfidf+bert,2,0,0.009629979335121785,True
3663,3663,1838,1,tfidf+bert,2,1,0.9947653427815804,True
3664,3664,1839,0,tfidf+bert,2,0,0.3857132349340978,True
3665,3665,1839,1,tfidf+bert,2,1,0.8724958683471142,True
3666,3666,1840,0,tfidf+bert,2,0,0.008650305221332744,True
3667,3667,1840,1,tfidf+bert,2,1,0.946672958319056,True
3668,3668,1841,0,tfidf+bert,2,0,0.001613680368917806,True
3669,3669,1841,1,tfidf+bert,2,1,0.9779633934684772,True
3670,3670,1842,0,tfidf+bert,2,0,0.003113303087688087,True
3671,3671,1842,1,tfidf+bert,2,1,0.9958744442852038,True
3672,3672,1843,0,tfidf+bert,2,0,0.00720023931224176,True
3673,3673,1843,1,tfidf+bert,2,1,0.9952192910577851,True
3674,3674,1844,0,tfidf+bert,2,0,0.007443264870601134,True
3675,3675,1844,1,tfidf+bert,2,1,0.9701477436387752,True
3676,3676,1845,0,tfidf+bert,2,0,0.020448108504146304,True
3677,3677,1845,1,tfidf+bert,2,1,0.9980937124204693,True
3678,3678,1846,0,tfidf+bert,2,0,0.09273759054755785,True
3679,3679,1846,1,tfidf+bert,2,1,0.9969521102285647,True
3680,3680,1847,0,tfidf+bert,2,0,0.022169782144381905,True
3681,3681,1847,1,tfidf+bert,2,1,0.9893602001088834,True
3682,3682,1848,0,tfidf+bert,2,0,0.008844874680270037,True
3683,3683,1848,1,tfidf+bert,2,1,0.9886701960360362,True
3684,3684,1849,0,tfidf+bert,2,0,0.02039799376116925,True
3685,3685,1849,1,tfidf+bert,2,1,0.9380731233670352,True
3686,3686,1850,0,tfidf+bert,2,0,0.007513590728534771,True
3687,3687,1850,1,tfidf+bert,2,0,0.03035118932933811,False
3688,3688,1851,0,tfidf+bert,2,0,0.00594822091733115,True
3689,3689,1851,1,tfidf+bert,2,1,0.7873587015401619,True
3690,3690,1852,0,tfidf+bert,2,0,0.001778279632694121,True
3691,3691,1852,1,tfidf+bert,2,1,0.9377911098959844,True
3692,3692,1853,0,tfidf+bert,2,0,0.16418783400264553,True
3693,3693,1853,1,tfidf+bert,2,1,0.959782284352239,True
3694,3694,1854,0,tfidf+bert,2,0,0.024480407441077275,True
3695,3695,1854,1,tfidf+bert,2,1,0.9782489429993366,True
3696,3696,1855,0,tfidf+bert,2,0,0.0004175429570165128,True
3697,3697,1855,1,tfidf+bert,2,1,0.9989384902753103,True
3698,3698,1856,0,tfidf+bert,2,0,0.008837121254786208,True
3699,3699,1856,1,tfidf+bert,2,1,0.9774992783050763,True
3700,3700,1857,0,tfidf+bert,2,0,0.0007856645244277637,True
3701,3701,1857,1,tfidf+bert,2,1,0.9996441495509751,True
3702,3702,1858,0,tfidf+bert,2,0,0.020980696629492965,True
3703,3703,1858,1,tfidf+bert,2,1,0.9776598427233099,True
3704,3704,1859,0,tfidf+bert,2,0,0.19267146759093867,True
3705,3705,1859,1,tfidf+bert,2,1,0.976676321832438,True
3706,3706,1860,0,tfidf+bert,2,0,0.001201000502438814,True
3707,3707,1860,1,tfidf+bert,2,0,0.0021008695035174873,False
3708,3708,1861,0,tfidf+bert,2,0,0.0007006300939370424,True
3709,3709,1861,1,tfidf+bert,2,1,0.9576112901918961,True
3710,3710,1862,0,tfidf+bert,2,0,0.008646270821282855,True
3711,3711,1862,1,tfidf+bert,2,1,0.9980504135607834,True
3712,3712,1863,0,tfidf+bert,2,0,0.237233026316044,True
3713,3713,1863,1,tfidf+bert,2,1,0.987910063965152,True
3714,3714,1864,0,tfidf+bert,2,0,0.012722131537755385,True
3715,3715,1864,1,tfidf+bert,2,1,0.9848636580461202,True
3716,3716,1865,0,tfidf+bert,2,0,0.10841097677065713,True
3717,3717,1865,1,tfidf+bert,2,1,0.9857604041590966,True
3718,3718,1866,0,tfidf+bert,2,0,0.008184511769511781,True
3719,3719,1866,1,tfidf+bert,2,1,0.9908159966654331,True
3720,3720,1867,0,tfidf+bert,2,0,0.29711020341293537,True
3721,3721,1867,1,tfidf+bert,2,0,0.15457856616550697,False
3722,3722,1868,0,tfidf+bert,2,0,0.027593981730398558,True
3723,3723,1868,1,tfidf+bert,2,1,0.999642168255703,True
3724,3724,1869,0,tfidf+bert,2,0,0.13099426406593728,True
3725,3725,1869,1,tfidf+bert,2,1,0.9659896759398416,True
3726,3726,1870,0,tfidf+bert,2,0,0.0004268341845023666,True
3727,3727,1870,1,tfidf+bert,2,1,0.9929224414442837,True
3728,3728,1871,0,tfidf+bert,2,0,0.016125192894050736,True
3729,3729,1871,1,tfidf+bert,2,1,0.9894450690498764,True
3730,3730,1872,0,tfidf+bert,2,0,0.41101374135571855,True
3731,3731,1872,1,tfidf+bert,2,1,0.9528315398665885,True
3732,3732,1873,0,tfidf+bert,2,0,0.0002835959683333531,True
3733,3733,1873,1,tfidf+bert,2,1,0.996686242601724,True
3734,3734,1874,0,tfidf+bert,2,0,0.0013694236925543045,True
3735,3735,1874,1,tfidf+bert,2,1,0.9972588720546844,True
3736,3736,1875,0,tfidf+bert,2,0,0.0023532124035451525,True
3737,3737,1875,1,tfidf+bert,2,1,0.9415893008083193,True
3738,3738,1876,0,tfidf+bert,2,0,0.004856225173564124,True
3739,3739,1876,1,tfidf+bert,2,1,0.9964937788962397,True
3740,3740,1877,0,tfidf+bert,2,0,0.11040552785177309,True
3741,3741,1877,1,tfidf+bert,2,1,0.9960222016949323,True
3742,3742,1878,0,tfidf+bert,2,0,0.0005517239236393314,True
3743,3743,1878,1,tfidf+bert,2,1,0.9891908188208627,True
3744,3744,1879,0,tfidf+bert,2,0,0.14958393523519223,True
3745,3745,1879,1,tfidf+bert,2,1,0.8579212139928926,True
3746,3746,1880,0,tfidf+bert,2,0,0.0028556796054427435,True
3747,3747,1880,1,tfidf+bert,2,1,0.8993182565271363,True
3748,3748,1881,0,tfidf+bert,2,0,0.01469329931077466,True
3749,3749,1881,1,tfidf+bert,2,1,0.9521198231523793,True
3750,3750,1882,0,tfidf+bert,2,0,0.10357876040679447,True
3751,3751,1882,1,tfidf+bert,2,1,0.9987036794152436,True
3752,3752,1883,0,tfidf+bert,2,0,0.0020269564658512112,True
3753,3753,1883,1,tfidf+bert,2,1,0.9938900746526108,True
3754,3754,1884,0,tfidf+bert,2,0,0.02680039028912868,True
3755,3755,1884,1,tfidf+bert,2,1,0.9987291889997937,True
3756,3756,1885,0,tfidf+bert,2,0,0.02042327542741234,True
3757,3757,1885,1,tfidf+bert,2,1,0.99538608543064,True
3758,3758,1886,0,tfidf+bert,2,0,0.00020377956498639484,True
3759,3759,1886,1,tfidf+bert,2,1,0.8489373433801192,True
3760,3760,1887,0,tfidf+bert,2,0,0.004618683547965094,True
3761,3761,1887,1,tfidf+bert,2,1,0.988142854871601,True
3762,3762,1888,0,tfidf+bert,2,0,0.12964549585598623,True
3763,3763,1888,1,tfidf+bert,2,1,0.9992482028412233,True
3764,3764,1889,0,tfidf+bert,2,0,0.012468446277110763,True
3765,3765,1889,1,tfidf+bert,2,1,0.9992290027205998,True
3766,3766,1890,0,tfidf+bert,2,0,0.0009608078609241813,True
3767,3767,1890,1,tfidf+bert,2,1,0.9971055421774943,True
3768,3768,1891,0,tfidf+bert,2,0,0.07806181986971944,True
3769,3769,1891,1,tfidf+bert,2,1,0.9640560057686574,True
3770,3770,1892,0,tfidf+bert,2,0,0.21179888096255997,True
3771,3771,1892,1,tfidf+bert,2,1,0.9963087552513068,True
3772,3772,1893,0,tfidf+bert,2,0,0.01302348803056781,True
3773,3773,1893,1,tfidf+bert,2,1,0.9764037183838371,True
3774,3774,1894,0,tfidf+bert,2,0,0.05939319655165047,True
3775,3775,1894,1,tfidf+bert,2,1,0.9294182420521406,True
3776,3776,1895,0,tfidf+bert,2,0,0.0003875990650194371,True
3777,3777,1895,1,tfidf+bert,2,1,0.9840344198906055,True
3778,3778,1896,0,tfidf+bert,2,0,0.4235462515012594,True
3779,3779,1896,1,tfidf+bert,2,1,0.9926570658980747,True
3780,3780,1897,0,tfidf+bert,2,0,0.18140480997826855,True
3781,3781,1897,1,tfidf+bert,2,1,0.5775986271246293,True
3782,3782,1898,0,tfidf+bert,2,0,0.0864298703713653,True
3783,3783,1898,1,tfidf+bert,2,1,0.779949316300766,True
3784,3784,1899,0,tfidf+bert,2,0,0.021027643542812873,True
3785,3785,1899,1,tfidf+bert,2,1,0.998322849242466,True
3786,3786,1900,0,tfidf+bert,2,0,0.1065304913585699,True
3787,3787,1900,1,tfidf+bert,2,1,0.9961873327851585,True
3788,3788,1901,0,tfidf+bert,2,0,0.004363035060011322,True
3789,3789,1901,1,tfidf+bert,2,1,0.9976063568876307,True
3790,3790,1902,0,tfidf+bert,2,0,0.11160136025771994,True
3791,3791,1902,1,tfidf+bert,2,1,0.99660894463687,True
3792,3792,1903,0,tfidf+bert,2,1,0.7937434996264676,False
3793,3793,1903,1,tfidf+bert,2,1,0.9862769533872001,True
3794,3794,1904,0,tfidf+bert,2,0,0.461859882137578,True
3795,3795,1904,1,tfidf+bert,2,1,0.9139093524485173,True
3796,3796,1905,0,tfidf+bert,2,0,0.0009679780825554484,True
3797,3797,1905,1,tfidf+bert,2,1,0.8606869093232545,True
3798,3798,1906,1,tfidf+bert,2,1,0.9977984348968901,True
3799,3799,1907,0,tfidf+bert,2,0,0.015990626000240184,True
3800,3800,1907,1,tfidf+bert,2,1,0.9303437969700354,True
3801,3801,1908,0,tfidf+bert,2,0,0.004070276764612047,True
3802,3802,1908,1,tfidf+bert,2,1,0.9916009156012395,True
3803,3803,1909,0,tfidf+bert,2,0,0.004556824271478213,True
3804,3804,1909,1,tfidf+bert,2,1,0.9863478464988683,True
3805,3805,1910,0,tfidf+bert,2,0,0.012209089170331089,True
3806,3806,1910,1,tfidf+bert,2,1,0.9959667485083658,True
3807,3807,1911,0,tfidf+bert,2,0,0.016625511778506408,True
3808,3808,1911,1,tfidf+bert,2,1,0.9464086508713007,True
3809,3809,1912,0,tfidf+bert,2,0,0.0019377101310627067,True
3810,3810,1912,1,tfidf+bert,2,1,0.6129344118238107,True
3811,3811,1913,0,tfidf+bert,2,0,0.004457590980315254,True
3812,3812,1913,1,tfidf+bert,2,1,0.9972747910179615,True
3813,3813,1914,0,tfidf+bert,2,0,0.030550480392691294,True
3814,3814,1914,1,tfidf+bert,2,1,0.9821697909913114,True
3815,3815,1915,0,tfidf+bert,2,0,0.06506866899237745,True
3816,3816,1915,1,tfidf+bert,2,1,0.9974551805735544,True
3817,3817,1916,0,tfidf+bert,2,0,0.0010700789738148804,True
3818,3818,1916,1,tfidf+bert,2,1,0.9930320700262076,True
3819,3819,1917,0,tfidf+bert,2,0,0.059014346781279856,True
3820,3820,1917,1,tfidf+bert,2,1,0.9829476030794151,True
3821,3821,1918,0,tfidf+bert,2,0,0.0002993861620487311,True
3822,3822,1918,1,tfidf+bert,2,1,0.9738789241650183,True
3823,3823,1919,0,tfidf+bert,2,0,0.001520423877520779,True
3824,3824,1919,1,tfidf+bert,2,1,0.9784155551228998,True
3825,3825,1920,0,tfidf+bert,2,0,0.009079350694669829,True
3826,3826,1920,1,tfidf+bert,2,1,0.9979214148353982,True
3827,3827,1921,0,tfidf+bert,2,0,0.001945219999306504,True
3828,3828,1921,1,tfidf+bert,2,1,0.9503295501717003,True
3829,3829,1922,0,tfidf+bert,2,0,0.01697935526334288,True
3830,3830,1922,1,tfidf+bert,2,1,0.9950781061489169,True
3831,3831,1923,0,tfidf+bert,2,0,0.001745660929308855,True
3832,3832,1923,1,tfidf+bert,2,1,0.9921533484529221,True
3833,3833,1924,0,tfidf+bert,2,0,0.03480418155009949,True
3834,3834,1924,1,tfidf+bert,2,1,0.9985172233105774,True
3835,3835,1925,0,tfidf+bert,2,0,0.002569452911026194,True
3836,3836,1925,1,tfidf+bert,2,1,0.9973763254888303,True
3837,3837,1926,0,tfidf+bert,2,0,8.777736984361484e-05,True
3838,3838,1926,1,tfidf+bert,2,1,0.9805850793634171,True
3839,3839,1927,0,tfidf+bert,2,0,0.1649053702737702,True
3840,3840,1927,1,tfidf+bert,2,1,0.9950201016961443,True
3841,3841,1928,0,tfidf+bert,2,0,0.003394978781617435,True
3842,3842,1928,1,tfidf+bert,2,1,0.5705069054418058,True
3843,3843,1929,0,tfidf+bert,2,0,0.004315287181206575,True
3844,3844,1929,1,tfidf+bert,2,1,0.9997417858612639,True
3845,3845,1930,0,tfidf+bert,2,0,0.004978244917628338,True
3846,3846,1930,1,tfidf+bert,2,1,0.7592213309063117,True
3847,3847,1931,0,tfidf+bert,2,0,0.0017325664390231573,True
3848,3848,1931,1,tfidf+bert,2,1,0.9440269613815913,True
3849,3849,1932,0,tfidf+bert,2,0,0.01389608146849824,True
3850,3850,1932,1,tfidf+bert,2,1,0.9889414452259485,True
3851,3851,1933,0,tfidf+bert,2,0,0.001706282844377242,True
3852,3852,1933,1,tfidf+bert,2,1,0.9873940623389247,True
3853,3853,1934,0,tfidf+bert,2,0,0.008552380282567692,True
3854,3854,1934,1,tfidf+bert,2,1,0.9872981364045419,True
3855,3855,1935,0,tfidf+bert,2,0,0.07631566058465208,True
3856,3856,1935,1,tfidf+bert,2,1,0.9933218378271229,True
3857,3857,1936,0,tfidf+bert,2,0,0.1520404203645604,True
3858,3858,1936,1,tfidf+bert,2,1,0.9972145338394692,True
3859,3859,1937,0,tfidf+bert,2,0,0.023290566070972685,True
3860,3860,1937,1,tfidf+bert,2,1,0.9956045722810589,True
3861,3861,1938,0,tfidf+bert,2,0,0.13600600301516091,True
3862,3862,1938,1,tfidf+bert,2,1,0.997640998252897,True
3863,3863,1939,0,tfidf+bert,2,0,0.003938433028468472,True
3864,3864,1939,1,tfidf+bert,2,1,0.7038770998827779,True
3865,3865,1940,0,tfidf+bert,2,1,0.7387020462416233,False
3866,3866,1940,1,tfidf+bert,2,1,0.9593133087705993,True
3867,3867,1941,0,tfidf+bert,2,0,0.26350441985086653,True
3868,3868,1941,1,tfidf+bert,2,1,0.998564625216363,True
3869,3869,1942,0,tfidf+bert,2,0,0.053131816199391516,True
3870,3870,1942,1,tfidf+bert,2,1,0.8933975122016394,True
3871,3871,1943,0,tfidf+bert,2,0,0.0072881936422827,True
3872,3872,1943,1,tfidf+bert,2,1,0.98614258747654,True
3873,3873,1944,0,tfidf+bert,2,0,0.1886838685568832,True
3874,3874,1944,1,tfidf+bert,2,1,0.9977809102462196,True
3875,3875,1945,0,tfidf+bert,2,0,0.0020320437648704646,True
3876,3876,1945,1,tfidf+bert,2,1,0.9044621509886729,True
3877,3877,1946,0,tfidf+bert,2,0,0.034596561272893615,True
3878,3878,1946,1,tfidf+bert,2,1,0.9946025284223999,True
3879,3879,1947,0,tfidf+bert,2,0,0.010063340311521713,True
3880,3880,1947,1,tfidf+bert,2,1,0.9990283629333644,True
3881,3881,1948,0,tfidf+bert,2,0,0.0027991947177448094,True
3882,3882,1948,1,tfidf+bert,2,1,0.9980215771966848,True
3883,3883,1949,0,tfidf+bert,2,0,0.002496630795276082,True
3884,3884,1949,1,tfidf+bert,2,1,0.9955329504746037,True
3885,3885,1950,0,tfidf+bert,2,0,0.0016210998600829439,True
3886,3886,1950,1,tfidf+bert,2,1,0.9607983756704112,True
3887,3887,1951,0,tfidf+bert,2,0,0.011882200785293541,True
3888,3888,1951,1,tfidf+bert,2,1,0.996620032234981,True
3889,3889,1952,0,tfidf+bert,2,0,0.03613863904892228,True
3890,3890,1952,1,tfidf+bert,2,1,0.9911091690635833,True
3891,3891,1953,0,tfidf+bert,2,0,0.0019932529470634607,True
3892,3892,1953,1,tfidf+bert,2,1,0.9900004659987423,True
3893,3893,1954,0,tfidf+bert,2,0,0.02602435612637135,True
3894,3894,1954,1,tfidf+bert,2,1,0.9018300389157905,True
3895,3895,1955,0,tfidf+bert,2,0,0.009219132666116155,True
3896,3896,1955,1,tfidf+bert,2,1,0.9178340686798468,True
3897,3897,1956,0,tfidf+bert,2,0,0.07550559216267355,True
3898,3898,1956,1,tfidf+bert,2,1,0.9894452851857948,True
3899,3899,1957,0,tfidf+bert,2,0,0.015197136513493976,True
3900,3900,1957,1,tfidf+bert,2,1,0.9803294617615105,True
3901,3901,1958,0,tfidf+bert,2,0,0.0027340749659428435,True
3902,3902,1958,1,tfidf+bert,2,1,0.9911518609863043,True
3903,3903,1959,0,tfidf+bert,2,0,0.0013542315036482178,True
3904,3904,1959,1,tfidf+bert,2,1,0.931147328937474,True
3905,3905,1960,0,tfidf+bert,2,0,0.057824089730873614,True
3906,3906,1960,1,tfidf+bert,2,1,0.9978433335173299,True
3907,3907,1961,0,tfidf+bert,2,0,0.009454243000659066,True
3908,3908,1961,1,tfidf+bert,2,1,0.9877561820129459,True
3909,3909,1962,0,tfidf+bert,2,0,0.15916887438584582,True
3910,3910,1962,1,tfidf+bert,2,0,0.33738910776870873,False
3911,3911,1963,0,tfidf+bert,2,0,0.0010906300028456688,True
3912,3912,1963,1,tfidf+bert,2,1,0.9974988671459907,True
3913,3913,1964,0,tfidf+bert,2,0,0.004584914270190616,True
3914,3914,1964,1,tfidf+bert,2,1,0.9939848272724736,True
3915,3915,1965,0,tfidf+bert,2,0,0.01533124097973613,True
3916,3916,1965,1,tfidf+bert,2,1,0.9650755935294734,True
3917,3917,1966,0,tfidf+bert,2,0,0.02000047733918816,True
3918,3918,1966,1,tfidf+bert,2,1,0.999804307623756,True
3919,3919,1967,0,tfidf+bert,2,0,0.12645453567020795,True
3920,3920,1967,1,tfidf+bert,2,1,0.9973980746269306,True
3921,3921,1968,0,tfidf+bert,2,0,0.017559133480465478,True
3922,3922,1968,1,tfidf+bert,2,1,0.7155753083754899,True
3923,3923,1969,0,tfidf+bert,2,0,0.001197081845551774,True
3924,3924,1969,1,tfidf+bert,2,1,0.9871813188947045,True
3925,3925,1970,0,tfidf+bert,2,0,0.011730976508711698,True
3926,3926,1970,1,tfidf+bert,2,1,0.9628993361791385,True
3927,3927,1971,0,tfidf+bert,2,0,0.0005494690119522321,True
3928,3928,1971,1,tfidf+bert,2,1,0.6500348649764471,True
3929,3929,1972,0,tfidf+bert,2,0,0.035312439058913916,True
3930,3930,1972,1,tfidf+bert,2,1,0.9927781272285878,True
3931,3931,1973,0,tfidf+bert,2,0,0.05976176674978003,True
3932,3932,1973,1,tfidf+bert,2,1,0.9960522985854146,True
3933,3933,1974,0,tfidf+bert,2,0,0.002342755117815157,True
3934,3934,1974,1,tfidf+bert,2,1,0.656235278317623,True
3935,3935,1975,0,tfidf+bert,2,0,0.0198268075277705,True
3936,3936,1975,1,tfidf+bert,2,1,0.8438536015175837,True
3937,3937,1976,0,tfidf+bert,2,0,0.002933442290313057,True
3938,3938,1976,1,tfidf+bert,2,1,0.9900740402044912,True
3939,3939,1977,0,tfidf+bert,2,0,0.010212096729573636,True
3940,3940,1977,1,tfidf+bert,2,1,0.9559104775607102,True
3941,3941,1978,0,tfidf+bert,2,0,0.026285895942458306,True
3942,3942,1978,1,tfidf+bert,2,1,0.9839909541803141,True
3943,3943,1979,0,tfidf+bert,2,0,0.004423250494104859,True
3944,3944,1979,1,tfidf+bert,2,1,0.9976553594965959,True
3945,3945,1980,0,tfidf+bert,2,0,0.09588065929778337,True
3946,3946,1980,1,tfidf+bert,2,1,0.9984328944463098,True
3947,3947,1981,0,tfidf+bert,2,0,0.004036826662181336,True
3948,3948,1981,1,tfidf+bert,2,1,0.9972569380864819,True
3949,3949,1982,0,tfidf+bert,2,0,0.03430878079708559,True
3950,3950,1982,1,tfidf+bert,2,1,0.9944065085396132,True
3951,3951,1983,0,tfidf+bert,2,0,0.00038460897158203644,True
3952,3952,1983,1,tfidf+bert,2,1,0.98271574932572,True
3953,3953,1984,0,tfidf+bert,2,0,0.007724655058582455,True
3954,3954,1984,1,tfidf+bert,2,1,0.8677871046041646,True
3955,3955,1985,0,tfidf+bert,2,0,0.015478569418413815,True
3956,3956,1985,1,tfidf+bert,2,1,0.8309305577914481,True
3957,3957,1986,0,tfidf+bert,2,0,0.005900663938241763,True
3958,3958,1986,1,tfidf+bert,2,1,0.7969687458314175,True
3959,3959,1987,0,tfidf+bert,2,0,0.004419751037333677,True
3960,3960,1987,1,tfidf+bert,2,1,0.9761142877926258,True
3961,3961,1988,0,tfidf+bert,2,0,0.0021495073513400557,True
3962,3962,1988,1,tfidf+bert,2,1,0.9456785498281486,True
3963,3963,1989,0,tfidf+bert,2,0,0.00323230187462,True
3964,3964,1989,1,tfidf+bert,2,1,0.9988578687965322,True
3965,3965,1990,0,tfidf+bert,2,0,0.035955383859215775,True
3966,3966,1990,1,tfidf+bert,2,1,0.9545865849010023,True
3967,3967,1991,0,tfidf+bert,2,0,0.004118814969465386,True
3968,3968,1991,1,tfidf+bert,2,1,0.9952169171231897,True
3969,3969,1992,0,tfidf+bert,2,0,0.13579166248766744,True
3970,3970,1992,1,tfidf+bert,2,1,0.9387836822306632,True
3971,3971,1993,0,tfidf+bert,2,0,0.0030682120170770913,True
3972,3972,1993,1,tfidf+bert,2,1,0.6970798504417985,True
3973,3973,1994,0,tfidf+bert,2,0,0.0016074562546316007,True
3974,3974,1994,1,tfidf+bert,2,0,0.10692180206701744,False
3975,3975,1995,0,tfidf+bert,2,0,0.0029544381327316705,True
3976,3976,1995,1,tfidf+bert,2,1,0.6368133298911375,True
3977,3977,1996,0,tfidf+bert,2,0,0.0038647403480551075,True
3978,3978,1996,1,tfidf+bert,2,1,0.9973835602030494,True
3979,3979,1997,0,tfidf+bert,2,0,0.032258704784542555,True
3980,3980,1997,1,tfidf+bert,2,1,0.9986339620918371,True
3981,3981,1998,0,tfidf+bert,2,0,0.007627464706162251,True
3982,3982,1998,1,tfidf+bert,2,1,0.9364958097901304,True
3983,3983,1999,0,tfidf+bert,2,0,0.002753640873513869,True
3984,3984,1999,1,tfidf+bert,2,1,0.9947951123712409,True
3985,3985,2000,0,tfidf+bert,2,0,0.013323746203069128,True
3986,3986,2000,1,tfidf+bert,2,1,0.9529787059727325,True
3987,3987,2001,0,tfidf+bert,2,1,0.9222768012474336,False
3988,3988,2001,1,tfidf+bert,2,1,0.9817708461930318,True
3989,3989,2002,0,tfidf+bert,2,0,0.013821381054453033,True
3990,3990,2002,1,tfidf+bert,2,1,0.9992985875306618,True
3991,3991,2003,0,tfidf+bert,2,0,0.07097850572566537,True
3992,3992,2003,1,tfidf+bert,2,1,0.9880833036941505,True
3993,3993,2004,0,tfidf+bert,2,0,0.01823162221664944,True
3994,3994,2004,1,tfidf+bert,2,1,0.9649424706866807,True
3995,3995,2005,0,tfidf+bert,2,0,0.023995362942869643,True
3996,3996,2005,1,tfidf+bert,2,1,0.9733946257440678,True
3997,3997,2006,0,tfidf+bert,2,0,0.23233919363030334,True
3998,3998,2006,1,tfidf+bert,2,1,0.9995659760666599,True
3999,3999,2007,0,tfidf+bert,2,0,0.13701284594448304,True
4000,4000,2007,1,tfidf+bert,2,1,0.9810388592398497,True
4001,4001,2008,0,tfidf+bert,2,0,0.007634380475181019,True
4002,4002,2008,1,tfidf+bert,2,1,0.660801948705756,True
4003,4003,2009,0,tfidf+bert,2,0,0.005324970202007852,True
4004,4004,2009,1,tfidf+bert,2,1,0.9811470177893991,True
4005,4005,2010,0,tfidf+bert,2,0,0.02109140755477456,True
4006,4006,2010,1,tfidf+bert,2,1,0.9870262679611352,True
4007,4007,2011,0,tfidf+bert,2,0,0.015411526306163626,True
4008,4008,2011,1,tfidf+bert,2,1,0.9536238666743372,True
4009,4009,2012,0,tfidf+bert,2,0,0.3775829462308958,True
4010,4010,2012,1,tfidf+bert,2,1,0.9925713207273354,True
4011,4011,2013,0,tfidf+bert,2,0,0.0004684528559949214,True
4012,4012,2013,1,tfidf+bert,2,1,0.9752094915028715,True
4013,4013,2014,0,tfidf+bert,2,0,0.0063976979777059795,True
4014,4014,2014,1,tfidf+bert,2,1,0.9977916651900884,True
4015,4015,2015,0,tfidf+bert,2,0,0.39503882844260585,True
4016,4016,2015,1,tfidf+bert,2,1,0.997396463069536,True
4017,4017,2016,0,tfidf+bert,2,0,0.0013455746392092422,True
4018,4018,2016,1,tfidf+bert,2,1,0.9056952501887313,True
4019,4019,2017,0,tfidf+bert,2,0,0.004111281504352994,True
4020,4020,2017,1,tfidf+bert,2,1,0.9929485554706334,True
4021,4021,2018,0,tfidf+bert,2,0,0.052317349522769015,True
4022,4022,2018,1,tfidf+bert,2,1,0.998299179350921,True
4023,4023,2019,0,tfidf+bert,2,0,0.016950742654485474,True
4024,4024,2019,1,tfidf+bert,2,1,0.9073268098333326,True
4025,4025,2020,0,tfidf+bert,2,0,0.27984083784665065,True
4026,4026,2020,1,tfidf+bert,2,1,0.8018220496182263,True
4027,4027,2021,0,tfidf+bert,2,0,0.01396129803522075,True
4028,4028,2021,1,tfidf+bert,2,1,0.9383722193699995,True
4029,4029,2022,0,tfidf+bert,2,0,5.2462426467008416e-05,True
4030,4030,2022,1,tfidf+bert,2,1,0.9971694408710077,True
4031,4031,2023,0,tfidf+bert,2,0,0.0080136433560453,True
4032,4032,2023,1,tfidf+bert,2,1,0.966997663334972,True
4033,4033,2024,0,tfidf+bert,2,0,0.01844037989843005,True
4034,4034,2024,1,tfidf+bert,2,1,0.9997270004725279,True
4035,4035,2025,0,tfidf+bert,2,0,0.0018709898058022639,True
4036,4036,2025,1,tfidf+bert,2,1,0.8734517977370758,True
4037,4037,2026,0,tfidf+bert,2,1,0.7355774936408819,False
4038,4038,2026,1,tfidf+bert,2,1,0.9940365023107369,True
4039,4039,2027,0,tfidf+bert,2,0,0.01303184233916708,True
4040,4040,2027,1,tfidf+bert,2,1,0.9923550744560484,True
4041,4041,2028,0,tfidf+bert,2,0,0.009561964513513165,True
4042,4042,2028,1,tfidf+bert,2,1,0.99995566146271,True
4043,4043,2029,0,tfidf+bert,2,0,0.000302364546280864,True
4044,4044,2029,1,tfidf+bert,2,1,0.9767989824018207,True
4045,4045,2030,0,tfidf+bert,2,0,0.020268788835348897,True
4046,4046,2030,1,tfidf+bert,2,1,0.8388377781730035,True
4047,4047,2031,0,tfidf+bert,2,0,0.04136640595568197,True
4048,4048,2031,1,tfidf+bert,2,1,0.9995813945554468,True
4049,4049,2032,0,tfidf+bert,2,0,0.0014750607908105935,True
4050,4050,2032,1,tfidf+bert,2,1,0.9836695836431883,True
4051,4051,2033,0,tfidf+bert,2,0,0.005645004727883334,True
4052,4052,2033,1,tfidf+bert,2,1,0.9997631504807148,True
4053,4053,2034,0,tfidf+bert,2,0,0.0016925003479935277,True
4054,4054,2034,1,tfidf+bert,2,1,0.9944450604549412,True
4055,4055,2035,0,tfidf+bert,2,0,0.0012286207315053926,True
4056,4056,2035,1,tfidf+bert,2,1,0.9809297505319413,True
4057,4057,2036,0,tfidf+bert,2,0,0.3222052442102604,True
4058,4058,2036,1,tfidf+bert,2,1,0.9989954880119207,True
4059,4059,2037,0,tfidf+bert,2,0,0.09356927154156182,True
4060,4060,2037,1,tfidf+bert,2,1,0.9924242356761497,True
4061,4061,2038,0,tfidf+bert,2,0,0.38329594793722777,True
4062,4062,2038,1,tfidf+bert,2,1,0.8351343224350246,True
4063,4063,2039,0,tfidf+bert,2,0,0.00029460545464277387,True
4064,4064,2039,1,tfidf+bert,2,1,0.996213062130266,True
4065,4065,2040,0,tfidf+bert,2,0,0.010121024144434856,True
4066,4066,2040,1,tfidf+bert,2,1,0.9991148578991578,True
4067,4067,2041,0,tfidf+bert,2,0,0.0007351156740015281,True
4068,4068,2041,1,tfidf+bert,2,1,0.9526734177208875,True
4069,4069,2042,0,tfidf+bert,2,0,0.0005245324075234079,True
4070,4070,2042,1,tfidf+bert,2,1,0.9674717173351872,True
4071,4071,2043,0,tfidf+bert,2,0,0.4154854350882203,True
4072,4072,2043,1,tfidf+bert,2,1,0.9967349207435945,True
4073,4073,2044,0,tfidf+bert,2,0,0.06199432657151229,True
4074,4074,2044,1,tfidf+bert,2,1,0.8629438146297912,True
4075,4075,2045,0,tfidf+bert,2,1,0.6833214122636778,False
4076,4076,2045,1,tfidf+bert,2,1,0.9986829557847281,True
4077,4077,2046,0,tfidf+bert,2,0,0.023019648167146148,True
4078,4078,2046,1,tfidf+bert,2,1,0.9213130583658361,True
4079,4079,2047,0,tfidf+bert,2,0,0.0006157427103819265,True
4080,4080,2047,1,tfidf+bert,2,1,0.9988902296535753,True
4081,4081,2048,0,tfidf+bert,2,0,0.031152657228939656,True
4082,4082,2048,1,tfidf+bert,2,1,0.9877903399964161,True
4083,4083,2049,0,tfidf+bert,2,0,0.005989310816515666,True
4084,4084,2049,1,tfidf+bert,2,1,0.9960975072394125,True
4085,4085,2050,0,tfidf+bert,2,0,0.003563145273481582,True
4086,4086,2050,1,tfidf+bert,2,1,0.8882074188757496,True
4087,4087,2051,0,tfidf+bert,2,0,0.006002915856627942,True
4088,4088,2051,1,tfidf+bert,2,1,0.9574181616357487,True
4089,4089,2052,0,tfidf+bert,2,0,0.006409998367479476,True
4090,4090,2052,1,tfidf+bert,2,1,0.7929666923502933,True
4091,4091,2053,0,tfidf+bert,2,0,0.05714581168242762,True
4092,4092,2053,1,tfidf+bert,2,1,0.9825421254568095,True
4093,4093,2054,0,tfidf+bert,2,1,0.539438883835297,False
4094,4094,2054,1,tfidf+bert,2,1,0.9853838072559463,True
4095,4095,2055,0,tfidf+bert,2,0,0.004120832619312577,True
4096,4096,2055,1,tfidf+bert,2,1,0.9791176201089767,True
4097,4097,2056,0,tfidf+bert,2,0,0.041943425853053655,True
4098,4098,2056,1,tfidf+bert,2,1,0.9985077265446182,True
4099,4099,2057,0,tfidf+bert,2,0,0.001614079392640467,True
4100,4100,2057,1,tfidf+bert,2,1,0.9931586769269598,True
4101,4101,2058,0,tfidf+bert,2,0,0.0018196276196220766,True
4102,4102,2058,1,tfidf+bert,2,1,0.9985729047429062,True
4103,4103,2059,0,tfidf+bert,2,0,0.024095090579251844,True
4104,4104,2059,1,tfidf+bert,2,1,0.9823868848847802,True
4105,4105,2060,0,tfidf+bert,2,0,0.011574051789843534,True
4106,4106,2060,1,tfidf+bert,2,1,0.9859296352275722,True
4107,4107,2061,0,tfidf+bert,2,0,0.08987944357000809,True
4108,4108,2061,1,tfidf+bert,2,1,0.6072977719739817,True
4109,4109,2062,0,tfidf+bert,2,0,0.00400815632695459,True
4110,4110,2062,1,tfidf+bert,2,1,0.9893407363907335,True
4111,4111,2063,0,tfidf+bert,2,0,0.004670809921720406,True
4112,4112,2063,1,tfidf+bert,2,1,0.9967636074860752,True
4113,4113,2064,0,tfidf+bert,2,0,0.04882691847080036,True
4114,4114,2064,1,tfidf+bert,2,1,0.7248993114287132,True
4115,4115,2065,0,tfidf+bert,2,1,0.6523025028117846,False
4116,4116,2065,1,tfidf+bert,2,1,0.9980150081661817,True
4117,4117,2066,0,tfidf+bert,2,0,0.0009561597150619917,True
4118,4118,2066,1,tfidf+bert,2,1,0.988617379187198,True
4119,4119,2067,0,tfidf+bert,2,0,0.0026595927680203536,True
4120,4120,2067,1,tfidf+bert,2,1,0.9654093322661818,True
4121,4121,2068,0,tfidf+bert,2,0,0.280632717661964,True
4122,4122,2068,1,tfidf+bert,2,1,0.9971154350586031,True
4123,4123,2069,0,tfidf+bert,2,0,0.26284500018443174,True
4124,4124,2069,1,tfidf+bert,2,1,0.9965015160294837,True
4125,4125,2070,0,tfidf+bert,2,0,0.06910883893094683,True
4126,4126,2070,1,tfidf+bert,2,1,0.9577136095301071,True
4127,4127,2071,0,tfidf+bert,2,0,0.08529159280542711,True
4128,4128,2071,1,tfidf+bert,2,1,0.9977450442004856,True
4129,4129,2072,0,tfidf+bert,2,0,0.02068598249005081,True
4130,4130,2072,1,tfidf+bert,2,1,0.7883296412982428,True
4131,4131,2073,0,tfidf+bert,2,0,0.001921606810048984,True
4132,4132,2073,1,tfidf+bert,2,1,0.9834022927716568,True
4133,4133,2074,0,tfidf+bert,2,0,0.018117914105290962,True
4134,4134,2074,1,tfidf+bert,2,1,0.940056327651783,True
4135,4135,2075,0,tfidf+bert,2,0,0.004843998736493464,True
4136,4136,2075,1,tfidf+bert,2,1,0.9890581414619319,True
4137,4137,2076,0,tfidf+bert,2,0,0.009170356683741148,True
4138,4138,2076,1,tfidf+bert,2,1,0.987658927691368,True
4139,4139,2077,0,tfidf+bert,2,0,0.06593201638876856,True
4140,4140,2077,1,tfidf+bert,2,1,0.9931108529696282,True
4141,4141,2078,0,tfidf+bert,2,0,0.02715944682728081,True
4142,4142,2078,1,tfidf+bert,2,1,0.9962227608070484,True
4143,4143,2079,0,tfidf+bert,2,0,0.0005755378958386914,True
4144,4144,2079,1,tfidf+bert,2,1,0.9009614112260709,True
4145,4145,2080,0,tfidf+bert,2,0,0.007751376825750542,True
4146,4146,2080,1,tfidf+bert,2,1,0.6471400727887596,True
4147,4147,2081,0,tfidf+bert,2,0,0.049485341180202654,True
4148,4148,2081,1,tfidf+bert,2,1,0.7860290667393837,True
4149,4149,2082,0,tfidf+bert,2,0,0.0985834380701457,True
4150,4150,2082,1,tfidf+bert,2,1,0.9560582396350936,True
4151,4151,2083,0,tfidf+bert,2,0,0.004288701036940155,True
4152,4152,2083,1,tfidf+bert,2,1,0.9973391366901774,True
4153,4153,2084,0,tfidf+bert,2,0,0.030834858792594108,True
4154,4154,2084,1,tfidf+bert,2,1,0.8786303947186569,True
4155,4155,2085,0,tfidf+bert,2,0,0.008429574965151811,True
4156,4156,2085,1,tfidf+bert,2,1,0.9854174827887973,True
4157,4157,2086,0,tfidf+bert,2,0,0.0013670503759274887,True
4158,4158,2086,1,tfidf+bert,2,1,0.9995715297438487,True
4159,4159,2087,0,tfidf+bert,2,0,0.013014124700394265,True
4160,4160,2087,1,tfidf+bert,2,0,0.4529192654525338,False
4161,4161,2088,0,tfidf+bert,2,0,0.0016556159630119766,True
4162,4162,2088,1,tfidf+bert,2,1,0.9986935847390722,True
4163,4163,2089,0,tfidf+bert,2,0,0.0011650111974127772,True
4164,4164,2089,1,tfidf+bert,2,1,0.9971063130497709,True
4165,4165,2090,0,tfidf+bert,2,0,0.0023049206391098052,True
4166,4166,2090,1,tfidf+bert,2,1,0.6630286979171917,True
4167,4167,2091,0,tfidf+bert,2,0,0.07008993714506674,True
4168,4168,2091,1,tfidf+bert,2,1,0.9980317321829202,True
4169,4169,2092,0,tfidf+bert,2,0,0.001747924371742131,True
4170,4170,2092,1,tfidf+bert,2,1,0.9931274853405253,True
4171,4171,2093,0,tfidf+bert,2,0,0.1405205582997023,True
4172,4172,2093,1,tfidf+bert,2,1,0.9960252763861714,True
4173,4173,2094,0,tfidf+bert,2,0,0.02338670898217027,True
4174,4174,2094,1,tfidf+bert,2,1,0.9984501610519312,True
4175,4175,2095,0,tfidf+bert,2,0,0.0004116583390387818,True
4176,4176,2095,1,tfidf+bert,2,1,0.9864701931603845,True
4177,4177,2096,0,tfidf+bert,2,0,0.0006300418985418939,True
4178,4178,2096,1,tfidf+bert,2,1,0.986523416832364,True
4179,4179,2097,0,tfidf+bert,2,0,0.0009652413430166405,True
4180,4180,2097,1,tfidf+bert,2,1,0.9968023848068214,True
4181,4181,2098,0,tfidf+bert,2,0,0.008868905754666489,True
4182,4182,2098,1,tfidf+bert,2,1,0.9297965134283138,True
4183,4183,2099,0,tfidf+bert,2,0,0.0003903538275538376,True
4184,4184,2099,1,tfidf+bert,2,1,0.9426376924649785,True
4185,4185,2100,0,tfidf+bert,2,0,0.0022501494353195243,True
4186,4186,2100,1,tfidf+bert,2,1,0.8864070335482158,True
4187,4187,2101,0,tfidf+bert,2,0,0.002921366876698102,True
4188,4188,2101,1,tfidf+bert,2,1,0.995656404092818,True
4189,4189,2102,0,tfidf+bert,2,0,0.0007844774207378277,True
4190,4190,2102,1,tfidf+bert,2,1,0.7299319659617487,True
4191,4191,2103,0,tfidf+bert,2,0,0.000468982824210788,True
4192,4192,2103,1,tfidf+bert,2,0,0.34967022146174753,False
4193,4193,2104,0,tfidf+bert,2,0,0.003731674335009011,True
4194,4194,2104,1,tfidf+bert,2,1,0.9680387988162571,True
4195,4195,2105,0,tfidf+bert,2,0,0.008720381919413683,True
4196,4196,2105,1,tfidf+bert,2,1,0.9983871311188219,True
4197,4197,2106,0,tfidf+bert,2,0,0.005303205783195143,True
4198,4198,2106,1,tfidf+bert,2,1,0.9038403163429237,True
4199,4199,2107,0,tfidf+bert,2,0,0.0027816302777483124,True
4200,4200,2107,1,tfidf+bert,2,1,0.8686419282586618,True
4201,4201,2108,0,tfidf+bert,2,0,0.0002417771561186642,True
4202,4202,2108,1,tfidf+bert,2,1,0.6774197561966467,True
4203,4203,2109,0,tfidf+bert,2,0,0.014079953713489884,True
4204,4204,2109,1,tfidf+bert,2,1,0.9656514514014897,True
4205,4205,2110,0,tfidf+bert,2,0,0.07689617208808264,True
4206,4206,2110,1,tfidf+bert,2,1,0.9147517195023778,True
4207,4207,2111,0,tfidf+bert,2,0,0.013762355580443746,True
4208,4208,2111,1,tfidf+bert,2,1,0.9943894868548633,True
4209,4209,2112,0,tfidf+bert,2,0,0.0024530683205598283,True
4210,4210,2112,1,tfidf+bert,2,1,0.9902718250404464,True
4211,4211,2113,0,tfidf+bert,2,0,0.1201313910060445,True
4212,4212,2113,1,tfidf+bert,2,1,0.9719047645309408,True
4213,4213,2114,0,tfidf+bert,2,0,0.03480150703818515,True
4214,4214,2114,1,tfidf+bert,2,1,0.6181504313661141,True
4215,4215,2115,0,tfidf+bert,2,0,0.004532737678984904,True
4216,4216,2115,1,tfidf+bert,2,1,0.9713667490953612,True
4217,4217,2116,0,tfidf+bert,2,0,0.001894249204033361,True
4218,4218,2116,1,tfidf+bert,2,1,0.9952672935575394,True
4219,4219,2117,0,tfidf+bert,2,0,0.03153312737785601,True
4220,4220,2117,1,tfidf+bert,2,1,0.9898280878242085,True
4221,4221,2118,0,tfidf+bert,2,0,0.00490179365653743,True
4222,4222,2118,1,tfidf+bert,2,1,0.9995020285739519,True
4223,4223,2119,0,tfidf+bert,2,0,0.022983658118590353,True
4224,4224,2119,1,tfidf+bert,2,1,0.9993130387566691,True
4225,4225,2120,0,tfidf+bert,2,0,0.042179019724329525,True
4226,4226,2120,1,tfidf+bert,2,1,0.9945825224158793,True
4227,4227,2121,0,tfidf+bert,2,0,0.0024041001329550738,True
4228,4228,2121,1,tfidf+bert,2,1,0.8670974168499196,True
4229,4229,2122,0,tfidf+bert,2,0,0.1061844670776854,True
4230,4230,2122,1,tfidf+bert,2,1,0.9991769616070201,True
4231,4231,2123,0,tfidf+bert,2,0,0.018591976761978872,True
4232,4232,2123,1,tfidf+bert,2,1,0.9887823351500769,True
4233,4233,2124,0,tfidf+bert,2,1,0.7378103009751382,False
4234,4234,2124,1,tfidf+bert,2,1,0.9929895099809863,True
4235,4235,2125,0,tfidf+bert,2,0,0.0076277646236853555,True
4236,4236,2125,1,tfidf+bert,2,1,0.9491339893024803,True
4237,4237,2126,0,tfidf+bert,2,0,0.08566401200558875,True
4238,4238,2126,1,tfidf+bert,2,1,0.9753390058896791,True
4239,4239,2127,0,tfidf+bert,2,0,0.024734677054499023,True
4240,4240,2127,1,tfidf+bert,2,1,0.7809364593636463,True
4241,4241,2128,0,tfidf+bert,2,1,0.5175237500413213,False
4242,4242,2128,1,tfidf+bert,2,1,0.9928893906293075,True
4243,4243,2129,0,tfidf+bert,2,0,0.0044628915644885706,True
4244,4244,2129,1,tfidf+bert,2,1,0.9307223305551985,True
4245,4245,2130,0,tfidf+bert,2,0,0.010631861992651913,True
4246,4246,2130,1,tfidf+bert,2,1,0.8888564863081693,True
4247,4247,2131,0,tfidf+bert,2,0,0.019351461089304984,True
4248,4248,2131,1,tfidf+bert,2,1,0.6842471304086502,True
4249,4249,2132,0,tfidf+bert,2,0,0.005698500668402341,True
4250,4250,2132,1,tfidf+bert,2,1,0.9980987431009417,True
4251,4251,2133,0,tfidf+bert,2,0,0.007812629217633921,True
4252,4252,2133,1,tfidf+bert,2,1,0.920144168638856,True
4253,4253,2134,0,tfidf+bert,2,0,0.0011772420376383202,True
4254,4254,2134,1,tfidf+bert,2,1,0.9912344794388456,True
4255,4255,2135,0,tfidf+bert,2,0,0.002473944182436768,True
4256,4256,2135,1,tfidf+bert,2,1,0.9959177326887922,True
4257,4257,2136,0,tfidf+bert,2,0,0.025562979580104814,True
4258,4258,2136,1,tfidf+bert,2,1,0.9998452774425943,True
4259,4259,2137,0,tfidf+bert,2,0,0.0025115254335097196,True
4260,4260,2137,1,tfidf+bert,2,1,0.9813183198392217,True
4261,4261,2138,0,tfidf+bert,2,1,0.8850268570465182,False
4262,4262,2138,1,tfidf+bert,2,1,0.9264002513964091,True
4263,4263,2139,0,tfidf+bert,2,0,0.1349978590670222,True
4264,4264,2139,1,tfidf+bert,2,1,0.998023894127047,True
4265,4265,2140,0,tfidf+bert,2,0,0.0021528771389047545,True
4266,4266,2140,1,tfidf+bert,2,1,0.9967268627404223,True
4267,4267,2141,0,tfidf+bert,2,0,0.0006522467179542423,True
4268,4268,2141,1,tfidf+bert,2,1,0.9951776700279055,True
4269,4269,2142,0,tfidf+bert,2,0,0.18044820070669998,True
4270,4270,2142,1,tfidf+bert,2,1,0.998042617201821,True
4271,4271,2143,0,tfidf+bert,2,0,0.22958588114763662,True
4272,4272,2143,1,tfidf+bert,2,1,0.9897317405244412,True
4273,4273,2144,0,tfidf+bert,2,0,0.04015868138528476,True
4274,4274,2144,1,tfidf+bert,2,1,0.924784371970082,True
4275,4275,2145,0,tfidf+bert,2,0,0.0006028640682500902,True
4276,4276,2145,1,tfidf+bert,2,1,0.9937198938324493,True
4277,4277,2146,0,tfidf+bert,2,0,0.48922364082436237,True
4278,4278,2146,1,tfidf+bert,2,1,0.9858097814979953,True
4279,4279,2147,0,tfidf+bert,2,0,0.0034699168601049404,True
4280,4280,2147,1,tfidf+bert,2,1,0.9986877847935316,True
4281,4281,2148,0,tfidf+bert,2,0,0.05450970359552139,True
4282,4282,2148,1,tfidf+bert,2,1,0.9833795236451774,True
4283,4283,2149,0,tfidf+bert,2,0,0.04966285030509996,True
4284,4284,2149,1,tfidf+bert,2,1,0.999573291321889,True
4285,4285,2150,0,tfidf+bert,2,0,0.002308191445943343,True
4286,4286,2150,1,tfidf+bert,2,1,0.9872537103909629,True
4287,4287,2151,0,tfidf+bert,2,0,0.00856782283855119,True
4288,4288,2151,1,tfidf+bert,2,1,0.9739025652111252,True
4289,4289,2152,0,tfidf+bert,2,0,0.005761780533629409,True
4290,4290,2152,1,tfidf+bert,2,1,0.9445924033586401,True
4291,4291,2153,0,tfidf+bert,2,0,0.036077435716209666,True
4292,4292,2153,1,tfidf+bert,2,1,0.9958200047153515,True
4293,4293,2154,0,tfidf+bert,2,0,0.034535623985722526,True
4294,4294,2154,1,tfidf+bert,2,1,0.9945120086029677,True
4295,4295,2155,0,tfidf+bert,2,0,0.3755652349901057,True
4296,4296,2155,1,tfidf+bert,2,1,0.9897963444157518,True
4297,4297,2156,0,tfidf+bert,2,0,0.08484828043258855,True
4298,4298,2156,1,tfidf+bert,2,1,0.9625359400735207,True
4299,4299,2157,0,tfidf+bert,2,0,0.026009464654997854,True
4300,4300,2157,1,tfidf+bert,2,1,0.9886489514257529,True
4301,4301,2158,0,tfidf+bert,2,0,0.004571624349035689,True
4302,4302,2158,1,tfidf+bert,2,1,0.9941375965713424,True
4303,4303,2159,0,tfidf+bert,2,0,0.0028421684734053093,True
4304,4304,2159,1,tfidf+bert,2,1,0.996012624257447,True
4305,4305,2160,0,tfidf+bert,2,0,0.004972943843834749,True
4306,4306,2160,1,tfidf+bert,2,1,0.9923508784498325,True
4307,4307,2161,0,tfidf+bert,2,0,0.04598605519632672,True
4308,4308,2161,1,tfidf+bert,2,1,0.9986937774134346,True
4309,4309,2162,0,tfidf+bert,2,0,0.004540305056677992,True
4310,4310,2162,1,tfidf+bert,2,1,0.9983651279317374,True
4311,4311,2163,0,tfidf+bert,2,0,0.010202572289074641,True
4312,4312,2163,1,tfidf+bert,2,1,0.9994222538643399,True
4313,4313,2164,0,tfidf+bert,2,0,0.00930816024420842,True
4314,4314,2164,1,tfidf+bert,2,1,0.9433262522773238,True
4315,4315,2165,0,tfidf+bert,2,0,0.014118026527052198,True
4316,4316,2165,1,tfidf+bert,2,1,0.9993263166953461,True
4317,4317,2166,0,tfidf+bert,2,0,0.01109461351390359,True
4318,4318,2166,1,tfidf+bert,2,1,0.9953132244023793,True
4319,4319,2167,0,tfidf+bert,2,0,0.11361029679449017,True
4320,4320,2167,1,tfidf+bert,2,1,0.9903358700696221,True
4321,4321,2168,0,tfidf+bert,2,0,0.008358516991779608,True
4322,4322,2168,1,tfidf+bert,2,1,0.985138713591154,True
4323,4323,2169,0,tfidf+bert,2,0,0.0018661276946977362,True
4324,4324,2169,1,tfidf+bert,2,1,0.9985212965391471,True
4325,4325,2170,0,tfidf+bert,2,0,0.0026867877335377166,True
4326,4326,2170,1,tfidf+bert,2,1,0.9924649454308563,True
4327,4327,2171,0,tfidf+bert,2,0,0.2036939459456998,True
4328,4328,2171,1,tfidf+bert,2,1,0.9984259049653641,True
4329,4329,2172,0,tfidf+bert,2,0,0.00880829918199645,True
4330,4330,2172,1,tfidf+bert,2,1,0.970878035034635,True
4331,4331,2173,0,tfidf+bert,2,0,0.005205939606631346,True
4332,4332,2173,1,tfidf+bert,2,1,0.9793100493525383,True
4333,4333,2174,0,tfidf+bert,2,0,0.06869522847835302,True
4334,4334,2174,1,tfidf+bert,2,1,0.9923158858142956,True
4335,4335,2175,0,tfidf+bert,2,0,0.08197946005768406,True
4336,4336,2175,1,tfidf+bert,2,1,0.9197393187570381,True
4337,4337,2176,0,tfidf+bert,2,0,0.010636224912343954,True
4338,4338,2176,1,tfidf+bert,2,1,0.9922953529843471,True
4339,4339,2177,0,tfidf+bert,2,0,0.03386947213073631,True
4340,4340,2177,1,tfidf+bert,2,1,0.9762350769113974,True
4341,4341,2178,0,tfidf+bert,2,0,0.04087013245151522,True
4342,4342,2178,1,tfidf+bert,2,1,0.9841833982934488,True
4343,4343,2179,0,tfidf+bert,2,0,0.002433191913282258,True
4344,4344,2179,1,tfidf+bert,2,1,0.9979757665926058,True
4345,4345,2180,0,tfidf+bert,2,0,0.030154649413432384,True
4346,4346,2180,1,tfidf+bert,2,1,0.8369283287239905,True
4347,4347,2181,0,tfidf+bert,2,0,0.16397479435767812,True
4348,4348,2181,1,tfidf+bert,2,1,0.8896396227198455,True
4349,4349,2182,0,tfidf+bert,2,0,0.24735390953541306,True
4350,4350,2182,1,tfidf+bert,2,1,0.8364976889748136,True
4351,4351,2183,0,tfidf+bert,2,0,0.1438836428989836,True
4352,4352,2183,1,tfidf+bert,2,1,0.9987177480599579,True
4353,4353,2184,0,tfidf+bert,2,0,0.002464573272593719,True
4354,4354,2184,1,tfidf+bert,2,1,0.9995103812338247,True
4355,4355,2185,0,tfidf+bert,2,0,0.0024902375126361347,True
4356,4356,2185,1,tfidf+bert,2,1,0.9807353302532703,True
4357,4357,2186,0,tfidf+bert,2,0,0.0025390300068787743,True
4358,4358,2186,1,tfidf+bert,2,1,0.9819063270023827,True
4359,4359,2187,0,tfidf+bert,2,0,0.050079520372235925,True
4360,4360,2187,1,tfidf+bert,2,1,0.88062334412255,True
4361,4361,2188,0,tfidf+bert,2,0,0.05890539960349641,True
4362,4362,2188,1,tfidf+bert,2,1,0.9904093299864389,True
4363,4363,2189,0,tfidf+bert,2,0,0.14865098984046027,True
4364,4364,2189,1,tfidf+bert,2,1,0.9960225804741847,True
4365,4365,2190,0,tfidf+bert,2,0,0.004845249956678965,True
4366,4366,2190,1,tfidf+bert,2,1,0.6904308757683477,True
4367,4367,2191,0,tfidf+bert,2,0,0.18111875660262067,True
4368,4368,2191,1,tfidf+bert,2,1,0.9970994428151386,True
4369,4369,2192,0,tfidf+bert,2,1,0.6620997115901475,False
4370,4370,2192,1,tfidf+bert,2,1,0.9829484064982835,True
4371,4371,2193,0,tfidf+bert,2,0,0.1504879773412367,True
4372,4372,2193,1,tfidf+bert,2,1,0.9909157323064223,True
4373,4373,2194,1,tfidf+bert,2,1,0.8538170090284166,True
4374,4374,2195,0,tfidf+bert,2,0,0.02460588300619929,True
4375,4375,2195,1,tfidf+bert,2,1,0.942781669652255,True
4376,4376,2196,0,tfidf+bert,2,0,0.0032828698123283408,True
4377,4377,2196,1,tfidf+bert,2,1,0.8997791977136199,True
4378,4378,2197,0,tfidf+bert,2,0,0.0015160603436391489,True
4379,4379,2197,1,tfidf+bert,2,1,0.9547121110327506,True
4380,4380,2198,0,tfidf+bert,2,0,0.004129649793799728,True
4381,4381,2198,1,tfidf+bert,2,1,0.9675393547902483,True
4382,4382,2199,0,tfidf+bert,2,0,0.0583506966189177,True
4383,4383,2199,1,tfidf+bert,2,1,0.9991237743273794,True
4384,4384,2200,0,tfidf+bert,2,0,0.019332276394245868,True
4385,4385,2200,1,tfidf+bert,2,1,0.9932935767071764,True
4386,4386,2201,0,tfidf+bert,2,0,0.003490094305308071,True
4387,4387,2201,1,tfidf+bert,2,1,0.9981552919055493,True
4388,4388,2202,0,tfidf+bert,2,0,0.013230039720657099,True
4389,4389,2202,1,tfidf+bert,2,1,0.9965432124272462,True
4390,4390,2203,0,tfidf+bert,2,0,0.016029016981125747,True
4391,4391,2203,1,tfidf+bert,2,1,0.9703669659182218,True
4392,4392,2204,0,tfidf+bert,2,1,0.7021306219621307,False
4393,4393,2204,1,tfidf+bert,2,1,0.9983548042561416,True
4394,4394,2205,0,tfidf+bert,2,0,0.03631815268307557,True
4395,4395,2205,1,tfidf+bert,2,1,0.9986591183677119,True
4396,4396,2206,0,tfidf+bert,2,0,0.007028037829086041,True
4397,4397,2206,1,tfidf+bert,2,1,0.9944956345191965,True
4398,4398,2207,0,tfidf+bert,2,0,0.09943407582496566,True
4399,4399,2207,1,tfidf+bert,2,1,0.9687873585394831,True
4400,4400,2208,0,tfidf+bert,2,0,0.000937533106448691,True
4401,4401,2208,1,tfidf+bert,2,1,0.9885960593574475,True
4402,4402,2209,0,tfidf+bert,2,0,0.00997555088916336,True
4403,4403,2209,1,tfidf+bert,2,1,0.8567277733355048,True
4404,4404,2210,0,tfidf+bert,2,0,0.04729002224168534,True
4405,4405,2210,1,tfidf+bert,2,1,0.9744136022130461,True
4406,4406,2211,0,tfidf+bert,2,0,0.01295960776391393,True
4407,4407,2211,1,tfidf+bert,2,1,0.9810557368004442,True
4408,4408,2212,0,tfidf+bert,2,0,0.037063758987163936,True
4409,4409,2212,1,tfidf+bert,2,1,0.8323840926679297,True
4410,4410,2213,0,tfidf+bert,2,0,0.002186865975397199,True
4411,4411,2213,1,tfidf+bert,2,1,0.995015732662688,True
4412,4412,2214,0,tfidf+bert,2,0,0.005665601599844308,True
4413,4413,2214,1,tfidf+bert,2,1,0.9987773203647018,True
4414,4414,2215,0,tfidf+bert,2,0,0.03665030260937555,True
4415,4415,2215,1,tfidf+bert,2,1,0.9763358597254939,True
4416,4416,2216,0,tfidf+bert,2,0,0.18304044687347062,True
4417,4417,2216,1,tfidf+bert,2,1,0.9963086499503395,True
4418,4418,2217,0,tfidf+bert,2,0,9.19876181857991e-05,True
4419,4419,2217,1,tfidf+bert,2,1,0.9995438639341163,True
4420,4420,2218,0,tfidf+bert,2,0,0.006161077421250345,True
4421,4421,2218,1,tfidf+bert,2,1,0.9956079017114787,True
4422,4422,2219,0,tfidf+bert,2,0,0.3176652830630603,True
4423,4423,2219,1,tfidf+bert,2,1,0.7103061857998383,True
4424,4424,2220,0,tfidf+bert,2,0,0.004853937588810635,True
4425,4425,2220,1,tfidf+bert,2,1,0.8966397257981725,True
4426,4426,2221,0,tfidf+bert,2,0,0.29300688814811315,True
4427,4427,2221,1,tfidf+bert,2,1,0.6392054384376038,True
4428,4428,2222,0,tfidf+bert,2,0,0.008144675666317895,True
4429,4429,2222,1,tfidf+bert,2,1,0.9558437323063593,True
4430,4430,2223,0,tfidf+bert,2,0,0.1599975292620162,True
4431,4431,2223,1,tfidf+bert,2,1,0.999132017418194,True
4432,4432,2224,0,tfidf+bert,2,0,0.02521932353379655,True
4433,4433,2224,1,tfidf+bert,2,1,0.9982618328695261,True
4434,4434,2225,0,tfidf+bert,2,0,0.2603906197495932,True
4435,4435,2225,1,tfidf+bert,2,1,0.9296458249941242,True
4436,4436,2226,0,tfidf+bert,2,0,0.0319645777083817,True
4437,4437,2226,1,tfidf+bert,2,1,0.9872495283672088,True
4438,4438,2227,0,tfidf+bert,2,0,0.004136050445624958,True
4439,4439,2227,1,tfidf+bert,2,1,0.9823850408959663,True
4440,4440,2228,0,tfidf+bert,2,0,0.015662190249592936,True
4441,4441,2228,1,tfidf+bert,2,1,0.998816762745887,True
4442,4442,2229,0,tfidf+bert,2,0,0.004718784319060086,True
4443,4443,2229,1,tfidf+bert,2,1,0.9977028395493731,True
4444,4444,2230,0,tfidf+bert,2,0,0.004900031339917964,True
4445,4445,2230,1,tfidf+bert,2,1,0.990821603938891,True
4446,4446,2231,0,tfidf+bert,2,0,0.014811324736045555,True
4447,4447,2231,1,tfidf+bert,2,1,0.936623047722497,True
4448,4448,2232,0,tfidf+bert,2,0,0.031929895138948165,True
4449,4449,2232,1,tfidf+bert,2,1,0.7333078890463836,True
4450,4450,2233,0,tfidf+bert,2,1,0.764939068053741,False
4451,4451,2233,1,tfidf+bert,2,1,0.8886804882546094,True
4452,4452,2234,0,tfidf+bert,2,0,0.01559204935959774,True
4453,4453,2234,1,tfidf+bert,2,1,0.932700007021884,True
4454,4454,2235,0,tfidf+bert,2,0,0.09668987781268067,True
4455,4455,2235,1,tfidf+bert,2,1,0.9918792630590068,True
4456,4456,2236,0,tfidf+bert,2,0,0.26227791581367527,True
4457,4457,2236,1,tfidf+bert,2,1,0.8536527867122017,True
4458,4458,2237,0,tfidf+bert,2,0,0.00046040020898523935,True
4459,4459,2237,1,tfidf+bert,2,1,0.992663015606234,True
4460,4460,2238,0,tfidf+bert,2,0,0.031002747091209402,True
4461,4461,2238,1,tfidf+bert,2,1,0.9924845038656922,True
4462,4462,2239,0,tfidf+bert,2,0,0.0032729292020615853,True
4463,4463,2239,1,tfidf+bert,2,1,0.9463657134706246,True
4464,4464,2240,0,tfidf+bert,2,0,0.04641674015492284,True
4465,4465,2240,1,tfidf+bert,2,1,0.9949643210945854,True
4466,4466,2241,0,tfidf+bert,2,0,0.17062908019718828,True
4467,4467,2241,1,tfidf+bert,2,0,0.4829072779667172,False
4468,4468,2242,0,tfidf+bert,2,0,0.018630145694281147,True
4469,4469,2242,1,tfidf+bert,2,1,0.9382320765751107,True
4470,4470,2243,0,tfidf+bert,2,0,0.006296931063325838,True
4471,4471,2243,1,tfidf+bert,2,1,0.9365548451287993,True
4472,4472,2244,0,tfidf+bert,2,0,0.4630332776044619,True
4473,4473,2244,1,tfidf+bert,2,1,0.997785422903031,True
4474,4474,2245,0,tfidf+bert,2,0,0.0312809137806473,True
4475,4475,2245,1,tfidf+bert,2,1,0.9970757127312126,True
4476,4476,2246,0,tfidf+bert,2,0,0.11118793040311636,True
4477,4477,2246,1,tfidf+bert,2,1,0.9680211144833518,True
4478,4478,2247,0,tfidf+bert,2,0,0.002453100675719849,True
4479,4479,2247,1,tfidf+bert,2,1,0.9632878283951027,True
4480,4480,2248,0,tfidf+bert,2,0,0.004091111570223015,True
4481,4481,2248,1,tfidf+bert,2,1,0.8383004109065775,True
4482,4482,2249,0,tfidf+bert,2,0,0.02415829024409496,True
4483,4483,2249,1,tfidf+bert,2,1,0.9862210234591835,True
4484,4484,2250,0,tfidf+bert,2,0,0.2266866436127477,True
4485,4485,2250,1,tfidf+bert,2,1,0.9995319939665122,True
4486,4486,2251,0,tfidf+bert,2,0,0.006665571254127121,True
4487,4487,2251,1,tfidf+bert,2,1,0.9892244065091181,True
4488,4488,2252,0,tfidf+bert,2,0,0.010974163574758012,True
4489,4489,2252,1,tfidf+bert,2,1,0.9994225327130443,True
4490,4490,2253,0,tfidf+bert,2,0,0.1293525278913874,True
4491,4491,2253,1,tfidf+bert,2,1,0.9980753342494183,True
4492,4492,2254,0,tfidf+bert,2,0,0.024681055972258704,True
4493,4493,2254,1,tfidf+bert,2,1,0.995048992493198,True
4494,4494,2255,0,tfidf+bert,2,0,0.0648459000021462,True
4495,4495,2255,1,tfidf+bert,2,1,0.9960791511339554,True
4496,4496,2256,0,tfidf+bert,2,0,0.009097694519482094,True
4497,4497,2256,1,tfidf+bert,2,1,0.9611275826688579,True
4498,4498,2257,0,tfidf+bert,2,0,0.0021458134989603994,True
4499,4499,2257,1,tfidf+bert,2,1,0.9945863109107772,True
4500,4500,2258,0,tfidf+bert,2,0,0.02936883391911097,True
4501,4501,2258,1,tfidf+bert,2,1,0.9993336661977301,True
4502,4502,2259,0,tfidf+bert,2,0,0.007560670016372688,True
4503,4503,2259,1,tfidf+bert,2,1,0.9666666993269256,True
4504,4504,2260,0,tfidf+bert,2,0,0.012426127653111785,True
4505,4505,2260,1,tfidf+bert,2,1,0.962238407564404,True
4506,4506,2261,0,tfidf+bert,2,0,0.02322022922294657,True
4507,4507,2261,1,tfidf+bert,2,1,0.9777689177747978,True
4508,4508,2262,0,tfidf+bert,2,0,0.003635138346422176,True
4509,4509,2262,1,tfidf+bert,2,1,0.9943960516285483,True
4510,4510,2263,0,tfidf+bert,2,0,0.02898894073097129,True
4511,4511,2263,1,tfidf+bert,2,1,0.9928648630705735,True
4512,4512,2264,0,tfidf+bert,2,0,0.005029879556033941,True
4513,4513,2264,1,tfidf+bert,2,1,0.7541556305435715,True
4514,4514,2265,0,tfidf+bert,2,0,0.016877142202529862,True
4515,4515,2265,1,tfidf+bert,2,1,0.6713469829663145,True
4516,4516,2266,0,tfidf+bert,2,0,0.024186011471125556,True
4517,4517,2266,1,tfidf+bert,2,1,0.932231645005775,True
4518,4518,2267,0,tfidf+bert,2,0,0.3356500188877967,True
4519,4519,2267,1,tfidf+bert,2,1,0.9958990734544292,True
4520,4520,2268,0,tfidf+bert,2,1,0.6185454555214439,False
4521,4521,2268,1,tfidf+bert,2,1,0.9104054441438348,True
4522,4522,2269,0,tfidf+bert,2,0,0.033900078515756535,True
4523,4523,2269,1,tfidf+bert,2,1,0.9935229701443509,True
4524,4524,2270,0,tfidf+bert,2,0,0.008402911571668479,True
4525,4525,2270,1,tfidf+bert,2,1,0.9988692412615406,True
4526,4526,2271,0,tfidf+bert,2,0,0.003495870096552646,True
4527,4527,2271,1,tfidf+bert,2,1,0.9978808097617501,True
4528,4528,2272,0,tfidf+bert,2,0,0.002391749127685127,True
4529,4529,2272,1,tfidf+bert,2,1,0.9883589667751511,True
4530,4530,2273,0,tfidf+bert,2,0,0.004031889556302598,True
4531,4531,2273,1,tfidf+bert,2,1,0.9991651658743221,True
4532,4532,2274,0,tfidf+bert,2,0,0.0057915739162599,True
4533,4533,2274,1,tfidf+bert,2,1,0.9622040397070335,True
4534,4534,2275,0,tfidf+bert,2,0,0.15645851879278258,True
4535,4535,2275,1,tfidf+bert,2,1,0.9973595900138975,True
4536,4536,2276,0,tfidf+bert,2,0,0.03777301837086198,True
4537,4537,2276,1,tfidf+bert,2,1,0.9492365585364088,True
4538,4538,2277,0,tfidf+bert,2,0,0.00030231836988146843,True
4539,4539,2277,1,tfidf+bert,2,1,0.9433881560915641,True
4540,4540,2278,0,tfidf+bert,2,0,0.08687153974646336,True
4541,4541,2278,1,tfidf+bert,2,1,0.9997644659772371,True
4542,4542,2279,0,tfidf+bert,2,0,0.18035260289323507,True
4543,4543,2279,1,tfidf+bert,2,1,0.9873238800455674,True
4544,4544,2280,0,tfidf+bert,2,0,0.004148419236983501,True
4545,4545,2280,1,tfidf+bert,2,1,0.9525074398097385,True
4546,4546,2281,0,tfidf+bert,2,0,0.09507446917718472,True
4547,4547,2281,1,tfidf+bert,2,1,0.9495845422420179,True
4548,4548,2282,0,tfidf+bert,2,0,0.14131013034091844,True
4549,4549,2282,1,tfidf+bert,2,1,0.996050484737715,True
4550,4550,2283,0,tfidf+bert,2,0,0.0018064655460489918,True
4551,4551,2283,1,tfidf+bert,2,1,0.9756545673222239,True
4552,4552,2284,0,tfidf+bert,2,0,0.036567190069662706,True
4553,4553,2284,1,tfidf+bert,2,1,0.9814203026190444,True
4554,4554,2285,0,tfidf+bert,2,0,0.48257829878109276,True
4555,4555,2285,1,tfidf+bert,2,1,0.9977933582860566,True
4556,4556,2286,0,tfidf+bert,2,0,0.0027916438404662304,True
4557,4557,2286,1,tfidf+bert,2,1,0.9592863069713139,True
4558,4558,2287,0,tfidf+bert,2,0,0.03165977768119464,True
4559,4559,2287,1,tfidf+bert,2,1,0.9997248234448928,True
4560,4560,2288,0,tfidf+bert,2,0,0.09782783426232926,True
4561,4561,2288,1,tfidf+bert,2,1,0.9944160029856632,True
4562,4562,2289,0,tfidf+bert,2,0,0.035146397040618164,True
4563,4563,2289,1,tfidf+bert,2,1,0.9224923677562471,True
4564,4564,2290,0,tfidf+bert,2,0,0.0803949410243662,True
4565,4565,2290,1,tfidf+bert,2,1,0.9750968055240111,True
4566,4566,2291,0,tfidf+bert,2,0,0.012984405151709287,True
4567,4567,2291,1,tfidf+bert,2,1,0.9770859625819104,True
4568,4568,2292,0,tfidf+bert,2,0,0.0008736324462940658,True
4569,4569,2292,1,tfidf+bert,2,1,0.7181382951170941,True
4570,4570,2293,0,tfidf+bert,2,0,0.0002905856904089509,True
4571,4571,2293,1,tfidf+bert,2,1,0.8827129755404525,True
4572,4572,2294,0,tfidf+bert,2,0,0.0077231654984005514,True
4573,4573,2294,1,tfidf+bert,2,1,0.9594052299796259,True
4574,4574,2295,0,tfidf+bert,2,0,0.0017155903405379589,True
4575,4575,2295,1,tfidf+bert,2,1,0.9988027118470175,True
4576,4576,2296,0,tfidf+bert,2,0,0.03023966122027816,True
4577,4577,2296,1,tfidf+bert,2,1,0.9918348028065148,True
4578,4578,2297,0,tfidf+bert,2,0,0.06234301824833787,True
4579,4579,2297,1,tfidf+bert,2,1,0.9992200971692768,True
4580,4580,2298,0,tfidf+bert,2,0,0.004455700094701336,True
4581,4581,2298,1,tfidf+bert,2,1,0.9369438797737344,True
4582,4582,2299,0,tfidf+bert,2,0,0.027828749625419126,True
4583,4583,2299,1,tfidf+bert,2,1,0.9992693770520267,True
4584,4584,2300,0,tfidf+bert,2,0,0.037598576980263754,True
4585,4585,2300,1,tfidf+bert,2,1,0.9998488671812961,True
4586,4586,2301,0,tfidf+bert,2,0,0.005461661880881996,True
4587,4587,2301,1,tfidf+bert,2,1,0.989970375459873,True
4588,4588,2302,0,tfidf+bert,2,0,0.00042670168509998687,True
4589,4589,2302,1,tfidf+bert,2,1,0.9871181655328044,True
4590,4590,2303,0,tfidf+bert,2,0,0.014651697606142253,True
4591,4591,2303,1,tfidf+bert,2,1,0.9810172740859784,True
4592,4592,2304,0,tfidf+bert,2,0,0.3527204744773249,True
4593,4593,2304,1,tfidf+bert,2,1,0.9693525955850932,True
4594,4594,2305,0,tfidf+bert,2,0,0.00690302934919065,True
4595,4595,2305,1,tfidf+bert,2,1,0.9988993310219575,True
4596,4596,2306,0,tfidf+bert,2,0,0.11711691479863169,True
4597,4597,2306,1,tfidf+bert,2,1,0.9009037409687037,True
4598,4598,2307,0,tfidf+bert,2,0,0.0007079121681738682,True
4599,4599,2307,1,tfidf+bert,2,1,0.9548526096490018,True
4600,4600,2308,0,tfidf+bert,2,0,0.0254029180974601,True
4601,4601,2308,1,tfidf+bert,2,1,0.9971264774214685,True
4602,4602,2309,0,tfidf+bert,2,1,0.6679011969809718,False
4603,4603,2309,1,tfidf+bert,2,1,0.9927114688721952,True
4604,4604,2310,0,tfidf+bert,2,0,0.018986932541160073,True
4605,4605,2310,1,tfidf+bert,2,1,0.9981976217779416,True
4606,4606,2311,0,tfidf+bert,2,0,0.010267253622689055,True
4607,4607,2311,1,tfidf+bert,2,1,0.9981693423732033,True
4608,4608,2312,0,tfidf+bert,2,0,0.0006847126582274491,True
4609,4609,2312,1,tfidf+bert,2,1,0.9046355667163434,True
4610,4610,2313,0,tfidf+bert,2,0,0.15802847564071784,True
4611,4611,2313,1,tfidf+bert,2,1,0.9966659799959223,True
4612,4612,2314,0,tfidf+bert,2,0,0.0018066659631587139,True
4613,4613,2314,1,tfidf+bert,2,1,0.975142344521169,True
4614,4614,2315,0,tfidf+bert,2,0,0.007378167618885294,True
4615,4615,2315,1,tfidf+bert,2,1,0.8139464314256749,True
4616,4616,2316,0,tfidf+bert,2,0,0.3783555371662704,True
4617,4617,2316,1,tfidf+bert,2,1,0.9987540066207281,True
4618,4618,2317,0,tfidf+bert,2,0,0.0003272815247867826,True
4619,4619,2317,1,tfidf+bert,2,1,0.8496656129404291,True
4620,4620,2318,0,tfidf+bert,2,0,0.014288618892249349,True
4621,4621,2318,1,tfidf+bert,2,1,0.9968921421325712,True
4622,4622,2319,0,tfidf+bert,2,0,0.03348274188706747,True
4623,4623,2319,1,tfidf+bert,2,1,0.9875336031604542,True
4624,4624,2320,0,tfidf+bert,2,0,0.0023502308416599818,True
4625,4625,2320,1,tfidf+bert,2,0,0.21711106293084426,False
4626,4626,2321,0,tfidf+bert,2,0,0.1897545126281256,True
4627,4627,2321,1,tfidf+bert,2,1,0.9911185406503976,True
4628,4628,2322,0,tfidf+bert,2,0,0.02855817840246729,True
4629,4629,2322,1,tfidf+bert,2,1,0.9570519593199011,True
4630,4630,2323,0,tfidf+bert,2,0,0.00022676991022490945,True
4631,4631,2323,1,tfidf+bert,2,1,0.9990782491344468,True
4632,4632,2324,0,tfidf+bert,2,0,0.0004155558662380653,True
4633,4633,2324,1,tfidf+bert,2,1,0.9972060281467698,True
4634,4634,2325,0,tfidf+bert,2,0,0.004273867276074876,True
4635,4635,2325,1,tfidf+bert,2,1,0.9983974153399634,True
4636,4636,2326,0,tfidf+bert,2,0,0.008513503175664273,True
4637,4637,2326,1,tfidf+bert,2,1,0.804685608949362,True
4638,4638,2327,0,tfidf+bert,2,0,0.004223814686358757,True
4639,4639,2327,1,tfidf+bert,2,1,0.969990226820594,True
4640,4640,2328,0,tfidf+bert,2,0,0.016175953636040866,True
4641,4641,2328,1,tfidf+bert,2,1,0.9991399697079909,True
4642,4642,2329,0,tfidf+bert,2,1,0.665506762135208,False
4643,4643,2329,1,tfidf+bert,2,1,0.9736452648156184,True
4644,4644,2330,0,tfidf+bert,2,0,0.010040652278339439,True
4645,4645,2330,1,tfidf+bert,2,1,0.8870583562105877,True
4646,4646,2331,0,tfidf+bert,2,0,0.00233408351332322,True
4647,4647,2331,1,tfidf+bert,2,1,0.9812615784092802,True
4648,4648,2332,0,tfidf+bert,2,0,0.19261580107954268,True
4649,4649,2332,1,tfidf+bert,2,1,0.9896773445934005,True
4650,4650,2333,0,tfidf+bert,2,0,0.011745530228548242,True
4651,4651,2333,1,tfidf+bert,2,1,0.998011238664,True
4652,4652,2334,0,tfidf+bert,2,0,0.17589622663381438,True
4653,4653,2334,1,tfidf+bert,2,1,0.9945721641402053,True
4654,4654,2335,0,tfidf+bert,2,0,0.15374127946958172,True
4655,4655,2335,1,tfidf+bert,2,1,0.9994792021996634,True
4656,4656,2336,0,tfidf+bert,2,0,0.0012030363704276731,True
4657,4657,2336,1,tfidf+bert,2,1,0.9818041874254131,True
4658,4658,2337,0,tfidf+bert,2,0,0.003893158722218641,True
4659,4659,2337,1,tfidf+bert,2,1,0.9420374097160553,True
4660,4660,2338,0,tfidf+bert,2,0,0.02541655569619102,True
4661,4661,2338,1,tfidf+bert,2,1,0.9694499981462008,True
4662,4662,2339,0,tfidf+bert,2,0,0.2755714879479658,True
4663,4663,2339,1,tfidf+bert,2,1,0.9977334773606673,True
4664,4664,2340,0,tfidf+bert,2,0,0.004148873507141482,True
4665,4665,2340,1,tfidf+bert,2,1,0.9423600759395664,True
4666,4666,2341,0,tfidf+bert,2,0,0.07801648351852926,True
4667,4667,2341,1,tfidf+bert,2,1,0.8615028750592462,True
4668,4668,2342,0,tfidf+bert,2,0,0.13285131799442815,True
4669,4669,2342,1,tfidf+bert,2,1,0.9488000447580393,True
4670,4670,2343,0,tfidf+bert,2,0,0.001302907817978268,True
4671,4671,2343,1,tfidf+bert,2,1,0.9930113318523776,True
4672,4672,2344,0,tfidf+bert,2,0,0.021779723725861466,True
4673,4673,2344,1,tfidf+bert,2,1,0.998515342466261,True
4674,4674,2345,0,tfidf+bert,2,0,0.08926956767254778,True
4675,4675,2345,1,tfidf+bert,2,1,0.9886315388799388,True
4676,4676,2346,0,tfidf+bert,2,0,0.08428814245404245,True
4677,4677,2346,1,tfidf+bert,2,1,0.9970615861875626,True
4678,4678,2347,0,tfidf+bert,2,0,0.0022802633820541702,True
4679,4679,2347,1,tfidf+bert,2,1,0.9431603117892479,True
4680,4680,2348,0,tfidf+bert,2,0,0.029044760393444086,True
4681,4681,2348,1,tfidf+bert,2,1,0.9872993584234735,True
4682,4682,2349,0,tfidf+bert,2,0,0.02621156552489287,True
4683,4683,2349,1,tfidf+bert,2,1,0.9200064135707547,True
4684,4684,2350,0,tfidf+bert,2,0,0.049305144953179184,True
4685,4685,2350,1,tfidf+bert,2,1,0.993024326338725,True
4686,4686,2351,0,tfidf+bert,2,0,0.1319380099490722,True
4687,4687,2351,1,tfidf+bert,2,1,0.9856725899643893,True
4688,4688,2352,0,tfidf+bert,2,0,0.044415381817987994,True
4689,4689,2352,1,tfidf+bert,2,1,0.7617312749278069,True
4690,4690,2353,0,tfidf+bert,2,0,0.004063331942090682,True
4691,4691,2353,1,tfidf+bert,2,1,0.9537954409518486,True
4692,4692,2354,0,tfidf+bert,2,0,0.0005956707535270949,True
4693,4693,2354,1,tfidf+bert,2,1,0.9997585901214712,True
4694,4694,2355,0,tfidf+bert,2,0,0.011145679381374353,True
4695,4695,2355,1,tfidf+bert,2,1,0.9985354797028629,True
4696,4696,2356,0,tfidf+bert,2,0,0.04083629937950397,True
4697,4697,2356,1,tfidf+bert,2,1,0.9773143765312834,True
4698,4698,2357,0,tfidf+bert,2,1,0.7535660214260084,False
4699,4699,2357,1,tfidf+bert,2,1,0.988066092848229,True
4700,4700,2358,0,tfidf+bert,2,0,0.00833309987760523,True
4701,4701,2358,1,tfidf+bert,2,1,0.9981917743507384,True
4702,4702,2359,0,tfidf+bert,2,0,0.0009858671573275291,True
4703,4703,2359,1,tfidf+bert,2,1,0.9881716402921019,True
4704,4704,2360,0,tfidf+bert,2,0,0.4927008925373347,True
4705,4705,2360,1,tfidf+bert,2,1,0.9902095548394132,True
4706,4706,2361,0,tfidf+bert,2,0,0.010504431362922914,True
4707,4707,2361,1,tfidf+bert,2,1,0.9343204715380118,True
4708,4708,2362,0,tfidf+bert,2,0,0.05747231628850797,True
4709,4709,2362,1,tfidf+bert,2,1,0.9750922824182887,True
4710,4710,2363,0,tfidf+bert,2,0,0.04469220173354428,True
4711,4711,2363,1,tfidf+bert,2,1,0.9954533696032376,True
4712,4712,2364,0,tfidf+bert,2,0,0.07212934885192046,True
4713,4713,2364,1,tfidf+bert,2,1,0.9688122923386505,True
4714,4714,2365,0,tfidf+bert,2,0,0.18716383352459492,True
4715,4715,2365,1,tfidf+bert,2,1,0.999554129771296,True
4716,4716,2366,0,tfidf+bert,2,0,0.10032939354049017,True
4717,4717,2366,1,tfidf+bert,2,1,0.8659020955333282,True
4718,4718,2367,0,tfidf+bert,2,0,0.04203834538546302,True
4719,4719,2367,1,tfidf+bert,2,1,0.9706250996921191,True
4720,4720,2368,0,tfidf+bert,2,0,0.027576596072129964,True
4721,4721,2368,1,tfidf+bert,2,1,0.9998818304251421,True
4722,4722,2369,0,tfidf+bert,2,0,0.08499968305892557,True
4723,4723,2369,1,tfidf+bert,2,1,0.9929823825952778,True
4724,4724,2370,0,tfidf+bert,2,0,0.0035589209079621323,True
4725,4725,2370,1,tfidf+bert,2,1,0.9651569526177429,True
4726,4726,2371,0,tfidf+bert,2,0,0.016042089867077128,True
4727,4727,2371,1,tfidf+bert,2,1,0.9989717660479156,True
4728,4728,2372,0,tfidf+bert,2,0,0.027263981303408374,True
4729,4729,2372,1,tfidf+bert,2,1,0.6816848269587339,True
4730,4730,2373,0,tfidf+bert,2,0,0.005128096415851609,True
4731,4731,2373,1,tfidf+bert,2,1,0.9840020453396154,True
4732,4732,2374,0,tfidf+bert,2,1,0.6761995960707015,False
4733,4733,2374,1,tfidf+bert,2,0,0.3676132815925797,False
4734,4734,2375,0,tfidf+bert,2,0,0.0010875213716402203,True
4735,4735,2375,1,tfidf+bert,2,1,0.8766918873830702,True
4736,4736,2376,0,tfidf+bert,2,0,0.4748349270334082,True
4737,4737,2376,1,tfidf+bert,2,1,0.9967986845528999,True
4738,4738,2377,0,tfidf+bert,2,0,0.14547953090446025,True
4739,4739,2377,1,tfidf+bert,2,1,0.9963551821229797,True
4740,4740,2378,0,tfidf+bert,2,0,0.00159807279056828,True
4741,4741,2378,1,tfidf+bert,2,1,0.949503867673419,True
4742,4742,2379,0,tfidf+bert,2,0,0.48045893004283385,True
4743,4743,2379,1,tfidf+bert,2,1,0.9986630070018776,True
4744,4744,2380,0,tfidf+bert,2,0,0.006958389515083449,True
4745,4745,2380,1,tfidf+bert,2,1,0.9977062000412783,True
4746,4746,2381,0,tfidf+bert,2,0,0.00933871721771541,True
4747,4747,2381,1,tfidf+bert,2,1,0.6907741957535035,True
4748,4748,2382,0,tfidf+bert,2,0,0.2116906590123295,True
4749,4749,2382,1,tfidf+bert,2,1,0.9936654856908484,True
4750,4750,2383,0,tfidf+bert,2,0,0.0037474894531961786,True
4751,4751,2383,1,tfidf+bert,2,1,0.8653686955828953,True
4752,4752,2384,0,tfidf+bert,2,0,0.0032385655521653773,True
4753,4753,2384,1,tfidf+bert,2,1,0.9825967316863161,True
4754,4754,2385,0,tfidf+bert,2,0,0.004240244394269067,True
4755,4755,2385,1,tfidf+bert,2,1,0.9009236712314821,True
4756,4756,2386,0,tfidf+bert,2,0,0.054293631661561065,True
4757,4757,2386,1,tfidf+bert,2,1,0.9937455608644338,True
4758,4758,2387,0,tfidf+bert,2,0,0.0005661500345700354,True
4759,4759,2387,1,tfidf+bert,2,1,0.9996397639577556,True
4760,4760,2388,0,tfidf+bert,2,0,0.2897978898459344,True
4761,4761,2388,1,tfidf+bert,2,1,0.9798370818263338,True
4762,4762,2389,0,tfidf+bert,2,0,0.07481324894124938,True
4763,4763,2389,1,tfidf+bert,2,1,0.9078498530241218,True
4764,4764,2390,0,tfidf+bert,2,0,0.043870915438691684,True
4765,4765,2390,1,tfidf+bert,2,1,0.9940410502231767,True
4766,4766,2391,0,tfidf+bert,2,0,0.07488920894878363,True
4767,4767,2391,1,tfidf+bert,2,1,0.9916757572167295,True
4768,4768,2392,0,tfidf+bert,2,0,0.014309793565247126,True
4769,4769,2392,1,tfidf+bert,2,1,0.7444900539462599,True
4770,4770,2393,0,tfidf+bert,2,0,0.019281707671085717,True
4771,4771,2393,1,tfidf+bert,2,1,0.9973435704216019,True
4772,4772,2394,0,tfidf+bert,2,0,0.00809798212537844,True
4773,4773,2394,1,tfidf+bert,2,1,0.9757910352921843,True
4774,4774,2395,0,tfidf+bert,2,0,0.13963594044446617,True
4775,4775,2395,1,tfidf+bert,2,1,0.7809031150104511,True
4776,4776,2396,0,tfidf+bert,2,0,0.02697152057633467,True
4777,4777,2396,1,tfidf+bert,2,1,0.9938456355517303,True
4778,4778,2397,0,tfidf+bert,2,0,0.011503539364978839,True
4779,4779,2397,1,tfidf+bert,2,1,0.9942969878134115,True
4780,4780,2398,0,tfidf+bert,2,0,0.0010976804104665036,True
4781,4781,2398,1,tfidf+bert,2,1,0.9986845000283816,True
4782,4782,2399,0,tfidf+bert,2,0,0.06479102456448411,True
4783,4783,2399,1,tfidf+bert,2,1,0.8943959613777385,True
4784,4784,2400,0,tfidf+bert,2,0,0.07266164735094319,True
4785,4785,2400,1,tfidf+bert,2,1,0.9935959467971742,True
4786,4786,2401,0,tfidf+bert,2,0,0.014488490294584173,True
4787,4787,2401,1,tfidf+bert,2,1,0.9775499224646447,True
4788,4788,2402,0,tfidf+bert,2,0,0.0002565440380803082,True
4789,4789,2402,1,tfidf+bert,2,1,0.9926772731906772,True
4790,4790,2403,0,tfidf+bert,2,0,0.00908187210748712,True
4791,4791,2403,1,tfidf+bert,2,1,0.9992538030191249,True
4792,4792,2404,0,tfidf+bert,2,0,0.2718993591024044,True
4793,4793,2404,1,tfidf+bert,2,1,0.9513105035228978,True
4794,4794,2405,0,tfidf+bert,2,0,0.029543093970601498,True
4795,4795,2405,1,tfidf+bert,2,1,0.9716477407544262,True
4796,4796,2406,0,tfidf+bert,2,0,0.05171167874562941,True
4797,4797,2406,1,tfidf+bert,2,1,0.6956269735445144,True
4798,4798,2407,0,tfidf+bert,2,0,0.14908324287458943,True
4799,4799,2407,1,tfidf+bert,2,1,0.9974056253701049,True
4800,4800,2408,0,tfidf+bert,2,0,0.19513428492247312,True
4801,4801,2408,1,tfidf+bert,2,1,0.9775490301751647,True
4802,4802,2409,0,tfidf+bert,2,0,0.11462519136897717,True
4803,4803,2409,1,tfidf+bert,2,1,0.7512958074187466,True
4804,4804,2410,0,tfidf+bert,2,1,0.5225615094452425,False
4805,4805,2410,1,tfidf+bert,2,1,0.9977388804164468,True
4806,4806,2411,0,tfidf+bert,2,0,0.04308178405880728,True
4807,4807,2411,1,tfidf+bert,2,1,0.9832839191556391,True
4808,4808,2412,0,tfidf+bert,2,0,0.0032462927708401187,True
4809,4809,2412,1,tfidf+bert,2,1,0.9350882385853966,True
4810,4810,2413,0,tfidf+bert,2,0,0.0061156698326895855,True
4811,4811,2413,1,tfidf+bert,2,1,0.9892277713375058,True
4812,4812,2414,0,tfidf+bert,2,0,0.00878681596109661,True
4813,4813,2414,1,tfidf+bert,2,1,0.992085874385414,True
4814,4814,2415,0,tfidf+bert,2,0,0.009480133327990548,True
4815,4815,2415,1,tfidf+bert,2,1,0.8962149582697876,True
4816,4816,2416,0,tfidf+bert,2,0,0.14001480581642745,True
4817,4817,2416,1,tfidf+bert,2,1,0.9818444926143717,True
4818,4818,2417,0,tfidf+bert,2,0,0.001040226906835871,True
4819,4819,2417,1,tfidf+bert,2,1,0.993705084187081,True
4820,4820,2418,0,tfidf+bert,2,0,0.030699764957762214,True
4821,4821,2418,1,tfidf+bert,2,1,0.991753130545149,True
4822,4822,2419,0,tfidf+bert,2,0,0.05397067879561847,True
4823,4823,2419,1,tfidf+bert,2,1,0.9741919492537816,True
4824,4824,2420,0,tfidf+bert,2,0,0.012943574370613154,True
4825,4825,2420,1,tfidf+bert,2,1,0.9837744820466404,True
4826,4826,2421,0,tfidf+bert,2,0,0.0509499372460809,True
4827,4827,2421,1,tfidf+bert,2,1,0.7797461437508201,True
4828,4828,2422,0,tfidf+bert,2,0,0.10119043295782154,True
4829,4829,2422,1,tfidf+bert,2,1,0.9970532259869441,True
4830,4830,2423,0,tfidf+bert,2,0,0.008720873641505538,True
4831,4831,2423,1,tfidf+bert,2,1,0.999406922933235,True
4832,4832,2424,0,tfidf+bert,2,0,0.010834127337249175,True
4833,4833,2424,1,tfidf+bert,2,1,0.9983895864248624,True
4834,4834,2425,0,tfidf+bert,2,0,0.001498796712070793,True
4835,4835,2425,1,tfidf+bert,2,1,0.9970043957487185,True
4836,4836,2426,0,tfidf+bert,2,0,0.25092342550352603,True
4837,4837,2426,1,tfidf+bert,2,1,0.9803203382025266,True
4838,4838,2427,1,tfidf+bert,2,1,0.9987830442793306,True
4839,4839,2428,0,tfidf+bert,2,0,0.017665970044680096,True
4840,4840,2428,1,tfidf+bert,2,1,0.9932276790361093,True
4841,4841,2429,0,tfidf+bert,2,0,0.001184380043765588,True
4842,4842,2429,1,tfidf+bert,2,1,0.9869568085287671,True
4843,4843,2430,0,tfidf+bert,2,1,0.5178109782623214,False
4844,4844,2430,1,tfidf+bert,2,1,0.9756694385421015,True
4845,4845,2431,0,tfidf+bert,2,0,0.031855024090390094,True
4846,4846,2431,1,tfidf+bert,2,1,0.9466932475878295,True
4847,4847,2432,0,tfidf+bert,2,0,0.03270467056285904,True
4848,4848,2432,1,tfidf+bert,2,1,0.9919380266026664,True
4849,4849,2433,0,tfidf+bert,2,1,0.577957378254688,False
4850,4850,2433,1,tfidf+bert,2,1,0.836770014144986,True
4851,4851,2434,0,tfidf+bert,2,0,0.002275559311715745,True
4852,4852,2434,1,tfidf+bert,2,1,0.9788174336835881,True
4853,4853,2435,0,tfidf+bert,2,0,0.001593240723406867,True
4854,4854,2435,1,tfidf+bert,2,1,0.9888257142176017,True
4855,4855,2436,0,tfidf+bert,2,0,0.01921959581825605,True
4856,4856,2436,1,tfidf+bert,2,1,0.9748711029441922,True
4857,4857,2437,0,tfidf+bert,2,0,0.0010524466529629026,True
4858,4858,2437,1,tfidf+bert,2,1,0.992073225714578,True
4859,4859,2438,0,tfidf+bert,2,0,0.11525258103553442,True
4860,4860,2438,1,tfidf+bert,2,1,0.9797627748390912,True
4861,4861,2439,0,tfidf+bert,2,0,0.013257915809129177,True
4862,4862,2439,1,tfidf+bert,2,1,0.9990157989160191,True
4863,4863,2440,0,tfidf+bert,2,0,0.01631652839088676,True
4864,4864,2440,1,tfidf+bert,2,1,0.8470559846105574,True
4865,4865,2441,0,tfidf+bert,2,0,0.44785734441579095,True
4866,4866,2441,1,tfidf+bert,2,1,0.9963096460339765,True
4867,4867,2442,0,tfidf+bert,2,0,0.0036639772770872495,True
4868,4868,2442,1,tfidf+bert,2,1,0.9691544797728103,True
4869,4869,2443,0,tfidf+bert,2,0,0.002475164935965105,True
4870,4870,2443,1,tfidf+bert,2,1,0.9956575282570882,True
4871,4871,2444,0,tfidf+bert,2,0,0.01241551079836161,True
4872,4872,2444,1,tfidf+bert,2,1,0.9996332889971475,True
4873,4873,2445,0,tfidf+bert,2,0,0.11397281001708211,True
4874,4874,2445,1,tfidf+bert,2,1,0.9964528917886352,True
4875,4875,2446,0,tfidf+bert,2,0,0.008918343434907546,True
4876,4876,2446,1,tfidf+bert,2,1,0.995575268161462,True
4877,4877,2447,0,tfidf+bert,2,0,0.02983361031625074,True
4878,4878,2447,1,tfidf+bert,2,1,0.9864254096345891,True
4879,4879,2448,0,tfidf+bert,2,0,0.00633961373421901,True
4880,4880,2448,1,tfidf+bert,2,1,0.9213216101462081,True
4881,4881,2449,0,tfidf+bert,2,0,0.00015175813641676048,True
4882,4882,2449,1,tfidf+bert,2,1,0.8730854409706773,True
4883,4883,2450,0,tfidf+bert,2,0,0.0156515490731121,True
4884,4884,2450,1,tfidf+bert,2,1,0.9975943727576713,True
4885,4885,2451,0,tfidf+bert,2,0,0.003023757493782118,True
4886,4886,2451,1,tfidf+bert,2,1,0.9968466425281346,True
4887,4887,2452,0,tfidf+bert,2,0,0.4383025497330212,True
4888,4888,2452,1,tfidf+bert,2,1,0.9656795094796293,True
4889,4889,2453,0,tfidf+bert,2,1,0.626129545601333,False
4890,4890,2453,1,tfidf+bert,2,1,0.9958426405935731,True
4891,4891,2454,0,tfidf+bert,2,1,0.5164620598940953,False
4892,4892,2454,1,tfidf+bert,2,1,0.9940834716235784,True
4893,4893,2455,1,tfidf+bert,2,1,0.9849461982086677,True
4894,4894,2456,0,tfidf+bert,2,0,0.0026078080101179153,True
4895,4895,2456,1,tfidf+bert,2,1,0.9749465667321039,True
4896,4896,2457,0,tfidf+bert,2,0,0.003959868572629094,True
4897,4897,2457,1,tfidf+bert,2,1,0.7658991365543507,True
4898,4898,2458,0,tfidf+bert,2,0,0.17421989662414358,True
4899,4899,2458,1,tfidf+bert,2,1,0.9750276795347672,True
4900,4900,2459,0,tfidf+bert,2,0,0.012257098649987037,True
4901,4901,2459,1,tfidf+bert,2,1,0.9869336667710958,True
4902,4902,2460,0,tfidf+bert,2,0,0.2627077980830342,True
4903,4903,2460,1,tfidf+bert,2,1,0.9890385298023893,True
4904,4904,2461,0,tfidf+bert,2,0,0.0060800833318132306,True
4905,4905,2461,1,tfidf+bert,2,1,0.998946133384146,True
4906,4906,2462,0,tfidf+bert,2,0,0.01994968652889966,True
4907,4907,2462,1,tfidf+bert,2,1,0.97465939262336,True
4908,4908,2463,0,tfidf+bert,2,0,0.008999801656182405,True
4909,4909,2463,1,tfidf+bert,2,1,0.9832216131579289,True
4910,4910,2464,0,tfidf+bert,2,0,0.12945952711146747,True
4911,4911,2464,1,tfidf+bert,2,1,0.9968482911558644,True
4912,4912,2465,0,tfidf+bert,2,0,0.012630750790862484,True
4913,4913,2465,1,tfidf+bert,2,1,0.9864977186642283,True
4914,4914,2466,0,tfidf+bert,2,0,0.007137097477481178,True
4915,4915,2466,1,tfidf+bert,2,1,0.7083899644724008,True
4916,4916,2467,0,tfidf+bert,2,0,0.0045963101493803745,True
4917,4917,2467,1,tfidf+bert,2,1,0.986600018910825,True
4918,4918,2468,0,tfidf+bert,2,0,0.0018393502842005552,True
4919,4919,2468,1,tfidf+bert,2,1,0.9935455221157236,True
4920,4920,2469,0,tfidf+bert,2,0,0.006496203855355881,True
4921,4921,2469,1,tfidf+bert,2,1,0.9550957289726029,True
4922,4922,2470,0,tfidf+bert,2,0,0.021523670134496322,True
4923,4923,2470,1,tfidf+bert,2,1,0.95755903128904,True
4924,4924,2471,0,tfidf+bert,2,0,0.0876595960165063,True
4925,4925,2471,1,tfidf+bert,2,1,0.9987563196672123,True
4926,4926,2472,0,tfidf+bert,2,0,0.0037857207418588736,True
4927,4927,2472,1,tfidf+bert,2,1,0.9625870460558446,True
4928,4928,2473,0,tfidf+bert,2,0,0.09308598165119183,True
4929,4929,2473,1,tfidf+bert,2,1,0.8313462710712896,True
4930,4930,2474,0,tfidf+bert,2,0,0.005612527422077314,True
4931,4931,2474,1,tfidf+bert,2,1,0.9294201424045668,True
4932,4932,2475,0,tfidf+bert,2,0,0.004964156623060666,True
4933,4933,2475,1,tfidf+bert,2,1,0.9937764741618441,True
4934,4934,2476,0,tfidf+bert,2,0,0.0021408670123968586,True
4935,4935,2476,1,tfidf+bert,2,1,0.9969973768158858,True
4936,4936,2477,0,tfidf+bert,2,0,0.020874089313598895,True
4937,4937,2477,1,tfidf+bert,2,1,0.9789648153766262,True
4938,4938,2478,0,tfidf+bert,2,0,0.005333558664934952,True
4939,4939,2478,1,tfidf+bert,2,1,0.9715377898596613,True
4940,4940,2479,0,tfidf+bert,2,0,0.015409838137660867,True
4941,4941,2479,1,tfidf+bert,2,1,0.9958354740133742,True
4942,4942,2480,0,tfidf+bert,2,0,0.01767743630476378,True
4943,4943,2480,1,tfidf+bert,2,1,0.9914468531104471,True
4944,4944,2481,0,tfidf+bert,2,0,0.0003480007725002063,True
4945,4945,2481,1,tfidf+bert,2,1,0.9494165827047815,True
4946,4946,2482,0,tfidf+bert,2,0,0.002140773285834301,True
4947,4947,2482,1,tfidf+bert,2,1,0.9845853850500067,True
4948,4948,2483,0,tfidf+bert,2,0,0.0270585243213914,True
4949,4949,2483,1,tfidf+bert,2,1,0.9826080489006046,True
4950,4950,2484,0,tfidf+bert,2,0,0.006580163316372377,True
4951,4951,2484,1,tfidf+bert,2,1,0.9464648229192448,True
4952,4952,2485,0,tfidf+bert,2,0,0.006626031398111351,True
4953,4953,2485,1,tfidf+bert,2,1,0.9979479858841561,True
4954,4954,2486,0,tfidf+bert,2,0,0.009676962150605106,True
4955,4955,2486,1,tfidf+bert,2,1,0.9968164365121865,True
4956,4956,2487,0,tfidf+bert,2,1,0.6270873682433253,False
4957,4957,2487,1,tfidf+bert,2,1,0.9997566288583959,True
4958,4958,2488,0,tfidf+bert,2,0,0.015046533245246331,True
4959,4959,2488,1,tfidf+bert,2,1,0.9121482707121746,True
4960,4960,2489,0,tfidf+bert,2,0,0.0008672885338488252,True
4961,4961,2489,1,tfidf+bert,2,1,0.9928592673077548,True
4962,4962,2490,0,tfidf+bert,2,0,0.002502911170750748,True
4963,4963,2490,1,tfidf+bert,2,1,0.993411200707385,True
4964,4964,2491,0,tfidf+bert,2,0,0.1937921516939157,True
4965,4965,2491,1,tfidf+bert,2,1,0.8442311423995728,True
4966,4966,2492,0,tfidf+bert,2,0,0.020068614970264926,True
4967,4967,2492,1,tfidf+bert,2,1,0.9990262454903865,True
4968,4968,2493,0,tfidf+bert,2,0,0.23818496988247106,True
4969,4969,2493,1,tfidf+bert,2,1,0.9997100577293236,True
4970,4970,2494,0,tfidf+bert,2,0,0.004473366278567862,True
4971,4971,2494,1,tfidf+bert,2,1,0.9934565821559034,True
4972,4972,2495,0,tfidf+bert,2,0,0.006526390475450561,True
4973,4973,2495,1,tfidf+bert,2,1,0.9861375214385315,True
4974,4974,2496,0,tfidf+bert,2,0,0.11527993502008418,True
4975,4975,2496,1,tfidf+bert,2,1,0.9989121327658976,True
4976,4976,2497,0,tfidf+bert,2,0,0.06607116878856963,True
4977,4977,2497,1,tfidf+bert,2,1,0.9611994071296105,True
4978,4978,2498,0,tfidf+bert,2,0,0.028491532653104425,True
4979,4979,2498,1,tfidf+bert,2,1,0.5269796059151801,True
4980,4980,2499,0,tfidf+bert,2,0,0.03277286629955953,True
4981,4981,2499,1,tfidf+bert,2,1,0.9936237792815752,True
4982,4982,2500,0,tfidf+bert,2,0,0.006756480533487625,True
4983,4983,2500,1,tfidf+bert,2,0,0.43174311882291455,False
4984,4984,2501,0,tfidf+bert,2,0,0.338441857845376,True
4985,4985,2501,1,tfidf+bert,2,1,0.9989271381428978,True
4986,4986,2502,0,tfidf+bert,2,0,0.006075249562760333,True
4987,4987,2502,1,tfidf+bert,2,1,0.980567641360227,True
4988,4988,2503,0,tfidf+bert,2,0,0.0007871127450471837,True
4989,4989,2503,1,tfidf+bert,2,1,0.9974239903568206,True
4990,4990,2504,0,tfidf+bert,2,0,0.012271865320534541,True
4991,4991,2504,1,tfidf+bert,2,1,0.9831638575343025,True
4992,4992,2505,0,tfidf+bert,2,0,0.24367231487135518,True
4993,4993,2505,1,tfidf+bert,2,1,0.997108698245919,True
4994,4994,2506,0,tfidf+bert,2,0,0.025293830464164703,True
4995,4995,2506,1,tfidf+bert,2,1,0.9993620518687557,True
4996,4996,2507,0,tfidf+bert,2,0,0.04974758810499475,True
4997,4997,2507,1,tfidf+bert,2,1,0.7655421486762779,True
4998,4998,2508,0,tfidf+bert,2,0,0.011634115484017254,True
4999,4999,2508,1,tfidf+bert,2,1,0.9987776879410679,True
5000,5000,2509,0,tfidf+bert,2,0,0.008000437483311935,True
5001,5001,2509,1,tfidf+bert,2,1,0.9772416728585179,True
5002,5002,2510,0,tfidf+bert,2,0,0.0063599824746484734,True
5003,5003,2510,1,tfidf+bert,2,1,0.8343666722005517,True
5004,5004,2511,0,tfidf+bert,2,0,0.0911368006226884,True
5005,5005,2511,1,tfidf+bert,2,1,0.9972717775831341,True
5006,5006,2512,0,tfidf+bert,2,0,0.023477802709995322,True
5007,5007,2512,1,tfidf+bert,2,1,0.9991979144891155,True
5008,5008,2513,0,tfidf+bert,2,0,0.0016937077946764187,True
5009,5009,2513,1,tfidf+bert,2,1,0.9887855014256643,True
5010,5010,2514,0,tfidf+bert,2,0,0.034074517219758516,True
5011,5011,2514,1,tfidf+bert,2,1,0.9968009424758566,True
5012,5012,2515,0,tfidf+bert,2,0,0.0028324786909884156,True
5013,5013,2515,1,tfidf+bert,2,1,0.9739077121826313,True
5014,5014,2516,0,tfidf+bert,2,0,0.003764192474335519,True
5015,5015,2516,1,tfidf+bert,2,1,0.9943570397427115,True
5016,5016,2517,0,tfidf+bert,2,0,0.003515404909437811,True
5017,5017,2517,1,tfidf+bert,2,1,0.8430835591120522,True
5018,5018,2518,1,tfidf+bert,2,1,0.9965915703355863,True
5019,5019,2519,0,tfidf+bert,2,0,0.004792400124424335,True
5020,5020,2519,1,tfidf+bert,2,1,0.996195752094852,True
5021,5021,2520,0,tfidf+bert,2,0,0.004986018659016253,True
5022,5022,2520,1,tfidf+bert,2,1,0.9843859949876637,True
5023,5023,2521,0,tfidf+bert,2,0,0.011213483143140926,True
5024,5024,2521,1,tfidf+bert,2,1,0.9978487687340711,True
5025,5025,2522,0,tfidf+bert,2,1,0.7059418743970653,False
5026,5026,2522,1,tfidf+bert,2,1,0.6340244848101536,True
5027,5027,2523,0,tfidf+bert,2,0,0.042802795436030765,True
5028,5028,2523,1,tfidf+bert,2,1,0.9966127369519064,True
5029,5029,2524,0,tfidf+bert,2,0,0.001125840196688839,True
5030,5030,2524,1,tfidf+bert,2,1,0.9082305697225105,True
5031,5031,2525,0,tfidf+bert,2,0,0.007351871679499436,True
5032,5032,2525,1,tfidf+bert,2,1,0.9845041023541353,True
5033,5033,2526,0,tfidf+bert,2,0,0.004177356477372284,True
5034,5034,2526,1,tfidf+bert,2,1,0.9935730573039171,True
5035,5035,2527,0,tfidf+bert,2,0,0.06031320353922828,True
5036,5036,2527,1,tfidf+bert,2,1,0.937029608415301,True
5037,5037,2528,0,tfidf+bert,2,0,0.0782713813928769,True
5038,5038,2528,1,tfidf+bert,2,1,0.9796575425346224,True
5039,5039,2529,0,tfidf+bert,2,0,0.05349305863388692,True
5040,5040,2529,1,tfidf+bert,2,1,0.9934317357069857,True
5041,5041,2530,0,tfidf+bert,2,0,0.0003065121802102444,True
5042,5042,2530,1,tfidf+bert,2,1,0.991434508308704,True
5043,5043,2531,0,tfidf+bert,2,0,0.042102825917061715,True
5044,5044,2531,1,tfidf+bert,2,1,0.9926021815122952,True
5045,5045,2532,0,tfidf+bert,2,0,0.0018992954415331072,True
5046,5046,2532,1,tfidf+bert,2,1,0.9993667427766983,True
5047,5047,2533,0,tfidf+bert,2,0,0.00169659640417952,True
5048,5048,2533,1,tfidf+bert,2,1,0.9975662010804698,True
5049,5049,2534,0,tfidf+bert,2,0,0.060438639569745545,True
5050,5050,2534,1,tfidf+bert,2,1,0.9949823550340562,True
5051,5051,2535,0,tfidf+bert,2,0,0.006839531573987294,True
5052,5052,2535,1,tfidf+bert,2,1,0.9937198306121455,True
5053,5053,2536,0,tfidf+bert,2,0,0.13532784267466627,True
5054,5054,2536,1,tfidf+bert,2,1,0.8555304227644539,True
5055,5055,2537,0,tfidf+bert,2,0,0.01521376957384711,True
5056,5056,2537,1,tfidf+bert,2,1,0.9991328436704547,True
5057,5057,2538,0,tfidf+bert,2,0,0.0012307947807170096,True
5058,5058,2538,1,tfidf+bert,2,1,0.984677518984465,True
5059,5059,2539,0,tfidf+bert,2,0,0.021740863169669944,True
5060,5060,2539,1,tfidf+bert,2,1,0.9998447796487332,True
5061,5061,2540,0,tfidf+bert,2,0,0.004345548813389751,True
5062,5062,2540,1,tfidf+bert,2,1,0.9392061156201917,True
5063,5063,2541,0,tfidf+bert,2,0,0.0068815761132300386,True
5064,5064,2541,1,tfidf+bert,2,1,0.9759428358191946,True
5065,5065,2542,0,tfidf+bert,2,0,0.09298630920528052,True
5066,5066,2542,1,tfidf+bert,2,1,0.9851958717136043,True
5067,5067,2543,0,tfidf+bert,2,0,0.004841760802098305,True
5068,5068,2543,1,tfidf+bert,2,1,0.9900812586493042,True
5069,5069,2544,0,tfidf+bert,2,0,0.35440020435271774,True
5070,5070,2544,1,tfidf+bert,2,1,0.9475338449889963,True
5071,5071,2545,0,tfidf+bert,2,0,0.0006418029580004812,True
5072,5072,2545,1,tfidf+bert,2,1,0.9851259324622963,True
5073,5073,2546,0,tfidf+bert,2,1,0.6050354484742407,False
5074,5074,2546,1,tfidf+bert,2,1,0.9998517748719694,True
5075,5075,2547,0,tfidf+bert,2,0,0.006369955677082175,True
5076,5076,2547,1,tfidf+bert,2,1,0.888602432448815,True
5077,5077,2548,0,tfidf+bert,2,0,0.08484164724745821,True
5078,5078,2548,1,tfidf+bert,2,1,0.997294223073812,True
5079,5079,2549,0,tfidf+bert,2,0,0.0024770518675101515,True
5080,5080,2549,1,tfidf+bert,2,1,0.950419144937963,True
5081,5081,2550,0,tfidf+bert,2,0,0.31072744692059395,True
5082,5082,2550,1,tfidf+bert,2,1,0.9874621077658431,True
5083,5083,2551,0,tfidf+bert,2,0,0.0019918175188769673,True
5084,5084,2551,1,tfidf+bert,2,1,0.9963238791498522,True
5085,5085,2552,0,tfidf+bert,2,0,0.011069194546235414,True
5086,5086,2552,1,tfidf+bert,2,0,0.36537336231401785,False
5087,5087,2553,0,tfidf+bert,2,0,0.014495757250564864,True
5088,5088,2553,1,tfidf+bert,2,1,0.9969991663901651,True
5089,5089,2554,0,tfidf+bert,2,0,0.008234370919737955,True
5090,5090,2554,1,tfidf+bert,2,1,0.9258158952842857,True
5091,5091,2555,0,tfidf+bert,2,0,0.01740341446685897,True
5092,5092,2555,1,tfidf+bert,2,1,0.9798126931495618,True
5093,5093,2556,0,tfidf+bert,2,1,0.6624609660403521,False
5094,5094,2556,1,tfidf+bert,2,1,0.9990526931861563,True
5095,5095,2557,0,tfidf+bert,2,0,0.001028309152678996,True
5096,5096,2557,1,tfidf+bert,2,1,0.7729416009292792,True
5097,5097,2558,0,tfidf+bert,2,0,0.1003527730271257,True
5098,5098,2558,1,tfidf+bert,2,0,0.07997492019556854,False
5099,5099,2559,0,tfidf+bert,2,0,0.07053987046727735,True
5100,5100,2559,1,tfidf+bert,2,1,0.9977885129195749,True
5101,5101,2560,0,tfidf+bert,2,0,0.06863354527834221,True
5102,5102,2560,1,tfidf+bert,2,1,0.9995534455546365,True
5103,5103,2561,0,tfidf+bert,2,0,0.11679441079706354,True
5104,5104,2561,1,tfidf+bert,2,1,0.850822899621894,True
5105,5105,2562,0,tfidf+bert,2,0,0.2110733882551972,True
5106,5106,2562,1,tfidf+bert,2,1,0.9946222671665677,True
5107,5107,2563,0,tfidf+bert,2,0,0.004888950029066053,True
5108,5108,2563,1,tfidf+bert,2,1,0.9654728007474763,True
5109,5109,2564,0,tfidf+bert,2,0,0.003965658536288767,True
5110,5110,2564,1,tfidf+bert,2,1,0.9849998479996708,True
5111,5111,2565,0,tfidf+bert,2,0,0.04282903000964289,True
5112,5112,2565,1,tfidf+bert,2,1,0.9815290791050879,True
5113,5113,2566,0,tfidf+bert,2,0,0.006295714059540925,True
5114,5114,2566,1,tfidf+bert,2,1,0.8969037358032941,True
5115,5115,2567,0,tfidf+bert,2,0,0.005498362067135882,True
5116,5116,2567,1,tfidf+bert,2,1,0.996835727413411,True
5117,5117,2568,0,tfidf+bert,2,0,0.037711436218955154,True
5118,5118,2568,1,tfidf+bert,2,1,0.993260786044938,True
5119,5119,2569,0,tfidf+bert,2,0,0.013944943890131449,True
5120,5120,2569,1,tfidf+bert,2,1,0.9779367720523713,True
5121,5121,2570,0,tfidf+bert,2,0,0.005526771741160662,True
5122,5122,2570,1,tfidf+bert,2,1,0.9347708585165404,True
5123,5123,2571,0,tfidf+bert,2,1,0.5291291927509508,False
5124,5124,2571,1,tfidf+bert,2,1,0.999350044649203,True
5125,5125,2572,0,tfidf+bert,2,0,0.00010642626404629221,True
5126,5126,2572,1,tfidf+bert,2,1,0.976677279475469,True
5127,5127,2573,0,tfidf+bert,2,0,0.0008433340431369761,True
5128,5128,2573,1,tfidf+bert,2,1,0.9989340136465262,True
5129,5129,2574,0,tfidf+bert,2,0,0.08210753226658069,True
5130,5130,2574,1,tfidf+bert,2,1,0.9802933570667794,True
5131,5131,2575,0,tfidf+bert,2,0,0.0052004832796488445,True
5132,5132,2575,1,tfidf+bert,2,1,0.9882215522168166,True
5133,5133,2576,0,tfidf+bert,2,0,0.03494199546962688,True
5134,5134,2576,1,tfidf+bert,2,1,0.9754116276413886,True
5135,5135,2577,0,tfidf+bert,2,0,0.0022233058456306238,True
5136,5136,2577,1,tfidf+bert,2,0,0.4683470293020166,False
5137,5137,2578,0,tfidf+bert,2,0,0.0016709318123281501,True
5138,5138,2578,1,tfidf+bert,2,1,0.9757491113436212,True
5139,5139,2579,0,tfidf+bert,2,0,0.018781751945922926,True
5140,5140,2579,1,tfidf+bert,2,1,0.9899697804386952,True
5141,5141,2580,0,tfidf+bert,2,0,0.006016483247828606,True
5142,5142,2580,1,tfidf+bert,2,1,0.952530973104622,True
5143,5143,2581,0,tfidf+bert,2,0,0.00021252007011745327,True
5144,5144,2581,1,tfidf+bert,2,1,0.9485806764219292,True
5145,5145,2582,0,tfidf+bert,2,0,0.03851364401562069,True
5146,5146,2582,1,tfidf+bert,2,1,0.9692304447072122,True
5147,5147,2583,0,tfidf+bert,2,0,0.0011149633003617468,True
5148,5148,2583,1,tfidf+bert,2,1,0.9992071666072653,True
5149,5149,2584,0,tfidf+bert,2,0,0.03293872019032872,True
5150,5150,2584,1,tfidf+bert,2,1,0.9855285187050405,True
5151,5151,2585,0,tfidf+bert,2,0,0.0009692672335251208,True
5152,5152,2585,1,tfidf+bert,2,1,0.9794066144799404,True
5153,5153,2586,0,tfidf+bert,2,0,0.0005855490168878568,True
5154,5154,2586,1,tfidf+bert,2,1,0.9937944295163804,True
5155,5155,2587,0,tfidf+bert,2,0,0.0010763038868469757,True
5156,5156,2587,1,tfidf+bert,2,1,0.6247589353321231,True
5157,5157,2588,0,tfidf+bert,2,0,0.002365846908388919,True
5158,5158,2588,1,tfidf+bert,2,1,0.9987316618910554,True
5159,5159,2589,0,tfidf+bert,2,0,0.01763334336194406,True
5160,5160,2589,1,tfidf+bert,2,1,0.9890294276012107,True
5161,5161,2590,0,tfidf+bert,2,0,0.018048973255171102,True
5162,5162,2590,1,tfidf+bert,2,1,0.9902184294145088,True
5163,5163,2591,0,tfidf+bert,2,0,0.0008725246771113604,True
5164,5164,2591,1,tfidf+bert,2,1,0.9911707328278427,True
5165,5165,2592,0,tfidf+bert,2,0,0.021022409114640355,True
5166,5166,2592,1,tfidf+bert,2,1,0.948543970794131,True
5167,5167,2593,0,tfidf+bert,2,0,0.01681304867747304,True
5168,5168,2593,1,tfidf+bert,2,1,0.9872370813455873,True
5169,5169,2594,0,tfidf+bert,2,0,0.013303203923780786,True
5170,5170,2594,1,tfidf+bert,2,1,0.9993775573099849,True
5171,5171,2595,0,tfidf+bert,2,0,0.0034552818882031466,True
5172,5172,2595,1,tfidf+bert,2,1,0.999341201405314,True
5173,5173,2596,0,tfidf+bert,2,0,0.012021277397031611,True
5174,5174,2596,1,tfidf+bert,2,1,0.9124905688385121,True
5175,5175,2597,0,tfidf+bert,2,0,0.09399677157533703,True
5176,5176,2597,1,tfidf+bert,2,1,0.8517367019847231,True
5177,5177,2598,0,tfidf+bert,2,0,0.012170972468748322,True
5178,5178,2598,1,tfidf+bert,2,1,0.9975347413794081,True
5179,5179,2599,0,tfidf+bert,2,0,0.007681237518009546,True
5180,5180,2599,1,tfidf+bert,2,1,0.9632364574004175,True
5181,5181,2600,0,tfidf+bert,2,0,0.001516700809700078,True
5182,5182,2600,1,tfidf+bert,2,1,0.9354457073348246,True
5183,5183,2601,0,tfidf+bert,2,0,0.06478786325636691,True
5184,5184,2601,1,tfidf+bert,2,1,0.9985119548465192,True
5185,5185,2602,0,tfidf+bert,2,0,0.0035154136772510675,True
5186,5186,2602,1,tfidf+bert,2,1,0.9954909834696355,True
5187,5187,2603,0,tfidf+bert,2,0,0.01658138588400792,True
5188,5188,2603,1,tfidf+bert,2,1,0.8685507744178407,True
5189,5189,2604,0,tfidf+bert,2,0,0.03948852321295688,True
5190,5190,2604,1,tfidf+bert,2,1,0.9810799704932648,True
5191,5191,2605,0,tfidf+bert,2,0,0.00041180081457743977,True
5192,5192,2605,1,tfidf+bert,2,0,0.288001985161857,False
5193,5193,2606,0,tfidf+bert,2,0,0.04221113788321012,True
5194,5194,2606,1,tfidf+bert,2,1,0.9988014467193584,True
5195,5195,2607,0,tfidf+bert,2,0,0.03697499819017431,True
5196,5196,2607,1,tfidf+bert,2,1,0.9915814684891391,True
5197,5197,2608,0,tfidf+bert,2,0,0.008267556725794614,True
5198,5198,2608,1,tfidf+bert,2,1,0.8839078427445077,True
5199,5199,2609,0,tfidf+bert,2,0,0.011427819703814302,True
5200,5200,2609,1,tfidf+bert,2,1,0.9953316346770464,True
5201,5201,2610,0,tfidf+bert,2,1,0.911363760775807,False
5202,5202,2610,1,tfidf+bert,2,1,0.9926339119985147,True
5203,5203,2611,0,tfidf+bert,2,0,0.001297082754673491,True
5204,5204,2611,1,tfidf+bert,2,1,0.998961252520802,True
5205,5205,2612,0,tfidf+bert,2,0,0.05214342479658231,True
5206,5206,2612,1,tfidf+bert,2,1,0.997072605510096,True
5207,5207,2613,0,tfidf+bert,2,0,0.010831692065807098,True
5208,5208,2613,1,tfidf+bert,2,1,0.9981231543782639,True
5209,5209,2614,1,tfidf+bert,2,1,0.9477410206190013,True
5210,5210,2615,0,tfidf+bert,2,0,0.009733446893244369,True
5211,5211,2615,1,tfidf+bert,2,1,0.9528078140765803,True
5212,5212,2616,0,tfidf+bert,2,0,0.0007499559791915506,True
5213,5213,2616,1,tfidf+bert,2,1,0.9997214714051528,True
5214,5214,2617,0,tfidf+bert,2,0,0.0029866589979859947,True
5215,5215,2617,1,tfidf+bert,2,1,0.8875236175871082,True
5216,5216,2618,0,tfidf+bert,2,0,0.0053079097976034715,True
5217,5217,2618,1,tfidf+bert,2,1,0.9957826840181957,True
5218,5218,2619,0,tfidf+bert,2,0,0.02238172788665263,True
5219,5219,2619,1,tfidf+bert,2,1,0.9599213962812284,True
5220,5220,2620,0,tfidf+bert,2,0,0.0006237373676395402,True
5221,5221,2620,1,tfidf+bert,2,1,0.9915513906853722,True
5222,5222,2621,0,tfidf+bert,2,0,0.0017714294304481282,True
5223,5223,2621,1,tfidf+bert,2,1,0.8099993978822819,True
5224,5224,2622,0,tfidf+bert,2,0,0.10009088635864873,True
5225,5225,2622,1,tfidf+bert,2,1,0.996927058361816,True
5226,5226,2623,0,tfidf+bert,2,0,0.0078531094660163,True
5227,5227,2623,1,tfidf+bert,2,1,0.9932788767263029,True
5228,5228,2624,0,tfidf+bert,2,0,0.0033173620267419697,True
5229,5229,2624,1,tfidf+bert,2,0,0.27052562595762897,False
5230,5230,2625,0,tfidf+bert,2,0,0.014291956694195012,True
5231,5231,2625,1,tfidf+bert,2,1,0.9965290986818147,True
5232,5232,2626,0,tfidf+bert,2,0,0.0017921844045701895,True
5233,5233,2626,1,tfidf+bert,2,1,0.9980213648037934,True
5234,5234,2627,0,tfidf+bert,2,0,0.4195385626314207,True
5235,5235,2627,1,tfidf+bert,2,1,0.987406014576723,True
5236,5236,2628,0,tfidf+bert,2,1,0.7730526978007334,False
5237,5237,2628,1,tfidf+bert,2,1,0.997357130185951,True
5238,5238,2629,0,tfidf+bert,2,0,0.02924619801268957,True
5239,5239,2629,1,tfidf+bert,2,1,0.9343252373492188,True
5240,5240,2630,0,tfidf+bert,2,0,0.005574732098281834,True
5241,5241,2630,1,tfidf+bert,2,1,0.90756011047426,True
5242,5242,2631,0,tfidf+bert,2,0,0.012361354289474456,True
5243,5243,2631,1,tfidf+bert,2,1,0.9997269830219179,True
5244,5244,2632,0,tfidf+bert,2,0,0.0070114489243846495,True
5245,5245,2632,1,tfidf+bert,2,1,0.9987880424760333,True
5246,5246,2633,0,tfidf+bert,2,0,0.005349521748598017,True
5247,5247,2633,1,tfidf+bert,2,1,0.771339988613712,True
5248,5248,2634,0,tfidf+bert,2,0,0.02978537678708372,True
5249,5249,2634,1,tfidf+bert,2,1,0.919049428701766,True
5250,5250,2635,0,tfidf+bert,2,0,0.00529953331445855,True
5251,5251,2635,1,tfidf+bert,2,1,0.9962455018289624,True
5252,5252,2636,0,tfidf+bert,2,0,0.26700586450744823,True
5253,5253,2636,1,tfidf+bert,2,1,0.9979950701306128,True
5254,5254,2637,0,tfidf+bert,2,0,0.3516584631813334,True
5255,5255,2637,1,tfidf+bert,2,1,0.9843882960921151,True
5256,5256,2638,0,tfidf+bert,2,0,0.006386607456738278,True
5257,5257,2638,1,tfidf+bert,2,1,0.99938018905252,True
5258,5258,2639,0,tfidf+bert,2,0,0.0013117329000357106,True
5259,5259,2639,1,tfidf+bert,2,1,0.9542622331190359,True
5260,5260,2640,0,tfidf+bert,2,0,0.00638478476221411,True
5261,5261,2640,1,tfidf+bert,2,1,0.9825894350989441,True
5262,5262,2641,0,tfidf+bert,2,0,0.0023736095870097672,True
5263,5263,2641,1,tfidf+bert,2,1,0.9991380629029852,True
5264,5264,2642,0,tfidf+bert,2,0,0.003268654936791359,True
5265,5265,2642,1,tfidf+bert,2,1,0.9976934224125236,True
5266,5266,2643,0,tfidf+bert,2,0,0.0013400913132004012,True
5267,5267,2643,1,tfidf+bert,2,1,0.999289714759679,True
5268,5268,2644,0,tfidf+bert,2,0,0.00252023823834511,True
5269,5269,2644,1,tfidf+bert,2,1,0.940884204545433,True
5270,5270,2645,0,tfidf+bert,2,0,0.0034623267339310812,True
5271,5271,2645,1,tfidf+bert,2,1,0.9905080335863624,True
5272,5272,2646,0,tfidf+bert,2,0,0.0023266416818223776,True
5273,5273,2646,1,tfidf+bert,2,0,0.40431122187194235,False
5274,5274,2647,0,tfidf+bert,2,0,0.0022711639460525146,True
5275,5275,2647,1,tfidf+bert,2,1,0.9935924557760921,True
5276,5276,2648,0,tfidf+bert,2,0,0.176210148265642,True
5277,5277,2648,1,tfidf+bert,2,1,0.9982628982924745,True
5278,5278,2649,0,tfidf+bert,2,0,0.03809071098273021,True
5279,5279,2649,1,tfidf+bert,2,1,0.9980377241179713,True
5280,5280,2650,0,tfidf+bert,2,0,0.0012760442645388707,True
5281,5281,2650,1,tfidf+bert,2,1,0.974923430930464,True
5282,5282,2651,0,tfidf+bert,2,0,0.07739546136832953,True
5283,5283,2651,1,tfidf+bert,2,1,0.9984203643411541,True
5284,5284,2652,0,tfidf+bert,2,0,0.010057205166533247,True
5285,5285,2652,1,tfidf+bert,2,1,0.741108562124484,True
5286,5286,2653,0,tfidf+bert,2,0,0.009436387685610103,True
5287,5287,2653,1,tfidf+bert,2,1,0.9942651129740607,True
5288,5288,2654,0,tfidf+bert,2,0,0.0014181068493968165,True
5289,5289,2654,1,tfidf+bert,2,1,0.9731845593609413,True
5290,5290,2655,0,tfidf+bert,2,0,0.07153709767695281,True
5291,5291,2655,1,tfidf+bert,2,1,0.9972275916704407,True
5292,5292,2656,0,tfidf+bert,2,0,0.005181336896844127,True
5293,5293,2656,1,tfidf+bert,2,0,0.3015978223129802,False
5294,5294,2657,0,tfidf+bert,2,0,0.007913570739612982,True
5295,5295,2657,1,tfidf+bert,2,1,0.9917902573239318,True
5296,5296,2658,0,tfidf+bert,2,0,0.3557315046628011,True
5297,5297,2658,1,tfidf+bert,2,1,0.9911583304753738,True
5298,5298,2659,0,tfidf+bert,2,0,0.005362381951921583,True
5299,5299,2659,1,tfidf+bert,2,1,0.9975465795618433,True
5300,5300,2660,0,tfidf+bert,2,0,0.01629122097269583,True
5301,5301,2660,1,tfidf+bert,2,1,0.9386655907442389,True
5302,5302,2661,0,tfidf+bert,2,0,0.17542396891992523,True
5303,5303,2661,1,tfidf+bert,2,1,0.9724147194567626,True
5304,5304,2662,0,tfidf+bert,2,0,0.00034336484990842107,True
5305,5305,2662,1,tfidf+bert,2,1,0.8915995295636607,True
5306,5306,2663,0,tfidf+bert,2,0,0.005102665058728791,True
5307,5307,2663,1,tfidf+bert,2,1,0.9968481770714458,True
5308,5308,2664,0,tfidf+bert,2,0,0.004313577858874568,True
5309,5309,2664,1,tfidf+bert,2,1,0.9928584996741971,True
5310,5310,2665,0,tfidf+bert,2,0,0.03600718723849525,True
5311,5311,2665,1,tfidf+bert,2,1,0.9970254152741805,True
5312,5312,2666,0,tfidf+bert,2,0,0.005306270015649237,True
5313,5313,2666,1,tfidf+bert,2,1,0.9987872264970007,True
5314,5314,2667,0,tfidf+bert,2,0,0.0003317963902247005,True
5315,5315,2667,1,tfidf+bert,2,1,0.9943115171814877,True
5316,5316,2668,0,tfidf+bert,2,0,0.00766225451979824,True
5317,5317,2668,1,tfidf+bert,2,0,0.3321728584828438,False
5318,5318,2669,0,tfidf+bert,2,0,0.006528625692131633,True
5319,5319,2669,1,tfidf+bert,2,1,0.9985398629576749,True
5320,5320,2670,0,tfidf+bert,2,0,0.01188749909685488,True
5321,5321,2670,1,tfidf+bert,2,1,0.9958353673286995,True
5322,5322,2671,0,tfidf+bert,2,0,0.0062164380618998285,True
5323,5323,2671,1,tfidf+bert,2,1,0.9061591580619299,True
5324,5324,2672,0,tfidf+bert,2,0,0.00560108309082626,True
5325,5325,2672,1,tfidf+bert,2,1,0.9981167997490537,True
5326,5326,2673,0,tfidf+bert,2,0,0.011458630166995259,True
5327,5327,2673,1,tfidf+bert,2,1,0.9955644039282205,True
5328,5328,2674,0,tfidf+bert,2,0,0.05871068905036445,True
5329,5329,2674,1,tfidf+bert,2,1,0.9895129042149187,True
5330,5330,2675,0,tfidf+bert,2,0,0.0018471123829831466,True
5331,5331,2675,1,tfidf+bert,2,1,0.6625355724916278,True
5332,5332,2676,0,tfidf+bert,2,0,0.001118179406681875,True
5333,5333,2676,1,tfidf+bert,2,1,0.9974304666710967,True
5334,5334,2677,0,tfidf+bert,2,0,0.01780667023730258,True
5335,5335,2677,1,tfidf+bert,2,1,0.9909169331921566,True
5336,5336,2678,0,tfidf+bert,2,0,0.0001776576942797972,True
5337,5337,2678,1,tfidf+bert,2,1,0.9868375573121347,True
5338,5338,2679,0,tfidf+bert,2,0,0.31648483202422034,True
5339,5339,2679,1,tfidf+bert,2,1,0.9820257250139026,True
5340,5340,2680,0,tfidf+bert,2,0,0.14804329715328407,True
5341,5341,2680,1,tfidf+bert,2,1,0.9974312223041948,True
5342,5342,2681,0,tfidf+bert,2,0,0.002749432460181565,True
5343,5343,2681,1,tfidf+bert,2,1,0.9980177920158894,True
5344,5344,2682,0,tfidf+bert,2,0,0.02668912031815553,True
5345,5345,2682,1,tfidf+bert,2,1,0.9830960849830803,True
5346,5346,2683,0,tfidf+bert,2,0,0.02112075291370767,True
5347,5347,2683,1,tfidf+bert,2,1,0.9696815413852521,True
5348,5348,2684,0,tfidf+bert,2,0,0.01624121336540157,True
5349,5349,2684,1,tfidf+bert,2,1,0.9949385581276969,True
5350,5350,2685,0,tfidf+bert,2,0,0.10748074852123592,True
5351,5351,2685,1,tfidf+bert,2,1,0.999536607835785,True
5352,5352,2686,0,tfidf+bert,2,0,0.0003571859655286681,True
5353,5353,2686,1,tfidf+bert,2,1,0.8853567161344644,True
5354,5354,2687,0,tfidf+bert,2,1,0.5597048014753864,False
5355,5355,2687,1,tfidf+bert,2,1,0.9928318750204206,True
5356,5356,2688,0,tfidf+bert,2,0,0.03264363375630198,True
5357,5357,2688,1,tfidf+bert,2,1,0.6440775695968723,True
5358,5358,2689,0,tfidf+bert,2,0,0.012774099157975019,True
5359,5359,2689,1,tfidf+bert,2,1,0.9989151460322815,True
5360,5360,2690,0,tfidf+bert,2,0,0.11457831509354925,True
5361,5361,2690,1,tfidf+bert,2,1,0.9946966734289764,True
5362,5362,2691,0,tfidf+bert,2,0,0.0032552972120231064,True
5363,5363,2691,1,tfidf+bert,2,1,0.8347775225490353,True
5364,5364,2692,0,tfidf+bert,2,0,0.034379078558398925,True
5365,5365,2692,1,tfidf+bert,2,1,0.9981146818149463,True
5366,5366,2693,0,tfidf+bert,2,0,0.02200196082535405,True
5367,5367,2693,1,tfidf+bert,2,1,0.9842729672332133,True
5368,5368,2694,0,tfidf+bert,2,0,0.0031706594642366645,True
5369,5369,2694,1,tfidf+bert,2,1,0.7717477860832309,True
5370,5370,2695,0,tfidf+bert,2,0,0.05409707941642917,True
5371,5371,2695,1,tfidf+bert,2,1,0.9506705555893512,True
5372,5372,2696,0,tfidf+bert,2,0,0.05848214430620955,True
5373,5373,2696,1,tfidf+bert,2,1,0.9981389271605506,True
5374,5374,2697,0,tfidf+bert,2,0,0.0032234081162963654,True
5375,5375,2697,1,tfidf+bert,2,1,0.999012450114695,True
5376,5376,2698,0,tfidf+bert,2,0,0.015009342783516216,True
5377,5377,2698,1,tfidf+bert,2,1,0.9749786006904836,True
5378,5378,2699,0,tfidf+bert,2,0,0.008910483579352362,True
5379,5379,2699,1,tfidf+bert,2,1,0.987820778990889,True
5380,5380,2700,0,tfidf+bert,2,0,0.023674891392892094,True
5381,5381,2700,1,tfidf+bert,2,1,0.9964189741021867,True
5382,5382,2701,0,tfidf+bert,2,0,0.022083582336294014,True
5383,5383,2701,1,tfidf+bert,2,1,0.6614457912352212,True
5384,5384,2702,0,tfidf+bert,2,0,0.11292685217938193,True
5385,5385,2702,1,tfidf+bert,2,1,0.9948164686418288,True
5386,5386,2703,0,tfidf+bert,2,0,0.030624684218668763,True
5387,5387,2703,1,tfidf+bert,2,1,0.9984380700731075,True
5388,5388,2704,0,tfidf+bert,2,0,0.007778584252669455,True
5389,5389,2704,1,tfidf+bert,2,1,0.8825405644040893,True
5390,5390,2705,0,tfidf+bert,2,0,0.004400895303723852,True
5391,5391,2705,1,tfidf+bert,2,1,0.7950658658161379,True
5392,5392,2706,0,tfidf+bert,2,0,0.06850610108027086,True
5393,5393,2706,1,tfidf+bert,2,1,0.9908295722067532,True
5394,5394,2707,0,tfidf+bert,2,0,0.012864954478126488,True
5395,5395,2707,1,tfidf+bert,2,1,0.9828054181378189,True
5396,5396,2708,0,tfidf+bert,2,0,0.005369914538100471,True
5397,5397,2708,1,tfidf+bert,2,1,0.9944376299552974,True
5398,5398,2709,0,tfidf+bert,2,0,0.14909203151160288,True
5399,5399,2709,1,tfidf+bert,2,1,0.996942590097351,True
5400,5400,2710,0,tfidf+bert,2,0,0.0022422819261496336,True
5401,5401,2710,1,tfidf+bert,2,1,0.9798298297674254,True
5402,5402,2711,0,tfidf+bert,2,0,0.05108189166248889,True
5403,5403,2711,1,tfidf+bert,2,1,0.9887126449081706,True
5404,5404,2712,0,tfidf+bert,2,0,0.0336877802107818,True
5405,5405,2712,1,tfidf+bert,2,1,0.9863225589867793,True
5406,5406,2713,0,tfidf+bert,2,0,0.07258335936252439,True
5407,5407,2713,1,tfidf+bert,2,1,0.7685532517972485,True
5408,5408,2714,0,tfidf+bert,2,0,0.008065687407114323,True
5409,5409,2714,1,tfidf+bert,2,1,0.9859383773616742,True
5410,5410,2715,0,tfidf+bert,2,0,0.026094872457275785,True
5411,5411,2715,1,tfidf+bert,2,1,0.9957422404765052,True
5412,5412,2716,0,tfidf+bert,2,0,0.03212794935625403,True
5413,5413,2716,1,tfidf+bert,2,1,0.93590776658469,True
5414,5414,2717,0,tfidf+bert,2,0,0.005945516790464505,True
5415,5415,2717,1,tfidf+bert,2,1,0.9961448853017569,True
5416,5416,2718,0,tfidf+bert,2,0,0.010146075339154854,True
5417,5417,2718,1,tfidf+bert,2,1,0.9902733847432854,True
5418,5418,2719,0,tfidf+bert,2,0,0.05830021179299414,True
5419,5419,2719,1,tfidf+bert,2,1,0.9939153505498363,True
5420,5420,2720,0,tfidf+bert,2,0,0.19751999421226507,True
5421,5421,2720,1,tfidf+bert,2,1,0.999593353756029,True
5422,5422,2721,0,tfidf+bert,2,0,0.008197591255998967,True
5423,5423,2721,1,tfidf+bert,2,1,0.9989850524511515,True
5424,5424,2722,0,tfidf+bert,2,0,0.002589952075280621,True
5425,5425,2722,1,tfidf+bert,2,1,0.9926905810924833,True
5426,5426,2723,0,tfidf+bert,2,0,0.0034155367820358174,True
5427,5427,2723,1,tfidf+bert,2,0,0.15011290835664326,False
5428,5428,2724,0,tfidf+bert,2,0,0.003798170325927566,True
5429,5429,2724,1,tfidf+bert,2,1,0.8158094277011373,True
5430,5430,2725,0,tfidf+bert,2,0,0.007599365957896419,True
5431,5431,2725,1,tfidf+bert,2,1,0.9132836491287223,True
5432,5432,2726,0,tfidf+bert,2,0,0.018989875480336142,True
5433,5433,2726,1,tfidf+bert,2,1,0.9925427805201341,True
5434,5434,2727,0,tfidf+bert,2,0,0.047119093647954226,True
5435,5435,2727,1,tfidf+bert,2,1,0.9977569248501749,True
5436,5436,2728,0,tfidf+bert,2,0,0.013152437541395971,True
5437,5437,2728,1,tfidf+bert,2,1,0.9994149983043266,True
5438,5438,2729,0,tfidf+bert,2,0,0.0038424889020282527,True
5439,5439,2729,1,tfidf+bert,2,1,0.5807386616888471,True
5440,5440,2730,0,tfidf+bert,2,0,0.1206434818562992,True
5441,5441,2730,1,tfidf+bert,2,1,0.9752097835175397,True
5442,5442,2731,0,tfidf+bert,2,0,0.0008931818002164347,True
5443,5443,2731,1,tfidf+bert,2,1,0.9019138492304474,True
5444,5444,2732,0,tfidf+bert,2,0,0.0013482112330169406,True
5445,5445,2732,1,tfidf+bert,2,1,0.9569170113610688,True
5446,5446,2733,0,tfidf+bert,2,0,0.055505443706310095,True
5447,5447,2733,1,tfidf+bert,2,1,0.7637735355080592,True
5448,5448,2734,0,tfidf+bert,2,0,0.06311546716996659,True
5449,5449,2734,1,tfidf+bert,2,1,0.9932831966911414,True
5450,5450,2735,0,tfidf+bert,2,0,0.002431823463162719,True
5451,5451,2735,1,tfidf+bert,2,1,0.8336432869637962,True
5452,5452,2736,0,tfidf+bert,2,0,0.0008952883703471674,True
5453,5453,2736,1,tfidf+bert,2,1,0.591721212511492,True
5454,5454,2737,0,tfidf+bert,2,0,0.04621697714220363,True
5455,5455,2737,1,tfidf+bert,2,1,0.9955853156143144,True
5456,5456,2738,0,tfidf+bert,2,0,0.09502913817517203,True
5457,5457,2738,1,tfidf+bert,2,1,0.9663796792189359,True
5458,5458,2739,0,tfidf+bert,2,0,0.002111692865005528,True
5459,5459,2739,1,tfidf+bert,2,1,0.8193485510401133,True
5460,5460,2740,0,tfidf+bert,2,0,0.020594720067929447,True
5461,5461,2740,1,tfidf+bert,2,1,0.9990628212154257,True
5462,5462,2741,0,tfidf+bert,2,0,0.010471522329241242,True
5463,5463,2741,1,tfidf+bert,2,1,0.9925967476864695,True
5464,5464,2742,0,tfidf+bert,2,0,0.015073027473700975,True
5465,5465,2742,1,tfidf+bert,2,1,0.9866745073217914,True
5466,5466,2743,0,tfidf+bert,2,1,0.8535869022306353,False
5467,5467,2743,1,tfidf+bert,2,1,0.9863173577773607,True
5468,5468,2744,0,tfidf+bert,2,0,0.006255090269988801,True
5469,5469,2744,1,tfidf+bert,2,1,0.9921801988654897,True
5470,5470,2745,0,tfidf+bert,2,0,0.00038771073819867974,True
5471,5471,2745,1,tfidf+bert,2,1,0.9600806079958387,True
5472,5472,2746,0,tfidf+bert,2,0,0.05888416158541308,True
5473,5473,2746,1,tfidf+bert,2,1,0.5190171727347487,True
5474,5474,2747,0,tfidf+bert,2,0,0.061859958514324374,True
5475,5475,2747,1,tfidf+bert,2,1,0.9870255730892274,True
5476,5476,2748,0,tfidf+bert,2,0,0.004516726506396895,True
5477,5477,2748,1,tfidf+bert,2,1,0.9914284402650279,True
5478,5478,2749,0,tfidf+bert,2,0,0.01388278717773081,True
5479,5479,2749,1,tfidf+bert,2,1,0.645674533742526,True
5480,5480,2750,0,tfidf+bert,2,0,0.05493028554136046,True
5481,5481,2750,1,tfidf+bert,2,1,0.9866220311024891,True
5482,5482,2751,0,tfidf+bert,2,0,0.005560687355520225,True
5483,5483,2751,1,tfidf+bert,2,1,0.9897427038589902,True
5484,5484,2752,0,tfidf+bert,2,0,0.08380948540792599,True
5485,5485,2752,1,tfidf+bert,2,1,0.9913097882871424,True
5486,5486,2753,0,tfidf+bert,2,0,0.4719170922715912,True
5487,5487,2753,1,tfidf+bert,2,1,0.9953842730062196,True
5488,5488,2754,0,tfidf+bert,2,0,0.008569222129479677,True
5489,5489,2754,1,tfidf+bert,2,1,0.9867999364845474,True
5490,5490,2755,0,tfidf+bert,2,0,0.011208159831321922,True
5491,5491,2755,1,tfidf+bert,2,1,0.9978467350177348,True
5492,5492,2756,0,tfidf+bert,2,0,0.008568548904082785,True
5493,5493,2756,1,tfidf+bert,2,1,0.9976159970448057,True
5494,5494,2757,0,tfidf+bert,2,0,0.010078529378374631,True
5495,5495,2757,1,tfidf+bert,2,1,0.5910495547000346,True
5496,5496,2758,0,tfidf+bert,2,0,0.00484601384318113,True
5497,5497,2758,1,tfidf+bert,2,1,0.9996829874147597,True
5498,5498,2759,0,tfidf+bert,2,0,0.056664810403071905,True
5499,5499,2759,1,tfidf+bert,2,1,0.997941728789632,True
5500,5500,2760,0,tfidf+bert,2,0,0.0031173327232813124,True
5501,5501,2760,1,tfidf+bert,2,1,0.8377007656483643,True
5502,5502,2761,0,tfidf+bert,2,1,0.7643660794242411,False
5503,5503,2761,1,tfidf+bert,2,1,0.9981220642780979,True
5504,5504,2762,0,tfidf+bert,2,0,0.0006672643635734919,True
5505,5505,2762,1,tfidf+bert,2,1,0.9896719187177125,True
5506,5506,2763,0,tfidf+bert,2,0,0.00015837618963116264,True
5507,5507,2763,1,tfidf+bert,2,1,0.9941063683420307,True
5508,5508,2764,0,tfidf+bert,2,0,0.0010644019947056223,True
5509,5509,2764,1,tfidf+bert,2,1,0.6615369698393202,True
5510,5510,2765,0,tfidf+bert,2,0,0.01105768585881248,True
5511,5511,2765,1,tfidf+bert,2,1,0.9720640762790346,True
5512,5512,2766,0,tfidf+bert,2,0,0.016475425865354207,True
5513,5513,2766,1,tfidf+bert,2,1,0.9979391645715511,True
5514,5514,2767,0,tfidf+bert,2,0,0.001128475851147728,True
5515,5515,2767,1,tfidf+bert,2,1,0.9884319730882788,True
5516,5516,2768,0,tfidf+bert,2,1,0.6512796769426011,False
5517,5517,2768,1,tfidf+bert,2,1,0.9960604503246226,True
5518,5518,2769,0,tfidf+bert,2,0,0.11044792755843032,True
5519,5519,2769,1,tfidf+bert,2,1,0.9881889959081004,True
5520,5520,2770,0,tfidf+bert,2,0,0.029824789940105755,True
5521,5521,2770,1,tfidf+bert,2,1,0.9975774604001804,True
5522,5522,2771,0,tfidf+bert,2,0,0.13737101769737084,True
5523,5523,2771,1,tfidf+bert,2,1,0.6441746352779036,True
5524,5524,2772,0,tfidf+bert,2,0,0.011737565079367534,True
5525,5525,2772,1,tfidf+bert,2,1,0.9995595616973356,True
5526,5526,2773,0,tfidf+bert,2,0,0.01202517590842478,True
5527,5527,2773,1,tfidf+bert,2,1,0.9989891666255447,True
5528,5528,2774,0,tfidf+bert,2,0,0.00011909850876545296,True
5529,5529,2774,1,tfidf+bert,2,1,0.9910803945013876,True
5530,5530,2775,0,tfidf+bert,2,0,0.018408397220726548,True
5531,5531,2775,1,tfidf+bert,2,1,0.8499113158600287,True
5532,5532,2776,0,tfidf+bert,2,0,0.0026668282768683286,True
5533,5533,2776,1,tfidf+bert,2,1,0.9993995289686568,True
5534,5534,2777,0,tfidf+bert,2,0,0.10527075687286754,True
5535,5535,2777,1,tfidf+bert,2,1,0.9793711189587526,True
5536,5536,2778,0,tfidf+bert,2,0,0.00133334746236421,True
5537,5537,2778,1,tfidf+bert,2,1,0.9978318160540588,True
5538,5538,2779,0,tfidf+bert,2,0,0.0010511845066492717,True
5539,5539,2779,1,tfidf+bert,2,1,0.9944430980991249,True
5540,5540,2780,0,tfidf+bert,2,0,0.03786863491704978,True
5541,5541,2780,1,tfidf+bert,2,1,0.9995824178110667,True
5542,5542,2781,0,tfidf+bert,2,0,0.007388832860393962,True
5543,5543,2781,1,tfidf+bert,2,1,0.9980741059117875,True
5544,5544,2782,0,tfidf+bert,2,0,0.0013542055813482543,True
5545,5545,2782,1,tfidf+bert,2,1,0.9831354181763804,True
5546,5546,2783,0,tfidf+bert,2,0,0.0009122949738476574,True
5547,5547,2783,1,tfidf+bert,2,1,0.9934503843698085,True
5548,5548,2784,0,tfidf+bert,2,0,0.0072341977147638995,True
5549,5549,2784,1,tfidf+bert,2,1,0.9840132577185307,True
5550,5550,2785,0,tfidf+bert,2,0,0.001411420737929904,True
5551,5551,2785,1,tfidf+bert,2,1,0.7886089400311498,True
5552,5552,2786,0,tfidf+bert,2,0,0.27057096037476025,True
5553,5553,2786,1,tfidf+bert,2,1,0.9621763540831649,True
5554,5554,2787,0,tfidf+bert,2,0,0.015159206461803415,True
5555,5555,2787,1,tfidf+bert,2,1,0.9739077978228653,True
5556,5556,2788,0,tfidf+bert,2,0,0.29219507590590926,True
5557,5557,2788,1,tfidf+bert,2,1,0.6572402781458925,True
5558,5558,2789,0,tfidf+bert,2,0,0.01379899226966037,True
5559,5559,2789,1,tfidf+bert,2,0,0.2825400143900028,False
5560,5560,2790,0,tfidf+bert,2,0,0.017923131383196705,True
5561,5561,2790,1,tfidf+bert,2,1,0.9928952360363089,True
5562,5562,2791,0,tfidf+bert,2,0,0.1353039017875866,True
5563,5563,2791,1,tfidf+bert,2,1,0.9938348386499187,True
5564,5564,2792,0,tfidf+bert,2,0,0.10890553257574596,True
5565,5565,2792,1,tfidf+bert,2,1,0.9974129919610825,True
5566,5566,2793,0,tfidf+bert,2,0,0.23601386545874278,True
5567,5567,2793,1,tfidf+bert,2,1,0.9829985354342013,True
5568,5568,2794,0,tfidf+bert,2,0,0.01768491637375641,True
5569,5569,2794,1,tfidf+bert,2,1,0.6854758664098518,True
5570,5570,2795,0,tfidf+bert,2,0,0.002028125419182925,True
5571,5571,2795,1,tfidf+bert,2,1,0.6128536552079275,True
5572,5572,2796,0,tfidf+bert,2,0,0.013681548559655091,True
5573,5573,2796,1,tfidf+bert,2,1,0.9183790629081952,True
5574,5574,2797,0,tfidf+bert,2,0,0.0025412585445104795,True
5575,5575,2797,1,tfidf+bert,2,1,0.9876305903587173,True
5576,5576,2798,0,tfidf+bert,2,0,0.00029918538338208887,True
5577,5577,2798,1,tfidf+bert,2,1,0.7852605885061987,True
5578,5578,2799,0,tfidf+bert,2,0,0.008791015548830668,True
5579,5579,2799,1,tfidf+bert,2,1,0.9987431092893991,True
5580,5580,2800,0,tfidf+bert,2,0,0.003459349651530992,True
5581,5581,2800,1,tfidf+bert,2,1,0.5152998409965293,True
5582,5582,2801,0,tfidf+bert,2,0,0.0006525366041105379,True
5583,5583,2801,1,tfidf+bert,2,1,0.6978538400629538,True
5584,5584,2802,0,tfidf+bert,2,0,0.008168968908460972,True
5585,5585,2802,1,tfidf+bert,2,1,0.8791313130281929,True
5586,5586,2803,0,tfidf+bert,2,0,0.050337546085267144,True
5587,5587,2803,1,tfidf+bert,2,1,0.9993981392442728,True
5588,5588,2804,0,tfidf+bert,2,0,0.005122114040742069,True
5589,5589,2804,1,tfidf+bert,2,1,0.9987747039771594,True
5590,5590,2805,0,tfidf+bert,2,0,0.005717379187131712,True
5591,5591,2805,1,tfidf+bert,2,1,0.9965068672676196,True
5592,5592,2806,0,tfidf+bert,2,0,0.019996975388649196,True
5593,5593,2806,1,tfidf+bert,2,0,0.2555340474669355,False
5594,5594,2807,0,tfidf+bert,2,0,0.0014323540041487927,True
5595,5595,2807,1,tfidf+bert,2,1,0.9241412642121835,True
5596,5596,2808,0,tfidf+bert,2,0,0.03308042473617895,True
5597,5597,2808,1,tfidf+bert,2,1,0.9704302908696841,True
5598,5598,2809,0,tfidf+bert,2,0,0.002313430022647957,True
5599,5599,2809,1,tfidf+bert,2,1,0.9068815133750286,True
5600,5600,2810,0,tfidf+bert,2,0,0.002025996465326563,True
5601,5601,2810,1,tfidf+bert,2,1,0.9959593472266989,True
5602,5602,2811,0,tfidf+bert,2,0,0.006694373982431818,True
5603,5603,2811,1,tfidf+bert,2,1,0.533453657111664,True
5604,5604,2812,0,tfidf+bert,2,0,0.0015711474363571713,True
5605,5605,2812,1,tfidf+bert,2,1,0.9998948604220219,True
5606,5606,2813,0,tfidf+bert,2,0,0.0028641865931717594,True
5607,5607,2813,1,tfidf+bert,2,1,0.9994247977381436,True
5608,5608,2814,0,tfidf+bert,2,0,0.011893931050050715,True
5609,5609,2814,1,tfidf+bert,2,1,0.9978665930731777,True
5610,5610,2815,0,tfidf+bert,2,0,0.0023475047875673428,True
5611,5611,2815,1,tfidf+bert,2,1,0.985436570196745,True
5612,5612,2816,0,tfidf+bert,2,0,0.0003578665628335116,True
5613,5613,2816,1,tfidf+bert,2,1,0.9988668489503081,True
5614,5614,2817,0,tfidf+bert,2,0,0.02184081151696723,True
5615,5615,2817,1,tfidf+bert,2,1,0.9896911515804014,True
5616,5616,2818,0,tfidf+bert,2,0,0.002587353667096022,True
5617,5617,2818,1,tfidf+bert,2,1,0.890238138755451,True
5618,5618,2819,0,tfidf+bert,2,0,0.14094518645641443,True
5619,5619,2819,1,tfidf+bert,2,1,0.9811512196451462,True
5620,5620,2820,0,tfidf+bert,2,0,0.018216731170389893,True
5621,5621,2820,1,tfidf+bert,2,1,0.9990378035372829,True
5622,5622,2821,0,tfidf+bert,2,0,0.011065414453581205,True
5623,5623,2821,1,tfidf+bert,2,1,0.9953759746022324,True
5624,5624,2822,0,tfidf+bert,2,0,0.0007364966904766223,True
5625,5625,2822,1,tfidf+bert,2,1,0.9986732815481885,True
5626,5626,2823,0,tfidf+bert,2,0,0.08860445772128134,True
5627,5627,2823,1,tfidf+bert,2,1,0.9974386146597851,True
5628,5628,2824,0,tfidf+bert,2,0,0.0008195315264314052,True
5629,5629,2824,1,tfidf+bert,2,1,0.9966057104405088,True
5630,5630,2825,0,tfidf+bert,2,0,0.009006813087434933,True
5631,5631,2825,1,tfidf+bert,2,1,0.9417224816567905,True
5632,5632,2826,0,tfidf+bert,2,0,0.0007790448404377541,True
5633,5633,2826,1,tfidf+bert,2,1,0.9520945863711566,True
5634,5634,2827,0,tfidf+bert,2,0,0.010381815176912954,True
5635,5635,2827,1,tfidf+bert,2,1,0.9975030344254071,True
5636,5636,2828,0,tfidf+bert,2,0,0.21052366048267632,True
5637,5637,2828,1,tfidf+bert,2,1,0.9873463603192949,True
5638,5638,2829,0,tfidf+bert,2,0,0.0637084059429457,True
5639,5639,2829,1,tfidf+bert,2,1,0.9869241348164877,True
5640,5640,2830,0,tfidf+bert,2,0,0.01073377413834547,True
5641,5641,2830,1,tfidf+bert,2,1,0.983567068681969,True
5642,5642,2831,0,tfidf+bert,2,0,0.003501604315710642,True
5643,5643,2831,1,tfidf+bert,2,1,0.9993218023346295,True
5644,5644,2832,0,tfidf+bert,2,0,0.025355640124375696,True
5645,5645,2832,1,tfidf+bert,2,1,0.9972251309545517,True
5646,5646,2833,0,tfidf+bert,2,0,0.0018776184514938386,True
5647,5647,2833,1,tfidf+bert,2,0,0.31206873877278934,False
5648,5648,2834,0,tfidf+bert,2,0,0.00010758948679408715,True
5649,5649,2834,1,tfidf+bert,2,1,0.9973005566242424,True
5650,5650,2835,0,tfidf+bert,2,0,0.006418337083653248,True
5651,5651,2835,1,tfidf+bert,2,1,0.9981057822698687,True
5652,5652,2836,0,tfidf+bert,2,0,0.0926204928056097,True
5653,5653,2836,1,tfidf+bert,2,1,0.9949908930574589,True
5654,5654,2837,0,tfidf+bert,2,0,0.001169026480148771,True
5655,5655,2837,1,tfidf+bert,2,1,0.9928103085419403,True
5656,5656,2838,0,tfidf+bert,2,0,0.04429523668411568,True
5657,5657,2838,1,tfidf+bert,2,1,0.9977095814199551,True
5658,5658,2839,0,tfidf+bert,2,0,0.4065492988503258,True
5659,5659,2839,1,tfidf+bert,2,1,0.9986692527538911,True
5660,5660,2840,0,tfidf+bert,2,0,0.054781710478717584,True
5661,5661,2840,1,tfidf+bert,2,1,0.7866366888018714,True
5662,5662,2841,0,tfidf+bert,2,0,0.0043156961397635045,True
5663,5663,2841,1,tfidf+bert,2,1,0.9915644012796561,True
5664,5664,2842,0,tfidf+bert,2,0,0.00464461401892421,True
5665,5665,2842,1,tfidf+bert,2,0,0.49919790060311886,False
5666,5666,2843,0,tfidf+bert,2,0,0.014168150360810745,True
5667,5667,2843,1,tfidf+bert,2,1,0.9970843265455988,True
5668,5668,2844,0,tfidf+bert,2,0,0.001935074819601032,True
5669,5669,2844,1,tfidf+bert,2,1,0.9955264586148395,True
5670,5670,2845,0,tfidf+bert,2,0,0.000790038495139572,True
5671,5671,2845,1,tfidf+bert,2,1,0.8945735838686693,True
5672,5672,2846,0,tfidf+bert,2,0,0.012552512573729076,True
5673,5673,2846,1,tfidf+bert,2,1,0.8170665802964667,True
5674,5674,2847,0,tfidf+bert,2,1,0.5745815125343408,False
5675,5675,2847,1,tfidf+bert,2,1,0.9894030417959518,True
5676,5676,2848,0,tfidf+bert,2,0,0.012860716503915827,True
5677,5677,2848,1,tfidf+bert,2,1,0.9795771303851017,True
5678,5678,2849,0,tfidf+bert,2,0,0.04073880979480007,True
5679,5679,2849,1,tfidf+bert,2,1,0.9995704524854101,True
5680,5680,2850,0,tfidf+bert,2,0,0.022961958576833266,True
5681,5681,2850,1,tfidf+bert,2,1,0.9890291566836097,True
5682,5682,2851,0,tfidf+bert,2,0,0.004536180526853535,True
5683,5683,2851,1,tfidf+bert,2,0,0.49262381631124497,False
5684,5684,2852,0,tfidf+bert,2,0,0.0009005683732998751,True
5685,5685,2852,1,tfidf+bert,2,1,0.9936449423124287,True
5686,5686,2853,0,tfidf+bert,2,0,0.007412235003788461,True
5687,5687,2853,1,tfidf+bert,2,1,0.9917865306566789,True
5688,5688,2854,0,tfidf+bert,2,0,0.0036043187713163945,True
5689,5689,2854,1,tfidf+bert,2,1,0.9820822544912307,True
5690,5690,2855,0,tfidf+bert,2,0,0.019257789874165893,True
5691,5691,2855,1,tfidf+bert,2,1,0.9391013958896158,True
5692,5692,2856,0,tfidf+bert,2,0,0.15433685971491157,True
5693,5693,2856,1,tfidf+bert,2,1,0.9965711080805771,True
5694,5694,2857,0,tfidf+bert,2,0,0.008251324057987027,True
5695,5695,2857,1,tfidf+bert,2,1,0.9928489832573973,True
5696,5696,2858,0,tfidf+bert,2,0,0.001877504813432632,True
5697,5697,2858,1,tfidf+bert,2,1,0.9989402287128983,True
5698,5698,2859,0,tfidf+bert,2,0,0.008870856955045322,True
5699,5699,2859,1,tfidf+bert,2,1,0.9851456053184732,True
5700,5700,2860,0,tfidf+bert,2,0,0.0016181416314936267,True
5701,5701,2860,1,tfidf+bert,2,1,0.8952565996948754,True
5702,5702,2861,0,tfidf+bert,2,0,0.030996508872537663,True
5703,5703,2861,1,tfidf+bert,2,1,0.9246860311062503,True
5704,5704,2862,0,tfidf+bert,2,0,0.00037246515988310143,True
5705,5705,2862,1,tfidf+bert,2,1,0.8782483796279387,True
5706,5706,2863,0,tfidf+bert,2,0,0.0031630026077547205,True
5707,5707,2863,1,tfidf+bert,2,1,0.9760579621383488,True
5708,5708,2864,0,tfidf+bert,2,0,0.008546107253318152,True
5709,5709,2864,1,tfidf+bert,2,1,0.995083810885945,True
5710,5710,2865,0,tfidf+bert,2,0,0.008237753187512221,True
5711,5711,2865,1,tfidf+bert,2,1,0.9974743095217544,True
5712,5712,2866,0,tfidf+bert,2,0,0.0035261844421339435,True
5713,5713,2866,1,tfidf+bert,2,1,0.9963420550956715,True
5714,5714,2867,0,tfidf+bert,2,0,0.0002599451958198343,True
5715,5715,2867,1,tfidf+bert,2,1,0.953637881867479,True
5716,5716,2868,0,tfidf+bert,2,0,0.010011436481872112,True
5717,5717,2868,1,tfidf+bert,2,1,0.9711932576992224,True
5718,5718,2869,0,tfidf+bert,2,0,0.010357175783772972,True
5719,5719,2869,1,tfidf+bert,2,1,0.9900551406565136,True
5720,5720,2870,0,tfidf+bert,2,0,0.02395522689935141,True
5721,5721,2870,1,tfidf+bert,2,1,0.9968666109492611,True
5722,5722,2871,0,tfidf+bert,2,0,0.028325644169803058,True
5723,5723,2871,1,tfidf+bert,2,1,0.9050814635689408,True
5724,5724,2872,0,tfidf+bert,2,0,0.056284687360775174,True
5725,5725,2872,1,tfidf+bert,2,1,0.983810595370116,True
5726,5726,2873,0,tfidf+bert,2,0,0.004797061025788216,True
5727,5727,2873,1,tfidf+bert,2,1,0.9479748883291461,True
5728,5728,2874,0,tfidf+bert,2,0,0.27533825747730356,True
5729,5729,2874,1,tfidf+bert,2,1,0.9607416365509619,True
5730,5730,2875,0,tfidf+bert,2,0,0.2744289839987304,True
5731,5731,2875,1,tfidf+bert,2,1,0.9483608655475303,True
5732,5732,2876,0,tfidf+bert,2,0,0.0006898372733092058,True
5733,5733,2876,1,tfidf+bert,2,1,0.9987444738531506,True
5734,5734,2877,0,tfidf+bert,2,0,0.01305441933134106,True
5735,5735,2877,1,tfidf+bert,2,1,0.6281687676531061,True
5736,5736,2878,0,tfidf+bert,2,0,0.04599780342339121,True
5737,5737,2878,1,tfidf+bert,2,1,0.9836429533549549,True
5738,5738,2879,0,tfidf+bert,2,0,0.0029585994321007034,True
5739,5739,2879,1,tfidf+bert,2,1,0.9695430194975981,True
5740,5740,2880,0,tfidf+bert,2,0,0.006158052938450508,True
5741,5741,2880,1,tfidf+bert,2,1,0.9454667891701191,True
5742,5742,2881,0,tfidf+bert,2,0,0.008824523006716219,True
5743,5743,2881,1,tfidf+bert,2,1,0.7887629300420166,True
5744,5744,2882,0,tfidf+bert,2,0,0.0009198441257073919,True
5745,5745,2882,1,tfidf+bert,2,1,0.9908072395362028,True
5746,5746,2883,0,tfidf+bert,2,0,0.00312449979613459,True
5747,5747,2883,1,tfidf+bert,2,1,0.9872566652238489,True
5748,5748,2884,0,tfidf+bert,2,0,0.0044403705349791,True
5749,5749,2884,1,tfidf+bert,2,1,0.9977338189114336,True
5750,5750,2885,0,tfidf+bert,2,0,0.0762752827057975,True
5751,5751,2885,1,tfidf+bert,2,1,0.9847082967051918,True
5752,5752,2886,0,tfidf+bert,2,0,0.0015367941936303186,True
5753,5753,2886,1,tfidf+bert,2,1,0.9784539042346975,True
5754,5754,2887,0,tfidf+bert,2,0,0.0026229437957221327,True
5755,5755,2887,1,tfidf+bert,2,1,0.9988589958086901,True
5756,5756,2888,0,tfidf+bert,2,0,0.06975637323469652,True
5757,5757,2888,1,tfidf+bert,2,1,0.9844446241159188,True
5758,5758,2889,0,tfidf+bert,2,0,0.4441232500215503,True
5759,5759,2889,1,tfidf+bert,2,1,0.9753230510611899,True
5760,5760,2890,0,tfidf+bert,2,0,0.009838073508320656,True
5761,5761,2890,1,tfidf+bert,2,1,0.9982286917811496,True
5762,5762,2891,0,tfidf+bert,2,0,0.1710542535931428,True
5763,5763,2891,1,tfidf+bert,2,1,0.9950914564686385,True
5764,5764,2892,0,tfidf+bert,2,0,0.0121163471408492,True
5765,5765,2892,1,tfidf+bert,2,1,0.9897181852597807,True
5766,5766,2893,0,tfidf+bert,2,0,0.05956757450690781,True
5767,5767,2893,1,tfidf+bert,2,1,0.9783143592482045,True
5768,5768,2894,0,tfidf+bert,2,0,0.020816934370203096,True
5769,5769,2894,1,tfidf+bert,2,1,0.9124256281838339,True
5770,5770,2895,0,tfidf+bert,2,0,0.09149629967181311,True
5771,5771,2895,1,tfidf+bert,2,1,0.9432253865552457,True
5772,5772,2896,0,tfidf+bert,2,1,0.5053054740419093,False
5773,5773,2896,1,tfidf+bert,2,1,0.9632620211795924,True
5774,5774,2897,0,tfidf+bert,2,0,0.07862683728831689,True
5775,5775,2897,1,tfidf+bert,2,1,0.9959651083729705,True
5776,5776,2898,0,tfidf+bert,2,0,0.02838555038510378,True
5777,5777,2898,1,tfidf+bert,2,1,0.999328815878459,True
5778,5778,2899,0,tfidf+bert,2,0,0.019613676094139307,True
5779,5779,2899,1,tfidf+bert,2,1,0.9987782297782769,True
5780,5780,2900,0,tfidf+bert,2,0,0.03082746204744092,True
5781,5781,2900,1,tfidf+bert,2,1,0.9280922584469361,True
5782,5782,2901,0,tfidf+bert,2,0,0.046570903907503944,True
5783,5783,2901,1,tfidf+bert,2,1,0.9672100809045995,True
5784,5784,2902,0,tfidf+bert,2,0,0.006665039585172586,True
5785,5785,2902,1,tfidf+bert,2,1,0.7213393838320742,True
5786,5786,2903,0,tfidf+bert,2,0,0.012423427248038636,True
5787,5787,2903,1,tfidf+bert,2,1,0.9610898866783225,True
5788,5788,2904,0,tfidf+bert,2,0,0.022515911453981276,True
5789,5789,2904,1,tfidf+bert,2,1,0.8558789702082606,True
5790,5790,2905,0,tfidf+bert,2,0,0.009935722479284223,True
5791,5791,2905,1,tfidf+bert,2,1,0.998985090416464,True
5792,5792,2906,0,tfidf+bert,2,0,0.022183312671499863,True
5793,5793,2906,1,tfidf+bert,2,1,0.9981482594877054,True
5794,5794,2907,0,tfidf+bert,2,0,0.004333078350581102,True
5795,5795,2907,1,tfidf+bert,2,1,0.9869582767521465,True
5796,5796,2908,0,tfidf+bert,2,0,0.0006499421822974543,True
5797,5797,2908,1,tfidf+bert,2,1,0.9980162469457016,True
5798,5798,2909,0,tfidf+bert,2,0,0.008943321468033654,True
5799,5799,2909,1,tfidf+bert,2,1,0.9972538140645651,True
5800,5800,2910,0,tfidf+bert,2,0,0.23659687142324537,True
5801,5801,2910,1,tfidf+bert,2,1,0.9929384585969859,True
5802,5802,2911,0,tfidf+bert,2,0,0.00046823105546525137,True
5803,5803,2911,1,tfidf+bert,2,1,0.991042421024294,True
5804,5804,2912,0,tfidf+bert,2,0,0.00025559627104698637,True
5805,5805,2912,1,tfidf+bert,2,1,0.999596135737858,True
5806,5806,2913,0,tfidf+bert,2,0,0.017655055099452078,True
5807,5807,2913,1,tfidf+bert,2,1,0.9997809293200676,True
5808,5808,2914,0,tfidf+bert,2,0,0.04388755815503976,True
5809,5809,2914,1,tfidf+bert,2,0,0.25046002282747093,False
5810,5810,2915,0,tfidf+bert,2,0,0.0190009306319797,True
5811,5811,2915,1,tfidf+bert,2,1,0.99671673507114,True
5812,5812,2916,0,tfidf+bert,2,0,0.09717406038717238,True
5813,5813,2916,1,tfidf+bert,2,1,0.9962637391582124,True
5814,5814,2917,0,tfidf+bert,2,0,0.0003383542428659575,True
5815,5815,2917,1,tfidf+bert,2,1,0.9989487455384877,True
5816,5816,2918,0,tfidf+bert,2,0,0.0034017075268332076,True
5817,5817,2918,1,tfidf+bert,2,1,0.9968989772875004,True
5818,5818,2919,0,tfidf+bert,2,0,0.0003990994625480449,True
5819,5819,2919,1,tfidf+bert,2,1,0.8339238080009579,True
5820,5820,2920,0,tfidf+bert,2,0,0.0003707552529880042,True
5821,5821,2920,1,tfidf+bert,2,1,0.9990974240382727,True
5822,5822,2921,0,tfidf+bert,2,0,0.06759212249768644,True
5823,5823,2921,1,tfidf+bert,2,1,0.9177090940663292,True
5824,5824,2922,0,tfidf+bert,2,0,0.00017379424464075875,True
5825,5825,2922,1,tfidf+bert,2,1,0.9810963790120272,True
5826,5826,2923,0,tfidf+bert,2,0,0.0044273344990570064,True
5827,5827,2923,1,tfidf+bert,2,1,0.9980983376516553,True
5828,5828,2924,0,tfidf+bert,2,0,0.0015162730515538667,True
5829,5829,2924,1,tfidf+bert,2,1,0.991427197388935,True
5830,5830,2925,0,tfidf+bert,2,0,0.0040029643903754615,True
5831,5831,2925,1,tfidf+bert,2,1,0.8266152653731232,True
5832,5832,2926,0,tfidf+bert,2,0,0.006410429194604234,True
5833,5833,2926,1,tfidf+bert,2,1,0.9944477966032761,True
5834,5834,2927,0,tfidf+bert,2,0,0.29339848731111934,True
5835,5835,2927,1,tfidf+bert,2,1,0.9972659087297467,True
5836,5836,2928,0,tfidf+bert,2,0,0.003613034819155737,True
5837,5837,2928,1,tfidf+bert,2,1,0.9893936586360682,True
5838,5838,2929,0,tfidf+bert,2,1,0.848752397923544,False
5839,5839,2929,1,tfidf+bert,2,1,0.9984749291616565,True
5840,5840,2930,0,tfidf+bert,2,0,0.0022590562386077015,True
5841,5841,2930,1,tfidf+bert,2,1,0.9995461378638276,True
5842,5842,2931,0,tfidf+bert,2,0,0.15283174827653656,True
5843,5843,2931,1,tfidf+bert,2,1,0.9853608235780782,True
5844,5844,2932,0,tfidf+bert,2,0,0.008371084283010146,True
5845,5845,2932,1,tfidf+bert,2,1,0.9895887041989241,True
5846,5846,2933,0,tfidf+bert,2,0,0.012095793153994188,True
5847,5847,2933,1,tfidf+bert,2,1,0.9983773373817693,True
5848,5848,2934,0,tfidf+bert,2,0,0.16583908068762895,True
5849,5849,2934,1,tfidf+bert,2,1,0.978913659571741,True
5850,5850,2935,0,tfidf+bert,2,0,0.21016363138651512,True
5851,5851,2935,1,tfidf+bert,2,1,0.9925380407491989,True
5852,5852,2936,0,tfidf+bert,2,0,0.00021709821777125336,True
5853,5853,2936,1,tfidf+bert,2,1,0.717105517935443,True
5854,5854,2937,0,tfidf+bert,2,0,0.0001042035270501652,True
5855,5855,2937,1,tfidf+bert,2,1,0.8993128219077272,True
5856,5856,2938,0,tfidf+bert,2,0,0.2189018991737176,True
5857,5857,2938,1,tfidf+bert,2,1,0.9965130746105886,True
5858,5858,2939,0,tfidf+bert,2,0,0.0553989330183139,True
5859,5859,2939,1,tfidf+bert,2,1,0.9794551439688638,True
5860,5860,2940,0,tfidf+bert,2,0,0.017859848833444485,True
5861,5861,2940,1,tfidf+bert,2,1,0.6535819254976438,True
5862,5862,2941,0,tfidf+bert,2,0,0.0010389217275972682,True
5863,5863,2941,1,tfidf+bert,2,1,0.9511645094789208,True
5864,5864,2942,0,tfidf+bert,2,0,0.054101643898855356,True
5865,5865,2942,1,tfidf+bert,2,1,0.9939778314644121,True
5866,5866,2943,0,tfidf+bert,2,0,0.00514242771234267,True
5867,5867,2943,1,tfidf+bert,2,1,0.9977668145115821,True
5868,5868,2944,0,tfidf+bert,2,0,0.022753242923999828,True
5869,5869,2944,1,tfidf+bert,2,1,0.995335932657494,True
5870,5870,2945,0,tfidf+bert,2,0,0.24071616628431364,True
5871,5871,2945,1,tfidf+bert,2,1,0.9989653272998219,True
5872,5872,2946,0,tfidf+bert,2,0,0.014413319986789455,True
5873,5873,2946,1,tfidf+bert,2,1,0.9988586241491928,True
5874,5874,2947,0,tfidf+bert,2,0,0.0022791009363470976,True
5875,5875,2947,1,tfidf+bert,2,1,0.9930813012800133,True
5876,5876,2948,0,tfidf+bert,2,0,0.02366054516080367,True
5877,5877,2948,1,tfidf+bert,2,1,0.9586959730978718,True
5878,5878,2949,0,tfidf+bert,2,0,0.004912993027636857,True
5879,5879,2949,1,tfidf+bert,2,1,0.513167097952854,True
5880,5880,2950,0,tfidf+bert,2,0,0.2531857277572516,True
5881,5881,2950,1,tfidf+bert,2,1,0.9989192199006083,True
5882,5882,2951,0,tfidf+bert,2,0,0.0007634720430293083,True
5883,5883,2951,1,tfidf+bert,2,1,0.8451378388264885,True
5884,5884,2952,0,tfidf+bert,2,0,0.0002002415465231198,True
5885,5885,2952,1,tfidf+bert,2,1,0.9771906012544244,True
5886,5886,2953,0,tfidf+bert,2,0,0.007627415136213748,True
5887,5887,2953,1,tfidf+bert,2,1,0.9992892996120086,True
5888,5888,2954,0,tfidf+bert,2,0,0.02103815114200086,True
5889,5889,2954,1,tfidf+bert,2,1,0.9979898643362596,True
5890,5890,2955,0,tfidf+bert,2,0,0.41889677673551307,True
5891,5891,2955,1,tfidf+bert,2,1,0.9983328966919004,True
5892,5892,2956,0,tfidf+bert,2,0,0.00019485418264825319,True
5893,5893,2956,1,tfidf+bert,2,1,0.9090355214432021,True
5894,5894,2957,0,tfidf+bert,2,1,0.6338920561195034,False
5895,5895,2957,1,tfidf+bert,2,1,0.9067751377246073,True
5896,5896,2958,0,tfidf+bert,2,0,0.0026282272717126675,True
5897,5897,2958,1,tfidf+bert,2,1,0.9979720795731483,True
5898,5898,2959,0,tfidf+bert,2,0,0.016144735283652983,True
5899,5899,2959,1,tfidf+bert,2,1,0.8804629456653167,True
5900,5900,2960,0,tfidf+bert,2,0,0.006672780009632799,True
5901,5901,2960,1,tfidf+bert,2,1,0.9939101321886675,True
5902,5902,2961,0,tfidf+bert,2,0,0.05608583433690627,True
5903,5903,2961,1,tfidf+bert,2,1,0.9513169697880198,True
5904,5904,2962,0,tfidf+bert,2,0,0.052000374894382,True
5905,5905,2962,1,tfidf+bert,2,1,0.9921465976801273,True
5906,5906,2963,0,tfidf+bert,2,0,0.006951988175837732,True
5907,5907,2963,1,tfidf+bert,2,1,0.9947798708036835,True
5908,5908,2964,0,tfidf+bert,2,0,0.019878803327461943,True
5909,5909,2964,1,tfidf+bert,2,1,0.9078534963327806,True
5910,5910,2965,0,tfidf+bert,2,0,0.005298931442466541,True
5911,5911,2965,1,tfidf+bert,2,1,0.9816377087863496,True
5912,5912,2966,0,tfidf+bert,2,0,0.008927498943936215,True
5913,5913,2966,1,tfidf+bert,2,1,0.992821690189705,True
5914,5914,2967,0,tfidf+bert,2,0,0.005385505535870862,True
5915,5915,2967,1,tfidf+bert,2,1,0.7747164853403378,True
5916,5916,2968,0,tfidf+bert,2,0,0.04558387846315142,True
5917,5917,2968,1,tfidf+bert,2,1,0.9415113966797707,True
5918,5918,2969,0,tfidf+bert,2,0,0.0537660815989521,True
5919,5919,2969,1,tfidf+bert,2,1,0.8236084580445616,True
5920,5920,2970,0,tfidf+bert,2,0,0.0011284015930209995,True
5921,5921,2970,1,tfidf+bert,2,1,0.9960094784469852,True
5922,5922,2971,0,tfidf+bert,2,0,0.0030595789811501783,True
5923,5923,2971,1,tfidf+bert,2,1,0.9926619799673024,True
5924,5924,2972,0,tfidf+bert,2,0,0.041607974763363975,True
5925,5925,2972,1,tfidf+bert,2,1,0.9931233588549834,True
5926,5926,2973,1,tfidf+bert,2,1,0.9917964074081088,True
5927,5927,2974,0,tfidf+bert,2,0,0.000896860025191016,True
5928,5928,2974,1,tfidf+bert,2,0,0.1956482137010524,False
5929,5929,2975,0,tfidf+bert,2,0,0.01946804545216002,True
5930,5930,2975,1,tfidf+bert,2,1,0.9943665634535692,True
5931,5931,2976,0,tfidf+bert,2,0,0.0007119752332095027,True
5932,5932,2976,1,tfidf+bert,2,1,0.9640308876818158,True
5933,5933,2977,0,tfidf+bert,2,0,0.007050389898732781,True
5934,5934,2977,1,tfidf+bert,2,1,0.9962809916570388,True
5935,5935,2978,0,tfidf+bert,2,0,0.002505559884827996,True
5936,5936,2978,1,tfidf+bert,2,1,0.9986864654254606,True
5937,5937,2979,0,tfidf+bert,2,0,0.0008229964866458622,True
5938,5938,2979,1,tfidf+bert,2,1,0.9891973707361779,True
5939,5939,2980,0,tfidf+bert,2,0,0.05264639184835612,True
5940,5940,2980,1,tfidf+bert,2,1,0.9985666562175158,True
5941,5941,2981,0,tfidf+bert,2,0,0.001699168693148827,True
5942,5942,2981,1,tfidf+bert,2,1,0.9865942100538662,True
5943,5943,2982,0,tfidf+bert,2,0,0.010718452537958199,True
5944,5944,2982,1,tfidf+bert,2,1,0.983991031344934,True
5945,5945,2983,0,tfidf+bert,2,0,0.01866296269018219,True
5946,5946,2983,1,tfidf+bert,2,1,0.8727475467223865,True
5947,5947,2984,0,tfidf+bert,2,0,0.011200926687644648,True
5948,5948,2984,1,tfidf+bert,2,1,0.9970921299119154,True
5949,5949,2985,0,tfidf+bert,2,0,0.0011034700594957955,True
5950,5950,2985,1,tfidf+bert,2,1,0.9991262856313429,True
5951,5951,2986,0,tfidf+bert,2,0,0.0020822800548433353,True
5952,5952,2986,1,tfidf+bert,2,1,0.9783730465249452,True
5953,5953,2987,0,tfidf+bert,2,0,0.06338336990380429,True
5954,5954,2987,1,tfidf+bert,2,1,0.9076306133588987,True
5955,5955,2988,0,tfidf+bert,2,0,0.4761967606277231,True
5956,5956,2988,1,tfidf+bert,2,1,0.9970140552647517,True
5957,5957,2989,0,tfidf+bert,2,0,0.02480175325143268,True
5958,5958,2989,1,tfidf+bert,2,1,0.9993827922468109,True
5959,5959,2990,0,tfidf+bert,2,0,0.0005244617779407685,True
5960,5960,2990,1,tfidf+bert,2,1,0.9890624221704887,True
5961,5961,2991,0,tfidf+bert,2,0,0.020831808068430963,True
5962,5962,2991,1,tfidf+bert,2,1,0.9991016485724101,True
5963,5963,2992,0,tfidf+bert,2,0,0.06327132385968169,True
5964,5964,2992,1,tfidf+bert,2,1,0.9947281270261534,True
5965,5965,2993,0,tfidf+bert,2,0,0.0021084689244625578,True
5966,5966,2993,1,tfidf+bert,2,1,0.9965855022811166,True
5967,5967,2994,0,tfidf+bert,2,0,0.0031537079549710857,True
5968,5968,2994,1,tfidf+bert,2,1,0.9979319746574048,True
5969,5969,2995,0,tfidf+bert,2,0,0.006653298175600369,True
5970,5970,2995,1,tfidf+bert,2,1,0.9994826769432917,True
5971,5971,2996,0,tfidf+bert,2,0,0.020714385832732583,True
5972,5972,2996,1,tfidf+bert,2,1,0.9965920376147741,True
5973,5973,2997,0,tfidf+bert,2,0,0.0002961788573185712,True
5974,5974,2997,1,tfidf+bert,2,1,0.9967200062547008,True
5975,5975,2998,0,tfidf+bert,2,0,0.01944577340671518,True
5976,5976,2998,1,tfidf+bert,2,1,0.9208894551609551,True
5977,5977,2999,0,tfidf+bert,2,0,0.19067101058116787,True
5978,5978,2999,1,tfidf+bert,2,1,0.9699934502392681,True
