row_index,doc_id,source_id,label_aktual,kombinasi,n_fitur,prediksi,probabilitas_AI,benar
0,0,0,0,tfidf+bert+perp,3,0,0.025979023827512677,True
1,1,0,1,tfidf+bert+perp,3,1,0.9989910510548049,True
2,2,1,0,tfidf+bert+perp,3,0,0.0008818680297204042,True
3,3,1,1,tfidf+bert+perp,3,1,0.9903362530763179,True
4,4,2,0,tfidf+bert+perp,3,0,0.007711637827820543,True
5,5,2,1,tfidf+bert+perp,3,1,0.8036235050592161,True
6,6,3,0,tfidf+bert+perp,3,0,0.004131553376678579,True
7,7,3,1,tfidf+bert+perp,3,1,0.9998767431117555,True
8,8,4,0,tfidf+bert+perp,3,0,0.0031874385475477527,True
9,9,4,1,tfidf+bert+perp,3,1,0.998155670550309,True
10,10,5,0,tfidf+bert+perp,3,0,0.0010248057485007008,True
11,11,5,1,tfidf+bert+perp,3,1,0.9204532548003453,True
12,12,6,0,tfidf+bert+perp,3,0,0.00010971182745365415,True
13,13,6,1,tfidf+bert+perp,3,1,0.9922683381977198,True
14,14,7,0,tfidf+bert+perp,3,0,0.0005482504226703007,True
15,15,7,1,tfidf+bert+perp,3,1,0.9950557915931012,True
16,16,8,0,tfidf+bert+perp,3,0,0.004482602796620505,True
17,17,8,1,tfidf+bert+perp,3,1,0.9996665502387195,True
18,18,9,0,tfidf+bert+perp,3,1,0.5342479546478427,False
19,19,9,1,tfidf+bert+perp,3,1,0.9983390595544678,True
20,20,10,0,tfidf+bert+perp,3,0,0.007509183126184316,True
21,21,10,1,tfidf+bert+perp,3,1,0.99639352196915,True
22,22,11,0,tfidf+bert+perp,3,0,0.0046708224702150395,True
23,23,11,1,tfidf+bert+perp,3,1,0.9830202650902155,True
24,24,12,0,tfidf+bert+perp,3,0,0.011701846436320546,True
25,25,12,1,tfidf+bert+perp,3,1,0.9896863502410381,True
26,26,13,0,tfidf+bert+perp,3,0,0.029478822585058028,True
27,27,13,1,tfidf+bert+perp,3,1,0.9962988082842741,True
28,28,14,0,tfidf+bert+perp,3,0,0.00042495901607297496,True
29,29,14,1,tfidf+bert+perp,3,1,0.9955815526002016,True
30,30,15,0,tfidf+bert+perp,3,0,0.008094415375845293,True
31,31,15,1,tfidf+bert+perp,3,1,0.9990109562714806,True
32,32,16,0,tfidf+bert+perp,3,0,0.050404998027712894,True
33,33,16,1,tfidf+bert+perp,3,1,0.9985578501530267,True
34,34,17,0,tfidf+bert+perp,3,0,0.0016203786759184649,True
35,35,17,1,tfidf+bert+perp,3,1,0.9997529006479322,True
36,36,18,0,tfidf+bert+perp,3,0,0.002742992735976027,True
37,37,18,1,tfidf+bert+perp,3,1,0.9987927408797287,True
38,38,19,0,tfidf+bert+perp,3,0,0.030057419542747158,True
39,39,19,1,tfidf+bert+perp,3,1,0.9976407078778123,True
40,40,20,0,tfidf+bert+perp,3,0,0.0013453534575447298,True
41,41,20,1,tfidf+bert+perp,3,1,0.9750727876484927,True
42,42,21,0,tfidf+bert+perp,3,0,0.014372955967278079,True
43,43,21,1,tfidf+bert+perp,3,1,0.972168819372786,True
44,44,22,0,tfidf+bert+perp,3,0,0.007763121691536729,True
45,45,22,1,tfidf+bert+perp,3,1,0.9991504858831237,True
46,46,23,0,tfidf+bert+perp,3,0,8.356943488102819e-05,True
47,47,23,1,tfidf+bert+perp,3,1,0.9997039873405142,True
48,48,24,0,tfidf+bert+perp,3,0,0.023983873200333017,True
49,49,24,1,tfidf+bert+perp,3,1,0.9866837036008484,True
50,50,25,0,tfidf+bert+perp,3,0,0.00229401637419028,True
51,51,25,1,tfidf+bert+perp,3,1,0.9948455708813764,True
52,52,26,0,tfidf+bert+perp,3,0,0.036006153701777836,True
53,53,26,1,tfidf+bert+perp,3,1,0.9972225600230132,True
54,54,27,0,tfidf+bert+perp,3,0,0.0006671487444789432,True
55,55,27,1,tfidf+bert+perp,3,1,0.9783577970569431,True
56,56,28,0,tfidf+bert+perp,3,1,0.6336747310191215,False
57,57,28,1,tfidf+bert+perp,3,1,0.9989960092896517,True
58,58,29,0,tfidf+bert+perp,3,0,0.031076237028907112,True
59,59,29,1,tfidf+bert+perp,3,1,0.9991851544001771,True
60,60,30,0,tfidf+bert+perp,3,0,0.009383186095539111,True
61,61,30,1,tfidf+bert+perp,3,1,0.9998371382007262,True
62,62,31,0,tfidf+bert+perp,3,0,0.003610066100806824,True
63,63,31,1,tfidf+bert+perp,3,1,0.9227430103674159,True
64,64,32,0,tfidf+bert+perp,3,0,0.009266234269904595,True
65,65,32,1,tfidf+bert+perp,3,0,0.004456603098666891,False
66,66,33,0,tfidf+bert+perp,3,0,0.0016936020438825504,True
67,67,33,1,tfidf+bert+perp,3,1,0.9977809118208885,True
68,68,34,0,tfidf+bert+perp,3,0,0.006488232860403594,True
69,69,34,1,tfidf+bert+perp,3,1,0.994180297219631,True
70,70,35,0,tfidf+bert+perp,3,0,0.05251968368025045,True
71,71,35,1,tfidf+bert+perp,3,1,0.9967183407957957,True
72,72,36,0,tfidf+bert+perp,3,0,0.0014299172479569848,True
73,73,36,1,tfidf+bert+perp,3,1,0.9860591692609864,True
74,74,37,0,tfidf+bert+perp,3,0,0.00011238573760036208,True
75,75,37,1,tfidf+bert+perp,3,1,0.9989802291931261,True
76,76,38,0,tfidf+bert+perp,3,0,0.04782111440355284,True
77,77,38,1,tfidf+bert+perp,3,1,0.9989804934978275,True
78,78,39,0,tfidf+bert+perp,3,0,0.008538693550607773,True
79,79,39,1,tfidf+bert+perp,3,1,0.9988526786592805,True
80,80,40,0,tfidf+bert+perp,3,0,0.02410863131061678,True
81,81,40,1,tfidf+bert+perp,3,1,0.9923800351925747,True
82,82,41,0,tfidf+bert+perp,3,0,0.0020409401056116056,True
83,83,41,1,tfidf+bert+perp,3,1,0.9680363868293,True
84,84,42,0,tfidf+bert+perp,3,0,0.002346623780617004,True
85,85,42,1,tfidf+bert+perp,3,1,0.9973813710604942,True
86,86,43,0,tfidf+bert+perp,3,0,0.010599668018654843,True
87,87,43,1,tfidf+bert+perp,3,1,0.9956273596809561,True
88,88,44,0,tfidf+bert+perp,3,0,0.007419542392104049,True
89,89,44,1,tfidf+bert+perp,3,1,0.7870601529662437,True
90,90,45,0,tfidf+bert+perp,3,0,0.14736214430897124,True
91,91,45,1,tfidf+bert+perp,3,1,0.7329472081967995,True
92,92,46,0,tfidf+bert+perp,3,0,0.0014997030924312532,True
93,93,46,1,tfidf+bert+perp,3,1,0.9999226747763943,True
94,94,47,0,tfidf+bert+perp,3,0,0.0019461944689081823,True
95,95,47,1,tfidf+bert+perp,3,1,0.998350620790569,True
96,96,48,0,tfidf+bert+perp,3,0,0.0031027912759233416,True
97,97,48,1,tfidf+bert+perp,3,1,0.8698469592670125,True
98,98,49,0,tfidf+bert+perp,3,0,0.011369037455177457,True
99,99,49,1,tfidf+bert+perp,3,1,0.9976715519110977,True
100,100,50,0,tfidf+bert+perp,3,0,0.010833407327156694,True
101,101,50,1,tfidf+bert+perp,3,1,0.999676783524411,True
102,102,51,0,tfidf+bert+perp,3,0,0.013163124914049541,True
103,103,51,1,tfidf+bert+perp,3,1,0.9996933346493154,True
104,104,52,0,tfidf+bert+perp,3,0,0.0006537695545150557,True
105,105,52,1,tfidf+bert+perp,3,1,0.9170179969983502,True
106,106,53,0,tfidf+bert+perp,3,0,0.0011905764169894114,True
107,107,53,1,tfidf+bert+perp,3,1,0.9921190183822332,True
108,108,54,0,tfidf+bert+perp,3,0,0.09188712634544689,True
109,109,54,1,tfidf+bert+perp,3,1,0.9069149299486928,True
110,110,55,0,tfidf+bert+perp,3,0,0.0660612222902945,True
111,111,55,1,tfidf+bert+perp,3,1,0.9958887054812019,True
112,112,56,0,tfidf+bert+perp,3,0,0.001871612914661601,True
113,113,56,1,tfidf+bert+perp,3,1,0.998191330948592,True
114,114,57,0,tfidf+bert+perp,3,0,0.001314358256103641,True
115,115,57,1,tfidf+bert+perp,3,1,0.9988158997650138,True
116,116,58,0,tfidf+bert+perp,3,0,0.0021191716269326794,True
117,117,58,1,tfidf+bert+perp,3,1,0.9959853646993353,True
118,118,59,0,tfidf+bert+perp,3,0,0.0013015181671168405,True
119,119,59,1,tfidf+bert+perp,3,1,0.9999569559894915,True
120,120,60,0,tfidf+bert+perp,3,0,0.0010538492971153759,True
121,121,60,1,tfidf+bert+perp,3,1,0.9988389250607244,True
122,122,61,0,tfidf+bert+perp,3,0,0.004732382406158184,True
123,123,61,1,tfidf+bert+perp,3,1,0.9958014996551414,True
124,124,62,0,tfidf+bert+perp,3,0,0.01935820580226296,True
125,125,62,1,tfidf+bert+perp,3,1,0.9875728449265743,True
126,126,63,0,tfidf+bert+perp,3,0,0.0034502099959724283,True
127,127,63,1,tfidf+bert+perp,3,1,0.9831349903302452,True
128,128,64,0,tfidf+bert+perp,3,0,0.002598632769571755,True
129,129,64,1,tfidf+bert+perp,3,1,0.920093008477178,True
130,130,65,0,tfidf+bert+perp,3,0,0.3529244375287704,True
131,131,65,1,tfidf+bert+perp,3,1,0.9484522507712917,True
132,132,66,0,tfidf+bert+perp,3,0,0.0468227612349332,True
133,133,66,1,tfidf+bert+perp,3,1,0.9919043927468657,True
134,134,67,0,tfidf+bert+perp,3,0,0.007280696253943236,True
135,135,67,1,tfidf+bert+perp,3,1,0.9954809024469065,True
136,136,68,0,tfidf+bert+perp,3,0,0.08088366862435252,True
137,137,68,1,tfidf+bert+perp,3,1,0.9991498004137295,True
138,138,69,0,tfidf+bert+perp,3,0,0.01756895977212188,True
139,139,69,1,tfidf+bert+perp,3,1,0.9363261559416154,True
140,140,70,0,tfidf+bert+perp,3,0,0.013497874389153466,True
141,141,70,1,tfidf+bert+perp,3,1,0.9922964912958838,True
142,142,71,0,tfidf+bert+perp,3,0,0.0003884908262584847,True
143,143,71,1,tfidf+bert+perp,3,1,0.9998943305160821,True
144,144,72,0,tfidf+bert+perp,3,0,0.031618377380398084,True
145,145,72,1,tfidf+bert+perp,3,1,0.9997223521388694,True
146,146,73,1,tfidf+bert+perp,3,1,0.9997310887172193,True
147,147,74,0,tfidf+bert+perp,3,0,0.0002953619728351694,True
148,148,74,1,tfidf+bert+perp,3,1,0.999847425862103,True
149,149,75,0,tfidf+bert+perp,3,0,0.01076809387955837,True
150,150,75,1,tfidf+bert+perp,3,1,0.9941361965924929,True
151,151,76,0,tfidf+bert+perp,3,0,0.006571878745090408,True
152,152,76,1,tfidf+bert+perp,3,1,0.9937813630566317,True
153,153,77,0,tfidf+bert+perp,3,0,0.0092244495340524,True
154,154,77,1,tfidf+bert+perp,3,1,0.9579216231219855,True
155,155,78,0,tfidf+bert+perp,3,0,0.22278058027641853,True
156,156,78,1,tfidf+bert+perp,3,1,0.5511221857640197,True
157,157,79,0,tfidf+bert+perp,3,0,0.06597614999217788,True
158,158,79,1,tfidf+bert+perp,3,1,0.6632641517390576,True
159,159,80,0,tfidf+bert+perp,3,0,0.024605518120926803,True
160,160,80,1,tfidf+bert+perp,3,1,0.9168863294454673,True
161,161,81,0,tfidf+bert+perp,3,0,0.0016785947193988415,True
162,162,81,1,tfidf+bert+perp,3,1,0.9995821306692405,True
163,163,82,0,tfidf+bert+perp,3,0,0.0005905856295746594,True
164,164,82,1,tfidf+bert+perp,3,1,0.9989261898247407,True
165,165,83,0,tfidf+bert+perp,3,0,0.00015707061427989516,True
166,166,83,1,tfidf+bert+perp,3,1,0.79149638736855,True
167,167,84,0,tfidf+bert+perp,3,0,0.0013333542352984048,True
168,168,84,1,tfidf+bert+perp,3,1,0.9977295061651316,True
169,169,85,0,tfidf+bert+perp,3,0,0.00039680064563939443,True
170,170,85,1,tfidf+bert+perp,3,1,0.9986002579328843,True
171,171,86,0,tfidf+bert+perp,3,1,0.5858308919014114,False
172,172,86,1,tfidf+bert+perp,3,1,0.9996556007216321,True
173,173,87,0,tfidf+bert+perp,3,0,0.0013967044135040768,True
174,174,87,1,tfidf+bert+perp,3,1,0.9996873346152683,True
175,175,88,0,tfidf+bert+perp,3,0,0.1483685677983071,True
176,176,88,1,tfidf+bert+perp,3,1,0.9729305428757745,True
177,177,89,0,tfidf+bert+perp,3,0,0.004095734207860991,True
178,178,89,1,tfidf+bert+perp,3,1,0.9990115008884554,True
179,179,90,0,tfidf+bert+perp,3,0,0.002715113472821252,True
180,180,90,1,tfidf+bert+perp,3,1,0.9180328185722947,True
181,181,91,0,tfidf+bert+perp,3,0,0.04934618700691534,True
182,182,91,1,tfidf+bert+perp,3,1,0.9988168506344268,True
183,183,92,0,tfidf+bert+perp,3,0,0.1042802147597345,True
184,184,92,1,tfidf+bert+perp,3,1,0.9998042947839677,True
185,185,93,0,tfidf+bert+perp,3,0,0.0004834323715278828,True
186,186,93,1,tfidf+bert+perp,3,1,0.9987133143079749,True
187,187,94,0,tfidf+bert+perp,3,0,0.07007540747347314,True
188,188,94,1,tfidf+bert+perp,3,1,0.9805448078138365,True
189,189,95,0,tfidf+bert+perp,3,0,0.0011876734741562138,True
190,190,95,1,tfidf+bert+perp,3,1,0.9710652887377443,True
191,191,96,0,tfidf+bert+perp,3,0,0.0015198346570241767,True
192,192,96,1,tfidf+bert+perp,3,1,0.9993046286115304,True
193,193,97,0,tfidf+bert+perp,3,0,0.00524467895014119,True
194,194,97,1,tfidf+bert+perp,3,1,0.9973705648608803,True
195,195,98,0,tfidf+bert+perp,3,0,8.17211017278044e-05,True
196,196,98,1,tfidf+bert+perp,3,1,0.9937599467158077,True
197,197,99,0,tfidf+bert+perp,3,0,0.0003037889151899509,True
198,198,99,1,tfidf+bert+perp,3,1,0.9988359157687611,True
199,199,100,0,tfidf+bert+perp,3,0,0.00011144608957410242,True
200,200,100,1,tfidf+bert+perp,3,1,0.9996550883323242,True
201,201,101,0,tfidf+bert+perp,3,0,0.0010927262329340044,True
202,202,101,1,tfidf+bert+perp,3,1,0.9948874193458322,True
203,203,102,0,tfidf+bert+perp,3,0,0.0003668680992354293,True
204,204,102,1,tfidf+bert+perp,3,1,0.9976746275087487,True
205,205,103,0,tfidf+bert+perp,3,0,0.0022476363989994623,True
206,206,103,1,tfidf+bert+perp,3,1,0.9986893684257535,True
207,207,104,0,tfidf+bert+perp,3,0,0.013890453010926802,True
208,208,104,1,tfidf+bert+perp,3,1,0.9982419250142808,True
209,209,105,0,tfidf+bert+perp,3,0,0.001176227760595589,True
210,210,105,1,tfidf+bert+perp,3,1,0.9996640693169181,True
211,211,106,0,tfidf+bert+perp,3,0,0.0020312283404381294,True
212,212,106,1,tfidf+bert+perp,3,1,0.9901568522976304,True
213,213,107,0,tfidf+bert+perp,3,0,0.004532479340111348,True
214,214,107,1,tfidf+bert+perp,3,1,0.9967741673145459,True
215,215,108,0,tfidf+bert+perp,3,0,8.525582035730659e-05,True
216,216,108,1,tfidf+bert+perp,3,1,0.9977893545628697,True
217,217,109,0,tfidf+bert+perp,3,0,0.0009602727591236068,True
218,218,109,1,tfidf+bert+perp,3,0,0.0846611422210576,False
219,219,110,0,tfidf+bert+perp,3,0,0.0016978741359424242,True
220,220,110,1,tfidf+bert+perp,3,1,0.9985587980070394,True
221,221,111,0,tfidf+bert+perp,3,0,0.004115965941583386,True
222,222,111,1,tfidf+bert+perp,3,1,0.9912003498251567,True
223,223,112,0,tfidf+bert+perp,3,0,0.0005412616664163783,True
224,224,112,1,tfidf+bert+perp,3,1,0.9975725385092024,True
225,225,113,0,tfidf+bert+perp,3,0,0.0002796911818380969,True
226,226,113,1,tfidf+bert+perp,3,1,0.9806643489518176,True
227,227,114,0,tfidf+bert+perp,3,0,0.0018775261836935485,True
228,228,114,1,tfidf+bert+perp,3,1,0.9960193240824546,True
229,229,115,0,tfidf+bert+perp,3,0,0.001925196811330612,True
230,230,115,1,tfidf+bert+perp,3,1,0.9988717057218992,True
231,231,116,0,tfidf+bert+perp,3,0,0.0006771060402903554,True
232,232,116,1,tfidf+bert+perp,3,1,0.9962505702893031,True
233,233,117,0,tfidf+bert+perp,3,0,0.000887123767635309,True
234,234,117,1,tfidf+bert+perp,3,1,0.9613008472965054,True
235,235,118,0,tfidf+bert+perp,3,0,0.30618530808237937,True
236,236,118,1,tfidf+bert+perp,3,1,0.9998311556878932,True
237,237,119,0,tfidf+bert+perp,3,0,0.0002353184899020765,True
238,238,119,1,tfidf+bert+perp,3,1,0.9831785689945557,True
239,239,120,0,tfidf+bert+perp,3,0,0.2394298770439133,True
240,240,120,1,tfidf+bert+perp,3,1,0.9976170078051805,True
241,241,121,0,tfidf+bert+perp,3,0,0.029007419891520572,True
242,242,121,1,tfidf+bert+perp,3,1,0.9993014561109005,True
243,243,122,0,tfidf+bert+perp,3,0,0.020321129985804407,True
244,244,122,1,tfidf+bert+perp,3,1,0.9998455741182825,True
245,245,123,0,tfidf+bert+perp,3,0,0.01253735203964088,True
246,246,123,1,tfidf+bert+perp,3,1,0.9991911701325704,True
247,247,124,0,tfidf+bert+perp,3,0,0.0022893464264105833,True
248,248,124,1,tfidf+bert+perp,3,1,0.9993987322712709,True
249,249,125,0,tfidf+bert+perp,3,0,0.04328234432954643,True
250,250,125,1,tfidf+bert+perp,3,1,0.9520907735572479,True
251,251,126,0,tfidf+bert+perp,3,0,0.0002238115086411642,True
252,252,126,1,tfidf+bert+perp,3,1,0.9981862657610171,True
253,253,127,0,tfidf+bert+perp,3,0,0.001571567689736935,True
254,254,127,1,tfidf+bert+perp,3,1,0.9997831366748366,True
255,255,128,0,tfidf+bert+perp,3,0,0.006164726128709843,True
256,256,128,1,tfidf+bert+perp,3,1,0.9006178654821821,True
257,257,129,0,tfidf+bert+perp,3,0,0.0002587767981459575,True
258,258,129,1,tfidf+bert+perp,3,1,0.9968690041085371,True
259,259,130,0,tfidf+bert+perp,3,0,0.000498784785860189,True
260,260,130,1,tfidf+bert+perp,3,1,0.9862951673151751,True
261,261,131,0,tfidf+bert+perp,3,0,0.00014154066065249322,True
262,262,131,1,tfidf+bert+perp,3,1,0.9969366508088101,True
263,263,132,0,tfidf+bert+perp,3,0,0.0054363341085429204,True
264,264,132,1,tfidf+bert+perp,3,1,0.9971624345507392,True
265,265,133,0,tfidf+bert+perp,3,0,0.00019331181555442704,True
266,266,133,1,tfidf+bert+perp,3,1,0.9971065213741176,True
267,267,134,0,tfidf+bert+perp,3,0,0.036704719014038635,True
268,268,134,1,tfidf+bert+perp,3,1,0.5372721014166968,True
269,269,135,0,tfidf+bert+perp,3,0,0.045893133080711454,True
270,270,135,1,tfidf+bert+perp,3,1,0.9967922575975792,True
271,271,136,0,tfidf+bert+perp,3,0,0.006535001112450343,True
272,272,136,1,tfidf+bert+perp,3,1,0.9968130492205378,True
273,273,137,0,tfidf+bert+perp,3,0,0.0023868469821845917,True
274,274,137,1,tfidf+bert+perp,3,1,0.998767667512554,True
275,275,138,0,tfidf+bert+perp,3,0,0.045038146557423865,True
276,276,138,1,tfidf+bert+perp,3,1,0.9971598776518962,True
277,277,139,0,tfidf+bert+perp,3,0,0.0008403375953429452,True
278,278,139,1,tfidf+bert+perp,3,1,0.9805558908290944,True
279,279,140,0,tfidf+bert+perp,3,0,0.005390635689197433,True
280,280,140,1,tfidf+bert+perp,3,1,0.9574537900418149,True
281,281,141,0,tfidf+bert+perp,3,0,0.004395137338337047,True
282,282,141,1,tfidf+bert+perp,3,1,0.9940116194237936,True
283,283,142,0,tfidf+bert+perp,3,0,0.031150281553869993,True
284,284,142,1,tfidf+bert+perp,3,1,0.9995854978439815,True
285,285,143,0,tfidf+bert+perp,3,0,0.0005728212547689306,True
286,286,143,1,tfidf+bert+perp,3,1,0.9992119946589018,True
287,287,144,0,tfidf+bert+perp,3,0,0.00033721461156392896,True
288,288,144,1,tfidf+bert+perp,3,1,0.9973808476222974,True
289,289,145,0,tfidf+bert+perp,3,0,0.16530890352942174,True
290,290,145,1,tfidf+bert+perp,3,1,0.9955374733671585,True
291,291,146,0,tfidf+bert+perp,3,1,0.7259763057127749,False
292,292,146,1,tfidf+bert+perp,3,1,0.9892407638677081,True
293,293,147,0,tfidf+bert+perp,3,1,0.7009458360912463,False
294,294,147,1,tfidf+bert+perp,3,1,0.9932625026233352,True
295,295,148,0,tfidf+bert+perp,3,0,0.0007016935619695948,True
296,296,148,1,tfidf+bert+perp,3,1,0.8331702427213926,True
297,297,149,0,tfidf+bert+perp,3,0,0.0025430639681791314,True
298,298,149,1,tfidf+bert+perp,3,1,0.9892924095781945,True
299,299,150,0,tfidf+bert+perp,3,0,0.0024253448078086336,True
300,300,150,1,tfidf+bert+perp,3,1,0.999402493318225,True
301,301,151,0,tfidf+bert+perp,3,0,0.02328016723235851,True
302,302,151,1,tfidf+bert+perp,3,1,0.9956534819961127,True
303,303,152,0,tfidf+bert+perp,3,0,0.0042667872617142616,True
304,304,152,1,tfidf+bert+perp,3,1,0.9676286080971951,True
305,305,153,0,tfidf+bert+perp,3,0,0.0010344531314497674,True
306,306,153,1,tfidf+bert+perp,3,1,0.9863935951621142,True
307,307,154,0,tfidf+bert+perp,3,0,0.004454938306342905,True
308,308,154,1,tfidf+bert+perp,3,1,0.998448410382565,True
309,309,155,0,tfidf+bert+perp,3,0,0.010049056133316222,True
310,310,155,1,tfidf+bert+perp,3,1,0.99938976765216,True
311,311,156,0,tfidf+bert+perp,3,0,0.001454569258628718,True
312,312,156,1,tfidf+bert+perp,3,1,0.9998549055248523,True
313,313,157,0,tfidf+bert+perp,3,0,0.001145118095132463,True
314,314,157,1,tfidf+bert+perp,3,1,0.9975039364298234,True
315,315,158,0,tfidf+bert+perp,3,0,3.0298096434091778e-05,True
316,316,158,1,tfidf+bert+perp,3,1,0.9985564561012986,True
317,317,159,0,tfidf+bert+perp,3,0,0.0006835013304609874,True
318,318,159,1,tfidf+bert+perp,3,1,0.9999156296270556,True
319,319,160,0,tfidf+bert+perp,3,0,0.033441120450033515,True
320,320,160,1,tfidf+bert+perp,3,1,0.9058811239734571,True
321,321,161,0,tfidf+bert+perp,3,0,0.00015342412644851357,True
322,322,161,1,tfidf+bert+perp,3,1,0.9995817774834418,True
323,323,162,0,tfidf+bert+perp,3,0,0.013758312284336606,True
324,324,162,1,tfidf+bert+perp,3,1,0.9994175051242515,True
325,325,163,0,tfidf+bert+perp,3,0,0.0010965203090552498,True
326,326,163,1,tfidf+bert+perp,3,1,0.9926427532141611,True
327,327,164,0,tfidf+bert+perp,3,0,0.00043920773591764887,True
328,328,164,1,tfidf+bert+perp,3,1,0.9646631152544903,True
329,329,165,0,tfidf+bert+perp,3,1,0.6865840097548392,False
330,330,165,1,tfidf+bert+perp,3,1,0.999645216478469,True
331,331,166,0,tfidf+bert+perp,3,0,0.006414422277572206,True
332,332,166,1,tfidf+bert+perp,3,1,0.9653746776428892,True
333,333,167,0,tfidf+bert+perp,3,0,0.011699170431267749,True
334,334,167,1,tfidf+bert+perp,3,1,0.9906186325218045,True
335,335,168,0,tfidf+bert+perp,3,0,0.012602036560707951,True
336,336,168,1,tfidf+bert+perp,3,1,0.9980658686803778,True
337,337,169,0,tfidf+bert+perp,3,0,0.00038353102374462107,True
338,338,169,1,tfidf+bert+perp,3,1,0.9971384065472335,True
339,339,170,0,tfidf+bert+perp,3,0,0.00024075098630373118,True
340,340,170,1,tfidf+bert+perp,3,1,0.9988527292879681,True
341,341,171,0,tfidf+bert+perp,3,0,0.0012186230883989323,True
342,342,171,1,tfidf+bert+perp,3,1,0.9969737749984798,True
343,343,172,0,tfidf+bert+perp,3,0,0.026625705665942745,True
344,344,172,1,tfidf+bert+perp,3,1,0.9400078601597909,True
345,345,173,0,tfidf+bert+perp,3,0,0.0056126963258685365,True
346,346,173,1,tfidf+bert+perp,3,1,0.9995997445939946,True
347,347,174,0,tfidf+bert+perp,3,0,0.0018129566021155932,True
348,348,174,1,tfidf+bert+perp,3,1,0.9981088539216568,True
349,349,175,0,tfidf+bert+perp,3,0,0.008922910532376873,True
350,350,175,1,tfidf+bert+perp,3,1,0.9979597046757935,True
351,351,176,0,tfidf+bert+perp,3,0,0.006870458762511866,True
352,352,176,1,tfidf+bert+perp,3,1,0.9989521608660378,True
353,353,177,0,tfidf+bert+perp,3,0,0.0024593313152036374,True
354,354,177,1,tfidf+bert+perp,3,1,0.8489266399326838,True
355,355,178,0,tfidf+bert+perp,3,0,0.000825109883318904,True
356,356,178,1,tfidf+bert+perp,3,1,0.9963699513033153,True
357,357,179,0,tfidf+bert+perp,3,0,0.006087248835861584,True
358,358,179,1,tfidf+bert+perp,3,1,0.9982688815306405,True
359,359,180,0,tfidf+bert+perp,3,0,0.0018362686052825605,True
360,360,180,1,tfidf+bert+perp,3,1,0.999316116879339,True
361,361,181,0,tfidf+bert+perp,3,0,0.00022636736101235022,True
362,362,181,1,tfidf+bert+perp,3,1,0.9982089537863217,True
363,363,182,0,tfidf+bert+perp,3,0,9.610582085505656e-05,True
364,364,182,1,tfidf+bert+perp,3,1,0.9990196441550119,True
365,365,183,0,tfidf+bert+perp,3,0,0.00022482646577255642,True
366,366,183,1,tfidf+bert+perp,3,1,0.9363286068702187,True
367,367,184,0,tfidf+bert+perp,3,0,0.008418484457272323,True
368,368,184,1,tfidf+bert+perp,3,1,0.9669158723304899,True
369,369,185,0,tfidf+bert+perp,3,0,0.012683790217558923,True
370,370,185,1,tfidf+bert+perp,3,1,0.9557403496980716,True
371,371,186,0,tfidf+bert+perp,3,0,0.047438093169638186,True
372,372,186,1,tfidf+bert+perp,3,1,0.9997087245447919,True
373,373,187,0,tfidf+bert+perp,3,0,0.0018741479626979793,True
374,374,187,1,tfidf+bert+perp,3,1,0.999930795727531,True
375,375,188,0,tfidf+bert+perp,3,0,0.0007259754839888157,True
376,376,188,1,tfidf+bert+perp,3,1,0.9998319682603108,True
377,377,189,0,tfidf+bert+perp,3,0,0.00029375620224683576,True
378,378,189,1,tfidf+bert+perp,3,1,0.9969066319719401,True
379,379,190,0,tfidf+bert+perp,3,0,0.00020518006426632933,True
380,380,190,1,tfidf+bert+perp,3,1,0.8783094202946227,True
381,381,191,0,tfidf+bert+perp,3,0,0.023880259123285688,True
382,382,191,1,tfidf+bert+perp,3,1,0.9867565189335615,True
383,383,192,0,tfidf+bert+perp,3,0,0.12442155306074515,True
384,384,192,1,tfidf+bert+perp,3,1,0.9939157961963688,True
385,385,193,0,tfidf+bert+perp,3,0,0.009230560172414588,True
386,386,193,1,tfidf+bert+perp,3,1,0.9990923690357278,True
387,387,194,0,tfidf+bert+perp,3,0,0.0008542762549840908,True
388,388,194,1,tfidf+bert+perp,3,1,0.7795385312951713,True
389,389,195,0,tfidf+bert+perp,3,0,0.0022244232637174625,True
390,390,195,1,tfidf+bert+perp,3,1,0.9833712590447286,True
391,391,196,0,tfidf+bert+perp,3,0,0.045209542119943345,True
392,392,196,1,tfidf+bert+perp,3,1,0.9995803368028194,True
393,393,197,0,tfidf+bert+perp,3,0,0.019106297245936838,True
394,394,197,1,tfidf+bert+perp,3,1,0.9983557330538885,True
395,395,198,0,tfidf+bert+perp,3,0,0.0006643185532269932,True
396,396,198,1,tfidf+bert+perp,3,1,0.9998756464436797,True
397,397,199,0,tfidf+bert+perp,3,0,0.003606607612464823,True
398,398,199,1,tfidf+bert+perp,3,1,0.938582220298591,True
399,399,200,0,tfidf+bert+perp,3,0,0.006595070653265863,True
400,400,200,1,tfidf+bert+perp,3,1,0.8276190358903192,True
401,401,201,0,tfidf+bert+perp,3,0,0.035902912342497595,True
402,402,201,1,tfidf+bert+perp,3,1,0.9990393102303944,True
403,403,202,0,tfidf+bert+perp,3,0,0.00025183647748741323,True
404,404,202,1,tfidf+bert+perp,3,1,0.9814008714031414,True
405,405,203,0,tfidf+bert+perp,3,0,0.004423970051187072,True
406,406,203,1,tfidf+bert+perp,3,1,0.9524460611942864,True
407,407,204,0,tfidf+bert+perp,3,0,0.10865485533795874,True
408,408,204,1,tfidf+bert+perp,3,1,0.7428936275084347,True
409,409,205,0,tfidf+bert+perp,3,0,0.0026299003008153927,True
410,410,205,1,tfidf+bert+perp,3,1,0.9879775885970106,True
411,411,206,0,tfidf+bert+perp,3,0,0.20822036781476636,True
412,412,206,1,tfidf+bert+perp,3,1,0.9992613937112718,True
413,413,207,0,tfidf+bert+perp,3,0,0.0007147032171171361,True
414,414,207,1,tfidf+bert+perp,3,1,0.986950864049472,True
415,415,208,0,tfidf+bert+perp,3,0,0.02317310402220313,True
416,416,208,1,tfidf+bert+perp,3,1,0.9581445958245465,True
417,417,209,0,tfidf+bert+perp,3,0,0.0009389736815036959,True
418,418,209,1,tfidf+bert+perp,3,1,0.9993259347022899,True
419,419,210,0,tfidf+bert+perp,3,0,0.0998600847437174,True
420,420,210,1,tfidf+bert+perp,3,1,0.9971110611345919,True
421,421,211,0,tfidf+bert+perp,3,0,0.0004819986996277701,True
422,422,211,1,tfidf+bert+perp,3,0,0.14126643493579744,False
423,423,212,0,tfidf+bert+perp,3,0,0.005869369131793751,True
424,424,212,1,tfidf+bert+perp,3,1,0.9937738424576695,True
425,425,213,0,tfidf+bert+perp,3,1,0.5709297226811897,False
426,426,213,1,tfidf+bert+perp,3,1,0.9996719209033788,True
427,427,214,0,tfidf+bert+perp,3,0,0.004203207387721203,True
428,428,214,1,tfidf+bert+perp,3,1,0.9978220345167541,True
429,429,215,0,tfidf+bert+perp,3,0,0.00036028879907666026,True
430,430,215,1,tfidf+bert+perp,3,1,0.9877172928610739,True
431,431,216,0,tfidf+bert+perp,3,0,0.0020657847650549983,True
432,432,216,1,tfidf+bert+perp,3,1,0.9992610527602501,True
433,433,217,0,tfidf+bert+perp,3,0,0.00014981698499653252,True
434,434,217,1,tfidf+bert+perp,3,1,0.9865094300665975,True
435,435,218,0,tfidf+bert+perp,3,0,0.00025676472830367755,True
436,436,218,1,tfidf+bert+perp,3,1,0.9764350681907373,True
437,437,219,0,tfidf+bert+perp,3,0,0.23745793685921796,True
438,438,219,1,tfidf+bert+perp,3,1,0.9992362387908614,True
439,439,220,0,tfidf+bert+perp,3,0,0.0077759441995150355,True
440,440,220,1,tfidf+bert+perp,3,1,0.998422841723091,True
441,441,221,0,tfidf+bert+perp,3,0,0.02709738481859618,True
442,442,221,1,tfidf+bert+perp,3,1,0.999031538183654,True
443,443,222,0,tfidf+bert+perp,3,0,0.0007857652717209719,True
444,444,222,1,tfidf+bert+perp,3,1,0.9971059556071938,True
445,445,223,0,tfidf+bert+perp,3,0,0.00438325020993097,True
446,446,223,1,tfidf+bert+perp,3,1,0.9992142972716671,True
447,447,224,0,tfidf+bert+perp,3,0,0.0038145008870383744,True
448,448,224,1,tfidf+bert+perp,3,1,0.9995499878725373,True
449,449,225,0,tfidf+bert+perp,3,0,7.821333877835932e-05,True
450,450,225,1,tfidf+bert+perp,3,1,0.999583098814413,True
451,451,226,0,tfidf+bert+perp,3,0,0.029825967480158505,True
452,452,226,1,tfidf+bert+perp,3,1,0.62726944312197,True
453,453,227,0,tfidf+bert+perp,3,0,0.0003382788594795475,True
454,454,227,1,tfidf+bert+perp,3,1,0.937165640353936,True
455,455,228,0,tfidf+bert+perp,3,0,0.011918377930887349,True
456,456,228,1,tfidf+bert+perp,3,1,0.9997507746774401,True
457,457,229,0,tfidf+bert+perp,3,0,0.00781545957631772,True
458,458,229,1,tfidf+bert+perp,3,1,0.9973557885729162,True
459,459,230,0,tfidf+bert+perp,3,0,0.002480073888351443,True
460,460,230,1,tfidf+bert+perp,3,0,0.34830218955520714,False
461,461,231,0,tfidf+bert+perp,3,0,0.00026502397506215187,True
462,462,231,1,tfidf+bert+perp,3,1,0.9968953915771835,True
463,463,232,0,tfidf+bert+perp,3,1,0.8814978291157499,False
464,464,232,1,tfidf+bert+perp,3,1,0.9985877384291266,True
465,465,233,0,tfidf+bert+perp,3,0,0.000518288904223445,True
466,466,233,1,tfidf+bert+perp,3,1,0.9957890722562013,True
467,467,234,0,tfidf+bert+perp,3,0,0.0005982824134263285,True
468,468,234,1,tfidf+bert+perp,3,1,0.9985382265051478,True
469,469,235,0,tfidf+bert+perp,3,0,0.0027794591479286582,True
470,470,235,1,tfidf+bert+perp,3,1,0.9965222530181511,True
471,471,236,0,tfidf+bert+perp,3,0,0.14875770381797976,True
472,472,236,1,tfidf+bert+perp,3,1,0.9808058633763291,True
473,473,237,0,tfidf+bert+perp,3,0,0.004175410729906045,True
474,474,237,1,tfidf+bert+perp,3,1,0.9998970122453942,True
475,475,238,0,tfidf+bert+perp,3,0,4.073710050644526e-05,True
476,476,238,1,tfidf+bert+perp,3,1,0.993359731466747,True
477,477,239,0,tfidf+bert+perp,3,0,0.004680686572366666,True
478,478,239,1,tfidf+bert+perp,3,1,0.9997875541998305,True
479,479,240,0,tfidf+bert+perp,3,0,0.0065231391796164795,True
480,480,240,1,tfidf+bert+perp,3,1,0.9994335122671222,True
481,481,241,0,tfidf+bert+perp,3,0,0.26701044272364155,True
482,482,241,1,tfidf+bert+perp,3,1,0.9976453506516647,True
483,483,242,0,tfidf+bert+perp,3,0,0.0006393799927587395,True
484,484,242,1,tfidf+bert+perp,3,1,0.9998068602630239,True
485,485,243,0,tfidf+bert+perp,3,0,0.001278049193178019,True
486,486,243,1,tfidf+bert+perp,3,1,0.9998297335657148,True
487,487,244,0,tfidf+bert+perp,3,0,0.0011893462899570256,True
488,488,244,1,tfidf+bert+perp,3,1,0.99885198369386,True
489,489,245,0,tfidf+bert+perp,3,0,0.004163033742889865,True
490,490,245,1,tfidf+bert+perp,3,1,0.9997720083768697,True
491,491,246,0,tfidf+bert+perp,3,0,0.10180723466868771,True
492,492,246,1,tfidf+bert+perp,3,1,0.9795260520592171,True
493,493,247,0,tfidf+bert+perp,3,0,0.25349328807487986,True
494,494,247,1,tfidf+bert+perp,3,1,0.9996640787338339,True
495,495,248,0,tfidf+bert+perp,3,0,0.010290403976169007,True
496,496,248,1,tfidf+bert+perp,3,1,0.999531197994546,True
497,497,249,0,tfidf+bert+perp,3,0,0.20668371554531942,True
498,498,249,1,tfidf+bert+perp,3,1,0.9607258348482849,True
499,499,250,0,tfidf+bert+perp,3,0,0.0013717042038872223,True
500,500,250,1,tfidf+bert+perp,3,1,0.9953405078597757,True
501,501,251,0,tfidf+bert+perp,3,0,0.00033406078946834455,True
502,502,251,1,tfidf+bert+perp,3,1,0.9995091723340219,True
503,503,252,0,tfidf+bert+perp,3,0,0.0022617130249877973,True
504,504,252,1,tfidf+bert+perp,3,1,0.9994303014392416,True
505,505,253,0,tfidf+bert+perp,3,0,7.737858987923613e-05,True
506,506,253,1,tfidf+bert+perp,3,1,0.9991456157073716,True
507,507,254,0,tfidf+bert+perp,3,0,0.0009127456684809136,True
508,508,254,1,tfidf+bert+perp,3,1,0.9957216271533664,True
509,509,255,0,tfidf+bert+perp,3,0,0.12299526592012514,True
510,510,255,1,tfidf+bert+perp,3,1,0.9993802092967111,True
511,511,256,0,tfidf+bert+perp,3,0,0.12417780836080389,True
512,512,256,1,tfidf+bert+perp,3,1,0.9867577922432732,True
513,513,257,0,tfidf+bert+perp,3,0,0.004837665055272399,True
514,514,257,1,tfidf+bert+perp,3,1,0.9964102848700476,True
515,515,258,0,tfidf+bert+perp,3,0,0.01330226398547553,True
516,516,258,1,tfidf+bert+perp,3,1,0.9990800946373485,True
517,517,259,0,tfidf+bert+perp,3,0,0.00017982862678785568,True
518,518,259,1,tfidf+bert+perp,3,1,0.9995805668597483,True
519,519,260,0,tfidf+bert+perp,3,0,0.001197108471699087,True
520,520,260,1,tfidf+bert+perp,3,1,0.9959458870928153,True
521,521,261,0,tfidf+bert+perp,3,0,0.00038689206325261095,True
522,522,261,1,tfidf+bert+perp,3,1,0.9996147305155656,True
523,523,262,0,tfidf+bert+perp,3,0,0.004703190225690967,True
524,524,262,1,tfidf+bert+perp,3,1,0.9989171239678537,True
525,525,263,0,tfidf+bert+perp,3,0,0.0005029377295895658,True
526,526,263,1,tfidf+bert+perp,3,1,0.9884495884455275,True
527,527,264,0,tfidf+bert+perp,3,0,0.013467111381440265,True
528,528,264,1,tfidf+bert+perp,3,1,0.9972605706951482,True
529,529,265,0,tfidf+bert+perp,3,0,0.0017768398170277325,True
530,530,265,1,tfidf+bert+perp,3,1,0.993728037979024,True
531,531,266,0,tfidf+bert+perp,3,0,0.0014331963419336729,True
532,532,266,1,tfidf+bert+perp,3,1,0.9957562879914114,True
533,533,267,0,tfidf+bert+perp,3,0,0.00017414497516724615,True
534,534,267,1,tfidf+bert+perp,3,1,0.9982113725861036,True
535,535,268,0,tfidf+bert+perp,3,0,0.005810528910039758,True
536,536,268,1,tfidf+bert+perp,3,1,0.9977726834864231,True
537,537,269,0,tfidf+bert+perp,3,0,0.0025347605557252705,True
538,538,269,1,tfidf+bert+perp,3,1,0.9962282886481,True
539,539,270,0,tfidf+bert+perp,3,0,0.0016164877325096517,True
540,540,270,1,tfidf+bert+perp,3,1,0.999771418525783,True
541,541,271,0,tfidf+bert+perp,3,0,0.054138368638012704,True
542,542,271,1,tfidf+bert+perp,3,1,0.9992433080249324,True
543,543,272,0,tfidf+bert+perp,3,0,0.006479422044535384,True
544,544,272,1,tfidf+bert+perp,3,1,0.9990743555314034,True
545,545,273,0,tfidf+bert+perp,3,0,0.011171146814955995,True
546,546,273,1,tfidf+bert+perp,3,1,0.9983431375440078,True
547,547,274,0,tfidf+bert+perp,3,0,0.0008001110166426252,True
548,548,274,1,tfidf+bert+perp,3,1,0.999145655842573,True
549,549,275,0,tfidf+bert+perp,3,0,0.0019115653887892027,True
550,550,275,1,tfidf+bert+perp,3,1,0.9878390886523117,True
551,551,276,0,tfidf+bert+perp,3,0,0.016677610430803663,True
552,552,276,1,tfidf+bert+perp,3,0,0.33858062769566133,False
553,553,277,0,tfidf+bert+perp,3,0,0.04432590416274384,True
554,554,277,1,tfidf+bert+perp,3,1,0.997412990456223,True
555,555,278,0,tfidf+bert+perp,3,0,0.003666304531370602,True
556,556,278,1,tfidf+bert+perp,3,1,0.9999131757399338,True
557,557,279,0,tfidf+bert+perp,3,0,0.002183005194316081,True
558,558,279,1,tfidf+bert+perp,3,1,0.999535494805005,True
559,559,280,0,tfidf+bert+perp,3,0,0.00464003741548559,True
560,560,280,1,tfidf+bert+perp,3,0,0.3412003099966243,False
561,561,281,0,tfidf+bert+perp,3,0,0.0007664983555271485,True
562,562,281,1,tfidf+bert+perp,3,1,0.9904245268774928,True
563,563,282,0,tfidf+bert+perp,3,0,0.072455708839074,True
564,564,282,1,tfidf+bert+perp,3,1,0.9993437964523927,True
565,565,283,0,tfidf+bert+perp,3,0,0.000894056686880175,True
566,566,283,1,tfidf+bert+perp,3,1,0.9995219460551017,True
567,567,284,0,tfidf+bert+perp,3,0,0.018755053005631742,True
568,568,284,1,tfidf+bert+perp,3,1,0.9969499333860882,True
569,569,285,0,tfidf+bert+perp,3,0,0.007819683898804776,True
570,570,285,1,tfidf+bert+perp,3,1,0.9986928737674109,True
571,571,286,0,tfidf+bert+perp,3,0,0.024341068857356533,True
572,572,286,1,tfidf+bert+perp,3,1,0.9897313447181729,True
573,573,287,0,tfidf+bert+perp,3,0,0.12392759017044194,True
574,574,287,1,tfidf+bert+perp,3,1,0.9958656252125998,True
575,575,288,0,tfidf+bert+perp,3,0,0.013556415613271162,True
576,576,288,1,tfidf+bert+perp,3,1,0.9996856133871714,True
577,577,289,0,tfidf+bert+perp,3,0,0.000276437674465098,True
578,578,289,1,tfidf+bert+perp,3,1,0.9999272957364989,True
579,579,290,0,tfidf+bert+perp,3,0,0.0037148969780705517,True
580,580,290,1,tfidf+bert+perp,3,1,0.9996523418378317,True
581,581,291,0,tfidf+bert+perp,3,0,0.0034257818751065048,True
582,582,291,1,tfidf+bert+perp,3,1,0.9997347929069013,True
583,583,292,0,tfidf+bert+perp,3,0,0.0061724316303266545,True
584,584,292,1,tfidf+bert+perp,3,1,0.9997604626147171,True
585,585,293,0,tfidf+bert+perp,3,0,0.0007981706396084158,True
586,586,293,1,tfidf+bert+perp,3,1,0.9993211360722647,True
587,587,294,0,tfidf+bert+perp,3,0,0.0003804200147005488,True
588,588,294,1,tfidf+bert+perp,3,0,0.13065659456484577,False
589,589,295,0,tfidf+bert+perp,3,0,0.003409985501178289,True
590,590,295,1,tfidf+bert+perp,3,1,0.9991480175962882,True
591,591,296,0,tfidf+bert+perp,3,0,0.032403207110524954,True
592,592,296,1,tfidf+bert+perp,3,1,0.9765999222319314,True
593,593,297,0,tfidf+bert+perp,3,0,0.0014202192191962607,True
594,594,297,1,tfidf+bert+perp,3,1,0.9996677780106913,True
595,595,298,0,tfidf+bert+perp,3,0,0.0031241603892045713,True
596,596,298,1,tfidf+bert+perp,3,1,0.9998310110500584,True
597,597,299,0,tfidf+bert+perp,3,0,0.005110808938430462,True
598,598,299,1,tfidf+bert+perp,3,1,0.9988710251213954,True
599,599,300,0,tfidf+bert+perp,3,0,0.0006283291679323192,True
600,600,300,1,tfidf+bert+perp,3,1,0.999788522030953,True
601,601,301,0,tfidf+bert+perp,3,0,0.002373876610431632,True
602,602,301,1,tfidf+bert+perp,3,1,0.8365235750771814,True
603,603,302,0,tfidf+bert+perp,3,0,0.02728519951233624,True
604,604,302,1,tfidf+bert+perp,3,1,0.9987836926307252,True
605,605,303,0,tfidf+bert+perp,3,0,0.004128591110631005,True
606,606,303,1,tfidf+bert+perp,3,1,0.9998180506311243,True
607,607,304,0,tfidf+bert+perp,3,0,0.0037636845223478935,True
608,608,304,1,tfidf+bert+perp,3,1,0.9994948509781783,True
609,609,305,0,tfidf+bert+perp,3,0,0.00031368069710167445,True
610,610,305,1,tfidf+bert+perp,3,1,0.9990210568509463,True
611,611,306,0,tfidf+bert+perp,3,0,0.00011856035916797987,True
612,612,306,1,tfidf+bert+perp,3,1,0.9990123654586284,True
613,613,307,0,tfidf+bert+perp,3,0,0.00040841902532662056,True
614,614,307,1,tfidf+bert+perp,3,1,0.7463838992319405,True
615,615,308,0,tfidf+bert+perp,3,0,0.00122008033885918,True
616,616,308,1,tfidf+bert+perp,3,1,0.9997976947093759,True
617,617,309,0,tfidf+bert+perp,3,0,0.04616957683314523,True
618,618,309,1,tfidf+bert+perp,3,1,0.999811431964332,True
619,619,310,0,tfidf+bert+perp,3,0,0.0020665017630619458,True
620,620,310,1,tfidf+bert+perp,3,1,0.9999306225918461,True
621,621,311,0,tfidf+bert+perp,3,0,0.0009349224880825143,True
622,622,311,1,tfidf+bert+perp,3,1,0.9500895872417484,True
623,623,312,0,tfidf+bert+perp,3,0,0.002365826345520389,True
624,624,312,1,tfidf+bert+perp,3,1,0.9999410008014974,True
625,625,313,0,tfidf+bert+perp,3,0,0.0027795427677039055,True
626,626,313,1,tfidf+bert+perp,3,1,0.9980850339019405,True
627,627,314,0,tfidf+bert+perp,3,0,0.020466887613186102,True
628,628,314,1,tfidf+bert+perp,3,1,0.9992944724344587,True
629,629,315,0,tfidf+bert+perp,3,0,0.0007325683361742539,True
630,630,315,1,tfidf+bert+perp,3,1,0.996853943041292,True
631,631,316,0,tfidf+bert+perp,3,0,0.1253237277658747,True
632,632,316,1,tfidf+bert+perp,3,1,0.9966110426053084,True
633,633,317,0,tfidf+bert+perp,3,0,0.0006716478631786156,True
634,634,317,1,tfidf+bert+perp,3,1,0.9994970597665246,True
635,635,318,0,tfidf+bert+perp,3,0,8.413027139638624e-05,True
636,636,318,1,tfidf+bert+perp,3,1,0.9974831849900578,True
637,637,319,0,tfidf+bert+perp,3,0,0.0011570800402580478,True
638,638,319,1,tfidf+bert+perp,3,1,0.9448126851564707,True
639,639,320,0,tfidf+bert+perp,3,0,0.0009382241997180445,True
640,640,320,1,tfidf+bert+perp,3,1,0.9967708493383036,True
641,641,321,0,tfidf+bert+perp,3,0,0.025336064193013427,True
642,642,321,1,tfidf+bert+perp,3,1,0.9965337393813785,True
643,643,322,0,tfidf+bert+perp,3,1,0.6867833145544522,False
644,644,322,1,tfidf+bert+perp,3,1,0.9979261284429519,True
645,645,323,0,tfidf+bert+perp,3,0,0.014210715786281665,True
646,646,323,1,tfidf+bert+perp,3,1,0.9977241685570712,True
647,647,324,0,tfidf+bert+perp,3,0,0.005163493091695532,True
648,648,324,1,tfidf+bert+perp,3,1,0.9988717392111467,True
649,649,325,0,tfidf+bert+perp,3,0,0.0004037079725968053,True
650,650,325,1,tfidf+bert+perp,3,1,0.9984157718566194,True
651,651,326,0,tfidf+bert+perp,3,0,0.0015063434582617313,True
652,652,326,1,tfidf+bert+perp,3,1,0.9951421355906469,True
653,653,327,0,tfidf+bert+perp,3,0,0.04832072981308168,True
654,654,327,1,tfidf+bert+perp,3,1,0.9957366607576839,True
655,655,328,0,tfidf+bert+perp,3,0,0.015489773506851228,True
656,656,328,1,tfidf+bert+perp,3,1,0.9997697870479971,True
657,657,329,0,tfidf+bert+perp,3,0,0.0005444161887515146,True
658,658,329,1,tfidf+bert+perp,3,1,0.9969632037881591,True
659,659,330,0,tfidf+bert+perp,3,0,0.0030340301517204253,True
660,660,330,1,tfidf+bert+perp,3,1,0.9855478591273749,True
661,661,331,0,tfidf+bert+perp,3,0,0.003321844981982822,True
662,662,331,1,tfidf+bert+perp,3,1,0.9991846214645568,True
663,663,332,0,tfidf+bert+perp,3,0,0.04667590527136496,True
664,664,332,1,tfidf+bert+perp,3,1,0.9960647507058924,True
665,665,333,0,tfidf+bert+perp,3,0,0.00015371760901921342,True
666,666,333,1,tfidf+bert+perp,3,0,0.27489889867295375,False
667,667,334,0,tfidf+bert+perp,3,0,0.008683917925879522,True
668,668,334,1,tfidf+bert+perp,3,1,0.9959133391406546,True
669,669,335,0,tfidf+bert+perp,3,0,0.03739157203071907,True
670,670,335,1,tfidf+bert+perp,3,1,0.989787103646427,True
671,671,336,0,tfidf+bert+perp,3,0,0.001617051296927497,True
672,672,336,1,tfidf+bert+perp,3,1,0.9971099753304735,True
673,673,337,0,tfidf+bert+perp,3,0,0.0029581590713007415,True
674,674,337,1,tfidf+bert+perp,3,1,0.9979189955916572,True
675,675,338,0,tfidf+bert+perp,3,0,0.010408220347338558,True
676,676,338,1,tfidf+bert+perp,3,0,0.2267071619027136,False
677,677,339,0,tfidf+bert+perp,3,0,0.018292812216712376,True
678,678,339,1,tfidf+bert+perp,3,1,0.998442172527862,True
679,679,340,0,tfidf+bert+perp,3,0,0.0017218191210101477,True
680,680,340,1,tfidf+bert+perp,3,1,0.9999020879398207,True
681,681,341,0,tfidf+bert+perp,3,0,0.000501373251707999,True
682,682,341,1,tfidf+bert+perp,3,1,0.9836279662132763,True
683,683,342,0,tfidf+bert+perp,3,0,0.007373655566732901,True
684,684,342,1,tfidf+bert+perp,3,1,0.9993819190299442,True
685,685,343,0,tfidf+bert+perp,3,0,0.0045351815690928745,True
686,686,343,1,tfidf+bert+perp,3,1,0.9976420067357394,True
687,687,344,0,tfidf+bert+perp,3,0,0.001604799006623881,True
688,688,344,1,tfidf+bert+perp,3,1,0.999447133171131,True
689,689,345,0,tfidf+bert+perp,3,0,0.00135081494050704,True
690,690,345,1,tfidf+bert+perp,3,1,0.9994289364651795,True
691,691,346,0,tfidf+bert+perp,3,0,0.05527519840192396,True
692,692,346,1,tfidf+bert+perp,3,1,0.9995579626644333,True
693,693,347,0,tfidf+bert+perp,3,0,0.20680726021166013,True
694,694,347,1,tfidf+bert+perp,3,1,0.9963874437785508,True
695,695,348,0,tfidf+bert+perp,3,0,0.0048440559484459345,True
696,696,348,1,tfidf+bert+perp,3,1,0.9997906023714661,True
697,697,349,0,tfidf+bert+perp,3,0,0.0009156498866243738,True
698,698,349,1,tfidf+bert+perp,3,1,0.9987410799334613,True
699,699,350,0,tfidf+bert+perp,3,0,0.009112687176663574,True
700,700,350,1,tfidf+bert+perp,3,1,0.9941055013082388,True
701,701,351,0,tfidf+bert+perp,3,0,0.016154005064132178,True
702,702,351,1,tfidf+bert+perp,3,1,0.9986603982742185,True
703,703,352,0,tfidf+bert+perp,3,0,0.00755745795326266,True
704,704,352,1,tfidf+bert+perp,3,1,0.9998559129143697,True
705,705,353,0,tfidf+bert+perp,3,0,0.17348187006687796,True
706,706,353,1,tfidf+bert+perp,3,1,0.996511683329544,True
707,707,354,0,tfidf+bert+perp,3,0,0.040904585461014706,True
708,708,354,1,tfidf+bert+perp,3,1,0.9536016983628911,True
709,709,355,0,tfidf+bert+perp,3,0,0.01034204616984456,True
710,710,355,1,tfidf+bert+perp,3,1,0.9974462095530605,True
711,711,356,0,tfidf+bert+perp,3,0,0.011219660130122005,True
712,712,356,1,tfidf+bert+perp,3,1,0.9991717956579264,True
713,713,357,0,tfidf+bert+perp,3,0,0.0021272626748680377,True
714,714,357,1,tfidf+bert+perp,3,1,0.9995501387824768,True
715,715,358,0,tfidf+bert+perp,3,0,0.004241338006890402,True
716,716,358,1,tfidf+bert+perp,3,1,0.9997282433201238,True
717,717,359,0,tfidf+bert+perp,3,0,0.0011822131853006174,True
718,718,359,1,tfidf+bert+perp,3,1,0.9997128218526874,True
719,719,360,0,tfidf+bert+perp,3,0,0.002343672107185706,True
720,720,360,1,tfidf+bert+perp,3,1,0.9998409142636638,True
721,721,361,0,tfidf+bert+perp,3,0,0.0022446837979196773,True
722,722,361,1,tfidf+bert+perp,3,0,0.024571417451958844,False
723,723,362,0,tfidf+bert+perp,3,0,0.001065116633619524,True
724,724,362,1,tfidf+bert+perp,3,1,0.9975111839508608,True
725,725,363,0,tfidf+bert+perp,3,0,6.654221975330593e-05,True
726,726,363,1,tfidf+bert+perp,3,1,0.9679836024532325,True
727,727,364,0,tfidf+bert+perp,3,0,0.0035857860521843737,True
728,728,364,1,tfidf+bert+perp,3,1,0.9013620363158089,True
729,729,365,0,tfidf+bert+perp,3,0,0.033796420744857,True
730,730,365,1,tfidf+bert+perp,3,1,0.9960623622600643,True
731,731,366,0,tfidf+bert+perp,3,0,0.00041201367644274673,True
732,732,366,1,tfidf+bert+perp,3,1,0.954619061713914,True
733,733,367,0,tfidf+bert+perp,3,0,0.001311093630584056,True
734,734,367,1,tfidf+bert+perp,3,1,0.9991878932901829,True
735,735,368,0,tfidf+bert+perp,3,0,0.0006470279126305446,True
736,736,368,1,tfidf+bert+perp,3,1,0.996995728229241,True
737,737,369,0,tfidf+bert+perp,3,0,0.008810737578174061,True
738,738,369,1,tfidf+bert+perp,3,1,0.9980121427145994,True
739,739,370,0,tfidf+bert+perp,3,0,0.00047544409285747117,True
740,740,370,1,tfidf+bert+perp,3,1,0.9849363485206267,True
741,741,371,0,tfidf+bert+perp,3,0,0.001496842046127486,True
742,742,371,1,tfidf+bert+perp,3,1,0.9517555211823737,True
743,743,372,1,tfidf+bert+perp,3,1,0.9894078322714622,True
744,744,373,0,tfidf+bert+perp,3,0,0.044331621182213475,True
745,745,373,1,tfidf+bert+perp,3,1,0.9964860913331668,True
746,746,374,0,tfidf+bert+perp,3,0,0.0017227391025321874,True
747,747,374,1,tfidf+bert+perp,3,1,0.9622396148590738,True
748,748,375,0,tfidf+bert+perp,3,0,0.09046509101667381,True
749,749,375,1,tfidf+bert+perp,3,1,0.9671949941960133,True
750,750,376,0,tfidf+bert+perp,3,0,0.00040572195159890623,True
751,751,376,1,tfidf+bert+perp,3,1,0.9944930420899258,True
752,752,377,0,tfidf+bert+perp,3,0,0.0040210222158993695,True
753,753,377,1,tfidf+bert+perp,3,1,0.9990515222543705,True
754,754,378,0,tfidf+bert+perp,3,0,0.11195852692244519,True
755,755,378,1,tfidf+bert+perp,3,1,0.9392565350611458,True
756,756,379,0,tfidf+bert+perp,3,0,0.0012851078925843252,True
757,757,379,1,tfidf+bert+perp,3,1,0.9999142232182544,True
758,758,380,0,tfidf+bert+perp,3,0,0.01856213243201856,True
759,759,380,1,tfidf+bert+perp,3,1,0.9991156006016519,True
760,760,381,0,tfidf+bert+perp,3,0,0.3960178755768429,True
761,761,381,1,tfidf+bert+perp,3,1,0.9993796827122665,True
762,762,382,0,tfidf+bert+perp,3,0,0.002476236368440345,True
763,763,382,1,tfidf+bert+perp,3,1,0.9997089093389965,True
764,764,383,0,tfidf+bert+perp,3,0,0.00164846694625435,True
765,765,383,1,tfidf+bert+perp,3,1,0.9989397322220303,True
766,766,384,0,tfidf+bert+perp,3,0,0.0001589079589177886,True
767,767,384,1,tfidf+bert+perp,3,1,0.9966329515580359,True
768,768,385,0,tfidf+bert+perp,3,0,0.018514218611734617,True
769,769,385,1,tfidf+bert+perp,3,1,0.9875956502928113,True
770,770,386,1,tfidf+bert+perp,3,1,0.9995836698580909,True
771,771,387,0,tfidf+bert+perp,3,1,0.7594367638830705,False
772,772,387,1,tfidf+bert+perp,3,1,0.9828800761094028,True
773,773,388,0,tfidf+bert+perp,3,0,0.0030071337343092843,True
774,774,388,1,tfidf+bert+perp,3,1,0.9998781444523959,True
775,775,389,0,tfidf+bert+perp,3,0,0.007022962273041329,True
776,776,389,1,tfidf+bert+perp,3,1,0.9988222503747148,True
777,777,390,0,tfidf+bert+perp,3,0,8.953859587591161e-05,True
778,778,390,1,tfidf+bert+perp,3,1,0.9992656636605316,True
779,779,391,0,tfidf+bert+perp,3,0,0.0004202255002708349,True
780,780,391,1,tfidf+bert+perp,3,1,0.9990716751488151,True
781,781,392,0,tfidf+bert+perp,3,0,0.020653994691412707,True
782,782,392,1,tfidf+bert+perp,3,1,0.9982518193526269,True
783,783,393,0,tfidf+bert+perp,3,0,0.00343394706082214,True
784,784,393,1,tfidf+bert+perp,3,1,0.9991791867236263,True
785,785,394,0,tfidf+bert+perp,3,0,0.0054262024188372416,True
786,786,394,1,tfidf+bert+perp,3,1,0.9990571915591538,True
787,787,395,0,tfidf+bert+perp,3,0,0.0006953698021296403,True
788,788,395,1,tfidf+bert+perp,3,1,0.8779761822865528,True
789,789,396,0,tfidf+bert+perp,3,1,0.7149177563038845,False
790,790,396,1,tfidf+bert+perp,3,1,0.9980901182434728,True
791,791,397,0,tfidf+bert+perp,3,0,0.0037120045627649758,True
792,792,397,1,tfidf+bert+perp,3,1,0.999700394928586,True
793,793,398,0,tfidf+bert+perp,3,0,0.0019536165317510664,True
794,794,398,1,tfidf+bert+perp,3,1,0.9634077091946824,True
795,795,399,0,tfidf+bert+perp,3,0,0.0787166887198672,True
796,796,399,1,tfidf+bert+perp,3,1,0.9998508571748933,True
797,797,400,0,tfidf+bert+perp,3,0,0.1229212323046534,True
798,798,400,1,tfidf+bert+perp,3,1,0.9996539716211924,True
799,799,401,0,tfidf+bert+perp,3,0,0.0005729221755032413,True
800,800,401,1,tfidf+bert+perp,3,1,0.9997710774023695,True
801,801,402,0,tfidf+bert+perp,3,0,4.441413101632083e-05,True
802,802,402,1,tfidf+bert+perp,3,1,0.62302197081868,True
803,803,403,0,tfidf+bert+perp,3,0,0.0028241272525662414,True
804,804,403,1,tfidf+bert+perp,3,1,0.95387477771012,True
805,805,404,0,tfidf+bert+perp,3,0,0.009276178381813306,True
806,806,404,1,tfidf+bert+perp,3,1,0.999451481105964,True
807,807,405,0,tfidf+bert+perp,3,0,0.0013677417621237038,True
808,808,405,1,tfidf+bert+perp,3,1,0.9992631268385411,True
809,809,406,0,tfidf+bert+perp,3,0,0.008958749858229708,True
810,810,406,1,tfidf+bert+perp,3,1,0.9980462300620752,True
811,811,407,0,tfidf+bert+perp,3,0,0.001650346624339001,True
812,812,407,1,tfidf+bert+perp,3,1,0.9980427606893018,True
813,813,408,0,tfidf+bert+perp,3,0,0.0005544137047462783,True
814,814,408,1,tfidf+bert+perp,3,1,0.8899372616825123,True
815,815,409,0,tfidf+bert+perp,3,0,0.00019067547696951888,True
816,816,409,1,tfidf+bert+perp,3,1,0.9981558950040447,True
817,817,410,0,tfidf+bert+perp,3,0,0.0009120594639914142,True
818,818,410,1,tfidf+bert+perp,3,1,0.9997933229955963,True
819,819,411,0,tfidf+bert+perp,3,0,0.008009429998458925,True
820,820,411,1,tfidf+bert+perp,3,1,0.9998331645273325,True
821,821,412,0,tfidf+bert+perp,3,0,9.671399063036097e-05,True
822,822,412,1,tfidf+bert+perp,3,1,0.9958744198419437,True
823,823,413,0,tfidf+bert+perp,3,0,0.003440166889841426,True
824,824,413,1,tfidf+bert+perp,3,1,0.99913409317412,True
825,825,414,0,tfidf+bert+perp,3,0,0.22220927188966993,True
826,826,414,1,tfidf+bert+perp,3,1,0.9842201416364798,True
827,827,415,0,tfidf+bert+perp,3,0,0.008657476784490732,True
828,828,415,1,tfidf+bert+perp,3,1,0.9877227899152743,True
829,829,416,0,tfidf+bert+perp,3,0,0.00020663138989192577,True
830,830,416,1,tfidf+bert+perp,3,1,0.9482492988012173,True
831,831,417,0,tfidf+bert+perp,3,0,0.01573145468652743,True
832,832,417,1,tfidf+bert+perp,3,1,0.992428383530158,True
833,833,418,0,tfidf+bert+perp,3,0,0.03246456075724707,True
834,834,418,1,tfidf+bert+perp,3,1,0.999632404673244,True
835,835,419,0,tfidf+bert+perp,3,1,0.9099722610045248,False
836,836,419,1,tfidf+bert+perp,3,1,0.9992768029287418,True
837,837,420,0,tfidf+bert+perp,3,0,0.002064445132265428,True
838,838,420,1,tfidf+bert+perp,3,1,0.985258923660635,True
839,839,421,0,tfidf+bert+perp,3,0,0.00012780883607784325,True
840,840,421,1,tfidf+bert+perp,3,1,0.9424658312053685,True
841,841,422,0,tfidf+bert+perp,3,0,0.00016417509331096873,True
842,842,422,1,tfidf+bert+perp,3,1,0.9949389209860827,True
843,843,423,0,tfidf+bert+perp,3,0,0.0010604747944828246,True
844,844,423,1,tfidf+bert+perp,3,1,0.9993493220255995,True
845,845,424,0,tfidf+bert+perp,3,0,0.0022686329579318944,True
846,846,424,1,tfidf+bert+perp,3,1,0.9925894533252986,True
847,847,425,1,tfidf+bert+perp,3,1,0.9997576204070773,True
848,848,426,1,tfidf+bert+perp,3,1,0.9998515492028747,True
849,849,427,0,tfidf+bert+perp,3,0,0.11853418529232869,True
850,850,427,1,tfidf+bert+perp,3,1,0.9991079329191501,True
851,851,428,0,tfidf+bert+perp,3,0,0.0002843784099615199,True
852,852,428,1,tfidf+bert+perp,3,1,0.9663153575233775,True
853,853,429,0,tfidf+bert+perp,3,0,0.000561462032521267,True
854,854,429,1,tfidf+bert+perp,3,1,0.9976734364583035,True
855,855,430,0,tfidf+bert+perp,3,0,0.009075308958016011,True
856,856,430,1,tfidf+bert+perp,3,1,0.99920243839985,True
857,857,431,0,tfidf+bert+perp,3,0,0.00016275510544185652,True
858,858,431,1,tfidf+bert+perp,3,1,0.9996143765622735,True
859,859,432,0,tfidf+bert+perp,3,0,0.0001550170551471372,True
860,860,432,1,tfidf+bert+perp,3,1,0.9889637324750385,True
861,861,433,0,tfidf+bert+perp,3,0,0.00031161913624048744,True
862,862,433,1,tfidf+bert+perp,3,1,0.9992297826704435,True
863,863,434,0,tfidf+bert+perp,3,0,0.00044088687557122797,True
864,864,434,1,tfidf+bert+perp,3,0,0.38161451254874634,False
865,865,435,0,tfidf+bert+perp,3,0,0.1759513870586891,True
866,866,435,1,tfidf+bert+perp,3,1,0.6090073374103944,True
867,867,436,0,tfidf+bert+perp,3,0,0.0004760483759563068,True
868,868,436,1,tfidf+bert+perp,3,1,0.9991042686969861,True
869,869,437,0,tfidf+bert+perp,3,0,0.0003879726394867547,True
870,870,437,1,tfidf+bert+perp,3,1,0.9994923944643496,True
871,871,438,0,tfidf+bert+perp,3,0,0.020441150960879045,True
872,872,438,1,tfidf+bert+perp,3,1,0.9993963173892713,True
873,873,439,0,tfidf+bert+perp,3,0,0.0013510484882865753,True
874,874,439,1,tfidf+bert+perp,3,1,0.9996214847496486,True
875,875,440,0,tfidf+bert+perp,3,0,0.020616193994793416,True
876,876,440,1,tfidf+bert+perp,3,1,0.9973293300688548,True
877,877,441,0,tfidf+bert+perp,3,0,3.357489527998582e-05,True
878,878,441,1,tfidf+bert+perp,3,1,0.9996522731565817,True
879,879,442,0,tfidf+bert+perp,3,0,0.006004076806862033,True
880,880,442,1,tfidf+bert+perp,3,1,0.9067630615120699,True
881,881,443,0,tfidf+bert+perp,3,0,0.023726012237235396,True
882,882,443,1,tfidf+bert+perp,3,1,0.9998823335283534,True
883,883,444,0,tfidf+bert+perp,3,0,0.00037488289223973375,True
884,884,444,1,tfidf+bert+perp,3,1,0.9976559260441561,True
885,885,445,0,tfidf+bert+perp,3,0,0.009484708637470926,True
886,886,445,1,tfidf+bert+perp,3,1,0.9815486803120709,True
887,887,446,0,tfidf+bert+perp,3,0,0.1560357265143294,True
888,888,446,1,tfidf+bert+perp,3,1,0.9434529850180976,True
889,889,447,0,tfidf+bert+perp,3,0,0.0028638746136735575,True
890,890,447,1,tfidf+bert+perp,3,1,0.9981838755540601,True
891,891,448,0,tfidf+bert+perp,3,0,0.0011229131708237953,True
892,892,448,1,tfidf+bert+perp,3,1,0.9997061739276538,True
893,893,449,0,tfidf+bert+perp,3,0,0.0014653865238720375,True
894,894,449,1,tfidf+bert+perp,3,1,0.9958905822101339,True
895,895,450,0,tfidf+bert+perp,3,0,0.00023821959015858757,True
896,896,450,1,tfidf+bert+perp,3,1,0.9777969144531798,True
897,897,451,0,tfidf+bert+perp,3,0,0.020833710031675032,True
898,898,451,1,tfidf+bert+perp,3,1,0.9870352597439814,True
899,899,452,0,tfidf+bert+perp,3,0,0.0008625252706619717,True
900,900,452,1,tfidf+bert+perp,3,1,0.9630433772165822,True
901,901,453,0,tfidf+bert+perp,3,0,0.0002238148143438596,True
902,902,453,1,tfidf+bert+perp,3,1,0.999657040880443,True
903,903,454,0,tfidf+bert+perp,3,0,0.13111606804215806,True
904,904,454,1,tfidf+bert+perp,3,1,0.9966024916817896,True
905,905,455,0,tfidf+bert+perp,3,0,0.0017008233070500605,True
906,906,455,1,tfidf+bert+perp,3,1,0.9790530484296444,True
907,907,456,0,tfidf+bert+perp,3,0,0.0003966340188396097,True
908,908,456,1,tfidf+bert+perp,3,1,0.9999390123835655,True
909,909,457,0,tfidf+bert+perp,3,0,0.00023273047214972535,True
910,910,457,1,tfidf+bert+perp,3,1,0.6393382244377176,True
911,911,458,0,tfidf+bert+perp,3,0,0.022770154075177924,True
912,912,458,1,tfidf+bert+perp,3,1,0.9944878259655487,True
913,913,459,0,tfidf+bert+perp,3,0,0.00288029325984295,True
914,914,459,1,tfidf+bert+perp,3,1,0.9994077596939154,True
915,915,460,0,tfidf+bert+perp,3,0,0.002149209934668092,True
916,916,460,1,tfidf+bert+perp,3,1,0.999398478292877,True
917,917,461,0,tfidf+bert+perp,3,0,0.0005119767627807433,True
918,918,461,1,tfidf+bert+perp,3,1,0.9998400276748701,True
919,919,462,0,tfidf+bert+perp,3,0,0.013659745836858209,True
920,920,462,1,tfidf+bert+perp,3,1,0.999831201716762,True
921,921,463,0,tfidf+bert+perp,3,0,0.0004999527909406772,True
922,922,463,1,tfidf+bert+perp,3,1,0.9974783682036589,True
923,923,464,0,tfidf+bert+perp,3,0,0.03130912479184998,True
924,924,464,1,tfidf+bert+perp,3,1,0.999830167518026,True
925,925,465,0,tfidf+bert+perp,3,0,0.0006067275773604795,True
926,926,465,1,tfidf+bert+perp,3,1,0.9850805278678165,True
927,927,466,0,tfidf+bert+perp,3,0,0.0730448437210731,True
928,928,466,1,tfidf+bert+perp,3,1,0.8942201610078679,True
929,929,467,0,tfidf+bert+perp,3,0,0.0006593749872650819,True
930,930,467,1,tfidf+bert+perp,3,1,0.9994047628963535,True
931,931,468,0,tfidf+bert+perp,3,0,0.00026898311562107894,True
932,932,468,1,tfidf+bert+perp,3,1,0.9780847238908552,True
933,933,469,0,tfidf+bert+perp,3,0,0.00732179221186754,True
934,934,469,1,tfidf+bert+perp,3,1,0.99773901421004,True
935,935,470,0,tfidf+bert+perp,3,0,0.0010779833518794859,True
936,936,470,1,tfidf+bert+perp,3,1,0.9890801860592758,True
937,937,471,0,tfidf+bert+perp,3,0,0.009801310842227138,True
938,938,471,1,tfidf+bert+perp,3,1,0.9998514969733715,True
939,939,472,0,tfidf+bert+perp,3,0,0.022076913069438906,True
940,940,472,1,tfidf+bert+perp,3,1,0.9996575932220715,True
941,941,473,0,tfidf+bert+perp,3,0,0.0005062388169207849,True
942,942,473,1,tfidf+bert+perp,3,1,0.9862335547707064,True
943,943,474,0,tfidf+bert+perp,3,0,0.0026648182232901886,True
944,944,474,1,tfidf+bert+perp,3,1,0.9865317548970165,True
945,945,475,0,tfidf+bert+perp,3,0,0.0036123038686457164,True
946,946,475,1,tfidf+bert+perp,3,1,0.9956409568971154,True
947,947,476,0,tfidf+bert+perp,3,0,0.0005926455620706725,True
948,948,476,1,tfidf+bert+perp,3,1,0.9992599110958388,True
949,949,477,0,tfidf+bert+perp,3,0,0.00048710327812930026,True
950,950,477,1,tfidf+bert+perp,3,1,0.9996272078322758,True
951,951,478,0,tfidf+bert+perp,3,0,0.06890639032174284,True
952,952,478,1,tfidf+bert+perp,3,1,0.9939777133923923,True
953,953,479,0,tfidf+bert+perp,3,0,0.0004495144691066502,True
954,954,479,1,tfidf+bert+perp,3,1,0.9987658348269026,True
955,955,480,0,tfidf+bert+perp,3,0,0.0005929874691311314,True
956,956,480,1,tfidf+bert+perp,3,1,0.9956714502139394,True
957,957,481,0,tfidf+bert+perp,3,0,0.0024117741062725864,True
958,958,481,1,tfidf+bert+perp,3,1,0.9924210174111548,True
959,959,482,0,tfidf+bert+perp,3,0,0.06986640109557717,True
960,960,482,1,tfidf+bert+perp,3,1,0.9993780926506728,True
961,961,483,0,tfidf+bert+perp,3,0,0.005826450717125723,True
962,962,483,1,tfidf+bert+perp,3,1,0.9766756661260011,True
963,963,484,0,tfidf+bert+perp,3,0,0.0014489113610444157,True
964,964,484,1,tfidf+bert+perp,3,1,0.9998178889394062,True
965,965,485,0,tfidf+bert+perp,3,0,0.0012211965222095646,True
966,966,485,1,tfidf+bert+perp,3,1,0.9787867545625001,True
967,967,486,0,tfidf+bert+perp,3,0,0.00150091204004075,True
968,968,486,1,tfidf+bert+perp,3,1,0.9733730957128464,True
969,969,487,0,tfidf+bert+perp,3,0,0.09280012917264814,True
970,970,487,1,tfidf+bert+perp,3,1,0.9976117994846265,True
971,971,488,0,tfidf+bert+perp,3,0,0.005264084338757887,True
972,972,488,1,tfidf+bert+perp,3,1,0.9996978073423454,True
973,973,489,0,tfidf+bert+perp,3,0,0.0015446333290908578,True
974,974,489,1,tfidf+bert+perp,3,1,0.9989108681445833,True
975,975,490,0,tfidf+bert+perp,3,0,0.08917614431297406,True
976,976,490,1,tfidf+bert+perp,3,1,0.9981347235582099,True
977,977,491,0,tfidf+bert+perp,3,0,0.0005061149979713501,True
978,978,491,1,tfidf+bert+perp,3,1,0.9976219885030426,True
979,979,492,0,tfidf+bert+perp,3,0,0.0004683500479249577,True
980,980,492,1,tfidf+bert+perp,3,1,0.9908372277703775,True
981,981,493,0,tfidf+bert+perp,3,0,0.015666780938590377,True
982,982,493,1,tfidf+bert+perp,3,1,0.7742952226521443,True
983,983,494,0,tfidf+bert+perp,3,0,0.0007477141052191866,True
984,984,494,1,tfidf+bert+perp,3,1,0.9985386465899555,True
985,985,495,0,tfidf+bert+perp,3,0,0.006663594691444148,True
986,986,495,1,tfidf+bert+perp,3,1,0.9984405568937094,True
987,987,496,0,tfidf+bert+perp,3,0,0.0009090023721408126,True
988,988,496,1,tfidf+bert+perp,3,1,0.998696448300168,True
989,989,497,0,tfidf+bert+perp,3,0,0.00046708314277738424,True
990,990,497,1,tfidf+bert+perp,3,1,0.997937751277711,True
991,991,498,0,tfidf+bert+perp,3,0,0.0004333142985166465,True
992,992,498,1,tfidf+bert+perp,3,1,0.9992528769295245,True
993,993,499,0,tfidf+bert+perp,3,0,0.0003053495223408219,True
994,994,499,1,tfidf+bert+perp,3,0,0.37054834173192547,False
995,995,500,0,tfidf+bert+perp,3,0,0.0004660509862069734,True
996,996,500,1,tfidf+bert+perp,3,1,0.9999230310199543,True
997,997,501,0,tfidf+bert+perp,3,0,0.001799370130603054,True
998,998,501,1,tfidf+bert+perp,3,1,0.9998634358268821,True
999,999,502,0,tfidf+bert+perp,3,0,0.0046798628370014785,True
1000,1000,502,1,tfidf+bert+perp,3,1,0.9974704634494489,True
1001,1001,503,0,tfidf+bert+perp,3,0,0.0008564335822592276,True
1002,1002,503,1,tfidf+bert+perp,3,1,0.9998267240828114,True
1003,1003,504,0,tfidf+bert+perp,3,0,0.0017867774381188997,True
1004,1004,504,1,tfidf+bert+perp,3,1,0.9998964159694479,True
1005,1005,505,0,tfidf+bert+perp,3,0,0.0073007625941692664,True
1006,1006,505,1,tfidf+bert+perp,3,1,0.9956861003112584,True
1007,1007,506,0,tfidf+bert+perp,3,0,0.017362228653188344,True
1008,1008,506,1,tfidf+bert+perp,3,1,0.9889630959559178,True
1009,1009,507,0,tfidf+bert+perp,3,0,0.07242332164186488,True
1010,1010,507,1,tfidf+bert+perp,3,1,0.9991745593789514,True
1011,1011,508,0,tfidf+bert+perp,3,0,0.013307683627556462,True
1012,1012,508,1,tfidf+bert+perp,3,1,0.9963413456818162,True
1013,1013,509,0,tfidf+bert+perp,3,0,0.0008724557691500895,True
1014,1014,509,1,tfidf+bert+perp,3,1,0.9976252073078804,True
1015,1015,510,0,tfidf+bert+perp,3,0,0.004212667751352935,True
1016,1016,510,1,tfidf+bert+perp,3,1,0.928508868541265,True
1017,1017,511,0,tfidf+bert+perp,3,0,0.00018122854239734337,True
1018,1018,511,1,tfidf+bert+perp,3,1,0.9997111623763747,True
1019,1019,512,0,tfidf+bert+perp,3,0,0.010145403056305147,True
1020,1020,512,1,tfidf+bert+perp,3,1,0.9198214844434769,True
1021,1021,513,0,tfidf+bert+perp,3,1,0.6682718565525313,False
1022,1022,513,1,tfidf+bert+perp,3,1,0.9995732241987043,True
1023,1023,514,0,tfidf+bert+perp,3,0,0.008414361300845743,True
1024,1024,514,1,tfidf+bert+perp,3,1,0.9999564796923378,True
1025,1025,515,0,tfidf+bert+perp,3,0,0.0051324940570574495,True
1026,1026,515,1,tfidf+bert+perp,3,1,0.9886671572403869,True
1027,1027,516,0,tfidf+bert+perp,3,0,0.0009842829062454194,True
1028,1028,516,1,tfidf+bert+perp,3,1,0.9994702601124955,True
1029,1029,517,0,tfidf+bert+perp,3,0,0.01588639331930883,True
1030,1030,517,1,tfidf+bert+perp,3,1,0.9991991923534213,True
1031,1031,518,0,tfidf+bert+perp,3,0,0.00020685627588122084,True
1032,1032,518,1,tfidf+bert+perp,3,1,0.997575344095416,True
1033,1033,519,0,tfidf+bert+perp,3,0,0.0057220956885361204,True
1034,1034,519,1,tfidf+bert+perp,3,1,0.9980016855726478,True
1035,1035,520,0,tfidf+bert+perp,3,0,0.0010322084151915556,True
1036,1036,520,1,tfidf+bert+perp,3,1,0.9987209690322797,True
1037,1037,521,0,tfidf+bert+perp,3,0,0.0004050250436554458,True
1038,1038,521,1,tfidf+bert+perp,3,1,0.9993624872556293,True
1039,1039,522,0,tfidf+bert+perp,3,0,0.1664164320574824,True
1040,1040,522,1,tfidf+bert+perp,3,1,0.9869978204978731,True
1041,1041,523,0,tfidf+bert+perp,3,0,0.003096094657230111,True
1042,1042,523,1,tfidf+bert+perp,3,1,0.9888713611960273,True
1043,1043,524,0,tfidf+bert+perp,3,0,0.00516524051820363,True
1044,1044,524,1,tfidf+bert+perp,3,1,0.9633472250180273,True
1045,1045,525,0,tfidf+bert+perp,3,0,0.0009858614773728613,True
1046,1046,525,1,tfidf+bert+perp,3,1,0.9935086866920858,True
1047,1047,526,0,tfidf+bert+perp,3,0,0.011429279288861158,True
1048,1048,526,1,tfidf+bert+perp,3,1,0.997276198934844,True
1049,1049,527,0,tfidf+bert+perp,3,0,0.0009013624455345594,True
1050,1050,527,1,tfidf+bert+perp,3,1,0.9995676529253691,True
1051,1051,528,0,tfidf+bert+perp,3,0,0.004963689088412198,True
1052,1052,528,1,tfidf+bert+perp,3,1,0.9985516547347183,True
1053,1053,529,0,tfidf+bert+perp,3,0,0.0006075725350206662,True
1054,1054,529,1,tfidf+bert+perp,3,1,0.9966509032245349,True
1055,1055,530,0,tfidf+bert+perp,3,0,0.0014738279207859415,True
1056,1056,530,1,tfidf+bert+perp,3,1,0.9998957455799059,True
1057,1057,531,0,tfidf+bert+perp,3,0,0.04039896591802863,True
1058,1058,531,1,tfidf+bert+perp,3,1,0.9975584145037718,True
1059,1059,532,0,tfidf+bert+perp,3,0,9.968743113859635e-05,True
1060,1060,532,1,tfidf+bert+perp,3,1,0.9987248013328657,True
1061,1061,533,0,tfidf+bert+perp,3,0,0.2962573019492904,True
1062,1062,533,1,tfidf+bert+perp,3,1,0.9944888224725809,True
1063,1063,534,0,tfidf+bert+perp,3,0,0.00017919266801403745,True
1064,1064,534,1,tfidf+bert+perp,3,1,0.9313209093214149,True
1065,1065,535,0,tfidf+bert+perp,3,0,0.06780448580073875,True
1066,1066,535,1,tfidf+bert+perp,3,0,0.2457966339641508,False
1067,1067,536,0,tfidf+bert+perp,3,0,0.0014806473659674103,True
1068,1068,536,1,tfidf+bert+perp,3,1,0.9946483049163798,True
1069,1069,537,0,tfidf+bert+perp,3,0,0.001011679497845029,True
1070,1070,537,1,tfidf+bert+perp,3,1,0.9991915557469637,True
1071,1071,538,0,tfidf+bert+perp,3,0,0.0009172108191979049,True
1072,1072,538,1,tfidf+bert+perp,3,1,0.9963261712326781,True
1073,1073,539,0,tfidf+bert+perp,3,0,0.0027985424383767943,True
1074,1074,539,1,tfidf+bert+perp,3,1,0.9958179180785648,True
1075,1075,540,0,tfidf+bert+perp,3,0,0.0015716130887381107,True
1076,1076,540,1,tfidf+bert+perp,3,1,0.9974204680367372,True
1077,1077,541,0,tfidf+bert+perp,3,0,0.0749920412184629,True
1078,1078,541,1,tfidf+bert+perp,3,1,0.9979104346059164,True
1079,1079,542,0,tfidf+bert+perp,3,0,0.00253643097234042,True
1080,1080,542,1,tfidf+bert+perp,3,1,0.5941302349257659,True
1081,1081,543,0,tfidf+bert+perp,3,0,0.008010349954825127,True
1082,1082,543,1,tfidf+bert+perp,3,1,0.9931477514239256,True
1083,1083,544,0,tfidf+bert+perp,3,0,0.05335319596088833,True
1084,1084,544,1,tfidf+bert+perp,3,1,0.9992998285916626,True
1085,1085,545,0,tfidf+bert+perp,3,0,0.008155056611896869,True
1086,1086,545,1,tfidf+bert+perp,3,1,0.9995510714621514,True
1087,1087,546,0,tfidf+bert+perp,3,0,0.00013010566048269655,True
1088,1088,546,1,tfidf+bert+perp,3,1,0.8753118399901852,True
1089,1089,547,0,tfidf+bert+perp,3,0,0.005252142032026087,True
1090,1090,547,1,tfidf+bert+perp,3,1,0.9836946598713484,True
1091,1091,548,0,tfidf+bert+perp,3,0,0.0011216048384715082,True
1092,1092,548,1,tfidf+bert+perp,3,1,0.796023165710047,True
1093,1093,549,0,tfidf+bert+perp,3,0,0.0009376570184381225,True
1094,1094,549,1,tfidf+bert+perp,3,1,0.9956121739616988,True
1095,1095,550,0,tfidf+bert+perp,3,0,0.02782718263777071,True
1096,1096,550,1,tfidf+bert+perp,3,1,0.9841241630727178,True
1097,1097,551,0,tfidf+bert+perp,3,0,0.003972400422848057,True
1098,1098,551,1,tfidf+bert+perp,3,1,0.9831489804498136,True
1099,1099,552,0,tfidf+bert+perp,3,1,0.7607974528841005,False
1100,1100,552,1,tfidf+bert+perp,3,1,0.9956868353637243,True
1101,1101,553,0,tfidf+bert+perp,3,0,0.0023821316093624338,True
1102,1102,553,1,tfidf+bert+perp,3,1,0.9994560418752272,True
1103,1103,554,0,tfidf+bert+perp,3,0,0.2883453853837432,True
1104,1104,554,1,tfidf+bert+perp,3,1,0.9354931078765193,True
1105,1105,555,0,tfidf+bert+perp,3,0,0.0011425721933512318,True
1106,1106,555,1,tfidf+bert+perp,3,1,0.9997166186728084,True
1107,1107,556,0,tfidf+bert+perp,3,0,0.004057993022167576,True
1108,1108,556,1,tfidf+bert+perp,3,1,0.6447597329968342,True
1109,1109,557,0,tfidf+bert+perp,3,0,0.010920869929356224,True
1110,1110,557,1,tfidf+bert+perp,3,1,0.9710203296848757,True
1111,1111,558,0,tfidf+bert+perp,3,0,0.008586538299684367,True
1112,1112,558,1,tfidf+bert+perp,3,1,0.9988545847400742,True
1113,1113,559,0,tfidf+bert+perp,3,0,0.0008767581603371263,True
1114,1114,559,1,tfidf+bert+perp,3,1,0.9763413926718142,True
1115,1115,560,0,tfidf+bert+perp,3,0,0.0006870000043197414,True
1116,1116,560,1,tfidf+bert+perp,3,1,0.943381549309297,True
1117,1117,561,0,tfidf+bert+perp,3,1,0.9210973009877635,False
1118,1118,561,1,tfidf+bert+perp,3,1,0.7563464122501458,True
1119,1119,562,0,tfidf+bert+perp,3,0,0.0021343037160074644,True
1120,1120,562,1,tfidf+bert+perp,3,1,0.9446398605732044,True
1121,1121,563,0,tfidf+bert+perp,3,0,0.0002442536157500136,True
1122,1122,563,1,tfidf+bert+perp,3,1,0.9988323632567009,True
1123,1123,564,0,tfidf+bert+perp,3,0,0.015048704091789007,True
1124,1124,564,1,tfidf+bert+perp,3,1,0.5928637443183404,True
1125,1125,565,0,tfidf+bert+perp,3,0,0.03159243610280639,True
1126,1126,565,1,tfidf+bert+perp,3,1,0.9995874218523068,True
1127,1127,566,0,tfidf+bert+perp,3,0,0.0004951003713310327,True
1128,1128,566,1,tfidf+bert+perp,3,1,0.9991490839099609,True
1129,1129,567,0,tfidf+bert+perp,3,0,0.0001298454091764092,True
1130,1130,567,1,tfidf+bert+perp,3,1,0.9854416797728192,True
1131,1131,568,0,tfidf+bert+perp,3,0,0.004255216978718389,True
1132,1132,568,1,tfidf+bert+perp,3,1,0.9995097419873666,True
1133,1133,569,0,tfidf+bert+perp,3,0,0.0027731267843010376,True
1134,1134,569,1,tfidf+bert+perp,3,1,0.9991944034508233,True
1135,1135,570,0,tfidf+bert+perp,3,0,0.004981375611220867,True
1136,1136,570,1,tfidf+bert+perp,3,1,0.9976126735610511,True
1137,1137,571,0,tfidf+bert+perp,3,0,0.05565210797021741,True
1138,1138,571,1,tfidf+bert+perp,3,1,0.9976187897540272,True
1139,1139,572,0,tfidf+bert+perp,3,0,0.0006985411569280722,True
1140,1140,572,1,tfidf+bert+perp,3,1,0.9853714899403146,True
1141,1141,573,0,tfidf+bert+perp,3,0,0.0013179336777572538,True
1142,1142,573,1,tfidf+bert+perp,3,1,0.8596303479148759,True
1143,1143,574,0,tfidf+bert+perp,3,0,0.0002797725934785476,True
1144,1144,574,1,tfidf+bert+perp,3,1,0.9997229525882256,True
1145,1145,575,0,tfidf+bert+perp,3,0,0.0019277327944926162,True
1146,1146,575,1,tfidf+bert+perp,3,1,0.9997634006868134,True
1147,1147,576,0,tfidf+bert+perp,3,0,0.0003398431456559584,True
1148,1148,576,1,tfidf+bert+perp,3,1,0.9945817948963739,True
1149,1149,577,0,tfidf+bert+perp,3,0,0.018623259117545143,True
1150,1150,577,1,tfidf+bert+perp,3,1,0.9984803252172709,True
1151,1151,578,0,tfidf+bert+perp,3,0,0.00036799201822611396,True
1152,1152,578,1,tfidf+bert+perp,3,1,0.9954860360142502,True
1153,1153,579,0,tfidf+bert+perp,3,0,0.008550643155789213,True
1154,1154,579,1,tfidf+bert+perp,3,1,0.9643203682017798,True
1155,1155,580,0,tfidf+bert+perp,3,0,0.01469862897800701,True
1156,1156,580,1,tfidf+bert+perp,3,1,0.998429310054901,True
1157,1157,581,0,tfidf+bert+perp,3,0,0.004381634757422328,True
1158,1158,581,1,tfidf+bert+perp,3,1,0.9986849897926281,True
1159,1159,582,0,tfidf+bert+perp,3,0,0.001252709329912466,True
1160,1160,582,1,tfidf+bert+perp,3,1,0.5151739715943271,True
1161,1161,583,0,tfidf+bert+perp,3,0,0.004582626073540754,True
1162,1162,583,1,tfidf+bert+perp,3,1,0.9587246862470105,True
1163,1163,584,0,tfidf+bert+perp,3,0,0.017811949769449435,True
1164,1164,584,1,tfidf+bert+perp,3,1,0.9902450447375278,True
1165,1165,585,0,tfidf+bert+perp,3,0,0.00012006829707524647,True
1166,1166,585,1,tfidf+bert+perp,3,1,0.9937059840214093,True
1167,1167,586,0,tfidf+bert+perp,3,0,0.0002328475793377585,True
1168,1168,586,1,tfidf+bert+perp,3,1,0.9998492563175121,True
1169,1169,587,0,tfidf+bert+perp,3,0,0.005662394010148459,True
1170,1170,587,1,tfidf+bert+perp,3,1,0.9986629589783484,True
1171,1171,588,0,tfidf+bert+perp,3,0,0.002135362720345982,True
1172,1172,588,1,tfidf+bert+perp,3,1,0.9993861157845259,True
1173,1173,589,0,tfidf+bert+perp,3,0,0.013195919417743831,True
1174,1174,589,1,tfidf+bert+perp,3,1,0.9983680301720943,True
1175,1175,590,0,tfidf+bert+perp,3,0,0.0019265025579691796,True
1176,1176,590,1,tfidf+bert+perp,3,1,0.9988307326276009,True
1177,1177,591,0,tfidf+bert+perp,3,0,0.07197926787184271,True
1178,1178,591,1,tfidf+bert+perp,3,1,0.9953984368621348,True
1179,1179,592,0,tfidf+bert+perp,3,0,0.0759920969990119,True
1180,1180,592,1,tfidf+bert+perp,3,1,0.9986529786360026,True
1181,1181,593,0,tfidf+bert+perp,3,0,0.0036234419970081885,True
1182,1182,593,1,tfidf+bert+perp,3,1,0.9993194687232437,True
1183,1183,594,0,tfidf+bert+perp,3,0,0.0011937327870258038,True
1184,1184,594,1,tfidf+bert+perp,3,1,0.9998804117437686,True
1185,1185,595,0,tfidf+bert+perp,3,0,0.007588671117641307,True
1186,1186,595,1,tfidf+bert+perp,3,1,0.9984168801768021,True
1187,1187,596,0,tfidf+bert+perp,3,0,0.015615705075785039,True
1188,1188,596,1,tfidf+bert+perp,3,1,0.9998026889397321,True
1189,1189,597,0,tfidf+bert+perp,3,0,0.010803469279965906,True
1190,1190,597,1,tfidf+bert+perp,3,1,0.9987766804817979,True
1191,1191,598,0,tfidf+bert+perp,3,0,0.001520039837338227,True
1192,1192,598,1,tfidf+bert+perp,3,1,0.8897717104410187,True
1193,1193,599,0,tfidf+bert+perp,3,0,0.06262719519656235,True
1194,1194,599,1,tfidf+bert+perp,3,1,0.9988937903466178,True
1195,1195,600,0,tfidf+bert+perp,3,0,0.04965691930381975,True
1196,1196,600,1,tfidf+bert+perp,3,1,0.9952100313016133,True
1197,1197,601,0,tfidf+bert+perp,3,0,0.0063709540267722995,True
1198,1198,601,1,tfidf+bert+perp,3,1,0.9828847740014323,True
1199,1199,602,0,tfidf+bert+perp,3,0,0.0019700958617474267,True
1200,1200,602,1,tfidf+bert+perp,3,1,0.9994272181358045,True
1201,1201,603,0,tfidf+bert+perp,3,0,0.0003203561280692987,True
1202,1202,603,1,tfidf+bert+perp,3,1,0.9996788235011156,True
1203,1203,604,0,tfidf+bert+perp,3,0,0.00037224319042546556,True
1204,1204,604,1,tfidf+bert+perp,3,1,0.9999541220553717,True
1205,1205,605,0,tfidf+bert+perp,3,0,0.0009628630260787004,True
1206,1206,605,1,tfidf+bert+perp,3,1,0.9963852670165161,True
1207,1207,606,0,tfidf+bert+perp,3,1,0.6209652930409436,False
1208,1208,606,1,tfidf+bert+perp,3,1,0.9997053275739823,True
1209,1209,607,0,tfidf+bert+perp,3,1,0.785439577296268,False
1210,1210,607,1,tfidf+bert+perp,3,1,0.9987009755953733,True
1211,1211,608,0,tfidf+bert+perp,3,0,0.0010612008203519235,True
1212,1212,608,1,tfidf+bert+perp,3,1,0.9995720709816522,True
1213,1213,609,0,tfidf+bert+perp,3,0,0.0008881187739794836,True
1214,1214,609,1,tfidf+bert+perp,3,1,0.9998949973886047,True
1215,1215,610,0,tfidf+bert+perp,3,0,0.009416587132690328,True
1216,1216,610,1,tfidf+bert+perp,3,1,0.8934328698499099,True
1217,1217,611,0,tfidf+bert+perp,3,0,0.0005024219416672852,True
1218,1218,611,1,tfidf+bert+perp,3,1,0.9975289444838699,True
1219,1219,612,0,tfidf+bert+perp,3,0,0.01027659662447007,True
1220,1220,612,1,tfidf+bert+perp,3,1,0.9774647531885241,True
1221,1221,613,0,tfidf+bert+perp,3,0,0.042366566785237245,True
1222,1222,613,1,tfidf+bert+perp,3,1,0.9972234241227623,True
1223,1223,614,0,tfidf+bert+perp,3,0,0.0021623348503709157,True
1224,1224,614,1,tfidf+bert+perp,3,1,0.9990326024136005,True
1225,1225,615,0,tfidf+bert+perp,3,0,0.0011166796064287345,True
1226,1226,615,1,tfidf+bert+perp,3,1,0.9977638790533798,True
1227,1227,616,0,tfidf+bert+perp,3,0,0.044277033935868945,True
1228,1228,616,1,tfidf+bert+perp,3,1,0.9585903759775798,True
1229,1229,617,0,tfidf+bert+perp,3,0,9.31789144913075e-05,True
1230,1230,617,1,tfidf+bert+perp,3,1,0.992697918363613,True
1231,1231,618,0,tfidf+bert+perp,3,0,0.0006501155622001514,True
1232,1232,618,1,tfidf+bert+perp,3,1,0.9904585658483362,True
1233,1233,619,0,tfidf+bert+perp,3,0,0.44128120420801903,True
1234,1234,619,1,tfidf+bert+perp,3,1,0.9934815914206656,True
1235,1235,620,0,tfidf+bert+perp,3,0,0.00036918972283984063,True
1236,1236,620,1,tfidf+bert+perp,3,1,0.998405244905526,True
1237,1237,621,0,tfidf+bert+perp,3,0,0.012662212238620933,True
1238,1238,621,1,tfidf+bert+perp,3,1,0.9928480704586267,True
1239,1239,622,0,tfidf+bert+perp,3,0,0.0002472454767154668,True
1240,1240,622,1,tfidf+bert+perp,3,1,0.9995719567410449,True
1241,1241,623,0,tfidf+bert+perp,3,1,0.8368605398525784,False
1242,1242,623,1,tfidf+bert+perp,3,1,0.9829730242688194,True
1243,1243,624,0,tfidf+bert+perp,3,0,0.0032729996685511966,True
1244,1244,624,1,tfidf+bert+perp,3,1,0.9921904602916535,True
1245,1245,625,0,tfidf+bert+perp,3,0,0.0008990821557765788,True
1246,1246,625,1,tfidf+bert+perp,3,1,0.9223347667991024,True
1247,1247,626,0,tfidf+bert+perp,3,0,0.0001276883995179495,True
1248,1248,626,1,tfidf+bert+perp,3,1,0.9973535185569294,True
1249,1249,627,0,tfidf+bert+perp,3,0,0.00037815765884059455,True
1250,1250,627,1,tfidf+bert+perp,3,1,0.999578000346336,True
1251,1251,628,0,tfidf+bert+perp,3,0,0.0013281812186835325,True
1252,1252,628,1,tfidf+bert+perp,3,1,0.9968680812428118,True
1253,1253,629,0,tfidf+bert+perp,3,0,0.0016422886746330335,True
1254,1254,629,1,tfidf+bert+perp,3,0,0.07701055007939299,False
1255,1255,630,0,tfidf+bert+perp,3,0,0.000542878319693464,True
1256,1256,630,1,tfidf+bert+perp,3,1,0.9998862783539505,True
1257,1257,631,0,tfidf+bert+perp,3,0,0.002493203710203892,True
1258,1258,631,1,tfidf+bert+perp,3,1,0.958579902023625,True
1259,1259,632,0,tfidf+bert+perp,3,0,0.001491765774376119,True
1260,1260,632,1,tfidf+bert+perp,3,1,0.9847611190539918,True
1261,1261,633,0,tfidf+bert+perp,3,0,0.0003987054024340753,True
1262,1262,633,1,tfidf+bert+perp,3,1,0.8667441921847863,True
1263,1263,634,0,tfidf+bert+perp,3,0,0.0010176884249932141,True
1264,1264,634,1,tfidf+bert+perp,3,1,0.9701719581921457,True
1265,1265,635,0,tfidf+bert+perp,3,0,0.08209740292231694,True
1266,1266,635,1,tfidf+bert+perp,3,1,0.9979504281424637,True
1267,1267,636,0,tfidf+bert+perp,3,0,0.0002582063164970377,True
1268,1268,636,1,tfidf+bert+perp,3,1,0.9993635895979489,True
1269,1269,637,0,tfidf+bert+perp,3,0,0.23405661201991812,True
1270,1270,637,1,tfidf+bert+perp,3,1,0.9998059321725916,True
1271,1271,638,0,tfidf+bert+perp,3,0,0.0006362464292529123,True
1272,1272,638,1,tfidf+bert+perp,3,1,0.9990132823091576,True
1273,1273,639,0,tfidf+bert+perp,3,0,0.003240551871857865,True
1274,1274,639,1,tfidf+bert+perp,3,1,0.9997894788195645,True
1275,1275,640,0,tfidf+bert+perp,3,0,0.0004857119779130704,True
1276,1276,640,1,tfidf+bert+perp,3,1,0.9968988100008783,True
1277,1277,641,0,tfidf+bert+perp,3,0,0.44265383654504525,True
1278,1278,641,1,tfidf+bert+perp,3,1,0.9985678891113723,True
1279,1279,642,0,tfidf+bert+perp,3,0,0.0007130250610841627,True
1280,1280,642,1,tfidf+bert+perp,3,1,0.9725101776585062,True
1281,1281,643,0,tfidf+bert+perp,3,0,0.00012653501153032107,True
1282,1282,643,1,tfidf+bert+perp,3,1,0.9968175647312495,True
1283,1283,644,0,tfidf+bert+perp,3,0,0.0017335950332654402,True
1284,1284,644,1,tfidf+bert+perp,3,1,0.9996832598894939,True
1285,1285,645,0,tfidf+bert+perp,3,0,0.0019241519051507823,True
1286,1286,645,1,tfidf+bert+perp,3,1,0.9987973083811874,True
1287,1287,646,0,tfidf+bert+perp,3,0,0.0024035870990787105,True
1288,1288,646,1,tfidf+bert+perp,3,1,0.9989919792822892,True
1289,1289,647,0,tfidf+bert+perp,3,0,0.00222918819168744,True
1290,1290,647,1,tfidf+bert+perp,3,1,0.9997064292433777,True
1291,1291,648,0,tfidf+bert+perp,3,0,0.0034592597141341534,True
1292,1292,648,1,tfidf+bert+perp,3,1,0.9962358861803305,True
1293,1293,649,0,tfidf+bert+perp,3,0,3.121294179391318e-05,True
1294,1294,649,1,tfidf+bert+perp,3,1,0.9998349094563399,True
1295,1295,650,0,tfidf+bert+perp,3,0,0.00018350842876749458,True
1296,1296,650,1,tfidf+bert+perp,3,1,0.9510316067731874,True
1297,1297,651,0,tfidf+bert+perp,3,0,0.0009756049302549465,True
1298,1298,651,1,tfidf+bert+perp,3,1,0.9289087890081964,True
1299,1299,652,0,tfidf+bert+perp,3,0,0.003605428615032013,True
1300,1300,652,1,tfidf+bert+perp,3,1,0.9975404415489894,True
1301,1301,653,0,tfidf+bert+perp,3,0,0.00035795647173855164,True
1302,1302,653,1,tfidf+bert+perp,3,1,0.9923535108609195,True
1303,1303,654,0,tfidf+bert+perp,3,0,0.013746401790170929,True
1304,1304,654,1,tfidf+bert+perp,3,1,0.9917218067285073,True
1305,1305,655,0,tfidf+bert+perp,3,0,0.0031820100913907304,True
1306,1306,655,1,tfidf+bert+perp,3,1,0.9913041943053852,True
1307,1307,656,0,tfidf+bert+perp,3,0,0.00760090773228241,True
1308,1308,656,1,tfidf+bert+perp,3,1,0.9981324791615387,True
1309,1309,657,0,tfidf+bert+perp,3,0,0.0006442667620195242,True
1310,1310,657,1,tfidf+bert+perp,3,1,0.9981641066750722,True
1311,1311,658,0,tfidf+bert+perp,3,0,0.00045245021862951734,True
1312,1312,658,1,tfidf+bert+perp,3,1,0.9909351997619178,True
1313,1313,659,0,tfidf+bert+perp,3,0,0.0011748801282909752,True
1314,1314,659,1,tfidf+bert+perp,3,1,0.997032901568005,True
1315,1315,660,0,tfidf+bert+perp,3,0,0.00033484150576757333,True
1316,1316,660,1,tfidf+bert+perp,3,1,0.9078634670534708,True
1317,1317,661,0,tfidf+bert+perp,3,0,0.001240578903918385,True
1318,1318,661,1,tfidf+bert+perp,3,1,0.9994624013408665,True
1319,1319,662,0,tfidf+bert+perp,3,0,0.0002989961184072973,True
1320,1320,662,1,tfidf+bert+perp,3,1,0.9997698231591208,True
1321,1321,663,0,tfidf+bert+perp,3,0,0.0014569966542371839,True
1322,1322,663,1,tfidf+bert+perp,3,1,0.9973570668642698,True
1323,1323,664,0,tfidf+bert+perp,3,0,0.009612968280239203,True
1324,1324,664,1,tfidf+bert+perp,3,1,0.9975350650980279,True
1325,1325,665,0,tfidf+bert+perp,3,0,0.0007502406609766847,True
1326,1326,665,1,tfidf+bert+perp,3,1,0.9470684488872544,True
1327,1327,666,0,tfidf+bert+perp,3,0,0.0019058420971119197,True
1328,1328,666,1,tfidf+bert+perp,3,1,0.868543693432807,True
1329,1329,667,0,tfidf+bert+perp,3,0,0.0011646709408028738,True
1330,1330,667,1,tfidf+bert+perp,3,1,0.9994593832810559,True
1331,1331,668,0,tfidf+bert+perp,3,0,0.00569266971680398,True
1332,1332,668,1,tfidf+bert+perp,3,1,0.9866741597923454,True
1333,1333,669,0,tfidf+bert+perp,3,0,0.0002091815940505113,True
1334,1334,669,1,tfidf+bert+perp,3,1,0.9912799717779581,True
1335,1335,670,0,tfidf+bert+perp,3,0,0.00022327626331163092,True
1336,1336,670,1,tfidf+bert+perp,3,1,0.999925809465424,True
1337,1337,671,0,tfidf+bert+perp,3,0,0.0009278982131885977,True
1338,1338,671,1,tfidf+bert+perp,3,1,0.9988247739881578,True
1339,1339,672,0,tfidf+bert+perp,3,0,0.001609964031138063,True
1340,1340,672,1,tfidf+bert+perp,3,1,0.7543312952674615,True
1341,1341,673,0,tfidf+bert+perp,3,0,0.44732090741592556,True
1342,1342,673,1,tfidf+bert+perp,3,1,0.999840355763841,True
1343,1343,674,0,tfidf+bert+perp,3,0,0.0021275284506399868,True
1344,1344,674,1,tfidf+bert+perp,3,1,0.986297238578536,True
1345,1345,675,0,tfidf+bert+perp,3,0,0.0007623214458895242,True
1346,1346,675,1,tfidf+bert+perp,3,1,0.9788746845927648,True
1347,1347,676,0,tfidf+bert+perp,3,0,0.03306043034694705,True
1348,1348,676,1,tfidf+bert+perp,3,1,0.9990740192277883,True
1349,1349,677,0,tfidf+bert+perp,3,0,0.00052539534969418,True
1350,1350,677,1,tfidf+bert+perp,3,1,0.995143004329014,True
1351,1351,678,0,tfidf+bert+perp,3,0,0.00017462493055142881,True
1352,1352,678,1,tfidf+bert+perp,3,1,0.9932500087074061,True
1353,1353,679,0,tfidf+bert+perp,3,0,0.001637718663397754,True
1354,1354,679,1,tfidf+bert+perp,3,1,0.9947929125704685,True
1355,1355,680,0,tfidf+bert+perp,3,0,0.022256316623291562,True
1356,1356,680,1,tfidf+bert+perp,3,1,0.9951791611176369,True
1357,1357,681,0,tfidf+bert+perp,3,0,0.00036411058845373567,True
1358,1358,681,1,tfidf+bert+perp,3,1,0.9986694162226191,True
1359,1359,682,0,tfidf+bert+perp,3,0,7.600485661098657e-05,True
1360,1360,682,1,tfidf+bert+perp,3,1,0.9996892476659611,True
1361,1361,683,0,tfidf+bert+perp,3,0,0.00014842911099413486,True
1362,1362,683,1,tfidf+bert+perp,3,1,0.9893471281289095,True
1363,1363,684,0,tfidf+bert+perp,3,0,0.0005244868252696626,True
1364,1364,684,1,tfidf+bert+perp,3,1,0.9986357124855272,True
1365,1365,685,0,tfidf+bert+perp,3,0,0.4025086869841384,True
1366,1366,685,1,tfidf+bert+perp,3,1,0.9987491502365681,True
1367,1367,686,0,tfidf+bert+perp,3,0,0.001102198988863213,True
1368,1368,686,1,tfidf+bert+perp,3,1,0.9995056374036835,True
1369,1369,687,0,tfidf+bert+perp,3,0,0.00014547488600165403,True
1370,1370,687,1,tfidf+bert+perp,3,1,0.9979974904712055,True
1371,1371,688,0,tfidf+bert+perp,3,0,0.00013604508452257457,True
1372,1372,688,1,tfidf+bert+perp,3,1,0.9852720694724355,True
1373,1373,689,0,tfidf+bert+perp,3,0,0.0006089056119772417,True
1374,1374,689,1,tfidf+bert+perp,3,1,0.99932238624935,True
1375,1375,690,0,tfidf+bert+perp,3,0,0.007760255542588261,True
1376,1376,690,1,tfidf+bert+perp,3,1,0.9873704604538956,True
1377,1377,691,0,tfidf+bert+perp,3,0,0.02349090663548609,True
1378,1378,691,1,tfidf+bert+perp,3,1,0.9847807767426751,True
1379,1379,692,0,tfidf+bert+perp,3,0,0.0008101964975440137,True
1380,1380,692,1,tfidf+bert+perp,3,1,0.9958789056504213,True
1381,1381,693,0,tfidf+bert+perp,3,0,0.002500064920130829,True
1382,1382,693,1,tfidf+bert+perp,3,1,0.9934214910954803,True
1383,1383,694,0,tfidf+bert+perp,3,0,0.000655991650766778,True
1384,1384,694,1,tfidf+bert+perp,3,0,0.451070508333736,False
1385,1385,695,0,tfidf+bert+perp,3,0,0.007156298057431307,True
1386,1386,695,1,tfidf+bert+perp,3,1,0.9987687582490593,True
1387,1387,696,0,tfidf+bert+perp,3,0,0.0003678338583801205,True
1388,1388,696,1,tfidf+bert+perp,3,1,0.9992571384709154,True
1389,1389,697,0,tfidf+bert+perp,3,0,0.00035304332967526483,True
1390,1390,697,1,tfidf+bert+perp,3,1,0.9942667921708193,True
1391,1391,698,0,tfidf+bert+perp,3,0,0.004015998907225879,True
1392,1392,698,1,tfidf+bert+perp,3,1,0.7006672427122727,True
1393,1393,699,0,tfidf+bert+perp,3,0,0.037280904930597714,True
1394,1394,699,1,tfidf+bert+perp,3,1,0.9991738207961307,True
1395,1395,700,0,tfidf+bert+perp,3,0,0.007467904723014162,True
1396,1396,700,1,tfidf+bert+perp,3,1,0.999426389172735,True
1397,1397,701,0,tfidf+bert+perp,3,0,0.0007196691229461287,True
1398,1398,701,1,tfidf+bert+perp,3,1,0.998917430584767,True
1399,1399,702,0,tfidf+bert+perp,3,0,0.00292166501029186,True
1400,1400,702,1,tfidf+bert+perp,3,1,0.998395176920375,True
1401,1401,703,0,tfidf+bert+perp,3,0,0.011871990793709163,True
1402,1402,703,1,tfidf+bert+perp,3,1,0.8663072709465907,True
1403,1403,704,0,tfidf+bert+perp,3,0,0.05411656323414215,True
1404,1404,704,1,tfidf+bert+perp,3,1,0.9877074191245654,True
1405,1405,705,0,tfidf+bert+perp,3,0,0.007692912131001665,True
1406,1406,705,1,tfidf+bert+perp,3,1,0.9996259858374654,True
1407,1407,706,0,tfidf+bert+perp,3,0,0.005354986106005078,True
1408,1408,706,1,tfidf+bert+perp,3,1,0.9824321355180831,True
1409,1409,707,0,tfidf+bert+perp,3,0,0.002780475827346217,True
1410,1410,707,1,tfidf+bert+perp,3,1,0.9999306755601812,True
1411,1411,708,0,tfidf+bert+perp,3,0,0.001146624334816485,True
1412,1412,708,1,tfidf+bert+perp,3,1,0.9601958532329744,True
1413,1413,709,0,tfidf+bert+perp,3,0,0.01844369914929504,True
1414,1414,709,1,tfidf+bert+perp,3,1,0.9981886997714282,True
1415,1415,710,0,tfidf+bert+perp,3,0,5.158842387992984e-05,True
1416,1416,710,1,tfidf+bert+perp,3,1,0.9993357054679693,True
1417,1417,711,0,tfidf+bert+perp,3,0,8.962660576373995e-05,True
1418,1418,711,1,tfidf+bert+perp,3,1,0.9971256480867061,True
1419,1419,712,0,tfidf+bert+perp,3,0,0.006168489865702014,True
1420,1420,712,1,tfidf+bert+perp,3,1,0.9885051429393708,True
1421,1421,713,0,tfidf+bert+perp,3,0,0.0387657642559067,True
1422,1422,713,1,tfidf+bert+perp,3,1,0.9998498233288818,True
1423,1423,714,0,tfidf+bert+perp,3,0,0.0028285505001831614,True
1424,1424,714,1,tfidf+bert+perp,3,1,0.997928363979743,True
1425,1425,715,0,tfidf+bert+perp,3,0,0.0002142648451598555,True
1426,1426,715,1,tfidf+bert+perp,3,1,0.9810902392913633,True
1427,1427,716,0,tfidf+bert+perp,3,0,0.003926165690395734,True
1428,1428,716,1,tfidf+bert+perp,3,1,0.9976434701759863,True
1429,1429,717,0,tfidf+bert+perp,3,0,0.15133483827892952,True
1430,1430,717,1,tfidf+bert+perp,3,1,0.9758649207987078,True
1431,1431,718,0,tfidf+bert+perp,3,0,0.001262210685069972,True
1432,1432,718,1,tfidf+bert+perp,3,1,0.9995099998312974,True
1433,1433,719,0,tfidf+bert+perp,3,0,0.0011872598372672368,True
1434,1434,719,1,tfidf+bert+perp,3,1,0.9985251657138241,True
1435,1435,720,0,tfidf+bert+perp,3,1,0.6001805205425962,False
1436,1436,720,1,tfidf+bert+perp,3,1,0.9965274444701234,True
1437,1437,721,0,tfidf+bert+perp,3,0,0.0008143999831648396,True
1438,1438,721,1,tfidf+bert+perp,3,1,0.9977479659714377,True
1439,1439,722,0,tfidf+bert+perp,3,0,0.0012073079586129457,True
1440,1440,722,1,tfidf+bert+perp,3,1,0.9951783184892053,True
1441,1441,723,0,tfidf+bert+perp,3,0,0.006414935795996904,True
1442,1442,723,1,tfidf+bert+perp,3,1,0.9994628400173943,True
1443,1443,724,0,tfidf+bert+perp,3,0,0.00086589093149187,True
1444,1444,724,1,tfidf+bert+perp,3,1,0.999396050473324,True
1445,1445,725,0,tfidf+bert+perp,3,0,0.0018385271609728212,True
1446,1446,725,1,tfidf+bert+perp,3,1,0.980638184970999,True
1447,1447,726,0,tfidf+bert+perp,3,0,0.0008313388918924803,True
1448,1448,726,1,tfidf+bert+perp,3,1,0.9997919812503882,True
1449,1449,727,0,tfidf+bert+perp,3,0,2.8983233484073144e-05,True
1450,1450,727,1,tfidf+bert+perp,3,1,0.9882005249429285,True
1451,1451,728,0,tfidf+bert+perp,3,0,0.0007272287533070347,True
1452,1452,728,1,tfidf+bert+perp,3,1,0.9998283957902796,True
1453,1453,729,0,tfidf+bert+perp,3,0,0.00025896597635739424,True
1454,1454,729,1,tfidf+bert+perp,3,1,0.8250921419114495,True
1455,1455,730,0,tfidf+bert+perp,3,0,0.005078650753344966,True
1456,1456,730,1,tfidf+bert+perp,3,1,0.9995500049112949,True
1457,1457,731,0,tfidf+bert+perp,3,0,0.02333946053688967,True
1458,1458,731,1,tfidf+bert+perp,3,1,0.9992358995426054,True
1459,1459,732,0,tfidf+bert+perp,3,0,0.0003625875092412444,True
1460,1460,732,1,tfidf+bert+perp,3,1,0.9873760642495252,True
1461,1461,733,0,tfidf+bert+perp,3,0,0.0020928141373039925,True
1462,1462,733,1,tfidf+bert+perp,3,1,0.9990619774169573,True
1463,1463,734,0,tfidf+bert+perp,3,0,0.06232683179486519,True
1464,1464,734,1,tfidf+bert+perp,3,1,0.9965079953720181,True
1465,1465,735,0,tfidf+bert+perp,3,0,0.0019425870025226897,True
1466,1466,735,1,tfidf+bert+perp,3,1,0.9979474375476243,True
1467,1467,736,0,tfidf+bert+perp,3,0,0.0013660909945779922,True
1468,1468,736,1,tfidf+bert+perp,3,1,0.9989320604613621,True
1469,1469,737,0,tfidf+bert+perp,3,0,0.000382478781117632,True
1470,1470,737,1,tfidf+bert+perp,3,1,0.9948843762440928,True
1471,1471,738,0,tfidf+bert+perp,3,0,0.0009597137121387378,True
1472,1472,738,1,tfidf+bert+perp,3,1,0.9996053850870301,True
1473,1473,739,0,tfidf+bert+perp,3,0,0.03455377130665447,True
1474,1474,739,1,tfidf+bert+perp,3,1,0.9992121626136564,True
1475,1475,740,0,tfidf+bert+perp,3,0,0.00013953195246046307,True
1476,1476,740,1,tfidf+bert+perp,3,1,0.9998552094496286,True
1477,1477,741,0,tfidf+bert+perp,3,0,0.0003328628961720045,True
1478,1478,741,1,tfidf+bert+perp,3,1,0.9818798268976727,True
1479,1479,742,0,tfidf+bert+perp,3,0,0.006914221463980057,True
1480,1480,742,1,tfidf+bert+perp,3,1,0.9849714409938927,True
1481,1481,743,0,tfidf+bert+perp,3,0,0.025514318594233518,True
1482,1482,743,1,tfidf+bert+perp,3,1,0.999367895804388,True
1483,1483,744,0,tfidf+bert+perp,3,0,0.00035595473641533644,True
1484,1484,744,1,tfidf+bert+perp,3,1,0.9943221474716842,True
1485,1485,745,0,tfidf+bert+perp,3,0,0.0037747793705873857,True
1486,1486,745,1,tfidf+bert+perp,3,1,0.9990295024419196,True
1487,1487,746,0,tfidf+bert+perp,3,0,0.00011003009190469012,True
1488,1488,746,1,tfidf+bert+perp,3,1,0.9988283125861553,True
1489,1489,747,0,tfidf+bert+perp,3,0,0.005763312030281096,True
1490,1490,747,1,tfidf+bert+perp,3,1,0.9956962833520828,True
1491,1491,748,0,tfidf+bert+perp,3,0,0.0005121904177766715,True
1492,1492,748,1,tfidf+bert+perp,3,1,0.9977819140088934,True
1493,1493,749,0,tfidf+bert+perp,3,0,0.019360932687349203,True
1494,1494,749,1,tfidf+bert+perp,3,1,0.7297160771640063,True
1495,1495,750,0,tfidf+bert+perp,3,0,0.0013290736534529097,True
1496,1496,750,1,tfidf+bert+perp,3,1,0.9997818413877068,True
1497,1497,751,0,tfidf+bert+perp,3,0,0.04651522933229901,True
1498,1498,751,1,tfidf+bert+perp,3,1,0.9977811484117552,True
1499,1499,752,0,tfidf+bert+perp,3,0,0.00022630654970253253,True
1500,1500,752,1,tfidf+bert+perp,3,1,0.9988476393637763,True
1501,1501,753,0,tfidf+bert+perp,3,0,0.003499130644830781,True
1502,1502,753,1,tfidf+bert+perp,3,1,0.9897278792859165,True
1503,1503,754,0,tfidf+bert+perp,3,0,0.00027166429880581046,True
1504,1504,754,1,tfidf+bert+perp,3,1,0.9990293102448758,True
1505,1505,755,0,tfidf+bert+perp,3,0,0.0010639789115833537,True
1506,1506,755,1,tfidf+bert+perp,3,1,0.9943474886017727,True
1507,1507,756,0,tfidf+bert+perp,3,0,0.00033401139435702506,True
1508,1508,756,1,tfidf+bert+perp,3,1,0.9997246455782579,True
1509,1509,757,0,tfidf+bert+perp,3,0,0.051914272732609075,True
1510,1510,757,1,tfidf+bert+perp,3,1,0.9904077765318582,True
1511,1511,758,0,tfidf+bert+perp,3,0,0.00017162013318167723,True
1512,1512,758,1,tfidf+bert+perp,3,1,0.9487001435981566,True
1513,1513,759,0,tfidf+bert+perp,3,0,0.007617406699153709,True
1514,1514,759,1,tfidf+bert+perp,3,1,0.9951245264579728,True
1515,1515,760,0,tfidf+bert+perp,3,0,0.00040581070781417304,True
1516,1516,760,1,tfidf+bert+perp,3,1,0.9940814503531036,True
1517,1517,761,0,tfidf+bert+perp,3,0,0.003389568475399796,True
1518,1518,761,1,tfidf+bert+perp,3,1,0.9932300019282664,True
1519,1519,762,0,tfidf+bert+perp,3,0,0.008954892177687877,True
1520,1520,762,1,tfidf+bert+perp,3,1,0.9991048506963716,True
1521,1521,763,0,tfidf+bert+perp,3,0,0.0005442621459583715,True
1522,1522,763,1,tfidf+bert+perp,3,1,0.7465508246205034,True
1523,1523,764,0,tfidf+bert+perp,3,0,0.00042569535054109075,True
1524,1524,764,1,tfidf+bert+perp,3,1,0.9985373166944445,True
1525,1525,765,0,tfidf+bert+perp,3,0,0.008963826634471038,True
1526,1526,765,1,tfidf+bert+perp,3,1,0.9946536430834361,True
1527,1527,766,0,tfidf+bert+perp,3,0,0.0026943880705585215,True
1528,1528,766,1,tfidf+bert+perp,3,1,0.9998952637201097,True
1529,1529,767,0,tfidf+bert+perp,3,0,0.014803208534205813,True
1530,1530,767,1,tfidf+bert+perp,3,1,0.995562135414455,True
1531,1531,768,0,tfidf+bert+perp,3,0,0.0034216718554553743,True
1532,1532,768,1,tfidf+bert+perp,3,1,0.99893460402484,True
1533,1533,769,0,tfidf+bert+perp,3,0,0.01037184866600923,True
1534,1534,769,1,tfidf+bert+perp,3,1,0.9976302409985492,True
1535,1535,770,0,tfidf+bert+perp,3,0,0.007255483752233572,True
1536,1536,770,1,tfidf+bert+perp,3,1,0.9965585567842518,True
1537,1537,771,0,tfidf+bert+perp,3,0,0.001652786444616217,True
1538,1538,771,1,tfidf+bert+perp,3,1,0.9994881083431552,True
1539,1539,772,0,tfidf+bert+perp,3,0,0.0013667282858700442,True
1540,1540,772,1,tfidf+bert+perp,3,1,0.9985411411705726,True
1541,1541,773,0,tfidf+bert+perp,3,0,0.03947457463694254,True
1542,1542,773,1,tfidf+bert+perp,3,1,0.9966952428765877,True
1543,1543,774,0,tfidf+bert+perp,3,0,0.11444093231400858,True
1544,1544,774,1,tfidf+bert+perp,3,1,0.9681873469773317,True
1545,1545,775,0,tfidf+bert+perp,3,1,0.9106271435254416,False
1546,1546,775,1,tfidf+bert+perp,3,1,0.9993185927016606,True
1547,1547,776,0,tfidf+bert+perp,3,0,0.0009172996265916388,True
1548,1548,776,1,tfidf+bert+perp,3,1,0.9993401113784721,True
1549,1549,777,0,tfidf+bert+perp,3,0,0.022767941895902314,True
1550,1550,777,1,tfidf+bert+perp,3,1,0.9998529044082386,True
1551,1551,778,0,tfidf+bert+perp,3,0,0.000300208234627885,True
1552,1552,778,1,tfidf+bert+perp,3,1,0.9819716779616304,True
1553,1553,779,0,tfidf+bert+perp,3,0,0.028661573418945024,True
1554,1554,779,1,tfidf+bert+perp,3,1,0.9909675419673629,True
1555,1555,780,0,tfidf+bert+perp,3,0,8.642389888667559e-05,True
1556,1556,780,1,tfidf+bert+perp,3,1,0.998623672286413,True
1557,1557,781,0,tfidf+bert+perp,3,0,0.0007515954342911174,True
1558,1558,781,1,tfidf+bert+perp,3,1,0.9996935459835429,True
1559,1559,782,0,tfidf+bert+perp,3,0,0.0012417387684739857,True
1560,1560,782,1,tfidf+bert+perp,3,1,0.9993325464651638,True
1561,1561,783,0,tfidf+bert+perp,3,0,0.0004257515375116175,True
1562,1562,783,1,tfidf+bert+perp,3,1,0.9981571544228361,True
1563,1563,784,1,tfidf+bert+perp,3,1,0.9995965755314452,True
1564,1564,785,0,tfidf+bert+perp,3,0,0.4748957985014646,True
1565,1565,785,1,tfidf+bert+perp,3,1,0.9920431921583646,True
1566,1566,786,0,tfidf+bert+perp,3,0,0.00017279528989810558,True
1567,1567,786,1,tfidf+bert+perp,3,1,0.9996787093323589,True
1568,1568,787,0,tfidf+bert+perp,3,0,0.02299768155368159,True
1569,1569,787,1,tfidf+bert+perp,3,1,0.9992853195487597,True
1570,1570,788,0,tfidf+bert+perp,3,0,0.0007369257451925922,True
1571,1571,788,1,tfidf+bert+perp,3,1,0.9955495130179627,True
1572,1572,789,0,tfidf+bert+perp,3,0,0.0025857194494100393,True
1573,1573,789,1,tfidf+bert+perp,3,1,0.9986142797256861,True
1574,1574,790,0,tfidf+bert+perp,3,0,0.001273502449856439,True
1575,1575,790,1,tfidf+bert+perp,3,1,0.9995608502864365,True
1576,1576,791,0,tfidf+bert+perp,3,0,0.004807521124527243,True
1577,1577,791,1,tfidf+bert+perp,3,1,0.9994890687221847,True
1578,1578,792,0,tfidf+bert+perp,3,0,0.015498659869283367,True
1579,1579,792,1,tfidf+bert+perp,3,1,0.9993835499655903,True
1580,1580,793,0,tfidf+bert+perp,3,0,0.006260406887593309,True
1581,1581,793,1,tfidf+bert+perp,3,1,0.995187627971433,True
1582,1582,794,0,tfidf+bert+perp,3,0,0.003807225767124351,True
1583,1583,794,1,tfidf+bert+perp,3,1,0.9782846338333375,True
1584,1584,795,0,tfidf+bert+perp,3,0,0.008241615476488382,True
1585,1585,795,1,tfidf+bert+perp,3,1,0.9264644895023059,True
1586,1586,796,0,tfidf+bert+perp,3,0,0.0005589301686559874,True
1587,1587,796,1,tfidf+bert+perp,3,1,0.9988889183031681,True
1588,1588,797,0,tfidf+bert+perp,3,0,0.006933884494767074,True
1589,1589,797,1,tfidf+bert+perp,3,1,0.9539639630723192,True
1590,1590,798,0,tfidf+bert+perp,3,0,0.0013151444220353486,True
1591,1591,798,1,tfidf+bert+perp,3,1,0.992660428560054,True
1592,1592,799,0,tfidf+bert+perp,3,0,0.010495914428027503,True
1593,1593,799,1,tfidf+bert+perp,3,1,0.9962361453698546,True
1594,1594,800,0,tfidf+bert+perp,3,0,0.00032757915327136456,True
1595,1595,800,1,tfidf+bert+perp,3,1,0.9976297517595052,True
1596,1596,801,0,tfidf+bert+perp,3,0,0.02718467727918905,True
1597,1597,801,1,tfidf+bert+perp,3,1,0.9993906980446098,True
1598,1598,802,0,tfidf+bert+perp,3,0,0.30872898528190157,True
1599,1599,802,1,tfidf+bert+perp,3,1,0.9992834549518336,True
1600,1600,803,0,tfidf+bert+perp,3,0,0.009014345979046429,True
1601,1601,803,1,tfidf+bert+perp,3,1,0.999605764252209,True
1602,1602,804,0,tfidf+bert+perp,3,0,0.0023534120446710434,True
1603,1603,804,1,tfidf+bert+perp,3,1,0.9860503845198365,True
1604,1604,805,0,tfidf+bert+perp,3,0,0.0007237159998528806,True
1605,1605,805,1,tfidf+bert+perp,3,1,0.9999631857700646,True
1606,1606,806,0,tfidf+bert+perp,3,0,0.00025213088244163245,True
1607,1607,806,1,tfidf+bert+perp,3,1,0.9945602564170396,True
1608,1608,807,0,tfidf+bert+perp,3,0,0.17321832293259012,True
1609,1609,807,1,tfidf+bert+perp,3,1,0.9867738341739782,True
1610,1610,808,0,tfidf+bert+perp,3,0,0.0016672188481670974,True
1611,1611,808,1,tfidf+bert+perp,3,1,0.9867322920479072,True
1612,1612,809,0,tfidf+bert+perp,3,0,0.0007964659497680861,True
1613,1613,809,1,tfidf+bert+perp,3,1,0.9947954903950186,True
1614,1614,810,0,tfidf+bert+perp,3,0,0.0038929469761885553,True
1615,1615,810,1,tfidf+bert+perp,3,1,0.9944931140425033,True
1616,1616,811,0,tfidf+bert+perp,3,0,0.005418787999072298,True
1617,1617,811,1,tfidf+bert+perp,3,1,0.9451478611712547,True
1618,1618,812,0,tfidf+bert+perp,3,0,0.005109256887418618,True
1619,1619,812,1,tfidf+bert+perp,3,1,0.9932507456266243,True
1620,1620,813,1,tfidf+bert+perp,3,1,0.9693195278688692,True
1621,1621,814,0,tfidf+bert+perp,3,0,0.003697848570436241,True
1622,1622,814,1,tfidf+bert+perp,3,1,0.9998247700489401,True
1623,1623,815,0,tfidf+bert+perp,3,0,0.0020075146542829314,True
1624,1624,815,1,tfidf+bert+perp,3,1,0.9993234859535997,True
1625,1625,816,0,tfidf+bert+perp,3,0,0.002001544420839504,True
1626,1626,816,1,tfidf+bert+perp,3,1,0.9954928572026074,True
1627,1627,817,0,tfidf+bert+perp,3,0,0.0853888653604762,True
1628,1628,817,1,tfidf+bert+perp,3,1,0.9958374284317439,True
1629,1629,818,0,tfidf+bert+perp,3,0,0.0009213413365712971,True
1630,1630,818,1,tfidf+bert+perp,3,1,0.9988203822675065,True
1631,1631,819,0,tfidf+bert+perp,3,0,0.0004243623423627128,True
1632,1632,819,1,tfidf+bert+perp,3,1,0.9976605800170333,True
1633,1633,820,0,tfidf+bert+perp,3,0,0.005935779694527188,True
1634,1634,820,1,tfidf+bert+perp,3,1,0.9966123077095839,True
1635,1635,821,0,tfidf+bert+perp,3,0,0.012093364972638907,True
1636,1636,821,1,tfidf+bert+perp,3,1,0.9949476293911861,True
1637,1637,822,0,tfidf+bert+perp,3,0,0.001973392283279811,True
1638,1638,822,1,tfidf+bert+perp,3,1,0.9999005183820464,True
1639,1639,823,0,tfidf+bert+perp,3,0,0.0009602369616239218,True
1640,1640,823,1,tfidf+bert+perp,3,1,0.9999184233917077,True
1641,1641,824,0,tfidf+bert+perp,3,0,0.00017885280347966446,True
1642,1642,824,1,tfidf+bert+perp,3,1,0.9971945315544337,True
1643,1643,825,0,tfidf+bert+perp,3,0,0.006367469594012157,True
1644,1644,825,1,tfidf+bert+perp,3,1,0.9997788281362546,True
1645,1645,826,0,tfidf+bert+perp,3,0,0.0003625858778822175,True
1646,1646,826,1,tfidf+bert+perp,3,1,0.9829496082197678,True
1647,1647,827,0,tfidf+bert+perp,3,0,0.0026565091376998507,True
1648,1648,827,1,tfidf+bert+perp,3,1,0.9998444606605402,True
1649,1649,828,0,tfidf+bert+perp,3,0,0.0009562219833525513,True
1650,1650,828,1,tfidf+bert+perp,3,1,0.9985849103119052,True
1651,1651,829,0,tfidf+bert+perp,3,1,0.5204830236705434,False
1652,1652,829,1,tfidf+bert+perp,3,1,0.9966055952139996,True
1653,1653,830,0,tfidf+bert+perp,3,0,0.0027264842001162495,True
1654,1654,830,1,tfidf+bert+perp,3,1,0.9948607874410843,True
1655,1655,831,0,tfidf+bert+perp,3,0,0.005463049456025495,True
1656,1656,831,1,tfidf+bert+perp,3,1,0.7572814181172148,True
1657,1657,832,0,tfidf+bert+perp,3,0,0.006867660760923484,True
1658,1658,832,1,tfidf+bert+perp,3,1,0.9991262528521593,True
1659,1659,833,0,tfidf+bert+perp,3,0,0.01740342455957551,True
1660,1660,833,1,tfidf+bert+perp,3,1,0.9998986946303995,True
1661,1661,834,0,tfidf+bert+perp,3,0,0.0001814048636401821,True
1662,1662,834,1,tfidf+bert+perp,3,1,0.9987344850393829,True
1663,1663,835,0,tfidf+bert+perp,3,0,0.00038597872793391804,True
1664,1664,835,1,tfidf+bert+perp,3,1,0.9991676383647362,True
1665,1665,836,0,tfidf+bert+perp,3,0,0.0013671057716415653,True
1666,1666,836,1,tfidf+bert+perp,3,1,0.986686071742995,True
1667,1667,837,0,tfidf+bert+perp,3,0,0.00045758873660272097,True
1668,1668,837,1,tfidf+bert+perp,3,1,0.9884440650888152,True
1669,1669,838,0,tfidf+bert+perp,3,0,0.00013464508296038232,True
1670,1670,838,1,tfidf+bert+perp,3,1,0.9950260033376247,True
1671,1671,839,0,tfidf+bert+perp,3,0,0.00011991748934081052,True
1672,1672,839,1,tfidf+bert+perp,3,1,0.9986245241327923,True
1673,1673,840,0,tfidf+bert+perp,3,0,0.0013478833454865476,True
1674,1674,840,1,tfidf+bert+perp,3,1,0.9961388474513238,True
1675,1675,841,0,tfidf+bert+perp,3,0,0.004352630626080848,True
1676,1676,841,1,tfidf+bert+perp,3,1,0.9930115526959107,True
1677,1677,842,0,tfidf+bert+perp,3,0,0.0008546613431061979,True
1678,1678,842,1,tfidf+bert+perp,3,1,0.9982751709091202,True
1679,1679,843,0,tfidf+bert+perp,3,0,0.2357200607816046,True
1680,1680,843,1,tfidf+bert+perp,3,1,0.9987610241204301,True
1681,1681,844,0,tfidf+bert+perp,3,0,0.004093881121582389,True
1682,1682,844,1,tfidf+bert+perp,3,1,0.9989188431083541,True
1683,1683,845,0,tfidf+bert+perp,3,0,0.0011198842543714111,True
1684,1684,845,1,tfidf+bert+perp,3,1,0.9998748030707586,True
1685,1685,846,0,tfidf+bert+perp,3,0,0.027160505409200245,True
1686,1686,846,1,tfidf+bert+perp,3,1,0.9954971051757925,True
1687,1687,847,0,tfidf+bert+perp,3,0,0.0019501319761933615,True
1688,1688,847,1,tfidf+bert+perp,3,1,0.9990701246973546,True
1689,1689,848,0,tfidf+bert+perp,3,0,0.0017254882321023333,True
1690,1690,848,1,tfidf+bert+perp,3,1,0.9998249644196323,True
1691,1691,849,0,tfidf+bert+perp,3,0,0.0034720487850711146,True
1692,1692,849,1,tfidf+bert+perp,3,1,0.9994798386892603,True
1693,1693,850,0,tfidf+bert+perp,3,0,0.0009543144185779249,True
1694,1694,850,1,tfidf+bert+perp,3,1,0.997393468718139,True
1695,1695,851,0,tfidf+bert+perp,3,0,0.0016205675710413547,True
1696,1696,851,1,tfidf+bert+perp,3,1,0.9958392197248294,True
1697,1697,852,0,tfidf+bert+perp,3,0,0.00015860854599992965,True
1698,1698,852,1,tfidf+bert+perp,3,1,0.9967640956287264,True
1699,1699,853,0,tfidf+bert+perp,3,0,0.005504976236911554,True
1700,1700,853,1,tfidf+bert+perp,3,1,0.9995959647601994,True
1701,1701,854,0,tfidf+bert+perp,3,0,0.0010272252426941507,True
1702,1702,854,1,tfidf+bert+perp,3,1,0.9999132641890106,True
1703,1703,855,0,tfidf+bert+perp,3,0,0.007551780341136754,True
1704,1704,855,1,tfidf+bert+perp,3,1,0.99143226970214,True
1705,1705,856,0,tfidf+bert+perp,3,0,0.0009994482277400842,True
1706,1706,856,1,tfidf+bert+perp,3,1,0.9998796993435508,True
1707,1707,857,0,tfidf+bert+perp,3,0,0.006778010477170085,True
1708,1708,857,1,tfidf+bert+perp,3,1,0.9630557573186976,True
1709,1709,858,0,tfidf+bert+perp,3,0,0.1501537462351333,True
1710,1710,858,1,tfidf+bert+perp,3,1,0.999848118344818,True
1711,1711,859,0,tfidf+bert+perp,3,0,0.0011117305212157587,True
1712,1712,859,1,tfidf+bert+perp,3,1,0.8296798212696177,True
1713,1713,860,0,tfidf+bert+perp,3,0,0.005031052479604173,True
1714,1714,860,1,tfidf+bert+perp,3,1,0.9991878549340321,True
1715,1715,861,0,tfidf+bert+perp,3,0,0.0007357171646287551,True
1716,1716,861,1,tfidf+bert+perp,3,1,0.9806483408033367,True
1717,1717,862,0,tfidf+bert+perp,3,0,0.005542976174207614,True
1718,1718,862,1,tfidf+bert+perp,3,1,0.5662822169700513,True
1719,1719,863,0,tfidf+bert+perp,3,0,0.008358502273374915,True
1720,1720,863,1,tfidf+bert+perp,3,1,0.9995025376614072,True
1721,1721,864,0,tfidf+bert+perp,3,0,0.2827388291747518,True
1722,1722,864,1,tfidf+bert+perp,3,1,0.9961783112332055,True
1723,1723,865,0,tfidf+bert+perp,3,0,0.0012707870368415092,True
1724,1724,865,1,tfidf+bert+perp,3,1,0.9981050222342245,True
1725,1725,866,0,tfidf+bert+perp,3,0,0.0014719161086285287,True
1726,1726,866,1,tfidf+bert+perp,3,1,0.9990331410591595,True
1727,1727,867,0,tfidf+bert+perp,3,0,0.0007704053053286421,True
1728,1728,867,1,tfidf+bert+perp,3,1,0.9992525425192509,True
1729,1729,868,0,tfidf+bert+perp,3,0,0.000893569177315781,True
1730,1730,868,1,tfidf+bert+perp,3,1,0.999694882147745,True
1731,1731,869,0,tfidf+bert+perp,3,0,0.004682283023062353,True
1732,1732,869,1,tfidf+bert+perp,3,1,0.9995330936971809,True
1733,1733,870,0,tfidf+bert+perp,3,0,0.00557159529626141,True
1734,1734,870,1,tfidf+bert+perp,3,1,0.9956269988646838,True
1735,1735,871,0,tfidf+bert+perp,3,0,0.007385474667254178,True
1736,1736,871,1,tfidf+bert+perp,3,1,0.999689857149883,True
1737,1737,872,0,tfidf+bert+perp,3,0,0.007547014457785862,True
1738,1738,872,1,tfidf+bert+perp,3,1,0.9998863542510149,True
1739,1739,873,0,tfidf+bert+perp,3,0,0.000623130254404637,True
1740,1740,873,1,tfidf+bert+perp,3,1,0.9944316361590331,True
1741,1741,874,0,tfidf+bert+perp,3,0,0.0005248388644530997,True
1742,1742,874,1,tfidf+bert+perp,3,1,0.8089076327039733,True
1743,1743,875,0,tfidf+bert+perp,3,0,0.0013881448768656099,True
1744,1744,875,1,tfidf+bert+perp,3,1,0.9884940749464626,True
1745,1745,876,0,tfidf+bert+perp,3,0,0.0030577223263611297,True
1746,1746,876,1,tfidf+bert+perp,3,1,0.9951475217121315,True
1747,1747,877,0,tfidf+bert+perp,3,0,0.03161632365320607,True
1748,1748,877,1,tfidf+bert+perp,3,1,0.9987641903564456,True
1749,1749,878,0,tfidf+bert+perp,3,0,0.01552109485153214,True
1750,1750,878,1,tfidf+bert+perp,3,1,0.9998700865896631,True
1751,1751,879,0,tfidf+bert+perp,3,0,0.017390265150607206,True
1752,1752,879,1,tfidf+bert+perp,3,1,0.9903200899109879,True
1753,1753,880,0,tfidf+bert+perp,3,0,0.0029723351815855166,True
1754,1754,880,1,tfidf+bert+perp,3,1,0.9970233230631981,True
1755,1755,881,0,tfidf+bert+perp,3,0,0.00110240411597063,True
1756,1756,881,1,tfidf+bert+perp,3,1,0.9719791578797441,True
1757,1757,882,0,tfidf+bert+perp,3,0,0.02875906033846823,True
1758,1758,882,1,tfidf+bert+perp,3,1,0.9987939448370706,True
1759,1759,883,0,tfidf+bert+perp,3,0,0.000834985523336309,True
1760,1760,883,1,tfidf+bert+perp,3,1,0.9982643093437704,True
1761,1761,884,0,tfidf+bert+perp,3,0,1.235098214891312e-05,True
1762,1762,884,1,tfidf+bert+perp,3,1,0.9918055574722336,True
1763,1763,885,0,tfidf+bert+perp,3,0,0.002433655386501556,True
1764,1764,885,1,tfidf+bert+perp,3,1,0.9991530811789886,True
1765,1765,886,0,tfidf+bert+perp,3,0,0.00595702702861348,True
1766,1766,886,1,tfidf+bert+perp,3,1,0.9994883492738252,True
1767,1767,887,0,tfidf+bert+perp,3,0,0.0023354467046000854,True
1768,1768,887,1,tfidf+bert+perp,3,1,0.6505768028066192,True
1769,1769,888,0,tfidf+bert+perp,3,0,0.0011080406812497767,True
1770,1770,888,1,tfidf+bert+perp,3,1,0.9998789681220511,True
1771,1771,889,0,tfidf+bert+perp,3,0,0.04962433663224517,True
1772,1772,889,1,tfidf+bert+perp,3,1,0.9987905813117737,True
1773,1773,890,0,tfidf+bert+perp,3,0,0.00040000555603012395,True
1774,1774,890,1,tfidf+bert+perp,3,1,0.9197282726527792,True
1775,1775,891,0,tfidf+bert+perp,3,1,0.8909974124836243,False
1776,1776,891,1,tfidf+bert+perp,3,1,0.9618574356094192,True
1777,1777,892,0,tfidf+bert+perp,3,0,0.005310079759994266,True
1778,1778,892,1,tfidf+bert+perp,3,1,0.9999178645209184,True
1779,1779,893,0,tfidf+bert+perp,3,0,0.004624143114840748,True
1780,1780,893,1,tfidf+bert+perp,3,1,0.9940216204713274,True
1781,1781,894,0,tfidf+bert+perp,3,0,0.00247362897650365,True
1782,1782,894,1,tfidf+bert+perp,3,1,0.9979440584288995,True
1783,1783,895,0,tfidf+bert+perp,3,0,0.0003502600954952865,True
1784,1784,895,1,tfidf+bert+perp,3,1,0.7797893906527946,True
1785,1785,896,0,tfidf+bert+perp,3,0,0.026735432841800626,True
1786,1786,896,1,tfidf+bert+perp,3,1,0.995745508088331,True
1787,1787,897,0,tfidf+bert+perp,3,0,0.001611103538197457,True
1788,1788,897,1,tfidf+bert+perp,3,1,0.9997854699764359,True
1789,1789,898,0,tfidf+bert+perp,3,0,0.051917658286064323,True
1790,1790,898,1,tfidf+bert+perp,3,1,0.996398479589213,True
1791,1791,899,0,tfidf+bert+perp,3,0,0.0020464559304479144,True
1792,1792,899,1,tfidf+bert+perp,3,1,0.9994521831332139,True
1793,1793,900,0,tfidf+bert+perp,3,0,0.00211421742516482,True
1794,1794,900,1,tfidf+bert+perp,3,1,0.7752853962592818,True
1795,1795,901,0,tfidf+bert+perp,3,0,0.01177227237382826,True
1796,1796,901,1,tfidf+bert+perp,3,1,0.9944731756070968,True
1797,1797,902,0,tfidf+bert+perp,3,0,0.3132631807267892,True
1798,1798,902,1,tfidf+bert+perp,3,1,0.9965498431777156,True
1799,1799,903,0,tfidf+bert+perp,3,0,0.0020260843997022644,True
1800,1800,903,1,tfidf+bert+perp,3,1,0.9998558723540125,True
1801,1801,904,0,tfidf+bert+perp,3,0,0.005450121529826743,True
1802,1802,904,1,tfidf+bert+perp,3,1,0.9969983765587765,True
1803,1803,905,0,tfidf+bert+perp,3,0,0.001470409362649468,True
1804,1804,905,1,tfidf+bert+perp,3,1,0.9999269233238575,True
1805,1805,906,0,tfidf+bert+perp,3,0,0.0010972776808083676,True
1806,1806,906,1,tfidf+bert+perp,3,1,0.9985158084612225,True
1807,1807,907,0,tfidf+bert+perp,3,0,0.0009054069287846652,True
1808,1808,907,1,tfidf+bert+perp,3,1,0.9968513455381649,True
1809,1809,908,0,tfidf+bert+perp,3,0,0.0003670597640839719,True
1810,1810,908,1,tfidf+bert+perp,3,0,0.1173101157150924,False
1811,1811,909,0,tfidf+bert+perp,3,0,0.003441137167894252,True
1812,1812,909,1,tfidf+bert+perp,3,1,0.9822153537229419,True
1813,1813,910,0,tfidf+bert+perp,3,0,0.007954598067536369,True
1814,1814,910,1,tfidf+bert+perp,3,1,0.9221269919435067,True
1815,1815,911,0,tfidf+bert+perp,3,0,0.014006419388385115,True
1816,1816,911,1,tfidf+bert+perp,3,1,0.9806515260822931,True
1817,1817,912,0,tfidf+bert+perp,3,0,0.016001055382956774,True
1818,1818,912,1,tfidf+bert+perp,3,1,0.9997974671349479,True
1819,1819,913,0,tfidf+bert+perp,3,0,0.0009413673245428871,True
1820,1820,913,1,tfidf+bert+perp,3,1,0.9991548804663766,True
1821,1821,914,0,tfidf+bert+perp,3,0,0.16291507022231158,True
1822,1822,914,1,tfidf+bert+perp,3,1,0.9998199047026101,True
1823,1823,915,0,tfidf+bert+perp,3,0,0.0001815001595770853,True
1824,1824,915,1,tfidf+bert+perp,3,1,0.9794172071846224,True
1825,1825,916,0,tfidf+bert+perp,3,0,0.005546632606233017,True
1826,1826,916,1,tfidf+bert+perp,3,1,0.9966673629174075,True
1827,1827,917,0,tfidf+bert+perp,3,0,0.00011090684389744766,True
1828,1828,917,1,tfidf+bert+perp,3,1,0.9982948149304659,True
1829,1829,918,0,tfidf+bert+perp,3,0,0.0012333851252508223,True
1830,1830,918,1,tfidf+bert+perp,3,1,0.9983374617812283,True
1831,1831,919,0,tfidf+bert+perp,3,0,0.01066913223339986,True
1832,1832,919,1,tfidf+bert+perp,3,1,0.9985044455007659,True
1833,1833,920,0,tfidf+bert+perp,3,0,0.008710986684101025,True
1834,1834,920,1,tfidf+bert+perp,3,1,0.9989687769689153,True
1835,1835,921,0,tfidf+bert+perp,3,0,0.009808652229792027,True
1836,1836,921,1,tfidf+bert+perp,3,1,0.9985093802693602,True
1837,1837,922,0,tfidf+bert+perp,3,0,0.0009805288441119158,True
1838,1838,922,1,tfidf+bert+perp,3,1,0.9993323189785306,True
1839,1839,923,0,tfidf+bert+perp,3,0,0.011391914369124114,True
1840,1840,923,1,tfidf+bert+perp,3,1,0.9998546112189869,True
1841,1841,924,0,tfidf+bert+perp,3,0,0.00902965945761933,True
1842,1842,924,1,tfidf+bert+perp,3,1,0.964875211377629,True
1843,1843,925,0,tfidf+bert+perp,3,0,0.001246194403624143,True
1844,1844,925,1,tfidf+bert+perp,3,1,0.9949470922885572,True
1845,1845,926,0,tfidf+bert+perp,3,0,0.017787079039827736,True
1846,1846,926,1,tfidf+bert+perp,3,1,0.9994845660395841,True
1847,1847,927,0,tfidf+bert+perp,3,0,0.0037564882598652184,True
1848,1848,927,1,tfidf+bert+perp,3,1,0.9973181051120342,True
1849,1849,928,0,tfidf+bert+perp,3,0,0.006164184854385424,True
1850,1850,928,1,tfidf+bert+perp,3,1,0.9996885121480469,True
1851,1851,929,0,tfidf+bert+perp,3,0,0.0018453876658853213,True
1852,1852,929,1,tfidf+bert+perp,3,1,0.997518889494759,True
1853,1853,930,0,tfidf+bert+perp,3,0,0.005499471657843771,True
1854,1854,930,1,tfidf+bert+perp,3,1,0.9993673997844783,True
1855,1855,931,0,tfidf+bert+perp,3,0,0.030682382998261915,True
1856,1856,931,1,tfidf+bert+perp,3,1,0.9701801972895033,True
1857,1857,932,0,tfidf+bert+perp,3,0,0.003067686876604262,True
1858,1858,932,1,tfidf+bert+perp,3,1,0.999639024467499,True
1859,1859,933,0,tfidf+bert+perp,3,0,0.0009245887611417047,True
1860,1860,933,1,tfidf+bert+perp,3,1,0.9988860310695079,True
1861,1861,934,0,tfidf+bert+perp,3,0,0.0013080362141978316,True
1862,1862,934,1,tfidf+bert+perp,3,1,0.9976623107756277,True
1863,1863,935,0,tfidf+bert+perp,3,0,0.025873696137849646,True
1864,1864,935,1,tfidf+bert+perp,3,1,0.9989494373346126,True
1865,1865,936,0,tfidf+bert+perp,3,0,0.016205285193470358,True
1866,1866,936,1,tfidf+bert+perp,3,1,0.990922348107322,True
1867,1867,937,0,tfidf+bert+perp,3,0,0.0007889327137050711,True
1868,1868,937,1,tfidf+bert+perp,3,1,0.9968058560192358,True
1869,1869,938,0,tfidf+bert+perp,3,0,0.004149239247660359,True
1870,1870,938,1,tfidf+bert+perp,3,1,0.7909071328754116,True
1871,1871,939,0,tfidf+bert+perp,3,0,0.01132970375312418,True
1872,1872,939,1,tfidf+bert+perp,3,1,0.9962207145621842,True
1873,1873,940,0,tfidf+bert+perp,3,0,0.0005166169759385989,True
1874,1874,940,1,tfidf+bert+perp,3,1,0.9983847631644311,True
1875,1875,941,0,tfidf+bert+perp,3,0,0.0005319399499285454,True
1876,1876,941,1,tfidf+bert+perp,3,1,0.9663565402145858,True
1877,1877,942,0,tfidf+bert+perp,3,0,0.00108317230314785,True
1878,1878,942,1,tfidf+bert+perp,3,1,0.9989123621650365,True
1879,1879,943,0,tfidf+bert+perp,3,0,0.002634286740922411,True
1880,1880,943,1,tfidf+bert+perp,3,1,0.9998140569356057,True
1881,1881,944,0,tfidf+bert+perp,3,0,0.0009411932436586408,True
1882,1882,944,1,tfidf+bert+perp,3,1,0.9997028166393122,True
1883,1883,945,0,tfidf+bert+perp,3,0,0.0004477077770257715,True
1884,1884,945,1,tfidf+bert+perp,3,1,0.9879842619943033,True
1885,1885,946,0,tfidf+bert+perp,3,0,0.0005999319964672393,True
1886,1886,946,1,tfidf+bert+perp,3,1,0.9967769993853494,True
1887,1887,947,0,tfidf+bert+perp,3,0,0.09807769352015941,True
1888,1888,947,1,tfidf+bert+perp,3,1,0.9998720924051044,True
1889,1889,948,0,tfidf+bert+perp,3,0,0.007300714825803285,True
1890,1890,948,1,tfidf+bert+perp,3,1,0.9988277107107233,True
1891,1891,949,0,tfidf+bert+perp,3,0,0.001171653064919186,True
1892,1892,949,1,tfidf+bert+perp,3,1,0.9925042318740155,True
1893,1893,950,0,tfidf+bert+perp,3,0,0.0054757543581463695,True
1894,1894,950,1,tfidf+bert+perp,3,1,0.9983682774707905,True
1895,1895,951,0,tfidf+bert+perp,3,0,0.00031442268235543487,True
1896,1896,951,1,tfidf+bert+perp,3,1,0.9996181414040872,True
1897,1897,952,0,tfidf+bert+perp,3,0,0.0018042468342127284,True
1898,1898,952,1,tfidf+bert+perp,3,1,0.7000174049003528,True
1899,1899,953,0,tfidf+bert+perp,3,0,0.0016274874318830633,True
1900,1900,953,1,tfidf+bert+perp,3,1,0.9946228081665864,True
1901,1901,954,0,tfidf+bert+perp,3,0,0.4460110199603991,True
1902,1902,954,1,tfidf+bert+perp,3,1,0.9983950839225016,True
1903,1903,955,0,tfidf+bert+perp,3,0,0.003176833948558523,True
1904,1904,955,1,tfidf+bert+perp,3,1,0.9960164117393628,True
1905,1905,956,0,tfidf+bert+perp,3,0,0.0006998846408614767,True
1906,1906,956,1,tfidf+bert+perp,3,1,0.999455674145769,True
1907,1907,957,0,tfidf+bert+perp,3,0,0.004173885113056568,True
1908,1908,957,1,tfidf+bert+perp,3,1,0.9998450699502972,True
1909,1909,958,0,tfidf+bert+perp,3,0,0.0004094104226233947,True
1910,1910,958,1,tfidf+bert+perp,3,1,0.9922746775190905,True
1911,1911,959,0,tfidf+bert+perp,3,0,0.00022768704881360742,True
1912,1912,959,1,tfidf+bert+perp,3,1,0.7508065011771058,True
1913,1913,960,0,tfidf+bert+perp,3,0,0.008310515836663656,True
1914,1914,960,1,tfidf+bert+perp,3,1,0.9950260597095173,True
1915,1915,961,0,tfidf+bert+perp,3,0,0.00026166958425628486,True
1916,1916,961,1,tfidf+bert+perp,3,1,0.985428251149081,True
1917,1917,962,0,tfidf+bert+perp,3,0,0.0646314831028132,True
1918,1918,962,1,tfidf+bert+perp,3,1,0.9961614962306041,True
1919,1919,963,0,tfidf+bert+perp,3,0,0.0009843066835876684,True
1920,1920,963,1,tfidf+bert+perp,3,1,0.9962592566123125,True
1921,1921,964,0,tfidf+bert+perp,3,0,0.07962584280914592,True
1922,1922,964,1,tfidf+bert+perp,3,1,0.9949046914101456,True
1923,1923,965,0,tfidf+bert+perp,3,0,0.00032668862480910154,True
1924,1924,965,1,tfidf+bert+perp,3,1,0.9994623539725466,True
1925,1925,966,0,tfidf+bert+perp,3,0,0.012545387424161248,True
1926,1926,966,1,tfidf+bert+perp,3,1,0.967381133068551,True
1927,1927,967,0,tfidf+bert+perp,3,0,0.05255181822714178,True
1928,1928,967,1,tfidf+bert+perp,3,1,0.8286479751771094,True
1929,1929,968,0,tfidf+bert+perp,3,0,0.02756115778731114,True
1930,1930,968,1,tfidf+bert+perp,3,1,0.9998001459434844,True
1931,1931,969,0,tfidf+bert+perp,3,0,0.010555730233822655,True
1932,1932,969,1,tfidf+bert+perp,3,1,0.9993357758144498,True
1933,1933,970,0,tfidf+bert+perp,3,0,0.4632745245496667,True
1934,1934,970,1,tfidf+bert+perp,3,1,0.9997153092185437,True
1935,1935,971,1,tfidf+bert+perp,3,1,0.9991169931804473,True
1936,1936,972,0,tfidf+bert+perp,3,0,0.0009544038997025218,True
1937,1937,972,1,tfidf+bert+perp,3,1,0.9254077143623599,True
1938,1938,973,0,tfidf+bert+perp,3,0,0.0005190421392980699,True
1939,1939,973,1,tfidf+bert+perp,3,1,0.9979432052616479,True
1940,1940,974,0,tfidf+bert+perp,3,0,0.0106170874032769,True
1941,1941,974,1,tfidf+bert+perp,3,1,0.9976773511333678,True
1942,1942,975,0,tfidf+bert+perp,3,0,0.0021802291262748184,True
1943,1943,975,1,tfidf+bert+perp,3,1,0.9991063975366559,True
1944,1944,976,0,tfidf+bert+perp,3,0,0.00016303126011206948,True
1945,1945,976,1,tfidf+bert+perp,3,1,0.9997527228907565,True
1946,1946,977,0,tfidf+bert+perp,3,0,0.003378622887280846,True
1947,1947,977,1,tfidf+bert+perp,3,1,0.9881807795025822,True
1948,1948,978,0,tfidf+bert+perp,3,0,0.0020188321968075394,True
1949,1949,978,1,tfidf+bert+perp,3,1,0.9924055638817162,True
1950,1950,979,0,tfidf+bert+perp,3,0,0.0009711690930794695,True
1951,1951,979,1,tfidf+bert+perp,3,1,0.9997363849457681,True
1952,1952,980,0,tfidf+bert+perp,3,0,0.0024888305635186367,True
1953,1953,980,1,tfidf+bert+perp,3,1,0.6302598631127488,True
1954,1954,981,0,tfidf+bert+perp,3,0,0.015599997067552185,True
1955,1955,981,1,tfidf+bert+perp,3,1,0.9978751256984425,True
1956,1956,982,0,tfidf+bert+perp,3,0,0.011142849286819995,True
1957,1957,982,1,tfidf+bert+perp,3,1,0.5782215611171161,True
1958,1958,983,0,tfidf+bert+perp,3,0,0.05762086210461164,True
1959,1959,983,1,tfidf+bert+perp,3,1,0.9991694111177308,True
1960,1960,984,0,tfidf+bert+perp,3,0,0.05162791628925615,True
1961,1961,984,1,tfidf+bert+perp,3,1,0.9930415922109886,True
1962,1962,985,0,tfidf+bert+perp,3,0,0.14643452859354567,True
1963,1963,985,1,tfidf+bert+perp,3,1,0.9998557873087416,True
1964,1964,986,0,tfidf+bert+perp,3,0,0.002394347663967454,True
1965,1965,986,1,tfidf+bert+perp,3,1,0.9992013307280168,True
1966,1966,987,0,tfidf+bert+perp,3,0,0.0026629205494209866,True
1967,1967,987,1,tfidf+bert+perp,3,1,0.9996246801992361,True
1968,1968,988,0,tfidf+bert+perp,3,0,0.00026328328616884216,True
1969,1969,988,1,tfidf+bert+perp,3,1,0.7290543595925779,True
1970,1970,989,0,tfidf+bert+perp,3,0,8.892926551667595e-05,True
1971,1971,989,1,tfidf+bert+perp,3,1,0.9980981258378714,True
1972,1972,990,0,tfidf+bert+perp,3,0,0.009576920920228896,True
1973,1973,990,1,tfidf+bert+perp,3,1,0.9978277503701941,True
1974,1974,991,0,tfidf+bert+perp,3,0,0.0007090751339049055,True
1975,1975,991,1,tfidf+bert+perp,3,1,0.9966283958995097,True
1976,1976,992,0,tfidf+bert+perp,3,0,0.07932334130648243,True
1977,1977,992,1,tfidf+bert+perp,3,1,0.9883442225767624,True
1978,1978,993,0,tfidf+bert+perp,3,0,0.0002693269342983966,True
1979,1979,993,1,tfidf+bert+perp,3,1,0.9999319973261009,True
1980,1980,994,0,tfidf+bert+perp,3,0,0.000247400508387956,True
1981,1981,994,1,tfidf+bert+perp,3,1,0.9848289467960885,True
1982,1982,995,0,tfidf+bert+perp,3,0,0.0901979508535582,True
1983,1983,995,1,tfidf+bert+perp,3,1,0.9992272311846813,True
1984,1984,996,0,tfidf+bert+perp,3,0,0.37547425134900625,True
1985,1985,996,1,tfidf+bert+perp,3,1,0.8474169831360177,True
1986,1986,997,0,tfidf+bert+perp,3,0,0.0019969652047522996,True
1987,1987,997,1,tfidf+bert+perp,3,1,0.9995033836777365,True
1988,1988,998,0,tfidf+bert+perp,3,0,0.038865227733711684,True
1989,1989,998,1,tfidf+bert+perp,3,1,0.9957033279942119,True
1990,1990,999,0,tfidf+bert+perp,3,0,0.0003696677390358652,True
1991,1991,999,1,tfidf+bert+perp,3,1,0.988145728105277,True
1992,1992,1000,0,tfidf+bert+perp,3,0,0.004672446816286649,True
1993,1993,1000,1,tfidf+bert+perp,3,1,0.9980508283262269,True
1994,1994,1001,0,tfidf+bert+perp,3,1,0.9438926320028116,False
1995,1995,1001,1,tfidf+bert+perp,3,1,0.9956161863402222,True
1996,1996,1002,0,tfidf+bert+perp,3,0,0.0030788981430711635,True
1997,1997,1002,1,tfidf+bert+perp,3,1,0.9992853082858113,True
1998,1998,1003,0,tfidf+bert+perp,3,0,0.002784815342459326,True
1999,1999,1003,1,tfidf+bert+perp,3,1,0.9995255342869803,True
2000,2000,1004,0,tfidf+bert+perp,3,0,0.02751291620918691,True
2001,2001,1004,1,tfidf+bert+perp,3,1,0.9996506955047554,True
2002,2002,1005,0,tfidf+bert+perp,3,0,0.0003594265226907323,True
2003,2003,1005,1,tfidf+bert+perp,3,1,0.9935532621461752,True
2004,2004,1006,0,tfidf+bert+perp,3,0,0.007993710057062405,True
2005,2005,1006,1,tfidf+bert+perp,3,1,0.9966718156032177,True
2006,2006,1007,0,tfidf+bert+perp,3,0,0.033133548694887376,True
2007,2007,1007,1,tfidf+bert+perp,3,1,0.9539157981967528,True
2008,2008,1008,0,tfidf+bert+perp,3,0,0.003995830855017673,True
2009,2009,1008,1,tfidf+bert+perp,3,1,0.9996924276732766,True
2010,2010,1009,0,tfidf+bert+perp,3,0,0.06272510892960027,True
2011,2011,1009,1,tfidf+bert+perp,3,1,0.9961240833337374,True
2012,2012,1010,0,tfidf+bert+perp,3,0,0.010116188249506965,True
2013,2013,1010,1,tfidf+bert+perp,3,1,0.9975332896338247,True
2014,2014,1011,0,tfidf+bert+perp,3,0,0.0015384232805111156,True
2015,2015,1011,1,tfidf+bert+perp,3,1,0.9994119476696768,True
2016,2016,1012,0,tfidf+bert+perp,3,0,0.005854555569135787,True
2017,2017,1012,1,tfidf+bert+perp,3,1,0.987712094315916,True
2018,2018,1013,0,tfidf+bert+perp,3,0,0.0019500385334304286,True
2019,2019,1013,1,tfidf+bert+perp,3,1,0.9993668783008698,True
2020,2020,1014,0,tfidf+bert+perp,3,0,0.000491484354988545,True
2021,2021,1014,1,tfidf+bert+perp,3,1,0.9998459256301265,True
2022,2022,1015,0,tfidf+bert+perp,3,0,0.005742870617163821,True
2023,2023,1015,1,tfidf+bert+perp,3,1,0.7479041740911367,True
2024,2024,1016,0,tfidf+bert+perp,3,0,0.003510215423448274,True
2025,2025,1016,1,tfidf+bert+perp,3,1,0.9473395487771258,True
2026,2026,1017,0,tfidf+bert+perp,3,0,0.0008979517560301937,True
2027,2027,1017,1,tfidf+bert+perp,3,1,0.9708235822797512,True
2028,2028,1018,0,tfidf+bert+perp,3,0,0.0009524603767931828,True
2029,2029,1018,1,tfidf+bert+perp,3,1,0.9960690671895377,True
2030,2030,1019,0,tfidf+bert+perp,3,0,0.0005870664355447184,True
2031,2031,1019,1,tfidf+bert+perp,3,1,0.7011061647850395,True
2032,2032,1020,0,tfidf+bert+perp,3,0,0.007545282150896123,True
2033,2033,1020,1,tfidf+bert+perp,3,1,0.9562429148164859,True
2034,2034,1021,0,tfidf+bert+perp,3,0,0.0011428111905936334,True
2035,2035,1021,1,tfidf+bert+perp,3,1,0.9973653389613347,True
2036,2036,1022,0,tfidf+bert+perp,3,0,0.00018276327594865936,True
2037,2037,1022,1,tfidf+bert+perp,3,1,0.9984281820730455,True
2038,2038,1023,0,tfidf+bert+perp,3,0,0.022129468409325923,True
2039,2039,1023,1,tfidf+bert+perp,3,1,0.9953503165091305,True
2040,2040,1024,0,tfidf+bert+perp,3,0,0.0035738261322326398,True
2041,2041,1024,1,tfidf+bert+perp,3,1,0.9997357364086692,True
2042,2042,1025,0,tfidf+bert+perp,3,0,0.004860104907418976,True
2043,2043,1025,1,tfidf+bert+perp,3,1,0.8793065181349098,True
2044,2044,1026,0,tfidf+bert+perp,3,0,0.04725320926292259,True
2045,2045,1026,1,tfidf+bert+perp,3,1,0.9982930976594119,True
2046,2046,1027,0,tfidf+bert+perp,3,0,0.0005958458073524439,True
2047,2047,1027,1,tfidf+bert+perp,3,1,0.9997704738347991,True
2048,2048,1028,0,tfidf+bert+perp,3,0,0.025655223139693015,True
2049,2049,1028,1,tfidf+bert+perp,3,1,0.9984664370960146,True
2050,2050,1029,0,tfidf+bert+perp,3,0,0.006914315859946891,True
2051,2051,1029,1,tfidf+bert+perp,3,1,0.9996879684434895,True
2052,2052,1030,0,tfidf+bert+perp,3,0,0.0003501837940455249,True
2053,2053,1030,1,tfidf+bert+perp,3,1,0.9998526841706908,True
2054,2054,1031,0,tfidf+bert+perp,3,0,0.0006155829099983014,True
2055,2055,1031,1,tfidf+bert+perp,3,1,0.9798826948262671,True
2056,2056,1032,0,tfidf+bert+perp,3,0,0.0003760862557496795,True
2057,2057,1032,1,tfidf+bert+perp,3,1,0.999803818797116,True
2058,2058,1033,0,tfidf+bert+perp,3,0,0.009361630199701935,True
2059,2059,1033,1,tfidf+bert+perp,3,1,0.9965727475641315,True
2060,2060,1034,0,tfidf+bert+perp,3,0,0.0009633414724399752,True
2061,2061,1034,1,tfidf+bert+perp,3,1,0.8021195063007359,True
2062,2062,1035,0,tfidf+bert+perp,3,0,0.011712834071652306,True
2063,2063,1035,1,tfidf+bert+perp,3,1,0.9979154111534184,True
2064,2064,1036,0,tfidf+bert+perp,3,0,0.0006330076139403868,True
2065,2065,1036,1,tfidf+bert+perp,3,1,0.9469504850471243,True
2066,2066,1037,0,tfidf+bert+perp,3,0,0.0008934992789055415,True
2067,2067,1037,1,tfidf+bert+perp,3,1,0.9297615668330008,True
2068,2068,1038,0,tfidf+bert+perp,3,0,0.0025952327966430643,True
2069,2069,1038,1,tfidf+bert+perp,3,1,0.9981967217393966,True
2070,2070,1039,0,tfidf+bert+perp,3,0,0.0017446850956918897,True
2071,2071,1039,1,tfidf+bert+perp,3,1,0.5645309535395425,True
2072,2072,1040,0,tfidf+bert+perp,3,0,0.0008645689977011995,True
2073,2073,1040,1,tfidf+bert+perp,3,1,0.9988812831664865,True
2074,2074,1041,0,tfidf+bert+perp,3,0,0.006481663552006555,True
2075,2075,1041,1,tfidf+bert+perp,3,1,0.9994519294037998,True
2076,2076,1042,0,tfidf+bert+perp,3,0,0.4372251631662969,True
2077,2077,1042,1,tfidf+bert+perp,3,1,0.9995841492332276,True
2078,2078,1043,0,tfidf+bert+perp,3,0,0.004197731659531642,True
2079,2079,1043,1,tfidf+bert+perp,3,1,0.9997916273450742,True
2080,2080,1044,0,tfidf+bert+perp,3,0,0.0016760830858792196,True
2081,2081,1044,1,tfidf+bert+perp,3,1,0.9986423278637685,True
2082,2082,1045,0,tfidf+bert+perp,3,0,0.0011114451456800862,True
2083,2083,1045,1,tfidf+bert+perp,3,1,0.9986987087274865,True
2084,2084,1046,0,tfidf+bert+perp,3,0,0.0003379935173367227,True
2085,2085,1046,1,tfidf+bert+perp,3,1,0.9925068715896812,True
2086,2086,1047,0,tfidf+bert+perp,3,0,0.00046650599446827615,True
2087,2087,1047,1,tfidf+bert+perp,3,1,0.998883003488779,True
2088,2088,1048,0,tfidf+bert+perp,3,0,0.00993649820913833,True
2089,2089,1048,1,tfidf+bert+perp,3,1,0.9848143673824061,True
2090,2090,1049,0,tfidf+bert+perp,3,0,0.0694318510428009,True
2091,2091,1049,1,tfidf+bert+perp,3,1,0.9988514627080073,True
2092,2092,1050,0,tfidf+bert+perp,3,0,0.0016310583254430557,True
2093,2093,1050,1,tfidf+bert+perp,3,1,0.9470492727530091,True
2094,2094,1051,0,tfidf+bert+perp,3,0,0.004987618952277787,True
2095,2095,1051,1,tfidf+bert+perp,3,1,0.9998512091056627,True
2096,2096,1052,0,tfidf+bert+perp,3,1,0.5081920660573811,False
2097,2097,1052,1,tfidf+bert+perp,3,1,0.9944128916197781,True
2098,2098,1053,0,tfidf+bert+perp,3,0,0.0003431506065659473,True
2099,2099,1053,1,tfidf+bert+perp,3,1,0.9529328829200525,True
2100,2100,1054,0,tfidf+bert+perp,3,0,0.0018311669378896682,True
2101,2101,1054,1,tfidf+bert+perp,3,1,0.9982225801685792,True
2102,2102,1055,0,tfidf+bert+perp,3,1,0.5539075580894203,False
2103,2103,1055,1,tfidf+bert+perp,3,1,0.9955140882953889,True
2104,2104,1056,0,tfidf+bert+perp,3,0,0.006070368771483431,True
2105,2105,1056,1,tfidf+bert+perp,3,1,0.9991684854281034,True
2106,2106,1057,0,tfidf+bert+perp,3,0,0.0013942630676049407,True
2107,2107,1057,1,tfidf+bert+perp,3,1,0.998712299915653,True
2108,2108,1058,0,tfidf+bert+perp,3,0,0.01914047556089469,True
2109,2109,1058,1,tfidf+bert+perp,3,1,0.9992424820545116,True
2110,2110,1059,0,tfidf+bert+perp,3,0,0.007374638287566326,True
2111,2111,1059,1,tfidf+bert+perp,3,1,0.9980530294822016,True
2112,2112,1060,0,tfidf+bert+perp,3,0,0.0008756328140595307,True
2113,2113,1060,1,tfidf+bert+perp,3,1,0.9977871628640078,True
2114,2114,1061,0,tfidf+bert+perp,3,0,0.4939766099680812,True
2115,2115,1061,1,tfidf+bert+perp,3,1,0.9974676524179066,True
2116,2116,1062,0,tfidf+bert+perp,3,0,0.002896037722627103,True
2117,2117,1062,1,tfidf+bert+perp,3,1,0.9990940203640916,True
2118,2118,1063,0,tfidf+bert+perp,3,0,0.014846576364135939,True
2119,2119,1063,1,tfidf+bert+perp,3,1,0.9877479653290351,True
2120,2120,1064,0,tfidf+bert+perp,3,0,0.00012082161855161387,True
2121,2121,1064,1,tfidf+bert+perp,3,1,0.9997485737441668,True
2122,2122,1065,0,tfidf+bert+perp,3,0,0.0005315647511217105,True
2123,2123,1065,1,tfidf+bert+perp,3,1,0.9550628235039349,True
2124,2124,1066,0,tfidf+bert+perp,3,0,6.38140979992113e-05,True
2125,2125,1066,1,tfidf+bert+perp,3,1,0.9924198590344163,True
2126,2126,1067,0,tfidf+bert+perp,3,0,0.0002202126998015076,True
2127,2127,1067,1,tfidf+bert+perp,3,1,0.9972106921089776,True
2128,2128,1068,0,tfidf+bert+perp,3,0,0.0014751632782287881,True
2129,2129,1068,1,tfidf+bert+perp,3,1,0.9998429114728087,True
2130,2130,1069,0,tfidf+bert+perp,3,0,0.00040533987441591864,True
2131,2131,1069,1,tfidf+bert+perp,3,1,0.9060344758367328,True
2132,2132,1070,0,tfidf+bert+perp,3,0,0.008235176746180304,True
2133,2133,1070,1,tfidf+bert+perp,3,1,0.9954514717097417,True
2134,2134,1071,0,tfidf+bert+perp,3,0,0.00801324829628664,True
2135,2135,1071,1,tfidf+bert+perp,3,1,0.9991522805995846,True
2136,2136,1072,0,tfidf+bert+perp,3,0,0.005760554374769737,True
2137,2137,1072,1,tfidf+bert+perp,3,1,0.9280743643997865,True
2138,2138,1073,0,tfidf+bert+perp,3,0,0.008089906950949846,True
2139,2139,1073,1,tfidf+bert+perp,3,1,0.9995365050757786,True
2140,2140,1074,0,tfidf+bert+perp,3,0,0.012842290574928352,True
2141,2141,1074,1,tfidf+bert+perp,3,1,0.9948481824409338,True
2142,2142,1075,0,tfidf+bert+perp,3,0,0.004986906573916618,True
2143,2143,1075,1,tfidf+bert+perp,3,1,0.9943474793029349,True
2144,2144,1076,0,tfidf+bert+perp,3,0,0.0012927465929523732,True
2145,2145,1076,1,tfidf+bert+perp,3,1,0.6041083928849171,True
2146,2146,1077,0,tfidf+bert+perp,3,0,0.005777826753091543,True
2147,2147,1077,1,tfidf+bert+perp,3,1,0.9990852970895188,True
2148,2148,1078,0,tfidf+bert+perp,3,0,0.052801903635728994,True
2149,2149,1078,1,tfidf+bert+perp,3,1,0.9971714013234058,True
2150,2150,1079,0,tfidf+bert+perp,3,0,0.010416499579906377,True
2151,2151,1079,1,tfidf+bert+perp,3,1,0.9996668040161452,True
2152,2152,1080,0,tfidf+bert+perp,3,0,0.0220871867104117,True
2153,2153,1080,1,tfidf+bert+perp,3,1,0.998263931183378,True
2154,2154,1081,0,tfidf+bert+perp,3,0,0.00696887207206619,True
2155,2155,1081,1,tfidf+bert+perp,3,1,0.9976392649871907,True
2156,2156,1082,0,tfidf+bert+perp,3,0,0.0006667347564727722,True
2157,2157,1082,1,tfidf+bert+perp,3,1,0.9985674466400093,True
2158,2158,1083,0,tfidf+bert+perp,3,0,0.02294568187057014,True
2159,2159,1083,1,tfidf+bert+perp,3,1,0.9921113404851141,True
2160,2160,1084,0,tfidf+bert+perp,3,0,0.024296173980142204,True
2161,2161,1084,1,tfidf+bert+perp,3,1,0.9997787496611116,True
2162,2162,1085,0,tfidf+bert+perp,3,0,0.013341934664626694,True
2163,2163,1085,1,tfidf+bert+perp,3,1,0.9966404027962574,True
2164,2164,1086,0,tfidf+bert+perp,3,0,0.0010729128825900508,True
2165,2165,1086,1,tfidf+bert+perp,3,1,0.9955677754431741,True
2166,2166,1087,0,tfidf+bert+perp,3,0,0.07840958919717139,True
2167,2167,1087,1,tfidf+bert+perp,3,1,0.9998237462560259,True
2168,2168,1088,0,tfidf+bert+perp,3,0,0.00157952493669299,True
2169,2169,1088,1,tfidf+bert+perp,3,1,0.9119034451147523,True
2170,2170,1089,0,tfidf+bert+perp,3,0,0.0008557816423779807,True
2171,2171,1089,1,tfidf+bert+perp,3,1,0.9991130926323606,True
2172,2172,1090,0,tfidf+bert+perp,3,0,0.0014030826058604718,True
2173,2173,1090,1,tfidf+bert+perp,3,1,0.9969587607174696,True
2174,2174,1091,0,tfidf+bert+perp,3,0,0.0019136270564033963,True
2175,2175,1091,1,tfidf+bert+perp,3,1,0.9636453450061626,True
2176,2176,1092,0,tfidf+bert+perp,3,0,0.002587380221286207,True
2177,2177,1092,1,tfidf+bert+perp,3,1,0.7735696661597281,True
2178,2178,1093,0,tfidf+bert+perp,3,0,0.03235240597238778,True
2179,2179,1093,1,tfidf+bert+perp,3,1,0.9978747740197919,True
2180,2180,1094,0,tfidf+bert+perp,3,0,0.005381905919686126,True
2181,2181,1094,1,tfidf+bert+perp,3,1,0.9998136687122581,True
2182,2182,1095,0,tfidf+bert+perp,3,0,0.0015900633841637202,True
2183,2183,1095,1,tfidf+bert+perp,3,1,0.9987747866280733,True
2184,2184,1096,0,tfidf+bert+perp,3,0,0.07330321221677785,True
2185,2185,1096,1,tfidf+bert+perp,3,1,0.9929803670400141,True
2186,2186,1097,0,tfidf+bert+perp,3,0,0.0030221760349656564,True
2187,2187,1097,1,tfidf+bert+perp,3,1,0.9979918461908363,True
2188,2188,1098,0,tfidf+bert+perp,3,0,0.036940535319956905,True
2189,2189,1098,1,tfidf+bert+perp,3,1,0.9974400277809968,True
2190,2190,1099,0,tfidf+bert+perp,3,0,0.002290851775401841,True
2191,2191,1099,1,tfidf+bert+perp,3,1,0.9994526709184133,True
2192,2192,1100,0,tfidf+bert+perp,3,0,0.0016417930772788278,True
2193,2193,1100,1,tfidf+bert+perp,3,1,0.7055378219354141,True
2194,2194,1101,0,tfidf+bert+perp,3,0,0.0005786579697601451,True
2195,2195,1101,1,tfidf+bert+perp,3,1,0.998627939721153,True
2196,2196,1102,0,tfidf+bert+perp,3,0,0.0011325817856974105,True
2197,2197,1102,1,tfidf+bert+perp,3,1,0.9996437288925291,True
2198,2198,1103,0,tfidf+bert+perp,3,0,0.002388955776164788,True
2199,2199,1103,1,tfidf+bert+perp,3,1,0.937609087173601,True
2200,2200,1104,0,tfidf+bert+perp,3,0,0.003690543947153556,True
2201,2201,1104,1,tfidf+bert+perp,3,1,0.9853713602909633,True
2202,2202,1105,0,tfidf+bert+perp,3,0,0.09614904393943131,True
2203,2203,1105,1,tfidf+bert+perp,3,1,0.9998071483833446,True
2204,2204,1106,0,tfidf+bert+perp,3,0,0.001926948112696422,True
2205,2205,1106,1,tfidf+bert+perp,3,1,0.9993272686563544,True
2206,2206,1107,0,tfidf+bert+perp,3,0,0.002954377443112479,True
2207,2207,1107,1,tfidf+bert+perp,3,1,0.9998731311087358,True
2208,2208,1108,0,tfidf+bert+perp,3,0,0.0018803767443929468,True
2209,2209,1108,1,tfidf+bert+perp,3,1,0.9904711873295768,True
2210,2210,1109,0,tfidf+bert+perp,3,0,0.1888760575712352,True
2211,2211,1109,1,tfidf+bert+perp,3,1,0.9991620718957368,True
2212,2212,1110,0,tfidf+bert+perp,3,0,0.0007439370013768195,True
2213,2213,1110,1,tfidf+bert+perp,3,1,0.8698692336034054,True
2214,2214,1111,0,tfidf+bert+perp,3,0,0.1830228914953889,True
2215,2215,1111,1,tfidf+bert+perp,3,1,0.7151169125413068,True
2216,2216,1112,0,tfidf+bert+perp,3,0,0.00025029079972402633,True
2217,2217,1112,1,tfidf+bert+perp,3,1,0.9972348611508697,True
2218,2218,1113,0,tfidf+bert+perp,3,0,0.014833230554858872,True
2219,2219,1113,1,tfidf+bert+perp,3,1,0.9967963935430799,True
2220,2220,1114,0,tfidf+bert+perp,3,0,0.0007458736349965072,True
2221,2221,1114,1,tfidf+bert+perp,3,1,0.9974170299422437,True
2222,2222,1115,0,tfidf+bert+perp,3,0,0.000994031389580079,True
2223,2223,1115,1,tfidf+bert+perp,3,1,0.9995399462812947,True
2224,2224,1116,0,tfidf+bert+perp,3,0,0.0031646962330580224,True
2225,2225,1116,1,tfidf+bert+perp,3,1,0.9970064667325593,True
2226,2226,1117,0,tfidf+bert+perp,3,0,0.3835315180013007,True
2227,2227,1117,1,tfidf+bert+perp,3,1,0.9992949201174597,True
2228,2228,1118,0,tfidf+bert+perp,3,0,0.0038131224051447185,True
2229,2229,1118,1,tfidf+bert+perp,3,1,0.9982543519061756,True
2230,2230,1119,0,tfidf+bert+perp,3,0,0.0038930963460548085,True
2231,2231,1119,1,tfidf+bert+perp,3,1,0.998136386637854,True
2232,2232,1120,0,tfidf+bert+perp,3,0,0.014801522689553025,True
2233,2233,1120,1,tfidf+bert+perp,3,1,0.9986265611191059,True
2234,2234,1121,0,tfidf+bert+perp,3,0,0.0013883848069290831,True
2235,2235,1121,1,tfidf+bert+perp,3,0,0.38309371763421546,False
2236,2236,1122,0,tfidf+bert+perp,3,0,0.0001736046712852839,True
2237,2237,1122,1,tfidf+bert+perp,3,1,0.9976769491057883,True
2238,2238,1123,0,tfidf+bert+perp,3,0,0.0004047290497047068,True
2239,2239,1123,1,tfidf+bert+perp,3,1,0.9976645610699127,True
2240,2240,1124,0,tfidf+bert+perp,3,0,0.0010788470270640975,True
2241,2241,1124,1,tfidf+bert+perp,3,1,0.9997832902445443,True
2242,2242,1125,0,tfidf+bert+perp,3,0,0.010546815024898269,True
2243,2243,1125,1,tfidf+bert+perp,3,1,0.9999156815286533,True
2244,2244,1126,0,tfidf+bert+perp,3,0,0.003024609919581913,True
2245,2245,1126,1,tfidf+bert+perp,3,1,0.8911455589062699,True
2246,2246,1127,0,tfidf+bert+perp,3,0,0.0017598872943216965,True
2247,2247,1127,1,tfidf+bert+perp,3,1,0.9996878480242871,True
2248,2248,1128,0,tfidf+bert+perp,3,0,0.16235108410936278,True
2249,2249,1128,1,tfidf+bert+perp,3,1,0.9998138584032089,True
2250,2250,1129,0,tfidf+bert+perp,3,0,0.005375692366568054,True
2251,2251,1129,1,tfidf+bert+perp,3,1,0.9976622649659628,True
2252,2252,1130,0,tfidf+bert+perp,3,0,0.03427437399768659,True
2253,2253,1130,1,tfidf+bert+perp,3,1,0.9985934243653992,True
2254,2254,1131,0,tfidf+bert+perp,3,0,0.004893850551112132,True
2255,2255,1131,1,tfidf+bert+perp,3,1,0.9982693210231773,True
2256,2256,1132,0,tfidf+bert+perp,3,0,0.06531176242710005,True
2257,2257,1132,1,tfidf+bert+perp,3,1,0.9970123829642954,True
2258,2258,1133,0,tfidf+bert+perp,3,0,0.01762214828417174,True
2259,2259,1133,1,tfidf+bert+perp,3,1,0.9962363474239281,True
2260,2260,1134,0,tfidf+bert+perp,3,0,0.0008971579390436687,True
2261,2261,1134,1,tfidf+bert+perp,3,1,0.9985694078771249,True
2262,2262,1135,0,tfidf+bert+perp,3,0,6.0800615389117005e-05,True
2263,2263,1135,1,tfidf+bert+perp,3,1,0.9996730521199797,True
2264,2264,1136,0,tfidf+bert+perp,3,0,0.0008110535259468941,True
2265,2265,1136,1,tfidf+bert+perp,3,1,0.9981450338354407,True
2266,2266,1137,0,tfidf+bert+perp,3,0,0.00036372430188483555,True
2267,2267,1137,1,tfidf+bert+perp,3,1,0.9994282002657447,True
2268,2268,1138,0,tfidf+bert+perp,3,0,0.002645657302601046,True
2269,2269,1138,1,tfidf+bert+perp,3,1,0.999431811336129,True
2270,2270,1139,0,tfidf+bert+perp,3,0,0.015385367093120774,True
2271,2271,1139,1,tfidf+bert+perp,3,1,0.9914460204037109,True
2272,2272,1140,0,tfidf+bert+perp,3,0,0.036612511895976356,True
2273,2273,1140,1,tfidf+bert+perp,3,1,0.9991179398745687,True
2274,2274,1141,0,tfidf+bert+perp,3,0,0.0006629921270034995,True
2275,2275,1141,1,tfidf+bert+perp,3,1,0.996043650866157,True
2276,2276,1142,0,tfidf+bert+perp,3,0,0.19721956394665638,True
2277,2277,1142,1,tfidf+bert+perp,3,1,0.9995334128013992,True
2278,2278,1143,0,tfidf+bert+perp,3,0,0.0005041551383661187,True
2279,2279,1143,1,tfidf+bert+perp,3,1,0.9120439913181325,True
2280,2280,1144,0,tfidf+bert+perp,3,0,0.00452069972912832,True
2281,2281,1144,1,tfidf+bert+perp,3,1,0.9996427700825308,True
2282,2282,1145,0,tfidf+bert+perp,3,0,0.08278935846263269,True
2283,2283,1145,1,tfidf+bert+perp,3,1,0.9992761398470249,True
2284,2284,1146,0,tfidf+bert+perp,3,0,0.0026934495423469582,True
2285,2285,1146,1,tfidf+bert+perp,3,1,0.9919658450034916,True
2286,2286,1147,0,tfidf+bert+perp,3,0,0.0028394456748267165,True
2287,2287,1147,1,tfidf+bert+perp,3,1,0.9969188591505088,True
2288,2288,1148,0,tfidf+bert+perp,3,0,0.001188552919740207,True
2289,2289,1148,1,tfidf+bert+perp,3,1,0.9972282925801723,True
2290,2290,1149,0,tfidf+bert+perp,3,0,0.012928416323288552,True
2291,2291,1149,1,tfidf+bert+perp,3,1,0.9873411060147336,True
2292,2292,1150,0,tfidf+bert+perp,3,0,0.00860390637477909,True
2293,2293,1150,1,tfidf+bert+perp,3,1,0.9958670310818966,True
2294,2294,1151,0,tfidf+bert+perp,3,0,0.0012740524107526699,True
2295,2295,1151,1,tfidf+bert+perp,3,1,0.9999176249866775,True
2296,2296,1152,0,tfidf+bert+perp,3,0,0.013838112172674225,True
2297,2297,1152,1,tfidf+bert+perp,3,1,0.9960388895495091,True
2298,2298,1153,0,tfidf+bert+perp,3,0,0.01846087813424023,True
2299,2299,1153,1,tfidf+bert+perp,3,1,0.9995723564279614,True
2300,2300,1154,0,tfidf+bert+perp,3,0,0.0059003077195327585,True
2301,2301,1154,1,tfidf+bert+perp,3,1,0.9929731823897708,True
2302,2302,1155,0,tfidf+bert+perp,3,0,0.000162456816079493,True
2303,2303,1155,1,tfidf+bert+perp,3,1,0.9979753069187814,True
2304,2304,1156,0,tfidf+bert+perp,3,0,6.6184863905276e-05,True
2305,2305,1156,1,tfidf+bert+perp,3,1,0.9636465190104362,True
2306,2306,1157,0,tfidf+bert+perp,3,0,0.00032804724485005135,True
2307,2307,1157,1,tfidf+bert+perp,3,1,0.9913532313083402,True
2308,2308,1158,0,tfidf+bert+perp,3,0,0.0014749704309355168,True
2309,2309,1158,1,tfidf+bert+perp,3,1,0.9951443444811413,True
2310,2310,1159,0,tfidf+bert+perp,3,0,0.2754360341855387,True
2311,2311,1159,1,tfidf+bert+perp,3,1,0.9997691778833898,True
2312,2312,1160,0,tfidf+bert+perp,3,0,0.004178578783321387,True
2313,2313,1160,1,tfidf+bert+perp,3,1,0.9924129520499029,True
2314,2314,1161,0,tfidf+bert+perp,3,0,0.003231741083537779,True
2315,2315,1161,1,tfidf+bert+perp,3,1,0.9999003473779515,True
2316,2316,1162,0,tfidf+bert+perp,3,0,0.006782543938886378,True
2317,2317,1162,1,tfidf+bert+perp,3,1,0.9049452191026351,True
2318,2318,1163,0,tfidf+bert+perp,3,1,0.9342991395512608,False
2319,2319,1163,1,tfidf+bert+perp,3,1,0.9987838555131746,True
2320,2320,1164,0,tfidf+bert+perp,3,0,0.013719895345516635,True
2321,2321,1164,1,tfidf+bert+perp,3,1,0.9917984641726776,True
2322,2322,1165,0,tfidf+bert+perp,3,0,0.004639999980598556,True
2323,2323,1165,1,tfidf+bert+perp,3,1,0.9996033836967387,True
2324,2324,1166,0,tfidf+bert+perp,3,0,0.0014227572866557453,True
2325,2325,1166,1,tfidf+bert+perp,3,1,0.8686521802223065,True
2326,2326,1167,0,tfidf+bert+perp,3,1,0.7553759898197063,False
2327,2327,1167,1,tfidf+bert+perp,3,1,0.999737610605343,True
2328,2328,1168,0,tfidf+bert+perp,3,0,0.001357197504279824,True
2329,2329,1168,1,tfidf+bert+perp,3,1,0.9995973937318308,True
2330,2330,1169,0,tfidf+bert+perp,3,0,0.07692331809709788,True
2331,2331,1169,1,tfidf+bert+perp,3,1,0.5214050882931508,True
2332,2332,1170,0,tfidf+bert+perp,3,0,0.005072629769514287,True
2333,2333,1170,1,tfidf+bert+perp,3,1,0.9965065311325811,True
2334,2334,1171,0,tfidf+bert+perp,3,0,0.48642595578890613,True
2335,2335,1171,1,tfidf+bert+perp,3,1,0.9989562969618944,True
2336,2336,1172,0,tfidf+bert+perp,3,0,0.017660234900242735,True
2337,2337,1172,1,tfidf+bert+perp,3,1,0.999656639679734,True
2338,2338,1173,0,tfidf+bert+perp,3,0,0.0010475763522068775,True
2339,2339,1173,1,tfidf+bert+perp,3,1,0.9924031754713588,True
2340,2340,1174,0,tfidf+bert+perp,3,0,0.0001500666120519803,True
2341,2341,1174,1,tfidf+bert+perp,3,1,0.9980055313279504,True
2342,2342,1175,0,tfidf+bert+perp,3,0,0.0005990588914637167,True
2343,2343,1175,1,tfidf+bert+perp,3,1,0.9997289604719544,True
2344,2344,1176,0,tfidf+bert+perp,3,1,0.8690032350997621,False
2345,2345,1176,1,tfidf+bert+perp,3,1,0.9710200068263954,True
2346,2346,1177,0,tfidf+bert+perp,3,0,0.0026086302785113024,True
2347,2347,1177,1,tfidf+bert+perp,3,1,0.9995474833385981,True
2348,2348,1178,0,tfidf+bert+perp,3,0,0.001529864122726102,True
2349,2349,1178,1,tfidf+bert+perp,3,1,0.9905736190287474,True
2350,2350,1179,0,tfidf+bert+perp,3,1,0.9328849689005966,False
2351,2351,1179,1,tfidf+bert+perp,3,1,0.9986357260298345,True
2352,2352,1180,0,tfidf+bert+perp,3,0,0.06618013041107966,True
2353,2353,1180,1,tfidf+bert+perp,3,1,0.9993386682333061,True
2354,2354,1181,1,tfidf+bert+perp,3,1,0.9997334923257559,True
2355,2355,1182,0,tfidf+bert+perp,3,0,0.0021611772871941138,True
2356,2356,1182,1,tfidf+bert+perp,3,1,0.998616311202945,True
2357,2357,1183,0,tfidf+bert+perp,3,0,0.011447783080571462,True
2358,2358,1183,1,tfidf+bert+perp,3,1,0.999746572006675,True
2359,2359,1184,0,tfidf+bert+perp,3,0,0.0022252032657192867,True
2360,2360,1184,1,tfidf+bert+perp,3,1,0.9987466995966757,True
2361,2361,1185,0,tfidf+bert+perp,3,0,0.00692685332362228,True
2362,2362,1185,1,tfidf+bert+perp,3,1,0.995412957238609,True
2363,2363,1186,0,tfidf+bert+perp,3,0,0.0005342448236994239,True
2364,2364,1186,1,tfidf+bert+perp,3,1,0.9878534118216966,True
2365,2365,1187,0,tfidf+bert+perp,3,0,0.0017231107980996098,True
2366,2366,1187,1,tfidf+bert+perp,3,1,0.9995164180868393,True
2367,2367,1188,0,tfidf+bert+perp,3,0,0.008107992951154904,True
2368,2368,1188,1,tfidf+bert+perp,3,1,0.998863940348143,True
2369,2369,1189,0,tfidf+bert+perp,3,0,0.001882184025877499,True
2370,2370,1189,1,tfidf+bert+perp,3,1,0.998414700080806,True
2371,2371,1190,0,tfidf+bert+perp,3,0,0.0030372389807304598,True
2372,2372,1190,1,tfidf+bert+perp,3,1,0.998765511309654,True
2373,2373,1191,0,tfidf+bert+perp,3,0,0.0002843284170967859,True
2374,2374,1191,1,tfidf+bert+perp,3,1,0.9993783338733547,True
2375,2375,1192,0,tfidf+bert+perp,3,0,0.002460512590412115,True
2376,2376,1192,1,tfidf+bert+perp,3,1,0.9974517401767706,True
2377,2377,1193,0,tfidf+bert+perp,3,0,0.02273449006269667,True
2378,2378,1193,1,tfidf+bert+perp,3,1,0.9963216705491114,True
2379,2379,1194,0,tfidf+bert+perp,3,0,0.000550217012479519,True
2380,2380,1194,1,tfidf+bert+perp,3,1,0.9998225100157407,True
2381,2381,1195,0,tfidf+bert+perp,3,0,0.0002051400503759,True
2382,2382,1195,1,tfidf+bert+perp,3,1,0.9950434016111223,True
2383,2383,1196,0,tfidf+bert+perp,3,0,0.0372194911824555,True
2384,2384,1196,1,tfidf+bert+perp,3,1,0.9931778235126779,True
2385,2385,1197,0,tfidf+bert+perp,3,0,0.0043699149860563,True
2386,2386,1197,1,tfidf+bert+perp,3,1,0.989588645103655,True
2387,2387,1198,0,tfidf+bert+perp,3,0,0.1384775427383274,True
2388,2388,1198,1,tfidf+bert+perp,3,1,0.9964913156853286,True
2389,2389,1199,0,tfidf+bert+perp,3,0,0.001625045735820648,True
2390,2390,1199,1,tfidf+bert+perp,3,1,0.9995282818691549,True
2391,2391,1200,0,tfidf+bert+perp,3,0,0.0020847705439190987,True
2392,2392,1200,1,tfidf+bert+perp,3,1,0.9997694792974903,True
2393,2393,1201,0,tfidf+bert+perp,3,0,0.05813804759949379,True
2394,2394,1201,1,tfidf+bert+perp,3,1,0.9997357986924277,True
2395,2395,1202,0,tfidf+bert+perp,3,0,0.011426921806841307,True
2396,2396,1202,1,tfidf+bert+perp,3,1,0.9951675040019764,True
2397,2397,1203,0,tfidf+bert+perp,3,0,0.0003955020557113309,True
2398,2398,1203,1,tfidf+bert+perp,3,1,0.999479497013182,True
2399,2399,1204,0,tfidf+bert+perp,3,0,0.12957653050568035,True
2400,2400,1204,1,tfidf+bert+perp,3,1,0.9936905878945295,True
2401,2401,1205,0,tfidf+bert+perp,3,0,0.12569150143638527,True
2402,2402,1205,1,tfidf+bert+perp,3,1,0.9997165951131207,True
2403,2403,1206,0,tfidf+bert+perp,3,0,0.00015787543857965022,True
2404,2404,1206,1,tfidf+bert+perp,3,1,0.9376597260866976,True
2405,2405,1207,0,tfidf+bert+perp,3,0,0.02887035425986554,True
2406,2406,1207,1,tfidf+bert+perp,3,1,0.9968971777619007,True
2407,2407,1208,0,tfidf+bert+perp,3,0,0.004507029418447477,True
2408,2408,1208,1,tfidf+bert+perp,3,1,0.9986988019141844,True
2409,2409,1209,0,tfidf+bert+perp,3,0,0.0003329478248599746,True
2410,2410,1209,1,tfidf+bert+perp,3,1,0.9969603060319161,True
2411,2411,1210,0,tfidf+bert+perp,3,0,0.06338073512241359,True
2412,2412,1210,1,tfidf+bert+perp,3,1,0.994806779189577,True
2413,2413,1211,0,tfidf+bert+perp,3,0,0.0037638457903004063,True
2414,2414,1211,1,tfidf+bert+perp,3,1,0.9766713971422257,True
2415,2415,1212,0,tfidf+bert+perp,3,0,0.017524449697126333,True
2416,2416,1212,1,tfidf+bert+perp,3,1,0.9974219322280147,True
2417,2417,1213,0,tfidf+bert+perp,3,0,0.0006368680302216652,True
2418,2418,1213,1,tfidf+bert+perp,3,1,0.9990720317209419,True
2419,2419,1214,0,tfidf+bert+perp,3,0,0.0005804405755860829,True
2420,2420,1214,1,tfidf+bert+perp,3,1,0.9978987445903227,True
2421,2421,1215,0,tfidf+bert+perp,3,0,0.02879610182972397,True
2422,2422,1215,1,tfidf+bert+perp,3,1,0.9927325573403013,True
2423,2423,1216,0,tfidf+bert+perp,3,0,0.00013641189844162838,True
2424,2424,1216,1,tfidf+bert+perp,3,1,0.99867642591505,True
2425,2425,1217,0,tfidf+bert+perp,3,0,0.0009294427073903905,True
2426,2426,1217,1,tfidf+bert+perp,3,1,0.9224727689658171,True
2427,2427,1218,0,tfidf+bert+perp,3,0,0.06832080930174232,True
2428,2428,1218,1,tfidf+bert+perp,3,1,0.9836642692694141,True
2429,2429,1219,0,tfidf+bert+perp,3,0,0.39531968917330895,True
2430,2430,1219,1,tfidf+bert+perp,3,1,0.9967781099448945,True
2431,2431,1220,0,tfidf+bert+perp,3,0,0.0026210080581471496,True
2432,2432,1220,1,tfidf+bert+perp,3,1,0.9361203798328886,True
2433,2433,1221,0,tfidf+bert+perp,3,0,0.008055251970733347,True
2434,2434,1221,1,tfidf+bert+perp,3,1,0.9996680717553887,True
2435,2435,1222,0,tfidf+bert+perp,3,0,0.01112168788912129,True
2436,2436,1222,1,tfidf+bert+perp,3,1,0.9951064664364396,True
2437,2437,1223,0,tfidf+bert+perp,3,0,0.4976496252893231,True
2438,2438,1223,1,tfidf+bert+perp,3,1,0.9795564332325576,True
2439,2439,1224,0,tfidf+bert+perp,3,0,0.16447833992533648,True
2440,2440,1224,1,tfidf+bert+perp,3,1,0.999405674024078,True
2441,2441,1225,0,tfidf+bert+perp,3,0,0.002866352572889778,True
2442,2442,1225,1,tfidf+bert+perp,3,1,0.9944415568004055,True
2443,2443,1226,0,tfidf+bert+perp,3,0,0.0019895693422499815,True
2444,2444,1226,1,tfidf+bert+perp,3,1,0.9981769096413464,True
2445,2445,1227,0,tfidf+bert+perp,3,0,0.0005490702814151663,True
2446,2446,1227,1,tfidf+bert+perp,3,1,0.9995722716072919,True
2447,2447,1228,0,tfidf+bert+perp,3,0,0.017508156856780782,True
2448,2448,1228,1,tfidf+bert+perp,3,1,0.9998632177814856,True
2449,2449,1229,0,tfidf+bert+perp,3,0,0.0006429284793070722,True
2450,2450,1229,1,tfidf+bert+perp,3,1,0.9886203136516546,True
2451,2451,1230,0,tfidf+bert+perp,3,0,0.010644358199127355,True
2452,2452,1230,1,tfidf+bert+perp,3,1,0.9624024879258165,True
2453,2453,1231,0,tfidf+bert+perp,3,0,0.03405442697961776,True
2454,2454,1231,1,tfidf+bert+perp,3,1,0.7791820264595836,True
2455,2455,1232,0,tfidf+bert+perp,3,0,0.001303355200787225,True
2456,2456,1232,1,tfidf+bert+perp,3,1,0.9977316688715756,True
2457,2457,1233,0,tfidf+bert+perp,3,0,0.00011223510191079645,True
2458,2458,1233,1,tfidf+bert+perp,3,1,0.9983376130512688,True
2459,2459,1234,0,tfidf+bert+perp,3,0,0.002078162571408757,True
2460,2460,1234,1,tfidf+bert+perp,3,1,0.9542752625026718,True
2461,2461,1235,0,tfidf+bert+perp,3,0,0.0006557653768115026,True
2462,2462,1235,1,tfidf+bert+perp,3,0,0.046625890613252896,False
2463,2463,1236,0,tfidf+bert+perp,3,0,0.08744072768972126,True
2464,2464,1236,1,tfidf+bert+perp,3,1,0.9984199704319335,True
2465,2465,1237,0,tfidf+bert+perp,3,0,0.01088195415004095,True
2466,2466,1237,1,tfidf+bert+perp,3,1,0.9978315453836807,True
2467,2467,1238,0,tfidf+bert+perp,3,0,0.0015908763446005872,True
2468,2468,1238,1,tfidf+bert+perp,3,1,0.9993825632333507,True
2469,2469,1239,0,tfidf+bert+perp,3,0,0.0004376983404170218,True
2470,2470,1239,1,tfidf+bert+perp,3,1,0.9919994762148987,True
2471,2471,1240,0,tfidf+bert+perp,3,0,0.00025800417996155287,True
2472,2472,1240,1,tfidf+bert+perp,3,1,0.9640216306012765,True
2473,2473,1241,0,tfidf+bert+perp,3,0,0.44637448396574175,True
2474,2474,1241,1,tfidf+bert+perp,3,1,0.9990273878857739,True
2475,2475,1242,0,tfidf+bert+perp,3,0,0.02981804698962766,True
2476,2476,1242,1,tfidf+bert+perp,3,1,0.9996227311368677,True
2477,2477,1243,0,tfidf+bert+perp,3,0,4.068317847416086e-05,True
2478,2478,1243,1,tfidf+bert+perp,3,1,0.999706817664046,True
2479,2479,1244,0,tfidf+bert+perp,3,0,0.0031511392473589105,True
2480,2480,1244,1,tfidf+bert+perp,3,1,0.9952433639870559,True
2481,2481,1245,0,tfidf+bert+perp,3,0,0.002327024938910046,True
2482,2482,1245,1,tfidf+bert+perp,3,1,0.9951053583438,True
2483,2483,1246,0,tfidf+bert+perp,3,0,0.3556317694736835,True
2484,2484,1246,1,tfidf+bert+perp,3,1,0.9984793433425093,True
2485,2485,1247,0,tfidf+bert+perp,3,0,0.056832906647172284,True
2486,2486,1247,1,tfidf+bert+perp,3,1,0.6871543539839468,True
2487,2487,1248,0,tfidf+bert+perp,3,0,8.666340350583722e-05,True
2488,2488,1248,1,tfidf+bert+perp,3,1,0.9875514048617413,True
2489,2489,1249,0,tfidf+bert+perp,3,0,0.0005774003491998689,True
2490,2490,1249,1,tfidf+bert+perp,3,1,0.9878131698929234,True
2491,2491,1250,0,tfidf+bert+perp,3,0,0.0012524899686870152,True
2492,2492,1250,1,tfidf+bert+perp,3,1,0.9994525444658887,True
2493,2493,1251,0,tfidf+bert+perp,3,0,0.0007560826040157485,True
2494,2494,1251,1,tfidf+bert+perp,3,0,0.27886817230574945,False
2495,2495,1252,0,tfidf+bert+perp,3,0,0.03429490506827942,True
2496,2496,1252,1,tfidf+bert+perp,3,1,0.9995879371659933,True
2497,2497,1253,0,tfidf+bert+perp,3,0,0.0018191670821972458,True
2498,2498,1253,1,tfidf+bert+perp,3,1,0.9982153325381882,True
2499,2499,1254,0,tfidf+bert+perp,3,0,0.00532171305816346,True
2500,2500,1254,1,tfidf+bert+perp,3,1,0.997174375911694,True
2501,2501,1255,0,tfidf+bert+perp,3,0,0.034398043450609095,True
2502,2502,1255,1,tfidf+bert+perp,3,1,0.9995870445112401,True
2503,2503,1256,0,tfidf+bert+perp,3,0,0.0002142777292583953,True
2504,2504,1256,1,tfidf+bert+perp,3,1,0.9940605156846756,True
2505,2505,1257,0,tfidf+bert+perp,3,0,0.0023496932298368114,True
2506,2506,1257,1,tfidf+bert+perp,3,0,0.42367234386871583,False
2507,2507,1258,0,tfidf+bert+perp,3,0,0.00015870607200614556,True
2508,2508,1258,1,tfidf+bert+perp,3,1,0.9926306961616251,True
2509,2509,1259,0,tfidf+bert+perp,3,0,0.0005085570991450225,True
2510,2510,1259,1,tfidf+bert+perp,3,1,0.9878730367885606,True
2511,2511,1260,0,tfidf+bert+perp,3,0,0.042269185705594355,True
2512,2512,1260,1,tfidf+bert+perp,3,1,0.9870101448426416,True
2513,2513,1261,0,tfidf+bert+perp,3,0,0.0003669370041871143,True
2514,2514,1261,1,tfidf+bert+perp,3,1,0.9988522587637416,True
2515,2515,1262,0,tfidf+bert+perp,3,0,0.15269982053659917,True
2516,2516,1262,1,tfidf+bert+perp,3,1,0.7085552214303527,True
2517,2517,1263,0,tfidf+bert+perp,3,0,0.002641514710062502,True
2518,2518,1263,1,tfidf+bert+perp,3,1,0.9989352100426843,True
2519,2519,1264,0,tfidf+bert+perp,3,0,0.01401774053896166,True
2520,2520,1264,1,tfidf+bert+perp,3,1,0.9870584061279827,True
2521,2521,1265,0,tfidf+bert+perp,3,0,0.001067711850692988,True
2522,2522,1265,1,tfidf+bert+perp,3,1,0.9983386605540819,True
2523,2523,1266,0,tfidf+bert+perp,3,0,0.0006371571509003648,True
2524,2524,1266,1,tfidf+bert+perp,3,1,0.9540463857959655,True
2525,2525,1267,0,tfidf+bert+perp,3,0,0.008915967822330503,True
2526,2526,1267,1,tfidf+bert+perp,3,1,0.9905065405571734,True
2527,2527,1268,1,tfidf+bert+perp,3,1,0.9936783453907568,True
2528,2528,1269,0,tfidf+bert+perp,3,0,0.00026744476523618186,True
2529,2529,1269,1,tfidf+bert+perp,3,1,0.9969584570610042,True
2530,2530,1270,0,tfidf+bert+perp,3,0,0.0011126248514042722,True
2531,2531,1270,1,tfidf+bert+perp,3,1,0.9998643124083788,True
2532,2532,1271,0,tfidf+bert+perp,3,0,0.0004630882964511096,True
2533,2533,1271,1,tfidf+bert+perp,3,0,0.09261779080859676,False
2534,2534,1272,0,tfidf+bert+perp,3,0,0.005132887856863695,True
2535,2535,1272,1,tfidf+bert+perp,3,1,0.9998780825028311,True
2536,2536,1273,0,tfidf+bert+perp,3,0,0.0026416268700501836,True
2537,2537,1273,1,tfidf+bert+perp,3,1,0.999423408095142,True
2538,2538,1274,0,tfidf+bert+perp,3,0,0.0014732882173275922,True
2539,2539,1274,1,tfidf+bert+perp,3,1,0.9983067796348012,True
2540,2540,1275,0,tfidf+bert+perp,3,0,0.005702136068667928,True
2541,2541,1275,1,tfidf+bert+perp,3,1,0.9873113584687715,True
2542,2542,1276,0,tfidf+bert+perp,3,0,0.010702292467141395,True
2543,2543,1276,1,tfidf+bert+perp,3,1,0.9981246984622968,True
2544,2544,1277,0,tfidf+bert+perp,3,0,0.0008975563694503172,True
2545,2545,1277,1,tfidf+bert+perp,3,1,0.997427578768794,True
2546,2546,1278,0,tfidf+bert+perp,3,0,0.07710751473003999,True
2547,2547,1278,1,tfidf+bert+perp,3,1,0.9953462793000388,True
2548,2548,1279,0,tfidf+bert+perp,3,0,0.015650241548549354,True
2549,2549,1279,1,tfidf+bert+perp,3,1,0.9997302271062911,True
2550,2550,1280,0,tfidf+bert+perp,3,0,0.014751186240024925,True
2551,2551,1280,1,tfidf+bert+perp,3,1,0.9991391567767935,True
2552,2552,1281,0,tfidf+bert+perp,3,0,0.0018525417838989931,True
2553,2553,1281,1,tfidf+bert+perp,3,1,0.999961577268639,True
2554,2554,1282,0,tfidf+bert+perp,3,0,0.0035737558165362896,True
2555,2555,1282,1,tfidf+bert+perp,3,1,0.9995746822164429,True
2556,2556,1283,0,tfidf+bert+perp,3,0,0.05892967475438969,True
2557,2557,1283,1,tfidf+bert+perp,3,1,0.9924557099139356,True
2558,2558,1284,0,tfidf+bert+perp,3,0,0.0014772360890624202,True
2559,2559,1284,1,tfidf+bert+perp,3,1,0.9996188545686945,True
2560,2560,1285,0,tfidf+bert+perp,3,0,0.0017160484057378985,True
2561,2561,1285,1,tfidf+bert+perp,3,1,0.9971258129006282,True
2562,2562,1286,0,tfidf+bert+perp,3,0,0.00025988624677329264,True
2563,2563,1286,1,tfidf+bert+perp,3,1,0.995499155233372,True
2564,2564,1287,0,tfidf+bert+perp,3,0,0.0017626136311141233,True
2565,2565,1287,1,tfidf+bert+perp,3,1,0.9914153582655619,True
2566,2566,1288,0,tfidf+bert+perp,3,0,0.00031199497554645423,True
2567,2567,1288,1,tfidf+bert+perp,3,1,0.8122535647264207,True
2568,2568,1289,0,tfidf+bert+perp,3,0,0.000861870210508502,True
2569,2569,1289,1,tfidf+bert+perp,3,1,0.9994779372984707,True
2570,2570,1290,0,tfidf+bert+perp,3,0,0.000536745637260757,True
2571,2571,1290,1,tfidf+bert+perp,3,1,0.9989912906484344,True
2572,2572,1291,0,tfidf+bert+perp,3,0,0.24886795752301522,True
2573,2573,1291,1,tfidf+bert+perp,3,1,0.9972835111782218,True
2574,2574,1292,0,tfidf+bert+perp,3,0,0.00018440358103605608,True
2575,2575,1292,1,tfidf+bert+perp,3,1,0.9993455517182354,True
2576,2576,1293,0,tfidf+bert+perp,3,0,0.30992422493361715,True
2577,2577,1293,1,tfidf+bert+perp,3,1,0.9961243834956711,True
2578,2578,1294,0,tfidf+bert+perp,3,0,0.0022825167188962295,True
2579,2579,1294,1,tfidf+bert+perp,3,1,0.8486014128586944,True
2580,2580,1295,0,tfidf+bert+perp,3,0,8.213347390477807e-05,True
2581,2581,1295,1,tfidf+bert+perp,3,1,0.9902295504186193,True
2582,2582,1296,0,tfidf+bert+perp,3,0,0.0021587199590981905,True
2583,2583,1296,1,tfidf+bert+perp,3,1,0.9985582653517644,True
2584,2584,1297,0,tfidf+bert+perp,3,0,0.13349321608463927,True
2585,2585,1297,1,tfidf+bert+perp,3,1,0.9946565871123632,True
2586,2586,1298,0,tfidf+bert+perp,3,0,0.00036552205884566403,True
2587,2587,1298,1,tfidf+bert+perp,3,1,0.9371901567639588,True
2588,2588,1299,0,tfidf+bert+perp,3,0,0.01169890039440233,True
2589,2589,1299,1,tfidf+bert+perp,3,1,0.9983719100435843,True
2590,2590,1300,0,tfidf+bert+perp,3,0,0.0003471185274257628,True
2591,2591,1300,1,tfidf+bert+perp,3,1,0.9970258574748683,True
2592,2592,1301,0,tfidf+bert+perp,3,0,0.00046646996658644734,True
2593,2593,1301,1,tfidf+bert+perp,3,1,0.9966740173526284,True
2594,2594,1302,0,tfidf+bert+perp,3,0,0.003048792176767034,True
2595,2595,1302,1,tfidf+bert+perp,3,1,0.9995329123635441,True
2596,2596,1303,0,tfidf+bert+perp,3,0,0.0012726176342321772,True
2597,2597,1303,1,tfidf+bert+perp,3,1,0.9523604288292888,True
2598,2598,1304,0,tfidf+bert+perp,3,0,0.0017312032608005922,True
2599,2599,1304,1,tfidf+bert+perp,3,1,0.9992024536062696,True
2600,2600,1305,0,tfidf+bert+perp,3,0,0.006043588217828273,True
2601,2601,1305,1,tfidf+bert+perp,3,1,0.9985445956950257,True
2602,2602,1306,0,tfidf+bert+perp,3,0,0.0002578502343491149,True
2603,2603,1306,1,tfidf+bert+perp,3,1,0.9946650966568703,True
2604,2604,1307,0,tfidf+bert+perp,3,0,0.011583153815939985,True
2605,2605,1307,1,tfidf+bert+perp,3,1,0.9998266614092103,True
2606,2606,1308,0,tfidf+bert+perp,3,0,0.0011423244722526804,True
2607,2607,1308,1,tfidf+bert+perp,3,1,0.9998690184716061,True
2608,2608,1309,0,tfidf+bert+perp,3,0,0.00023981545604810064,True
2609,2609,1309,1,tfidf+bert+perp,3,1,0.9759715057926163,True
2610,2610,1310,0,tfidf+bert+perp,3,0,0.0002481824366385306,True
2611,2611,1310,1,tfidf+bert+perp,3,1,0.9975278131339013,True
2612,2612,1311,0,tfidf+bert+perp,3,0,0.00016247918030939552,True
2613,2613,1311,1,tfidf+bert+perp,3,1,0.9644817734521085,True
2614,2614,1312,0,tfidf+bert+perp,3,0,0.00044204981446619167,True
2615,2615,1312,1,tfidf+bert+perp,3,1,0.9537062723620138,True
2616,2616,1313,0,tfidf+bert+perp,3,0,0.0004464337206430038,True
2617,2617,1313,1,tfidf+bert+perp,3,1,0.9998975695064216,True
2618,2618,1314,0,tfidf+bert+perp,3,1,0.6685429879494493,False
2619,2619,1314,1,tfidf+bert+perp,3,1,0.994958525728386,True
2620,2620,1315,0,tfidf+bert+perp,3,0,0.00023916466700339435,True
2621,2621,1315,1,tfidf+bert+perp,3,1,0.9987480981812773,True
2622,2622,1316,0,tfidf+bert+perp,3,0,0.0002290739587147365,True
2623,2623,1316,1,tfidf+bert+perp,3,1,0.9940247120555227,True
2624,2624,1317,0,tfidf+bert+perp,3,0,0.030219335552275017,True
2625,2625,1317,1,tfidf+bert+perp,3,1,0.9996603416194436,True
2626,2626,1318,0,tfidf+bert+perp,3,0,0.1075134163416705,True
2627,2627,1318,1,tfidf+bert+perp,3,1,0.999876267315236,True
2628,2628,1319,0,tfidf+bert+perp,3,0,0.00013588039561616817,True
2629,2629,1319,1,tfidf+bert+perp,3,1,0.9999268760990819,True
2630,2630,1320,0,tfidf+bert+perp,3,0,0.005157184401062134,True
2631,2631,1320,1,tfidf+bert+perp,3,1,0.997761886871825,True
2632,2632,1321,0,tfidf+bert+perp,3,0,0.02417429454800811,True
2633,2633,1321,1,tfidf+bert+perp,3,1,0.9912685367863756,True
2634,2634,1322,0,tfidf+bert+perp,3,0,0.10176775440810987,True
2635,2635,1322,1,tfidf+bert+perp,3,1,0.9969151925126353,True
2636,2636,1323,0,tfidf+bert+perp,3,0,0.0002426802902737405,True
2637,2637,1323,1,tfidf+bert+perp,3,1,0.9994466990876114,True
2638,2638,1324,0,tfidf+bert+perp,3,0,0.07901393329236475,True
2639,2639,1324,1,tfidf+bert+perp,3,1,0.9990769356441895,True
2640,2640,1325,0,tfidf+bert+perp,3,0,0.13195296920320798,True
2641,2641,1325,1,tfidf+bert+perp,3,1,0.6924229708226,True
2642,2642,1326,0,tfidf+bert+perp,3,0,0.002982180251495463,True
2643,2643,1326,1,tfidf+bert+perp,3,1,0.5255992618171281,True
2644,2644,1327,0,tfidf+bert+perp,3,0,0.00014516301932326415,True
2645,2645,1327,1,tfidf+bert+perp,3,1,0.9364623029599386,True
2646,2646,1328,0,tfidf+bert+perp,3,0,0.001139365375357688,True
2647,2647,1328,1,tfidf+bert+perp,3,1,0.6987422914039431,True
2648,2648,1329,0,tfidf+bert+perp,3,0,0.0008919659723055948,True
2649,2649,1329,1,tfidf+bert+perp,3,1,0.9988581541595566,True
2650,2650,1330,0,tfidf+bert+perp,3,0,0.0011538263772174833,True
2651,2651,1330,1,tfidf+bert+perp,3,1,0.9992072221280742,True
2652,2652,1331,0,tfidf+bert+perp,3,0,0.002715076517418051,True
2653,2653,1331,1,tfidf+bert+perp,3,1,0.9984555634868544,True
2654,2654,1332,0,tfidf+bert+perp,3,0,0.0023785389234770257,True
2655,2655,1332,1,tfidf+bert+perp,3,1,0.9996767027795105,True
2656,2656,1333,0,tfidf+bert+perp,3,0,0.0014063858731762882,True
2657,2657,1333,1,tfidf+bert+perp,3,1,0.9912364339980575,True
2658,2658,1334,0,tfidf+bert+perp,3,0,0.004099857017646981,True
2659,2659,1334,1,tfidf+bert+perp,3,1,0.9961749479810693,True
2660,2660,1335,0,tfidf+bert+perp,3,0,0.002220518621156571,True
2661,2661,1335,1,tfidf+bert+perp,3,1,0.999563561761011,True
2662,2662,1336,0,tfidf+bert+perp,3,1,0.746882706657709,False
2663,2663,1336,1,tfidf+bert+perp,3,1,0.9982923188925606,True
2664,2664,1337,0,tfidf+bert+perp,3,0,0.18628735039329206,True
2665,2665,1337,1,tfidf+bert+perp,3,1,0.9954816742589273,True
2666,2666,1338,0,tfidf+bert+perp,3,0,0.0005513566338307066,True
2667,2667,1338,1,tfidf+bert+perp,3,1,0.9882858072999431,True
2668,2668,1339,0,tfidf+bert+perp,3,0,0.0003079923742115023,True
2669,2669,1339,1,tfidf+bert+perp,3,1,0.9991581892159994,True
2670,2670,1340,0,tfidf+bert+perp,3,0,0.0013755815289840047,True
2671,2671,1340,1,tfidf+bert+perp,3,1,0.9997400310755872,True
2672,2672,1341,0,tfidf+bert+perp,3,0,0.1797369031858467,True
2673,2673,1341,1,tfidf+bert+perp,3,1,0.9990903510155487,True
2674,2674,1342,0,tfidf+bert+perp,3,0,0.00041278262690817044,True
2675,2675,1342,1,tfidf+bert+perp,3,1,0.9684288703934016,True
2676,2676,1343,0,tfidf+bert+perp,3,0,0.47087060148913423,True
2677,2677,1343,1,tfidf+bert+perp,3,1,0.9999681058563944,True
2678,2678,1344,0,tfidf+bert+perp,3,0,0.010904045009804115,True
2679,2679,1344,1,tfidf+bert+perp,3,0,0.01795243981157055,False
2680,2680,1345,0,tfidf+bert+perp,3,0,0.00038145593977169704,True
2681,2681,1345,1,tfidf+bert+perp,3,1,0.9622013507707068,True
2682,2682,1346,0,tfidf+bert+perp,3,0,0.004194058857883422,True
2683,2683,1346,1,tfidf+bert+perp,3,1,0.9997543909924349,True
2684,2684,1347,0,tfidf+bert+perp,3,0,0.0012672193552507403,True
2685,2685,1347,1,tfidf+bert+perp,3,1,0.9898066121842954,True
2686,2686,1348,0,tfidf+bert+perp,3,0,0.0003986445067885287,True
2687,2687,1348,1,tfidf+bert+perp,3,1,0.9994447346016411,True
2688,2688,1349,0,tfidf+bert+perp,3,0,0.00013985310224201553,True
2689,2689,1349,1,tfidf+bert+perp,3,1,0.5883461620331197,True
2690,2690,1350,0,tfidf+bert+perp,3,0,0.06445449787524331,True
2691,2691,1350,1,tfidf+bert+perp,3,1,0.5391925877876917,True
2692,2692,1351,0,tfidf+bert+perp,3,0,0.00016739104122397245,True
2693,2693,1351,1,tfidf+bert+perp,3,1,0.9996532983335386,True
2694,2694,1352,0,tfidf+bert+perp,3,0,0.10006576546846868,True
2695,2695,1352,1,tfidf+bert+perp,3,1,0.9992683483584744,True
2696,2696,1353,0,tfidf+bert+perp,3,0,0.0019393214189842563,True
2697,2697,1353,1,tfidf+bert+perp,3,1,0.9673845083866766,True
2698,2698,1354,0,tfidf+bert+perp,3,0,0.005863724060122274,True
2699,2699,1354,1,tfidf+bert+perp,3,1,0.9986231158325767,True
2700,2700,1355,0,tfidf+bert+perp,3,0,0.026483406978416734,True
2701,2701,1355,1,tfidf+bert+perp,3,1,0.9803275571136806,True
2702,2702,1356,0,tfidf+bert+perp,3,1,0.7337631775845533,False
2703,2703,1356,1,tfidf+bert+perp,3,1,0.9996453634765067,True
2704,2704,1357,0,tfidf+bert+perp,3,0,0.06919123576932412,True
2705,2705,1357,1,tfidf+bert+perp,3,1,0.9979055480515604,True
2706,2706,1358,0,tfidf+bert+perp,3,0,0.00094763321619764,True
2707,2707,1358,1,tfidf+bert+perp,3,1,0.8346205803566711,True
2708,2708,1359,0,tfidf+bert+perp,3,0,0.036804516205999845,True
2709,2709,1359,1,tfidf+bert+perp,3,1,0.999009326971545,True
2710,2710,1360,0,tfidf+bert+perp,3,0,0.0013374606159351882,True
2711,2711,1360,1,tfidf+bert+perp,3,1,0.9959980432869441,True
2712,2712,1361,0,tfidf+bert+perp,3,0,0.0037977380757065115,True
2713,2713,1361,1,tfidf+bert+perp,3,1,0.9916874019853906,True
2714,2714,1362,0,tfidf+bert+perp,3,0,0.001167320669567147,True
2715,2715,1362,1,tfidf+bert+perp,3,1,0.9873849777697693,True
2716,2716,1363,0,tfidf+bert+perp,3,0,0.0060993952506636665,True
2717,2717,1363,1,tfidf+bert+perp,3,1,0.998214281422455,True
2718,2718,1364,0,tfidf+bert+perp,3,0,0.0038914421248462537,True
2719,2719,1364,1,tfidf+bert+perp,3,1,0.9997223923552139,True
2720,2720,1365,0,tfidf+bert+perp,3,0,0.0012627531541490186,True
2721,2721,1365,1,tfidf+bert+perp,3,1,0.996822733892601,True
2722,2722,1366,0,tfidf+bert+perp,3,0,0.0006179001956174696,True
2723,2723,1366,1,tfidf+bert+perp,3,1,0.9947542292643543,True
2724,2724,1367,0,tfidf+bert+perp,3,0,0.12842381387234852,True
2725,2725,1367,1,tfidf+bert+perp,3,1,0.9989132110520409,True
2726,2726,1368,0,tfidf+bert+perp,3,0,0.013567773460290995,True
2727,2727,1368,1,tfidf+bert+perp,3,1,0.8177483069312492,True
2728,2728,1369,0,tfidf+bert+perp,3,0,0.005601916484482693,True
2729,2729,1369,1,tfidf+bert+perp,3,1,0.9782275508213601,True
2730,2730,1370,0,tfidf+bert+perp,3,0,0.00035188429779789464,True
2731,2731,1370,1,tfidf+bert+perp,3,1,0.9925169024296274,True
2732,2732,1371,0,tfidf+bert+perp,3,0,0.0001701504816791535,True
2733,2733,1371,1,tfidf+bert+perp,3,1,0.9988666312795728,True
2734,2734,1372,0,tfidf+bert+perp,3,0,0.3740373428197419,True
2735,2735,1372,1,tfidf+bert+perp,3,1,0.9669111246159374,True
2736,2736,1373,0,tfidf+bert+perp,3,0,0.0016714592913287508,True
2737,2737,1373,1,tfidf+bert+perp,3,1,0.9988421796221497,True
2738,2738,1374,0,tfidf+bert+perp,3,0,0.0022344666971905176,True
2739,2739,1374,1,tfidf+bert+perp,3,1,0.9830968243120058,True
2740,2740,1375,0,tfidf+bert+perp,3,0,0.3888322393188939,True
2741,2741,1375,1,tfidf+bert+perp,3,1,0.9998588464459015,True
2742,2742,1376,0,tfidf+bert+perp,3,0,0.00030600177438445833,True
2743,2743,1376,1,tfidf+bert+perp,3,1,0.9834754396033315,True
2744,2744,1377,0,tfidf+bert+perp,3,0,0.002406958563478699,True
2745,2745,1377,1,tfidf+bert+perp,3,1,0.9987887207315923,True
2746,2746,1378,0,tfidf+bert+perp,3,0,0.003032793167245411,True
2747,2747,1378,1,tfidf+bert+perp,3,1,0.9960983878887854,True
2748,2748,1379,0,tfidf+bert+perp,3,0,0.00010555525765739148,True
2749,2749,1379,1,tfidf+bert+perp,3,1,0.989612613235709,True
2750,2750,1380,0,tfidf+bert+perp,3,0,0.0028418832461779764,True
2751,2751,1380,1,tfidf+bert+perp,3,1,0.9993835565235095,True
2752,2752,1381,0,tfidf+bert+perp,3,1,0.8617259067613419,False
2753,2753,1381,1,tfidf+bert+perp,3,1,0.9954649374729259,True
2754,2754,1382,0,tfidf+bert+perp,3,0,0.0005009999268778528,True
2755,2755,1382,1,tfidf+bert+perp,3,1,0.9912739214206676,True
2756,2756,1383,0,tfidf+bert+perp,3,0,0.005795222098624673,True
2757,2757,1383,1,tfidf+bert+perp,3,1,0.9982763847274416,True
2758,2758,1384,0,tfidf+bert+perp,3,0,0.002070713943798598,True
2759,2759,1384,1,tfidf+bert+perp,3,0,0.4340927631772958,False
2760,2760,1385,0,tfidf+bert+perp,3,0,4.81139194980887e-05,True
2761,2761,1385,1,tfidf+bert+perp,3,1,0.9010839994536783,True
2762,2762,1386,0,tfidf+bert+perp,3,0,0.013874737872040186,True
2763,2763,1386,1,tfidf+bert+perp,3,1,0.9995731705531504,True
2764,2764,1387,0,tfidf+bert+perp,3,0,0.0004455991531947376,True
2765,2765,1387,1,tfidf+bert+perp,3,1,0.9985186191989931,True
2766,2766,1388,0,tfidf+bert+perp,3,0,0.0005391418478780829,True
2767,2767,1388,1,tfidf+bert+perp,3,1,0.9780103752349968,True
2768,2768,1389,0,tfidf+bert+perp,3,0,0.007822252582869664,True
2769,2769,1389,1,tfidf+bert+perp,3,1,0.9984939627614409,True
2770,2770,1390,0,tfidf+bert+perp,3,0,0.0011144993723917016,True
2771,2771,1390,1,tfidf+bert+perp,3,1,0.9994999303783145,True
2772,2772,1391,0,tfidf+bert+perp,3,0,0.0019618328205897088,True
2773,2773,1391,1,tfidf+bert+perp,3,1,0.9988092700042173,True
2774,2774,1392,0,tfidf+bert+perp,3,0,0.009411120974123667,True
2775,2775,1392,1,tfidf+bert+perp,3,0,0.125317629853139,False
2776,2776,1393,0,tfidf+bert+perp,3,0,0.003955705461177862,True
2777,2777,1393,1,tfidf+bert+perp,3,1,0.7628575208497876,True
2778,2778,1394,0,tfidf+bert+perp,3,0,0.058494412657802024,True
2779,2779,1394,1,tfidf+bert+perp,3,1,0.9963719829977816,True
2780,2780,1395,0,tfidf+bert+perp,3,0,0.003369811537303224,True
2781,2781,1395,1,tfidf+bert+perp,3,0,0.03976323898475249,False
2782,2782,1396,0,tfidf+bert+perp,3,0,7.257034810901609e-05,True
2783,2783,1396,1,tfidf+bert+perp,3,1,0.9985110945305721,True
2784,2784,1397,0,tfidf+bert+perp,3,0,0.009025705368389089,True
2785,2785,1397,1,tfidf+bert+perp,3,1,0.9964350124052515,True
2786,2786,1398,0,tfidf+bert+perp,3,0,0.0018449128701930192,True
2787,2787,1398,1,tfidf+bert+perp,3,1,0.9995572540984133,True
2788,2788,1399,0,tfidf+bert+perp,3,0,0.00041118105795718136,True
2789,2789,1399,1,tfidf+bert+perp,3,1,0.9919846725775295,True
2790,2790,1400,0,tfidf+bert+perp,3,0,0.011128983355968736,True
2791,2791,1400,1,tfidf+bert+perp,3,1,0.9998427157889248,True
2792,2792,1401,0,tfidf+bert+perp,3,0,0.0004855707259334011,True
2793,2793,1401,1,tfidf+bert+perp,3,1,0.9823396098724246,True
2794,2794,1402,0,tfidf+bert+perp,3,0,0.06270517647478152,True
2795,2795,1402,1,tfidf+bert+perp,3,1,0.9995343162775754,True
2796,2796,1403,0,tfidf+bert+perp,3,0,0.04763798560021591,True
2797,2797,1403,1,tfidf+bert+perp,3,1,0.9988261162499249,True
2798,2798,1404,0,tfidf+bert+perp,3,0,0.002134565545694789,True
2799,2799,1404,1,tfidf+bert+perp,3,1,0.9563629109224169,True
2800,2800,1405,0,tfidf+bert+perp,3,0,0.0019281403889509921,True
2801,2801,1405,1,tfidf+bert+perp,3,1,0.9555022782679959,True
2802,2802,1406,0,tfidf+bert+perp,3,0,0.003041936917649367,True
2803,2803,1406,1,tfidf+bert+perp,3,1,0.9984786114692783,True
2804,2804,1407,0,tfidf+bert+perp,3,0,0.012214303412615922,True
2805,2805,1407,1,tfidf+bert+perp,3,1,0.9976280448431846,True
2806,2806,1408,0,tfidf+bert+perp,3,0,0.007682796135609781,True
2807,2807,1408,1,tfidf+bert+perp,3,1,0.9990437634236433,True
2808,2808,1409,0,tfidf+bert+perp,3,0,0.0001361525542180346,True
2809,2809,1409,1,tfidf+bert+perp,3,1,0.9724632153248389,True
2810,2810,1410,0,tfidf+bert+perp,3,0,0.001260572407036608,True
2811,2811,1410,1,tfidf+bert+perp,3,1,0.9999210145639378,True
2812,2812,1411,0,tfidf+bert+perp,3,0,0.000812273816533972,True
2813,2813,1411,1,tfidf+bert+perp,3,1,0.9879704138205468,True
2814,2814,1412,0,tfidf+bert+perp,3,0,0.026744647202565665,True
2815,2815,1412,1,tfidf+bert+perp,3,1,0.9980884971444861,True
2816,2816,1413,0,tfidf+bert+perp,3,0,0.003931168819046753,True
2817,2817,1413,1,tfidf+bert+perp,3,1,0.9981946097498461,True
2818,2818,1414,0,tfidf+bert+perp,3,0,4.289425428472441e-05,True
2819,2819,1414,1,tfidf+bert+perp,3,1,0.9993357463215252,True
2820,2820,1415,0,tfidf+bert+perp,3,0,0.005838578486757939,True
2821,2821,1415,1,tfidf+bert+perp,3,1,0.999807533357714,True
2822,2822,1416,0,tfidf+bert+perp,3,0,0.17530065347808288,True
2823,2823,1416,1,tfidf+bert+perp,3,1,0.9996409094628232,True
2824,2824,1417,0,tfidf+bert+perp,3,0,0.0002973103275293519,True
2825,2825,1417,1,tfidf+bert+perp,3,1,0.9988240156528384,True
2826,2826,1418,0,tfidf+bert+perp,3,0,0.008474227913090174,True
2827,2827,1418,1,tfidf+bert+perp,3,1,0.7964033549743234,True
2828,2828,1419,0,tfidf+bert+perp,3,0,0.0019123380517111338,True
2829,2829,1419,1,tfidf+bert+perp,3,1,0.9961043342765838,True
2830,2830,1420,0,tfidf+bert+perp,3,0,0.010151510819669187,True
2831,2831,1420,1,tfidf+bert+perp,3,1,0.9995021121418693,True
2832,2832,1421,0,tfidf+bert+perp,3,0,0.4984873267360206,True
2833,2833,1421,1,tfidf+bert+perp,3,1,0.999912667914281,True
2834,2834,1422,0,tfidf+bert+perp,3,0,0.0014453701758964735,True
2835,2835,1422,1,tfidf+bert+perp,3,1,0.999517980355328,True
2836,2836,1423,0,tfidf+bert+perp,3,0,0.19999941826580583,True
2837,2837,1423,1,tfidf+bert+perp,3,1,0.9995398855418108,True
2838,2838,1424,0,tfidf+bert+perp,3,0,0.0003327345489794585,True
2839,2839,1424,1,tfidf+bert+perp,3,1,0.8432402751774305,True
2840,2840,1425,0,tfidf+bert+perp,3,0,0.054604348990714445,True
2841,2841,1425,1,tfidf+bert+perp,3,1,0.9931409600479242,True
2842,2842,1426,0,tfidf+bert+perp,3,0,0.4301941693317886,True
2843,2843,1426,1,tfidf+bert+perp,3,1,0.9996828027787481,True
2844,2844,1427,0,tfidf+bert+perp,3,0,0.0010107915379215242,True
2845,2845,1427,1,tfidf+bert+perp,3,1,0.9990516363398348,True
2846,2846,1428,0,tfidf+bert+perp,3,0,0.011059919530448062,True
2847,2847,1428,1,tfidf+bert+perp,3,1,0.9992680435833737,True
2848,2848,1429,0,tfidf+bert+perp,3,0,0.00030169283604610653,True
2849,2849,1429,1,tfidf+bert+perp,3,1,0.9887484101592264,True
2850,2850,1430,0,tfidf+bert+perp,3,0,0.0005144379103361578,True
2851,2851,1430,1,tfidf+bert+perp,3,1,0.9984151724174668,True
2852,2852,1431,0,tfidf+bert+perp,3,0,0.03939098659655434,True
2853,2853,1431,1,tfidf+bert+perp,3,1,0.9634540155261363,True
2854,2854,1432,0,tfidf+bert+perp,3,0,0.01051608252565029,True
2855,2855,1432,1,tfidf+bert+perp,3,1,0.9303840124433743,True
2856,2856,1433,0,tfidf+bert+perp,3,0,0.003361250995130811,True
2857,2857,1433,1,tfidf+bert+perp,3,1,0.8683525630094675,True
2858,2858,1434,0,tfidf+bert+perp,3,0,0.0003020722710245936,True
2859,2859,1434,1,tfidf+bert+perp,3,1,0.9905956166234182,True
2860,2860,1435,0,tfidf+bert+perp,3,0,0.041367278573524305,True
2861,2861,1435,1,tfidf+bert+perp,3,1,0.9998392810846966,True
2862,2862,1436,0,tfidf+bert+perp,3,0,0.0027894823572788127,True
2863,2863,1436,1,tfidf+bert+perp,3,1,0.9979480303718667,True
2864,2864,1437,0,tfidf+bert+perp,3,0,0.03984085403400091,True
2865,2865,1437,1,tfidf+bert+perp,3,1,0.950044133931683,True
2866,2866,1438,0,tfidf+bert+perp,3,0,0.003253480619924899,True
2867,2867,1438,1,tfidf+bert+perp,3,1,0.9971791806274064,True
2868,2868,1439,0,tfidf+bert+perp,3,0,0.011157192420965885,True
2869,2869,1439,1,tfidf+bert+perp,3,1,0.9346044430678052,True
2870,2870,1440,0,tfidf+bert+perp,3,0,0.0004601863992201789,True
2871,2871,1440,1,tfidf+bert+perp,3,1,0.9985843396363581,True
2872,2872,1441,0,tfidf+bert+perp,3,0,0.04662275596467181,True
2873,2873,1441,1,tfidf+bert+perp,3,1,0.9984782520245531,True
2874,2874,1442,0,tfidf+bert+perp,3,0,0.0009746057190584957,True
2875,2875,1442,1,tfidf+bert+perp,3,1,0.9997857852387723,True
2876,2876,1443,0,tfidf+bert+perp,3,0,0.0008671311424510584,True
2877,2877,1443,1,tfidf+bert+perp,3,1,0.5390342331896434,True
2878,2878,1444,0,tfidf+bert+perp,3,0,0.005155675795868301,True
2879,2879,1444,1,tfidf+bert+perp,3,1,0.9989261157405008,True
2880,2880,1445,0,tfidf+bert+perp,3,0,0.00885533053752884,True
2881,2881,1445,1,tfidf+bert+perp,3,1,0.9932559412257801,True
2882,2882,1446,0,tfidf+bert+perp,3,0,0.011618904725411388,True
2883,2883,1446,1,tfidf+bert+perp,3,1,0.9965541090389142,True
2884,2884,1447,0,tfidf+bert+perp,3,0,0.0002934312408736807,True
2885,2885,1447,1,tfidf+bert+perp,3,1,0.999909363065586,True
2886,2886,1448,0,tfidf+bert+perp,3,0,0.00031315942493240537,True
2887,2887,1448,1,tfidf+bert+perp,3,1,0.9968407425743455,True
2888,2888,1449,0,tfidf+bert+perp,3,0,0.005306829746609414,True
2889,2889,1449,1,tfidf+bert+perp,3,1,0.9994952169456787,True
2890,2890,1450,0,tfidf+bert+perp,3,0,0.13324171196570667,True
2891,2891,1450,1,tfidf+bert+perp,3,1,0.7680746148105055,True
2892,2892,1451,0,tfidf+bert+perp,3,0,0.0022469770224328397,True
2893,2893,1451,1,tfidf+bert+perp,3,1,0.9573089830612275,True
2894,2894,1452,0,tfidf+bert+perp,3,0,0.012880485912823227,True
2895,2895,1452,1,tfidf+bert+perp,3,1,0.998185956013568,True
2896,2896,1453,0,tfidf+bert+perp,3,0,0.005033331749088106,True
2897,2897,1453,1,tfidf+bert+perp,3,1,0.9985962017406085,True
2898,2898,1454,0,tfidf+bert+perp,3,0,0.004813259309258265,True
2899,2899,1454,1,tfidf+bert+perp,3,1,0.9997670095345658,True
2900,2900,1455,0,tfidf+bert+perp,3,0,0.0017827787243087638,True
2901,2901,1455,1,tfidf+bert+perp,3,1,0.9993996305890731,True
2902,2902,1456,0,tfidf+bert+perp,3,0,0.0017332990699470028,True
2903,2903,1456,1,tfidf+bert+perp,3,1,0.9986333034013077,True
2904,2904,1457,0,tfidf+bert+perp,3,0,0.006374350034447867,True
2905,2905,1457,1,tfidf+bert+perp,3,1,0.9992104664014455,True
2906,2906,1458,0,tfidf+bert+perp,3,0,0.0008899723805999625,True
2907,2907,1458,1,tfidf+bert+perp,3,1,0.9982574419032911,True
2908,2908,1459,0,tfidf+bert+perp,3,0,0.005594619421260872,True
2909,2909,1459,1,tfidf+bert+perp,3,1,0.998505975090312,True
2910,2910,1460,0,tfidf+bert+perp,3,0,0.0033195237300326923,True
2911,2911,1460,1,tfidf+bert+perp,3,1,0.9903458081487102,True
2912,2912,1461,0,tfidf+bert+perp,3,0,0.0164262362393023,True
2913,2913,1461,1,tfidf+bert+perp,3,1,0.9998519920344974,True
2914,2914,1462,0,tfidf+bert+perp,3,0,0.0026198561060986926,True
2915,2915,1462,1,tfidf+bert+perp,3,1,0.9846293621082767,True
2916,2916,1463,1,tfidf+bert+perp,3,1,0.9980160049979018,True
2917,2917,1464,0,tfidf+bert+perp,3,0,0.00681956765893516,True
2918,2918,1464,1,tfidf+bert+perp,3,1,0.9971659716335041,True
2919,2919,1465,0,tfidf+bert+perp,3,0,0.011405881534021833,True
2920,2920,1465,1,tfidf+bert+perp,3,1,0.992926061402131,True
2921,2921,1466,0,tfidf+bert+perp,3,0,0.0018118025601664073,True
2922,2922,1466,1,tfidf+bert+perp,3,1,0.9804321365688222,True
2923,2923,1467,0,tfidf+bert+perp,3,0,0.00041204182655340984,True
2924,2924,1467,1,tfidf+bert+perp,3,1,0.998567036434117,True
2925,2925,1468,0,tfidf+bert+perp,3,0,0.005544986010050742,True
2926,2926,1468,1,tfidf+bert+perp,3,1,0.9997998023618246,True
2927,2927,1469,0,tfidf+bert+perp,3,0,0.0002549561769039028,True
2928,2928,1469,1,tfidf+bert+perp,3,1,0.9986475512667219,True
2929,2929,1470,0,tfidf+bert+perp,3,0,0.0005388266902090082,True
2930,2930,1470,1,tfidf+bert+perp,3,1,0.9995614198753574,True
2931,2931,1471,0,tfidf+bert+perp,3,1,0.5465460459853821,False
2932,2932,1471,1,tfidf+bert+perp,3,1,0.9899975858664396,True
2933,2933,1472,0,tfidf+bert+perp,3,0,0.0018881930998479305,True
2934,2934,1472,1,tfidf+bert+perp,3,1,0.999878890171677,True
2935,2935,1473,0,tfidf+bert+perp,3,0,0.01013960362643267,True
2936,2936,1473,1,tfidf+bert+perp,3,1,0.9800399180860965,True
2937,2937,1474,0,tfidf+bert+perp,3,0,0.0008445899299481575,True
2938,2938,1474,1,tfidf+bert+perp,3,1,0.9991231929728225,True
2939,2939,1475,0,tfidf+bert+perp,3,0,0.0011794715970634985,True
2940,2940,1475,1,tfidf+bert+perp,3,1,0.999042768716854,True
2941,2941,1476,0,tfidf+bert+perp,3,0,0.0004660509862069734,True
2942,2942,1476,1,tfidf+bert+perp,3,1,0.8655543447799614,True
2943,2943,1477,0,tfidf+bert+perp,3,0,0.22220470473391185,True
2944,2944,1477,1,tfidf+bert+perp,3,1,0.9875394258659864,True
2945,2945,1478,0,tfidf+bert+perp,3,0,0.003002952613571189,True
2946,2946,1478,1,tfidf+bert+perp,3,1,0.999533262444425,True
2947,2947,1479,0,tfidf+bert+perp,3,0,0.007541988182282073,True
2948,2948,1479,1,tfidf+bert+perp,3,1,0.9993418087566935,True
2949,2949,1480,0,tfidf+bert+perp,3,1,0.6719517496251175,False
2950,2950,1480,1,tfidf+bert+perp,3,1,0.997602837427281,True
2951,2951,1481,0,tfidf+bert+perp,3,0,0.03832022154621094,True
2952,2952,1481,1,tfidf+bert+perp,3,1,0.8197330271823444,True
2953,2953,1482,0,tfidf+bert+perp,3,0,0.07429612847178918,True
2954,2954,1482,1,tfidf+bert+perp,3,1,0.999201359985966,True
2955,2955,1483,0,tfidf+bert+perp,3,0,0.001102600482036445,True
2956,2956,1483,1,tfidf+bert+perp,3,1,0.9987090796458152,True
2957,2957,1484,0,tfidf+bert+perp,3,0,0.16234938739745955,True
2958,2958,1484,1,tfidf+bert+perp,3,1,0.9989525676399715,True
2959,2959,1485,0,tfidf+bert+perp,3,0,0.0003810244061910027,True
2960,2960,1485,1,tfidf+bert+perp,3,1,0.9991104089781231,True
2961,2961,1486,0,tfidf+bert+perp,3,0,0.08577640831299187,True
2962,2962,1486,1,tfidf+bert+perp,3,1,0.9906816485222566,True
2963,2963,1487,0,tfidf+bert+perp,3,0,0.0023153710587620236,True
2964,2964,1487,1,tfidf+bert+perp,3,1,0.9816587577118161,True
2965,2965,1488,0,tfidf+bert+perp,3,0,0.0003763612417356404,True
2966,2966,1488,1,tfidf+bert+perp,3,1,0.7941912421354868,True
2967,2967,1489,0,tfidf+bert+perp,3,0,0.0011533277985992876,True
2968,2968,1489,1,tfidf+bert+perp,3,1,0.988971388560447,True
2969,2969,1490,0,tfidf+bert+perp,3,0,0.009393203296120834,True
2970,2970,1490,1,tfidf+bert+perp,3,1,0.8322764403543975,True
2971,2971,1491,0,tfidf+bert+perp,3,0,0.001998135996441005,True
2972,2972,1491,1,tfidf+bert+perp,3,0,0.17761454444763353,False
2973,2973,1492,0,tfidf+bert+perp,3,0,0.0005906501577000068,True
2974,2974,1492,1,tfidf+bert+perp,3,1,0.8919705451245384,True
2975,2975,1493,0,tfidf+bert+perp,3,0,0.011017766314855666,True
2976,2976,1493,1,tfidf+bert+perp,3,1,0.9977705901527485,True
2977,2977,1494,0,tfidf+bert+perp,3,0,0.00043011931680396687,True
2978,2978,1494,1,tfidf+bert+perp,3,1,0.9995316832262815,True
2979,2979,1495,0,tfidf+bert+perp,3,0,0.005164451348087509,True
2980,2980,1495,1,tfidf+bert+perp,3,1,0.9994843923175537,True
2981,2981,1496,0,tfidf+bert+perp,3,0,0.007019209044618086,True
2982,2982,1496,1,tfidf+bert+perp,3,1,0.9864135962009859,True
2983,2983,1497,0,tfidf+bert+perp,3,0,0.0019341270433710011,True
2984,2984,1497,1,tfidf+bert+perp,3,1,0.9996261316153257,True
2985,2985,1498,0,tfidf+bert+perp,3,0,0.008768923138521047,True
2986,2986,1498,1,tfidf+bert+perp,3,1,0.8615622096210442,True
2987,2987,1499,0,tfidf+bert+perp,3,0,0.045041811573650066,True
2988,2988,1499,1,tfidf+bert+perp,3,1,0.8190642997178113,True
2989,2989,1500,0,tfidf+bert+perp,3,0,0.000727524911991251,True
2990,2990,1500,1,tfidf+bert+perp,3,1,0.9988872567599459,True
2991,2991,1501,0,tfidf+bert+perp,3,0,0.0008274567746739879,True
2992,2992,1501,1,tfidf+bert+perp,3,1,0.989826426517065,True
2993,2993,1502,0,tfidf+bert+perp,3,0,0.022784327126005716,True
2994,2994,1502,1,tfidf+bert+perp,3,1,0.9905459652767135,True
2995,2995,1503,0,tfidf+bert+perp,3,0,0.17158574458579298,True
2996,2996,1503,1,tfidf+bert+perp,3,1,0.9995714561334436,True
2997,2997,1504,0,tfidf+bert+perp,3,0,0.0022304747098332136,True
2998,2998,1504,1,tfidf+bert+perp,3,0,0.34897125218079295,False
2999,2999,1505,0,tfidf+bert+perp,3,0,0.00031935047239564933,True
3000,3000,1505,1,tfidf+bert+perp,3,1,0.9761528789361401,True
3001,3001,1506,0,tfidf+bert+perp,3,0,0.001287051667973164,True
3002,3002,1506,1,tfidf+bert+perp,3,1,0.9997950431444049,True
3003,3003,1507,0,tfidf+bert+perp,3,0,0.006623451304900996,True
3004,3004,1507,1,tfidf+bert+perp,3,1,0.9992475738002675,True
3005,3005,1508,0,tfidf+bert+perp,3,0,0.0013964804598772871,True
3006,3006,1508,1,tfidf+bert+perp,3,1,0.9993629925783301,True
3007,3007,1509,0,tfidf+bert+perp,3,0,0.00016292029120427355,True
3008,3008,1509,1,tfidf+bert+perp,3,1,0.9989411892707013,True
3009,3009,1510,0,tfidf+bert+perp,3,0,0.004942640198873836,True
3010,3010,1510,1,tfidf+bert+perp,3,1,0.8193828823905615,True
3011,3011,1511,0,tfidf+bert+perp,3,0,0.000830922327859177,True
3012,3012,1511,1,tfidf+bert+perp,3,0,0.17445363613311163,False
3013,3013,1512,0,tfidf+bert+perp,3,0,0.006408458158630882,True
3014,3014,1512,1,tfidf+bert+perp,3,1,0.7450976125555767,True
3015,3015,1513,0,tfidf+bert+perp,3,0,0.0016698816132238495,True
3016,3016,1513,1,tfidf+bert+perp,3,1,0.9988891151227725,True
3017,3017,1514,0,tfidf+bert+perp,3,0,0.0037874712368106585,True
3018,3018,1514,1,tfidf+bert+perp,3,1,0.9973260822448796,True
3019,3019,1515,0,tfidf+bert+perp,3,0,0.008569274377980276,True
3020,3020,1515,1,tfidf+bert+perp,3,1,0.9955800923136011,True
3021,3021,1516,0,tfidf+bert+perp,3,0,0.35477138557217586,True
3022,3022,1516,1,tfidf+bert+perp,3,1,0.998507585805597,True
3023,3023,1517,0,tfidf+bert+perp,3,0,0.0006510111869607911,True
3024,3024,1517,1,tfidf+bert+perp,3,1,0.9994782901497594,True
3025,3025,1518,0,tfidf+bert+perp,3,0,0.002530240770473133,True
3026,3026,1518,1,tfidf+bert+perp,3,1,0.9946576311655326,True
3027,3027,1519,0,tfidf+bert+perp,3,0,0.0008030205297216154,True
3028,3028,1519,1,tfidf+bert+perp,3,1,0.9968557001305856,True
3029,3029,1520,0,tfidf+bert+perp,3,0,7.873118060955542e-05,True
3030,3030,1520,1,tfidf+bert+perp,3,1,0.8889208922816969,True
3031,3031,1521,0,tfidf+bert+perp,3,0,0.007613876123519404,True
3032,3032,1521,1,tfidf+bert+perp,3,1,0.9998642829118342,True
3033,3033,1522,0,tfidf+bert+perp,3,1,0.8516880797584966,False
3034,3034,1522,1,tfidf+bert+perp,3,1,0.9928636134964938,True
3035,3035,1523,0,tfidf+bert+perp,3,0,0.010945690372580127,True
3036,3036,1523,1,tfidf+bert+perp,3,1,0.9969612455113381,True
3037,3037,1524,0,tfidf+bert+perp,3,0,0.0016152027818460857,True
3038,3038,1524,1,tfidf+bert+perp,3,1,0.6068203848763983,True
3039,3039,1525,0,tfidf+bert+perp,3,0,0.0006429847643321881,True
3040,3040,1525,1,tfidf+bert+perp,3,1,0.9797497818523511,True
3041,3041,1526,0,tfidf+bert+perp,3,0,0.02242338509139713,True
3042,3042,1526,1,tfidf+bert+perp,3,1,0.9645176219782148,True
3043,3043,1527,0,tfidf+bert+perp,3,0,0.001122895447366062,True
3044,3044,1527,1,tfidf+bert+perp,3,1,0.9996530838008171,True
3045,3045,1528,0,tfidf+bert+perp,3,0,0.018658808530632193,True
3046,3046,1528,1,tfidf+bert+perp,3,1,0.9738692337673331,True
3047,3047,1529,0,tfidf+bert+perp,3,1,0.6576452537537256,False
3048,3048,1529,1,tfidf+bert+perp,3,1,0.9998095425538517,True
3049,3049,1530,0,tfidf+bert+perp,3,0,0.0035658769273598304,True
3050,3050,1530,1,tfidf+bert+perp,3,1,0.9972832450237167,True
3051,3051,1531,0,tfidf+bert+perp,3,0,0.0006290569503427131,True
3052,3052,1531,1,tfidf+bert+perp,3,1,0.8984502896856,True
3053,3053,1532,0,tfidf+bert+perp,3,0,0.01254920811099364,True
3054,3054,1532,1,tfidf+bert+perp,3,1,0.986338553398088,True
3055,3055,1533,0,tfidf+bert+perp,3,0,0.0024382258703625407,True
3056,3056,1533,1,tfidf+bert+perp,3,1,0.9995695545385477,True
3057,3057,1534,0,tfidf+bert+perp,3,0,0.0021499900152698844,True
3058,3058,1534,1,tfidf+bert+perp,3,1,0.9994665988987822,True
3059,3059,1535,0,tfidf+bert+perp,3,0,0.006949129869446309,True
3060,3060,1535,1,tfidf+bert+perp,3,1,0.9981729122532385,True
3061,3061,1536,0,tfidf+bert+perp,3,0,0.09413569573879703,True
3062,3062,1536,1,tfidf+bert+perp,3,1,0.9993041654625215,True
3063,3063,1537,0,tfidf+bert+perp,3,0,0.008947465693335644,True
3064,3064,1537,1,tfidf+bert+perp,3,1,0.7453736358901196,True
3065,3065,1538,0,tfidf+bert+perp,3,0,0.00536322996512806,True
3066,3066,1538,1,tfidf+bert+perp,3,1,0.9968893999046347,True
3067,3067,1539,0,tfidf+bert+perp,3,0,0.002035124383281189,True
3068,3068,1539,1,tfidf+bert+perp,3,1,0.9391544868865142,True
3069,3069,1540,0,tfidf+bert+perp,3,0,0.013250137018557434,True
3070,3070,1540,1,tfidf+bert+perp,3,1,0.9984487058137784,True
3071,3071,1541,0,tfidf+bert+perp,3,0,0.0005092192546272849,True
3072,3072,1541,1,tfidf+bert+perp,3,1,0.9992270290415822,True
3073,3073,1542,0,tfidf+bert+perp,3,0,0.02802096924362133,True
3074,3074,1542,1,tfidf+bert+perp,3,1,0.9412932078582851,True
3075,3075,1543,0,tfidf+bert+perp,3,0,0.01911804468362565,True
3076,3076,1543,1,tfidf+bert+perp,3,1,0.9997626965906039,True
3077,3077,1544,0,tfidf+bert+perp,3,0,0.004486943895451571,True
3078,3078,1544,1,tfidf+bert+perp,3,1,0.9612238012979445,True
3079,3079,1545,0,tfidf+bert+perp,3,0,0.005313973081814333,True
3080,3080,1545,1,tfidf+bert+perp,3,1,0.9992723576408901,True
3081,3081,1546,0,tfidf+bert+perp,3,0,0.008419541307873167,True
3082,3082,1546,1,tfidf+bert+perp,3,1,0.9854771330925935,True
3083,3083,1547,0,tfidf+bert+perp,3,0,0.0005290494647105338,True
3084,3084,1547,1,tfidf+bert+perp,3,1,0.9994493948731916,True
3085,3085,1548,0,tfidf+bert+perp,3,0,0.00014761065051480587,True
3086,3086,1548,1,tfidf+bert+perp,3,1,0.5834580808152072,True
3087,3087,1549,0,tfidf+bert+perp,3,0,0.2131854859107876,True
3088,3088,1549,1,tfidf+bert+perp,3,1,0.9845285637472813,True
3089,3089,1550,0,tfidf+bert+perp,3,0,0.008833206297523906,True
3090,3090,1550,1,tfidf+bert+perp,3,1,0.9816761749770576,True
3091,3091,1551,0,tfidf+bert+perp,3,0,0.0006830276641767389,True
3092,3092,1551,1,tfidf+bert+perp,3,1,0.9973149764093037,True
3093,3093,1552,0,tfidf+bert+perp,3,0,0.0003441628332952642,True
3094,3094,1552,1,tfidf+bert+perp,3,1,0.9996438520371848,True
3095,3095,1553,0,tfidf+bert+perp,3,0,0.00019714102692885266,True
3096,3096,1553,1,tfidf+bert+perp,3,1,0.8823912937741634,True
3097,3097,1554,0,tfidf+bert+perp,3,0,0.011471727551017814,True
3098,3098,1554,1,tfidf+bert+perp,3,1,0.999261655923765,True
3099,3099,1555,0,tfidf+bert+perp,3,0,0.0072598012060505574,True
3100,3100,1555,1,tfidf+bert+perp,3,1,0.9927478960414925,True
3101,3101,1556,0,tfidf+bert+perp,3,0,0.02189792716616365,True
3102,3102,1556,1,tfidf+bert+perp,3,1,0.9996693573329524,True
3103,3103,1557,0,tfidf+bert+perp,3,0,0.0007262067476163729,True
3104,3104,1557,1,tfidf+bert+perp,3,1,0.9926692779308739,True
3105,3105,1558,0,tfidf+bert+perp,3,0,3.8837793608475716e-05,True
3106,3106,1558,1,tfidf+bert+perp,3,1,0.9513367454003558,True
3107,3107,1559,0,tfidf+bert+perp,3,0,0.33222583139469514,True
3108,3108,1559,1,tfidf+bert+perp,3,1,0.9989788062495348,True
3109,3109,1560,0,tfidf+bert+perp,3,1,0.5344336216096714,False
3110,3110,1560,1,tfidf+bert+perp,3,1,0.9984970238727894,True
3111,3111,1561,0,tfidf+bert+perp,3,0,0.0016701132341377085,True
3112,3112,1561,1,tfidf+bert+perp,3,1,0.8397215742544337,True
3113,3113,1562,0,tfidf+bert+perp,3,0,0.0028794383941118714,True
3114,3114,1562,1,tfidf+bert+perp,3,1,0.972953042257977,True
3115,3115,1563,0,tfidf+bert+perp,3,0,0.00044677127603920646,True
3116,3116,1563,1,tfidf+bert+perp,3,1,0.9962258132142398,True
3117,3117,1564,0,tfidf+bert+perp,3,0,0.39927829951521,True
3118,3118,1564,1,tfidf+bert+perp,3,1,0.9947123473172227,True
3119,3119,1565,0,tfidf+bert+perp,3,0,0.06803203182458772,True
3120,3120,1565,1,tfidf+bert+perp,3,1,0.9960187362965,True
3121,3121,1566,0,tfidf+bert+perp,3,0,0.0007471526918268512,True
3122,3122,1566,1,tfidf+bert+perp,3,1,0.9966988071373398,True
3123,3123,1567,0,tfidf+bert+perp,3,0,0.00043914862824631043,True
3124,3124,1567,1,tfidf+bert+perp,3,1,0.9995198406339951,True
3125,3125,1568,0,tfidf+bert+perp,3,0,0.1748097556673932,True
3126,3126,1568,1,tfidf+bert+perp,3,1,0.9993622688775479,True
3127,3127,1569,0,tfidf+bert+perp,3,0,0.0005586512427685111,True
3128,3128,1569,1,tfidf+bert+perp,3,1,0.9982794734508863,True
3129,3129,1570,0,tfidf+bert+perp,3,0,0.0004169293567664733,True
3130,3130,1570,1,tfidf+bert+perp,3,1,0.9983674606060022,True
3131,3131,1571,0,tfidf+bert+perp,3,0,0.007600259593400436,True
3132,3132,1571,1,tfidf+bert+perp,3,1,0.9959577464341239,True
3133,3133,1572,0,tfidf+bert+perp,3,1,0.6294047350921131,False
3134,3134,1572,1,tfidf+bert+perp,3,1,0.9798137533618368,True
3135,3135,1573,0,tfidf+bert+perp,3,0,0.000813266943162575,True
3136,3136,1573,1,tfidf+bert+perp,3,1,0.7801802419450475,True
3137,3137,1574,0,tfidf+bert+perp,3,0,0.0032793263572463956,True
3138,3138,1574,1,tfidf+bert+perp,3,1,0.9998819436429923,True
3139,3139,1575,0,tfidf+bert+perp,3,0,0.008018549228194173,True
3140,3140,1575,1,tfidf+bert+perp,3,1,0.9834313195046879,True
3141,3141,1576,0,tfidf+bert+perp,3,0,0.0009764192085359219,True
3142,3142,1576,1,tfidf+bert+perp,3,1,0.9998706192614183,True
3143,3143,1577,0,tfidf+bert+perp,3,0,0.006847831095337859,True
3144,3144,1577,1,tfidf+bert+perp,3,1,0.9701219499188105,True
3145,3145,1578,0,tfidf+bert+perp,3,0,0.007548103229409862,True
3146,3146,1578,1,tfidf+bert+perp,3,1,0.9997491775484051,True
3147,3147,1579,0,tfidf+bert+perp,3,0,0.002413850576351914,True
3148,3148,1579,1,tfidf+bert+perp,3,1,0.9973440595501945,True
3149,3149,1580,0,tfidf+bert+perp,3,0,0.0022335618404322904,True
3150,3150,1580,1,tfidf+bert+perp,3,1,0.9939139906595937,True
3151,3151,1581,0,tfidf+bert+perp,3,0,0.11134822542045182,True
3152,3152,1581,1,tfidf+bert+perp,3,1,0.9956257759487929,True
3153,3153,1582,0,tfidf+bert+perp,3,0,0.008322720470490007,True
3154,3154,1582,1,tfidf+bert+perp,3,1,0.9886102442426922,True
3155,3155,1583,0,tfidf+bert+perp,3,0,0.4760090994877793,True
3156,3156,1583,1,tfidf+bert+perp,3,1,0.985301995651976,True
3157,3157,1584,0,tfidf+bert+perp,3,0,0.16373667385038643,True
3158,3158,1584,1,tfidf+bert+perp,3,1,0.9988801512720155,True
3159,3159,1585,0,tfidf+bert+perp,3,0,0.06517096723645215,True
3160,3160,1585,1,tfidf+bert+perp,3,1,0.9989473869532961,True
3161,3161,1586,0,tfidf+bert+perp,3,0,0.22758584961351322,True
3162,3162,1586,1,tfidf+bert+perp,3,1,0.9993998277295703,True
3163,3163,1587,0,tfidf+bert+perp,3,0,0.01313844254852739,True
3164,3164,1587,1,tfidf+bert+perp,3,1,0.9994702662007416,True
3165,3165,1588,0,tfidf+bert+perp,3,0,0.07751050361647985,True
3166,3166,1588,1,tfidf+bert+perp,3,1,0.9985252858138817,True
3167,3167,1589,0,tfidf+bert+perp,3,0,0.001663899668047641,True
3168,3168,1589,1,tfidf+bert+perp,3,1,0.9999024910174591,True
3169,3169,1590,0,tfidf+bert+perp,3,0,0.020928235946926256,True
3170,3170,1590,1,tfidf+bert+perp,3,1,0.999568499894892,True
3171,3171,1591,0,tfidf+bert+perp,3,0,0.0053421911710059685,True
3172,3172,1591,1,tfidf+bert+perp,3,1,0.9909933049413914,True
3173,3173,1592,0,tfidf+bert+perp,3,0,0.00010959389911227573,True
3174,3174,1592,1,tfidf+bert+perp,3,1,0.9881522548170519,True
3175,3175,1593,0,tfidf+bert+perp,3,0,0.001076542928710363,True
3176,3176,1593,1,tfidf+bert+perp,3,1,0.999657231789847,True
3177,3177,1594,0,tfidf+bert+perp,3,0,0.00028056746717342496,True
3178,3178,1594,1,tfidf+bert+perp,3,1,0.99928630086055,True
3179,3179,1595,0,tfidf+bert+perp,3,0,0.004316626422924506,True
3180,3180,1595,1,tfidf+bert+perp,3,0,0.09263062611140842,False
3181,3181,1596,0,tfidf+bert+perp,3,0,0.0005380681800228963,True
3182,3182,1596,1,tfidf+bert+perp,3,1,0.9996711935732756,True
3183,3183,1597,0,tfidf+bert+perp,3,0,6.715091795220006e-05,True
3184,3184,1597,1,tfidf+bert+perp,3,1,0.9978533781415404,True
3185,3185,1598,0,tfidf+bert+perp,3,0,0.005121987586390896,True
3186,3186,1598,1,tfidf+bert+perp,3,1,0.9996863038574167,True
3187,3187,1599,0,tfidf+bert+perp,3,0,0.004656613515086771,True
3188,3188,1599,1,tfidf+bert+perp,3,1,0.6859113978670226,True
3189,3189,1600,0,tfidf+bert+perp,3,0,0.010489590879755675,True
3190,3190,1600,1,tfidf+bert+perp,3,1,0.9941194303599743,True
3191,3191,1601,0,tfidf+bert+perp,3,0,0.014401943850883394,True
3192,3192,1601,1,tfidf+bert+perp,3,1,0.9948199656063168,True
3193,3193,1602,0,tfidf+bert+perp,3,0,0.0032856831529214136,True
3194,3194,1602,1,tfidf+bert+perp,3,1,0.9988241265387838,True
3195,3195,1603,0,tfidf+bert+perp,3,0,0.00028544868618978473,True
3196,3196,1603,1,tfidf+bert+perp,3,1,0.9960511398673167,True
3197,3197,1604,0,tfidf+bert+perp,3,0,0.19309091324381547,True
3198,3198,1604,1,tfidf+bert+perp,3,1,0.9918809005527036,True
3199,3199,1605,0,tfidf+bert+perp,3,0,0.0006893501812101608,True
3200,3200,1605,1,tfidf+bert+perp,3,1,0.9693855576837093,True
3201,3201,1606,0,tfidf+bert+perp,3,0,0.0002258411433907276,True
3202,3202,1606,1,tfidf+bert+perp,3,1,0.997281755064684,True
3203,3203,1607,0,tfidf+bert+perp,3,0,0.10209868916027377,True
3204,3204,1607,1,tfidf+bert+perp,3,1,0.9996142006764124,True
3205,3205,1608,0,tfidf+bert+perp,3,0,0.0022090995398285924,True
3206,3206,1608,1,tfidf+bert+perp,3,1,0.9996086074143339,True
3207,3207,1609,0,tfidf+bert+perp,3,0,0.014034391756211394,True
3208,3208,1609,1,tfidf+bert+perp,3,1,0.5601935100381121,True
3209,3209,1610,0,tfidf+bert+perp,3,0,0.0018780864428534693,True
3210,3210,1610,1,tfidf+bert+perp,3,1,0.9984384765060796,True
3211,3211,1611,0,tfidf+bert+perp,3,0,0.0006169378417541932,True
3212,3212,1611,1,tfidf+bert+perp,3,1,0.9946412638489796,True
3213,3213,1612,1,tfidf+bert+perp,3,1,0.9622089498199276,True
3214,3214,1613,0,tfidf+bert+perp,3,0,0.017034341057798302,True
3215,3215,1613,1,tfidf+bert+perp,3,1,0.9989000516582249,True
3216,3216,1614,0,tfidf+bert+perp,3,0,0.06214725143130235,True
3217,3217,1614,1,tfidf+bert+perp,3,1,0.9960657297957994,True
3218,3218,1615,0,tfidf+bert+perp,3,0,0.005085002308090758,True
3219,3219,1615,1,tfidf+bert+perp,3,0,0.3109040174655771,False
3220,3220,1616,0,tfidf+bert+perp,3,0,0.0036975133331120674,True
3221,3221,1616,1,tfidf+bert+perp,3,1,0.9986449914386654,True
3222,3222,1617,0,tfidf+bert+perp,3,0,0.0005033664758980128,True
3223,3223,1617,1,tfidf+bert+perp,3,1,0.9935794727623677,True
3224,3224,1618,0,tfidf+bert+perp,3,0,0.000771074578250142,True
3225,3225,1618,1,tfidf+bert+perp,3,1,0.9693609118995188,True
3226,3226,1619,0,tfidf+bert+perp,3,0,0.002603277734215539,True
3227,3227,1619,1,tfidf+bert+perp,3,1,0.9997727552047112,True
3228,3228,1620,0,tfidf+bert+perp,3,0,0.004057506839844274,True
3229,3229,1620,1,tfidf+bert+perp,3,1,0.9981611148424107,True
3230,3230,1621,0,tfidf+bert+perp,3,0,0.009139080602229115,True
3231,3231,1621,1,tfidf+bert+perp,3,1,0.999521023918258,True
3232,3232,1622,0,tfidf+bert+perp,3,0,0.01229238245743562,True
3233,3233,1622,1,tfidf+bert+perp,3,1,0.9997232149957772,True
3234,3234,1623,0,tfidf+bert+perp,3,0,0.00044758782244973125,True
3235,3235,1623,1,tfidf+bert+perp,3,1,0.9775164797377252,True
3236,3236,1624,0,tfidf+bert+perp,3,0,0.018422477879177418,True
3237,3237,1624,1,tfidf+bert+perp,3,1,0.9955258852655277,True
3238,3238,1625,0,tfidf+bert+perp,3,0,0.0014112654064391624,True
3239,3239,1625,1,tfidf+bert+perp,3,1,0.9998541975459533,True
3240,3240,1626,0,tfidf+bert+perp,3,0,0.0013742776272158215,True
3241,3241,1626,1,tfidf+bert+perp,3,1,0.9962109223759491,True
3242,3242,1627,0,tfidf+bert+perp,3,0,0.01598623328975864,True
3243,3243,1627,1,tfidf+bert+perp,3,1,0.9985165375774173,True
3244,3244,1628,0,tfidf+bert+perp,3,0,0.0047006808491525205,True
3245,3245,1628,1,tfidf+bert+perp,3,1,0.948469057082071,True
3246,3246,1629,0,tfidf+bert+perp,3,0,0.001495071069714832,True
3247,3247,1629,1,tfidf+bert+perp,3,1,0.9484580949413159,True
3248,3248,1630,0,tfidf+bert+perp,3,1,0.6743553207451158,False
3249,3249,1630,1,tfidf+bert+perp,3,1,0.9991197983628027,True
3250,3250,1631,0,tfidf+bert+perp,3,0,0.00858314359612165,True
3251,3251,1631,1,tfidf+bert+perp,3,1,0.9995010968681922,True
3252,3252,1632,0,tfidf+bert+perp,3,1,0.7935815224925941,False
3253,3253,1632,1,tfidf+bert+perp,3,1,0.9970411534386087,True
3254,3254,1633,0,tfidf+bert+perp,3,0,0.002235649248703479,True
3255,3255,1633,1,tfidf+bert+perp,3,1,0.9998900438249007,True
3256,3256,1634,0,tfidf+bert+perp,3,0,0.00015671326094509857,True
3257,3257,1634,1,tfidf+bert+perp,3,0,0.00153088521325499,False
3258,3258,1635,0,tfidf+bert+perp,3,0,0.00048131094159213156,True
3259,3259,1635,1,tfidf+bert+perp,3,1,0.9994904769277221,True
3260,3260,1636,0,tfidf+bert+perp,3,0,0.008685530468203051,True
3261,3261,1636,1,tfidf+bert+perp,3,1,0.9999382790995851,True
3262,3262,1637,0,tfidf+bert+perp,3,0,0.014089427175321747,True
3263,3263,1637,1,tfidf+bert+perp,3,1,0.9999364341207473,True
3264,3264,1638,0,tfidf+bert+perp,3,0,8.382367684563291e-05,True
3265,3265,1638,1,tfidf+bert+perp,3,1,0.9989897407756559,True
3266,3266,1639,0,tfidf+bert+perp,3,0,0.002591939396232544,True
3267,3267,1639,1,tfidf+bert+perp,3,1,0.9997823309630512,True
3268,3268,1640,0,tfidf+bert+perp,3,0,0.00028522411965882743,True
3269,3269,1640,1,tfidf+bert+perp,3,1,0.91963878788637,True
3270,3270,1641,0,tfidf+bert+perp,3,0,0.002379812280753611,True
3271,3271,1641,1,tfidf+bert+perp,3,1,0.9972613124032146,True
3272,3272,1642,0,tfidf+bert+perp,3,0,0.0019883379990660957,True
3273,3273,1642,1,tfidf+bert+perp,3,1,0.9848233022870487,True
3274,3274,1643,0,tfidf+bert+perp,3,0,0.00028216959056066957,True
3275,3275,1643,1,tfidf+bert+perp,3,1,0.9986495374938225,True
3276,3276,1644,0,tfidf+bert+perp,3,0,0.0012849764874559866,True
3277,3277,1644,1,tfidf+bert+perp,3,1,0.9985354170138879,True
3278,3278,1645,0,tfidf+bert+perp,3,1,0.8831749637326418,False
3279,3279,1645,1,tfidf+bert+perp,3,1,0.9946741410120341,True
3280,3280,1646,0,tfidf+bert+perp,3,0,0.035932007682725364,True
3281,3281,1646,1,tfidf+bert+perp,3,1,0.9995717252159758,True
3282,3282,1647,0,tfidf+bert+perp,3,0,0.019127361311370834,True
3283,3283,1647,1,tfidf+bert+perp,3,1,0.9980852594358096,True
3284,3284,1648,0,tfidf+bert+perp,3,0,0.00016833067338775673,True
3285,3285,1648,1,tfidf+bert+perp,3,1,0.9999087145775173,True
3286,3286,1649,0,tfidf+bert+perp,3,0,0.00047403834257977507,True
3287,3287,1649,1,tfidf+bert+perp,3,1,0.9982069768021701,True
3288,3288,1650,0,tfidf+bert+perp,3,0,0.0009020817631862877,True
3289,3289,1650,1,tfidf+bert+perp,3,1,0.5421589926963012,True
3290,3290,1651,0,tfidf+bert+perp,3,0,0.014876801192199819,True
3291,3291,1651,1,tfidf+bert+perp,3,1,0.9999381131108509,True
3292,3292,1652,0,tfidf+bert+perp,3,0,0.001517835258054414,True
3293,3293,1652,1,tfidf+bert+perp,3,1,0.9954907084001249,True
3294,3294,1653,0,tfidf+bert+perp,3,0,0.03029938387822347,True
3295,3295,1653,1,tfidf+bert+perp,3,1,0.9989394770452604,True
3296,3296,1654,0,tfidf+bert+perp,3,0,0.0002873244233449655,True
3297,3297,1654,1,tfidf+bert+perp,3,1,0.9923147400550286,True
3298,3298,1655,0,tfidf+bert+perp,3,0,0.00013761453681373023,True
3299,3299,1655,1,tfidf+bert+perp,3,1,0.9983149676417897,True
3300,3300,1656,0,tfidf+bert+perp,3,0,0.004648112784545785,True
3301,3301,1656,1,tfidf+bert+perp,3,1,0.796194296952604,True
3302,3302,1657,0,tfidf+bert+perp,3,0,0.001186404639312055,True
3303,3303,1657,1,tfidf+bert+perp,3,1,0.9991491949031168,True
3304,3304,1658,0,tfidf+bert+perp,3,0,0.33035851484251105,True
3305,3305,1658,1,tfidf+bert+perp,3,1,0.9967741726231213,True
3306,3306,1659,0,tfidf+bert+perp,3,0,0.0005848906652511119,True
3307,3307,1659,1,tfidf+bert+perp,3,1,0.9994004529475025,True
3308,3308,1660,0,tfidf+bert+perp,3,0,0.06333388701855769,True
3309,3309,1660,1,tfidf+bert+perp,3,1,0.9997407344699626,True
3310,3310,1661,0,tfidf+bert+perp,3,0,0.00030453105199587346,True
3311,3311,1661,1,tfidf+bert+perp,3,1,0.9946814273603267,True
3312,3312,1662,0,tfidf+bert+perp,3,0,0.09011277407052033,True
3313,3313,1662,1,tfidf+bert+perp,3,1,0.9990891597470827,True
3314,3314,1663,0,tfidf+bert+perp,3,0,0.0018643763806163182,True
3315,3315,1663,1,tfidf+bert+perp,3,1,0.9996090286520348,True
3316,3316,1664,0,tfidf+bert+perp,3,0,0.040452783426957,True
3317,3317,1664,1,tfidf+bert+perp,3,1,0.9734036215974727,True
3318,3318,1665,0,tfidf+bert+perp,3,0,0.0012703474352979316,True
3319,3319,1665,1,tfidf+bert+perp,3,1,0.9987750277743442,True
3320,3320,1666,0,tfidf+bert+perp,3,0,0.0010810980325609337,True
3321,3321,1666,1,tfidf+bert+perp,3,1,0.989619766689976,True
3322,3322,1667,0,tfidf+bert+perp,3,0,0.4190818317872138,True
3323,3323,1667,1,tfidf+bert+perp,3,1,0.888988125235176,True
3324,3324,1668,0,tfidf+bert+perp,3,0,0.03092956248262629,True
3325,3325,1668,1,tfidf+bert+perp,3,1,0.993402989779435,True
3326,3326,1669,0,tfidf+bert+perp,3,0,0.005492171980050045,True
3327,3327,1669,1,tfidf+bert+perp,3,1,0.9986875457968074,True
3328,3328,1670,0,tfidf+bert+perp,3,0,0.0017973183798969592,True
3329,3329,1670,1,tfidf+bert+perp,3,1,0.9947826829343966,True
3330,3330,1671,0,tfidf+bert+perp,3,0,0.0005697456848962065,True
3331,3331,1671,1,tfidf+bert+perp,3,1,0.9986668461423853,True
3332,3332,1672,0,tfidf+bert+perp,3,0,0.00017935511695927123,True
3333,3333,1672,1,tfidf+bert+perp,3,1,0.9996482064723806,True
3334,3334,1673,0,tfidf+bert+perp,3,0,0.03473707570726348,True
3335,3335,1673,1,tfidf+bert+perp,3,1,0.9951705057337018,True
3336,3336,1674,0,tfidf+bert+perp,3,0,0.028758986630506137,True
3337,3337,1674,1,tfidf+bert+perp,3,1,0.9983846649420147,True
3338,3338,1675,0,tfidf+bert+perp,3,0,0.0006741635989088883,True
3339,3339,1675,1,tfidf+bert+perp,3,1,0.9969431567425165,True
3340,3340,1676,0,tfidf+bert+perp,3,0,0.005876661349567793,True
3341,3341,1676,1,tfidf+bert+perp,3,1,0.9909463095568224,True
3342,3342,1677,0,tfidf+bert+perp,3,0,0.004827050469235552,True
3343,3343,1677,1,tfidf+bert+perp,3,1,0.9845246861057952,True
3344,3344,1678,0,tfidf+bert+perp,3,0,0.0009858857351759955,True
3345,3345,1678,1,tfidf+bert+perp,3,1,0.9883127787119407,True
3346,3346,1679,0,tfidf+bert+perp,3,0,0.001934153082996386,True
3347,3347,1679,1,tfidf+bert+perp,3,1,0.9994609153013603,True
3348,3348,1680,0,tfidf+bert+perp,3,0,0.001657243654522317,True
3349,3349,1680,1,tfidf+bert+perp,3,1,0.9998270053770204,True
3350,3350,1681,0,tfidf+bert+perp,3,0,0.0553359388062743,True
3351,3351,1681,1,tfidf+bert+perp,3,1,0.5638378981266812,True
3352,3352,1682,0,tfidf+bert+perp,3,0,0.00020532515079877474,True
3353,3353,1682,1,tfidf+bert+perp,3,1,0.9991384650948233,True
3354,3354,1683,0,tfidf+bert+perp,3,0,0.001061627550380423,True
3355,3355,1683,1,tfidf+bert+perp,3,1,0.9731805802396328,True
3356,3356,1684,0,tfidf+bert+perp,3,0,0.0030059329533586626,True
3357,3357,1684,1,tfidf+bert+perp,3,1,0.9992704298597105,True
3358,3358,1685,0,tfidf+bert+perp,3,0,0.014768761579351206,True
3359,3359,1685,1,tfidf+bert+perp,3,1,0.7602478666391617,True
3360,3360,1686,1,tfidf+bert+perp,3,1,0.9803947711158206,True
3361,3361,1687,0,tfidf+bert+perp,3,0,0.0870286851826045,True
3362,3362,1687,1,tfidf+bert+perp,3,1,0.987544384663121,True
3363,3363,1688,0,tfidf+bert+perp,3,0,0.08038003592063138,True
3364,3364,1688,1,tfidf+bert+perp,3,1,0.9987973919084795,True
3365,3365,1689,0,tfidf+bert+perp,3,0,0.0366329433737365,True
3366,3366,1689,1,tfidf+bert+perp,3,1,0.9995916610558976,True
3367,3367,1690,0,tfidf+bert+perp,3,0,0.05180167911813117,True
3368,3368,1690,1,tfidf+bert+perp,3,1,0.9995400575016101,True
3369,3369,1691,0,tfidf+bert+perp,3,0,0.005414393967051334,True
3370,3370,1691,1,tfidf+bert+perp,3,1,0.9986753917586061,True
3371,3371,1692,0,tfidf+bert+perp,3,0,0.0010646177395065588,True
3372,3372,1692,1,tfidf+bert+perp,3,1,0.9322881401630018,True
3373,3373,1693,0,tfidf+bert+perp,3,0,0.002425288205578957,True
3374,3374,1693,1,tfidf+bert+perp,3,1,0.9979521523268523,True
3375,3375,1694,0,tfidf+bert+perp,3,0,0.012027991017073063,True
3376,3376,1694,1,tfidf+bert+perp,3,1,0.9994628478699705,True
3377,3377,1695,0,tfidf+bert+perp,3,0,0.022616981421565728,True
3378,3378,1695,1,tfidf+bert+perp,3,1,0.9997069034681026,True
3379,3379,1696,0,tfidf+bert+perp,3,0,0.0035308368639326033,True
3380,3380,1696,1,tfidf+bert+perp,3,1,0.9944361578517175,True
3381,3381,1697,0,tfidf+bert+perp,3,0,0.0038733050707334404,True
3382,3382,1697,1,tfidf+bert+perp,3,1,0.9996825706216843,True
3383,3383,1698,0,tfidf+bert+perp,3,0,0.009181843144500573,True
3384,3384,1698,1,tfidf+bert+perp,3,1,0.9963907667644042,True
3385,3385,1699,0,tfidf+bert+perp,3,0,0.004622729135615033,True
3386,3386,1699,1,tfidf+bert+perp,3,1,0.9967130619453307,True
3387,3387,1700,0,tfidf+bert+perp,3,0,0.0004135796300702854,True
3388,3388,1700,1,tfidf+bert+perp,3,1,0.9985490774081578,True
3389,3389,1701,0,tfidf+bert+perp,3,0,0.001328294354040783,True
3390,3390,1701,1,tfidf+bert+perp,3,1,0.9116333801219175,True
3391,3391,1702,0,tfidf+bert+perp,3,0,0.009012267713889317,True
3392,3392,1702,1,tfidf+bert+perp,3,1,0.9984086904245678,True
3393,3393,1703,0,tfidf+bert+perp,3,0,0.3505763867153789,True
3394,3394,1703,1,tfidf+bert+perp,3,1,0.9567032078035514,True
3395,3395,1704,0,tfidf+bert+perp,3,0,0.0011979681245876022,True
3396,3396,1704,1,tfidf+bert+perp,3,1,0.9994407912070201,True
3397,3397,1705,0,tfidf+bert+perp,3,0,0.011320372101232672,True
3398,3398,1705,1,tfidf+bert+perp,3,0,0.05763191731196057,False
3399,3399,1706,0,tfidf+bert+perp,3,0,0.0023594085815152,True
3400,3400,1706,1,tfidf+bert+perp,3,1,0.9999419260813068,True
3401,3401,1707,0,tfidf+bert+perp,3,1,0.6508639262874714,False
3402,3402,1707,1,tfidf+bert+perp,3,1,0.9999541344410342,True
3403,3403,1708,0,tfidf+bert+perp,3,0,0.12440897889060837,True
3404,3404,1708,1,tfidf+bert+perp,3,1,0.9986976742472403,True
3405,3405,1709,0,tfidf+bert+perp,3,0,0.002649485727842384,True
3406,3406,1709,1,tfidf+bert+perp,3,1,0.6966842748284895,True
3407,3407,1710,0,tfidf+bert+perp,3,0,0.001777793674046271,True
3408,3408,1710,1,tfidf+bert+perp,3,1,0.6827255334906871,True
3409,3409,1711,0,tfidf+bert+perp,3,0,0.0013570276470672817,True
3410,3410,1711,1,tfidf+bert+perp,3,1,0.9985482097729487,True
3411,3411,1712,0,tfidf+bert+perp,3,0,0.06073434862569647,True
3412,3412,1712,1,tfidf+bert+perp,3,1,0.9988007474510531,True
3413,3413,1713,0,tfidf+bert+perp,3,0,0.0009786019147498663,True
3414,3414,1713,1,tfidf+bert+perp,3,1,0.9985241486602077,True
3415,3415,1714,0,tfidf+bert+perp,3,0,0.007254798768804241,True
3416,3416,1714,1,tfidf+bert+perp,3,1,0.9960958190483619,True
3417,3417,1715,0,tfidf+bert+perp,3,0,0.008564804044032507,True
3418,3418,1715,1,tfidf+bert+perp,3,1,0.9987770201908415,True
3419,3419,1716,0,tfidf+bert+perp,3,0,0.001990705791050661,True
3420,3420,1716,1,tfidf+bert+perp,3,1,0.9994115159846274,True
3421,3421,1717,0,tfidf+bert+perp,3,0,0.00016887141687372593,True
3422,3422,1717,1,tfidf+bert+perp,3,1,0.9843487908987081,True
3423,3423,1718,0,tfidf+bert+perp,3,0,0.0025489400260468075,True
3424,3424,1718,1,tfidf+bert+perp,3,1,0.9997103314112443,True
3425,3425,1719,0,tfidf+bert+perp,3,0,0.023015619065516645,True
3426,3426,1719,1,tfidf+bert+perp,3,1,0.9990343008404996,True
3427,3427,1720,0,tfidf+bert+perp,3,0,0.0036464962081383012,True
3428,3428,1720,1,tfidf+bert+perp,3,1,0.9983100619794074,True
3429,3429,1721,0,tfidf+bert+perp,3,0,0.06328990714750811,True
3430,3430,1721,1,tfidf+bert+perp,3,1,0.9610019234252225,True
3431,3431,1722,0,tfidf+bert+perp,3,0,0.001167345523436,True
3432,3432,1722,1,tfidf+bert+perp,3,1,0.9566897965076581,True
3433,3433,1723,0,tfidf+bert+perp,3,0,0.00247812613244147,True
3434,3434,1723,1,tfidf+bert+perp,3,1,0.999777188714542,True
3435,3435,1724,0,tfidf+bert+perp,3,0,0.018790036995594454,True
3436,3436,1724,1,tfidf+bert+perp,3,1,0.9994999054269323,True
3437,3437,1725,0,tfidf+bert+perp,3,0,0.015827228022674375,True
3438,3438,1725,1,tfidf+bert+perp,3,1,0.9984977309418641,True
3439,3439,1726,0,tfidf+bert+perp,3,0,0.0020327897193707974,True
3440,3440,1726,1,tfidf+bert+perp,3,0,0.3449178649318164,False
3441,3441,1727,0,tfidf+bert+perp,3,0,0.0032217174599249274,True
3442,3442,1727,1,tfidf+bert+perp,3,1,0.999560931222389,True
3443,3443,1728,0,tfidf+bert+perp,3,0,0.007211212570733297,True
3444,3444,1728,1,tfidf+bert+perp,3,1,0.9975395890221415,True
3445,3445,1729,0,tfidf+bert+perp,3,0,0.000686976337440774,True
3446,3446,1729,1,tfidf+bert+perp,3,0,0.2959257969164281,False
3447,3447,1730,0,tfidf+bert+perp,3,0,0.004748211868165607,True
3448,3448,1730,1,tfidf+bert+perp,3,1,0.9977261004957123,True
3449,3449,1731,0,tfidf+bert+perp,3,0,0.0013564942213318382,True
3450,3450,1731,1,tfidf+bert+perp,3,1,0.9979508933838697,True
3451,3451,1732,0,tfidf+bert+perp,3,0,0.032925332482129435,True
3452,3452,1732,1,tfidf+bert+perp,3,1,0.7383883080481146,True
3453,3453,1733,0,tfidf+bert+perp,3,0,0.00036302566068168157,True
3454,3454,1733,1,tfidf+bert+perp,3,1,0.9997951438730113,True
3455,3455,1734,0,tfidf+bert+perp,3,0,0.040162700812687246,True
3456,3456,1734,1,tfidf+bert+perp,3,1,0.9893492768958746,True
3457,3457,1735,0,tfidf+bert+perp,3,0,8.668228754915415e-05,True
3458,3458,1735,1,tfidf+bert+perp,3,1,0.9221799002121412,True
3459,3459,1736,0,tfidf+bert+perp,3,0,0.0013622911142707299,True
3460,3460,1736,1,tfidf+bert+perp,3,1,0.8291430664679446,True
3461,3461,1737,0,tfidf+bert+perp,3,0,0.0006441043108221559,True
3462,3462,1737,1,tfidf+bert+perp,3,1,0.9767779855470026,True
3463,3463,1738,0,tfidf+bert+perp,3,0,0.007958752641036303,True
3464,3464,1738,1,tfidf+bert+perp,3,1,0.99969964077391,True
3465,3465,1739,0,tfidf+bert+perp,3,0,0.009300020951386627,True
3466,3466,1739,1,tfidf+bert+perp,3,1,0.9853464085068652,True
3467,3467,1740,0,tfidf+bert+perp,3,0,0.00037041113380626296,True
3468,3468,1740,1,tfidf+bert+perp,3,1,0.9998385621150105,True
3469,3469,1741,0,tfidf+bert+perp,3,0,0.12888264924309728,True
3470,3470,1741,1,tfidf+bert+perp,3,1,0.9997537978661171,True
3471,3471,1742,0,tfidf+bert+perp,3,0,0.0008339533875456801,True
3472,3472,1742,1,tfidf+bert+perp,3,1,0.9618096824780168,True
3473,3473,1743,0,tfidf+bert+perp,3,0,0.0013326842475963594,True
3474,3474,1743,1,tfidf+bert+perp,3,1,0.991295654358189,True
3475,3475,1744,0,tfidf+bert+perp,3,0,0.0005463753345941201,True
3476,3476,1744,1,tfidf+bert+perp,3,1,0.9958975895750355,True
3477,3477,1745,0,tfidf+bert+perp,3,0,0.0005099876732741046,True
3478,3478,1745,1,tfidf+bert+perp,3,1,0.9448978378621321,True
3479,3479,1746,0,tfidf+bert+perp,3,0,0.0024423600458956065,True
3480,3480,1746,1,tfidf+bert+perp,3,1,0.9742649567649261,True
3481,3481,1747,0,tfidf+bert+perp,3,0,0.30079461696202414,True
3482,3482,1747,1,tfidf+bert+perp,3,1,0.9932866506529592,True
3483,3483,1748,0,tfidf+bert+perp,3,0,0.006520865887742957,True
3484,3484,1748,1,tfidf+bert+perp,3,1,0.9985010233419445,True
3485,3485,1749,0,tfidf+bert+perp,3,0,0.0011539415333793736,True
3486,3486,1749,1,tfidf+bert+perp,3,1,0.9992487081109674,True
3487,3487,1750,0,tfidf+bert+perp,3,0,0.004958269985564412,True
3488,3488,1750,1,tfidf+bert+perp,3,1,0.9974088264579427,True
3489,3489,1751,0,tfidf+bert+perp,3,0,0.007486642426649985,True
3490,3490,1751,1,tfidf+bert+perp,3,1,0.996051683458073,True
3491,3491,1752,0,tfidf+bert+perp,3,0,0.0038457554073446443,True
3492,3492,1752,1,tfidf+bert+perp,3,1,0.9263647593821674,True
3493,3493,1753,0,tfidf+bert+perp,3,0,0.0021811767769614287,True
3494,3494,1753,1,tfidf+bert+perp,3,1,0.9960945453381783,True
3495,3495,1754,1,tfidf+bert+perp,3,1,0.9997733181522611,True
3496,3496,1755,0,tfidf+bert+perp,3,0,0.004131910497770605,True
3497,3497,1755,1,tfidf+bert+perp,3,0,0.37388591256727427,False
3498,3498,1756,0,tfidf+bert+perp,3,0,0.008412195217267476,True
3499,3499,1756,1,tfidf+bert+perp,3,1,0.9989272188338881,True
3500,3500,1757,0,tfidf+bert+perp,3,0,0.16784311041326666,True
3501,3501,1757,1,tfidf+bert+perp,3,1,0.9708136975520468,True
3502,3502,1758,0,tfidf+bert+perp,3,0,0.00029150669689374066,True
3503,3503,1758,1,tfidf+bert+perp,3,1,0.9972646154111996,True
3504,3504,1759,0,tfidf+bert+perp,3,0,0.0007295032445209514,True
3505,3505,1759,1,tfidf+bert+perp,3,1,0.9992675204435575,True
3506,3506,1760,0,tfidf+bert+perp,3,0,0.0011326451915477725,True
3507,3507,1760,1,tfidf+bert+perp,3,1,0.987448319699086,True
3508,3508,1761,0,tfidf+bert+perp,3,0,0.2145455569251863,True
3509,3509,1761,1,tfidf+bert+perp,3,1,0.9974508586935326,True
3510,3510,1762,0,tfidf+bert+perp,3,0,0.004928953752902207,True
3511,3511,1762,1,tfidf+bert+perp,3,1,0.9756853713801501,True
3512,3512,1763,0,tfidf+bert+perp,3,0,0.0005134033114567316,True
3513,3513,1763,1,tfidf+bert+perp,3,1,0.9941010937995522,True
3514,3514,1764,0,tfidf+bert+perp,3,0,0.18790912628563347,True
3515,3515,1764,1,tfidf+bert+perp,3,1,0.9992077703173711,True
3516,3516,1765,0,tfidf+bert+perp,3,0,0.027040048517275723,True
3517,3517,1765,1,tfidf+bert+perp,3,1,0.9975576671264109,True
3518,3518,1766,0,tfidf+bert+perp,3,0,0.0010777979959843325,True
3519,3519,1766,1,tfidf+bert+perp,3,1,0.9997133153351423,True
3520,3520,1767,0,tfidf+bert+perp,3,0,0.3863561320553593,True
3521,3521,1767,1,tfidf+bert+perp,3,1,0.9994166201686389,True
3522,3522,1768,0,tfidf+bert+perp,3,0,0.024123932927312595,True
3523,3523,1768,1,tfidf+bert+perp,3,1,0.9774123613569038,True
3524,3524,1769,0,tfidf+bert+perp,3,0,0.0013530725454334062,True
3525,3525,1769,1,tfidf+bert+perp,3,1,0.9995937362235271,True
3526,3526,1770,0,tfidf+bert+perp,3,0,0.00010933012692435309,True
3527,3527,1770,1,tfidf+bert+perp,3,1,0.9995216858818371,True
3528,3528,1771,0,tfidf+bert+perp,3,0,0.00015605092316996956,True
3529,3529,1771,1,tfidf+bert+perp,3,1,0.9955224410627909,True
3530,3530,1772,0,tfidf+bert+perp,3,0,0.03669699121181179,True
3531,3531,1772,1,tfidf+bert+perp,3,1,0.9998296315667473,True
3532,3532,1773,0,tfidf+bert+perp,3,0,0.005274976705398553,True
3533,3533,1773,1,tfidf+bert+perp,3,1,0.7780814483803968,True
3534,3534,1774,0,tfidf+bert+perp,3,0,0.06351952251262247,True
3535,3535,1774,1,tfidf+bert+perp,3,1,0.9883955776491411,True
3536,3536,1775,0,tfidf+bert+perp,3,0,0.0002976660067589553,True
3537,3537,1775,1,tfidf+bert+perp,3,1,0.9978617945842234,True
3538,3538,1776,0,tfidf+bert+perp,3,0,0.00023397318097815364,True
3539,3539,1776,1,tfidf+bert+perp,3,1,0.9846629036706522,True
3540,3540,1777,0,tfidf+bert+perp,3,0,0.0003050129161924483,True
3541,3541,1777,1,tfidf+bert+perp,3,1,0.999626459295079,True
3542,3542,1778,0,tfidf+bert+perp,3,0,7.009643141442911e-05,True
3543,3543,1778,1,tfidf+bert+perp,3,0,0.05806681195256827,False
3544,3544,1779,0,tfidf+bert+perp,3,0,0.0004084133284079569,True
3545,3545,1779,1,tfidf+bert+perp,3,1,0.9941418333891991,True
3546,3546,1780,0,tfidf+bert+perp,3,0,0.00016638325397505503,True
3547,3547,1780,1,tfidf+bert+perp,3,1,0.9995159388752083,True
3548,3548,1781,0,tfidf+bert+perp,3,0,0.0029018929588507463,True
3549,3549,1781,1,tfidf+bert+perp,3,1,0.9719821948665945,True
3550,3550,1782,0,tfidf+bert+perp,3,0,0.009696710832190258,True
3551,3551,1782,1,tfidf+bert+perp,3,1,0.997050637351669,True
3552,3552,1783,0,tfidf+bert+perp,3,0,0.0016414154850218714,True
3553,3553,1783,1,tfidf+bert+perp,3,1,0.9891174566953728,True
3554,3554,1784,0,tfidf+bert+perp,3,0,0.010942114684396102,True
3555,3555,1784,1,tfidf+bert+perp,3,1,0.8968850168505561,True
3556,3556,1785,0,tfidf+bert+perp,3,0,0.0007367044922485732,True
3557,3557,1785,1,tfidf+bert+perp,3,1,0.9974033978925132,True
3558,3558,1786,0,tfidf+bert+perp,3,0,0.00896888581864674,True
3559,3559,1786,1,tfidf+bert+perp,3,1,0.9991972203402083,True
3560,3560,1787,0,tfidf+bert+perp,3,0,0.057187085334506914,True
3561,3561,1787,1,tfidf+bert+perp,3,1,0.9976311067365367,True
3562,3562,1788,0,tfidf+bert+perp,3,0,0.2042159596278545,True
3563,3563,1788,1,tfidf+bert+perp,3,1,0.9958163769250777,True
3564,3564,1789,0,tfidf+bert+perp,3,0,0.005197168209510425,True
3565,3565,1789,1,tfidf+bert+perp,3,1,0.9965226452452322,True
3566,3566,1790,0,tfidf+bert+perp,3,0,0.0005889286309026439,True
3567,3567,1790,1,tfidf+bert+perp,3,1,0.9998655034060858,True
3568,3568,1791,0,tfidf+bert+perp,3,0,0.00015702324714604512,True
3569,3569,1791,1,tfidf+bert+perp,3,1,0.9996884983857067,True
3570,3570,1792,0,tfidf+bert+perp,3,0,0.05066239394164338,True
3571,3571,1792,1,tfidf+bert+perp,3,1,0.9970020914286577,True
3572,3572,1793,0,tfidf+bert+perp,3,0,0.05058560823136998,True
3573,3573,1793,1,tfidf+bert+perp,3,1,0.9998394707027153,True
3574,3574,1794,0,tfidf+bert+perp,3,0,4.1223339851086714e-05,True
3575,3575,1794,1,tfidf+bert+perp,3,1,0.6976721622953088,True
3576,3576,1795,0,tfidf+bert+perp,3,0,0.0011464316256428833,True
3577,3577,1795,1,tfidf+bert+perp,3,1,0.9980581223397742,True
3578,3578,1796,0,tfidf+bert+perp,3,0,0.0026799949539300996,True
3579,3579,1796,1,tfidf+bert+perp,3,1,0.9947525844697399,True
3580,3580,1797,0,tfidf+bert+perp,3,0,0.0029809251089560587,True
3581,3581,1797,1,tfidf+bert+perp,3,1,0.9978444076833367,True
3582,3582,1798,0,tfidf+bert+perp,3,1,0.7555101985370988,False
3583,3583,1798,1,tfidf+bert+perp,3,1,0.9993704227344641,True
3584,3584,1799,0,tfidf+bert+perp,3,0,0.002237898286165593,True
3585,3585,1799,1,tfidf+bert+perp,3,1,0.9952698092229886,True
3586,3586,1800,0,tfidf+bert+perp,3,0,0.0059673901881642484,True
3587,3587,1800,1,tfidf+bert+perp,3,1,0.999105984626268,True
3588,3588,1801,0,tfidf+bert+perp,3,0,0.2503327412380374,True
3589,3589,1801,1,tfidf+bert+perp,3,1,0.9620608230250071,True
3590,3590,1802,0,tfidf+bert+perp,3,0,0.004234313968300796,True
3591,3591,1802,1,tfidf+bert+perp,3,1,0.9961519960100741,True
3592,3592,1803,0,tfidf+bert+perp,3,0,0.00026904248121137174,True
3593,3593,1803,1,tfidf+bert+perp,3,1,0.9998260965789391,True
3594,3594,1804,0,tfidf+bert+perp,3,0,0.00881238514497368,True
3595,3595,1804,1,tfidf+bert+perp,3,1,0.999799637666103,True
3596,3596,1805,0,tfidf+bert+perp,3,0,0.1661262254750718,True
3597,3597,1805,1,tfidf+bert+perp,3,1,0.9999547408838894,True
3598,3598,1806,0,tfidf+bert+perp,3,0,0.19748828058787146,True
3599,3599,1806,1,tfidf+bert+perp,3,1,0.9974124746879899,True
3600,3600,1807,0,tfidf+bert+perp,3,0,0.025782300028088404,True
3601,3601,1807,1,tfidf+bert+perp,3,1,0.998945735949695,True
3602,3602,1808,0,tfidf+bert+perp,3,0,0.027533105280449374,True
3603,3603,1808,1,tfidf+bert+perp,3,1,0.9993463994134187,True
3604,3604,1809,0,tfidf+bert+perp,3,0,0.0026467794853816556,True
3605,3605,1809,1,tfidf+bert+perp,3,1,0.8690248214810313,True
3606,3606,1810,0,tfidf+bert+perp,3,0,0.016402442543460658,True
3607,3607,1810,1,tfidf+bert+perp,3,1,0.9984223551633228,True
3608,3608,1811,0,tfidf+bert+perp,3,0,0.23592817844853714,True
3609,3609,1811,1,tfidf+bert+perp,3,1,0.9997505804192677,True
3610,3610,1812,0,tfidf+bert+perp,3,0,0.008004385869318719,True
3611,3611,1812,1,tfidf+bert+perp,3,1,0.998532770648443,True
3612,3612,1813,0,tfidf+bert+perp,3,0,0.2834033583692835,True
3613,3613,1813,1,tfidf+bert+perp,3,1,0.9998633328985627,True
3614,3614,1814,0,tfidf+bert+perp,3,0,0.010565108387515216,True
3615,3615,1814,1,tfidf+bert+perp,3,1,0.9871418940518369,True
3616,3616,1815,0,tfidf+bert+perp,3,0,0.0005332445316896728,True
3617,3617,1815,1,tfidf+bert+perp,3,1,0.9918450617221916,True
3618,3618,1816,0,tfidf+bert+perp,3,0,0.0005855069375428674,True
3619,3619,1816,1,tfidf+bert+perp,3,1,0.9954422683116589,True
3620,3620,1817,0,tfidf+bert+perp,3,0,0.0004945229084160164,True
3621,3621,1817,1,tfidf+bert+perp,3,1,0.9931330040840117,True
3622,3622,1818,0,tfidf+bert+perp,3,0,0.00045774720503626606,True
3623,3623,1818,1,tfidf+bert+perp,3,1,0.9993742118990873,True
3624,3624,1819,0,tfidf+bert+perp,3,0,0.011168539189878523,True
3625,3625,1819,1,tfidf+bert+perp,3,1,0.9996044674126844,True
3626,3626,1820,0,tfidf+bert+perp,3,0,0.0018293634903390572,True
3627,3627,1820,1,tfidf+bert+perp,3,1,0.9997345053393105,True
3628,3628,1821,0,tfidf+bert+perp,3,0,0.013814389560619714,True
3629,3629,1821,1,tfidf+bert+perp,3,1,0.9733752325483385,True
3630,3630,1822,0,tfidf+bert+perp,3,0,0.0023232953674787683,True
3631,3631,1822,1,tfidf+bert+perp,3,1,0.924955896150592,True
3632,3632,1823,0,tfidf+bert+perp,3,0,0.0004760953515786538,True
3633,3633,1823,1,tfidf+bert+perp,3,1,0.9699579412612939,True
3634,3634,1824,0,tfidf+bert+perp,3,0,0.0102763299428709,True
3635,3635,1824,1,tfidf+bert+perp,3,1,0.9976817585148536,True
3636,3636,1825,0,tfidf+bert+perp,3,0,0.0005157360836389443,True
3637,3637,1825,1,tfidf+bert+perp,3,1,0.9994824160433844,True
3638,3638,1826,0,tfidf+bert+perp,3,0,0.00015944041576683977,True
3639,3639,1826,1,tfidf+bert+perp,3,1,0.9992004946646325,True
3640,3640,1827,0,tfidf+bert+perp,3,0,0.0003800880623262372,True
3641,3641,1827,1,tfidf+bert+perp,3,0,0.01538508039205918,False
3642,3642,1828,0,tfidf+bert+perp,3,0,0.0022254027510113868,True
3643,3643,1828,1,tfidf+bert+perp,3,1,0.9888672219253098,True
3644,3644,1829,0,tfidf+bert+perp,3,0,0.0021154738584684093,True
3645,3645,1829,1,tfidf+bert+perp,3,1,0.9959778582702227,True
3646,3646,1830,0,tfidf+bert+perp,3,0,0.060165900859182005,True
3647,3647,1830,1,tfidf+bert+perp,3,1,0.9949744484492185,True
3648,3648,1831,0,tfidf+bert+perp,3,0,0.020151515070710387,True
3649,3649,1831,1,tfidf+bert+perp,3,1,0.999759668685853,True
3650,3650,1832,0,tfidf+bert+perp,3,0,0.005936607857935028,True
3651,3651,1832,1,tfidf+bert+perp,3,1,0.9845668681062671,True
3652,3652,1833,0,tfidf+bert+perp,3,0,0.04023950172286805,True
3653,3653,1833,1,tfidf+bert+perp,3,1,0.9863957782875387,True
3654,3654,1834,0,tfidf+bert+perp,3,0,0.024897765626743108,True
3655,3655,1834,1,tfidf+bert+perp,3,1,0.9796606069087594,True
3656,3656,1835,0,tfidf+bert+perp,3,0,0.006713287731540086,True
3657,3657,1835,1,tfidf+bert+perp,3,1,0.9984427049180614,True
3658,3658,1836,0,tfidf+bert+perp,3,0,0.000314131637700642,True
3659,3659,1836,1,tfidf+bert+perp,3,1,0.9987218057215805,True
3660,3660,1837,0,tfidf+bert+perp,3,0,0.3527978901416345,True
3661,3661,1837,1,tfidf+bert+perp,3,1,0.9972867339880886,True
3662,3662,1838,0,tfidf+bert+perp,3,0,0.00014177345886610027,True
3663,3663,1838,1,tfidf+bert+perp,3,1,0.998779486181728,True
3664,3664,1839,0,tfidf+bert+perp,3,0,0.006105343907700966,True
3665,3665,1839,1,tfidf+bert+perp,3,0,0.04162323516035707,False
3666,3666,1840,0,tfidf+bert+perp,3,0,0.18259993545104705,True
3667,3667,1840,1,tfidf+bert+perp,3,1,0.9963077975803187,True
3668,3668,1841,0,tfidf+bert+perp,3,0,7.398061223229856e-05,True
3669,3669,1841,1,tfidf+bert+perp,3,1,0.9982199818703305,True
3670,3670,1842,0,tfidf+bert+perp,3,0,0.000795858965982009,True
3671,3671,1842,1,tfidf+bert+perp,3,1,0.9990640386708198,True
3672,3672,1843,0,tfidf+bert+perp,3,0,0.0022470201986431845,True
3673,3673,1843,1,tfidf+bert+perp,3,1,0.9994654007305355,True
3674,3674,1844,0,tfidf+bert+perp,3,0,0.0005815873453132148,True
3675,3675,1844,1,tfidf+bert+perp,3,1,0.9934718351589155,True
3676,3676,1845,0,tfidf+bert+perp,3,0,0.0006283981634398266,True
3677,3677,1845,1,tfidf+bert+perp,3,1,0.9992518099985505,True
3678,3678,1846,0,tfidf+bert+perp,3,0,0.0021627390861489876,True
3679,3679,1846,1,tfidf+bert+perp,3,1,0.999664507082344,True
3680,3680,1847,0,tfidf+bert+perp,3,0,0.002345742465722498,True
3681,3681,1847,1,tfidf+bert+perp,3,1,0.9957426745589283,True
3682,3682,1848,0,tfidf+bert+perp,3,0,0.0007869386877079678,True
3683,3683,1848,1,tfidf+bert+perp,3,1,0.9988060445777098,True
3684,3684,1849,0,tfidf+bert+perp,3,0,0.013729586116459651,True
3685,3685,1849,1,tfidf+bert+perp,3,1,0.9968467285279914,True
3686,3686,1850,0,tfidf+bert+perp,3,0,0.012912670569257417,True
3687,3687,1850,1,tfidf+bert+perp,3,0,0.01121905181314778,False
3688,3688,1851,0,tfidf+bert+perp,3,0,0.004989749923871437,True
3689,3689,1851,1,tfidf+bert+perp,3,1,0.9683113433801662,True
3690,3690,1852,0,tfidf+bert+perp,3,0,0.0004910802100902521,True
3691,3691,1852,1,tfidf+bert+perp,3,1,0.9986082839464031,True
3692,3692,1853,0,tfidf+bert+perp,3,0,0.031180351024952174,True
3693,3693,1853,1,tfidf+bert+perp,3,1,0.933400373577756,True
3694,3694,1854,0,tfidf+bert+perp,3,0,0.0015597401053979406,True
3695,3695,1854,1,tfidf+bert+perp,3,1,0.9937117332849906,True
3696,3696,1855,0,tfidf+bert+perp,3,0,0.000467201107407682,True
3697,3697,1855,1,tfidf+bert+perp,3,1,0.9991946329457608,True
3698,3698,1856,0,tfidf+bert+perp,3,0,0.0018193196625943542,True
3699,3699,1856,1,tfidf+bert+perp,3,1,0.9986900495529056,True
3700,3700,1857,0,tfidf+bert+perp,3,0,0.0006852546842424135,True
3701,3701,1857,1,tfidf+bert+perp,3,1,0.9997781549609049,True
3702,3702,1858,0,tfidf+bert+perp,3,0,0.025853467261140232,True
3703,3703,1858,1,tfidf+bert+perp,3,1,0.9962402788512867,True
3704,3704,1859,0,tfidf+bert+perp,3,0,0.005366272789295073,True
3705,3705,1859,1,tfidf+bert+perp,3,1,0.9865741140314873,True
3706,3706,1860,0,tfidf+bert+perp,3,0,0.000183085220226621,True
3707,3707,1860,1,tfidf+bert+perp,3,0,0.0027291229756306557,False
3708,3708,1861,0,tfidf+bert+perp,3,0,0.00045156657082818006,True
3709,3709,1861,1,tfidf+bert+perp,3,0,0.47038597081865424,False
3710,3710,1862,0,tfidf+bert+perp,3,0,0.0011357938828781987,True
3711,3711,1862,1,tfidf+bert+perp,3,1,0.9995989615310746,True
3712,3712,1863,0,tfidf+bert+perp,3,0,0.0867240950934288,True
3713,3713,1863,1,tfidf+bert+perp,3,1,0.9994573654018405,True
3714,3714,1864,0,tfidf+bert+perp,3,0,0.010030513136000119,True
3715,3715,1864,1,tfidf+bert+perp,3,1,0.99737724579632,True
3716,3716,1865,0,tfidf+bert+perp,3,0,0.006569222531833386,True
3717,3717,1865,1,tfidf+bert+perp,3,1,0.998890860392165,True
3718,3718,1866,0,tfidf+bert+perp,3,0,0.027359986615607866,True
3719,3719,1866,1,tfidf+bert+perp,3,1,0.998808922180529,True
3720,3720,1867,0,tfidf+bert+perp,3,0,0.022190110029496148,True
3721,3721,1867,1,tfidf+bert+perp,3,0,0.23147951244070278,False
3722,3722,1868,0,tfidf+bert+perp,3,0,0.004057574426952117,True
3723,3723,1868,1,tfidf+bert+perp,3,1,0.999908632031439,True
3724,3724,1869,0,tfidf+bert+perp,3,0,0.03311435598057415,True
3725,3725,1869,1,tfidf+bert+perp,3,1,0.9983828710040281,True
3726,3726,1870,0,tfidf+bert+perp,3,0,0.0001487948772211392,True
3727,3727,1870,1,tfidf+bert+perp,3,1,0.9991430566606394,True
3728,3728,1871,0,tfidf+bert+perp,3,0,0.0002818409749522142,True
3729,3729,1871,1,tfidf+bert+perp,3,1,0.9990633788436155,True
3730,3730,1872,0,tfidf+bert+perp,3,1,0.8796079988767843,False
3731,3731,1872,1,tfidf+bert+perp,3,1,0.9940982799654103,True
3732,3732,1873,0,tfidf+bert+perp,3,0,0.00017297898377588338,True
3733,3733,1873,1,tfidf+bert+perp,3,1,0.9922164982888395,True
3734,3734,1874,0,tfidf+bert+perp,3,0,0.00019650546649633495,True
3735,3735,1874,1,tfidf+bert+perp,3,1,0.9988847511713714,True
3736,3736,1875,0,tfidf+bert+perp,3,0,0.0025819903936191158,True
3737,3737,1875,1,tfidf+bert+perp,3,1,0.9974420868987993,True
3738,3738,1876,0,tfidf+bert+perp,3,0,0.0019335946647661716,True
3739,3739,1876,1,tfidf+bert+perp,3,1,0.9990269511817239,True
3740,3740,1877,0,tfidf+bert+perp,3,0,0.008098797472269397,True
3741,3741,1877,1,tfidf+bert+perp,3,1,0.9995639000236711,True
3742,3742,1878,0,tfidf+bert+perp,3,0,0.00011738528681194476,True
3743,3743,1878,1,tfidf+bert+perp,3,1,0.9935377209663196,True
3744,3744,1879,0,tfidf+bert+perp,3,0,0.009521282833728975,True
3745,3745,1879,1,tfidf+bert+perp,3,1,0.6667330619250301,True
3746,3746,1880,0,tfidf+bert+perp,3,0,0.003057013659835407,True
3747,3747,1880,1,tfidf+bert+perp,3,1,0.630189336761893,True
3748,3748,1881,0,tfidf+bert+perp,3,0,0.015133722874698104,True
3749,3749,1881,1,tfidf+bert+perp,3,1,0.9263225079722895,True
3750,3750,1882,0,tfidf+bert+perp,3,0,0.3267024225194049,True
3751,3751,1882,1,tfidf+bert+perp,3,1,0.9992027489828187,True
3752,3752,1883,0,tfidf+bert+perp,3,0,0.00039025495075504694,True
3753,3753,1883,1,tfidf+bert+perp,3,1,0.9958161145775535,True
3754,3754,1884,0,tfidf+bert+perp,3,0,0.023779481991637874,True
3755,3755,1884,1,tfidf+bert+perp,3,1,0.9971119054092507,True
3756,3756,1885,0,tfidf+bert+perp,3,0,0.006312081555664508,True
3757,3757,1885,1,tfidf+bert+perp,3,1,0.999136743115123,True
3758,3758,1886,0,tfidf+bert+perp,3,0,7.009799835427504e-05,True
3759,3759,1886,1,tfidf+bert+perp,3,1,0.886482748866093,True
3760,3760,1887,0,tfidf+bert+perp,3,0,0.0010122787800688278,True
3761,3761,1887,1,tfidf+bert+perp,3,1,0.9997936304217987,True
3762,3762,1888,0,tfidf+bert+perp,3,0,0.010424347723824185,True
3763,3763,1888,1,tfidf+bert+perp,3,1,0.9998263713694425,True
3764,3764,1889,0,tfidf+bert+perp,3,0,0.09280341905328697,True
3765,3765,1889,1,tfidf+bert+perp,3,1,0.9997658845508115,True
3766,3766,1890,0,tfidf+bert+perp,3,0,0.0001747177015200536,True
3767,3767,1890,1,tfidf+bert+perp,3,1,0.9975134400638314,True
3768,3768,1891,0,tfidf+bert+perp,3,0,0.0636982764261639,True
3769,3769,1891,1,tfidf+bert+perp,3,1,0.9941457862180665,True
3770,3770,1892,0,tfidf+bert+perp,3,1,0.8982439187335783,False
3771,3771,1892,1,tfidf+bert+perp,3,1,0.999629929742626,True
3772,3772,1893,0,tfidf+bert+perp,3,0,0.004739449475701654,True
3773,3773,1893,1,tfidf+bert+perp,3,1,0.9947648256518103,True
3774,3774,1894,0,tfidf+bert+perp,3,0,0.0896094688110907,True
3775,3775,1894,1,tfidf+bert+perp,3,1,0.9920627059341189,True
3776,3776,1895,0,tfidf+bert+perp,3,0,0.00016613403921382925,True
3777,3777,1895,1,tfidf+bert+perp,3,1,0.9991511670873656,True
3778,3778,1896,0,tfidf+bert+perp,3,0,0.011358716266030857,True
3779,3779,1896,1,tfidf+bert+perp,3,1,0.9988818120724574,True
3780,3780,1897,0,tfidf+bert+perp,3,1,0.723168340933047,False
3781,3781,1897,1,tfidf+bert+perp,3,1,0.9967861115448208,True
3782,3782,1898,0,tfidf+bert+perp,3,0,0.05932354494268711,True
3783,3783,1898,1,tfidf+bert+perp,3,1,0.9690864067848344,True
3784,3784,1899,0,tfidf+bert+perp,3,0,0.01232550444303426,True
3785,3785,1899,1,tfidf+bert+perp,3,1,0.9936053339931946,True
3786,3786,1900,0,tfidf+bert+perp,3,0,0.24509691846107623,True
3787,3787,1900,1,tfidf+bert+perp,3,1,0.9984863414233679,True
3788,3788,1901,0,tfidf+bert+perp,3,0,0.0011964274578207953,True
3789,3789,1901,1,tfidf+bert+perp,3,1,0.9962029643486844,True
3790,3790,1902,0,tfidf+bert+perp,3,0,0.013220636553710325,True
3791,3791,1902,1,tfidf+bert+perp,3,1,0.9993179756662044,True
3792,3792,1903,0,tfidf+bert+perp,3,0,0.040273605214875885,True
3793,3793,1903,1,tfidf+bert+perp,3,0,0.317685285486047,False
3794,3794,1904,0,tfidf+bert+perp,3,0,0.02179284405493177,True
3795,3795,1904,1,tfidf+bert+perp,3,1,0.9921973613872169,True
3796,3796,1905,0,tfidf+bert+perp,3,0,5.2959738208381256e-05,True
3797,3797,1905,1,tfidf+bert+perp,3,1,0.9882517941333435,True
3798,3798,1906,1,tfidf+bert+perp,3,1,0.9989897019581013,True
3799,3799,1907,0,tfidf+bert+perp,3,0,0.12442016683697636,True
3800,3800,1907,1,tfidf+bert+perp,3,1,0.9939365432865547,True
3801,3801,1908,0,tfidf+bert+perp,3,0,0.02162461819092153,True
3802,3802,1908,1,tfidf+bert+perp,3,1,0.9993114825867878,True
3803,3803,1909,0,tfidf+bert+perp,3,0,0.0005581120805471365,True
3804,3804,1909,1,tfidf+bert+perp,3,1,0.9978748315497061,True
3805,3805,1910,0,tfidf+bert+perp,3,0,0.007909461495564978,True
3806,3806,1910,1,tfidf+bert+perp,3,1,0.9994579907411647,True
3807,3807,1911,0,tfidf+bert+perp,3,0,0.008109476317814258,True
3808,3808,1911,1,tfidf+bert+perp,3,1,0.9979946892618712,True
3809,3809,1912,0,tfidf+bert+perp,3,0,0.00023807928948493508,True
3810,3810,1912,1,tfidf+bert+perp,3,0,0.32470555866984013,False
3811,3811,1913,0,tfidf+bert+perp,3,0,0.040774103677645286,True
3812,3812,1913,1,tfidf+bert+perp,3,1,0.9995410204177039,True
3813,3813,1914,0,tfidf+bert+perp,3,0,0.001727188024545826,True
3814,3814,1914,1,tfidf+bert+perp,3,1,0.9953448977573204,True
3815,3815,1915,0,tfidf+bert+perp,3,0,0.056135335329474484,True
3816,3816,1915,1,tfidf+bert+perp,3,1,0.9995156666099237,True
3817,3817,1916,0,tfidf+bert+perp,3,0,0.010874954014848805,True
3818,3818,1916,1,tfidf+bert+perp,3,1,0.9961462022811364,True
3819,3819,1917,0,tfidf+bert+perp,3,0,0.006108460966884542,True
3820,3820,1917,1,tfidf+bert+perp,3,1,0.9565915135314801,True
3821,3821,1918,0,tfidf+bert+perp,3,0,0.0003300491592619163,True
3822,3822,1918,1,tfidf+bert+perp,3,1,0.9229310243303797,True
3823,3823,1919,0,tfidf+bert+perp,3,0,0.0005014394286786687,True
3824,3824,1919,1,tfidf+bert+perp,3,1,0.9945295099323795,True
3825,3825,1920,0,tfidf+bert+perp,3,0,0.0978289647671937,True
3826,3826,1920,1,tfidf+bert+perp,3,1,0.9998147415077603,True
3827,3827,1921,0,tfidf+bert+perp,3,0,0.0003996538742379183,True
3828,3828,1921,1,tfidf+bert+perp,3,1,0.9936720042734506,True
3829,3829,1922,0,tfidf+bert+perp,3,0,0.010725501370181176,True
3830,3830,1922,1,tfidf+bert+perp,3,1,0.9984690617640759,True
3831,3831,1923,0,tfidf+bert+perp,3,0,0.0003998172162052404,True
3832,3832,1923,1,tfidf+bert+perp,3,1,0.9906260432866354,True
3833,3833,1924,0,tfidf+bert+perp,3,0,0.023123130447075937,True
3834,3834,1924,1,tfidf+bert+perp,3,1,0.9996237145029377,True
3835,3835,1925,0,tfidf+bert+perp,3,0,0.0014148373207382076,True
3836,3836,1925,1,tfidf+bert+perp,3,1,0.99937280650655,True
3837,3837,1926,0,tfidf+bert+perp,3,0,0.001570353828188302,True
3838,3838,1926,1,tfidf+bert+perp,3,1,0.99366817792304,True
3839,3839,1927,0,tfidf+bert+perp,3,0,0.0012892770957197634,True
3840,3840,1927,1,tfidf+bert+perp,3,1,0.9974536881126774,True
3841,3841,1928,0,tfidf+bert+perp,3,0,0.0018966155439555479,True
3842,3842,1928,1,tfidf+bert+perp,3,1,0.7602791977587489,True
3843,3843,1929,0,tfidf+bert+perp,3,0,0.001392868667946913,True
3844,3844,1929,1,tfidf+bert+perp,3,1,0.9999265423710747,True
3845,3845,1930,0,tfidf+bert+perp,3,0,7.611444594593686e-05,True
3846,3846,1930,1,tfidf+bert+perp,3,1,0.9512128380081747,True
3847,3847,1931,0,tfidf+bert+perp,3,0,0.002860481175573473,True
3848,3848,1931,1,tfidf+bert+perp,3,1,0.9828197657218628,True
3849,3849,1932,0,tfidf+bert+perp,3,0,0.41002735902588744,True
3850,3850,1932,1,tfidf+bert+perp,3,1,0.9991548562368983,True
3851,3851,1933,0,tfidf+bert+perp,3,0,0.00015513026329793688,True
3852,3852,1933,1,tfidf+bert+perp,3,1,0.9987288176443507,True
3853,3853,1934,0,tfidf+bert+perp,3,0,0.004804475483853073,True
3854,3854,1934,1,tfidf+bert+perp,3,1,0.9995973534106538,True
3855,3855,1935,0,tfidf+bert+perp,3,0,0.0012738173992933553,True
3856,3856,1935,1,tfidf+bert+perp,3,1,0.9973348168266704,True
3857,3857,1936,0,tfidf+bert+perp,3,0,0.014794088802939902,True
3858,3858,1936,1,tfidf+bert+perp,3,1,0.999729960879406,True
3859,3859,1937,0,tfidf+bert+perp,3,0,0.0017149875703444493,True
3860,3860,1937,1,tfidf+bert+perp,3,1,0.9992725151795985,True
3861,3861,1938,0,tfidf+bert+perp,3,0,0.022189993991473866,True
3862,3862,1938,1,tfidf+bert+perp,3,1,0.9998574664628938,True
3863,3863,1939,0,tfidf+bert+perp,3,0,0.0007382371509342526,True
3864,3864,1939,1,tfidf+bert+perp,3,0,0.4507065741310814,False
3865,3865,1940,0,tfidf+bert+perp,3,0,0.1759767048509399,True
3866,3866,1940,1,tfidf+bert+perp,3,1,0.9951783560066753,True
3867,3867,1941,0,tfidf+bert+perp,3,0,0.035592824301628294,True
3868,3868,1941,1,tfidf+bert+perp,3,1,0.9998158444196006,True
3869,3869,1942,0,tfidf+bert+perp,3,0,0.00416416753311988,True
3870,3870,1942,1,tfidf+bert+perp,3,1,0.9732904758129374,True
3871,3871,1943,0,tfidf+bert+perp,3,0,0.000229569037915654,True
3872,3872,1943,1,tfidf+bert+perp,3,1,0.9916716693792668,True
3873,3873,1944,0,tfidf+bert+perp,3,0,0.005167927702402845,True
3874,3874,1944,1,tfidf+bert+perp,3,1,0.9997918563140643,True
3875,3875,1945,0,tfidf+bert+perp,3,0,0.0003172622346093583,True
3876,3876,1945,1,tfidf+bert+perp,3,1,0.986215544325166,True
3877,3877,1946,0,tfidf+bert+perp,3,0,0.0047642701944742944,True
3878,3878,1946,1,tfidf+bert+perp,3,1,0.994916537055358,True
3879,3879,1947,0,tfidf+bert+perp,3,0,0.00499663641856083,True
3880,3880,1947,1,tfidf+bert+perp,3,1,0.9999121123966491,True
3881,3881,1948,0,tfidf+bert+perp,3,0,0.0005918984970958594,True
3882,3882,1948,1,tfidf+bert+perp,3,1,0.9997945510664702,True
3883,3883,1949,0,tfidf+bert+perp,3,0,0.008801465863788762,True
3884,3884,1949,1,tfidf+bert+perp,3,1,0.9990729827046916,True
3885,3885,1950,0,tfidf+bert+perp,3,0,0.00015349748108651052,True
3886,3886,1950,1,tfidf+bert+perp,3,1,0.9984912099691317,True
3887,3887,1951,0,tfidf+bert+perp,3,0,0.0011396200020464804,True
3888,3888,1951,1,tfidf+bert+perp,3,1,0.9998052946587757,True
3889,3889,1952,0,tfidf+bert+perp,3,0,0.007171918507969286,True
3890,3890,1952,1,tfidf+bert+perp,3,1,0.9855086838337411,True
3891,3891,1953,0,tfidf+bert+perp,3,0,0.00357702001992379,True
3892,3892,1953,1,tfidf+bert+perp,3,1,0.9964394798266115,True
3893,3893,1954,0,tfidf+bert+perp,3,0,0.08510418660894295,True
3894,3894,1954,1,tfidf+bert+perp,3,1,0.9886464025339962,True
3895,3895,1955,0,tfidf+bert+perp,3,0,0.0027679528850953917,True
3896,3896,1955,1,tfidf+bert+perp,3,1,0.9865809074705918,True
3897,3897,1956,0,tfidf+bert+perp,3,0,0.01670205315457161,True
3898,3898,1956,1,tfidf+bert+perp,3,1,0.9966620424057661,True
3899,3899,1957,0,tfidf+bert+perp,3,0,0.0004056897135424998,True
3900,3900,1957,1,tfidf+bert+perp,3,1,0.9900216424000463,True
3901,3901,1958,0,tfidf+bert+perp,3,0,0.0006027386773645952,True
3902,3902,1958,1,tfidf+bert+perp,3,1,0.9992724747725232,True
3903,3903,1959,0,tfidf+bert+perp,3,0,0.0016116160864705679,True
3904,3904,1959,1,tfidf+bert+perp,3,1,0.9321320225311139,True
3905,3905,1960,0,tfidf+bert+perp,3,1,0.5398711076721014,False
3906,3906,1960,1,tfidf+bert+perp,3,1,0.9870540205130417,True
3907,3907,1961,0,tfidf+bert+perp,3,0,0.0004902833075152508,True
3908,3908,1961,1,tfidf+bert+perp,3,1,0.9985722307094548,True
3909,3909,1962,0,tfidf+bert+perp,3,0,0.005692579950066846,True
3910,3910,1962,1,tfidf+bert+perp,3,1,0.9859845451796232,True
3911,3911,1963,0,tfidf+bert+perp,3,0,0.00014126595707061382,True
3912,3912,1963,1,tfidf+bert+perp,3,1,0.9985714171078341,True
3913,3913,1964,0,tfidf+bert+perp,3,0,0.0025221632632422366,True
3914,3914,1964,1,tfidf+bert+perp,3,1,0.9984586677620941,True
3915,3915,1965,0,tfidf+bert+perp,3,0,0.014505535274629984,True
3916,3916,1965,1,tfidf+bert+perp,3,1,0.9996673317712851,True
3917,3917,1966,0,tfidf+bert+perp,3,0,0.0033325268705667395,True
3918,3918,1966,1,tfidf+bert+perp,3,1,0.9999546943791511,True
3919,3919,1967,0,tfidf+bert+perp,3,0,0.08854308393296899,True
3920,3920,1967,1,tfidf+bert+perp,3,1,0.9986263928691518,True
3921,3921,1968,0,tfidf+bert+perp,3,0,0.037679925182107735,True
3922,3922,1968,1,tfidf+bert+perp,3,1,0.9371813434098636,True
3923,3923,1969,0,tfidf+bert+perp,3,0,0.000398828706977577,True
3924,3924,1969,1,tfidf+bert+perp,3,1,0.9965437678481509,True
3925,3925,1970,0,tfidf+bert+perp,3,0,0.001171338907006016,True
3926,3926,1970,1,tfidf+bert+perp,3,1,0.7877153166580073,True
3927,3927,1971,0,tfidf+bert+perp,3,0,0.0002377488054288109,True
3928,3928,1971,1,tfidf+bert+perp,3,1,0.8721168168119053,True
3929,3929,1972,0,tfidf+bert+perp,3,0,0.005800105910644608,True
3930,3930,1972,1,tfidf+bert+perp,3,1,0.9998247212527565,True
3931,3931,1973,0,tfidf+bert+perp,3,0,0.0021810894786715987,True
3932,3932,1973,1,tfidf+bert+perp,3,1,0.9987719970923634,True
3933,3933,1974,0,tfidf+bert+perp,3,0,0.0016031034829833291,True
3934,3934,1974,1,tfidf+bert+perp,3,0,0.26496370318506673,False
3935,3935,1975,0,tfidf+bert+perp,3,0,0.001693873832224728,True
3936,3936,1975,1,tfidf+bert+perp,3,0,0.11118942057184403,False
3937,3937,1976,0,tfidf+bert+perp,3,0,0.0005883861163234151,True
3938,3938,1976,1,tfidf+bert+perp,3,1,0.9991328576573011,True
3939,3939,1977,0,tfidf+bert+perp,3,0,0.0038418147957785653,True
3940,3940,1977,1,tfidf+bert+perp,3,1,0.9959284034531329,True
3941,3941,1978,0,tfidf+bert+perp,3,0,0.14671332318176994,True
3942,3942,1978,1,tfidf+bert+perp,3,1,0.9975120779483236,True
3943,3943,1979,0,tfidf+bert+perp,3,0,0.00044189346249619564,True
3944,3944,1979,1,tfidf+bert+perp,3,1,0.9978796053212083,True
3945,3945,1980,0,tfidf+bert+perp,3,0,0.020802287713367625,True
3946,3946,1980,1,tfidf+bert+perp,3,1,0.9989429801365527,True
3947,3947,1981,0,tfidf+bert+perp,3,0,0.0008442689844403767,True
3948,3948,1981,1,tfidf+bert+perp,3,1,0.9994604110889492,True
3949,3949,1982,0,tfidf+bert+perp,3,0,0.007820678997527891,True
3950,3950,1982,1,tfidf+bert+perp,3,1,0.9928476824801231,True
3951,3951,1983,0,tfidf+bert+perp,3,0,5.418517645541473e-05,True
3952,3952,1983,1,tfidf+bert+perp,3,1,0.9757806594171309,True
3953,3953,1984,0,tfidf+bert+perp,3,0,0.0007396351287917969,True
3954,3954,1984,1,tfidf+bert+perp,3,1,0.9797411568350066,True
3955,3955,1985,0,tfidf+bert+perp,3,0,0.000724415248974865,True
3956,3956,1985,1,tfidf+bert+perp,3,1,0.9770779212710574,True
3957,3957,1986,0,tfidf+bert+perp,3,0,0.00041925834267552824,True
3958,3958,1986,1,tfidf+bert+perp,3,1,0.9717696909684097,True
3959,3959,1987,0,tfidf+bert+perp,3,0,0.0003407912839762645,True
3960,3960,1987,1,tfidf+bert+perp,3,1,0.9986806980941283,True
3961,3961,1988,0,tfidf+bert+perp,3,0,0.0005745535666581233,True
3962,3962,1988,1,tfidf+bert+perp,3,1,0.9991707246931484,True
3963,3963,1989,0,tfidf+bert+perp,3,0,0.004718849439465714,True
3964,3964,1989,1,tfidf+bert+perp,3,1,0.9994106456390792,True
3965,3965,1990,0,tfidf+bert+perp,3,0,0.00794548165233269,True
3966,3966,1990,1,tfidf+bert+perp,3,1,0.9954605469672331,True
3967,3967,1991,0,tfidf+bert+perp,3,0,0.0017439262013389796,True
3968,3968,1991,1,tfidf+bert+perp,3,1,0.999109363349025,True
3969,3969,1992,0,tfidf+bert+perp,3,0,0.0016755254336744774,True
3970,3970,1992,1,tfidf+bert+perp,3,1,0.9970481985943352,True
3971,3971,1993,0,tfidf+bert+perp,3,0,0.01816152272831186,True
3972,3972,1993,1,tfidf+bert+perp,3,1,0.9928899927243198,True
3973,3973,1994,0,tfidf+bert+perp,3,0,0.0001944591127399475,True
3974,3974,1994,1,tfidf+bert+perp,3,0,0.05521599038285214,False
3975,3975,1995,0,tfidf+bert+perp,3,0,0.0020179034310389794,True
3976,3976,1995,1,tfidf+bert+perp,3,1,0.9737766209323084,True
3977,3977,1996,0,tfidf+bert+perp,3,0,0.0010170102630173794,True
3978,3978,1996,1,tfidf+bert+perp,3,1,0.9997816528267625,True
3979,3979,1997,0,tfidf+bert+perp,3,0,0.006928003756429366,True
3980,3980,1997,1,tfidf+bert+perp,3,1,0.9993436397031296,True
3981,3981,1998,0,tfidf+bert+perp,3,0,0.0009403501662190859,True
3982,3982,1998,1,tfidf+bert+perp,3,1,0.9927334603482302,True
3983,3983,1999,0,tfidf+bert+perp,3,0,0.0016572154733757165,True
3984,3984,1999,1,tfidf+bert+perp,3,1,0.9945408826022939,True
3985,3985,2000,0,tfidf+bert+perp,3,0,0.0006209703042109709,True
3986,3986,2000,1,tfidf+bert+perp,3,1,0.9927607557766229,True
3987,3987,2001,0,tfidf+bert+perp,3,0,0.08438844993908366,True
3988,3988,2001,1,tfidf+bert+perp,3,1,0.9930998747512505,True
3989,3989,2002,0,tfidf+bert+perp,3,0,0.067821427646394,True
3990,3990,2002,1,tfidf+bert+perp,3,1,0.9996539142740603,True
3991,3991,2003,0,tfidf+bert+perp,3,0,0.003947421479036494,True
3992,3992,2003,1,tfidf+bert+perp,3,1,0.9986965274727657,True
3993,3993,2004,0,tfidf+bert+perp,3,0,0.0012909780692055056,True
3994,3994,2004,1,tfidf+bert+perp,3,1,0.9981511792745613,True
3995,3995,2005,0,tfidf+bert+perp,3,0,0.00023527173571001218,True
3996,3996,2005,1,tfidf+bert+perp,3,1,0.997426320339826,True
3997,3997,2006,0,tfidf+bert+perp,3,0,0.011785760387433076,True
3998,3998,2006,1,tfidf+bert+perp,3,1,0.9999488489855504,True
3999,3999,2007,0,tfidf+bert+perp,3,0,0.20519606597892992,True
4000,4000,2007,1,tfidf+bert+perp,3,1,0.9965757979870449,True
4001,4001,2008,0,tfidf+bert+perp,3,0,0.002200177010795335,True
4002,4002,2008,1,tfidf+bert+perp,3,1,0.971703982003993,True
4003,4003,2009,0,tfidf+bert+perp,3,0,0.0013972839091761298,True
4004,4004,2009,1,tfidf+bert+perp,3,1,0.9983147099292531,True
4005,4005,2010,0,tfidf+bert+perp,3,0,0.006145318473377433,True
4006,4006,2010,1,tfidf+bert+perp,3,1,0.9978263139015148,True
4007,4007,2011,0,tfidf+bert+perp,3,0,0.0027659602865756157,True
4008,4008,2011,1,tfidf+bert+perp,3,1,0.9948928092455728,True
4009,4009,2012,0,tfidf+bert+perp,3,0,0.3136572925161662,True
4010,4010,2012,1,tfidf+bert+perp,3,1,0.9996352006604824,True
4011,4011,2013,0,tfidf+bert+perp,3,0,0.001108268835506086,True
4012,4012,2013,1,tfidf+bert+perp,3,1,0.9960602413360352,True
4013,4013,2014,0,tfidf+bert+perp,3,0,0.01799555917222675,True
4014,4014,2014,1,tfidf+bert+perp,3,1,0.9996096933260846,True
4015,4015,2015,0,tfidf+bert+perp,3,0,0.13516948091003722,True
4016,4016,2015,1,tfidf+bert+perp,3,1,0.9996561926162529,True
4017,4017,2016,0,tfidf+bert+perp,3,0,0.0004322769487753829,True
4018,4018,2016,1,tfidf+bert+perp,3,1,0.9088884840922653,True
4019,4019,2017,0,tfidf+bert+perp,3,0,0.0016621873100288208,True
4020,4020,2017,1,tfidf+bert+perp,3,1,0.9994769664426972,True
4021,4021,2018,0,tfidf+bert+perp,3,0,0.03410965782526975,True
4022,4022,2018,1,tfidf+bert+perp,3,1,0.9994812372060424,True
4023,4023,2019,0,tfidf+bert+perp,3,0,0.012738101585722023,True
4024,4024,2019,1,tfidf+bert+perp,3,1,0.9907706183698335,True
4025,4025,2020,0,tfidf+bert+perp,3,0,0.007177610804488151,True
4026,4026,2020,1,tfidf+bert+perp,3,1,0.9913458074762036,True
4027,4027,2021,0,tfidf+bert+perp,3,0,0.0015460894438663623,True
4028,4028,2021,1,tfidf+bert+perp,3,1,0.9981270328105992,True
4029,4029,2022,0,tfidf+bert+perp,3,0,2.614275477423838e-05,True
4030,4030,2022,1,tfidf+bert+perp,3,1,0.9998523723260019,True
4031,4031,2023,0,tfidf+bert+perp,3,0,0.02127181075069543,True
4032,4032,2023,1,tfidf+bert+perp,3,1,0.9898425599084449,True
4033,4033,2024,0,tfidf+bert+perp,3,0,0.013325289196377033,True
4034,4034,2024,1,tfidf+bert+perp,3,1,0.9996605399918662,True
4035,4035,2025,0,tfidf+bert+perp,3,0,0.011617985358013718,True
4036,4036,2025,1,tfidf+bert+perp,3,1,0.8878307372266873,True
4037,4037,2026,0,tfidf+bert+perp,3,0,0.027300395723512706,True
4038,4038,2026,1,tfidf+bert+perp,3,1,0.9994560422798755,True
4039,4039,2027,0,tfidf+bert+perp,3,0,0.0019513648569669578,True
4040,4040,2027,1,tfidf+bert+perp,3,1,0.9983155400359015,True
4041,4041,2028,0,tfidf+bert+perp,3,0,0.0039896325290545665,True
4042,4042,2028,1,tfidf+bert+perp,3,1,0.9999039128090533,True
4043,4043,2029,0,tfidf+bert+perp,3,0,0.00022855550242018388,True
4044,4044,2029,1,tfidf+bert+perp,3,1,0.9989232862725644,True
4045,4045,2030,0,tfidf+bert+perp,3,1,0.6423033898751803,False
4046,4046,2030,1,tfidf+bert+perp,3,1,0.9971534232692387,True
4047,4047,2031,0,tfidf+bert+perp,3,0,0.013918942220098226,True
4048,4048,2031,1,tfidf+bert+perp,3,1,0.999901430851027,True
4049,4049,2032,0,tfidf+bert+perp,3,0,0.0016655786763490803,True
4050,4050,2032,1,tfidf+bert+perp,3,1,0.9781603644976188,True
4051,4051,2033,0,tfidf+bert+perp,3,0,0.0015004395438751714,True
4052,4052,2033,1,tfidf+bert+perp,3,1,0.9992680764742857,True
4053,4053,2034,0,tfidf+bert+perp,3,0,0.0015325094761283844,True
4054,4054,2034,1,tfidf+bert+perp,3,1,0.9994057927729291,True
4055,4055,2035,0,tfidf+bert+perp,3,0,0.0002866862905740553,True
4056,4056,2035,1,tfidf+bert+perp,3,1,0.9538542899627296,True
4057,4057,2036,0,tfidf+bert+perp,3,0,0.05527752515769788,True
4058,4058,2036,1,tfidf+bert+perp,3,1,0.9999225008105921,True
4059,4059,2037,0,tfidf+bert+perp,3,0,0.003702792147887817,True
4060,4060,2037,1,tfidf+bert+perp,3,1,0.9959782031205099,True
4061,4061,2038,0,tfidf+bert+perp,3,0,0.02112769609402085,True
4062,4062,2038,1,tfidf+bert+perp,3,1,0.9870127908483033,True
4063,4063,2039,0,tfidf+bert+perp,3,0,6.007432663588964e-05,True
4064,4064,2039,1,tfidf+bert+perp,3,1,0.9995089010275755,True
4065,4065,2040,0,tfidf+bert+perp,3,0,0.004563291838489381,True
4066,4066,2040,1,tfidf+bert+perp,3,1,0.9998173140678432,True
4067,4067,2041,0,tfidf+bert+perp,3,0,0.0014072683605572658,True
4068,4068,2041,1,tfidf+bert+perp,3,1,0.991177859467565,True
4069,4069,2042,0,tfidf+bert+perp,3,0,0.00023362251627649064,True
4070,4070,2042,1,tfidf+bert+perp,3,1,0.9990353392671169,True
4071,4071,2043,0,tfidf+bert+perp,3,0,0.13126579294818272,True
4072,4072,2043,1,tfidf+bert+perp,3,1,0.9992206628898355,True
4073,4073,2044,0,tfidf+bert+perp,3,0,0.00806170568667718,True
4074,4074,2044,1,tfidf+bert+perp,3,1,0.9753061538110716,True
4075,4075,2045,0,tfidf+bert+perp,3,0,0.49366164197633433,True
4076,4076,2045,1,tfidf+bert+perp,3,1,0.9998913927612885,True
4077,4077,2046,0,tfidf+bert+perp,3,0,0.0038808388281743656,True
4078,4078,2046,1,tfidf+bert+perp,3,1,0.9611482159562426,True
4079,4079,2047,0,tfidf+bert+perp,3,0,0.00029691008414807685,True
4080,4080,2047,1,tfidf+bert+perp,3,1,0.9998535139835191,True
4081,4081,2048,0,tfidf+bert+perp,3,0,0.00036913611741717017,True
4082,4082,2048,1,tfidf+bert+perp,3,1,0.9989190750845115,True
4083,4083,2049,0,tfidf+bert+perp,3,0,0.0008316534042731395,True
4084,4084,2049,1,tfidf+bert+perp,3,1,0.9956376173343161,True
4085,4085,2050,0,tfidf+bert+perp,3,0,0.0019089785066626278,True
4086,4086,2050,1,tfidf+bert+perp,3,1,0.9929462193677471,True
4087,4087,2051,0,tfidf+bert+perp,3,0,0.03441623125455477,True
4088,4088,2051,1,tfidf+bert+perp,3,1,0.996639052895605,True
4089,4089,2052,0,tfidf+bert+perp,3,0,0.00042125231527112604,True
4090,4090,2052,1,tfidf+bert+perp,3,1,0.9831878461744249,True
4091,4091,2053,0,tfidf+bert+perp,3,0,0.003429978291436082,True
4092,4092,2053,1,tfidf+bert+perp,3,1,0.9994260080496669,True
4093,4093,2054,0,tfidf+bert+perp,3,0,0.0036813462921043783,True
4094,4094,2054,1,tfidf+bert+perp,3,1,0.9947047260852395,True
4095,4095,2055,0,tfidf+bert+perp,3,0,0.0010281765847452325,True
4096,4096,2055,1,tfidf+bert+perp,3,1,0.9961131952811678,True
4097,4097,2056,0,tfidf+bert+perp,3,0,0.001992719836956117,True
4098,4098,2056,1,tfidf+bert+perp,3,1,0.9998862448444666,True
4099,4099,2057,0,tfidf+bert+perp,3,0,0.0006648471694566825,True
4100,4100,2057,1,tfidf+bert+perp,3,1,0.9997502273338604,True
4101,4101,2058,0,tfidf+bert+perp,3,0,0.0006109806299229602,True
4102,4102,2058,1,tfidf+bert+perp,3,1,0.9995825934868613,True
4103,4103,2059,0,tfidf+bert+perp,3,0,0.0010347747867753777,True
4104,4104,2059,1,tfidf+bert+perp,3,1,0.997427674990129,True
4105,4105,2060,0,tfidf+bert+perp,3,0,0.011891353960529235,True
4106,4106,2060,1,tfidf+bert+perp,3,1,0.9987971155163262,True
4107,4107,2061,0,tfidf+bert+perp,3,0,0.014389058078857911,True
4108,4108,2061,1,tfidf+bert+perp,3,1,0.9359559000193629,True
4109,4109,2062,0,tfidf+bert+perp,3,0,0.08373453721057084,True
4110,4110,2062,1,tfidf+bert+perp,3,1,0.999295242656943,True
4111,4111,2063,0,tfidf+bert+perp,3,0,0.0011623376905176262,True
4112,4112,2063,1,tfidf+bert+perp,3,1,0.9989425016700942,True
4113,4113,2064,0,tfidf+bert+perp,3,0,0.30850651984154254,True
4114,4114,2064,1,tfidf+bert+perp,3,1,0.9276563095714103,True
4115,4115,2065,0,tfidf+bert+perp,3,1,0.5405042660931222,False
4116,4116,2065,1,tfidf+bert+perp,3,1,0.9957981862436917,True
4117,4117,2066,0,tfidf+bert+perp,3,0,0.0007102991892860706,True
4118,4118,2066,1,tfidf+bert+perp,3,1,0.9678260562422556,True
4119,4119,2067,0,tfidf+bert+perp,3,0,0.00036328221711477184,True
4120,4120,2067,1,tfidf+bert+perp,3,1,0.9612228231480886,True
4121,4121,2068,0,tfidf+bert+perp,3,0,0.006525751640173242,True
4122,4122,2068,1,tfidf+bert+perp,3,1,0.9996097739898863,True
4123,4123,2069,0,tfidf+bert+perp,3,0,0.018193503442090163,True
4124,4124,2069,1,tfidf+bert+perp,3,1,0.9986250060422763,True
4125,4125,2070,0,tfidf+bert+perp,3,0,0.007620942369402511,True
4126,4126,2070,1,tfidf+bert+perp,3,1,0.9872913455745425,True
4127,4127,2071,0,tfidf+bert+perp,3,0,0.004180765884271359,True
4128,4128,2071,1,tfidf+bert+perp,3,1,0.9997265230893182,True
4129,4129,2072,0,tfidf+bert+perp,3,0,0.004857981344046945,True
4130,4130,2072,1,tfidf+bert+perp,3,1,0.9595307732714307,True
4131,4131,2073,0,tfidf+bert+perp,3,0,0.003064858614693174,True
4132,4132,2073,1,tfidf+bert+perp,3,1,0.9938318896510916,True
4133,4133,2074,0,tfidf+bert+perp,3,0,0.0036035903421279395,True
4134,4134,2074,1,tfidf+bert+perp,3,1,0.9978971768747265,True
4135,4135,2075,0,tfidf+bert+perp,3,0,0.004291086706147615,True
4136,4136,2075,1,tfidf+bert+perp,3,1,0.9996050623934539,True
4137,4137,2076,0,tfidf+bert+perp,3,0,0.0007089563364110165,True
4138,4138,2076,1,tfidf+bert+perp,3,1,0.9993219035274623,True
4139,4139,2077,0,tfidf+bert+perp,3,0,0.024061514016595998,True
4140,4140,2077,1,tfidf+bert+perp,3,1,0.9993601706880623,True
4141,4141,2078,0,tfidf+bert+perp,3,0,0.006622616380515535,True
4142,4142,2078,1,tfidf+bert+perp,3,1,0.999842791407756,True
4143,4143,2079,0,tfidf+bert+perp,3,0,0.0005330605269228527,True
4144,4144,2079,1,tfidf+bert+perp,3,1,0.9922795476219093,True
4145,4145,2080,0,tfidf+bert+perp,3,0,0.0027690806994620128,True
4146,4146,2080,1,tfidf+bert+perp,3,1,0.9532053987009964,True
4147,4147,2081,0,tfidf+bert+perp,3,0,0.01946658337849372,True
4148,4148,2081,1,tfidf+bert+perp,3,1,0.8084060721814315,True
4149,4149,2082,0,tfidf+bert+perp,3,0,0.03286776897577572,True
4150,4150,2082,1,tfidf+bert+perp,3,1,0.9548324195431976,True
4151,4151,2083,0,tfidf+bert+perp,3,0,0.01114901748419597,True
4152,4152,2083,1,tfidf+bert+perp,3,1,0.9990109256417062,True
4153,4153,2084,0,tfidf+bert+perp,3,0,0.0045248472949002035,True
4154,4154,2084,1,tfidf+bert+perp,3,1,0.7920613611167637,True
4155,4155,2085,0,tfidf+bert+perp,3,0,0.0006775609956423753,True
4156,4156,2085,1,tfidf+bert+perp,3,1,0.9832071951842198,True
4157,4157,2086,0,tfidf+bert+perp,3,0,0.0010792309602245614,True
4158,4158,2086,1,tfidf+bert+perp,3,1,0.9999357566998586,True
4159,4159,2087,0,tfidf+bert+perp,3,0,0.004074199809458706,True
4160,4160,2087,1,tfidf+bert+perp,3,1,0.7781896257938871,True
4161,4161,2088,0,tfidf+bert+perp,3,0,0.010963408810897331,True
4162,4162,2088,1,tfidf+bert+perp,3,1,0.9996069928023953,True
4163,4163,2089,0,tfidf+bert+perp,3,0,0.0005921361421761054,True
4164,4164,2089,1,tfidf+bert+perp,3,1,0.9999531343127245,True
4165,4165,2090,0,tfidf+bert+perp,3,0,0.04708790492128237,True
4166,4166,2090,1,tfidf+bert+perp,3,1,0.9931832246796755,True
4167,4167,2091,0,tfidf+bert+perp,3,0,0.001119989575885203,True
4168,4168,2091,1,tfidf+bert+perp,3,1,0.9996972131408459,True
4169,4169,2092,0,tfidf+bert+perp,3,0,0.0004122023014153156,True
4170,4170,2092,1,tfidf+bert+perp,3,1,0.9997619791337757,True
4171,4171,2093,0,tfidf+bert+perp,3,0,0.2014737008855166,True
4172,4172,2093,1,tfidf+bert+perp,3,1,0.9969836054911385,True
4173,4173,2094,0,tfidf+bert+perp,3,0,0.003994597647541244,True
4174,4174,2094,1,tfidf+bert+perp,3,1,0.9985469964690673,True
4175,4175,2095,0,tfidf+bert+perp,3,0,8.473551781331017e-05,True
4176,4176,2095,1,tfidf+bert+perp,3,1,0.9876776729715774,True
4177,4177,2096,0,tfidf+bert+perp,3,0,0.0016523158629321983,True
4178,4178,2096,1,tfidf+bert+perp,3,1,0.9993375896533052,True
4179,4179,2097,0,tfidf+bert+perp,3,0,0.0002328548284786308,True
4180,4180,2097,1,tfidf+bert+perp,3,1,0.9918875125163877,True
4181,4181,2098,0,tfidf+bert+perp,3,0,0.04220130693991242,True
4182,4182,2098,1,tfidf+bert+perp,3,1,0.9906214219374251,True
4183,4183,2099,0,tfidf+bert+perp,3,0,3.0941379911217944e-05,True
4184,4184,2099,1,tfidf+bert+perp,3,1,0.9980512815187529,True
4185,4185,2100,0,tfidf+bert+perp,3,0,0.0012260221543480981,True
4186,4186,2100,1,tfidf+bert+perp,3,1,0.9934012124568273,True
4187,4187,2101,0,tfidf+bert+perp,3,0,0.000980236197848449,True
4188,4188,2101,1,tfidf+bert+perp,3,1,0.998965705051122,True
4189,4189,2102,0,tfidf+bert+perp,3,0,0.004509295779761696,True
4190,4190,2102,1,tfidf+bert+perp,3,1,0.9939178901589109,True
4191,4191,2103,0,tfidf+bert+perp,3,0,0.0002208402304204203,True
4192,4192,2103,1,tfidf+bert+perp,3,1,0.711314653252557,True
4193,4193,2104,0,tfidf+bert+perp,3,0,0.0033562169914418756,True
4194,4194,2104,1,tfidf+bert+perp,3,1,0.9545196072067734,True
4195,4195,2105,0,tfidf+bert+perp,3,0,0.0008977149267572735,True
4196,4196,2105,1,tfidf+bert+perp,3,1,0.9998003891758439,True
4197,4197,2106,0,tfidf+bert+perp,3,0,0.0003858694954523674,True
4198,4198,2106,1,tfidf+bert+perp,3,1,0.9936446412004643,True
4199,4199,2107,0,tfidf+bert+perp,3,0,0.0023228014563936223,True
4200,4200,2107,1,tfidf+bert+perp,3,1,0.9182059311030779,True
4201,4201,2108,0,tfidf+bert+perp,3,0,0.000100617215430812,True
4202,4202,2108,1,tfidf+bert+perp,3,1,0.9937744153161551,True
4203,4203,2109,0,tfidf+bert+perp,3,0,0.0015727123006377428,True
4204,4204,2109,1,tfidf+bert+perp,3,1,0.8972695256899164,True
4205,4205,2110,0,tfidf+bert+perp,3,0,0.022315690493452302,True
4206,4206,2110,1,tfidf+bert+perp,3,1,0.9978675592951463,True
4207,4207,2111,0,tfidf+bert+perp,3,0,0.005342173247028689,True
4208,4208,2111,1,tfidf+bert+perp,3,1,0.9992438593601451,True
4209,4209,2112,0,tfidf+bert+perp,3,0,0.00028422112534190035,True
4210,4210,2112,1,tfidf+bert+perp,3,1,0.9985340209521423,True
4211,4211,2113,0,tfidf+bert+perp,3,0,0.035057470882218215,True
4212,4212,2113,1,tfidf+bert+perp,3,1,0.997446253306762,True
4213,4213,2114,0,tfidf+bert+perp,3,0,0.0014694135793221973,True
4214,4214,2114,1,tfidf+bert+perp,3,1,0.9848578666203956,True
4215,4215,2115,0,tfidf+bert+perp,3,0,0.001705154286322056,True
4216,4216,2115,1,tfidf+bert+perp,3,1,0.9584482497494016,True
4217,4217,2116,0,tfidf+bert+perp,3,0,0.0011863081236842114,True
4218,4218,2116,1,tfidf+bert+perp,3,1,0.9992982112262412,True
4219,4219,2117,0,tfidf+bert+perp,3,0,0.007550200049207203,True
4220,4220,2117,1,tfidf+bert+perp,3,1,0.9998540947992887,True
4221,4221,2118,0,tfidf+bert+perp,3,0,0.0004604625972628917,True
4222,4222,2118,1,tfidf+bert+perp,3,1,0.9994422036554812,True
4223,4223,2119,0,tfidf+bert+perp,3,0,0.1306615249179385,True
4224,4224,2119,1,tfidf+bert+perp,3,1,0.9997527745817003,True
4225,4225,2120,0,tfidf+bert+perp,3,0,0.002105808450338247,True
4226,4226,2120,1,tfidf+bert+perp,3,1,0.9980976844515995,True
4227,4227,2121,0,tfidf+bert+perp,3,0,0.0003651276745501089,True
4228,4228,2121,1,tfidf+bert+perp,3,1,0.9569916873640119,True
4229,4229,2122,0,tfidf+bert+perp,3,0,0.004475002465494245,True
4230,4230,2122,1,tfidf+bert+perp,3,1,0.9998604097986104,True
4231,4231,2123,0,tfidf+bert+perp,3,0,0.003104805171358365,True
4232,4232,2123,1,tfidf+bert+perp,3,1,0.9976779784062594,True
4233,4233,2124,0,tfidf+bert+perp,3,0,0.01159047208705174,True
4234,4234,2124,1,tfidf+bert+perp,3,1,0.9908312576358143,True
4235,4235,2125,0,tfidf+bert+perp,3,0,0.004418070661513109,True
4236,4236,2125,1,tfidf+bert+perp,3,1,0.9675270946257536,True
4237,4237,2126,0,tfidf+bert+perp,3,0,0.008121890703763115,True
4238,4238,2126,1,tfidf+bert+perp,3,1,0.9922859519286841,True
4239,4239,2127,0,tfidf+bert+perp,3,0,0.01027291426193348,True
4240,4240,2127,1,tfidf+bert+perp,3,1,0.8755893352401347,True
4241,4241,2128,0,tfidf+bert+perp,3,1,0.886091278354746,False
4242,4242,2128,1,tfidf+bert+perp,3,1,0.9965847194924577,True
4243,4243,2129,0,tfidf+bert+perp,3,0,0.00025877074402083286,True
4244,4244,2129,1,tfidf+bert+perp,3,1,0.9956390054024287,True
4245,4245,2130,0,tfidf+bert+perp,3,0,0.022342104832236764,True
4246,4246,2130,1,tfidf+bert+perp,3,1,0.977737443986012,True
4247,4247,2131,0,tfidf+bert+perp,3,0,0.07818547556630116,True
4248,4248,2131,1,tfidf+bert+perp,3,1,0.9602112550679672,True
4249,4249,2132,0,tfidf+bert+perp,3,0,0.00017532941033690944,True
4250,4250,2132,1,tfidf+bert+perp,3,1,0.9989283516432061,True
4251,4251,2133,0,tfidf+bert+perp,3,0,0.0006850228023902805,True
4252,4252,2133,1,tfidf+bert+perp,3,1,0.8768938154787318,True
4253,4253,2134,0,tfidf+bert+perp,3,0,0.0002712703362431327,True
4254,4254,2134,1,tfidf+bert+perp,3,1,0.9996797493485281,True
4255,4255,2135,0,tfidf+bert+perp,3,0,0.0005702600274845107,True
4256,4256,2135,1,tfidf+bert+perp,3,1,0.9949628820752182,True
4257,4257,2136,0,tfidf+bert+perp,3,0,0.0010779135194442934,True
4258,4258,2136,1,tfidf+bert+perp,3,1,0.9998786227947093,True
4259,4259,2137,0,tfidf+bert+perp,3,0,0.00013334986410511586,True
4260,4260,2137,1,tfidf+bert+perp,3,0,0.46473823615205884,False
4261,4261,2138,0,tfidf+bert+perp,3,1,0.8553486516289946,False
4262,4262,2138,1,tfidf+bert+perp,3,1,0.9873097178551438,True
4263,4263,2139,0,tfidf+bert+perp,3,0,0.0026481832103970246,True
4264,4264,2139,1,tfidf+bert+perp,3,1,0.9679503738108921,True
4265,4265,2140,0,tfidf+bert+perp,3,0,0.0686105855816213,True
4266,4266,2140,1,tfidf+bert+perp,3,1,0.999771383000435,True
4267,4267,2141,0,tfidf+bert+perp,3,0,0.00011911902513064843,True
4268,4268,2141,1,tfidf+bert+perp,3,1,0.9992490933327152,True
4269,4269,2142,0,tfidf+bert+perp,3,0,0.0438152043423313,True
4270,4270,2142,1,tfidf+bert+perp,3,1,0.9987775965694516,True
4271,4271,2143,0,tfidf+bert+perp,3,0,0.01804291930022286,True
4272,4272,2143,1,tfidf+bert+perp,3,1,0.9986877273216321,True
4273,4273,2144,0,tfidf+bert+perp,3,0,0.001031646284077586,True
4274,4274,2144,1,tfidf+bert+perp,3,1,0.9955402822375979,True
4275,4275,2145,0,tfidf+bert+perp,3,0,0.00039476270341572915,True
4276,4276,2145,1,tfidf+bert+perp,3,1,0.9994012684608388,True
4277,4277,2146,0,tfidf+bert+perp,3,1,0.634022843820271,False
4278,4278,2146,1,tfidf+bert+perp,3,1,0.9435296208833168,True
4279,4279,2147,0,tfidf+bert+perp,3,0,0.0013479485624903356,True
4280,4280,2147,1,tfidf+bert+perp,3,1,0.9995027571691333,True
4281,4281,2148,0,tfidf+bert+perp,3,0,0.002830492258764722,True
4282,4282,2148,1,tfidf+bert+perp,3,1,0.9989024644387042,True
4283,4283,2149,0,tfidf+bert+perp,3,0,0.04918593866675708,True
4284,4284,2149,1,tfidf+bert+perp,3,1,0.9994252523740551,True
4285,4285,2150,0,tfidf+bert+perp,3,0,0.0011167055362262058,True
4286,4286,2150,1,tfidf+bert+perp,3,1,0.9956967996506455,True
4287,4287,2151,0,tfidf+bert+perp,3,0,0.0003096596212363488,True
4288,4288,2151,1,tfidf+bert+perp,3,1,0.9977521584806914,True
4289,4289,2152,0,tfidf+bert+perp,3,0,0.0011142411312966825,True
4290,4290,2152,1,tfidf+bert+perp,3,1,0.9980984088233036,True
4291,4291,2153,0,tfidf+bert+perp,3,0,0.0074714483656106445,True
4292,4292,2153,1,tfidf+bert+perp,3,1,0.998805420976294,True
4293,4293,2154,0,tfidf+bert+perp,3,0,0.0018836760811394265,True
4294,4294,2154,1,tfidf+bert+perp,3,1,0.9984058198593434,True
4295,4295,2155,0,tfidf+bert+perp,3,0,0.20208797729150998,True
4296,4296,2155,1,tfidf+bert+perp,3,1,0.9979468571831084,True
4297,4297,2156,0,tfidf+bert+perp,3,0,0.005507277805775971,True
4298,4298,2156,1,tfidf+bert+perp,3,1,0.9915199234778324,True
4299,4299,2157,0,tfidf+bert+perp,3,0,0.20117870687266726,True
4300,4300,2157,1,tfidf+bert+perp,3,1,0.9956487789926899,True
4301,4301,2158,0,tfidf+bert+perp,3,0,0.0003203068095861809,True
4302,4302,2158,1,tfidf+bert+perp,3,1,0.996659628318261,True
4303,4303,2159,0,tfidf+bert+perp,3,0,0.0014325217551779965,True
4304,4304,2159,1,tfidf+bert+perp,3,1,0.9764845812699505,True
4305,4305,2160,0,tfidf+bert+perp,3,0,0.0012092867838043196,True
4306,4306,2160,1,tfidf+bert+perp,3,1,0.9986178075664356,True
4307,4307,2161,0,tfidf+bert+perp,3,0,0.002865078666267152,True
4308,4308,2161,1,tfidf+bert+perp,3,1,0.9998512521640305,True
4309,4309,2162,0,tfidf+bert+perp,3,0,0.0006333810387163138,True
4310,4310,2162,1,tfidf+bert+perp,3,1,0.9996653964902772,True
4311,4311,2163,0,tfidf+bert+perp,3,0,0.001746497761662334,True
4312,4312,2163,1,tfidf+bert+perp,3,1,0.9998530823514765,True
4313,4313,2164,0,tfidf+bert+perp,3,0,0.014459567068878828,True
4314,4314,2164,1,tfidf+bert+perp,3,1,0.9833628276943386,True
4315,4315,2165,0,tfidf+bert+perp,3,0,0.0002282809283785645,True
4316,4316,2165,1,tfidf+bert+perp,3,1,0.9996420928413472,True
4317,4317,2166,0,tfidf+bert+perp,3,0,0.14678776567250296,True
4318,4318,2166,1,tfidf+bert+perp,3,1,0.9984680536191795,True
4319,4319,2167,0,tfidf+bert+perp,3,0,0.0019906189519559602,True
4320,4320,2167,1,tfidf+bert+perp,3,1,0.9904596859000242,True
4321,4321,2168,0,tfidf+bert+perp,3,0,0.0011101227545162523,True
4322,4322,2168,1,tfidf+bert+perp,3,1,0.8818104797835231,True
4323,4323,2169,0,tfidf+bert+perp,3,0,0.002519824321862757,True
4324,4324,2169,1,tfidf+bert+perp,3,1,0.9995630724844314,True
4325,4325,2170,0,tfidf+bert+perp,3,0,0.0005023696221086821,True
4326,4326,2170,1,tfidf+bert+perp,3,1,0.9992414886353442,True
4327,4327,2171,0,tfidf+bert+perp,3,0,0.014011650568866682,True
4328,4328,2171,1,tfidf+bert+perp,3,1,0.999469202957884,True
4329,4329,2172,0,tfidf+bert+perp,3,0,0.0007609657280742967,True
4330,4330,2172,1,tfidf+bert+perp,3,1,0.9926533075830886,True
4331,4331,2173,0,tfidf+bert+perp,3,0,0.0007864654487345848,True
4332,4332,2173,1,tfidf+bert+perp,3,1,0.9435348465381602,True
4333,4333,2174,0,tfidf+bert+perp,3,0,0.004129831970359463,True
4334,4334,2174,1,tfidf+bert+perp,3,1,0.9986299392765869,True
4335,4335,2175,0,tfidf+bert+perp,3,0,0.01300601186881742,True
4336,4336,2175,1,tfidf+bert+perp,3,1,0.9986762141397517,True
4337,4337,2176,0,tfidf+bert+perp,3,0,0.0037410419107763012,True
4338,4338,2176,1,tfidf+bert+perp,3,1,0.991765404966672,True
4339,4339,2177,0,tfidf+bert+perp,3,0,0.15388689435285377,True
4340,4340,2177,1,tfidf+bert+perp,3,1,0.9889636658499324,True
4341,4341,2178,0,tfidf+bert+perp,3,0,0.0014700637360348457,True
4342,4342,2178,1,tfidf+bert+perp,3,1,0.9958104657327786,True
4343,4343,2179,0,tfidf+bert+perp,3,0,0.0012223929375298906,True
4344,4344,2179,1,tfidf+bert+perp,3,1,0.9999425553449335,True
4345,4345,2180,0,tfidf+bert+perp,3,0,0.0014909521113638132,True
4346,4346,2180,1,tfidf+bert+perp,3,1,0.9846098794277512,True
4347,4347,2181,0,tfidf+bert+perp,3,0,0.018636388177096203,True
4348,4348,2181,1,tfidf+bert+perp,3,1,0.9780253091289184,True
4349,4349,2182,0,tfidf+bert+perp,3,0,0.0488528787643334,True
4350,4350,2182,1,tfidf+bert+perp,3,1,0.9972596647121497,True
4351,4351,2183,0,tfidf+bert+perp,3,0,0.27623309157015374,True
4352,4352,2183,1,tfidf+bert+perp,3,1,0.9997079639171287,True
4353,4353,2184,0,tfidf+bert+perp,3,0,0.007558328574461534,True
4354,4354,2184,1,tfidf+bert+perp,3,1,0.9997113009738109,True
4355,4355,2185,0,tfidf+bert+perp,3,0,0.002720878927605377,True
4356,4356,2185,1,tfidf+bert+perp,3,1,0.97928392724261,True
4357,4357,2186,0,tfidf+bert+perp,3,0,0.00039479368738906375,True
4358,4358,2186,1,tfidf+bert+perp,3,1,0.5641087252580892,True
4359,4359,2187,0,tfidf+bert+perp,3,0,0.0006170385326411758,True
4360,4360,2187,1,tfidf+bert+perp,3,1,0.9837174278606228,True
4361,4361,2188,0,tfidf+bert+perp,3,0,0.0039392598091098985,True
4362,4362,2188,1,tfidf+bert+perp,3,1,0.9976404729294308,True
4363,4363,2189,0,tfidf+bert+perp,3,0,0.08075478715749553,True
4364,4364,2189,1,tfidf+bert+perp,3,1,0.9988823415091472,True
4365,4365,2190,0,tfidf+bert+perp,3,0,0.023054011803321978,True
4366,4366,2190,1,tfidf+bert+perp,3,1,0.9968513255540187,True
4367,4367,2191,0,tfidf+bert+perp,3,0,0.029662298147486964,True
4368,4368,2191,1,tfidf+bert+perp,3,1,0.9984482631760966,True
4369,4369,2192,0,tfidf+bert+perp,3,0,0.0408382884410205,True
4370,4370,2192,1,tfidf+bert+perp,3,1,0.9981848344748627,True
4371,4371,2193,0,tfidf+bert+perp,3,0,0.13966875702438436,True
4372,4372,2193,1,tfidf+bert+perp,3,1,0.9981808798368422,True
4373,4373,2194,1,tfidf+bert+perp,3,1,0.9814313995830558,True
4374,4374,2195,0,tfidf+bert+perp,3,0,0.0015961720058889346,True
4375,4375,2195,1,tfidf+bert+perp,3,1,0.5154304836519515,True
4376,4376,2196,0,tfidf+bert+perp,3,0,0.0002086238986247227,True
4377,4377,2196,1,tfidf+bert+perp,3,1,0.9961840255362981,True
4378,4378,2197,0,tfidf+bert+perp,3,0,0.00016831326802397109,True
4379,4379,2197,1,tfidf+bert+perp,3,1,0.9755526726561917,True
4380,4380,2198,0,tfidf+bert+perp,3,0,0.002533723599171367,True
4381,4381,2198,1,tfidf+bert+perp,3,1,0.9266859682770305,True
4382,4382,2199,0,tfidf+bert+perp,3,0,0.0016634711853504135,True
4383,4383,2199,1,tfidf+bert+perp,3,1,0.9997686990216957,True
4384,4384,2200,0,tfidf+bert+perp,3,0,0.016469759184437018,True
4385,4385,2200,1,tfidf+bert+perp,3,1,0.9985374741212734,True
4386,4386,2201,0,tfidf+bert+perp,3,0,0.014082418488092581,True
4387,4387,2201,1,tfidf+bert+perp,3,1,0.9994560796703363,True
4388,4388,2202,0,tfidf+bert+perp,3,0,0.0005829942372928047,True
4389,4389,2202,1,tfidf+bert+perp,3,1,0.9996026522094731,True
4390,4390,2203,0,tfidf+bert+perp,3,0,0.005153972899147623,True
4391,4391,2203,1,tfidf+bert+perp,3,1,0.9928618293977115,True
4392,4392,2204,0,tfidf+bert+perp,3,0,0.025920696997424292,True
4393,4393,2204,1,tfidf+bert+perp,3,1,0.9989135905465686,True
4394,4394,2205,0,tfidf+bert+perp,3,0,0.0016120656826375459,True
4395,4395,2205,1,tfidf+bert+perp,3,1,0.9998100358112014,True
4396,4396,2206,0,tfidf+bert+perp,3,0,0.001132436169267154,True
4397,4397,2206,1,tfidf+bert+perp,3,1,0.9870699319019166,True
4398,4398,2207,0,tfidf+bert+perp,3,0,0.05669486443691219,True
4399,4399,2207,1,tfidf+bert+perp,3,1,0.9874545768464216,True
4400,4400,2208,0,tfidf+bert+perp,3,0,9.363249100985239e-05,True
4401,4401,2208,1,tfidf+bert+perp,3,1,0.9985208990961847,True
4402,4402,2209,0,tfidf+bert+perp,3,0,0.0004207060307759901,True
4403,4403,2209,1,tfidf+bert+perp,3,1,0.9964007794771048,True
4404,4404,2210,0,tfidf+bert+perp,3,0,0.016526449822641887,True
4405,4405,2210,1,tfidf+bert+perp,3,1,0.9971303144708586,True
4406,4406,2211,0,tfidf+bert+perp,3,0,0.0012181418637081378,True
4407,4407,2211,1,tfidf+bert+perp,3,1,0.9989396124144729,True
4408,4408,2212,0,tfidf+bert+perp,3,0,0.0029131304728666476,True
4409,4409,2212,1,tfidf+bert+perp,3,1,0.9457515780449226,True
4410,4410,2213,0,tfidf+bert+perp,3,0,0.00012412354805084076,True
4411,4411,2213,1,tfidf+bert+perp,3,1,0.9994949497947828,True
4412,4412,2214,0,tfidf+bert+perp,3,0,0.0009843469736218896,True
4413,4413,2214,1,tfidf+bert+perp,3,1,0.9998942412686029,True
4414,4414,2215,0,tfidf+bert+perp,3,0,0.1102700437628678,True
4415,4415,2215,1,tfidf+bert+perp,3,1,0.9875827351486153,True
4416,4416,2216,0,tfidf+bert+perp,3,0,0.06107299180167259,True
4417,4417,2216,1,tfidf+bert+perp,3,1,0.9989852240927583,True
4418,4418,2217,0,tfidf+bert+perp,3,0,6.4026881232543e-05,True
4419,4419,2217,1,tfidf+bert+perp,3,1,0.9998845790960297,True
4420,4420,2218,0,tfidf+bert+perp,3,0,0.019572217664640224,True
4421,4421,2218,1,tfidf+bert+perp,3,1,0.9995448758807982,True
4422,4422,2219,0,tfidf+bert+perp,3,0,0.017775523373533768,True
4423,4423,2219,1,tfidf+bert+perp,3,1,0.9962649166192321,True
4424,4424,2220,0,tfidf+bert+perp,3,0,0.0016684637862603676,True
4425,4425,2220,1,tfidf+bert+perp,3,1,0.9755729787823135,True
4426,4426,2221,0,tfidf+bert+perp,3,0,0.02189949993877444,True
4427,4427,2221,1,tfidf+bert+perp,3,1,0.9783329071007539,True
4428,4428,2222,0,tfidf+bert+perp,3,0,0.0008329820525346402,True
4429,4429,2222,1,tfidf+bert+perp,3,1,0.9983757837721028,True
4430,4430,2223,0,tfidf+bert+perp,3,0,0.35649790006544724,True
4431,4431,2223,1,tfidf+bert+perp,3,1,0.9997327368683874,True
4432,4432,2224,0,tfidf+bert+perp,3,0,0.0007795207419782319,True
4433,4433,2224,1,tfidf+bert+perp,3,1,0.9992507045643743,True
4434,4434,2225,0,tfidf+bert+perp,3,0,0.008112866539763907,True
4435,4435,2225,1,tfidf+bert+perp,3,1,0.9960513322211666,True
4436,4436,2226,0,tfidf+bert+perp,3,0,0.008007687167908305,True
4437,4437,2226,1,tfidf+bert+perp,3,1,0.9987218511496161,True
4438,4438,2227,0,tfidf+bert+perp,3,0,0.00020906689677637518,True
4439,4439,2227,1,tfidf+bert+perp,3,1,0.9730616422474538,True
4440,4440,2228,0,tfidf+bert+perp,3,0,0.0009362282302257689,True
4441,4441,2228,1,tfidf+bert+perp,3,1,0.9999431386060769,True
4442,4442,2229,0,tfidf+bert+perp,3,0,0.0003748671998963695,True
4443,4443,2229,1,tfidf+bert+perp,3,1,0.9992817174583597,True
4444,4444,2230,0,tfidf+bert+perp,3,0,0.0017857291968467423,True
4445,4445,2230,1,tfidf+bert+perp,3,1,0.9833219792676453,True
4446,4446,2231,0,tfidf+bert+perp,3,0,0.011016481276393113,True
4447,4447,2231,1,tfidf+bert+perp,3,1,0.9062536581754344,True
4448,4448,2232,0,tfidf+bert+perp,3,0,0.0012795497723444784,True
4449,4449,2232,1,tfidf+bert+perp,3,1,0.8682272134539647,True
4450,4450,2233,0,tfidf+bert+perp,3,0,0.05263948807417941,True
4451,4451,2233,1,tfidf+bert+perp,3,0,0.07381103582561575,False
4452,4452,2234,0,tfidf+bert+perp,3,0,0.002061167631486851,True
4453,4453,2234,1,tfidf+bert+perp,3,1,0.9934512341847442,True
4454,4454,2235,0,tfidf+bert+perp,3,0,0.017573304460952687,True
4455,4455,2235,1,tfidf+bert+perp,3,1,0.9987854626219854,True
4456,4456,2236,0,tfidf+bert+perp,3,0,0.015542642019726981,True
4457,4457,2236,1,tfidf+bert+perp,3,1,0.99795671844873,True
4458,4458,2237,0,tfidf+bert+perp,3,0,6.847810806064677e-05,True
4459,4459,2237,1,tfidf+bert+perp,3,1,0.9983881953429955,True
4460,4460,2238,0,tfidf+bert+perp,3,0,0.0008430054843672137,True
4461,4461,2238,1,tfidf+bert+perp,3,1,0.9972357981230349,True
4462,4462,2239,0,tfidf+bert+perp,3,0,0.007547015208137871,True
4463,4463,2239,1,tfidf+bert+perp,3,1,0.9974547796570931,True
4464,4464,2240,0,tfidf+bert+perp,3,0,0.4738392909881255,True
4465,4465,2240,1,tfidf+bert+perp,3,1,0.999248886688228,True
4466,4466,2241,0,tfidf+bert+perp,3,0,0.008093883648378928,True
4467,4467,2241,1,tfidf+bert+perp,3,1,0.8128581131291763,True
4468,4468,2242,0,tfidf+bert+perp,3,0,0.09701548866384425,True
4469,4469,2242,1,tfidf+bert+perp,3,1,0.9921372103167645,True
4470,4470,2243,0,tfidf+bert+perp,3,0,0.0007357823563442024,True
4471,4471,2243,1,tfidf+bert+perp,3,1,0.8708676348548668,True
4472,4472,2244,0,tfidf+bert+perp,3,0,0.01516798060844591,True
4473,4473,2244,1,tfidf+bert+perp,3,1,0.9999099056306082,True
4474,4474,2245,0,tfidf+bert+perp,3,0,0.05580898069686265,True
4475,4475,2245,1,tfidf+bert+perp,3,1,0.9995980689448836,True
4476,4476,2246,0,tfidf+bert+perp,3,0,0.010597334451418205,True
4477,4477,2246,1,tfidf+bert+perp,3,1,0.9955908247779199,True
4478,4478,2247,0,tfidf+bert+perp,3,0,0.0010004340921804355,True
4479,4479,2247,1,tfidf+bert+perp,3,1,0.9961722288303209,True
4480,4480,2248,0,tfidf+bert+perp,3,0,0.0009373419112241327,True
4481,4481,2248,1,tfidf+bert+perp,3,1,0.8758944463751474,True
4482,4482,2249,0,tfidf+bert+perp,3,0,0.0008500941099302407,True
4483,4483,2249,1,tfidf+bert+perp,3,1,0.9597290524828798,True
4484,4484,2250,0,tfidf+bert+perp,3,0,0.002189728358331972,True
4485,4485,2250,1,tfidf+bert+perp,3,1,0.9998625216078036,True
4486,4486,2251,0,tfidf+bert+perp,3,0,0.07182970219988108,True
4487,4487,2251,1,tfidf+bert+perp,3,1,0.9943402305108435,True
4488,4488,2252,0,tfidf+bert+perp,3,0,0.002043779795176895,True
4489,4489,2252,1,tfidf+bert+perp,3,1,0.9998475150425082,True
4490,4490,2253,0,tfidf+bert+perp,3,0,0.021828376174918954,True
4491,4491,2253,1,tfidf+bert+perp,3,1,0.9957259750872443,True
4492,4492,2254,0,tfidf+bert+perp,3,0,0.0005499319094248949,True
4493,4493,2254,1,tfidf+bert+perp,3,1,0.9977838629354381,True
4494,4494,2255,0,tfidf+bert+perp,3,0,0.009211007083609645,True
4495,4495,2255,1,tfidf+bert+perp,3,1,0.9988752196670326,True
4496,4496,2256,0,tfidf+bert+perp,3,0,0.002511314487337115,True
4497,4497,2256,1,tfidf+bert+perp,3,1,0.9987234043282769,True
4498,4498,2257,0,tfidf+bert+perp,3,0,0.00028506170852565614,True
4499,4499,2257,1,tfidf+bert+perp,3,1,0.9949553158869884,True
4500,4500,2258,0,tfidf+bert+perp,3,0,0.007018440367840681,True
4501,4501,2258,1,tfidf+bert+perp,3,1,0.9998547032238781,True
4502,4502,2259,0,tfidf+bert+perp,3,0,0.0036687264032198314,True
4503,4503,2259,1,tfidf+bert+perp,3,1,0.9951749795814521,True
4504,4504,2260,0,tfidf+bert+perp,3,0,0.004279836978544272,True
4505,4505,2260,1,tfidf+bert+perp,3,1,0.9849106166326598,True
4506,4506,2261,0,tfidf+bert+perp,3,0,0.025239645771166386,True
4507,4507,2261,1,tfidf+bert+perp,3,1,0.996104434975885,True
4508,4508,2262,0,tfidf+bert+perp,3,0,0.0007692158651431378,True
4509,4509,2262,1,tfidf+bert+perp,3,1,0.9992788292490297,True
4510,4510,2263,0,tfidf+bert+perp,3,0,0.001076841577632805,True
4511,4511,2263,1,tfidf+bert+perp,3,1,0.9959386097801,True
4512,4512,2264,0,tfidf+bert+perp,3,0,0.004019894946087486,True
4513,4513,2264,1,tfidf+bert+perp,3,1,0.7514666918741572,True
4514,4514,2265,0,tfidf+bert+perp,3,0,0.030200787057843126,True
4515,4515,2265,1,tfidf+bert+perp,3,1,0.9905482719385253,True
4516,4516,2266,0,tfidf+bert+perp,3,0,0.16531194894244783,True
4517,4517,2266,1,tfidf+bert+perp,3,1,0.9945445735218207,True
4518,4518,2267,0,tfidf+bert+perp,3,0,0.011095880686629228,True
4519,4519,2267,1,tfidf+bert+perp,3,1,0.9988906330488405,True
4520,4520,2268,0,tfidf+bert+perp,3,0,0.031218194275454112,True
4521,4521,2268,1,tfidf+bert+perp,3,1,0.9958448318902828,True
4522,4522,2269,0,tfidf+bert+perp,3,0,0.0060116497606397595,True
4523,4523,2269,1,tfidf+bert+perp,3,1,0.9995849831919589,True
4524,4524,2270,0,tfidf+bert+perp,3,0,0.0030455417997028527,True
4525,4525,2270,1,tfidf+bert+perp,3,1,0.999748203537948,True
4526,4526,2271,0,tfidf+bert+perp,3,0,0.004003335428536076,True
4527,4527,2271,1,tfidf+bert+perp,3,1,0.9977431632974059,True
4528,4528,2272,0,tfidf+bert+perp,3,0,0.00020902804305750414,True
4529,4529,2272,1,tfidf+bert+perp,3,1,0.9964050779600344,True
4530,4530,2273,0,tfidf+bert+perp,3,0,0.00015207051533707035,True
4531,4531,2273,1,tfidf+bert+perp,3,1,0.9999305676003266,True
4532,4532,2274,0,tfidf+bert+perp,3,0,0.002116921392960753,True
4533,4533,2274,1,tfidf+bert+perp,3,1,0.9878051880331631,True
4534,4534,2275,0,tfidf+bert+perp,3,0,0.01659967944299424,True
4535,4535,2275,1,tfidf+bert+perp,3,1,0.9998465921464896,True
4536,4536,2276,0,tfidf+bert+perp,3,0,0.005285366345191923,True
4537,4537,2276,1,tfidf+bert+perp,3,1,0.9966920354345736,True
4538,4538,2277,0,tfidf+bert+perp,3,0,3.376592751685931e-05,True
4539,4539,2277,1,tfidf+bert+perp,3,1,0.8782082518261186,True
4540,4540,2278,0,tfidf+bert+perp,3,0,0.012693701834577267,True
4541,4541,2278,1,tfidf+bert+perp,3,1,0.9998864132049599,True
4542,4542,2279,0,tfidf+bert+perp,3,0,0.009763988257431548,True
4543,4543,2279,1,tfidf+bert+perp,3,1,0.9973871454260614,True
4544,4544,2280,0,tfidf+bert+perp,3,0,0.0010517291582155884,True
4545,4545,2280,1,tfidf+bert+perp,3,1,0.9963826126048341,True
4546,4546,2281,0,tfidf+bert+perp,3,0,0.0007511844330779022,True
4547,4547,2281,1,tfidf+bert+perp,3,1,0.9850948810952079,True
4548,4548,2282,0,tfidf+bert+perp,3,1,0.8130885902261273,False
4549,4549,2282,1,tfidf+bert+perp,3,1,0.9996246162471002,True
4550,4550,2283,0,tfidf+bert+perp,3,0,2.1312378808525084e-05,True
4551,4551,2283,1,tfidf+bert+perp,3,1,0.9920090379592685,True
4552,4552,2284,0,tfidf+bert+perp,3,0,0.001163700324632155,True
4553,4553,2284,1,tfidf+bert+perp,3,1,0.9971402542070712,True
4554,4554,2285,0,tfidf+bert+perp,3,0,0.03813057355420508,True
4555,4555,2285,1,tfidf+bert+perp,3,1,0.9992610073635975,True
4556,4556,2286,0,tfidf+bert+perp,3,0,0.0001693507403483868,True
4557,4557,2286,1,tfidf+bert+perp,3,1,0.9955951290939288,True
4558,4558,2287,0,tfidf+bert+perp,3,0,0.0036836669243286687,True
4559,4559,2287,1,tfidf+bert+perp,3,1,0.9999481381585898,True
4560,4560,2288,0,tfidf+bert+perp,3,0,0.192447668821675,True
4561,4561,2288,1,tfidf+bert+perp,3,1,0.9992905526541019,True
4562,4562,2289,0,tfidf+bert+perp,3,0,0.002274430928782543,True
4563,4563,2289,1,tfidf+bert+perp,3,1,0.8344429574570691,True
4564,4564,2290,0,tfidf+bert+perp,3,0,0.0074542957945398095,True
4565,4565,2290,1,tfidf+bert+perp,3,1,0.9996004651726645,True
4566,4566,2291,0,tfidf+bert+perp,3,0,0.06452656980290744,True
4567,4567,2291,1,tfidf+bert+perp,3,1,0.9795428276028473,True
4568,4568,2292,0,tfidf+bert+perp,3,0,0.00021885194902201356,True
4569,4569,2292,1,tfidf+bert+perp,3,1,0.9828116185663482,True
4570,4570,2293,0,tfidf+bert+perp,3,0,0.00011205945500435505,True
4571,4571,2293,1,tfidf+bert+perp,3,1,0.9963995368048155,True
4572,4572,2294,0,tfidf+bert+perp,3,0,0.0006872618569180774,True
4573,4573,2294,1,tfidf+bert+perp,3,1,0.9931520373579168,True
4574,4574,2295,0,tfidf+bert+perp,3,0,0.000599237439673003,True
4575,4575,2295,1,tfidf+bert+perp,3,1,0.9982956086233121,True
4576,4576,2296,0,tfidf+bert+perp,3,0,0.03612273382232298,True
4577,4577,2296,1,tfidf+bert+perp,3,1,0.9994216078295114,True
4578,4578,2297,0,tfidf+bert+perp,3,0,0.010278764331941624,True
4579,4579,2297,1,tfidf+bert+perp,3,1,0.9997596144589762,True
4580,4580,2298,0,tfidf+bert+perp,3,0,0.0007963466790904708,True
4581,4581,2298,1,tfidf+bert+perp,3,1,0.9286596387946872,True
4582,4582,2299,0,tfidf+bert+perp,3,0,0.0008403794310627827,True
4583,4583,2299,1,tfidf+bert+perp,3,1,0.9997650270718842,True
4584,4584,2300,0,tfidf+bert+perp,3,0,0.00039887664554000426,True
4585,4585,2300,1,tfidf+bert+perp,3,1,0.9998453061297833,True
4586,4586,2301,0,tfidf+bert+perp,3,0,0.08838027236894391,True
4587,4587,2301,1,tfidf+bert+perp,3,1,0.9970322659504862,True
4588,4588,2302,0,tfidf+bert+perp,3,0,0.005447489268121894,True
4589,4589,2302,1,tfidf+bert+perp,3,1,0.9947547404156858,True
4590,4590,2303,0,tfidf+bert+perp,3,0,0.00017460042555834382,True
4591,4591,2303,1,tfidf+bert+perp,3,1,0.9981547129566543,True
4592,4592,2304,0,tfidf+bert+perp,3,0,0.017174673047933263,True
4593,4593,2304,1,tfidf+bert+perp,3,1,0.9953508379178754,True
4594,4594,2305,0,tfidf+bert+perp,3,0,0.00426253254386319,True
4595,4595,2305,1,tfidf+bert+perp,3,1,0.9992050151934604,True
4596,4596,2306,0,tfidf+bert+perp,3,0,0.04951866917327616,True
4597,4597,2306,1,tfidf+bert+perp,3,1,0.9849340077142961,True
4598,4598,2307,0,tfidf+bert+perp,3,0,0.000648375582533616,True
4599,4599,2307,1,tfidf+bert+perp,3,1,0.9993828968376002,True
4600,4600,2308,0,tfidf+bert+perp,3,0,0.0005081591129102345,True
4601,4601,2308,1,tfidf+bert+perp,3,1,0.9986909084326093,True
4602,4602,2309,0,tfidf+bert+perp,3,0,0.04803663163610747,True
4603,4603,2309,1,tfidf+bert+perp,3,1,0.9978035632329234,True
4604,4604,2310,0,tfidf+bert+perp,3,0,0.0007496440142059731,True
4605,4605,2310,1,tfidf+bert+perp,3,1,0.9991608620242559,True
4606,4606,2311,0,tfidf+bert+perp,3,0,0.00044456745997094755,True
4607,4607,2311,1,tfidf+bert+perp,3,1,0.999777523012128,True
4608,4608,2312,0,tfidf+bert+perp,3,0,0.00013400988482282757,True
4609,4609,2312,1,tfidf+bert+perp,3,1,0.9849442597408243,True
4610,4610,2313,0,tfidf+bert+perp,3,0,0.004063898017761228,True
4611,4611,2313,1,tfidf+bert+perp,3,1,0.9974001129375666,True
4612,4612,2314,0,tfidf+bert+perp,3,0,0.0005730589772365409,True
4613,4613,2314,1,tfidf+bert+perp,3,1,0.8854620388157921,True
4614,4614,2315,0,tfidf+bert+perp,3,0,0.0022394059837090815,True
4615,4615,2315,1,tfidf+bert+perp,3,1,0.7380222968455579,True
4616,4616,2316,0,tfidf+bert+perp,3,0,0.02310998524795068,True
4617,4617,2316,1,tfidf+bert+perp,3,1,0.9999755902699855,True
4618,4618,2317,0,tfidf+bert+perp,3,0,6.297928961876888e-05,True
4619,4619,2317,1,tfidf+bert+perp,3,1,0.9845769142054921,True
4620,4620,2318,0,tfidf+bert+perp,3,0,0.0025531475713791263,True
4621,4621,2318,1,tfidf+bert+perp,3,1,0.8478780580195204,True
4622,4622,2319,0,tfidf+bert+perp,3,0,0.0009526825411677774,True
4623,4623,2319,1,tfidf+bert+perp,3,1,0.9754942277145231,True
4624,4624,2320,0,tfidf+bert+perp,3,0,0.00047476823738066545,True
4625,4625,2320,1,tfidf+bert+perp,3,0,0.12321595481540638,False
4626,4626,2321,0,tfidf+bert+perp,3,0,0.024171458847515617,True
4627,4627,2321,1,tfidf+bert+perp,3,1,0.9993654574704885,True
4628,4628,2322,0,tfidf+bert+perp,3,0,0.000503881565875513,True
4629,4629,2322,1,tfidf+bert+perp,3,1,0.9910064976082805,True
4630,4630,2323,0,tfidf+bert+perp,3,0,0.0002434837340334818,True
4631,4631,2323,1,tfidf+bert+perp,3,1,0.9997848543940421,True
4632,4632,2324,0,tfidf+bert+perp,3,0,0.0005559740777774842,True
4633,4633,2324,1,tfidf+bert+perp,3,1,0.9973636689790301,True
4634,4634,2325,0,tfidf+bert+perp,3,0,0.043611118569577556,True
4635,4635,2325,1,tfidf+bert+perp,3,1,0.9989796389018197,True
4636,4636,2326,0,tfidf+bert+perp,3,0,0.0009814942325157958,True
4637,4637,2326,1,tfidf+bert+perp,3,1,0.9957234719702122,True
4638,4638,2327,0,tfidf+bert+perp,3,0,8.793020031287171e-05,True
4639,4639,2327,1,tfidf+bert+perp,3,1,0.9903196335625785,True
4640,4640,2328,0,tfidf+bert+perp,3,0,0.005173311713770955,True
4641,4641,2328,1,tfidf+bert+perp,3,1,0.9998311881588775,True
4642,4642,2329,0,tfidf+bert+perp,3,0,0.0277149552643208,True
4643,4643,2329,1,tfidf+bert+perp,3,1,0.9866510953736992,True
4644,4644,2330,0,tfidf+bert+perp,3,0,0.0006291244000021922,True
4645,4645,2330,1,tfidf+bert+perp,3,1,0.987549023649001,True
4646,4646,2331,0,tfidf+bert+perp,3,0,0.0012109452947604905,True
4647,4647,2331,1,tfidf+bert+perp,3,1,0.997104916010448,True
4648,4648,2332,0,tfidf+bert+perp,3,0,0.01051126484065748,True
4649,4649,2332,1,tfidf+bert+perp,3,1,0.9992344081402947,True
4650,4650,2333,0,tfidf+bert+perp,3,0,0.0015422870689228959,True
4651,4651,2333,1,tfidf+bert+perp,3,1,0.9998191330524572,True
4652,4652,2334,0,tfidf+bert+perp,3,0,0.0030122978752838776,True
4653,4653,2334,1,tfidf+bert+perp,3,1,0.9753825635712109,True
4654,4654,2335,0,tfidf+bert+perp,3,1,0.642745838031932,False
4655,4655,2335,1,tfidf+bert+perp,3,1,0.9996738342537517,True
4656,4656,2336,0,tfidf+bert+perp,3,0,0.0009027939442689094,True
4657,4657,2336,1,tfidf+bert+perp,3,1,0.9991362653892535,True
4658,4658,2337,0,tfidf+bert+perp,3,0,0.016523740489026408,True
4659,4659,2337,1,tfidf+bert+perp,3,1,0.9989085377483649,True
4660,4660,2338,0,tfidf+bert+perp,3,0,0.002095365613107578,True
4661,4661,2338,1,tfidf+bert+perp,3,1,0.9956619106775142,True
4662,4662,2339,0,tfidf+bert+perp,3,0,0.01700028367456866,True
4663,4663,2339,1,tfidf+bert+perp,3,1,0.9996441359295252,True
4664,4664,2340,0,tfidf+bert+perp,3,0,0.0005091459002555704,True
4665,4665,2340,1,tfidf+bert+perp,3,1,0.9940813742486806,True
4666,4666,2341,0,tfidf+bert+perp,3,0,0.0006354651384354737,True
4667,4667,2341,1,tfidf+bert+perp,3,1,0.9883243931247409,True
4668,4668,2342,0,tfidf+bert+perp,3,0,0.22631196898422112,True
4669,4669,2342,1,tfidf+bert+perp,3,1,0.9970598211144059,True
4670,4670,2343,0,tfidf+bert+perp,3,0,0.0003049085664949398,True
4671,4671,2343,1,tfidf+bert+perp,3,1,0.9996657767539342,True
4672,4672,2344,0,tfidf+bert+perp,3,0,0.0021992640692684784,True
4673,4673,2344,1,tfidf+bert+perp,3,1,0.9991557275259131,True
4674,4674,2345,0,tfidf+bert+perp,3,0,0.10643294866018276,True
4675,4675,2345,1,tfidf+bert+perp,3,1,0.9985670974293789,True
4676,4676,2346,0,tfidf+bert+perp,3,0,0.018374341712568066,True
4677,4677,2346,1,tfidf+bert+perp,3,1,0.9994395982051559,True
4678,4678,2347,0,tfidf+bert+perp,3,0,0.00011918842744342088,True
4679,4679,2347,1,tfidf+bert+perp,3,1,0.8714651762056852,True
4680,4680,2348,0,tfidf+bert+perp,3,0,0.004601123554058958,True
4681,4681,2348,1,tfidf+bert+perp,3,1,0.9943823716152782,True
4682,4682,2349,0,tfidf+bert+perp,3,0,0.0012863612283741275,True
4683,4683,2349,1,tfidf+bert+perp,3,1,0.9965872493696503,True
4684,4684,2350,0,tfidf+bert+perp,3,0,0.001136858916342275,True
4685,4685,2350,1,tfidf+bert+perp,3,1,0.9951531478853235,True
4686,4686,2351,0,tfidf+bert+perp,3,0,0.2663912508614534,True
4687,4687,2351,1,tfidf+bert+perp,3,1,0.9975238947393685,True
4688,4688,2352,0,tfidf+bert+perp,3,0,0.0035608236571931934,True
4689,4689,2352,1,tfidf+bert+perp,3,1,0.9792302054336743,True
4690,4690,2353,0,tfidf+bert+perp,3,0,0.000450744338020424,True
4691,4691,2353,1,tfidf+bert+perp,3,1,0.9967940386606509,True
4692,4692,2354,0,tfidf+bert+perp,3,0,0.0005270590773943201,True
4693,4693,2354,1,tfidf+bert+perp,3,1,0.984721476867055,True
4694,4694,2355,0,tfidf+bert+perp,3,0,0.002652947509881765,True
4695,4695,2355,1,tfidf+bert+perp,3,1,0.9890211466957781,True
4696,4696,2356,0,tfidf+bert+perp,3,0,0.0059404879443388766,True
4697,4697,2356,1,tfidf+bert+perp,3,1,0.9965179328865961,True
4698,4698,2357,0,tfidf+bert+perp,3,0,0.012891351888212863,True
4699,4699,2357,1,tfidf+bert+perp,3,1,0.993069260181813,True
4700,4700,2358,0,tfidf+bert+perp,3,0,0.24679667391353585,True
4701,4701,2358,1,tfidf+bert+perp,3,1,0.9998618682091769,True
4702,4702,2359,0,tfidf+bert+perp,3,0,0.0005731905268173555,True
4703,4703,2359,1,tfidf+bert+perp,3,1,0.9997194648083337,True
4704,4704,2360,0,tfidf+bert+perp,3,0,0.034139689283988306,True
4705,4705,2360,1,tfidf+bert+perp,3,1,0.8167467851745529,True
4706,4706,2361,0,tfidf+bert+perp,3,0,0.000687760393377448,True
4707,4707,2361,1,tfidf+bert+perp,3,1,0.992597275901604,True
4708,4708,2362,0,tfidf+bert+perp,3,0,0.016521151548982285,True
4709,4709,2362,1,tfidf+bert+perp,3,1,0.9946386418435695,True
4710,4710,2363,0,tfidf+bert+perp,3,0,0.4473134920780175,True
4711,4711,2363,1,tfidf+bert+perp,3,1,0.999119538665075,True
4712,4712,2364,0,tfidf+bert+perp,3,0,0.3530061077462497,True
4713,4713,2364,1,tfidf+bert+perp,3,1,0.996882239980111,True
4714,4714,2365,0,tfidf+bert+perp,3,0,0.00525187325529089,True
4715,4715,2365,1,tfidf+bert+perp,3,1,0.9999750342282981,True
4716,4716,2366,0,tfidf+bert+perp,3,0,0.36051990272354534,True
4717,4717,2366,1,tfidf+bert+perp,3,1,0.962652012249511,True
4718,4718,2367,0,tfidf+bert+perp,3,0,0.0018166039237696196,True
4719,4719,2367,1,tfidf+bert+perp,3,1,0.868430317453289,True
4720,4720,2368,0,tfidf+bert+perp,3,0,0.007981966819848724,True
4721,4721,2368,1,tfidf+bert+perp,3,1,0.9999232931351483,True
4722,4722,2369,0,tfidf+bert+perp,3,0,0.009084583755962045,True
4723,4723,2369,1,tfidf+bert+perp,3,1,0.9989602322854176,True
4724,4724,2370,0,tfidf+bert+perp,3,0,0.0012219680121681967,True
4725,4725,2370,1,tfidf+bert+perp,3,1,0.9992494423508607,True
4726,4726,2371,0,tfidf+bert+perp,3,0,0.0010409322862217157,True
4727,4727,2371,1,tfidf+bert+perp,3,1,0.9999364437237048,True
4728,4728,2372,0,tfidf+bert+perp,3,0,0.0021270197042944344,True
4729,4729,2372,1,tfidf+bert+perp,3,1,0.984663338677876,True
4730,4730,2373,0,tfidf+bert+perp,3,0,0.0014047614834097023,True
4731,4731,2373,1,tfidf+bert+perp,3,1,0.9609935071425789,True
4732,4732,2374,0,tfidf+bert+perp,3,0,0.11945442106260842,True
4733,4733,2374,1,tfidf+bert+perp,3,1,0.896437314155581,True
4734,4734,2375,0,tfidf+bert+perp,3,0,0.0006187594003590836,True
4735,4735,2375,1,tfidf+bert+perp,3,1,0.9755770895510604,True
4736,4736,2376,0,tfidf+bert+perp,3,0,0.3251371665743566,True
4737,4737,2376,1,tfidf+bert+perp,3,1,0.9995307685130822,True
4738,4738,2377,0,tfidf+bert+perp,3,0,0.024849505303571443,True
4739,4739,2377,1,tfidf+bert+perp,3,1,0.9992431230883032,True
4740,4740,2378,0,tfidf+bert+perp,3,0,0.0018932145006713037,True
4741,4741,2378,1,tfidf+bert+perp,3,1,0.996442084146377,True
4742,4742,2379,0,tfidf+bert+perp,3,1,0.8320125218765458,False
4743,4743,2379,1,tfidf+bert+perp,3,1,0.9985297982095869,True
4744,4744,2380,0,tfidf+bert+perp,3,0,0.003395022027823358,True
4745,4745,2380,1,tfidf+bert+perp,3,1,0.9997956415094897,True
4746,4746,2381,0,tfidf+bert+perp,3,0,0.0004970984563889746,True
4747,4747,2381,1,tfidf+bert+perp,3,1,0.997586631466273,True
4748,4748,2382,0,tfidf+bert+perp,3,0,0.005410176518120275,True
4749,4749,2382,1,tfidf+bert+perp,3,1,0.9942407673749266,True
4750,4750,2383,0,tfidf+bert+perp,3,0,0.0004896059343079113,True
4751,4751,2383,1,tfidf+bert+perp,3,1,0.9828131660724791,True
4752,4752,2384,0,tfidf+bert+perp,3,0,0.0006078002073543289,True
4753,4753,2384,1,tfidf+bert+perp,3,1,0.9956759383337682,True
4754,4754,2385,0,tfidf+bert+perp,3,0,0.00040844737864871854,True
4755,4755,2385,1,tfidf+bert+perp,3,1,0.9875194376714322,True
4756,4756,2386,0,tfidf+bert+perp,3,0,0.01015776263062466,True
4757,4757,2386,1,tfidf+bert+perp,3,1,0.9992879164791303,True
4758,4758,2387,0,tfidf+bert+perp,3,0,0.00020201461608945827,True
4759,4759,2387,1,tfidf+bert+perp,3,1,0.9999141526933737,True
4760,4760,2388,0,tfidf+bert+perp,3,0,0.03329526255428842,True
4761,4761,2388,1,tfidf+bert+perp,3,0,0.08819734760967775,False
4762,4762,2389,0,tfidf+bert+perp,3,0,0.003961174688653497,True
4763,4763,2389,1,tfidf+bert+perp,3,1,0.9935474163128267,True
4764,4764,2390,0,tfidf+bert+perp,3,1,0.608471896038619,False
4765,4765,2390,1,tfidf+bert+perp,3,1,0.9995630650481994,True
4766,4766,2391,0,tfidf+bert+perp,3,0,0.0935675125140126,True
4767,4767,2391,1,tfidf+bert+perp,3,1,0.999668121338432,True
4768,4768,2392,0,tfidf+bert+perp,3,0,0.013923252791689164,True
4769,4769,2392,1,tfidf+bert+perp,3,1,0.9353772385815375,True
4770,4770,2393,0,tfidf+bert+perp,3,0,0.0010790383572845147,True
4771,4771,2393,1,tfidf+bert+perp,3,1,0.9961982879388842,True
4772,4772,2394,0,tfidf+bert+perp,3,0,0.0012646847589932095,True
4773,4773,2394,1,tfidf+bert+perp,3,1,0.9989230012416552,True
4774,4774,2395,0,tfidf+bert+perp,3,0,0.028239510271626026,True
4775,4775,2395,1,tfidf+bert+perp,3,1,0.9854209491579281,True
4776,4776,2396,0,tfidf+bert+perp,3,0,0.0020692094368119085,True
4777,4777,2396,1,tfidf+bert+perp,3,1,0.9997328060277025,True
4778,4778,2397,0,tfidf+bert+perp,3,0,0.0006296233160900521,True
4779,4779,2397,1,tfidf+bert+perp,3,1,0.998332093304839,True
4780,4780,2398,0,tfidf+bert+perp,3,0,1.855125542068312e-05,True
4781,4781,2398,1,tfidf+bert+perp,3,1,0.9996394524156687,True
4782,4782,2399,0,tfidf+bert+perp,3,0,0.006025113201766518,True
4783,4783,2399,1,tfidf+bert+perp,3,1,0.942273377636644,True
4784,4784,2400,0,tfidf+bert+perp,3,0,0.00515469533274239,True
4785,4785,2400,1,tfidf+bert+perp,3,1,0.9982170611665381,True
4786,4786,2401,0,tfidf+bert+perp,3,0,0.008380716940627678,True
4787,4787,2401,1,tfidf+bert+perp,3,1,0.9997005917964413,True
4788,4788,2402,0,tfidf+bert+perp,3,0,0.00015671632308012943,True
4789,4789,2402,1,tfidf+bert+perp,3,1,0.9998253809983061,True
4790,4790,2403,0,tfidf+bert+perp,3,0,0.001656121590235749,True
4791,4791,2403,1,tfidf+bert+perp,3,1,0.9999037618144593,True
4792,4792,2404,0,tfidf+bert+perp,3,0,0.029728045491587994,True
4793,4793,2404,1,tfidf+bert+perp,3,1,0.9976843722203714,True
4794,4794,2405,0,tfidf+bert+perp,3,0,0.03674854194649589,True
4795,4795,2405,1,tfidf+bert+perp,3,1,0.9536063306097804,True
4796,4796,2406,0,tfidf+bert+perp,3,0,0.001454012274078565,True
4797,4797,2406,1,tfidf+bert+perp,3,1,0.9745807069846704,True
4798,4798,2407,0,tfidf+bert+perp,3,0,0.005295196061101001,True
4799,4799,2407,1,tfidf+bert+perp,3,1,0.9996289828199009,True
4800,4800,2408,0,tfidf+bert+perp,3,0,0.013044534349223445,True
4801,4801,2408,1,tfidf+bert+perp,3,1,0.9958279409875818,True
4802,4802,2409,0,tfidf+bert+perp,3,0,0.03253780510655851,True
4803,4803,2409,1,tfidf+bert+perp,3,1,0.9897868265437645,True
4804,4804,2410,0,tfidf+bert+perp,3,1,0.991742758847633,False
4805,4805,2410,1,tfidf+bert+perp,3,1,0.9993046491734727,True
4806,4806,2411,0,tfidf+bert+perp,3,0,0.16441684123976538,True
4807,4807,2411,1,tfidf+bert+perp,3,1,0.9971445947530307,True
4808,4808,2412,0,tfidf+bert+perp,3,0,0.0006305119090797762,True
4809,4809,2412,1,tfidf+bert+perp,3,1,0.6755666559146006,True
4810,4810,2413,0,tfidf+bert+perp,3,0,0.0003574435454842104,True
4811,4811,2413,1,tfidf+bert+perp,3,1,0.9948648513041042,True
4812,4812,2414,0,tfidf+bert+perp,3,0,0.0002895008988883771,True
4813,4813,2414,1,tfidf+bert+perp,3,1,0.995035227658019,True
4814,4814,2415,0,tfidf+bert+perp,3,0,0.0002755565937493016,True
4815,4815,2415,1,tfidf+bert+perp,3,0,0.07067815086938901,False
4816,4816,2416,0,tfidf+bert+perp,3,0,0.11582459575439519,True
4817,4817,2416,1,tfidf+bert+perp,3,1,0.9981626374905783,True
4818,4818,2417,0,tfidf+bert+perp,3,0,0.00018608866155270362,True
4819,4819,2417,1,tfidf+bert+perp,3,1,0.9995484313214352,True
4820,4820,2418,0,tfidf+bert+perp,3,0,0.005364973874923816,True
4821,4821,2418,1,tfidf+bert+perp,3,1,0.9981346291111913,True
4822,4822,2419,0,tfidf+bert+perp,3,0,0.025124708543502173,True
4823,4823,2419,1,tfidf+bert+perp,3,1,0.972679935209142,True
4824,4824,2420,0,tfidf+bert+perp,3,0,0.005038546069278226,True
4825,4825,2420,1,tfidf+bert+perp,3,1,0.9993322219359765,True
4826,4826,2421,0,tfidf+bert+perp,3,0,0.023751796947248625,True
4827,4827,2421,1,tfidf+bert+perp,3,1,0.9955013348018319,True
4828,4828,2422,0,tfidf+bert+perp,3,0,0.009783623945858393,True
4829,4829,2422,1,tfidf+bert+perp,3,1,0.9996410063162101,True
4830,4830,2423,0,tfidf+bert+perp,3,0,0.0010875154980221368,True
4831,4831,2423,1,tfidf+bert+perp,3,1,0.9992227347027814,True
4832,4832,2424,0,tfidf+bert+perp,3,0,0.0020014955977805584,True
4833,4833,2424,1,tfidf+bert+perp,3,1,0.9953693573110853,True
4834,4834,2425,0,tfidf+bert+perp,3,0,0.00100563758715724,True
4835,4835,2425,1,tfidf+bert+perp,3,1,0.9776638820873529,True
4836,4836,2426,0,tfidf+bert+perp,3,0,0.006046169403976061,True
4837,4837,2426,1,tfidf+bert+perp,3,1,0.9245503633341657,True
4838,4838,2427,1,tfidf+bert+perp,3,1,0.9995579453712724,True
4839,4839,2428,0,tfidf+bert+perp,3,0,0.004066165044616161,True
4840,4840,2428,1,tfidf+bert+perp,3,1,0.9997743039029016,True
4841,4841,2429,0,tfidf+bert+perp,3,0,0.0001647199856429853,True
4842,4842,2429,1,tfidf+bert+perp,3,1,0.999067551746308,True
4843,4843,2430,0,tfidf+bert+perp,3,0,0.05514486328535406,True
4844,4844,2430,1,tfidf+bert+perp,3,1,0.998432280561779,True
4845,4845,2431,0,tfidf+bert+perp,3,0,0.0033894505248475816,True
4846,4846,2431,1,tfidf+bert+perp,3,1,0.9409457639266928,True
4847,4847,2432,0,tfidf+bert+perp,3,0,0.004745227280340134,True
4848,4848,2432,1,tfidf+bert+perp,3,1,0.9972847344212775,True
4849,4849,2433,0,tfidf+bert+perp,3,1,0.678557845129957,False
4850,4850,2433,1,tfidf+bert+perp,3,1,0.9974624030159113,True
4851,4851,2434,0,tfidf+bert+perp,3,0,0.0011750109069012023,True
4852,4852,2434,1,tfidf+bert+perp,3,1,0.869737352124981,True
4853,4853,2435,0,tfidf+bert+perp,3,0,0.0004737060845960855,True
4854,4854,2435,1,tfidf+bert+perp,3,1,0.9978557654371034,True
4855,4855,2436,0,tfidf+bert+perp,3,0,0.006321722941437527,True
4856,4856,2436,1,tfidf+bert+perp,3,1,0.9994453482696949,True
4857,4857,2437,0,tfidf+bert+perp,3,0,0.000336559357786641,True
4858,4858,2437,1,tfidf+bert+perp,3,1,0.9966995884008213,True
4859,4859,2438,0,tfidf+bert+perp,3,0,0.4418072560469387,True
4860,4860,2438,1,tfidf+bert+perp,3,1,0.9936074392145984,True
4861,4861,2439,0,tfidf+bert+perp,3,0,0.0011547106470070824,True
4862,4862,2439,1,tfidf+bert+perp,3,1,0.9993924143941049,True
4863,4863,2440,0,tfidf+bert+perp,3,0,0.050524783366627586,True
4864,4864,2440,1,tfidf+bert+perp,3,1,0.9910553229940292,True
4865,4865,2441,0,tfidf+bert+perp,3,0,0.06633849768963629,True
4866,4866,2441,1,tfidf+bert+perp,3,1,0.9993899653864912,True
4867,4867,2442,0,tfidf+bert+perp,3,0,0.00016123870963787157,True
4868,4868,2442,1,tfidf+bert+perp,3,1,0.9984585288643233,True
4869,4869,2443,0,tfidf+bert+perp,3,0,0.0020949660847265636,True
4870,4870,2443,1,tfidf+bert+perp,3,1,0.9995808323709531,True
4871,4871,2444,0,tfidf+bert+perp,3,0,0.23984945164302454,True
4872,4872,2444,1,tfidf+bert+perp,3,1,0.9994426830628638,True
4873,4873,2445,0,tfidf+bert+perp,3,0,0.06408311318700023,True
4874,4874,2445,1,tfidf+bert+perp,3,1,0.9995203609895716,True
4875,4875,2446,0,tfidf+bert+perp,3,0,0.0005439257305822137,True
4876,4876,2446,1,tfidf+bert+perp,3,1,0.9994645327362883,True
4877,4877,2447,0,tfidf+bert+perp,3,0,0.0013148879759141898,True
4878,4878,2447,1,tfidf+bert+perp,3,1,0.9990843762104904,True
4879,4879,2448,0,tfidf+bert+perp,3,0,0.004624582496656368,True
4880,4880,2448,1,tfidf+bert+perp,3,1,0.9882591925288418,True
4881,4881,2449,0,tfidf+bert+perp,3,0,0.0001071672987845721,True
4882,4882,2449,1,tfidf+bert+perp,3,1,0.9683916158916728,True
4883,4883,2450,0,tfidf+bert+perp,3,0,0.0012289376637937299,True
4884,4884,2450,1,tfidf+bert+perp,3,1,0.9982344650040108,True
4885,4885,2451,0,tfidf+bert+perp,3,0,0.04631776261187922,True
4886,4886,2451,1,tfidf+bert+perp,3,1,0.9991400785237425,True
4887,4887,2452,0,tfidf+bert+perp,3,0,0.007728297445729448,True
4888,4888,2452,1,tfidf+bert+perp,3,1,0.9983341539452517,True
4889,4889,2453,0,tfidf+bert+perp,3,0,0.0639569105578021,True
4890,4890,2453,1,tfidf+bert+perp,3,1,0.9957816522934467,True
4891,4891,2454,0,tfidf+bert+perp,3,0,0.009275689140829572,True
4892,4892,2454,1,tfidf+bert+perp,3,1,0.9995914005011779,True
4893,4893,2455,1,tfidf+bert+perp,3,1,0.9962951276200582,True
4894,4894,2456,0,tfidf+bert+perp,3,0,0.0007316705588116119,True
4895,4895,2456,1,tfidf+bert+perp,3,1,0.9897512790744555,True
4896,4896,2457,0,tfidf+bert+perp,3,0,0.005315075114752441,True
4897,4897,2457,1,tfidf+bert+perp,3,1,0.9780950788067999,True
4898,4898,2458,0,tfidf+bert+perp,3,0,0.0034640617347149877,True
4899,4899,2458,1,tfidf+bert+perp,3,1,0.9971626473505216,True
4900,4900,2459,0,tfidf+bert+perp,3,0,0.0031389717787367695,True
4901,4901,2459,1,tfidf+bert+perp,3,1,0.9996834753313543,True
4902,4902,2460,0,tfidf+bert+perp,3,0,0.0013507179641510433,True
4903,4903,2460,1,tfidf+bert+perp,3,1,0.9890354797996432,True
4904,4904,2461,0,tfidf+bert+perp,3,0,0.004286778333642594,True
4905,4905,2461,1,tfidf+bert+perp,3,1,0.9998484338443611,True
4906,4906,2462,0,tfidf+bert+perp,3,0,0.005228906043529298,True
4907,4907,2462,1,tfidf+bert+perp,3,1,0.9984214801617165,True
4908,4908,2463,0,tfidf+bert+perp,3,0,0.000975736087734766,True
4909,4909,2463,1,tfidf+bert+perp,3,1,0.9459241395883633,True
4910,4910,2464,0,tfidf+bert+perp,3,0,0.36235600420673386,True
4911,4911,2464,1,tfidf+bert+perp,3,1,0.9994564944459551,True
4912,4912,2465,0,tfidf+bert+perp,3,0,0.013225133922921005,True
4913,4913,2465,1,tfidf+bert+perp,3,1,0.997328035744402,True
4914,4914,2466,0,tfidf+bert+perp,3,0,0.0008484644667825851,True
4915,4915,2466,1,tfidf+bert+perp,3,1,0.9484830829350158,True
4916,4916,2467,0,tfidf+bert+perp,3,0,0.0005706723778732868,True
4917,4917,2467,1,tfidf+bert+perp,3,1,0.9952320540471377,True
4918,4918,2468,0,tfidf+bert+perp,3,0,0.0031022726980649406,True
4919,4919,2468,1,tfidf+bert+perp,3,1,0.9994016202721976,True
4920,4920,2469,0,tfidf+bert+perp,3,0,0.002290224245865173,True
4921,4921,2469,1,tfidf+bert+perp,3,1,0.9966162346277007,True
4922,4922,2470,0,tfidf+bert+perp,3,0,0.04536967329119175,True
4923,4923,2470,1,tfidf+bert+perp,3,1,0.9868866515506763,True
4924,4924,2471,0,tfidf+bert+perp,3,0,0.002638071234036704,True
4925,4925,2471,1,tfidf+bert+perp,3,1,0.9994309192590879,True
4926,4926,2472,0,tfidf+bert+perp,3,0,0.0009276761436281817,True
4927,4927,2472,1,tfidf+bert+perp,3,1,0.9994681640651625,True
4928,4928,2473,0,tfidf+bert+perp,3,0,0.004636715459501125,True
4929,4929,2473,1,tfidf+bert+perp,3,1,0.9551857520535978,True
4930,4930,2474,0,tfidf+bert+perp,3,0,0.004498264144530123,True
4931,4931,2474,1,tfidf+bert+perp,3,1,0.9062539616852519,True
4932,4932,2475,0,tfidf+bert+perp,3,0,0.0002567116350867274,True
4933,4933,2475,1,tfidf+bert+perp,3,1,0.9996833875650725,True
4934,4934,2476,0,tfidf+bert+perp,3,0,0.0011232456397022171,True
4935,4935,2476,1,tfidf+bert+perp,3,1,0.9998188901124755,True
4936,4936,2477,0,tfidf+bert+perp,3,0,0.0007075753915946426,True
4937,4937,2477,1,tfidf+bert+perp,3,1,0.999228293388756,True
4938,4938,2478,0,tfidf+bert+perp,3,0,0.16786020747994201,True
4939,4939,2478,1,tfidf+bert+perp,3,1,0.9986781087694531,True
4940,4940,2479,0,tfidf+bert+perp,3,0,0.0011805756191484407,True
4941,4941,2479,1,tfidf+bert+perp,3,1,0.9887093722051373,True
4942,4942,2480,0,tfidf+bert+perp,3,0,0.00026103483900370136,True
4943,4943,2480,1,tfidf+bert+perp,3,1,0.9989114193670008,True
4944,4944,2481,0,tfidf+bert+perp,3,0,0.0006421011992598024,True
4945,4945,2481,1,tfidf+bert+perp,3,1,0.9766384706091271,True
4946,4946,2482,0,tfidf+bert+perp,3,0,0.00043644265142042703,True
4947,4947,2482,1,tfidf+bert+perp,3,1,0.9981288590735883,True
4948,4948,2483,0,tfidf+bert+perp,3,0,0.02370357127820391,True
4949,4949,2483,1,tfidf+bert+perp,3,1,0.9962058513612481,True
4950,4950,2484,0,tfidf+bert+perp,3,0,0.0015247184436366639,True
4951,4951,2484,1,tfidf+bert+perp,3,1,0.9904177746516669,True
4952,4952,2485,0,tfidf+bert+perp,3,0,0.002281826557843155,True
4953,4953,2485,1,tfidf+bert+perp,3,1,0.9997864684236517,True
4954,4954,2486,0,tfidf+bert+perp,3,0,0.008965004738251098,True
4955,4955,2486,1,tfidf+bert+perp,3,1,0.9987677440505218,True
4956,4956,2487,0,tfidf+bert+perp,3,0,0.030130775251566193,True
4957,4957,2487,1,tfidf+bert+perp,3,1,0.9990094524606584,True
4958,4958,2488,0,tfidf+bert+perp,3,0,0.008091042083436908,True
4959,4959,2488,1,tfidf+bert+perp,3,1,0.9979947458345302,True
4960,4960,2489,0,tfidf+bert+perp,3,0,0.00017720920916643892,True
4961,4961,2489,1,tfidf+bert+perp,3,1,0.999773408791758,True
4962,4962,2490,0,tfidf+bert+perp,3,0,0.0003353912391410717,True
4963,4963,2490,1,tfidf+bert+perp,3,1,0.9988259712464781,True
4964,4964,2491,0,tfidf+bert+perp,3,0,0.00788314715569614,True
4965,4965,2491,1,tfidf+bert+perp,3,1,0.9922891279919339,True
4966,4966,2492,0,tfidf+bert+perp,3,0,0.0026546300171556166,True
4967,4967,2492,1,tfidf+bert+perp,3,1,0.999912996703908,True
4968,4968,2493,0,tfidf+bert+perp,3,0,0.018327526309810712,True
4969,4969,2493,1,tfidf+bert+perp,3,1,0.9999456659720014,True
4970,4970,2494,0,tfidf+bert+perp,3,0,0.004743115449063024,True
4971,4971,2494,1,tfidf+bert+perp,3,1,0.9997254977439679,True
4972,4972,2495,0,tfidf+bert+perp,3,0,0.002369180946723639,True
4973,4973,2495,1,tfidf+bert+perp,3,1,0.9994891454991471,True
4974,4974,2496,0,tfidf+bert+perp,3,0,0.0042573197529921225,True
4975,4975,2496,1,tfidf+bert+perp,3,1,0.9998297338955954,True
4976,4976,2497,0,tfidf+bert+perp,3,0,0.01697470229595302,True
4977,4977,2497,1,tfidf+bert+perp,3,1,0.9958544040505121,True
4978,4978,2498,0,tfidf+bert+perp,3,0,0.004220942313397687,True
4979,4979,2498,1,tfidf+bert+perp,3,1,0.9926924523036159,True
4980,4980,2499,0,tfidf+bert+perp,3,0,0.002127015263502937,True
4981,4981,2499,1,tfidf+bert+perp,3,1,0.9975359927330364,True
4982,4982,2500,0,tfidf+bert+perp,3,0,0.04419782770654978,True
4983,4983,2500,1,tfidf+bert+perp,3,1,0.9929141478867812,True
4984,4984,2501,0,tfidf+bert+perp,3,0,0.025204483041366216,True
4985,4985,2501,1,tfidf+bert+perp,3,1,0.9996711483935833,True
4986,4986,2502,0,tfidf+bert+perp,3,0,0.0004319113790970075,True
4987,4987,2502,1,tfidf+bert+perp,3,1,0.9380347855777025,True
4988,4988,2503,0,tfidf+bert+perp,3,0,0.00046027311108082946,True
4989,4989,2503,1,tfidf+bert+perp,3,1,0.9998007737292154,True
4990,4990,2504,0,tfidf+bert+perp,3,0,0.0014428833421143686,True
4991,4991,2504,1,tfidf+bert+perp,3,1,0.9467743301768979,True
4992,4992,2505,0,tfidf+bert+perp,3,0,0.00428776204800913,True
4993,4993,2505,1,tfidf+bert+perp,3,1,0.9999168606711181,True
4994,4994,2506,0,tfidf+bert+perp,3,0,0.004102254971706747,True
4995,4995,2506,1,tfidf+bert+perp,3,1,0.9996599310729513,True
4996,4996,2507,0,tfidf+bert+perp,3,0,0.006068434945470831,True
4997,4997,2507,1,tfidf+bert+perp,3,1,0.9469253069465727,True
4998,4998,2508,0,tfidf+bert+perp,3,0,0.0019678687906123232,True
4999,4999,2508,1,tfidf+bert+perp,3,1,0.9997908971670161,True
5000,5000,2509,0,tfidf+bert+perp,3,0,0.0022249473277089924,True
5001,5001,2509,1,tfidf+bert+perp,3,1,0.5654299979190104,True
5002,5002,2510,0,tfidf+bert+perp,3,0,0.0006382040960878811,True
5003,5003,2510,1,tfidf+bert+perp,3,1,0.9817116458870698,True
5004,5004,2511,0,tfidf+bert+perp,3,0,0.015731849174313386,True
5005,5005,2511,1,tfidf+bert+perp,3,1,0.9993673218048275,True
5006,5006,2512,0,tfidf+bert+perp,3,0,0.0015319514394522965,True
5007,5007,2512,1,tfidf+bert+perp,3,1,0.9992897493324244,True
5008,5008,2513,0,tfidf+bert+perp,3,0,0.0002384871822842422,True
5009,5009,2513,1,tfidf+bert+perp,3,1,0.993740507307306,True
5010,5010,2514,0,tfidf+bert+perp,3,0,0.0036800042459867364,True
5011,5011,2514,1,tfidf+bert+perp,3,1,0.9994482340384507,True
5012,5012,2515,0,tfidf+bert+perp,3,0,0.00027439941918651453,True
5013,5013,2515,1,tfidf+bert+perp,3,1,0.9799130189076366,True
5014,5014,2516,0,tfidf+bert+perp,3,0,0.011922095925189816,True
5015,5015,2516,1,tfidf+bert+perp,3,1,0.999856490329289,True
5016,5016,2517,0,tfidf+bert+perp,3,0,0.00039961015240703025,True
5017,5017,2517,1,tfidf+bert+perp,3,1,0.9501065626884007,True
5018,5018,2518,1,tfidf+bert+perp,3,1,0.9996712793302679,True
5019,5019,2519,0,tfidf+bert+perp,3,0,0.0020632559646288264,True
5020,5020,2519,1,tfidf+bert+perp,3,1,0.9992314589629888,True
5021,5021,2520,0,tfidf+bert+perp,3,0,0.0015615341048331847,True
5022,5022,2520,1,tfidf+bert+perp,3,1,0.9995770330455535,True
5023,5023,2521,0,tfidf+bert+perp,3,0,0.009836565797613227,True
5024,5024,2521,1,tfidf+bert+perp,3,1,0.9997387352123571,True
5025,5025,2522,0,tfidf+bert+perp,3,1,0.5969647193181346,False
5026,5026,2522,1,tfidf+bert+perp,3,1,0.9986150948580192,True
5027,5027,2523,0,tfidf+bert+perp,3,0,0.003124088610168623,True
5028,5028,2523,1,tfidf+bert+perp,3,1,0.9998346326604716,True
5029,5029,2524,0,tfidf+bert+perp,3,0,0.001191471572777287,True
5030,5030,2524,1,tfidf+bert+perp,3,1,0.9950544085293047,True
5031,5031,2525,0,tfidf+bert+perp,3,0,0.001535532788105556,True
5032,5032,2525,1,tfidf+bert+perp,3,1,0.9967641503428385,True
5033,5033,2526,0,tfidf+bert+perp,3,0,0.00028489622238177655,True
5034,5034,2526,1,tfidf+bert+perp,3,1,0.9984800093399635,True
5035,5035,2527,0,tfidf+bert+perp,3,0,0.015586786215099926,True
5036,5036,2527,1,tfidf+bert+perp,3,1,0.9958779740578584,True
5037,5037,2528,0,tfidf+bert+perp,3,0,0.20949076722416296,True
5038,5038,2528,1,tfidf+bert+perp,3,1,0.9946079105550554,True
5039,5039,2529,0,tfidf+bert+perp,3,0,0.0035766761618817597,True
5040,5040,2529,1,tfidf+bert+perp,3,1,0.999667996524907,True
5041,5041,2530,0,tfidf+bert+perp,3,0,0.006457879150488546,True
5042,5042,2530,1,tfidf+bert+perp,3,1,0.9995358302627521,True
5043,5043,2531,0,tfidf+bert+perp,3,0,0.05038556444256061,True
5044,5044,2531,1,tfidf+bert+perp,3,1,0.9991976804537023,True
5045,5045,2532,0,tfidf+bert+perp,3,0,0.0014139567793437534,True
5046,5046,2532,1,tfidf+bert+perp,3,1,0.999880558580877,True
5047,5047,2533,0,tfidf+bert+perp,3,0,0.0001270569572022666,True
5048,5048,2533,1,tfidf+bert+perp,3,1,0.9999050224780576,True
5049,5049,2534,0,tfidf+bert+perp,3,0,0.01759385654212003,True
5050,5050,2534,1,tfidf+bert+perp,3,1,0.9982366237273735,True
5051,5051,2535,0,tfidf+bert+perp,3,0,0.000714468796193593,True
5052,5052,2535,1,tfidf+bert+perp,3,1,0.9967914966096523,True
5053,5053,2536,0,tfidf+bert+perp,3,1,0.6729101413265353,False
5054,5054,2536,1,tfidf+bert+perp,3,1,0.9687420779118082,True
5055,5055,2537,0,tfidf+bert+perp,3,0,0.028858782846134624,True
5056,5056,2537,1,tfidf+bert+perp,3,1,0.9998278270798635,True
5057,5057,2538,0,tfidf+bert+perp,3,0,0.0004796748702466467,True
5058,5058,2538,1,tfidf+bert+perp,3,1,0.9958872839703811,True
5059,5059,2539,0,tfidf+bert+perp,3,0,0.005565346191662047,True
5060,5060,2539,1,tfidf+bert+perp,3,1,0.9999569652573063,True
5061,5061,2540,0,tfidf+bert+perp,3,0,0.23768516583934224,True
5062,5062,2540,1,tfidf+bert+perp,3,1,0.9979538479305146,True
5063,5063,2541,0,tfidf+bert+perp,3,0,0.000379791843429971,True
5064,5064,2541,1,tfidf+bert+perp,3,1,0.9772351799401163,True
5065,5065,2542,0,tfidf+bert+perp,3,0,0.023485462978340147,True
5066,5066,2542,1,tfidf+bert+perp,3,1,0.9994530482865307,True
5067,5067,2543,0,tfidf+bert+perp,3,0,0.0012144287189878441,True
5068,5068,2543,1,tfidf+bert+perp,3,1,0.9939856119261239,True
5069,5069,2544,0,tfidf+bert+perp,3,0,0.017257694829548854,True
5070,5070,2544,1,tfidf+bert+perp,3,1,0.9930427858287342,True
5071,5071,2545,0,tfidf+bert+perp,3,0,0.00020308240968876622,True
5072,5072,2545,1,tfidf+bert+perp,3,1,0.9996046267180894,True
5073,5073,2546,0,tfidf+bert+perp,3,0,0.019446991940384302,True
5074,5074,2546,1,tfidf+bert+perp,3,1,0.9999362288803287,True
5075,5075,2547,0,tfidf+bert+perp,3,0,0.0012716639740721547,True
5076,5076,2547,1,tfidf+bert+perp,3,1,0.9939620215687653,True
5077,5077,2548,0,tfidf+bert+perp,3,1,0.5106486147661579,False
5078,5078,2548,1,tfidf+bert+perp,3,1,0.9990816722530331,True
5079,5079,2549,0,tfidf+bert+perp,3,0,0.0008194763083063276,True
5080,5080,2549,1,tfidf+bert+perp,3,1,0.9961017397511597,True
5081,5081,2550,0,tfidf+bert+perp,3,0,0.037822510389987116,True
5082,5082,2550,1,tfidf+bert+perp,3,1,0.9996987927218506,True
5083,5083,2551,0,tfidf+bert+perp,3,0,0.0005086147375181355,True
5084,5084,2551,1,tfidf+bert+perp,3,1,0.9996405379026837,True
5085,5085,2552,0,tfidf+bert+perp,3,0,0.0027861830139625362,True
5086,5086,2552,1,tfidf+bert+perp,3,1,0.9309644205532925,True
5087,5087,2553,0,tfidf+bert+perp,3,0,0.002693293125318898,True
5088,5088,2553,1,tfidf+bert+perp,3,1,0.9996232307909727,True
5089,5089,2554,0,tfidf+bert+perp,3,0,0.0010731694942865747,True
5090,5090,2554,1,tfidf+bert+perp,3,1,0.983030095035134,True
5091,5091,2555,0,tfidf+bert+perp,3,0,0.0028265485696999937,True
5092,5092,2555,1,tfidf+bert+perp,3,1,0.9975403748825642,True
5093,5093,2556,0,tfidf+bert+perp,3,1,0.5831993107562935,False
5094,5094,2556,1,tfidf+bert+perp,3,1,0.999484531591187,True
5095,5095,2557,0,tfidf+bert+perp,3,0,0.00012427166556487854,True
5096,5096,2557,1,tfidf+bert+perp,3,1,0.8876821880755716,True
5097,5097,2558,0,tfidf+bert+perp,3,0,0.013593093995427182,True
5098,5098,2558,1,tfidf+bert+perp,3,1,0.6209565785374139,True
5099,5099,2559,0,tfidf+bert+perp,3,0,0.006737419786819026,True
5100,5100,2559,1,tfidf+bert+perp,3,1,0.9993996125204592,True
5101,5101,2560,0,tfidf+bert+perp,3,0,0.008105638870338154,True
5102,5102,2560,1,tfidf+bert+perp,3,1,0.9998887295954503,True
5103,5103,2561,0,tfidf+bert+perp,3,0,0.013114537662259973,True
5104,5104,2561,1,tfidf+bert+perp,3,1,0.9931869505199947,True
5105,5105,2562,0,tfidf+bert+perp,3,0,0.008251488056243313,True
5106,5106,2562,1,tfidf+bert+perp,3,1,0.9996990087973353,True
5107,5107,2563,0,tfidf+bert+perp,3,0,0.003729397578519075,True
5108,5108,2563,1,tfidf+bert+perp,3,1,0.9977845469394705,True
5109,5109,2564,0,tfidf+bert+perp,3,0,0.0041155731805009605,True
5110,5110,2564,1,tfidf+bert+perp,3,1,0.9951196495551169,True
5111,5111,2565,0,tfidf+bert+perp,3,0,0.39981277888985406,True
5112,5112,2565,1,tfidf+bert+perp,3,1,0.9941893570539551,True
5113,5113,2566,0,tfidf+bert+perp,3,0,0.00463374075677194,True
5114,5114,2566,1,tfidf+bert+perp,3,1,0.9732769724413722,True
5115,5115,2567,0,tfidf+bert+perp,3,0,0.0003885851028440156,True
5116,5116,2567,1,tfidf+bert+perp,3,1,0.9991519636396684,True
5117,5117,2568,0,tfidf+bert+perp,3,0,0.003098016878526304,True
5118,5118,2568,1,tfidf+bert+perp,3,0,0.3836747943981338,False
5119,5119,2569,0,tfidf+bert+perp,3,0,0.004979384791042242,True
5120,5120,2569,1,tfidf+bert+perp,3,1,0.981293367319798,True
5121,5121,2570,0,tfidf+bert+perp,3,0,0.015989247361224892,True
5122,5122,2570,1,tfidf+bert+perp,3,1,0.9945028014177463,True
5123,5123,2571,0,tfidf+bert+perp,3,0,0.10068157853102251,True
5124,5124,2571,1,tfidf+bert+perp,3,1,0.9997809560584451,True
5125,5125,2572,0,tfidf+bert+perp,3,0,8.17091881997074e-05,True
5126,5126,2572,1,tfidf+bert+perp,3,0,0.3442959059304673,False
5127,5127,2573,0,tfidf+bert+perp,3,0,0.0008484473137560779,True
5128,5128,2573,1,tfidf+bert+perp,3,1,0.9989657081021327,True
5129,5129,2574,0,tfidf+bert+perp,3,0,0.009741981877091365,True
5130,5130,2574,1,tfidf+bert+perp,3,1,0.9912968599403871,True
5131,5131,2575,0,tfidf+bert+perp,3,0,0.0010852893129935997,True
5132,5132,2575,1,tfidf+bert+perp,3,1,0.9992153017805953,True
5133,5133,2576,0,tfidf+bert+perp,3,0,0.00047053367409707983,True
5134,5134,2576,1,tfidf+bert+perp,3,1,0.9962383656078091,True
5135,5135,2577,0,tfidf+bert+perp,3,0,0.0005143272778376451,True
5136,5136,2577,1,tfidf+bert+perp,3,1,0.9927491747808053,True
5137,5137,2578,0,tfidf+bert+perp,3,0,0.004534285093907,True
5138,5138,2578,1,tfidf+bert+perp,3,1,0.9708830522090536,True
5139,5139,2579,0,tfidf+bert+perp,3,0,0.0031943609498176723,True
5140,5140,2579,1,tfidf+bert+perp,3,1,0.9763747642108269,True
5141,5141,2580,0,tfidf+bert+perp,3,0,0.005113724592857586,True
5142,5142,2580,1,tfidf+bert+perp,3,1,0.9879879552082145,True
5143,5143,2581,0,tfidf+bert+perp,3,0,4.531821872060336e-05,True
5144,5144,2581,1,tfidf+bert+perp,3,1,0.8848369429853292,True
5145,5145,2582,0,tfidf+bert+perp,3,0,0.0024403890420947724,True
5146,5146,2582,1,tfidf+bert+perp,3,1,0.9937349122202347,True
5147,5147,2583,0,tfidf+bert+perp,3,0,7.119439325993801e-05,True
5148,5148,2583,1,tfidf+bert+perp,3,1,0.9997497423424833,True
5149,5149,2584,0,tfidf+bert+perp,3,0,0.003648948254309337,True
5150,5150,2584,1,tfidf+bert+perp,3,1,0.9720054035284524,True
5151,5151,2585,0,tfidf+bert+perp,3,0,0.001947803956191164,True
5152,5152,2585,1,tfidf+bert+perp,3,1,0.9990755996614997,True
5153,5153,2586,0,tfidf+bert+perp,3,0,0.0025130283809955017,True
5154,5154,2586,1,tfidf+bert+perp,3,1,0.999077989552144,True
5155,5155,2587,0,tfidf+bert+perp,3,0,0.0007645731666814518,True
5156,5156,2587,1,tfidf+bert+perp,3,1,0.9101147837298583,True
5157,5157,2588,0,tfidf+bert+perp,3,0,0.00168292396102802,True
5158,5158,2588,1,tfidf+bert+perp,3,1,0.9999293907201106,True
5159,5159,2589,0,tfidf+bert+perp,3,0,0.005530473463398762,True
5160,5160,2589,1,tfidf+bert+perp,3,1,0.998648824252308,True
5161,5161,2590,0,tfidf+bert+perp,3,0,0.002002613040485019,True
5162,5162,2590,1,tfidf+bert+perp,3,1,0.9996211856046827,True
5163,5163,2591,0,tfidf+bert+perp,3,0,0.001765772640615181,True
5164,5164,2591,1,tfidf+bert+perp,3,1,0.9987409799111088,True
5165,5165,2592,0,tfidf+bert+perp,3,0,0.01566164487919412,True
5166,5166,2592,1,tfidf+bert+perp,3,1,0.9956931545902324,True
5167,5167,2593,0,tfidf+bert+perp,3,0,0.009203008659941427,True
5168,5168,2593,1,tfidf+bert+perp,3,1,0.9932046839029434,True
5169,5169,2594,0,tfidf+bert+perp,3,0,0.012506851742504967,True
5170,5170,2594,1,tfidf+bert+perp,3,1,0.9997037040607474,True
5171,5171,2595,0,tfidf+bert+perp,3,0,0.0015923482345310167,True
5172,5172,2595,1,tfidf+bert+perp,3,1,0.999904244150127,True
5173,5173,2596,0,tfidf+bert+perp,3,0,0.00039757135668691193,True
5174,5174,2596,1,tfidf+bert+perp,3,1,0.9978847917678477,True
5175,5175,2597,0,tfidf+bert+perp,3,0,0.00295411275271075,True
5176,5176,2597,1,tfidf+bert+perp,3,1,0.9860341542839692,True
5177,5177,2598,0,tfidf+bert+perp,3,0,0.0008970378332571766,True
5178,5178,2598,1,tfidf+bert+perp,3,1,0.9983240640534596,True
5179,5179,2599,0,tfidf+bert+perp,3,0,0.0009849338340639805,True
5180,5180,2599,1,tfidf+bert+perp,3,1,0.9885726650553248,True
5181,5181,2600,0,tfidf+bert+perp,3,0,0.0003742013720929519,True
5182,5182,2600,1,tfidf+bert+perp,3,1,0.9798373676713928,True
5183,5183,2601,0,tfidf+bert+perp,3,0,0.01692456670033946,True
5184,5184,2601,1,tfidf+bert+perp,3,1,0.9998313964836556,True
5185,5185,2602,0,tfidf+bert+perp,3,0,0.05298810879135351,True
5186,5186,2602,1,tfidf+bert+perp,3,1,0.9993336563730107,True
5187,5187,2603,0,tfidf+bert+perp,3,0,0.005411644099150696,True
5188,5188,2603,1,tfidf+bert+perp,3,1,0.9672859695361575,True
5189,5189,2604,0,tfidf+bert+perp,3,0,0.0797615779602865,True
5190,5190,2604,1,tfidf+bert+perp,3,1,0.9945441967386651,True
5191,5191,2605,0,tfidf+bert+perp,3,0,0.00019106146142016102,True
5192,5192,2605,1,tfidf+bert+perp,3,1,0.9225826825113346,True
5193,5193,2606,0,tfidf+bert+perp,3,0,0.01820993560011597,True
5194,5194,2606,1,tfidf+bert+perp,3,1,0.9998232652048855,True
5195,5195,2607,0,tfidf+bert+perp,3,0,0.012888851574152474,True
5196,5196,2607,1,tfidf+bert+perp,3,1,0.9991733305926657,True
5197,5197,2608,0,tfidf+bert+perp,3,0,0.0017040567990276765,True
5198,5198,2608,1,tfidf+bert+perp,3,1,0.9964990434012408,True
5199,5199,2609,0,tfidf+bert+perp,3,0,0.002889981463548048,True
5200,5200,2609,1,tfidf+bert+perp,3,1,0.9940377612638032,True
5201,5201,2610,0,tfidf+bert+perp,3,1,0.8987746412704851,False
5202,5202,2610,1,tfidf+bert+perp,3,1,0.9989651999380063,True
5203,5203,2611,0,tfidf+bert+perp,3,0,0.0014390880455908551,True
5204,5204,2611,1,tfidf+bert+perp,3,1,0.9999233050091204,True
5205,5205,2612,0,tfidf+bert+perp,3,0,0.002752652897622274,True
5206,5206,2612,1,tfidf+bert+perp,3,1,0.9993209933667194,True
5207,5207,2613,0,tfidf+bert+perp,3,0,0.0003105903070073254,True
5208,5208,2613,1,tfidf+bert+perp,3,1,0.9997339521221584,True
5209,5209,2614,1,tfidf+bert+perp,3,1,0.9818488933093692,True
5210,5210,2615,0,tfidf+bert+perp,3,0,0.003654441624199454,True
5211,5211,2615,1,tfidf+bert+perp,3,1,0.9992378296436144,True
5212,5212,2616,0,tfidf+bert+perp,3,0,8.448738503869648e-05,True
5213,5213,2616,1,tfidf+bert+perp,3,1,0.9999553017759869,True
5214,5214,2617,0,tfidf+bert+perp,3,0,0.0015886833906568066,True
5215,5215,2617,1,tfidf+bert+perp,3,1,0.8965209746096753,True
5216,5216,2618,0,tfidf+bert+perp,3,0,0.000328681046698744,True
5217,5217,2618,1,tfidf+bert+perp,3,1,0.9992674198368803,True
5218,5218,2619,0,tfidf+bert+perp,3,0,0.0022038641619890544,True
5219,5219,2619,1,tfidf+bert+perp,3,1,0.9970491846936684,True
5220,5220,2620,0,tfidf+bert+perp,3,0,0.009398641319864478,True
5221,5221,2620,1,tfidf+bert+perp,3,1,0.9991304617765198,True
5222,5222,2621,0,tfidf+bert+perp,3,0,0.006661441113497955,True
5223,5223,2621,1,tfidf+bert+perp,3,1,0.9850452878403942,True
5224,5224,2622,0,tfidf+bert+perp,3,0,0.0017024694451764793,True
5225,5225,2622,1,tfidf+bert+perp,3,1,0.9992316421282406,True
5226,5226,2623,0,tfidf+bert+perp,3,0,0.0014451040535497595,True
5227,5227,2623,1,tfidf+bert+perp,3,1,0.9996867384175396,True
5228,5228,2624,0,tfidf+bert+perp,3,0,0.000654959852389233,True
5229,5229,2624,1,tfidf+bert+perp,3,0,0.4361136858908904,False
5230,5230,2625,0,tfidf+bert+perp,3,0,0.0025013727359487065,True
5231,5231,2625,1,tfidf+bert+perp,3,1,0.951332942332547,True
5232,5232,2626,0,tfidf+bert+perp,3,0,0.00031767655173656537,True
5233,5233,2626,1,tfidf+bert+perp,3,1,0.9998232444061859,True
5234,5234,2627,0,tfidf+bert+perp,3,0,0.39447708533402054,True
5235,5235,2627,1,tfidf+bert+perp,3,1,0.999414158677907,True
5236,5236,2628,0,tfidf+bert+perp,3,0,0.10221305666405932,True
5237,5237,2628,1,tfidf+bert+perp,3,1,0.9996906766330933,True
5238,5238,2629,0,tfidf+bert+perp,3,0,0.001124518228979241,True
5239,5239,2629,1,tfidf+bert+perp,3,1,0.9530340475425364,True
5240,5240,2630,0,tfidf+bert+perp,3,0,0.0019256698603118468,True
5241,5241,2630,1,tfidf+bert+perp,3,1,0.9991407693134612,True
5242,5242,2631,0,tfidf+bert+perp,3,0,0.0013467029120443532,True
5243,5243,2631,1,tfidf+bert+perp,3,1,0.9991353193330954,True
5244,5244,2632,0,tfidf+bert+perp,3,0,0.003801861265568171,True
5245,5245,2632,1,tfidf+bert+perp,3,1,0.9998819524776281,True
5246,5246,2633,0,tfidf+bert+perp,3,0,0.0006075246205446076,True
5247,5247,2633,1,tfidf+bert+perp,3,1,0.9707549188381651,True
5248,5248,2634,0,tfidf+bert+perp,3,0,0.003177928078554338,True
5249,5249,2634,1,tfidf+bert+perp,3,1,0.9976970125667299,True
5250,5250,2635,0,tfidf+bert+perp,3,0,0.0011876589528510217,True
5251,5251,2635,1,tfidf+bert+perp,3,1,0.9946068203196726,True
5252,5252,2636,0,tfidf+bert+perp,3,0,0.044157721066016724,True
5253,5253,2636,1,tfidf+bert+perp,3,1,0.9988781388342096,True
5254,5254,2637,0,tfidf+bert+perp,3,0,0.0159030118426103,True
5255,5255,2637,1,tfidf+bert+perp,3,1,0.9995326036636062,True
5256,5256,2638,0,tfidf+bert+perp,3,0,0.0022922193164145455,True
5257,5257,2638,1,tfidf+bert+perp,3,1,0.9997445389017547,True
5258,5258,2639,0,tfidf+bert+perp,3,0,0.00036996971370413924,True
5259,5259,2639,1,tfidf+bert+perp,3,1,0.9950827049994144,True
5260,5260,2640,0,tfidf+bert+perp,3,0,0.012535525509508552,True
5261,5261,2640,1,tfidf+bert+perp,3,1,0.9986209130072634,True
5262,5262,2641,0,tfidf+bert+perp,3,0,0.0010832537181315392,True
5263,5263,2641,1,tfidf+bert+perp,3,1,0.999898576823654,True
5264,5264,2642,0,tfidf+bert+perp,3,0,0.001700822651905058,True
5265,5265,2642,1,tfidf+bert+perp,3,1,0.9998053212811276,True
5266,5266,2643,0,tfidf+bert+perp,3,0,8.55859305133378e-05,True
5267,5267,2643,1,tfidf+bert+perp,3,1,0.9996851674204622,True
5268,5268,2644,0,tfidf+bert+perp,3,0,0.07066810315218136,True
5269,5269,2644,1,tfidf+bert+perp,3,1,0.9964276937769141,True
5270,5270,2645,0,tfidf+bert+perp,3,0,0.002310375754313896,True
5271,5271,2645,1,tfidf+bert+perp,3,1,0.9993583381603278,True
5272,5272,2646,0,tfidf+bert+perp,3,0,0.0006037657421067011,True
5273,5273,2646,1,tfidf+bert+perp,3,1,0.9915757857803904,True
5274,5274,2647,0,tfidf+bert+perp,3,0,0.00198390192482663,True
5275,5275,2647,1,tfidf+bert+perp,3,1,0.9997583290368552,True
5276,5276,2648,0,tfidf+bert+perp,3,0,0.006758522034391925,True
5277,5277,2648,1,tfidf+bert+perp,3,1,0.9996390403592618,True
5278,5278,2649,0,tfidf+bert+perp,3,0,0.0013011174216876814,True
5279,5279,2649,1,tfidf+bert+perp,3,1,0.9997564298835532,True
5280,5280,2650,0,tfidf+bert+perp,3,0,0.00014116239529357464,True
5281,5281,2650,1,tfidf+bert+perp,3,1,0.9973067653648826,True
5282,5282,2651,0,tfidf+bert+perp,3,0,0.0014993881114613715,True
5283,5283,2651,1,tfidf+bert+perp,3,1,0.9948657589442341,True
5284,5284,2652,0,tfidf+bert+perp,3,0,0.002597883763341395,True
5285,5285,2652,1,tfidf+bert+perp,3,1,0.9830413780452452,True
5286,5286,2653,0,tfidf+bert+perp,3,0,0.00027140070276475447,True
5287,5287,2653,1,tfidf+bert+perp,3,1,0.9995805629549873,True
5288,5288,2654,0,tfidf+bert+perp,3,0,0.0009077291606228093,True
5289,5289,2654,1,tfidf+bert+perp,3,1,0.9937810392943432,True
5290,5290,2655,0,tfidf+bert+perp,3,0,0.001468697470856935,True
5291,5291,2655,1,tfidf+bert+perp,3,1,0.9994440805170801,True
5292,5292,2656,0,tfidf+bert+perp,3,0,0.0005926870435234572,True
5293,5293,2656,1,tfidf+bert+perp,3,1,0.9594476802808178,True
5294,5294,2657,0,tfidf+bert+perp,3,0,0.002766861203985358,True
5295,5295,2657,1,tfidf+bert+perp,3,1,0.9985871468057894,True
5296,5296,2658,0,tfidf+bert+perp,3,0,0.039049661195248976,True
5297,5297,2658,1,tfidf+bert+perp,3,1,0.998413357664015,True
5298,5298,2659,0,tfidf+bert+perp,3,0,0.0006245723301901153,True
5299,5299,2659,1,tfidf+bert+perp,3,1,0.9998519583690488,True
5300,5300,2660,0,tfidf+bert+perp,3,0,0.04129484655757004,True
5301,5301,2660,1,tfidf+bert+perp,3,1,0.9953196131497815,True
5302,5302,2661,0,tfidf+bert+perp,3,0,0.01769341794226838,True
5303,5303,2661,1,tfidf+bert+perp,3,1,0.8884850979703313,True
5304,5304,2662,0,tfidf+bert+perp,3,0,8.351794290143711e-05,True
5305,5305,2662,1,tfidf+bert+perp,3,1,0.9732581847505334,True
5306,5306,2663,0,tfidf+bert+perp,3,0,0.04551176996920782,True
5307,5307,2663,1,tfidf+bert+perp,3,1,0.9981264451180403,True
5308,5308,2664,0,tfidf+bert+perp,3,0,0.0003638950935088312,True
5309,5309,2664,1,tfidf+bert+perp,3,1,0.9252065760590522,True
5310,5310,2665,0,tfidf+bert+perp,3,0,0.05301885944008642,True
5311,5311,2665,1,tfidf+bert+perp,3,1,0.9988029467801742,True
5312,5312,2666,0,tfidf+bert+perp,3,0,0.0008482521929272985,True
5313,5313,2666,1,tfidf+bert+perp,3,1,0.9994420079048123,True
5314,5314,2667,0,tfidf+bert+perp,3,0,0.00010966433290802723,True
5315,5315,2667,1,tfidf+bert+perp,3,1,0.999368711798353,True
5316,5316,2668,0,tfidf+bert+perp,3,0,0.0005049491226918599,True
5317,5317,2668,1,tfidf+bert+perp,3,1,0.9760678249546374,True
5318,5318,2669,0,tfidf+bert+perp,3,0,0.004543990130429423,True
5319,5319,2669,1,tfidf+bert+perp,3,1,0.9986672360974678,True
5320,5320,2670,0,tfidf+bert+perp,3,0,0.0004988596576837987,True
5321,5321,2670,1,tfidf+bert+perp,3,1,0.9997670033709856,True
5322,5322,2671,0,tfidf+bert+perp,3,0,0.0005471553299700998,True
5323,5323,2671,1,tfidf+bert+perp,3,1,0.9577777474044,True
5324,5324,2672,0,tfidf+bert+perp,3,0,0.1745622637153063,True
5325,5325,2672,1,tfidf+bert+perp,3,1,0.9998235151749999,True
5326,5326,2673,0,tfidf+bert+perp,3,0,0.0010217524027189026,True
5327,5327,2673,1,tfidf+bert+perp,3,1,0.9995933899876156,True
5328,5328,2674,0,tfidf+bert+perp,3,0,0.00210648597423418,True
5329,5329,2674,1,tfidf+bert+perp,3,1,0.9988735491356159,True
5330,5330,2675,0,tfidf+bert+perp,3,0,0.0013671617753833133,True
5331,5331,2675,1,tfidf+bert+perp,3,1,0.9899419231293793,True
5332,5332,2676,0,tfidf+bert+perp,3,0,0.0002709415916891557,True
5333,5333,2676,1,tfidf+bert+perp,3,1,0.9916670463363663,True
5334,5334,2677,0,tfidf+bert+perp,3,0,0.0010911904111244612,True
5335,5335,2677,1,tfidf+bert+perp,3,1,0.9910736045297057,True
5336,5336,2678,0,tfidf+bert+perp,3,0,0.00011579550605545199,True
5337,5337,2678,1,tfidf+bert+perp,3,1,0.9945220464024239,True
5338,5338,2679,0,tfidf+bert+perp,3,0,0.0430185840974969,True
5339,5339,2679,1,tfidf+bert+perp,3,1,0.9968864069691872,True
5340,5340,2680,0,tfidf+bert+perp,3,0,0.014838188480074987,True
5341,5341,2680,1,tfidf+bert+perp,3,1,0.999801403473478,True
5342,5342,2681,0,tfidf+bert+perp,3,0,0.0006659216755193822,True
5343,5343,2681,1,tfidf+bert+perp,3,0,0.4887328709523096,False
5344,5344,2682,0,tfidf+bert+perp,3,0,0.004070956924994362,True
5345,5345,2682,1,tfidf+bert+perp,3,1,0.9989213760642487,True
5346,5346,2683,0,tfidf+bert+perp,3,0,0.15174593379906692,True
5347,5347,2683,1,tfidf+bert+perp,3,1,0.9982396254393505,True
5348,5348,2684,0,tfidf+bert+perp,3,0,0.0015208730537689854,True
5349,5349,2684,1,tfidf+bert+perp,3,1,0.9983941098859537,True
5350,5350,2685,0,tfidf+bert+perp,3,0,0.0225543767679653,True
5351,5351,2685,1,tfidf+bert+perp,3,1,0.9998090416838266,True
5352,5352,2686,0,tfidf+bert+perp,3,0,0.00017788348581340333,True
5353,5353,2686,1,tfidf+bert+perp,3,1,0.9891308656578137,True
5354,5354,2687,0,tfidf+bert+perp,3,0,0.04821421106476717,True
5355,5355,2687,1,tfidf+bert+perp,3,1,0.9966012282551246,True
5356,5356,2688,0,tfidf+bert+perp,3,0,0.013417631543530456,True
5357,5357,2688,1,tfidf+bert+perp,3,1,0.9916112236703689,True
5358,5358,2689,0,tfidf+bert+perp,3,0,0.004071206746300541,True
5359,5359,2689,1,tfidf+bert+perp,3,1,0.9997261313236041,True
5360,5360,2690,0,tfidf+bert+perp,3,0,0.010176452552297665,True
5361,5361,2690,1,tfidf+bert+perp,3,1,0.9995017420031805,True
5362,5362,2691,0,tfidf+bert+perp,3,0,0.0004210277747425044,True
5363,5363,2691,1,tfidf+bert+perp,3,1,0.9057107920639726,True
5364,5364,2692,0,tfidf+bert+perp,3,0,0.010099336278044078,True
5365,5365,2692,1,tfidf+bert+perp,3,1,0.9998191610314688,True
5366,5366,2693,0,tfidf+bert+perp,3,0,0.005977903619440908,True
5367,5367,2693,1,tfidf+bert+perp,3,1,0.9979245753996984,True
5368,5368,2694,0,tfidf+bert+perp,3,0,0.006090482407784854,True
5369,5369,2694,1,tfidf+bert+perp,3,1,0.9545932076444541,True
5370,5370,2695,0,tfidf+bert+perp,3,0,0.00464155426157666,True
5371,5371,2695,1,tfidf+bert+perp,3,1,0.9905853445838286,True
5372,5372,2696,0,tfidf+bert+perp,3,0,0.009489318037990106,True
5373,5373,2696,1,tfidf+bert+perp,3,1,0.9995299587064165,True
5374,5374,2697,0,tfidf+bert+perp,3,0,0.007964038858628841,True
5375,5375,2697,1,tfidf+bert+perp,3,1,0.9996366029470944,True
5376,5376,2698,0,tfidf+bert+perp,3,0,0.007254950829288749,True
5377,5377,2698,1,tfidf+bert+perp,3,1,0.9991649384669767,True
5378,5378,2699,0,tfidf+bert+perp,3,0,0.002936745368327459,True
5379,5379,2699,1,tfidf+bert+perp,3,1,0.99363826112888,True
5380,5380,2700,0,tfidf+bert+perp,3,0,0.003053870520782187,True
5381,5381,2700,1,tfidf+bert+perp,3,1,0.9990201832839483,True
5382,5382,2701,0,tfidf+bert+perp,3,0,0.00262964578309043,True
5383,5383,2701,1,tfidf+bert+perp,3,1,0.9622885111713503,True
5384,5384,2702,0,tfidf+bert+perp,3,0,0.04464359587612335,True
5385,5385,2702,1,tfidf+bert+perp,3,1,0.9985794895561642,True
5386,5386,2703,0,tfidf+bert+perp,3,0,0.018031971414682924,True
5387,5387,2703,1,tfidf+bert+perp,3,1,0.9969416619087939,True
5388,5388,2704,0,tfidf+bert+perp,3,0,0.0009769491096108273,True
5389,5389,2704,1,tfidf+bert+perp,3,1,0.9223083790004748,True
5390,5390,2705,0,tfidf+bert+perp,3,0,0.013217980288113104,True
5391,5391,2705,1,tfidf+bert+perp,3,1,0.907698078712683,True
5392,5392,2706,0,tfidf+bert+perp,3,0,0.002114374133903703,True
5393,5393,2706,1,tfidf+bert+perp,3,1,0.9993979042398163,True
5394,5394,2707,0,tfidf+bert+perp,3,0,0.0024348198348222824,True
5395,5395,2707,1,tfidf+bert+perp,3,1,0.9994318727233271,True
5396,5396,2708,0,tfidf+bert+perp,3,0,0.01727575794029857,True
5397,5397,2708,1,tfidf+bert+perp,3,1,0.9966152361525209,True
5398,5398,2709,0,tfidf+bert+perp,3,0,0.009819747579260471,True
5399,5399,2709,1,tfidf+bert+perp,3,1,0.9997065135736859,True
5400,5400,2710,0,tfidf+bert+perp,3,0,0.00046995624560273346,True
5401,5401,2710,1,tfidf+bert+perp,3,1,0.9830219654661669,True
5402,5402,2711,0,tfidf+bert+perp,3,0,0.004647927011048254,True
5403,5403,2711,1,tfidf+bert+perp,3,1,0.999248257431304,True
5404,5404,2712,0,tfidf+bert+perp,3,0,0.002687866148867541,True
5405,5405,2712,1,tfidf+bert+perp,3,1,0.9976172780299917,True
5406,5406,2713,0,tfidf+bert+perp,3,0,0.4162797909345075,True
5407,5407,2713,1,tfidf+bert+perp,3,0,0.2737772733522585,False
5408,5408,2714,0,tfidf+bert+perp,3,0,0.0006423651093882012,True
5409,5409,2714,1,tfidf+bert+perp,3,1,0.9977327277319681,True
5410,5410,2715,0,tfidf+bert+perp,3,0,0.037360637328985064,True
5411,5411,2715,1,tfidf+bert+perp,3,1,0.9997197451495168,True
5412,5412,2716,0,tfidf+bert+perp,3,0,0.0019420250451677953,True
5413,5413,2716,1,tfidf+bert+perp,3,1,0.9934012549279658,True
5414,5414,2717,0,tfidf+bert+perp,3,0,0.0006407176939627328,True
5415,5415,2717,1,tfidf+bert+perp,3,1,0.997615964537364,True
5416,5416,2718,0,tfidf+bert+perp,3,0,0.14577118561347657,True
5417,5417,2718,1,tfidf+bert+perp,3,1,0.9988046820403916,True
5418,5418,2719,0,tfidf+bert+perp,3,0,0.0006696545986505497,True
5419,5419,2719,1,tfidf+bert+perp,3,1,0.9882633849283342,True
5420,5420,2720,0,tfidf+bert+perp,3,0,0.45417384077498435,True
5421,5421,2720,1,tfidf+bert+perp,3,1,0.9270331655315259,True
5422,5422,2721,0,tfidf+bert+perp,3,0,0.0007909604528106652,True
5423,5423,2721,1,tfidf+bert+perp,3,1,0.9995935982576555,True
5424,5424,2722,0,tfidf+bert+perp,3,0,0.017748951016708675,True
5425,5425,2722,1,tfidf+bert+perp,3,1,0.9988915263065307,True
5426,5426,2723,0,tfidf+bert+perp,3,0,0.0009450525985126907,True
5427,5427,2723,1,tfidf+bert+perp,3,1,0.864707328975339,True
5428,5428,2724,0,tfidf+bert+perp,3,0,0.0013482625811992088,True
5429,5429,2724,1,tfidf+bert+perp,3,1,0.9019941722800943,True
5430,5430,2725,0,tfidf+bert+perp,3,0,0.0008768729465906064,True
5431,5431,2725,1,tfidf+bert+perp,3,1,0.9958410431048489,True
5432,5432,2726,0,tfidf+bert+perp,3,0,0.0010893014136221213,True
5433,5433,2726,1,tfidf+bert+perp,3,1,0.9926817222493328,True
5434,5434,2727,0,tfidf+bert+perp,3,0,0.009004115471226976,True
5435,5435,2727,1,tfidf+bert+perp,3,1,0.9997188628782451,True
5436,5436,2728,0,tfidf+bert+perp,3,0,0.0013041165975658231,True
5437,5437,2728,1,tfidf+bert+perp,3,1,0.9998204706731041,True
5438,5438,2729,0,tfidf+bert+perp,3,0,0.05601623269044264,True
5439,5439,2729,1,tfidf+bert+perp,3,0,0.2036763961010656,False
5440,5440,2730,0,tfidf+bert+perp,3,0,0.06286099212019222,True
5441,5441,2730,1,tfidf+bert+perp,3,1,0.8881082541031673,True
5442,5442,2731,0,tfidf+bert+perp,3,0,0.0004298596947461532,True
5443,5443,2731,1,tfidf+bert+perp,3,0,0.26872888054477956,False
5444,5444,2732,0,tfidf+bert+perp,3,0,0.0003884288823698719,True
5445,5445,2732,1,tfidf+bert+perp,3,1,0.9737966111071172,True
5446,5446,2733,0,tfidf+bert+perp,3,0,0.028213385381258328,True
5447,5447,2733,1,tfidf+bert+perp,3,1,0.9580425190657225,True
5448,5448,2734,0,tfidf+bert+perp,3,0,0.0023828454215385096,True
5449,5449,2734,1,tfidf+bert+perp,3,1,0.9988385482408173,True
5450,5450,2735,0,tfidf+bert+perp,3,0,0.08752117857721965,True
5451,5451,2735,1,tfidf+bert+perp,3,1,0.9861294464898307,True
5452,5452,2736,0,tfidf+bert+perp,3,0,0.0005405211549937324,True
5453,5453,2736,1,tfidf+bert+perp,3,1,0.8779014829790838,True
5454,5454,2737,0,tfidf+bert+perp,3,0,0.001219003007921087,True
5455,5455,2737,1,tfidf+bert+perp,3,1,0.9993963298779419,True
5456,5456,2738,0,tfidf+bert+perp,3,0,0.0014916914394077353,True
5457,5457,2738,1,tfidf+bert+perp,3,1,0.9947069801419316,True
5458,5458,2739,0,tfidf+bert+perp,3,0,0.008469822057564231,True
5459,5459,2739,1,tfidf+bert+perp,3,1,0.8784671236370992,True
5460,5460,2740,0,tfidf+bert+perp,3,0,0.0031083058304637355,True
5461,5461,2740,1,tfidf+bert+perp,3,1,0.9996428164748615,True
5462,5462,2741,0,tfidf+bert+perp,3,0,0.02371420656900507,True
5463,5463,2741,1,tfidf+bert+perp,3,1,0.9985629246404395,True
5464,5464,2742,0,tfidf+bert+perp,3,0,0.000686807457376481,True
5465,5465,2742,1,tfidf+bert+perp,3,1,0.9987624182532991,True
5466,5466,2743,0,tfidf+bert+perp,3,0,0.1742427473219312,True
5467,5467,2743,1,tfidf+bert+perp,3,1,0.9420845910490248,True
5468,5468,2744,0,tfidf+bert+perp,3,0,0.008563780986447401,True
5469,5469,2744,1,tfidf+bert+perp,3,1,0.999199486791112,True
5470,5470,2745,0,tfidf+bert+perp,3,0,0.0005635387465326559,True
5471,5471,2745,1,tfidf+bert+perp,3,1,0.9896751935258665,True
5472,5472,2746,0,tfidf+bert+perp,3,0,0.004618407162432952,True
5473,5473,2746,1,tfidf+bert+perp,3,1,0.8878720819444774,True
5474,5474,2747,0,tfidf+bert+perp,3,0,0.00426814019993205,True
5475,5475,2747,1,tfidf+bert+perp,3,1,0.9959781325395911,True
5476,5476,2748,0,tfidf+bert+perp,3,0,0.0022210137551742773,True
5477,5477,2748,1,tfidf+bert+perp,3,1,0.9968994633115307,True
5478,5478,2749,0,tfidf+bert+perp,3,0,0.0014391118646377367,True
5479,5479,2749,1,tfidf+bert+perp,3,1,0.7964857473105129,True
5480,5480,2750,0,tfidf+bert+perp,3,0,0.002561710538434858,True
5481,5481,2750,1,tfidf+bert+perp,3,1,0.9986036676975313,True
5482,5482,2751,0,tfidf+bert+perp,3,0,0.00015615569843278784,True
5483,5483,2751,1,tfidf+bert+perp,3,1,0.9986144095744047,True
5484,5484,2752,0,tfidf+bert+perp,3,0,0.0044103260428627064,True
5485,5485,2752,1,tfidf+bert+perp,3,1,0.9850932142648798,True
5486,5486,2753,0,tfidf+bert+perp,3,0,0.03804620270048723,True
5487,5487,2753,1,tfidf+bert+perp,3,1,0.9995112357779216,True
5488,5488,2754,0,tfidf+bert+perp,3,0,0.01255544943125893,True
5489,5489,2754,1,tfidf+bert+perp,3,1,0.987843457325785,True
5490,5490,2755,0,tfidf+bert+perp,3,0,0.0032841404999302635,True
5491,5491,2755,1,tfidf+bert+perp,3,1,0.9997514989486658,True
5492,5492,2756,0,tfidf+bert+perp,3,0,0.0002748602701064705,True
5493,5493,2756,1,tfidf+bert+perp,3,1,0.9889365530970556,True
5494,5494,2757,0,tfidf+bert+perp,3,0,0.007760880294697114,True
5495,5495,2757,1,tfidf+bert+perp,3,1,0.9294267003129376,True
5496,5496,2758,0,tfidf+bert+perp,3,0,0.0009035812822436938,True
5497,5497,2758,1,tfidf+bert+perp,3,1,0.99963127705771,True
5498,5498,2759,0,tfidf+bert+perp,3,0,0.0134167221724141,True
5499,5499,2759,1,tfidf+bert+perp,3,1,0.9807421900402912,True
5500,5500,2760,0,tfidf+bert+perp,3,0,0.0005202607314245177,True
5501,5501,2760,1,tfidf+bert+perp,3,1,0.9881250125937723,True
5502,5502,2761,0,tfidf+bert+perp,3,0,0.4989185264112108,True
5503,5503,2761,1,tfidf+bert+perp,3,1,0.9997627619704537,True
5504,5504,2762,0,tfidf+bert+perp,3,0,0.0002814151292568598,True
5505,5505,2762,1,tfidf+bert+perp,3,1,0.9998252811939107,True
5506,5506,2763,0,tfidf+bert+perp,3,0,0.00046011382120920584,True
5507,5507,2763,1,tfidf+bert+perp,3,1,0.9971749387646338,True
5508,5508,2764,0,tfidf+bert+perp,3,0,0.003872949782252584,True
5509,5509,2764,1,tfidf+bert+perp,3,1,0.959079760890039,True
5510,5510,2765,0,tfidf+bert+perp,3,0,0.10979120327316859,True
5511,5511,2765,1,tfidf+bert+perp,3,1,0.9973451191356842,True
5512,5512,2766,0,tfidf+bert+perp,3,0,0.009203753910967212,True
5513,5513,2766,1,tfidf+bert+perp,3,1,0.9993474661906424,True
5514,5514,2767,0,tfidf+bert+perp,3,0,7.469548310358173e-05,True
5515,5515,2767,1,tfidf+bert+perp,3,1,0.9929030080479303,True
5516,5516,2768,0,tfidf+bert+perp,3,0,0.35799163489531355,True
5517,5517,2768,1,tfidf+bert+perp,3,1,0.9729694441576252,True
5518,5518,2769,0,tfidf+bert+perp,3,0,0.003926845867670524,True
5519,5519,2769,1,tfidf+bert+perp,3,1,0.9995030911176405,True
5520,5520,2770,0,tfidf+bert+perp,3,0,0.0021262607266072237,True
5521,5521,2770,1,tfidf+bert+perp,3,1,0.9962564732769081,True
5522,5522,2771,0,tfidf+bert+perp,3,0,0.012903156431311132,True
5523,5523,2771,1,tfidf+bert+perp,3,1,0.9979950925699009,True
5524,5524,2772,0,tfidf+bert+perp,3,0,0.0006675399304749057,True
5525,5525,2772,1,tfidf+bert+perp,3,1,0.9999207482927678,True
5526,5526,2773,0,tfidf+bert+perp,3,0,0.0027637085250587267,True
5527,5527,2773,1,tfidf+bert+perp,3,1,0.9998738273974472,True
5528,5528,2774,0,tfidf+bert+perp,3,0,0.00012790753284002573,True
5529,5529,2774,1,tfidf+bert+perp,3,1,0.9814360963154362,True
5530,5530,2775,0,tfidf+bert+perp,3,0,0.0006836871974670251,True
5531,5531,2775,1,tfidf+bert+perp,3,1,0.9894363483245705,True
5532,5532,2776,0,tfidf+bert+perp,3,0,0.0010530981675965936,True
5533,5533,2776,1,tfidf+bert+perp,3,1,0.9916663658930721,True
5534,5534,2777,0,tfidf+bert+perp,3,0,0.00466721688506787,True
5535,5535,2777,1,tfidf+bert+perp,3,1,0.9787720381527837,True
5536,5536,2778,0,tfidf+bert+perp,3,0,0.00025905156770533245,True
5537,5537,2778,1,tfidf+bert+perp,3,1,0.9982881922674436,True
5538,5538,2779,0,tfidf+bert+perp,3,0,0.0026655071661534557,True
5539,5539,2779,1,tfidf+bert+perp,3,1,0.9995065159916346,True
5540,5540,2780,0,tfidf+bert+perp,3,0,0.0007316303976986889,True
5541,5541,2780,1,tfidf+bert+perp,3,1,0.9998752864329935,True
5542,5542,2781,0,tfidf+bert+perp,3,0,0.0005978638015104783,True
5543,5543,2781,1,tfidf+bert+perp,3,1,0.9997449355849413,True
5544,5544,2782,0,tfidf+bert+perp,3,0,0.0002497172974961032,True
5545,5545,2782,1,tfidf+bert+perp,3,1,0.997472568739814,True
5546,5546,2783,0,tfidf+bert+perp,3,0,0.0021684571209601203,True
5547,5547,2783,1,tfidf+bert+perp,3,1,0.9991031690185098,True
5548,5548,2784,0,tfidf+bert+perp,3,0,0.00016180341748249673,True
5549,5549,2784,1,tfidf+bert+perp,3,1,0.9934144424172289,True
5550,5550,2785,0,tfidf+bert+perp,3,0,0.0003522321118458231,True
5551,5551,2785,1,tfidf+bert+perp,3,1,0.8629324758287533,True
5552,5552,2786,0,tfidf+bert+perp,3,0,0.022766891647841944,True
5553,5553,2786,1,tfidf+bert+perp,3,1,0.9930726568696627,True
5554,5554,2787,0,tfidf+bert+perp,3,0,0.0004001103118381187,True
5555,5555,2787,1,tfidf+bert+perp,3,1,0.9937614456992624,True
5556,5556,2788,0,tfidf+bert+perp,3,0,0.13751186597598894,True
5557,5557,2788,1,tfidf+bert+perp,3,1,0.9957514308503065,True
5558,5558,2789,0,tfidf+bert+perp,3,0,0.0033277267989407586,True
5559,5559,2789,1,tfidf+bert+perp,3,1,0.8779150294889339,True
5560,5560,2790,0,tfidf+bert+perp,3,0,0.0016760083728295514,True
5561,5561,2790,1,tfidf+bert+perp,3,1,0.9945481179771194,True
5562,5562,2791,0,tfidf+bert+perp,3,0,0.010257984752377146,True
5563,5563,2791,1,tfidf+bert+perp,3,1,0.9983358888476453,True
5564,5564,2792,0,tfidf+bert+perp,3,0,0.004126438878286354,True
5565,5565,2792,1,tfidf+bert+perp,3,1,0.999852822099019,True
5566,5566,2793,0,tfidf+bert+perp,3,0,0.04509750944166012,True
5567,5567,2793,1,tfidf+bert+perp,3,1,0.9992852889338123,True
5568,5568,2794,0,tfidf+bert+perp,3,0,0.002695149949802583,True
5569,5569,2794,1,tfidf+bert+perp,3,1,0.8474231830812521,True
5570,5570,2795,0,tfidf+bert+perp,3,0,0.00017563044093602573,True
5571,5571,2795,1,tfidf+bert+perp,3,1,0.9844042113099353,True
5572,5572,2796,0,tfidf+bert+perp,3,0,0.0003530092175000676,True
5573,5573,2796,1,tfidf+bert+perp,3,1,0.9835748913858271,True
5574,5574,2797,0,tfidf+bert+perp,3,0,0.00020163724604453482,True
5575,5575,2797,1,tfidf+bert+perp,3,1,0.9633768083717112,True
5576,5576,2798,0,tfidf+bert+perp,3,0,0.001069321335285979,True
5577,5577,2798,1,tfidf+bert+perp,3,1,0.9904626492164434,True
5578,5578,2799,0,tfidf+bert+perp,3,0,0.0011431993653504087,True
5579,5579,2799,1,tfidf+bert+perp,3,1,0.9993717031008306,True
5580,5580,2800,0,tfidf+bert+perp,3,0,0.0008975599663945174,True
5581,5581,2800,1,tfidf+bert+perp,3,1,0.8849216153271351,True
5582,5582,2801,0,tfidf+bert+perp,3,0,0.0015035609795355496,True
5583,5583,2801,1,tfidf+bert+perp,3,1,0.977096938819827,True
5584,5584,2802,0,tfidf+bert+perp,3,0,0.0018649024193883295,True
5585,5585,2802,1,tfidf+bert+perp,3,1,0.987871795328294,True
5586,5586,2803,0,tfidf+bert+perp,3,0,0.005425719987187866,True
5587,5587,2803,1,tfidf+bert+perp,3,1,0.9999254260185954,True
5588,5588,2804,0,tfidf+bert+perp,3,0,0.0009101628641322566,True
5589,5589,2804,1,tfidf+bert+perp,3,1,0.9995935324867278,True
5590,5590,2805,0,tfidf+bert+perp,3,0,0.0013952893902625327,True
5591,5591,2805,1,tfidf+bert+perp,3,1,0.9968891156601728,True
5592,5592,2806,0,tfidf+bert+perp,3,0,0.0028350053718243424,True
5593,5593,2806,1,tfidf+bert+perp,3,1,0.9036583434446611,True
5594,5594,2807,0,tfidf+bert+perp,3,0,0.00031158453888487976,True
5595,5595,2807,1,tfidf+bert+perp,3,1,0.9923703875899267,True
5596,5596,2808,0,tfidf+bert+perp,3,0,0.0034197586878166476,True
5597,5597,2808,1,tfidf+bert+perp,3,1,0.9994752609622677,True
5598,5598,2809,0,tfidf+bert+perp,3,0,0.0005595251654983933,True
5599,5599,2809,1,tfidf+bert+perp,3,1,0.9965608123023386,True
5600,5600,2810,0,tfidf+bert+perp,3,0,0.001999372974615174,True
5601,5601,2810,1,tfidf+bert+perp,3,1,0.9995390114040059,True
5602,5602,2811,0,tfidf+bert+perp,3,0,0.0009747545372142465,True
5603,5603,2811,1,tfidf+bert+perp,3,1,0.7839304244100098,True
5604,5604,2812,0,tfidf+bert+perp,3,0,0.0003421508593021461,True
5605,5605,2812,1,tfidf+bert+perp,3,1,0.9998418739635071,True
5606,5606,2813,0,tfidf+bert+perp,3,0,0.0009746864459069675,True
5607,5607,2813,1,tfidf+bert+perp,3,1,0.9998712953060099,True
5608,5608,2814,0,tfidf+bert+perp,3,0,0.00031833590538068014,True
5609,5609,2814,1,tfidf+bert+perp,3,1,0.9996587919702072,True
5610,5610,2815,0,tfidf+bert+perp,3,0,0.0032124971769482364,True
5611,5611,2815,1,tfidf+bert+perp,3,1,0.9957404449516948,True
5612,5612,2816,0,tfidf+bert+perp,3,0,0.00037850355581060867,True
5613,5613,2816,1,tfidf+bert+perp,3,1,0.9998766274642658,True
5614,5614,2817,0,tfidf+bert+perp,3,0,0.00039998050053401753,True
5615,5615,2817,1,tfidf+bert+perp,3,1,0.9992223471123105,True
5616,5616,2818,0,tfidf+bert+perp,3,0,0.0008309599312467206,True
5617,5617,2818,1,tfidf+bert+perp,3,1,0.996597073833487,True
5618,5618,2819,0,tfidf+bert+perp,3,0,0.18937389547771358,True
5619,5619,2819,1,tfidf+bert+perp,3,1,0.7802192317304788,True
5620,5620,2820,0,tfidf+bert+perp,3,0,0.004509630979272371,True
5621,5621,2820,1,tfidf+bert+perp,3,1,0.8651158163190523,True
5622,5622,2821,0,tfidf+bert+perp,3,0,0.007739316281386467,True
5623,5623,2821,1,tfidf+bert+perp,3,1,0.9990054195625068,True
5624,5624,2822,0,tfidf+bert+perp,3,0,0.014801464982129222,True
5625,5625,2822,1,tfidf+bert+perp,3,1,0.9998379863135666,True
5626,5626,2823,0,tfidf+bert+perp,3,0,0.043768626360608694,True
5627,5627,2823,1,tfidf+bert+perp,3,1,0.999684717868238,True
5628,5628,2824,0,tfidf+bert+perp,3,0,0.000312863101357006,True
5629,5629,2824,1,tfidf+bert+perp,3,1,0.9979887600003748,True
5630,5630,2825,0,tfidf+bert+perp,3,0,0.001710182968470407,True
5631,5631,2825,1,tfidf+bert+perp,3,1,0.998657661162883,True
5632,5632,2826,0,tfidf+bert+perp,3,0,0.0004068864690666068,True
5633,5633,2826,1,tfidf+bert+perp,3,1,0.9965601123360365,True
5634,5634,2827,0,tfidf+bert+perp,3,0,0.001288573907476134,True
5635,5635,2827,1,tfidf+bert+perp,3,1,0.9989147545102102,True
5636,5636,2828,0,tfidf+bert+perp,3,0,0.013149383869581236,True
5637,5637,2828,1,tfidf+bert+perp,3,1,0.9985432522954684,True
5638,5638,2829,0,tfidf+bert+perp,3,0,0.16417613483633764,True
5639,5639,2829,1,tfidf+bert+perp,3,1,0.9962785023253716,True
5640,5640,2830,0,tfidf+bert+perp,3,0,0.003443689351359897,True
5641,5641,2830,1,tfidf+bert+perp,3,1,0.9977884318612807,True
5642,5642,2831,0,tfidf+bert+perp,3,0,0.00023145552973911888,True
5643,5643,2831,1,tfidf+bert+perp,3,1,0.9995815701244274,True
5644,5644,2832,0,tfidf+bert+perp,3,0,0.019516673571714705,True
5645,5645,2832,1,tfidf+bert+perp,3,1,0.9974288797987299,True
5646,5646,2833,0,tfidf+bert+perp,3,0,0.0002234218690271759,True
5647,5647,2833,1,tfidf+bert+perp,3,1,0.6288373718777879,True
5648,5648,2834,0,tfidf+bert+perp,3,0,5.496012993645448e-05,True
5649,5649,2834,1,tfidf+bert+perp,3,1,0.9996314453026114,True
5650,5650,2835,0,tfidf+bert+perp,3,0,0.0017150860358990548,True
5651,5651,2835,1,tfidf+bert+perp,3,1,0.9990792606582074,True
5652,5652,2836,0,tfidf+bert+perp,3,0,0.0021501953976644614,True
5653,5653,2836,1,tfidf+bert+perp,3,1,0.9991336758756473,True
5654,5654,2837,0,tfidf+bert+perp,3,0,0.0005298593649934948,True
5655,5655,2837,1,tfidf+bert+perp,3,1,0.999304418474052,True
5656,5656,2838,0,tfidf+bert+perp,3,0,0.006840619922034628,True
5657,5657,2838,1,tfidf+bert+perp,3,1,0.9983912383008952,True
5658,5658,2839,0,tfidf+bert+perp,3,0,0.03404732411368257,True
5659,5659,2839,1,tfidf+bert+perp,3,1,0.9998482077674881,True
5660,5660,2840,0,tfidf+bert+perp,3,0,0.009273506003109952,True
5661,5661,2840,1,tfidf+bert+perp,3,1,0.989524161242958,True
5662,5662,2841,0,tfidf+bert+perp,3,0,0.10816657793840276,True
5663,5663,2841,1,tfidf+bert+perp,3,1,0.998942781413811,True
5664,5664,2842,0,tfidf+bert+perp,3,0,0.00019960429329186034,True
5665,5665,2842,1,tfidf+bert+perp,3,1,0.8078010944498594,True
5666,5666,2843,0,tfidf+bert+perp,3,0,0.0015523610220901658,True
5667,5667,2843,1,tfidf+bert+perp,3,1,0.9996416493968227,True
5668,5668,2844,0,tfidf+bert+perp,3,0,0.002875485910494352,True
5669,5669,2844,1,tfidf+bert+perp,3,1,0.9978737605030743,True
5670,5670,2845,0,tfidf+bert+perp,3,0,0.00044897946480658337,True
5671,5671,2845,1,tfidf+bert+perp,3,1,0.9891820597093657,True
5672,5672,2846,0,tfidf+bert+perp,3,0,0.0007546264746013525,True
5673,5673,2846,1,tfidf+bert+perp,3,1,0.924710259830869,True
5674,5674,2847,0,tfidf+bert+perp,3,0,0.0064522962851293955,True
5675,5675,2847,1,tfidf+bert+perp,3,1,0.9990120083420599,True
5676,5676,2848,0,tfidf+bert+perp,3,0,0.002437402129246314,True
5677,5677,2848,1,tfidf+bert+perp,3,1,0.7727864991087258,True
5678,5678,2849,0,tfidf+bert+perp,3,0,0.0035793969304529264,True
5679,5679,2849,1,tfidf+bert+perp,3,1,0.9999648078320095,True
5680,5680,2850,0,tfidf+bert+perp,3,0,0.24484316462393554,True
5681,5681,2850,1,tfidf+bert+perp,3,1,0.9973489177184307,True
5682,5682,2851,0,tfidf+bert+perp,3,0,0.01477598292166709,True
5683,5683,2851,1,tfidf+bert+perp,3,1,0.623773000255228,True
5684,5684,2852,0,tfidf+bert+perp,3,0,0.0008848552365388225,True
5685,5685,2852,1,tfidf+bert+perp,3,1,0.9962811105457071,True
5686,5686,2853,0,tfidf+bert+perp,3,0,0.0043538928281396765,True
5687,5687,2853,1,tfidf+bert+perp,3,1,0.9975030656214774,True
5688,5688,2854,0,tfidf+bert+perp,3,0,0.0002342265827613488,True
5689,5689,2854,1,tfidf+bert+perp,3,1,0.8853765844241931,True
5690,5690,2855,0,tfidf+bert+perp,3,0,0.000975920998691821,True
5691,5691,2855,1,tfidf+bert+perp,3,1,0.9970099868726717,True
5692,5692,2856,0,tfidf+bert+perp,3,0,0.029200284475360355,True
5693,5693,2856,1,tfidf+bert+perp,3,1,0.9873260233295941,True
5694,5694,2857,0,tfidf+bert+perp,3,0,0.0004330545266173522,True
5695,5695,2857,1,tfidf+bert+perp,3,1,0.9995215877988548,True
5696,5696,2858,0,tfidf+bert+perp,3,0,0.00046347057222117735,True
5697,5697,2858,1,tfidf+bert+perp,3,1,0.9998936064514066,True
5698,5698,2859,0,tfidf+bert+perp,3,0,0.007701967501093682,True
5699,5699,2859,1,tfidf+bert+perp,3,1,0.9855884203285991,True
5700,5700,2860,0,tfidf+bert+perp,3,0,0.001513505489836561,True
5701,5701,2860,1,tfidf+bert+perp,3,1,0.9928432709217843,True
5702,5702,2861,0,tfidf+bert+perp,3,1,0.8184422250660716,False
5703,5703,2861,1,tfidf+bert+perp,3,1,0.9927538367970418,True
5704,5704,2862,0,tfidf+bert+perp,3,0,0.000157582062364464,True
5705,5705,2862,1,tfidf+bert+perp,3,1,0.9726125086916562,True
5706,5706,2863,0,tfidf+bert+perp,3,0,0.0020622250502049244,True
5707,5707,2863,1,tfidf+bert+perp,3,1,0.9904971795267291,True
5708,5708,2864,0,tfidf+bert+perp,3,0,0.0036280301613343157,True
5709,5709,2864,1,tfidf+bert+perp,3,1,0.9995488477208286,True
5710,5710,2865,0,tfidf+bert+perp,3,0,0.00023634423304103445,True
5711,5711,2865,1,tfidf+bert+perp,3,1,0.9998574416489339,True
5712,5712,2866,0,tfidf+bert+perp,3,0,0.0015859255887798432,True
5713,5713,2866,1,tfidf+bert+perp,3,1,0.9994885476065257,True
5714,5714,2867,0,tfidf+bert+perp,3,0,0.0005626628860254748,True
5715,5715,2867,1,tfidf+bert+perp,3,1,0.9997306900274905,True
5716,5716,2868,0,tfidf+bert+perp,3,0,0.0008757916096143332,True
5717,5717,2868,1,tfidf+bert+perp,3,1,0.7464863466243779,True
5718,5718,2869,0,tfidf+bert+perp,3,0,0.002354113830426852,True
5719,5719,2869,1,tfidf+bert+perp,3,1,0.9966117925674081,True
5720,5720,2870,0,tfidf+bert+perp,3,0,0.004859665736651864,True
5721,5721,2870,1,tfidf+bert+perp,3,1,0.9995086860043232,True
5722,5722,2871,0,tfidf+bert+perp,3,0,0.008065503869211461,True
5723,5723,2871,1,tfidf+bert+perp,3,1,0.9563817940932908,True
5724,5724,2872,0,tfidf+bert+perp,3,0,0.0026559737432415888,True
5725,5725,2872,1,tfidf+bert+perp,3,1,0.9981691025168025,True
5726,5726,2873,0,tfidf+bert+perp,3,0,0.00039751692412673406,True
5727,5727,2873,1,tfidf+bert+perp,3,1,0.9014409035394333,True
5728,5728,2874,0,tfidf+bert+perp,3,0,0.01387442464220958,True
5729,5729,2874,1,tfidf+bert+perp,3,1,0.9840911591725727,True
5730,5730,2875,0,tfidf+bert+perp,3,0,0.025579820365207173,True
5731,5731,2875,1,tfidf+bert+perp,3,1,0.9971414102477648,True
5732,5732,2876,0,tfidf+bert+perp,3,0,0.00040317799902531235,True
5733,5733,2876,1,tfidf+bert+perp,3,1,0.9998503584495607,True
5734,5734,2877,0,tfidf+bert+perp,3,1,0.7287708488188629,False
5735,5735,2877,1,tfidf+bert+perp,3,1,0.7972040332257081,True
5736,5736,2878,0,tfidf+bert+perp,3,0,0.0015365955700146542,True
5737,5737,2878,1,tfidf+bert+perp,3,1,0.9984939168796906,True
5738,5738,2879,0,tfidf+bert+perp,3,0,0.0008028281011667216,True
5739,5739,2879,1,tfidf+bert+perp,3,1,0.9810137922428629,True
5740,5740,2880,0,tfidf+bert+perp,3,0,0.24783949780295084,True
5741,5741,2880,1,tfidf+bert+perp,3,1,0.9947448144603529,True
5742,5742,2881,0,tfidf+bert+perp,3,0,0.07235418360602039,True
5743,5743,2881,1,tfidf+bert+perp,3,1,0.9951287413971268,True
5744,5744,2882,0,tfidf+bert+perp,3,0,0.0001375351560483071,True
5745,5745,2882,1,tfidf+bert+perp,3,1,0.9922716106054782,True
5746,5746,2883,0,tfidf+bert+perp,3,0,0.003962970860195183,True
5747,5747,2883,1,tfidf+bert+perp,3,1,0.9979087324054253,True
5748,5748,2884,0,tfidf+bert+perp,3,0,0.0026183546429397824,True
5749,5749,2884,1,tfidf+bert+perp,3,1,0.9996475630828855,True
5750,5750,2885,0,tfidf+bert+perp,3,0,0.00902541842636487,True
5751,5751,2885,1,tfidf+bert+perp,3,1,0.9984417539239361,True
5752,5752,2886,0,tfidf+bert+perp,3,0,0.0008716764346164435,True
5753,5753,2886,1,tfidf+bert+perp,3,1,0.9987766467919473,True
5754,5754,2887,0,tfidf+bert+perp,3,0,0.0018352814941595828,True
5755,5755,2887,1,tfidf+bert+perp,3,1,0.9993382836473198,True
5756,5756,2888,0,tfidf+bert+perp,3,0,0.007182307512673249,True
5757,5757,2888,1,tfidf+bert+perp,3,1,0.9990850387702106,True
5758,5758,2889,0,tfidf+bert+perp,3,0,0.04650782157762282,True
5759,5759,2889,1,tfidf+bert+perp,3,1,0.9990412377393256,True
5760,5760,2890,0,tfidf+bert+perp,3,0,0.0005685210979660456,True
5761,5761,2890,1,tfidf+bert+perp,3,1,0.9993703210647786,True
5762,5762,2891,0,tfidf+bert+perp,3,0,0.00880949526730941,True
5763,5763,2891,1,tfidf+bert+perp,3,1,0.9990825537689602,True
5764,5764,2892,0,tfidf+bert+perp,3,0,0.0005405048048542255,True
5765,5765,2892,1,tfidf+bert+perp,3,1,0.9989861463956581,True
5766,5766,2893,0,tfidf+bert+perp,3,0,0.002572361315366147,True
5767,5767,2893,1,tfidf+bert+perp,3,1,0.9910728779596544,True
5768,5768,2894,0,tfidf+bert+perp,3,0,0.05956702126633344,True
5769,5769,2894,1,tfidf+bert+perp,3,1,0.9178765381812304,True
5770,5770,2895,0,tfidf+bert+perp,3,0,0.003829326545809887,True
5771,5771,2895,1,tfidf+bert+perp,3,1,0.9993932637614927,True
5772,5772,2896,0,tfidf+bert+perp,3,0,0.020206750721295654,True
5773,5773,2896,1,tfidf+bert+perp,3,1,0.9630551487230217,True
5774,5774,2897,0,tfidf+bert+perp,3,0,0.013072127172572133,True
5775,5775,2897,1,tfidf+bert+perp,3,1,0.9969762539847293,True
5776,5776,2898,0,tfidf+bert+perp,3,0,0.01549333561151288,True
5777,5777,2898,1,tfidf+bert+perp,3,1,0.9995661441138936,True
5778,5778,2899,0,tfidf+bert+perp,3,0,0.0029319356817557674,True
5779,5779,2899,1,tfidf+bert+perp,3,1,0.9995243600589879,True
5780,5780,2900,0,tfidf+bert+perp,3,0,0.13478807108520593,True
5781,5781,2900,1,tfidf+bert+perp,3,1,0.968408969496041,True
5782,5782,2901,0,tfidf+bert+perp,3,0,0.003453014138325928,True
5783,5783,2901,1,tfidf+bert+perp,3,1,0.999100072867459,True
5784,5784,2902,0,tfidf+bert+perp,3,0,0.00015906473684982562,True
5785,5785,2902,1,tfidf+bert+perp,3,1,0.9934715536906841,True
5786,5786,2903,0,tfidf+bert+perp,3,0,0.0009965795552496289,True
5787,5787,2903,1,tfidf+bert+perp,3,1,0.9797945417411363,True
5788,5788,2904,0,tfidf+bert+perp,3,0,0.008122810611724955,True
5789,5789,2904,1,tfidf+bert+perp,3,1,0.9913695381415063,True
5790,5790,2905,0,tfidf+bert+perp,3,0,0.01194368431185565,True
5791,5791,2905,1,tfidf+bert+perp,3,1,0.9999355160936031,True
5792,5792,2906,0,tfidf+bert+perp,3,0,0.0021376460246183993,True
5793,5793,2906,1,tfidf+bert+perp,3,1,0.9993404728495247,True
5794,5794,2907,0,tfidf+bert+perp,3,0,0.006474250802163092,True
5795,5795,2907,1,tfidf+bert+perp,3,1,0.9914623650667348,True
5796,5796,2908,0,tfidf+bert+perp,3,0,0.00016116206205046103,True
5797,5797,2908,1,tfidf+bert+perp,3,1,0.9993037531866007,True
5798,5798,2909,0,tfidf+bert+perp,3,0,0.0010469479476420058,True
5799,5799,2909,1,tfidf+bert+perp,3,1,0.9986171771642282,True
5800,5800,2910,0,tfidf+bert+perp,3,0,0.0075532531071492446,True
5801,5801,2910,1,tfidf+bert+perp,3,1,0.999114198523068,True
5802,5802,2911,0,tfidf+bert+perp,3,0,7.447651792256223e-05,True
5803,5803,2911,1,tfidf+bert+perp,3,1,0.9996448969996378,True
5804,5804,2912,0,tfidf+bert+perp,3,0,0.002527794749294835,True
5805,5805,2912,1,tfidf+bert+perp,3,1,0.9998120740375033,True
5806,5806,2913,0,tfidf+bert+perp,3,0,0.00020527727626575137,True
5807,5807,2913,1,tfidf+bert+perp,3,1,0.9997059930199017,True
5808,5808,2914,0,tfidf+bert+perp,3,0,0.004280892015461139,True
5809,5809,2914,1,tfidf+bert+perp,3,1,0.9721243486350103,True
5810,5810,2915,0,tfidf+bert+perp,3,0,0.002316258302078611,True
5811,5811,2915,1,tfidf+bert+perp,3,1,0.9987311229321478,True
5812,5812,2916,0,tfidf+bert+perp,3,0,0.04251009650600466,True
5813,5813,2916,1,tfidf+bert+perp,3,1,0.9997857731770584,True
5814,5814,2917,0,tfidf+bert+perp,3,0,0.00011793039405840401,True
5815,5815,2917,1,tfidf+bert+perp,3,1,0.9999083998856899,True
5816,5816,2918,0,tfidf+bert+perp,3,0,0.00023442512245106347,True
5817,5817,2918,1,tfidf+bert+perp,3,1,0.984765219362535,True
5818,5818,2919,0,tfidf+bert+perp,3,0,0.0004270781721722828,True
5819,5819,2919,1,tfidf+bert+perp,3,1,0.992406990148025,True
5820,5820,2920,0,tfidf+bert+perp,3,0,0.0014252351977678244,True
5821,5821,2920,1,tfidf+bert+perp,3,1,0.9991021633255494,True
5822,5822,2921,0,tfidf+bert+perp,3,0,0.006226288694036221,True
5823,5823,2921,1,tfidf+bert+perp,3,1,0.9836865606453633,True
5824,5824,2922,0,tfidf+bert+perp,3,0,6.620436375053945e-05,True
5825,5825,2922,1,tfidf+bert+perp,3,1,0.992402804134385,True
5826,5826,2923,0,tfidf+bert+perp,3,0,0.0006659927460506171,True
5827,5827,2923,1,tfidf+bert+perp,3,1,0.9995390433873543,True
5828,5828,2924,0,tfidf+bert+perp,3,0,0.0009406029096266488,True
5829,5829,2924,1,tfidf+bert+perp,3,1,0.9994002378592114,True
5830,5830,2925,0,tfidf+bert+perp,3,0,0.003279249838895695,True
5831,5831,2925,1,tfidf+bert+perp,3,1,0.9794537355263828,True
5832,5832,2926,0,tfidf+bert+perp,3,0,0.0011664601086407303,True
5833,5833,2926,1,tfidf+bert+perp,3,1,0.9996260138326922,True
5834,5834,2927,0,tfidf+bert+perp,3,0,0.012344864801605272,True
5835,5835,2927,1,tfidf+bert+perp,3,1,0.9997344589462406,True
5836,5836,2928,0,tfidf+bert+perp,3,0,0.009233684224359912,True
5837,5837,2928,1,tfidf+bert+perp,3,1,0.9977644617839657,True
5838,5838,2929,0,tfidf+bert+perp,3,0,0.11774704104322688,True
5839,5839,2929,1,tfidf+bert+perp,3,1,0.9996987654298373,True
5840,5840,2930,0,tfidf+bert+perp,3,0,0.015311503192485185,True
5841,5841,2930,1,tfidf+bert+perp,3,1,0.9999093337134815,True
5842,5842,2931,0,tfidf+bert+perp,3,0,0.0401151446485279,True
5843,5843,2931,1,tfidf+bert+perp,3,1,0.9941096225513557,True
5844,5844,2932,0,tfidf+bert+perp,3,0,0.001431958960273027,True
5845,5845,2932,1,tfidf+bert+perp,3,1,0.9986890392742744,True
5846,5846,2933,0,tfidf+bert+perp,3,0,0.0004304840938171742,True
5847,5847,2933,1,tfidf+bert+perp,3,1,0.9988179045653384,True
5848,5848,2934,0,tfidf+bert+perp,3,0,0.00382208333058994,True
5849,5849,2934,1,tfidf+bert+perp,3,1,0.9986737183080774,True
5850,5850,2935,0,tfidf+bert+perp,3,0,0.09681599758565491,True
5851,5851,2935,1,tfidf+bert+perp,3,1,0.9977277549529643,True
5852,5852,2936,0,tfidf+bert+perp,3,0,0.00030567336433865404,True
5853,5853,2936,1,tfidf+bert+perp,3,1,0.9959163421617822,True
5854,5854,2937,0,tfidf+bert+perp,3,0,0.0001247126039243666,True
5855,5855,2937,1,tfidf+bert+perp,3,1,0.9899167239211173,True
5856,5856,2938,0,tfidf+bert+perp,3,0,0.04710024313139852,True
5857,5857,2938,1,tfidf+bert+perp,3,1,0.9992774674993443,True
5858,5858,2939,0,tfidf+bert+perp,3,0,0.008564685334426779,True
5859,5859,2939,1,tfidf+bert+perp,3,1,0.9992594211849634,True
5860,5860,2940,0,tfidf+bert+perp,3,0,0.004092788815677379,True
5861,5861,2940,1,tfidf+bert+perp,3,1,0.9763968124121891,True
5862,5862,2941,0,tfidf+bert+perp,3,0,0.00047308154266829336,True
5863,5863,2941,1,tfidf+bert+perp,3,1,0.9933030830848676,True
5864,5864,2942,0,tfidf+bert+perp,3,0,0.02506491570929328,True
5865,5865,2942,1,tfidf+bert+perp,3,1,0.9993288212927144,True
5866,5866,2943,0,tfidf+bert+perp,3,0,0.00681907936258585,True
5867,5867,2943,1,tfidf+bert+perp,3,1,0.9996548367001494,True
5868,5868,2944,0,tfidf+bert+perp,3,0,0.01855872591489439,True
5869,5869,2944,1,tfidf+bert+perp,3,1,0.7976229109116127,True
5870,5870,2945,0,tfidf+bert+perp,3,1,0.6219663628415528,False
5871,5871,2945,1,tfidf+bert+perp,3,1,0.9998702587968776,True
5872,5872,2946,0,tfidf+bert+perp,3,0,0.002820192388712568,True
5873,5873,2946,1,tfidf+bert+perp,3,1,0.9998690537756062,True
5874,5874,2947,0,tfidf+bert+perp,3,0,0.00026218698722039086,True
5875,5875,2947,1,tfidf+bert+perp,3,1,0.997279355842503,True
5876,5876,2948,0,tfidf+bert+perp,3,0,0.001059882007231383,True
5877,5877,2948,1,tfidf+bert+perp,3,1,0.9933897815019797,True
5878,5878,2949,0,tfidf+bert+perp,3,0,0.00030146236989882675,True
5879,5879,2949,1,tfidf+bert+perp,3,1,0.9757471546892543,True
5880,5880,2950,0,tfidf+bert+perp,3,0,0.06983117554619371,True
5881,5881,2950,1,tfidf+bert+perp,3,1,0.999550503347472,True
5882,5882,2951,0,tfidf+bert+perp,3,0,0.00011801869133717827,True
5883,5883,2951,1,tfidf+bert+perp,3,1,0.9874669804526288,True
5884,5884,2952,0,tfidf+bert+perp,3,0,0.0002563701000640603,True
5885,5885,2952,1,tfidf+bert+perp,3,1,0.9972130927829974,True
5886,5886,2953,0,tfidf+bert+perp,3,0,0.004216816780374853,True
5887,5887,2953,1,tfidf+bert+perp,3,1,0.9998323509642403,True
5888,5888,2954,0,tfidf+bert+perp,3,0,0.008533995089269511,True
5889,5889,2954,1,tfidf+bert+perp,3,1,0.9996573004975503,True
5890,5890,2955,0,tfidf+bert+perp,3,0,0.020341729105965215,True
5891,5891,2955,1,tfidf+bert+perp,3,1,0.9995525765036019,True
5892,5892,2956,0,tfidf+bert+perp,3,0,0.00020062393630487161,True
5893,5893,2956,1,tfidf+bert+perp,3,1,0.9968350512857842,True
5894,5894,2957,0,tfidf+bert+perp,3,0,0.23915192643995212,True
5895,5895,2957,1,tfidf+bert+perp,3,1,0.9982563195218876,True
5896,5896,2958,0,tfidf+bert+perp,3,0,0.0008317616987223778,True
5897,5897,2958,1,tfidf+bert+perp,3,1,0.9994162034475054,True
5898,5898,2959,0,tfidf+bert+perp,3,0,0.001057363467010056,True
5899,5899,2959,1,tfidf+bert+perp,3,1,0.9879832182626249,True
5900,5900,2960,0,tfidf+bert+perp,3,0,7.955138395324104e-05,True
5901,5901,2960,1,tfidf+bert+perp,3,1,0.9979122338088775,True
5902,5902,2961,0,tfidf+bert+perp,3,0,0.005036725242766336,True
5903,5903,2961,1,tfidf+bert+perp,3,1,0.9919884873838817,True
5904,5904,2962,0,tfidf+bert+perp,3,0,0.07698930050177903,True
5905,5905,2962,1,tfidf+bert+perp,3,1,0.9459879945623723,True
5906,5906,2963,0,tfidf+bert+perp,3,0,0.0012425246656673325,True
5907,5907,2963,1,tfidf+bert+perp,3,1,0.9990781407560485,True
5908,5908,2964,0,tfidf+bert+perp,3,0,0.00041183046628260624,True
5909,5909,2964,1,tfidf+bert+perp,3,1,0.9793835510013026,True
5910,5910,2965,0,tfidf+bert+perp,3,0,0.0022224646705311835,True
5911,5911,2965,1,tfidf+bert+perp,3,1,0.9963391726699443,True
5912,5912,2966,0,tfidf+bert+perp,3,0,0.0013595606370335844,True
5913,5913,2966,1,tfidf+bert+perp,3,1,0.9950983577976682,True
5914,5914,2967,0,tfidf+bert+perp,3,0,0.0004715334240270822,True
5915,5915,2967,1,tfidf+bert+perp,3,1,0.9886017692399762,True
5916,5916,2968,0,tfidf+bert+perp,3,0,0.0019098071607290073,True
5917,5917,2968,1,tfidf+bert+perp,3,1,0.9952428255587216,True
5918,5918,2969,0,tfidf+bert+perp,3,0,0.029602068210082905,True
5919,5919,2969,1,tfidf+bert+perp,3,1,0.9902774495507054,True
5920,5920,2970,0,tfidf+bert+perp,3,0,0.00021323476763874627,True
5921,5921,2970,1,tfidf+bert+perp,3,1,0.9997815290270794,True
5922,5922,2971,0,tfidf+bert+perp,3,0,0.002612018780311366,True
5923,5923,2971,1,tfidf+bert+perp,3,1,0.9989783960081242,True
5924,5924,2972,0,tfidf+bert+perp,3,0,0.009317638557988447,True
5925,5925,2972,1,tfidf+bert+perp,3,1,0.998349365522555,True
5926,5926,2973,1,tfidf+bert+perp,3,1,0.9983253541492016,True
5927,5927,2974,0,tfidf+bert+perp,3,0,0.0007492482588388682,True
5928,5928,2974,1,tfidf+bert+perp,3,0,0.0458073129106769,False
5929,5929,2975,0,tfidf+bert+perp,3,0,0.0017005211777375421,True
5930,5930,2975,1,tfidf+bert+perp,3,1,0.9995922174980054,True
5931,5931,2976,0,tfidf+bert+perp,3,0,0.0004445295089488539,True
5932,5932,2976,1,tfidf+bert+perp,3,1,0.9917559578408326,True
5933,5933,2977,0,tfidf+bert+perp,3,0,0.005208733881940469,True
5934,5934,2977,1,tfidf+bert+perp,3,1,0.9881054975055679,True
5935,5935,2978,0,tfidf+bert+perp,3,0,0.0008690088882562901,True
5936,5936,2978,1,tfidf+bert+perp,3,1,0.9987650897274454,True
5937,5937,2979,0,tfidf+bert+perp,3,0,0.0004247618915821933,True
5938,5938,2979,1,tfidf+bert+perp,3,1,0.9997409265445988,True
5939,5939,2980,0,tfidf+bert+perp,3,0,0.0053277496823634805,True
5940,5940,2980,1,tfidf+bert+perp,3,1,0.9988832566685387,True
5941,5941,2981,0,tfidf+bert+perp,3,0,0.00022787631069870752,True
5942,5942,2981,1,tfidf+bert+perp,3,1,0.9977477072637223,True
5943,5943,2982,0,tfidf+bert+perp,3,0,0.01112196815100313,True
5944,5944,2982,1,tfidf+bert+perp,3,1,0.9884125898895894,True
5945,5945,2983,0,tfidf+bert+perp,3,0,0.0055907978977186475,True
5946,5946,2983,1,tfidf+bert+perp,3,1,0.9822187553113445,True
5947,5947,2984,0,tfidf+bert+perp,3,0,0.00018053849364027584,True
5948,5948,2984,1,tfidf+bert+perp,3,1,0.9981342851524129,True
5949,5949,2985,0,tfidf+bert+perp,3,0,0.0004238697936832463,True
5950,5950,2985,1,tfidf+bert+perp,3,1,0.9978812172561534,True
5951,5951,2986,0,tfidf+bert+perp,3,0,0.0004597034599746981,True
5952,5952,2986,1,tfidf+bert+perp,3,1,0.9993149264748157,True
5953,5953,2987,0,tfidf+bert+perp,3,0,0.004047189264345775,True
5954,5954,2987,1,tfidf+bert+perp,3,1,0.9878367757664428,True
5955,5955,2988,0,tfidf+bert+perp,3,0,0.06625237261331504,True
5956,5956,2988,1,tfidf+bert+perp,3,1,0.9992762465132327,True
5957,5957,2989,0,tfidf+bert+perp,3,0,0.009458349956842855,True
5958,5958,2989,1,tfidf+bert+perp,3,1,0.9996027355747577,True
5959,5959,2990,0,tfidf+bert+perp,3,0,0.00024306850684508525,True
5960,5960,2990,1,tfidf+bert+perp,3,1,0.9896504467533057,True
5961,5961,2991,0,tfidf+bert+perp,3,0,0.07052698281948297,True
5962,5962,2991,1,tfidf+bert+perp,3,1,0.9997447322754648,True
5963,5963,2992,0,tfidf+bert+perp,3,0,0.009839535208333255,True
5964,5964,2992,1,tfidf+bert+perp,3,1,0.9998734439109996,True
5965,5965,2993,0,tfidf+bert+perp,3,0,8.540403394986619e-05,True
5966,5966,2993,1,tfidf+bert+perp,3,1,0.9984916944938549,True
5967,5967,2994,0,tfidf+bert+perp,3,0,0.0008489345813433386,True
5968,5968,2994,1,tfidf+bert+perp,3,1,0.9997813247019204,True
5969,5969,2995,0,tfidf+bert+perp,3,0,0.0008324721746096725,True
5970,5970,2995,1,tfidf+bert+perp,3,1,0.9994645644898896,True
5971,5971,2996,0,tfidf+bert+perp,3,0,0.19854744735753535,True
5972,5972,2996,1,tfidf+bert+perp,3,1,0.9987143343478363,True
5973,5973,2997,0,tfidf+bert+perp,3,0,0.0006572837733657173,True
5974,5974,2997,1,tfidf+bert+perp,3,1,0.9994046041043457,True
5975,5975,2998,0,tfidf+bert+perp,3,0,0.0007768402042778401,True
5976,5976,2998,1,tfidf+bert+perp,3,1,0.93917415398354,True
5977,5977,2999,0,tfidf+bert+perp,3,0,0.04757131986067127,True
5978,5978,2999,1,tfidf+bert+perp,3,1,0.9926475894754229,True
